hub_a,hub_b,kind,similarity,slug_a,slug_b,title,title_a,title_b
comparisons.csv,mistakes.csv,exact,1.000,ippan-shuzen-kaikei,kaikei-kongou,一般会計と修繕積立金会計,,
comparisons.csv,comparisons.csv,exact,1.000,tokubetsu-futsu-soukai,futsu-tokubetsu-s34,普通決議と特別決議,,
comparisons.csv,comparisons.csv,exact,1.000,kubun-shoyu-senyu-s32,senyu-kyoyo-s34,専有部分と共用部分,,
comparisons.csv,mistakes.csv,exact,1.000,kubun-shoyu-senyu-s32,senyu-kyoyou-kongou,専有部分と共用部分,,
comparisons.csv,comparisons.csv,exact,1.000,tatekae-ketsugi-s32,tatekae-ketsugi-s33,建替え決議と特別決議,,
comparisons.csv,mistakes.csv,exact,1.000,senyu-kyoyo-s34,senyu-kyoyou-kongou,専有部分と共用部分,,
comparisons.csv,comparisons.csv,exact,1.000,kumiai-unyou-cmp-s35,kumiai-unyou-cmp-s36,管理組合運営：管理組合と管理者の比較,,
comparisons.csv,comparisons.csv,exact,1.000,kumiai-unyou-cmp-s35,kumiai-unyou-cmp-s37,管理組合運営：管理組合と管理者の比較,,
comparisons.csv,comparisons.csv,exact,1.000,kumiai-unyou-cmp-s35,kumiai-unyou-cmp-s38,管理組合運営：管理組合と管理者の比較,,
comparisons.csv,comparisons.csv,exact,1.000,kumiai-unyou-cmp-s35,kumiai-unyou-cmp-s39,管理組合運営：管理組合と管理者の比較,,
comparisons.csv,comparisons.csv,exact,1.000,shuzen-tumitate-cmp-s35,shuzen-tumitate-cmp-s36,修繕積立：修繕積立金と長期修繕計画の比較,,
comparisons.csv,comparisons.csv,exact,1.000,shuzen-tumitate-cmp-s35,shuzen-tumitate-cmp-s37,修繕積立：修繕積立金と長期修繕計画の比較,,
comparisons.csv,comparisons.csv,exact,1.000,shuzen-tumitate-cmp-s35,shuzen-tumitate-cmp-s38,修繕積立：修繕積立金と長期修繕計画の比較,,
comparisons.csv,comparisons.csv,exact,1.000,shuzen-tumitate-cmp-s35,shuzen-tumitate-cmp-s39,修繕積立：修繕積立金と長期修繕計画の比較,,
comparisons.csv,comparisons.csv,exact,1.000,sokai-unyou-cmp-s35,sokai-unyou-cmp-s36,総会運営：総会と理事会の比較,,
comparisons.csv,comparisons.csv,exact,1.000,sokai-unyou-cmp-s35,sokai-unyou-cmp-s37,総会運営：総会と理事会の比較,,
comparisons.csv,comparisons.csv,exact,1.000,sokai-unyou-cmp-s35,sokai-unyou-cmp-s38,総会運営：総会と理事会の比較,,
comparisons.csv,comparisons.csv,exact,1.000,sokai-unyou-cmp-s35,sokai-unyou-cmp-s39,総会運営：総会と理事会の比較,,
comparisons.csv,comparisons.csv,exact,1.000,kanri-itaku-cmp-s35,kanri-itaku-cmp-s36,管理委託：マンション標準管理委託契約書と管理組合の比較,,
comparisons.csv,comparisons.csv,exact,1.000,kanri-itaku-cmp-s35,kanri-itaku-cmp-s37,管理委託：マンション標準管理委託契約書と管理組合の比較,,
comparisons.csv,comparisons.csv,exact,1.000,kanri-itaku-cmp-s35,kanri-itaku-cmp-s38,管理委託：マンション標準管理委託契約書と管理組合の比較,,
comparisons.csv,comparisons.csv,exact,1.000,kanri-itaku-cmp-s35,kanri-itaku-cmp-s39,管理委託：マンション標準管理委託契約書と管理組合の比較,,
comparisons.csv,comparisons.csv,exact,1.000,tekiseika-hou-cmp-s35,tekiseika-hou-cmp-s36,適正化法：管理業務主任者と管理業務主任者の届出の比較,,
comparisons.csv,comparisons.csv,exact,1.000,tekiseika-hou-cmp-s35,tekiseika-hou-cmp-s37,適正化法：管理業務主任者と管理業務主任者の届出の比較,,
comparisons.csv,comparisons.csv,exact,1.000,tekiseika-hou-cmp-s35,tekiseika-hou-cmp-s38,適正化法：管理業務主任者と管理業務主任者の届出の比較,,
comparisons.csv,comparisons.csv,exact,1.000,tekiseika-hou-cmp-s35,tekiseika-hou-cmp-s39,適正化法：管理業務主任者と管理業務主任者の届出の比較,,
comparisons.csv,comparisons.csv,exact,1.000,kubun-shoyu-cmp-s35,kubun-shoyu-cmp-s36,区分所有：区分所有者と専有部分の比較,,
comparisons.csv,comparisons.csv,exact,1.000,kubun-shoyu-cmp-s35,kubun-shoyu-cmp-s37,区分所有：区分所有者と専有部分の比較,,
comparisons.csv,comparisons.csv,exact,1.000,kubun-shoyu-cmp-s35,kubun-shoyu-cmp-s38,区分所有：区分所有者と専有部分の比較,,
comparisons.csv,comparisons.csv,exact,1.000,kubun-shoyu-cmp-s35,kubun-shoyu-cmp-s39,区分所有：区分所有者と専有部分の比較,,
comparisons.csv,comparisons.csv,exact,1.000,kanrinin-cmp-s35,kanrinin-cmp-s36,管理員：管理員と管理員の配置の比較,,
comparisons.csv,comparisons.csv,exact,1.000,kanrinin-cmp-s35,kanrinin-cmp-s37,管理員：管理員と管理員の配置の比較,,
comparisons.csv,comparisons.csv,exact,1.000,kanrinin-cmp-s35,kanrinin-cmp-s38,管理員：管理員と管理員の配置の比較,,
comparisons.csv,comparisons.csv,exact,1.000,kanrinin-cmp-s35,kanrinin-cmp-s39,管理員：管理員と管理員の配置の比較,,
comparisons.csv,comparisons.csv,similar,0.944,kanrinin-cmp-s35,kanrinin-kyouiku-cmp-s40,,管理員：管理員と管理員の配置の比較,管理員教育：管理員と管理員の配置の比較
comparisons.csv,comparisons.csv,similar,0.944,kanrinin-cmp-s35,kanrinin-kyouiku-cmp-s41,,管理員：管理員と管理員の配置の比較,管理員教育：管理員と管理員の配置の比較
comparisons.csv,comparisons.csv,similar,0.944,kanrinin-cmp-s35,kanrinin-kyouiku-cmp-s42,,管理員：管理員と管理員の配置の比較,管理員教育：管理員と管理員の配置の比較
comparisons.csv,comparisons.csv,similar,0.944,kanrinin-cmp-s35,kanrinin-kyouiku-cmp-s43,,管理員：管理員と管理員の配置の比較,管理員教育：管理員と管理員の配置の比較
comparisons.csv,comparisons.csv,similar,0.944,kanrinin-cmp-s35,kanrinin-kyouiku-cmp-s44,,管理員：管理員と管理員の配置の比較,管理員教育：管理員と管理員の配置の比較
comparisons.csv,comparisons.csv,exact,1.000,kaikei-kansa-cmp-s35,kaikei-kansa-cmp-s36,会計監査：監査と監査報告の比較,,
comparisons.csv,comparisons.csv,exact,1.000,kaikei-kansa-cmp-s35,kaikei-kansa-cmp-s37,会計監査：監査と監査報告の比較,,
comparisons.csv,comparisons.csv,exact,1.000,kaikei-kansa-cmp-s35,kaikei-kansa-cmp-s38,会計監査：監査と監査報告の比較,,
comparisons.csv,comparisons.csv,exact,1.000,kaikei-kansa-cmp-s35,kaikei-kansa-cmp-s39,会計監査：監査と監査報告の比較,,
comparisons.csv,comparisons.csv,exact,1.000,tatekae-cmp-s35,tatekae-cmp-s36,建替え：建替えと建替え決議の比較,,
comparisons.csv,comparisons.csv,exact,1.000,tatekae-cmp-s35,tatekae-cmp-s37,建替え：建替えと建替え決議の比較,,
comparisons.csv,comparisons.csv,exact,1.000,tatekae-cmp-s35,tatekae-cmp-s38,建替え：建替えと建替え決議の比較,,
comparisons.csv,comparisons.csv,exact,1.000,tatekae-cmp-s35,tatekae-cmp-s39,建替え：建替えと建替え決議の比較,,
comparisons.csv,comparisons.csv,exact,1.000,kangyou-shiken-cmp-s35,kangyou-shiken-cmp-s36,管業試験：管理業務主任者試験と管理業務主任者の比較,,
comparisons.csv,comparisons.csv,exact,1.000,kangyou-shiken-cmp-s35,kangyou-shiken-cmp-s37,管業試験：管理業務主任者試験と管理業務主任者の比較,,
comparisons.csv,comparisons.csv,exact,1.000,kangyou-shiken-cmp-s35,kangyou-shiken-cmp-s38,管業試験：管理業務主任者試験と管理業務主任者の比較,,
comparisons.csv,comparisons.csv,exact,1.000,kangyou-shiken-cmp-s35,kangyou-shiken-cmp-s39,管業試験：管理業務主任者試験と管理業務主任者の比較,,
comparisons.csv,comparisons.csv,similar,0.920,kangyou-shiken-cmp-s35,kangyou-chokuzen-cmp-s40,,管業試験：管理業務主任者試験と管理業務主任者の比較,管業直前：管理業務主任者試験と管理業務主任者の比較
comparisons.csv,comparisons.csv,similar,0.920,kangyou-shiken-cmp-s35,kangyou-chokuzen-cmp-s41,,管業試験：管理業務主任者試験と管理業務主任者の比較,管業直前：管理業務主任者試験と管理業務主任者の比較
comparisons.csv,comparisons.csv,similar,0.920,kangyou-shiken-cmp-s35,kangyou-chokuzen-cmp-s42,,管業試験：管理業務主任者試験と管理業務主任者の比較,管業直前：管理業務主任者試験と管理業務主任者の比較
comparisons.csv,comparisons.csv,similar,0.920,kangyou-shiken-cmp-s35,kangyou-chokuzen-cmp-s43,,管業試験：管理業務主任者試験と管理業務主任者の比較,管業直前：管理業務主任者試験と管理業務主任者の比較
comparisons.csv,comparisons.csv,similar,0.920,kangyou-shiken-cmp-s35,kangyou-chokuzen-cmp-s44,,管業試験：管理業務主任者試験と管理業務主任者の比較,管業直前：管理業務主任者試験と管理業務主任者の比較
comparisons.csv,comparisons.csv,exact,1.000,kumiai-unyou-cmp-s36,kumiai-unyou-cmp-s37,管理組合運営：管理組合と管理者の比較,,
comparisons.csv,comparisons.csv,exact,1.000,kumiai-unyou-cmp-s36,kumiai-unyou-cmp-s38,管理組合運営：管理組合と管理者の比較,,
comparisons.csv,comparisons.csv,exact,1.000,kumiai-unyou-cmp-s36,kumiai-unyou-cmp-s39,管理組合運営：管理組合と管理者の比較,,
comparisons.csv,comparisons.csv,exact,1.000,shuzen-tumitate-cmp-s36,shuzen-tumitate-cmp-s37,修繕積立：修繕積立金と長期修繕計画の比較,,
comparisons.csv,comparisons.csv,exact,1.000,shuzen-tumitate-cmp-s36,shuzen-tumitate-cmp-s38,修繕積立：修繕積立金と長期修繕計画の比較,,
comparisons.csv,comparisons.csv,exact,1.000,shuzen-tumitate-cmp-s36,shuzen-tumitate-cmp-s39,修繕積立：修繕積立金と長期修繕計画の比較,,
comparisons.csv,comparisons.csv,exact,1.000,sokai-unyou-cmp-s36,sokai-unyou-cmp-s37,総会運営：総会と理事会の比較,,
comparisons.csv,comparisons.csv,exact,1.000,sokai-unyou-cmp-s36,sokai-unyou-cmp-s38,総会運営：総会と理事会の比較,,
comparisons.csv,comparisons.csv,exact,1.000,sokai-unyou-cmp-s36,sokai-unyou-cmp-s39,総会運営：総会と理事会の比較,,
comparisons.csv,comparisons.csv,exact,1.000,kanri-itaku-cmp-s36,kanri-itaku-cmp-s37,管理委託：マンション標準管理委託契約書と管理組合の比較,,
comparisons.csv,comparisons.csv,exact,1.000,kanri-itaku-cmp-s36,kanri-itaku-cmp-s38,管理委託：マンション標準管理委託契約書と管理組合の比較,,
comparisons.csv,comparisons.csv,exact,1.000,kanri-itaku-cmp-s36,kanri-itaku-cmp-s39,管理委託：マンション標準管理委託契約書と管理組合の比較,,
comparisons.csv,comparisons.csv,exact,1.000,tekiseika-hou-cmp-s36,tekiseika-hou-cmp-s37,適正化法：管理業務主任者と管理業務主任者の届出の比較,,
comparisons.csv,comparisons.csv,exact,1.000,tekiseika-hou-cmp-s36,tekiseika-hou-cmp-s38,適正化法：管理業務主任者と管理業務主任者の届出の比較,,
comparisons.csv,comparisons.csv,exact,1.000,tekiseika-hou-cmp-s36,tekiseika-hou-cmp-s39,適正化法：管理業務主任者と管理業務主任者の届出の比較,,
comparisons.csv,comparisons.csv,exact,1.000,kubun-shoyu-cmp-s36,kubun-shoyu-cmp-s37,区分所有：区分所有者と専有部分の比較,,
comparisons.csv,comparisons.csv,exact,1.000,kubun-shoyu-cmp-s36,kubun-shoyu-cmp-s38,区分所有：区分所有者と専有部分の比較,,
comparisons.csv,comparisons.csv,exact,1.000,kubun-shoyu-cmp-s36,kubun-shoyu-cmp-s39,区分所有：区分所有者と専有部分の比較,,
comparisons.csv,comparisons.csv,exact,1.000,kanrinin-cmp-s36,kanrinin-cmp-s37,管理員：管理員と管理員の配置の比較,,
comparisons.csv,comparisons.csv,exact,1.000,kanrinin-cmp-s36,kanrinin-cmp-s38,管理員：管理員と管理員の配置の比較,,
comparisons.csv,comparisons.csv,exact,1.000,kanrinin-cmp-s36,kanrinin-cmp-s39,管理員：管理員と管理員の配置の比較,,
comparisons.csv,comparisons.csv,similar,0.944,kanrinin-cmp-s36,kanrinin-kyouiku-cmp-s40,,管理員：管理員と管理員の配置の比較,管理員教育：管理員と管理員の配置の比較
comparisons.csv,comparisons.csv,similar,0.944,kanrinin-cmp-s36,kanrinin-kyouiku-cmp-s41,,管理員：管理員と管理員の配置の比較,管理員教育：管理員と管理員の配置の比較
comparisons.csv,comparisons.csv,similar,0.944,kanrinin-cmp-s36,kanrinin-kyouiku-cmp-s42,,管理員：管理員と管理員の配置の比較,管理員教育：管理員と管理員の配置の比較
comparisons.csv,comparisons.csv,similar,0.944,kanrinin-cmp-s36,kanrinin-kyouiku-cmp-s43,,管理員：管理員と管理員の配置の比較,管理員教育：管理員と管理員の配置の比較
comparisons.csv,comparisons.csv,similar,0.944,kanrinin-cmp-s36,kanrinin-kyouiku-cmp-s44,,管理員：管理員と管理員の配置の比較,管理員教育：管理員と管理員の配置の比較
comparisons.csv,comparisons.csv,exact,1.000,kaikei-kansa-cmp-s36,kaikei-kansa-cmp-s37,会計監査：監査と監査報告の比較,,
comparisons.csv,comparisons.csv,exact,1.000,kaikei-kansa-cmp-s36,kaikei-kansa-cmp-s38,会計監査：監査と監査報告の比較,,
comparisons.csv,comparisons.csv,exact,1.000,kaikei-kansa-cmp-s36,kaikei-kansa-cmp-s39,会計監査：監査と監査報告の比較,,
comparisons.csv,comparisons.csv,exact,1.000,tatekae-cmp-s36,tatekae-cmp-s37,建替え：建替えと建替え決議の比較,,
comparisons.csv,comparisons.csv,exact,1.000,tatekae-cmp-s36,tatekae-cmp-s38,建替え：建替えと建替え決議の比較,,
comparisons.csv,comparisons.csv,exact,1.000,tatekae-cmp-s36,tatekae-cmp-s39,建替え：建替えと建替え決議の比較,,
comparisons.csv,comparisons.csv,exact,1.000,kangyou-shiken-cmp-s36,kangyou-shiken-cmp-s37,管業試験：管理業務主任者試験と管理業務主任者の比較,,
comparisons.csv,comparisons.csv,exact,1.000,kangyou-shiken-cmp-s36,kangyou-shiken-cmp-s38,管業試験：管理業務主任者試験と管理業務主任者の比較,,
comparisons.csv,comparisons.csv,exact,1.000,kangyou-shiken-cmp-s36,kangyou-shiken-cmp-s39,管業試験：管理業務主任者試験と管理業務主任者の比較,,
comparisons.csv,comparisons.csv,similar,0.920,kangyou-shiken-cmp-s36,kangyou-chokuzen-cmp-s40,,管業試験：管理業務主任者試験と管理業務主任者の比較,管業直前：管理業務主任者試験と管理業務主任者の比較
comparisons.csv,comparisons.csv,similar,0.920,kangyou-shiken-cmp-s36,kangyou-chokuzen-cmp-s41,,管業試験：管理業務主任者試験と管理業務主任者の比較,管業直前：管理業務主任者試験と管理業務主任者の比較
comparisons.csv,comparisons.csv,similar,0.920,kangyou-shiken-cmp-s36,kangyou-chokuzen-cmp-s42,,管業試験：管理業務主任者試験と管理業務主任者の比較,管業直前：管理業務主任者試験と管理業務主任者の比較
comparisons.csv,comparisons.csv,similar,0.920,kangyou-shiken-cmp-s36,kangyou-chokuzen-cmp-s43,,管業試験：管理業務主任者試験と管理業務主任者の比較,管業直前：管理業務主任者試験と管理業務主任者の比較
comparisons.csv,comparisons.csv,similar,0.920,kangyou-shiken-cmp-s36,kangyou-chokuzen-cmp-s44,,管業試験：管理業務主任者試験と管理業務主任者の比較,管業直前：管理業務主任者試験と管理業務主任者の比較
comparisons.csv,comparisons.csv,exact,1.000,kumiai-unyou-cmp-s37,kumiai-unyou-cmp-s38,管理組合運営：管理組合と管理者の比較,,
comparisons.csv,comparisons.csv,exact,1.000,kumiai-unyou-cmp-s37,kumiai-unyou-cmp-s39,管理組合運営：管理組合と管理者の比較,,
comparisons.csv,comparisons.csv,exact,1.000,shuzen-tumitate-cmp-s37,shuzen-tumitate-cmp-s38,修繕積立：修繕積立金と長期修繕計画の比較,,
comparisons.csv,comparisons.csv,exact,1.000,shuzen-tumitate-cmp-s37,shuzen-tumitate-cmp-s39,修繕積立：修繕積立金と長期修繕計画の比較,,
comparisons.csv,comparisons.csv,exact,1.000,sokai-unyou-cmp-s37,sokai-unyou-cmp-s38,総会運営：総会と理事会の比較,,
comparisons.csv,comparisons.csv,exact,1.000,sokai-unyou-cmp-s37,sokai-unyou-cmp-s39,総会運営：総会と理事会の比較,,
comparisons.csv,comparisons.csv,exact,1.000,kanri-itaku-cmp-s37,kanri-itaku-cmp-s38,管理委託：マンション標準管理委託契約書と管理組合の比較,,
comparisons.csv,comparisons.csv,exact,1.000,kanri-itaku-cmp-s37,kanri-itaku-cmp-s39,管理委託：マンション標準管理委託契約書と管理組合の比較,,
comparisons.csv,comparisons.csv,exact,1.000,tekiseika-hou-cmp-s37,tekiseika-hou-cmp-s38,適正化法：管理業務主任者と管理業務主任者の届出の比較,,
comparisons.csv,comparisons.csv,exact,1.000,tekiseika-hou-cmp-s37,tekiseika-hou-cmp-s39,適正化法：管理業務主任者と管理業務主任者の届出の比較,,
comparisons.csv,comparisons.csv,exact,1.000,kubun-shoyu-cmp-s37,kubun-shoyu-cmp-s38,区分所有：区分所有者と専有部分の比較,,
comparisons.csv,comparisons.csv,exact,1.000,kubun-shoyu-cmp-s37,kubun-shoyu-cmp-s39,区分所有：区分所有者と専有部分の比較,,
comparisons.csv,comparisons.csv,exact,1.000,kanrinin-cmp-s37,kanrinin-cmp-s38,管理員：管理員と管理員の配置の比較,,
comparisons.csv,comparisons.csv,exact,1.000,kanrinin-cmp-s37,kanrinin-cmp-s39,管理員：管理員と管理員の配置の比較,,
comparisons.csv,comparisons.csv,similar,0.944,kanrinin-cmp-s37,kanrinin-kyouiku-cmp-s40,,管理員：管理員と管理員の配置の比較,管理員教育：管理員と管理員の配置の比較
comparisons.csv,comparisons.csv,similar,0.944,kanrinin-cmp-s37,kanrinin-kyouiku-cmp-s41,,管理員：管理員と管理員の配置の比較,管理員教育：管理員と管理員の配置の比較
comparisons.csv,comparisons.csv,similar,0.944,kanrinin-cmp-s37,kanrinin-kyouiku-cmp-s42,,管理員：管理員と管理員の配置の比較,管理員教育：管理員と管理員の配置の比較
comparisons.csv,comparisons.csv,similar,0.944,kanrinin-cmp-s37,kanrinin-kyouiku-cmp-s43,,管理員：管理員と管理員の配置の比較,管理員教育：管理員と管理員の配置の比較
comparisons.csv,comparisons.csv,similar,0.944,kanrinin-cmp-s37,kanrinin-kyouiku-cmp-s44,,管理員：管理員と管理員の配置の比較,管理員教育：管理員と管理員の配置の比較
comparisons.csv,comparisons.csv,exact,1.000,kaikei-kansa-cmp-s37,kaikei-kansa-cmp-s38,会計監査：監査と監査報告の比較,,
comparisons.csv,comparisons.csv,exact,1.000,kaikei-kansa-cmp-s37,kaikei-kansa-cmp-s39,会計監査：監査と監査報告の比較,,
comparisons.csv,comparisons.csv,exact,1.000,tatekae-cmp-s37,tatekae-cmp-s38,建替え：建替えと建替え決議の比較,,
comparisons.csv,comparisons.csv,exact,1.000,tatekae-cmp-s37,tatekae-cmp-s39,建替え：建替えと建替え決議の比較,,
comparisons.csv,comparisons.csv,exact,1.000,kangyou-shiken-cmp-s37,kangyou-shiken-cmp-s38,管業試験：管理業務主任者試験と管理業務主任者の比較,,
comparisons.csv,comparisons.csv,exact,1.000,kangyou-shiken-cmp-s37,kangyou-shiken-cmp-s39,管業試験：管理業務主任者試験と管理業務主任者の比較,,
comparisons.csv,comparisons.csv,similar,0.920,kangyou-shiken-cmp-s37,kangyou-chokuzen-cmp-s40,,管業試験：管理業務主任者試験と管理業務主任者の比較,管業直前：管理業務主任者試験と管理業務主任者の比較
comparisons.csv,comparisons.csv,similar,0.920,kangyou-shiken-cmp-s37,kangyou-chokuzen-cmp-s41,,管業試験：管理業務主任者試験と管理業務主任者の比較,管業直前：管理業務主任者試験と管理業務主任者の比較
comparisons.csv,comparisons.csv,similar,0.920,kangyou-shiken-cmp-s37,kangyou-chokuzen-cmp-s42,,管業試験：管理業務主任者試験と管理業務主任者の比較,管業直前：管理業務主任者試験と管理業務主任者の比較
comparisons.csv,comparisons.csv,similar,0.920,kangyou-shiken-cmp-s37,kangyou-chokuzen-cmp-s43,,管業試験：管理業務主任者試験と管理業務主任者の比較,管業直前：管理業務主任者試験と管理業務主任者の比較
comparisons.csv,comparisons.csv,similar,0.920,kangyou-shiken-cmp-s37,kangyou-chokuzen-cmp-s44,,管業試験：管理業務主任者試験と管理業務主任者の比較,管業直前：管理業務主任者試験と管理業務主任者の比較
comparisons.csv,comparisons.csv,exact,1.000,kumiai-unyou-cmp-s38,kumiai-unyou-cmp-s39,管理組合運営：管理組合と管理者の比較,,
comparisons.csv,comparisons.csv,exact,1.000,shuzen-tumitate-cmp-s38,shuzen-tumitate-cmp-s39,修繕積立：修繕積立金と長期修繕計画の比較,,
comparisons.csv,comparisons.csv,exact,1.000,sokai-unyou-cmp-s38,sokai-unyou-cmp-s39,総会運営：総会と理事会の比較,,
comparisons.csv,comparisons.csv,exact,1.000,kanri-itaku-cmp-s38,kanri-itaku-cmp-s39,管理委託：マンション標準管理委託契約書と管理組合の比較,,
comparisons.csv,comparisons.csv,exact,1.000,tekiseika-hou-cmp-s38,tekiseika-hou-cmp-s39,適正化法：管理業務主任者と管理業務主任者の届出の比較,,
comparisons.csv,comparisons.csv,exact,1.000,kubun-shoyu-cmp-s38,kubun-shoyu-cmp-s39,区分所有：区分所有者と専有部分の比較,,
comparisons.csv,comparisons.csv,exact,1.000,kanrinin-cmp-s38,kanrinin-cmp-s39,管理員：管理員と管理員の配置の比較,,
comparisons.csv,comparisons.csv,similar,0.944,kanrinin-cmp-s38,kanrinin-kyouiku-cmp-s40,,管理員：管理員と管理員の配置の比較,管理員教育：管理員と管理員の配置の比較
comparisons.csv,comparisons.csv,similar,0.944,kanrinin-cmp-s38,kanrinin-kyouiku-cmp-s41,,管理員：管理員と管理員の配置の比較,管理員教育：管理員と管理員の配置の比較
comparisons.csv,comparisons.csv,similar,0.944,kanrinin-cmp-s38,kanrinin-kyouiku-cmp-s42,,管理員：管理員と管理員の配置の比較,管理員教育：管理員と管理員の配置の比較
comparisons.csv,comparisons.csv,similar,0.944,kanrinin-cmp-s38,kanrinin-kyouiku-cmp-s43,,管理員：管理員と管理員の配置の比較,管理員教育：管理員と管理員の配置の比較
comparisons.csv,comparisons.csv,similar,0.944,kanrinin-cmp-s38,kanrinin-kyouiku-cmp-s44,,管理員：管理員と管理員の配置の比較,管理員教育：管理員と管理員の配置の比較
comparisons.csv,comparisons.csv,exact,1.000,kaikei-kansa-cmp-s38,kaikei-kansa-cmp-s39,会計監査：監査と監査報告の比較,,
comparisons.csv,comparisons.csv,exact,1.000,tatekae-cmp-s38,tatekae-cmp-s39,建替え：建替えと建替え決議の比較,,
comparisons.csv,comparisons.csv,exact,1.000,kangyou-shiken-cmp-s38,kangyou-shiken-cmp-s39,管業試験：管理業務主任者試験と管理業務主任者の比較,,
comparisons.csv,comparisons.csv,similar,0.920,kangyou-shiken-cmp-s38,kangyou-chokuzen-cmp-s40,,管業試験：管理業務主任者試験と管理業務主任者の比較,管業直前：管理業務主任者試験と管理業務主任者の比較
comparisons.csv,comparisons.csv,similar,0.920,kangyou-shiken-cmp-s38,kangyou-chokuzen-cmp-s41,,管業試験：管理業務主任者試験と管理業務主任者の比較,管業直前：管理業務主任者試験と管理業務主任者の比較
comparisons.csv,comparisons.csv,similar,0.920,kangyou-shiken-cmp-s38,kangyou-chokuzen-cmp-s42,,管業試験：管理業務主任者試験と管理業務主任者の比較,管業直前：管理業務主任者試験と管理業務主任者の比較
comparisons.csv,comparisons.csv,similar,0.920,kangyou-shiken-cmp-s38,kangyou-chokuzen-cmp-s43,,管業試験：管理業務主任者試験と管理業務主任者の比較,管業直前：管理業務主任者試験と管理業務主任者の比較
comparisons.csv,comparisons.csv,similar,0.920,kangyou-shiken-cmp-s38,kangyou-chokuzen-cmp-s44,,管業試験：管理業務主任者試験と管理業務主任者の比較,管業直前：管理業務主任者試験と管理業務主任者の比較
comparisons.csv,comparisons.csv,similar,0.944,kanrinin-cmp-s39,kanrinin-kyouiku-cmp-s40,,管理員：管理員と管理員の配置の比較,管理員教育：管理員と管理員の配置の比較
comparisons.csv,comparisons.csv,similar,0.944,kanrinin-cmp-s39,kanrinin-kyouiku-cmp-s41,,管理員：管理員と管理員の配置の比較,管理員教育：管理員と管理員の配置の比較
comparisons.csv,comparisons.csv,similar,0.944,kanrinin-cmp-s39,kanrinin-kyouiku-cmp-s42,,管理員：管理員と管理員の配置の比較,管理員教育：管理員と管理員の配置の比較
comparisons.csv,comparisons.csv,similar,0.944,kanrinin-cmp-s39,kanrinin-kyouiku-cmp-s43,,管理員：管理員と管理員の配置の比較,管理員教育：管理員と管理員の配置の比較
comparisons.csv,comparisons.csv,similar,0.944,kanrinin-cmp-s39,kanrinin-kyouiku-cmp-s44,,管理員：管理員と管理員の配置の比較,管理員教育：管理員と管理員の配置の比較
comparisons.csv,comparisons.csv,similar,0.920,kangyou-shiken-cmp-s39,kangyou-chokuzen-cmp-s40,,管業試験：管理業務主任者試験と管理業務主任者の比較,管業直前：管理業務主任者試験と管理業務主任者の比較
comparisons.csv,comparisons.csv,similar,0.920,kangyou-shiken-cmp-s39,kangyou-chokuzen-cmp-s41,,管業試験：管理業務主任者試験と管理業務主任者の比較,管業直前：管理業務主任者試験と管理業務主任者の比較
comparisons.csv,comparisons.csv,similar,0.920,kangyou-shiken-cmp-s39,kangyou-chokuzen-cmp-s42,,管業試験：管理業務主任者試験と管理業務主任者の比較,管業直前：管理業務主任者試験と管理業務主任者の比較
comparisons.csv,comparisons.csv,similar,0.920,kangyou-shiken-cmp-s39,kangyou-chokuzen-cmp-s43,,管業試験：管理業務主任者試験と管理業務主任者の比較,管業直前：管理業務主任者試験と管理業務主任者の比較
comparisons.csv,comparisons.csv,similar,0.920,kangyou-shiken-cmp-s39,kangyou-chokuzen-cmp-s44,,管業試験：管理業務主任者試験と管理業務主任者の比較,管業直前：管理業務主任者試験と管理業務主任者の比較
comparisons.csv,comparisons.csv,exact,1.000,kumiai-kansa-cmp-s40,kumiai-kansa-cmp-s41,管理組合監査：監査と監査報告の比較,,
comparisons.csv,comparisons.csv,exact,1.000,kumiai-kansa-cmp-s40,kumiai-kansa-cmp-s42,管理組合監査：監査と監査報告の比較,,
comparisons.csv,comparisons.csv,exact,1.000,kumiai-kansa-cmp-s40,kumiai-kansa-cmp-s43,管理組合監査：監査と監査報告の比較,,
comparisons.csv,comparisons.csv,exact,1.000,kumiai-kansa-cmp-s40,kumiai-kansa-cmp-s44,管理組合監査：監査と監査報告の比較,,
comparisons.csv,comparisons.csv,exact,1.000,shuzen-kouji-cmp-s40,shuzen-kouji-cmp-s41,修繕工事：修繕の実施と修繕積立金の比較,,
comparisons.csv,comparisons.csv,exact,1.000,shuzen-kouji-cmp-s40,shuzen-kouji-cmp-s42,修繕工事：修繕の実施と修繕積立金の比較,,
comparisons.csv,comparisons.csv,exact,1.000,shuzen-kouji-cmp-s40,shuzen-kouji-cmp-s43,修繕工事：修繕の実施と修繕積立金の比較,,
comparisons.csv,comparisons.csv,exact,1.000,shuzen-kouji-cmp-s40,shuzen-kouji-cmp-s44,修繕工事：修繕の実施と修繕積立金の比較,,
comparisons.csv,comparisons.csv,exact,1.000,sokai-shoushu-cmp-s40,sokai-shoushu-cmp-s41,総会招集：総会の招集と総会の比較,,
comparisons.csv,comparisons.csv,exact,1.000,sokai-shoushu-cmp-s40,sokai-shoushu-cmp-s42,総会招集：総会の招集と総会の比較,,
comparisons.csv,comparisons.csv,exact,1.000,sokai-shoushu-cmp-s40,sokai-shoushu-cmp-s43,総会招集：総会の招集と総会の比較,,
comparisons.csv,comparisons.csv,exact,1.000,sokai-shoushu-cmp-s40,sokai-shoushu-cmp-s44,総会招集：総会の招集と総会の比較,,
comparisons.csv,comparisons.csv,exact,1.000,kanri-itaku-koushin-cmp-s40,kanri-itaku-koushin-cmp-s41,管理委託更新：委託契約の変更とマンション標準管理委託契約書の比較,,
comparisons.csv,comparisons.csv,exact,1.000,kanri-itaku-koushin-cmp-s40,kanri-itaku-koushin-cmp-s42,管理委託更新：委託契約の変更とマンション標準管理委託契約書の比較,,
comparisons.csv,comparisons.csv,exact,1.000,kanri-itaku-koushin-cmp-s40,kanri-itaku-koushin-cmp-s43,管理委託更新：委託契約の変更とマンション標準管理委託契約書の比較,,
comparisons.csv,comparisons.csv,exact,1.000,kanri-itaku-koushin-cmp-s40,kanri-itaku-koushin-cmp-s44,管理委託更新：委託契約の変更とマンション標準管理委託契約書の比較,,
comparisons.csv,comparisons.csv,exact,1.000,tekiseika-todoke-cmp-s40,tekiseika-todoke-cmp-s41,適正化法届出：管理業務主任者の届出と管理業務主任者の比較,,
comparisons.csv,comparisons.csv,exact,1.000,tekiseika-todoke-cmp-s40,tekiseika-todoke-cmp-s42,適正化法届出：管理業務主任者の届出と管理業務主任者の比較,,
comparisons.csv,comparisons.csv,exact,1.000,tekiseika-todoke-cmp-s40,tekiseika-todoke-cmp-s43,適正化法届出：管理業務主任者の届出と管理業務主任者の比較,,
comparisons.csv,comparisons.csv,exact,1.000,tekiseika-todoke-cmp-s40,tekiseika-todoke-cmp-s44,適正化法届出：管理業務主任者の届出と管理業務主任者の比較,,
comparisons.csv,mistakes.csv,similar,0.897,tekiseika-todoke-cmp-s40,tekiseika-todoke-mis-s40,,適正化法届出：管理業務主任者の届出と管理業務主任者の比較,適正化法届出：管理業務主任者の届出と管理業務主任者の混同誤り
comparisons.csv,mistakes.csv,similar,0.897,tekiseika-todoke-cmp-s40,tekiseika-todoke-mis-s41,,適正化法届出：管理業務主任者の届出と管理業務主任者の比較,適正化法届出：管理業務主任者の届出と管理業務主任者の混同誤り
comparisons.csv,mistakes.csv,similar,0.897,tekiseika-todoke-cmp-s40,tekiseika-todoke-mis-s42,,適正化法届出：管理業務主任者の届出と管理業務主任者の比較,適正化法届出：管理業務主任者の届出と管理業務主任者の混同誤り
comparisons.csv,mistakes.csv,similar,0.897,tekiseika-todoke-cmp-s40,tekiseika-todoke-mis-s43,,適正化法届出：管理業務主任者の届出と管理業務主任者の比較,適正化法届出：管理業務主任者の届出と管理業務主任者の混同誤り
comparisons.csv,mistakes.csv,similar,0.897,tekiseika-todoke-cmp-s40,tekiseika-todoke-mis-s44,,適正化法届出：管理業務主任者の届出と管理業務主任者の比較,適正化法届出：管理業務主任者の届出と管理業務主任者の混同誤り
comparisons.csv,comparisons.csv,exact,1.000,senyu-kanri-cmp-s40,senyu-kanri-cmp-s41,専有部管理：専有部分と専有部分への立入りの比較,,
comparisons.csv,comparisons.csv,exact,1.000,senyu-kanri-cmp-s40,senyu-kanri-cmp-s42,専有部管理：専有部分と専有部分への立入りの比較,,
comparisons.csv,comparisons.csv,exact,1.000,senyu-kanri-cmp-s40,senyu-kanri-cmp-s43,専有部管理：専有部分と専有部分への立入りの比較,,
comparisons.csv,comparisons.csv,exact,1.000,senyu-kanri-cmp-s40,senyu-kanri-cmp-s44,専有部管理：専有部分と専有部分への立入りの比較,,
comparisons.csv,comparisons.csv,exact,1.000,kanrinin-kyouiku-cmp-s40,kanrinin-kyouiku-cmp-s41,管理員教育：管理員と管理員の配置の比較,,
comparisons.csv,comparisons.csv,exact,1.000,kanrinin-kyouiku-cmp-s40,kanrinin-kyouiku-cmp-s42,管理員教育：管理員と管理員の配置の比較,,
comparisons.csv,comparisons.csv,exact,1.000,kanrinin-kyouiku-cmp-s40,kanrinin-kyouiku-cmp-s43,管理員教育：管理員と管理員の配置の比較,,
comparisons.csv,comparisons.csv,exact,1.000,kanrinin-kyouiku-cmp-s40,kanrinin-kyouiku-cmp-s44,管理員教育：管理員と管理員の配置の比較,,
comparisons.csv,comparisons.csv,exact,1.000,kaikei-houkoku-cmp-s40,kaikei-houkoku-cmp-s41,会計報告：管理組合会計と一般会計の比較,,
comparisons.csv,comparisons.csv,exact,1.000,kaikei-houkoku-cmp-s40,kaikei-houkoku-cmp-s42,会計報告：管理組合会計と一般会計の比較,,
comparisons.csv,comparisons.csv,exact,1.000,kaikei-houkoku-cmp-s40,kaikei-houkoku-cmp-s43,会計報告：管理組合会計と一般会計の比較,,
comparisons.csv,comparisons.csv,exact,1.000,kaikei-houkoku-cmp-s40,kaikei-houkoku-cmp-s44,会計報告：管理組合会計と一般会計の比較,,
comparisons.csv,comparisons.csv,exact,1.000,tatekae-tetsuzuki-cmp-s40,tatekae-tetsuzuki-cmp-s41,建替え手続：建替えの手続と建替え決議の比較,,
comparisons.csv,comparisons.csv,exact,1.000,tatekae-tetsuzuki-cmp-s40,tatekae-tetsuzuki-cmp-s42,建替え手続：建替えの手続と建替え決議の比較,,
comparisons.csv,comparisons.csv,exact,1.000,tatekae-tetsuzuki-cmp-s40,tatekae-tetsuzuki-cmp-s43,建替え手続：建替えの手続と建替え決議の比較,,
comparisons.csv,comparisons.csv,exact,1.000,tatekae-tetsuzuki-cmp-s40,tatekae-tetsuzuki-cmp-s44,建替え手続：建替えの手続と建替え決議の比較,,
comparisons.csv,comparisons.csv,exact,1.000,kangyou-chokuzen-cmp-s40,kangyou-chokuzen-cmp-s41,管業直前：管理業務主任者試験と管理業務主任者の比較,,
comparisons.csv,comparisons.csv,exact,1.000,kangyou-chokuzen-cmp-s40,kangyou-chokuzen-cmp-s42,管業直前：管理業務主任者試験と管理業務主任者の比較,,
comparisons.csv,comparisons.csv,exact,1.000,kangyou-chokuzen-cmp-s40,kangyou-chokuzen-cmp-s43,管業直前：管理業務主任者試験と管理業務主任者の比較,,
comparisons.csv,comparisons.csv,exact,1.000,kangyou-chokuzen-cmp-s40,kangyou-chokuzen-cmp-s44,管業直前：管理業務主任者試験と管理業務主任者の比較,,
comparisons.csv,comparisons.csv,exact,1.000,kumiai-kansa-cmp-s41,kumiai-kansa-cmp-s42,管理組合監査：監査と監査報告の比較,,
comparisons.csv,comparisons.csv,exact,1.000,kumiai-kansa-cmp-s41,kumiai-kansa-cmp-s43,管理組合監査：監査と監査報告の比較,,
comparisons.csv,comparisons.csv,exact,1.000,kumiai-kansa-cmp-s41,kumiai-kansa-cmp-s44,管理組合監査：監査と監査報告の比較,,
comparisons.csv,comparisons.csv,exact,1.000,shuzen-kouji-cmp-s41,shuzen-kouji-cmp-s42,修繕工事：修繕の実施と修繕積立金の比較,,
comparisons.csv,comparisons.csv,exact,1.000,shuzen-kouji-cmp-s41,shuzen-kouji-cmp-s43,修繕工事：修繕の実施と修繕積立金の比較,,
comparisons.csv,comparisons.csv,exact,1.000,shuzen-kouji-cmp-s41,shuzen-kouji-cmp-s44,修繕工事：修繕の実施と修繕積立金の比較,,
comparisons.csv,comparisons.csv,exact,1.000,sokai-shoushu-cmp-s41,sokai-shoushu-cmp-s42,総会招集：総会の招集と総会の比較,,
comparisons.csv,comparisons.csv,exact,1.000,sokai-shoushu-cmp-s41,sokai-shoushu-cmp-s43,総会招集：総会の招集と総会の比較,,
comparisons.csv,comparisons.csv,exact,1.000,sokai-shoushu-cmp-s41,sokai-shoushu-cmp-s44,総会招集：総会の招集と総会の比較,,
comparisons.csv,comparisons.csv,exact,1.000,kanri-itaku-koushin-cmp-s41,kanri-itaku-koushin-cmp-s42,管理委託更新：委託契約の変更とマンション標準管理委託契約書の比較,,
comparisons.csv,comparisons.csv,exact,1.000,kanri-itaku-koushin-cmp-s41,kanri-itaku-koushin-cmp-s43,管理委託更新：委託契約の変更とマンション標準管理委託契約書の比較,,
comparisons.csv,comparisons.csv,exact,1.000,kanri-itaku-koushin-cmp-s41,kanri-itaku-koushin-cmp-s44,管理委託更新：委託契約の変更とマンション標準管理委託契約書の比較,,
comparisons.csv,comparisons.csv,exact,1.000,tekiseika-todoke-cmp-s41,tekiseika-todoke-cmp-s42,適正化法届出：管理業務主任者の届出と管理業務主任者の比較,,
comparisons.csv,comparisons.csv,exact,1.000,tekiseika-todoke-cmp-s41,tekiseika-todoke-cmp-s43,適正化法届出：管理業務主任者の届出と管理業務主任者の比較,,
comparisons.csv,comparisons.csv,exact,1.000,tekiseika-todoke-cmp-s41,tekiseika-todoke-cmp-s44,適正化法届出：管理業務主任者の届出と管理業務主任者の比較,,
comparisons.csv,mistakes.csv,similar,0.897,tekiseika-todoke-cmp-s41,tekiseika-todoke-mis-s40,,適正化法届出：管理業務主任者の届出と管理業務主任者の比較,適正化法届出：管理業務主任者の届出と管理業務主任者の混同誤り
comparisons.csv,mistakes.csv,similar,0.897,tekiseika-todoke-cmp-s41,tekiseika-todoke-mis-s41,,適正化法届出：管理業務主任者の届出と管理業務主任者の比較,適正化法届出：管理業務主任者の届出と管理業務主任者の混同誤り
comparisons.csv,mistakes.csv,similar,0.897,tekiseika-todoke-cmp-s41,tekiseika-todoke-mis-s42,,適正化法届出：管理業務主任者の届出と管理業務主任者の比較,適正化法届出：管理業務主任者の届出と管理業務主任者の混同誤り
comparisons.csv,mistakes.csv,similar,0.897,tekiseika-todoke-cmp-s41,tekiseika-todoke-mis-s43,,適正化法届出：管理業務主任者の届出と管理業務主任者の比較,適正化法届出：管理業務主任者の届出と管理業務主任者の混同誤り
comparisons.csv,mistakes.csv,similar,0.897,tekiseika-todoke-cmp-s41,tekiseika-todoke-mis-s44,,適正化法届出：管理業務主任者の届出と管理業務主任者の比較,適正化法届出：管理業務主任者の届出と管理業務主任者の混同誤り
comparisons.csv,comparisons.csv,exact,1.000,senyu-kanri-cmp-s41,senyu-kanri-cmp-s42,専有部管理：専有部分と専有部分への立入りの比較,,
comparisons.csv,comparisons.csv,exact,1.000,senyu-kanri-cmp-s41,senyu-kanri-cmp-s43,専有部管理：専有部分と専有部分への立入りの比較,,
comparisons.csv,comparisons.csv,exact,1.000,senyu-kanri-cmp-s41,senyu-kanri-cmp-s44,専有部管理：専有部分と専有部分への立入りの比較,,
comparisons.csv,comparisons.csv,exact,1.000,kanrinin-kyouiku-cmp-s41,kanrinin-kyouiku-cmp-s42,管理員教育：管理員と管理員の配置の比較,,
comparisons.csv,comparisons.csv,exact,1.000,kanrinin-kyouiku-cmp-s41,kanrinin-kyouiku-cmp-s43,管理員教育：管理員と管理員の配置の比較,,
comparisons.csv,comparisons.csv,exact,1.000,kanrinin-kyouiku-cmp-s41,kanrinin-kyouiku-cmp-s44,管理員教育：管理員と管理員の配置の比較,,
comparisons.csv,comparisons.csv,exact,1.000,kaikei-houkoku-cmp-s41,kaikei-houkoku-cmp-s42,会計報告：管理組合会計と一般会計の比較,,
comparisons.csv,comparisons.csv,exact,1.000,kaikei-houkoku-cmp-s41,kaikei-houkoku-cmp-s43,会計報告：管理組合会計と一般会計の比較,,
comparisons.csv,comparisons.csv,exact,1.000,kaikei-houkoku-cmp-s41,kaikei-houkoku-cmp-s44,会計報告：管理組合会計と一般会計の比較,,
comparisons.csv,comparisons.csv,exact,1.000,tatekae-tetsuzuki-cmp-s41,tatekae-tetsuzuki-cmp-s42,建替え手続：建替えの手続と建替え決議の比較,,
comparisons.csv,comparisons.csv,exact,1.000,tatekae-tetsuzuki-cmp-s41,tatekae-tetsuzuki-cmp-s43,建替え手続：建替えの手続と建替え決議の比較,,
comparisons.csv,comparisons.csv,exact,1.000,tatekae-tetsuzuki-cmp-s41,tatekae-tetsuzuki-cmp-s44,建替え手続：建替えの手続と建替え決議の比較,,
comparisons.csv,comparisons.csv,exact,1.000,kangyou-chokuzen-cmp-s41,kangyou-chokuzen-cmp-s42,管業直前：管理業務主任者試験と管理業務主任者の比較,,
comparisons.csv,comparisons.csv,exact,1.000,kangyou-chokuzen-cmp-s41,kangyou-chokuzen-cmp-s43,管業直前：管理業務主任者試験と管理業務主任者の比較,,
comparisons.csv,comparisons.csv,exact,1.000,kangyou-chokuzen-cmp-s41,kangyou-chokuzen-cmp-s44,管業直前：管理業務主任者試験と管理業務主任者の比較,,
comparisons.csv,comparisons.csv,exact,1.000,kumiai-kansa-cmp-s42,kumiai-kansa-cmp-s43,管理組合監査：監査と監査報告の比較,,
comparisons.csv,comparisons.csv,exact,1.000,kumiai-kansa-cmp-s42,kumiai-kansa-cmp-s44,管理組合監査：監査と監査報告の比較,,
comparisons.csv,comparisons.csv,exact,1.000,shuzen-kouji-cmp-s42,shuzen-kouji-cmp-s43,修繕工事：修繕の実施と修繕積立金の比較,,
comparisons.csv,comparisons.csv,exact,1.000,shuzen-kouji-cmp-s42,shuzen-kouji-cmp-s44,修繕工事：修繕の実施と修繕積立金の比較,,
comparisons.csv,comparisons.csv,exact,1.000,sokai-shoushu-cmp-s42,sokai-shoushu-cmp-s43,総会招集：総会の招集と総会の比較,,
comparisons.csv,comparisons.csv,exact,1.000,sokai-shoushu-cmp-s42,sokai-shoushu-cmp-s44,総会招集：総会の招集と総会の比較,,
comparisons.csv,comparisons.csv,exact,1.000,kanri-itaku-koushin-cmp-s42,kanri-itaku-koushin-cmp-s43,管理委託更新：委託契約の変更とマンション標準管理委託契約書の比較,,
comparisons.csv,comparisons.csv,exact,1.000,kanri-itaku-koushin-cmp-s42,kanri-itaku-koushin-cmp-s44,管理委託更新：委託契約の変更とマンション標準管理委託契約書の比較,,
comparisons.csv,comparisons.csv,exact,1.000,tekiseika-todoke-cmp-s42,tekiseika-todoke-cmp-s43,適正化法届出：管理業務主任者の届出と管理業務主任者の比較,,
comparisons.csv,comparisons.csv,exact,1.000,tekiseika-todoke-cmp-s42,tekiseika-todoke-cmp-s44,適正化法届出：管理業務主任者の届出と管理業務主任者の比較,,
comparisons.csv,mistakes.csv,similar,0.897,tekiseika-todoke-cmp-s42,tekiseika-todoke-mis-s40,,適正化法届出：管理業務主任者の届出と管理業務主任者の比較,適正化法届出：管理業務主任者の届出と管理業務主任者の混同誤り
comparisons.csv,mistakes.csv,similar,0.897,tekiseika-todoke-cmp-s42,tekiseika-todoke-mis-s41,,適正化法届出：管理業務主任者の届出と管理業務主任者の比較,適正化法届出：管理業務主任者の届出と管理業務主任者の混同誤り
comparisons.csv,mistakes.csv,similar,0.897,tekiseika-todoke-cmp-s42,tekiseika-todoke-mis-s42,,適正化法届出：管理業務主任者の届出と管理業務主任者の比較,適正化法届出：管理業務主任者の届出と管理業務主任者の混同誤り
comparisons.csv,mistakes.csv,similar,0.897,tekiseika-todoke-cmp-s42,tekiseika-todoke-mis-s43,,適正化法届出：管理業務主任者の届出と管理業務主任者の比較,適正化法届出：管理業務主任者の届出と管理業務主任者の混同誤り
comparisons.csv,mistakes.csv,similar,0.897,tekiseika-todoke-cmp-s42,tekiseika-todoke-mis-s44,,適正化法届出：管理業務主任者の届出と管理業務主任者の比較,適正化法届出：管理業務主任者の届出と管理業務主任者の混同誤り
comparisons.csv,comparisons.csv,exact,1.000,senyu-kanri-cmp-s42,senyu-kanri-cmp-s43,専有部管理：専有部分と専有部分への立入りの比較,,
comparisons.csv,comparisons.csv,exact,1.000,senyu-kanri-cmp-s42,senyu-kanri-cmp-s44,専有部管理：専有部分と専有部分への立入りの比較,,
comparisons.csv,comparisons.csv,exact,1.000,kanrinin-kyouiku-cmp-s42,kanrinin-kyouiku-cmp-s43,管理員教育：管理員と管理員の配置の比較,,
comparisons.csv,comparisons.csv,exact,1.000,kanrinin-kyouiku-cmp-s42,kanrinin-kyouiku-cmp-s44,管理員教育：管理員と管理員の配置の比較,,
comparisons.csv,comparisons.csv,exact,1.000,kaikei-houkoku-cmp-s42,kaikei-houkoku-cmp-s43,会計報告：管理組合会計と一般会計の比較,,
comparisons.csv,comparisons.csv,exact,1.000,kaikei-houkoku-cmp-s42,kaikei-houkoku-cmp-s44,会計報告：管理組合会計と一般会計の比較,,
comparisons.csv,comparisons.csv,exact,1.000,tatekae-tetsuzuki-cmp-s42,tatekae-tetsuzuki-cmp-s43,建替え手続：建替えの手続と建替え決議の比較,,
comparisons.csv,comparisons.csv,exact,1.000,tatekae-tetsuzuki-cmp-s42,tatekae-tetsuzuki-cmp-s44,建替え手続：建替えの手続と建替え決議の比較,,
comparisons.csv,comparisons.csv,exact,1.000,kangyou-chokuzen-cmp-s42,kangyou-chokuzen-cmp-s43,管業直前：管理業務主任者試験と管理業務主任者の比較,,
comparisons.csv,comparisons.csv,exact,1.000,kangyou-chokuzen-cmp-s42,kangyou-chokuzen-cmp-s44,管業直前：管理業務主任者試験と管理業務主任者の比較,,
comparisons.csv,comparisons.csv,exact,1.000,kumiai-kansa-cmp-s43,kumiai-kansa-cmp-s44,管理組合監査：監査と監査報告の比較,,
comparisons.csv,comparisons.csv,exact,1.000,shuzen-kouji-cmp-s43,shuzen-kouji-cmp-s44,修繕工事：修繕の実施と修繕積立金の比較,,
comparisons.csv,comparisons.csv,exact,1.000,sokai-shoushu-cmp-s43,sokai-shoushu-cmp-s44,総会招集：総会の招集と総会の比較,,
comparisons.csv,comparisons.csv,exact,1.000,kanri-itaku-koushin-cmp-s43,kanri-itaku-koushin-cmp-s44,管理委託更新：委託契約の変更とマンション標準管理委託契約書の比較,,
comparisons.csv,comparisons.csv,exact,1.000,tekiseika-todoke-cmp-s43,tekiseika-todoke-cmp-s44,適正化法届出：管理業務主任者の届出と管理業務主任者の比較,,
comparisons.csv,mistakes.csv,similar,0.897,tekiseika-todoke-cmp-s43,tekiseika-todoke-mis-s40,,適正化法届出：管理業務主任者の届出と管理業務主任者の比較,適正化法届出：管理業務主任者の届出と管理業務主任者の混同誤り
comparisons.csv,mistakes.csv,similar,0.897,tekiseika-todoke-cmp-s43,tekiseika-todoke-mis-s41,,適正化法届出：管理業務主任者の届出と管理業務主任者の比較,適正化法届出：管理業務主任者の届出と管理業務主任者の混同誤り
comparisons.csv,mistakes.csv,similar,0.897,tekiseika-todoke-cmp-s43,tekiseika-todoke-mis-s42,,適正化法届出：管理業務主任者の届出と管理業務主任者の比較,適正化法届出：管理業務主任者の届出と管理業務主任者の混同誤り
comparisons.csv,mistakes.csv,similar,0.897,tekiseika-todoke-cmp-s43,tekiseika-todoke-mis-s43,,適正化法届出：管理業務主任者の届出と管理業務主任者の比較,適正化法届出：管理業務主任者の届出と管理業務主任者の混同誤り
comparisons.csv,mistakes.csv,similar,0.897,tekiseika-todoke-cmp-s43,tekiseika-todoke-mis-s44,,適正化法届出：管理業務主任者の届出と管理業務主任者の比較,適正化法届出：管理業務主任者の届出と管理業務主任者の混同誤り
comparisons.csv,comparisons.csv,exact,1.000,senyu-kanri-cmp-s43,senyu-kanri-cmp-s44,専有部管理：専有部分と専有部分への立入りの比較,,
comparisons.csv,comparisons.csv,exact,1.000,kanrinin-kyouiku-cmp-s43,kanrinin-kyouiku-cmp-s44,管理員教育：管理員と管理員の配置の比較,,
comparisons.csv,comparisons.csv,exact,1.000,kaikei-houkoku-cmp-s43,kaikei-houkoku-cmp-s44,会計報告：管理組合会計と一般会計の比較,,
comparisons.csv,comparisons.csv,exact,1.000,tatekae-tetsuzuki-cmp-s43,tatekae-tetsuzuki-cmp-s44,建替え手続：建替えの手続と建替え決議の比較,,
comparisons.csv,comparisons.csv,exact,1.000,kangyou-chokuzen-cmp-s43,kangyou-chokuzen-cmp-s44,管業直前：管理業務主任者試験と管理業務主任者の比較,,
comparisons.csv,mistakes.csv,similar,0.897,tekiseika-todoke-cmp-s44,tekiseika-todoke-mis-s40,,適正化法届出：管理業務主任者の届出と管理業務主任者の比較,適正化法届出：管理業務主任者の届出と管理業務主任者の混同誤り
comparisons.csv,mistakes.csv,similar,0.897,tekiseika-todoke-cmp-s44,tekiseika-todoke-mis-s41,,適正化法届出：管理業務主任者の届出と管理業務主任者の比較,適正化法届出：管理業務主任者の届出と管理業務主任者の混同誤り
comparisons.csv,mistakes.csv,similar,0.897,tekiseika-todoke-cmp-s44,tekiseika-todoke-mis-s42,,適正化法届出：管理業務主任者の届出と管理業務主任者の比較,適正化法届出：管理業務主任者の届出と管理業務主任者の混同誤り
comparisons.csv,mistakes.csv,similar,0.897,tekiseika-todoke-cmp-s44,tekiseika-todoke-mis-s43,,適正化法届出：管理業務主任者の届出と管理業務主任者の比較,適正化法届出：管理業務主任者の届出と管理業務主任者の混同誤り
comparisons.csv,mistakes.csv,similar,0.897,tekiseika-todoke-cmp-s44,tekiseika-todoke-mis-s44,,適正化法届出：管理業務主任者の届出と管理業務主任者の比較,適正化法届出：管理業務主任者の届出と管理業務主任者の混同誤り
numbers.csv,numbers.csv,exact,1.000,kanrin-haichi-kijun,kanrinin-kibo-s32,管理員配置の規模基準,,
numbers.csv,numbers.csv,exact,1.000,soukai-teisu,soukai-teisu-s32,総会の定足数,,
numbers.csv,numbers.csv,similar,0.909,soukai-teisu,sokai-teisu-s33,,総会の定足数,総会定足数
numbers.csv,numbers.csv,exact,1.000,koushin-touroku-5nen-s32,koushin-5nen-s33,管業更新登録5年,,
numbers.csv,numbers.csv,similar,0.909,soukai-teisu-s32,sokai-teisu-s33,,総会の定足数,総会定足数
numbers.csv,numbers.csv,similar,0.923,kanri-kaisha-touroku-s32,kanri-kaisha-tou-s34,,管理会社の登録,管理会社登録
numbers.csv,numbers.csv,similar,0.933,rijikai-kaisu-s32,rijikai-kaisu-s33,,理事会の開催頻度,理事会開催頻度
numbers.csv,numbers.csv,exact,1.000,kumiai-unyou-num-s35,kumiai-unyou-num-s36,管理組合運営：組合の基本決定の数値,,
numbers.csv,numbers.csv,exact,1.000,kumiai-unyou-num-s35,kumiai-unyou-num-s37,管理組合運営：組合の基本決定の数値,,
numbers.csv,numbers.csv,exact,1.000,kumiai-unyou-num-s35,kumiai-unyou-num-s38,管理組合運営：組合の基本決定の数値,,
numbers.csv,numbers.csv,exact,1.000,kumiai-unyou-num-s35,kumiai-unyou-num-s39,管理組合運営：組合の基本決定の数値,,
numbers.csv,numbers.csv,exact,1.000,shuzen-tumitate-num-s35,shuzen-tumitate-num-s36,修繕積立：12年目安の数値,,
numbers.csv,numbers.csv,exact,1.000,shuzen-tumitate-num-s35,shuzen-tumitate-num-s37,修繕積立：12年目安の数値,,
numbers.csv,numbers.csv,exact,1.000,shuzen-tumitate-num-s35,shuzen-tumitate-num-s38,修繕積立：12年目安の数値,,
numbers.csv,numbers.csv,exact,1.000,shuzen-tumitate-num-s35,shuzen-tumitate-num-s39,修繕積立：12年目安の数値,,
numbers.csv,numbers.csv,exact,1.000,sokai-unyou-num-s35,sokai-unyou-num-s36,総会運営：招集通知は規約で定めるの数値,,
numbers.csv,numbers.csv,exact,1.000,sokai-unyou-num-s35,sokai-unyou-num-s37,総会運営：招集通知は規約で定めるの数値,,
numbers.csv,numbers.csv,exact,1.000,sokai-unyou-num-s35,sokai-unyou-num-s38,総会運営：招集通知は規約で定めるの数値,,
numbers.csv,numbers.csv,exact,1.000,sokai-unyou-num-s35,sokai-unyou-num-s39,総会運営：招集通知は規約で定めるの数値,,
numbers.csv,numbers.csv,exact,1.000,kanri-itaku-num-s35,kanri-itaku-num-s36,管理委託：委託契約は組合が締結の数値,,
numbers.csv,numbers.csv,exact,1.000,kanri-itaku-num-s35,kanri-itaku-num-s37,管理委託：委託契約は組合が締結の数値,,
numbers.csv,numbers.csv,exact,1.000,kanri-itaku-num-s35,kanri-itaku-num-s38,管理委託：委託契約は組合が締結の数値,,
numbers.csv,numbers.csv,exact,1.000,kanri-itaku-num-s35,kanri-itaku-num-s39,管理委託：委託契約は組合が締結の数値,,
numbers.csv,numbers.csv,exact,1.000,tekiseika-hou-num-s35,tekiseika-hou-num-s36,適正化法：5年ごとに更新の数値,,
numbers.csv,numbers.csv,exact,1.000,tekiseika-hou-num-s35,tekiseika-hou-num-s37,適正化法：5年ごとに更新の数値,,
numbers.csv,numbers.csv,exact,1.000,tekiseika-hou-num-s35,tekiseika-hou-num-s38,適正化法：5年ごとに更新の数値,,
numbers.csv,numbers.csv,exact,1.000,tekiseika-hou-num-s35,tekiseika-hou-num-s39,適正化法：5年ごとに更新の数値,,
numbers.csv,numbers.csv,similar,0.938,tekiseika-hou-num-s35,tekiseika-todoke-num-s40,,適正化法：5年ごとに更新の数値,適正化法届出：5年ごとに更新の数値
numbers.csv,numbers.csv,similar,0.938,tekiseika-hou-num-s35,tekiseika-todoke-num-s41,,適正化法：5年ごとに更新の数値,適正化法届出：5年ごとに更新の数値
numbers.csv,numbers.csv,similar,0.938,tekiseika-hou-num-s35,tekiseika-todoke-num-s42,,適正化法：5年ごとに更新の数値,適正化法届出：5年ごとに更新の数値
numbers.csv,numbers.csv,similar,0.938,tekiseika-hou-num-s35,tekiseika-todoke-num-s43,,適正化法：5年ごとに更新の数値,適正化法届出：5年ごとに更新の数値
numbers.csv,numbers.csv,similar,0.938,tekiseika-hou-num-s35,tekiseika-todoke-num-s44,,適正化法：5年ごとに更新の数値,適正化法届出：5年ごとに更新の数値
numbers.csv,numbers.csv,exact,1.000,kubun-shoyu-num-s35,kubun-shoyu-num-s36,区分所有：床面積割合の数値,,
numbers.csv,numbers.csv,exact,1.000,kubun-shoyu-num-s35,kubun-shoyu-num-s37,区分所有：床面積割合の数値,,
numbers.csv,numbers.csv,exact,1.000,kubun-shoyu-num-s35,kubun-shoyu-num-s38,区分所有：床面積割合の数値,,
numbers.csv,numbers.csv,exact,1.000,kubun-shoyu-num-s35,kubun-shoyu-num-s39,区分所有：床面積割合の数値,,
numbers.csv,numbers.csv,exact,1.000,kanrinin-num-s35,kanrinin-num-s36,管理員：一定規模以上の数値,,
numbers.csv,numbers.csv,exact,1.000,kanrinin-num-s35,kanrinin-num-s37,管理員：一定規模以上の数値,,
numbers.csv,numbers.csv,exact,1.000,kanrinin-num-s35,kanrinin-num-s38,管理員：一定規模以上の数値,,
numbers.csv,numbers.csv,exact,1.000,kanrinin-num-s35,kanrinin-num-s39,管理員：一定規模以上の数値,,
numbers.csv,numbers.csv,similar,0.929,kanrinin-num-s35,kanrinin-kyouiku-num-s40,,管理員：一定規模以上の数値,管理員教育：一定規模以上の数値
numbers.csv,numbers.csv,similar,0.929,kanrinin-num-s35,kanrinin-kyouiku-num-s41,,管理員：一定規模以上の数値,管理員教育：一定規模以上の数値
numbers.csv,numbers.csv,similar,0.929,kanrinin-num-s35,kanrinin-kyouiku-num-s42,,管理員：一定規模以上の数値,管理員教育：一定規模以上の数値
numbers.csv,numbers.csv,similar,0.929,kanrinin-num-s35,kanrinin-kyouiku-num-s43,,管理員：一定規模以上の数値,管理員教育：一定規模以上の数値
numbers.csv,numbers.csv,similar,0.929,kanrinin-num-s35,kanrinin-kyouiku-num-s44,,管理員：一定規模以上の数値,管理員教育：一定規模以上の数値
numbers.csv,numbers.csv,exact,1.000,kaikei-kansa-num-s35,kaikei-kansa-num-s36,会計監査：規約・実務で定めるの数値,,
numbers.csv,numbers.csv,exact,1.000,kaikei-kansa-num-s35,kaikei-kansa-num-s37,会計監査：規約・実務で定めるの数値,,
numbers.csv,numbers.csv,exact,1.000,kaikei-kansa-num-s35,kaikei-kansa-num-s38,会計監査：規約・実務で定めるの数値,,
numbers.csv,numbers.csv,exact,1.000,kaikei-kansa-num-s35,kaikei-kansa-num-s39,会計監査：規約・実務で定めるの数値,,
numbers.csv,numbers.csv,exact,1.000,tatekae-num-s35,tatekae-num-s36,建替え：5分の4以上の数値,,
numbers.csv,numbers.csv,exact,1.000,tatekae-num-s35,tatekae-num-s37,建替え：5分の4以上の数値,,
numbers.csv,numbers.csv,exact,1.000,tatekae-num-s35,tatekae-num-s38,建替え：5分の4以上の数値,,
numbers.csv,numbers.csv,exact,1.000,tatekae-num-s35,tatekae-num-s39,建替え：5分の4以上の数値,,
numbers.csv,numbers.csv,similar,0.929,tatekae-num-s35,tatekae-tetsuzuki-num-s40,,建替え：5分の4以上の数値,建替え手続：5分の4以上の数値
numbers.csv,numbers.csv,similar,0.929,tatekae-num-s35,tatekae-tetsuzuki-num-s41,,建替え：5分の4以上の数値,建替え手続：5分の4以上の数値
numbers.csv,numbers.csv,similar,0.929,tatekae-num-s35,tatekae-tetsuzuki-num-s42,,建替え：5分の4以上の数値,建替え手続：5分の4以上の数値
numbers.csv,numbers.csv,similar,0.929,tatekae-num-s35,tatekae-tetsuzuki-num-s43,,建替え：5分の4以上の数値,建替え手続：5分の4以上の数値
numbers.csv,numbers.csv,similar,0.929,tatekae-num-s35,tatekae-tetsuzuki-num-s44,,建替え：5分の4以上の数値,建替え手続：5分の4以上の数値
numbers.csv,numbers.csv,exact,1.000,kangyou-shiken-num-s35,kangyou-shiken-num-s36,管業試験：50問の数値,,
numbers.csv,numbers.csv,exact,1.000,kangyou-shiken-num-s35,kangyou-shiken-num-s37,管業試験：50問の数値,,
numbers.csv,numbers.csv,exact,1.000,kangyou-shiken-num-s35,kangyou-shiken-num-s38,管業試験：50問の数値,,
numbers.csv,numbers.csv,exact,1.000,kangyou-shiken-num-s35,kangyou-shiken-num-s39,管業試験：50問の数値,,
numbers.csv,numbers.csv,exact,1.000,kumiai-unyou-num-s36,kumiai-unyou-num-s37,管理組合運営：組合の基本決定の数値,,
numbers.csv,numbers.csv,exact,1.000,kumiai-unyou-num-s36,kumiai-unyou-num-s38,管理組合運営：組合の基本決定の数値,,
numbers.csv,numbers.csv,exact,1.000,kumiai-unyou-num-s36,kumiai-unyou-num-s39,管理組合運営：組合の基本決定の数値,,
numbers.csv,numbers.csv,exact,1.000,shuzen-tumitate-num-s36,shuzen-tumitate-num-s37,修繕積立：12年目安の数値,,
numbers.csv,numbers.csv,exact,1.000,shuzen-tumitate-num-s36,shuzen-tumitate-num-s38,修繕積立：12年目安の数値,,
numbers.csv,numbers.csv,exact,1.000,shuzen-tumitate-num-s36,shuzen-tumitate-num-s39,修繕積立：12年目安の数値,,
numbers.csv,numbers.csv,exact,1.000,sokai-unyou-num-s36,sokai-unyou-num-s37,総会運営：招集通知は規約で定めるの数値,,
numbers.csv,numbers.csv,exact,1.000,sokai-unyou-num-s36,sokai-unyou-num-s38,総会運営：招集通知は規約で定めるの数値,,
numbers.csv,numbers.csv,exact,1.000,sokai-unyou-num-s36,sokai-unyou-num-s39,総会運営：招集通知は規約で定めるの数値,,
numbers.csv,numbers.csv,exact,1.000,kanri-itaku-num-s36,kanri-itaku-num-s37,管理委託：委託契約は組合が締結の数値,,
numbers.csv,numbers.csv,exact,1.000,kanri-itaku-num-s36,kanri-itaku-num-s38,管理委託：委託契約は組合が締結の数値,,
numbers.csv,numbers.csv,exact,1.000,kanri-itaku-num-s36,kanri-itaku-num-s39,管理委託：委託契約は組合が締結の数値,,
numbers.csv,numbers.csv,exact,1.000,tekiseika-hou-num-s36,tekiseika-hou-num-s37,適正化法：5年ごとに更新の数値,,
numbers.csv,numbers.csv,exact,1.000,tekiseika-hou-num-s36,tekiseika-hou-num-s38,適正化法：5年ごとに更新の数値,,
numbers.csv,numbers.csv,exact,1.000,tekiseika-hou-num-s36,tekiseika-hou-num-s39,適正化法：5年ごとに更新の数値,,
numbers.csv,numbers.csv,similar,0.938,tekiseika-hou-num-s36,tekiseika-todoke-num-s40,,適正化法：5年ごとに更新の数値,適正化法届出：5年ごとに更新の数値
numbers.csv,numbers.csv,similar,0.938,tekiseika-hou-num-s36,tekiseika-todoke-num-s41,,適正化法：5年ごとに更新の数値,適正化法届出：5年ごとに更新の数値
numbers.csv,numbers.csv,similar,0.938,tekiseika-hou-num-s36,tekiseika-todoke-num-s42,,適正化法：5年ごとに更新の数値,適正化法届出：5年ごとに更新の数値
numbers.csv,numbers.csv,similar,0.938,tekiseika-hou-num-s36,tekiseika-todoke-num-s43,,適正化法：5年ごとに更新の数値,適正化法届出：5年ごとに更新の数値
numbers.csv,numbers.csv,similar,0.938,tekiseika-hou-num-s36,tekiseika-todoke-num-s44,,適正化法：5年ごとに更新の数値,適正化法届出：5年ごとに更新の数値
numbers.csv,numbers.csv,exact,1.000,kubun-shoyu-num-s36,kubun-shoyu-num-s37,区分所有：床面積割合の数値,,
numbers.csv,numbers.csv,exact,1.000,kubun-shoyu-num-s36,kubun-shoyu-num-s38,区分所有：床面積割合の数値,,
numbers.csv,numbers.csv,exact,1.000,kubun-shoyu-num-s36,kubun-shoyu-num-s39,区分所有：床面積割合の数値,,
numbers.csv,numbers.csv,exact,1.000,kanrinin-num-s36,kanrinin-num-s37,管理員：一定規模以上の数値,,
numbers.csv,numbers.csv,exact,1.000,kanrinin-num-s36,kanrinin-num-s38,管理員：一定規模以上の数値,,
numbers.csv,numbers.csv,exact,1.000,kanrinin-num-s36,kanrinin-num-s39,管理員：一定規模以上の数値,,
numbers.csv,numbers.csv,similar,0.929,kanrinin-num-s36,kanrinin-kyouiku-num-s40,,管理員：一定規模以上の数値,管理員教育：一定規模以上の数値
numbers.csv,numbers.csv,similar,0.929,kanrinin-num-s36,kanrinin-kyouiku-num-s41,,管理員：一定規模以上の数値,管理員教育：一定規模以上の数値
numbers.csv,numbers.csv,similar,0.929,kanrinin-num-s36,kanrinin-kyouiku-num-s42,,管理員：一定規模以上の数値,管理員教育：一定規模以上の数値
numbers.csv,numbers.csv,similar,0.929,kanrinin-num-s36,kanrinin-kyouiku-num-s43,,管理員：一定規模以上の数値,管理員教育：一定規模以上の数値
numbers.csv,numbers.csv,similar,0.929,kanrinin-num-s36,kanrinin-kyouiku-num-s44,,管理員：一定規模以上の数値,管理員教育：一定規模以上の数値
numbers.csv,numbers.csv,exact,1.000,kaikei-kansa-num-s36,kaikei-kansa-num-s37,会計監査：規約・実務で定めるの数値,,
numbers.csv,numbers.csv,exact,1.000,kaikei-kansa-num-s36,kaikei-kansa-num-s38,会計監査：規約・実務で定めるの数値,,
numbers.csv,numbers.csv,exact,1.000,kaikei-kansa-num-s36,kaikei-kansa-num-s39,会計監査：規約・実務で定めるの数値,,
numbers.csv,numbers.csv,exact,1.000,tatekae-num-s36,tatekae-num-s37,建替え：5分の4以上の数値,,
numbers.csv,numbers.csv,exact,1.000,tatekae-num-s36,tatekae-num-s38,建替え：5分の4以上の数値,,
numbers.csv,numbers.csv,exact,1.000,tatekae-num-s36,tatekae-num-s39,建替え：5分の4以上の数値,,
numbers.csv,numbers.csv,similar,0.929,tatekae-num-s36,tatekae-tetsuzuki-num-s40,,建替え：5分の4以上の数値,建替え手続：5分の4以上の数値
numbers.csv,numbers.csv,similar,0.929,tatekae-num-s36,tatekae-tetsuzuki-num-s41,,建替え：5分の4以上の数値,建替え手続：5分の4以上の数値
numbers.csv,numbers.csv,similar,0.929,tatekae-num-s36,tatekae-tetsuzuki-num-s42,,建替え：5分の4以上の数値,建替え手続：5分の4以上の数値
numbers.csv,numbers.csv,similar,0.929,tatekae-num-s36,tatekae-tetsuzuki-num-s43,,建替え：5分の4以上の数値,建替え手続：5分の4以上の数値
numbers.csv,numbers.csv,similar,0.929,tatekae-num-s36,tatekae-tetsuzuki-num-s44,,建替え：5分の4以上の数値,建替え手続：5分の4以上の数値
numbers.csv,numbers.csv,exact,1.000,kangyou-shiken-num-s36,kangyou-shiken-num-s37,管業試験：50問の数値,,
numbers.csv,numbers.csv,exact,1.000,kangyou-shiken-num-s36,kangyou-shiken-num-s38,管業試験：50問の数値,,
numbers.csv,numbers.csv,exact,1.000,kangyou-shiken-num-s36,kangyou-shiken-num-s39,管業試験：50問の数値,,
numbers.csv,numbers.csv,exact,1.000,kumiai-unyou-num-s37,kumiai-unyou-num-s38,管理組合運営：組合の基本決定の数値,,
numbers.csv,numbers.csv,exact,1.000,kumiai-unyou-num-s37,kumiai-unyou-num-s39,管理組合運営：組合の基本決定の数値,,
numbers.csv,numbers.csv,exact,1.000,shuzen-tumitate-num-s37,shuzen-tumitate-num-s38,修繕積立：12年目安の数値,,
numbers.csv,numbers.csv,exact,1.000,shuzen-tumitate-num-s37,shuzen-tumitate-num-s39,修繕積立：12年目安の数値,,
numbers.csv,numbers.csv,exact,1.000,sokai-unyou-num-s37,sokai-unyou-num-s38,総会運営：招集通知は規約で定めるの数値,,
numbers.csv,numbers.csv,exact,1.000,sokai-unyou-num-s37,sokai-unyou-num-s39,総会運営：招集通知は規約で定めるの数値,,
numbers.csv,numbers.csv,exact,1.000,kanri-itaku-num-s37,kanri-itaku-num-s38,管理委託：委託契約は組合が締結の数値,,
numbers.csv,numbers.csv,exact,1.000,kanri-itaku-num-s37,kanri-itaku-num-s39,管理委託：委託契約は組合が締結の数値,,
numbers.csv,numbers.csv,exact,1.000,tekiseika-hou-num-s37,tekiseika-hou-num-s38,適正化法：5年ごとに更新の数値,,
numbers.csv,numbers.csv,exact,1.000,tekiseika-hou-num-s37,tekiseika-hou-num-s39,適正化法：5年ごとに更新の数値,,
numbers.csv,numbers.csv,similar,0.938,tekiseika-hou-num-s37,tekiseika-todoke-num-s40,,適正化法：5年ごとに更新の数値,適正化法届出：5年ごとに更新の数値
numbers.csv,numbers.csv,similar,0.938,tekiseika-hou-num-s37,tekiseika-todoke-num-s41,,適正化法：5年ごとに更新の数値,適正化法届出：5年ごとに更新の数値
numbers.csv,numbers.csv,similar,0.938,tekiseika-hou-num-s37,tekiseika-todoke-num-s42,,適正化法：5年ごとに更新の数値,適正化法届出：5年ごとに更新の数値
numbers.csv,numbers.csv,similar,0.938,tekiseika-hou-num-s37,tekiseika-todoke-num-s43,,適正化法：5年ごとに更新の数値,適正化法届出：5年ごとに更新の数値
numbers.csv,numbers.csv,similar,0.938,tekiseika-hou-num-s37,tekiseika-todoke-num-s44,,適正化法：5年ごとに更新の数値,適正化法届出：5年ごとに更新の数値
numbers.csv,numbers.csv,exact,1.000,kubun-shoyu-num-s37,kubun-shoyu-num-s38,区分所有：床面積割合の数値,,
numbers.csv,numbers.csv,exact,1.000,kubun-shoyu-num-s37,kubun-shoyu-num-s39,区分所有：床面積割合の数値,,
numbers.csv,numbers.csv,exact,1.000,kanrinin-num-s37,kanrinin-num-s38,管理員：一定規模以上の数値,,
numbers.csv,numbers.csv,exact,1.000,kanrinin-num-s37,kanrinin-num-s39,管理員：一定規模以上の数値,,
numbers.csv,numbers.csv,similar,0.929,kanrinin-num-s37,kanrinin-kyouiku-num-s40,,管理員：一定規模以上の数値,管理員教育：一定規模以上の数値
numbers.csv,numbers.csv,similar,0.929,kanrinin-num-s37,kanrinin-kyouiku-num-s41,,管理員：一定規模以上の数値,管理員教育：一定規模以上の数値
numbers.csv,numbers.csv,similar,0.929,kanrinin-num-s37,kanrinin-kyouiku-num-s42,,管理員：一定規模以上の数値,管理員教育：一定規模以上の数値
numbers.csv,numbers.csv,similar,0.929,kanrinin-num-s37,kanrinin-kyouiku-num-s43,,管理員：一定規模以上の数値,管理員教育：一定規模以上の数値
numbers.csv,numbers.csv,similar,0.929,kanrinin-num-s37,kanrinin-kyouiku-num-s44,,管理員：一定規模以上の数値,管理員教育：一定規模以上の数値
numbers.csv,numbers.csv,exact,1.000,kaikei-kansa-num-s37,kaikei-kansa-num-s38,会計監査：規約・実務で定めるの数値,,
numbers.csv,numbers.csv,exact,1.000,kaikei-kansa-num-s37,kaikei-kansa-num-s39,会計監査：規約・実務で定めるの数値,,
numbers.csv,numbers.csv,exact,1.000,tatekae-num-s37,tatekae-num-s38,建替え：5分の4以上の数値,,
numbers.csv,numbers.csv,exact,1.000,tatekae-num-s37,tatekae-num-s39,建替え：5分の4以上の数値,,
numbers.csv,numbers.csv,similar,0.929,tatekae-num-s37,tatekae-tetsuzuki-num-s40,,建替え：5分の4以上の数値,建替え手続：5分の4以上の数値
numbers.csv,numbers.csv,similar,0.929,tatekae-num-s37,tatekae-tetsuzuki-num-s41,,建替え：5分の4以上の数値,建替え手続：5分の4以上の数値
numbers.csv,numbers.csv,similar,0.929,tatekae-num-s37,tatekae-tetsuzuki-num-s42,,建替え：5分の4以上の数値,建替え手続：5分の4以上の数値
numbers.csv,numbers.csv,similar,0.929,tatekae-num-s37,tatekae-tetsuzuki-num-s43,,建替え：5分の4以上の数値,建替え手続：5分の4以上の数値
numbers.csv,numbers.csv,similar,0.929,tatekae-num-s37,tatekae-tetsuzuki-num-s44,,建替え：5分の4以上の数値,建替え手続：5分の4以上の数値
numbers.csv,numbers.csv,exact,1.000,kangyou-shiken-num-s37,kangyou-shiken-num-s38,管業試験：50問の数値,,
numbers.csv,numbers.csv,exact,1.000,kangyou-shiken-num-s37,kangyou-shiken-num-s39,管業試験：50問の数値,,
numbers.csv,numbers.csv,exact,1.000,kumiai-unyou-num-s38,kumiai-unyou-num-s39,管理組合運営：組合の基本決定の数値,,
numbers.csv,numbers.csv,exact,1.000,shuzen-tumitate-num-s38,shuzen-tumitate-num-s39,修繕積立：12年目安の数値,,
numbers.csv,numbers.csv,exact,1.000,sokai-unyou-num-s38,sokai-unyou-num-s39,総会運営：招集通知は規約で定めるの数値,,
numbers.csv,numbers.csv,exact,1.000,kanri-itaku-num-s38,kanri-itaku-num-s39,管理委託：委託契約は組合が締結の数値,,
numbers.csv,numbers.csv,exact,1.000,tekiseika-hou-num-s38,tekiseika-hou-num-s39,適正化法：5年ごとに更新の数値,,
numbers.csv,numbers.csv,similar,0.938,tekiseika-hou-num-s38,tekiseika-todoke-num-s40,,適正化法：5年ごとに更新の数値,適正化法届出：5年ごとに更新の数値
numbers.csv,numbers.csv,similar,0.938,tekiseika-hou-num-s38,tekiseika-todoke-num-s41,,適正化法：5年ごとに更新の数値,適正化法届出：5年ごとに更新の数値
numbers.csv,numbers.csv,similar,0.938,tekiseika-hou-num-s38,tekiseika-todoke-num-s42,,適正化法：5年ごとに更新の数値,適正化法届出：5年ごとに更新の数値
numbers.csv,numbers.csv,similar,0.938,tekiseika-hou-num-s38,tekiseika-todoke-num-s43,,適正化法：5年ごとに更新の数値,適正化法届出：5年ごとに更新の数値
numbers.csv,numbers.csv,similar,0.938,tekiseika-hou-num-s38,tekiseika-todoke-num-s44,,適正化法：5年ごとに更新の数値,適正化法届出：5年ごとに更新の数値
numbers.csv,numbers.csv,exact,1.000,kubun-shoyu-num-s38,kubun-shoyu-num-s39,区分所有：床面積割合の数値,,
numbers.csv,numbers.csv,exact,1.000,kanrinin-num-s38,kanrinin-num-s39,管理員：一定規模以上の数値,,
numbers.csv,numbers.csv,similar,0.929,kanrinin-num-s38,kanrinin-kyouiku-num-s40,,管理員：一定規模以上の数値,管理員教育：一定規模以上の数値
numbers.csv,numbers.csv,similar,0.929,kanrinin-num-s38,kanrinin-kyouiku-num-s41,,管理員：一定規模以上の数値,管理員教育：一定規模以上の数値
numbers.csv,numbers.csv,similar,0.929,kanrinin-num-s38,kanrinin-kyouiku-num-s42,,管理員：一定規模以上の数値,管理員教育：一定規模以上の数値
numbers.csv,numbers.csv,similar,0.929,kanrinin-num-s38,kanrinin-kyouiku-num-s43,,管理員：一定規模以上の数値,管理員教育：一定規模以上の数値
numbers.csv,numbers.csv,similar,0.929,kanrinin-num-s38,kanrinin-kyouiku-num-s44,,管理員：一定規模以上の数値,管理員教育：一定規模以上の数値
numbers.csv,numbers.csv,exact,1.000,kaikei-kansa-num-s38,kaikei-kansa-num-s39,会計監査：規約・実務で定めるの数値,,
numbers.csv,numbers.csv,exact,1.000,tatekae-num-s38,tatekae-num-s39,建替え：5分の4以上の数値,,
numbers.csv,numbers.csv,similar,0.929,tatekae-num-s38,tatekae-tetsuzuki-num-s40,,建替え：5分の4以上の数値,建替え手続：5分の4以上の数値
numbers.csv,numbers.csv,similar,0.929,tatekae-num-s38,tatekae-tetsuzuki-num-s41,,建替え：5分の4以上の数値,建替え手続：5分の4以上の数値
numbers.csv,numbers.csv,similar,0.929,tatekae-num-s38,tatekae-tetsuzuki-num-s42,,建替え：5分の4以上の数値,建替え手続：5分の4以上の数値
numbers.csv,numbers.csv,similar,0.929,tatekae-num-s38,tatekae-tetsuzuki-num-s43,,建替え：5分の4以上の数値,建替え手続：5分の4以上の数値
numbers.csv,numbers.csv,similar,0.929,tatekae-num-s38,tatekae-tetsuzuki-num-s44,,建替え：5分の4以上の数値,建替え手続：5分の4以上の数値
numbers.csv,numbers.csv,exact,1.000,kangyou-shiken-num-s38,kangyou-shiken-num-s39,管業試験：50問の数値,,
numbers.csv,numbers.csv,similar,0.938,tekiseika-hou-num-s39,tekiseika-todoke-num-s40,,適正化法：5年ごとに更新の数値,適正化法届出：5年ごとに更新の数値
numbers.csv,numbers.csv,similar,0.938,tekiseika-hou-num-s39,tekiseika-todoke-num-s41,,適正化法：5年ごとに更新の数値,適正化法届出：5年ごとに更新の数値
numbers.csv,numbers.csv,similar,0.938,tekiseika-hou-num-s39,tekiseika-todoke-num-s42,,適正化法：5年ごとに更新の数値,適正化法届出：5年ごとに更新の数値
numbers.csv,numbers.csv,similar,0.938,tekiseika-hou-num-s39,tekiseika-todoke-num-s43,,適正化法：5年ごとに更新の数値,適正化法届出：5年ごとに更新の数値
numbers.csv,numbers.csv,similar,0.938,tekiseika-hou-num-s39,tekiseika-todoke-num-s44,,適正化法：5年ごとに更新の数値,適正化法届出：5年ごとに更新の数値
numbers.csv,numbers.csv,similar,0.929,kanrinin-num-s39,kanrinin-kyouiku-num-s40,,管理員：一定規模以上の数値,管理員教育：一定規模以上の数値
numbers.csv,numbers.csv,similar,0.929,kanrinin-num-s39,kanrinin-kyouiku-num-s41,,管理員：一定規模以上の数値,管理員教育：一定規模以上の数値
numbers.csv,numbers.csv,similar,0.929,kanrinin-num-s39,kanrinin-kyouiku-num-s42,,管理員：一定規模以上の数値,管理員教育：一定規模以上の数値
numbers.csv,numbers.csv,similar,0.929,kanrinin-num-s39,kanrinin-kyouiku-num-s43,,管理員：一定規模以上の数値,管理員教育：一定規模以上の数値
numbers.csv,numbers.csv,similar,0.929,kanrinin-num-s39,kanrinin-kyouiku-num-s44,,管理員：一定規模以上の数値,管理員教育：一定規模以上の数値
numbers.csv,numbers.csv,similar,0.929,tatekae-num-s39,tatekae-tetsuzuki-num-s40,,建替え：5分の4以上の数値,建替え手続：5分の4以上の数値
numbers.csv,numbers.csv,similar,0.929,tatekae-num-s39,tatekae-tetsuzuki-num-s41,,建替え：5分の4以上の数値,建替え手続：5分の4以上の数値
numbers.csv,numbers.csv,similar,0.929,tatekae-num-s39,tatekae-tetsuzuki-num-s42,,建替え：5分の4以上の数値,建替え手続：5分の4以上の数値
numbers.csv,numbers.csv,similar,0.929,tatekae-num-s39,tatekae-tetsuzuki-num-s43,,建替え：5分の4以上の数値,建替え手続：5分の4以上の数値
numbers.csv,numbers.csv,similar,0.929,tatekae-num-s39,tatekae-tetsuzuki-num-s44,,建替え：5分の4以上の数値,建替え手続：5分の4以上の数値
numbers.csv,numbers.csv,exact,1.000,kumiai-kansa-num-s40,kumiai-kansa-num-s41,管理組合監査：規約・実務で定めるの数値,,
numbers.csv,numbers.csv,exact,1.000,kumiai-kansa-num-s40,kumiai-kansa-num-s42,管理組合監査：規約・実務で定めるの数値,,
numbers.csv,numbers.csv,exact,1.000,kumiai-kansa-num-s40,kumiai-kansa-num-s43,管理組合監査：規約・実務で定めるの数値,,
numbers.csv,numbers.csv,exact,1.000,kumiai-kansa-num-s40,kumiai-kansa-num-s44,管理組合監査：規約・実務で定めるの数値,,
numbers.csv,numbers.csv,exact,1.000,shuzen-kouji-num-s40,shuzen-kouji-num-s41,修繕工事：積立金取崩しの数値,,
numbers.csv,numbers.csv,exact,1.000,shuzen-kouji-num-s40,shuzen-kouji-num-s42,修繕工事：積立金取崩しの数値,,
numbers.csv,numbers.csv,exact,1.000,shuzen-kouji-num-s40,shuzen-kouji-num-s43,修繕工事：積立金取崩しの数値,,
numbers.csv,numbers.csv,exact,1.000,shuzen-kouji-num-s40,shuzen-kouji-num-s44,修繕工事：積立金取崩しの数値,,
numbers.csv,numbers.csv,exact,1.000,sokai-shoushu-num-s40,sokai-shoushu-num-s41,総会招集：招集通知期間の数値,,
numbers.csv,numbers.csv,exact,1.000,sokai-shoushu-num-s40,sokai-shoushu-num-s42,総会招集：招集通知期間の数値,,
numbers.csv,numbers.csv,exact,1.000,sokai-shoushu-num-s40,sokai-shoushu-num-s43,総会招集：招集通知期間の数値,,
numbers.csv,numbers.csv,exact,1.000,sokai-shoushu-num-s40,sokai-shoushu-num-s44,総会招集：招集通知期間の数値,,
numbers.csv,numbers.csv,exact,1.000,kanri-itaku-koushin-num-s40,kanri-itaku-koushin-num-s41,管理委託更新：契約期間・更新の数値,,
numbers.csv,numbers.csv,exact,1.000,kanri-itaku-koushin-num-s40,kanri-itaku-koushin-num-s42,管理委託更新：契約期間・更新の数値,,
numbers.csv,numbers.csv,exact,1.000,kanri-itaku-koushin-num-s40,kanri-itaku-koushin-num-s43,管理委託更新：契約期間・更新の数値,,
numbers.csv,numbers.csv,exact,1.000,kanri-itaku-koushin-num-s40,kanri-itaku-koushin-num-s44,管理委託更新：契約期間・更新の数値,,
numbers.csv,numbers.csv,exact,1.000,tekiseika-todoke-num-s40,tekiseika-todoke-num-s41,適正化法届出：5年ごとに更新の数値,,
numbers.csv,numbers.csv,exact,1.000,tekiseika-todoke-num-s40,tekiseika-todoke-num-s42,適正化法届出：5年ごとに更新の数値,,
numbers.csv,numbers.csv,exact,1.000,tekiseika-todoke-num-s40,tekiseika-todoke-num-s43,適正化法届出：5年ごとに更新の数値,,
numbers.csv,numbers.csv,exact,1.000,tekiseika-todoke-num-s40,tekiseika-todoke-num-s44,適正化法届出：5年ごとに更新の数値,,
numbers.csv,numbers.csv,exact,1.000,senyu-kanri-num-s40,senyu-kanri-num-s41,専有部管理：立入り・通知の数値,,
numbers.csv,numbers.csv,exact,1.000,senyu-kanri-num-s40,senyu-kanri-num-s42,専有部管理：立入り・通知の数値,,
numbers.csv,numbers.csv,exact,1.000,senyu-kanri-num-s40,senyu-kanri-num-s43,専有部管理：立入り・通知の数値,,
numbers.csv,numbers.csv,exact,1.000,senyu-kanri-num-s40,senyu-kanri-num-s44,専有部管理：立入り・通知の数値,,
numbers.csv,numbers.csv,exact,1.000,kanrinin-kyouiku-num-s40,kanrinin-kyouiku-num-s41,管理員教育：一定規模以上の数値,,
numbers.csv,numbers.csv,exact,1.000,kanrinin-kyouiku-num-s40,kanrinin-kyouiku-num-s42,管理員教育：一定規模以上の数値,,
numbers.csv,numbers.csv,exact,1.000,kanrinin-kyouiku-num-s40,kanrinin-kyouiku-num-s43,管理員教育：一定規模以上の数値,,
numbers.csv,numbers.csv,exact,1.000,kanrinin-kyouiku-num-s40,kanrinin-kyouiku-num-s44,管理員教育：一定規模以上の数値,,
numbers.csv,numbers.csv,exact,1.000,kaikei-houkoku-num-s40,kaikei-houkoku-num-s41,会計報告：区分会計・報告の数値,,
numbers.csv,numbers.csv,exact,1.000,kaikei-houkoku-num-s40,kaikei-houkoku-num-s42,会計報告：区分会計・報告の数値,,
numbers.csv,numbers.csv,exact,1.000,kaikei-houkoku-num-s40,kaikei-houkoku-num-s43,会計報告：区分会計・報告の数値,,
numbers.csv,numbers.csv,exact,1.000,kaikei-houkoku-num-s40,kaikei-houkoku-num-s44,会計報告：区分会計・報告の数値,,
numbers.csv,numbers.csv,exact,1.000,tatekae-tetsuzuki-num-s40,tatekae-tetsuzuki-num-s41,建替え手続：5分の4以上の数値,,
numbers.csv,numbers.csv,exact,1.000,tatekae-tetsuzuki-num-s40,tatekae-tetsuzuki-num-s42,建替え手続：5分の4以上の数値,,
numbers.csv,numbers.csv,exact,1.000,tatekae-tetsuzuki-num-s40,tatekae-tetsuzuki-num-s43,建替え手続：5分の4以上の数値,,
numbers.csv,numbers.csv,exact,1.000,tatekae-tetsuzuki-num-s40,tatekae-tetsuzuki-num-s44,建替え手続：5分の4以上の数値,,
numbers.csv,numbers.csv,exact,1.000,kangyou-chokuzen-num-s40,kangyou-chokuzen-num-s41,管業直前：50問の数値,,
numbers.csv,numbers.csv,exact,1.000,kangyou-chokuzen-num-s40,kangyou-chokuzen-num-s42,管業直前：50問の数値,,
numbers.csv,numbers.csv,exact,1.000,kangyou-chokuzen-num-s40,kangyou-chokuzen-num-s43,管業直前：50問の数値,,
numbers.csv,numbers.csv,exact,1.000,kangyou-chokuzen-num-s40,kangyou-chokuzen-num-s44,管業直前：50問の数値,,
numbers.csv,numbers.csv,exact,1.000,kumiai-kansa-num-s41,kumiai-kansa-num-s42,管理組合監査：規約・実務で定めるの数値,,
numbers.csv,numbers.csv,exact,1.000,kumiai-kansa-num-s41,kumiai-kansa-num-s43,管理組合監査：規約・実務で定めるの数値,,
numbers.csv,numbers.csv,exact,1.000,kumiai-kansa-num-s41,kumiai-kansa-num-s44,管理組合監査：規約・実務で定めるの数値,,
numbers.csv,numbers.csv,exact,1.000,shuzen-kouji-num-s41,shuzen-kouji-num-s42,修繕工事：積立金取崩しの数値,,
numbers.csv,numbers.csv,exact,1.000,shuzen-kouji-num-s41,shuzen-kouji-num-s43,修繕工事：積立金取崩しの数値,,
numbers.csv,numbers.csv,exact,1.000,shuzen-kouji-num-s41,shuzen-kouji-num-s44,修繕工事：積立金取崩しの数値,,
numbers.csv,numbers.csv,exact,1.000,sokai-shoushu-num-s41,sokai-shoushu-num-s42,総会招集：招集通知期間の数値,,
numbers.csv,numbers.csv,exact,1.000,sokai-shoushu-num-s41,sokai-shoushu-num-s43,総会招集：招集通知期間の数値,,
numbers.csv,numbers.csv,exact,1.000,sokai-shoushu-num-s41,sokai-shoushu-num-s44,総会招集：招集通知期間の数値,,
numbers.csv,numbers.csv,exact,1.000,kanri-itaku-koushin-num-s41,kanri-itaku-koushin-num-s42,管理委託更新：契約期間・更新の数値,,
numbers.csv,numbers.csv,exact,1.000,kanri-itaku-koushin-num-s41,kanri-itaku-koushin-num-s43,管理委託更新：契約期間・更新の数値,,
numbers.csv,numbers.csv,exact,1.000,kanri-itaku-koushin-num-s41,kanri-itaku-koushin-num-s44,管理委託更新：契約期間・更新の数値,,
numbers.csv,numbers.csv,exact,1.000,tekiseika-todoke-num-s41,tekiseika-todoke-num-s42,適正化法届出：5年ごとに更新の数値,,
numbers.csv,numbers.csv,exact,1.000,tekiseika-todoke-num-s41,tekiseika-todoke-num-s43,適正化法届出：5年ごとに更新の数値,,
numbers.csv,numbers.csv,exact,1.000,tekiseika-todoke-num-s41,tekiseika-todoke-num-s44,適正化法届出：5年ごとに更新の数値,,
numbers.csv,numbers.csv,exact,1.000,senyu-kanri-num-s41,senyu-kanri-num-s42,専有部管理：立入り・通知の数値,,
numbers.csv,numbers.csv,exact,1.000,senyu-kanri-num-s41,senyu-kanri-num-s43,専有部管理：立入り・通知の数値,,
numbers.csv,numbers.csv,exact,1.000,senyu-kanri-num-s41,senyu-kanri-num-s44,専有部管理：立入り・通知の数値,,
numbers.csv,numbers.csv,exact,1.000,kanrinin-kyouiku-num-s41,kanrinin-kyouiku-num-s42,管理員教育：一定規模以上の数値,,
numbers.csv,numbers.csv,exact,1.000,kanrinin-kyouiku-num-s41,kanrinin-kyouiku-num-s43,管理員教育：一定規模以上の数値,,
numbers.csv,numbers.csv,exact,1.000,kanrinin-kyouiku-num-s41,kanrinin-kyouiku-num-s44,管理員教育：一定規模以上の数値,,
numbers.csv,numbers.csv,exact,1.000,kaikei-houkoku-num-s41,kaikei-houkoku-num-s42,会計報告：区分会計・報告の数値,,
numbers.csv,numbers.csv,exact,1.000,kaikei-houkoku-num-s41,kaikei-houkoku-num-s43,会計報告：区分会計・報告の数値,,
numbers.csv,numbers.csv,exact,1.000,kaikei-houkoku-num-s41,kaikei-houkoku-num-s44,会計報告：区分会計・報告の数値,,
numbers.csv,numbers.csv,exact,1.000,tatekae-tetsuzuki-num-s41,tatekae-tetsuzuki-num-s42,建替え手続：5分の4以上の数値,,
numbers.csv,numbers.csv,exact,1.000,tatekae-tetsuzuki-num-s41,tatekae-tetsuzuki-num-s43,建替え手続：5分の4以上の数値,,
numbers.csv,numbers.csv,exact,1.000,tatekae-tetsuzuki-num-s41,tatekae-tetsuzuki-num-s44,建替え手続：5分の4以上の数値,,
numbers.csv,numbers.csv,exact,1.000,kangyou-chokuzen-num-s41,kangyou-chokuzen-num-s42,管業直前：50問の数値,,
numbers.csv,numbers.csv,exact,1.000,kangyou-chokuzen-num-s41,kangyou-chokuzen-num-s43,管業直前：50問の数値,,
numbers.csv,numbers.csv,exact,1.000,kangyou-chokuzen-num-s41,kangyou-chokuzen-num-s44,管業直前：50問の数値,,
numbers.csv,numbers.csv,exact,1.000,kumiai-kansa-num-s42,kumiai-kansa-num-s43,管理組合監査：規約・実務で定めるの数値,,
numbers.csv,numbers.csv,exact,1.000,kumiai-kansa-num-s42,kumiai-kansa-num-s44,管理組合監査：規約・実務で定めるの数値,,
numbers.csv,numbers.csv,exact,1.000,shuzen-kouji-num-s42,shuzen-kouji-num-s43,修繕工事：積立金取崩しの数値,,
numbers.csv,numbers.csv,exact,1.000,shuzen-kouji-num-s42,shuzen-kouji-num-s44,修繕工事：積立金取崩しの数値,,
numbers.csv,numbers.csv,exact,1.000,sokai-shoushu-num-s42,sokai-shoushu-num-s43,総会招集：招集通知期間の数値,,
numbers.csv,numbers.csv,exact,1.000,sokai-shoushu-num-s42,sokai-shoushu-num-s44,総会招集：招集通知期間の数値,,
numbers.csv,numbers.csv,exact,1.000,kanri-itaku-koushin-num-s42,kanri-itaku-koushin-num-s43,管理委託更新：契約期間・更新の数値,,
numbers.csv,numbers.csv,exact,1.000,kanri-itaku-koushin-num-s42,kanri-itaku-koushin-num-s44,管理委託更新：契約期間・更新の数値,,
numbers.csv,numbers.csv,exact,1.000,tekiseika-todoke-num-s42,tekiseika-todoke-num-s43,適正化法届出：5年ごとに更新の数値,,
numbers.csv,numbers.csv,exact,1.000,tekiseika-todoke-num-s42,tekiseika-todoke-num-s44,適正化法届出：5年ごとに更新の数値,,
numbers.csv,numbers.csv,exact,1.000,senyu-kanri-num-s42,senyu-kanri-num-s43,専有部管理：立入り・通知の数値,,
numbers.csv,numbers.csv,exact,1.000,senyu-kanri-num-s42,senyu-kanri-num-s44,専有部管理：立入り・通知の数値,,
numbers.csv,numbers.csv,exact,1.000,kanrinin-kyouiku-num-s42,kanrinin-kyouiku-num-s43,管理員教育：一定規模以上の数値,,
numbers.csv,numbers.csv,exact,1.000,kanrinin-kyouiku-num-s42,kanrinin-kyouiku-num-s44,管理員教育：一定規模以上の数値,,
numbers.csv,numbers.csv,exact,1.000,kaikei-houkoku-num-s42,kaikei-houkoku-num-s43,会計報告：区分会計・報告の数値,,
numbers.csv,numbers.csv,exact,1.000,kaikei-houkoku-num-s42,kaikei-houkoku-num-s44,会計報告：区分会計・報告の数値,,
numbers.csv,numbers.csv,exact,1.000,tatekae-tetsuzuki-num-s42,tatekae-tetsuzuki-num-s43,建替え手続：5分の4以上の数値,,
numbers.csv,numbers.csv,exact,1.000,tatekae-tetsuzuki-num-s42,tatekae-tetsuzuki-num-s44,建替え手続：5分の4以上の数値,,
numbers.csv,numbers.csv,exact,1.000,kangyou-chokuzen-num-s42,kangyou-chokuzen-num-s43,管業直前：50問の数値,,
numbers.csv,numbers.csv,exact,1.000,kangyou-chokuzen-num-s42,kangyou-chokuzen-num-s44,管業直前：50問の数値,,
numbers.csv,numbers.csv,exact,1.000,kumiai-kansa-num-s43,kumiai-kansa-num-s44,管理組合監査：規約・実務で定めるの数値,,
numbers.csv,numbers.csv,exact,1.000,shuzen-kouji-num-s43,shuzen-kouji-num-s44,修繕工事：積立金取崩しの数値,,
numbers.csv,numbers.csv,exact,1.000,sokai-shoushu-num-s43,sokai-shoushu-num-s44,総会招集：招集通知期間の数値,,
numbers.csv,numbers.csv,exact,1.000,kanri-itaku-koushin-num-s43,kanri-itaku-koushin-num-s44,管理委託更新：契約期間・更新の数値,,
numbers.csv,numbers.csv,exact,1.000,tekiseika-todoke-num-s43,tekiseika-todoke-num-s44,適正化法届出：5年ごとに更新の数値,,
numbers.csv,numbers.csv,exact,1.000,senyu-kanri-num-s43,senyu-kanri-num-s44,専有部管理：立入り・通知の数値,,
numbers.csv,numbers.csv,exact,1.000,kanrinin-kyouiku-num-s43,kanrinin-kyouiku-num-s44,管理員教育：一定規模以上の数値,,
numbers.csv,numbers.csv,exact,1.000,kaikei-houkoku-num-s43,kaikei-houkoku-num-s44,会計報告：区分会計・報告の数値,,
numbers.csv,numbers.csv,exact,1.000,tatekae-tetsuzuki-num-s43,tatekae-tetsuzuki-num-s44,建替え手続：5分の4以上の数値,,
numbers.csv,numbers.csv,exact,1.000,kangyou-chokuzen-num-s43,kangyou-chokuzen-num-s44,管業直前：50問の数値,,
mistakes.csv,mistakes.csv,similar,0.889,manshi-kan-gyou-kongou,kanrin-kan-gyou-kongou,,管理士と管業の混同,管理員と管業の混同
mistakes.csv,mistakes.csv,similar,0.960,kanrinin-fuyo-s32,kanrinin-fuyo-s33,,管理員配置が不要とする誤り,管理員配置不要とする誤り
mistakes.csv,mistakes.csv,exact,1.000,tatekae-tokubetsu-same-s32,tatekae-toku-same-s33,建替えを特別決議と同一視する誤り,,
mistakes.csv,mistakes.csv,similar,0.914,tekisei-mankan-same-s32,tekisei-mankan-same-s34,,適正化法とマン管業法を同一視する誤り,適正化法とマン管業法を混同する誤り
mistakes.csv,mistakes.csv,similar,0.897,kanrisha-kiyaku-s32,kanrisha-kiyaku-s34,,管理者が規約変更できるとする誤り,管理者が規約変更できる誤り
mistakes.csv,mistakes.csv,exact,1.000,kumiai-unyou-mis-s35,kumiai-unyou-mis-s36,管理組合運営：管理組合と管理会社の混同誤り,,
mistakes.csv,mistakes.csv,exact,1.000,kumiai-unyou-mis-s35,kumiai-unyou-mis-s37,管理組合運営：管理組合と管理会社の混同誤り,,
mistakes.csv,mistakes.csv,exact,1.000,kumiai-unyou-mis-s35,kumiai-unyou-mis-s38,管理組合運営：管理組合と管理会社の混同誤り,,
mistakes.csv,mistakes.csv,exact,1.000,kumiai-unyou-mis-s35,kumiai-unyou-mis-s39,管理組合運営：管理組合と管理会社の混同誤り,,
mistakes.csv,mistakes.csv,exact,1.000,shuzen-tumitate-mis-s35,shuzen-tumitate-mis-s36,修繕積立：修繕積立金と修繕費の混同誤り,,
mistakes.csv,mistakes.csv,exact,1.000,shuzen-tumitate-mis-s35,shuzen-tumitate-mis-s37,修繕積立：修繕積立金と修繕費の混同誤り,,
mistakes.csv,mistakes.csv,exact,1.000,shuzen-tumitate-mis-s35,shuzen-tumitate-mis-s38,修繕積立：修繕積立金と修繕費の混同誤り,,
mistakes.csv,mistakes.csv,exact,1.000,shuzen-tumitate-mis-s35,shuzen-tumitate-mis-s39,修繕積立：修繕積立金と修繕費の混同誤り,,
mistakes.csv,mistakes.csv,similar,0.895,shuzen-tumitate-mis-s35,shuzen-kouji-mis-s40,,修繕積立：修繕積立金と修繕費の混同誤り,修繕工事：修繕積立金と修繕費の混同誤り
mistakes.csv,mistakes.csv,similar,0.895,shuzen-tumitate-mis-s35,shuzen-kouji-mis-s41,,修繕積立：修繕積立金と修繕費の混同誤り,修繕工事：修繕積立金と修繕費の混同誤り
mistakes.csv,mistakes.csv,similar,0.895,shuzen-tumitate-mis-s35,shuzen-kouji-mis-s42,,修繕積立：修繕積立金と修繕費の混同誤り,修繕工事：修繕積立金と修繕費の混同誤り
mistakes.csv,mistakes.csv,similar,0.895,shuzen-tumitate-mis-s35,shuzen-kouji-mis-s43,,修繕積立：修繕積立金と修繕費の混同誤り,修繕工事：修繕積立金と修繕費の混同誤り
mistakes.csv,mistakes.csv,similar,0.895,shuzen-tumitate-mis-s35,shuzen-kouji-mis-s44,,修繕積立：修繕積立金と修繕費の混同誤り,修繕工事：修繕積立金と修繕費の混同誤り
mistakes.csv,mistakes.csv,exact,1.000,sokai-unyou-mis-s35,sokai-unyou-mis-s36,総会運営：総会と理事会の混同誤り,,
mistakes.csv,mistakes.csv,exact,1.000,sokai-unyou-mis-s35,sokai-unyou-mis-s37,総会運営：総会と理事会の混同誤り,,
mistakes.csv,mistakes.csv,exact,1.000,sokai-unyou-mis-s35,sokai-unyou-mis-s38,総会運営：総会と理事会の混同誤り,,
mistakes.csv,mistakes.csv,exact,1.000,sokai-unyou-mis-s35,sokai-unyou-mis-s39,総会運営：総会と理事会の混同誤り,,
mistakes.csv,mistakes.csv,exact,1.000,kanri-itaku-mis-s35,kanri-itaku-mis-s36,管理委託：管理組合とマンション管理業者の混同誤り,,
mistakes.csv,mistakes.csv,exact,1.000,kanri-itaku-mis-s35,kanri-itaku-mis-s37,管理委託：管理組合とマンション管理業者の混同誤り,,
mistakes.csv,mistakes.csv,exact,1.000,kanri-itaku-mis-s35,kanri-itaku-mis-s38,管理委託：管理組合とマンション管理業者の混同誤り,,
mistakes.csv,mistakes.csv,exact,1.000,kanri-itaku-mis-s35,kanri-itaku-mis-s39,管理委託：管理組合とマンション管理業者の混同誤り,,
mistakes.csv,mistakes.csv,similar,0.960,kanri-itaku-mis-s35,kanri-itaku-koushin-mis-s40,,管理委託：管理組合とマンション管理業者の混同誤り,管理委託更新：管理組合とマンション管理業者の混同誤り
mistakes.csv,mistakes.csv,similar,0.960,kanri-itaku-mis-s35,kanri-itaku-koushin-mis-s41,,管理委託：管理組合とマンション管理業者の混同誤り,管理委託更新：管理組合とマンション管理業者の混同誤り
mistakes.csv,mistakes.csv,similar,0.960,kanri-itaku-mis-s35,kanri-itaku-koushin-mis-s42,,管理委託：管理組合とマンション管理業者の混同誤り,管理委託更新：管理組合とマンション管理業者の混同誤り
mistakes.csv,mistakes.csv,similar,0.960,kanri-itaku-mis-s35,kanri-itaku-koushin-mis-s43,,管理委託：管理組合とマンション管理業者の混同誤り,管理委託更新：管理組合とマンション管理業者の混同誤り
mistakes.csv,mistakes.csv,similar,0.960,kanri-itaku-mis-s35,kanri-itaku-koushin-mis-s44,,管理委託：管理組合とマンション管理業者の混同誤り,管理委託更新：管理組合とマンション管理業者の混同誤り
mistakes.csv,mistakes.csv,exact,1.000,tekiseika-hou-mis-s35,tekiseika-hou-mis-s36,適正化法：管理業務主任者の届出とマンション管理業者の混同誤り,,
mistakes.csv,mistakes.csv,exact,1.000,tekiseika-hou-mis-s35,tekiseika-hou-mis-s37,適正化法：管理業務主任者の届出とマンション管理業者の混同誤り,,
mistakes.csv,mistakes.csv,exact,1.000,tekiseika-hou-mis-s35,tekiseika-hou-mis-s38,適正化法：管理業務主任者の届出とマンション管理業者の混同誤り,,
mistakes.csv,mistakes.csv,exact,1.000,tekiseika-hou-mis-s35,tekiseika-hou-mis-s39,適正化法：管理業務主任者の届出とマンション管理業者の混同誤り,,
mistakes.csv,mistakes.csv,exact,1.000,kubun-shoyu-mis-s35,kubun-shoyu-mis-s36,区分所有：区分所有者と共用部分の混同誤り,,
mistakes.csv,mistakes.csv,exact,1.000,kubun-shoyu-mis-s35,kubun-shoyu-mis-s37,区分所有：区分所有者と共用部分の混同誤り,,
mistakes.csv,mistakes.csv,exact,1.000,kubun-shoyu-mis-s35,kubun-shoyu-mis-s38,区分所有：区分所有者と共用部分の混同誤り,,
mistakes.csv,mistakes.csv,exact,1.000,kubun-shoyu-mis-s35,kubun-shoyu-mis-s39,区分所有：区分所有者と共用部分の混同誤り,,
mistakes.csv,mistakes.csv,exact,1.000,kanrinin-mis-s35,kanrinin-mis-s36,管理員：管理員と管理業務主任者の混同誤り,,
mistakes.csv,mistakes.csv,exact,1.000,kanrinin-mis-s35,kanrinin-mis-s37,管理員：管理員と管理業務主任者の混同誤り,,
mistakes.csv,mistakes.csv,exact,1.000,kanrinin-mis-s35,kanrinin-mis-s38,管理員：管理員と管理業務主任者の混同誤り,,
mistakes.csv,mistakes.csv,exact,1.000,kanrinin-mis-s35,kanrinin-mis-s39,管理員：管理員と管理業務主任者の混同誤り,,
mistakes.csv,mistakes.csv,similar,0.952,kanrinin-mis-s35,kanrinin-kyouiku-mis-s40,,管理員：管理員と管理業務主任者の混同誤り,管理員教育：管理員と管理業務主任者の混同誤り
mistakes.csv,mistakes.csv,similar,0.952,kanrinin-mis-s35,kanrinin-kyouiku-mis-s41,,管理員：管理員と管理業務主任者の混同誤り,管理員教育：管理員と管理業務主任者の混同誤り
mistakes.csv,mistakes.csv,similar,0.952,kanrinin-mis-s35,kanrinin-kyouiku-mis-s42,,管理員：管理員と管理業務主任者の混同誤り,管理員教育：管理員と管理業務主任者の混同誤り
mistakes.csv,mistakes.csv,similar,0.952,kanrinin-mis-s35,kanrinin-kyouiku-mis-s43,,管理員：管理員と管理業務主任者の混同誤り,管理員教育：管理員と管理業務主任者の混同誤り
mistakes.csv,mistakes.csv,similar,0.952,kanrinin-mis-s35,kanrinin-kyouiku-mis-s44,,管理員：管理員と管理業務主任者の混同誤り,管理員教育：管理員と管理業務主任者の混同誤り
mistakes.csv,mistakes.csv,exact,1.000,kaikei-kansa-mis-s35,kaikei-kansa-mis-s36,会計監査：監査と管理組合会計の混同誤り,,
mistakes.csv,mistakes.csv,exact,1.000,kaikei-kansa-mis-s35,kaikei-kansa-mis-s37,会計監査：監査と管理組合会計の混同誤り,,
mistakes.csv,mistakes.csv,exact,1.000,kaikei-kansa-mis-s35,kaikei-kansa-mis-s38,会計監査：監査と管理組合会計の混同誤り,,
mistakes.csv,mistakes.csv,exact,1.000,kaikei-kansa-mis-s35,kaikei-kansa-mis-s39,会計監査：監査と管理組合会計の混同誤り,,
mistakes.csv,mistakes.csv,exact,1.000,tatekae-mis-s35,tatekae-mis-s36,建替え：建替えと特別決議の混同誤り,,
mistakes.csv,mistakes.csv,exact,1.000,tatekae-mis-s35,tatekae-mis-s37,建替え：建替えと特別決議の混同誤り,,
mistakes.csv,mistakes.csv,exact,1.000,tatekae-mis-s35,tatekae-mis-s38,建替え：建替えと特別決議の混同誤り,,
mistakes.csv,mistakes.csv,exact,1.000,tatekae-mis-s35,tatekae-mis-s39,建替え：建替えと特別決議の混同誤り,,
mistakes.csv,mistakes.csv,similar,0.944,tatekae-mis-s35,tatekae-tetsuzuki-mis-s40,,建替え：建替えと特別決議の混同誤り,建替え手続：建替えと特別決議の混同誤り
mistakes.csv,mistakes.csv,similar,0.944,tatekae-mis-s35,tatekae-tetsuzuki-mis-s41,,建替え：建替えと特別決議の混同誤り,建替え手続：建替えと特別決議の混同誤り
mistakes.csv,mistakes.csv,similar,0.944,tatekae-mis-s35,tatekae-tetsuzuki-mis-s42,,建替え：建替えと特別決議の混同誤り,建替え手続：建替えと特別決議の混同誤り
mistakes.csv,mistakes.csv,similar,0.944,tatekae-mis-s35,tatekae-tetsuzuki-mis-s43,,建替え：建替えと特別決議の混同誤り,建替え手続：建替えと特別決議の混同誤り
mistakes.csv,mistakes.csv,similar,0.944,tatekae-mis-s35,tatekae-tetsuzuki-mis-s44,,建替え：建替えと特別決議の混同誤り,建替え手続：建替えと特別決議の混同誤り
mistakes.csv,mistakes.csv,exact,1.000,kangyou-shiken-mis-s35,kangyou-shiken-mis-s36,管業試験：管理業務主任者試験とマンション管理士の混同誤り,,
mistakes.csv,mistakes.csv,exact,1.000,kangyou-shiken-mis-s35,kangyou-shiken-mis-s37,管業試験：管理業務主任者試験とマンション管理士の混同誤り,,
mistakes.csv,mistakes.csv,exact,1.000,kangyou-shiken-mis-s35,kangyou-shiken-mis-s38,管業試験：管理業務主任者試験とマンション管理士の混同誤り,,
mistakes.csv,mistakes.csv,exact,1.000,kangyou-shiken-mis-s35,kangyou-shiken-mis-s39,管業試験：管理業務主任者試験とマンション管理士の混同誤り,,
mistakes.csv,mistakes.csv,similar,0.929,kangyou-shiken-mis-s35,kangyou-chokuzen-mis-s40,,管業試験：管理業務主任者試験とマンション管理士の混同誤り,管業直前：管理業務主任者試験とマンション管理士の混同誤り
mistakes.csv,mistakes.csv,similar,0.929,kangyou-shiken-mis-s35,kangyou-chokuzen-mis-s41,,管業試験：管理業務主任者試験とマンション管理士の混同誤り,管業直前：管理業務主任者試験とマンション管理士の混同誤り
mistakes.csv,mistakes.csv,similar,0.929,kangyou-shiken-mis-s35,kangyou-chokuzen-mis-s42,,管業試験：管理業務主任者試験とマンション管理士の混同誤り,管業直前：管理業務主任者試験とマンション管理士の混同誤り
mistakes.csv,mistakes.csv,similar,0.929,kangyou-shiken-mis-s35,kangyou-chokuzen-mis-s43,,管業試験：管理業務主任者試験とマンション管理士の混同誤り,管業直前：管理業務主任者試験とマンション管理士の混同誤り
mistakes.csv,mistakes.csv,similar,0.929,kangyou-shiken-mis-s35,kangyou-chokuzen-mis-s44,,管業試験：管理業務主任者試験とマンション管理士の混同誤り,管業直前：管理業務主任者試験とマンション管理士の混同誤り
mistakes.csv,mistakes.csv,exact,1.000,kumiai-unyou-mis-s36,kumiai-unyou-mis-s37,管理組合運営：管理組合と管理会社の混同誤り,,
mistakes.csv,mistakes.csv,exact,1.000,kumiai-unyou-mis-s36,kumiai-unyou-mis-s38,管理組合運営：管理組合と管理会社の混同誤り,,
mistakes.csv,mistakes.csv,exact,1.000,kumiai-unyou-mis-s36,kumiai-unyou-mis-s39,管理組合運営：管理組合と管理会社の混同誤り,,
mistakes.csv,mistakes.csv,exact,1.000,shuzen-tumitate-mis-s36,shuzen-tumitate-mis-s37,修繕積立：修繕積立金と修繕費の混同誤り,,
mistakes.csv,mistakes.csv,exact,1.000,shuzen-tumitate-mis-s36,shuzen-tumitate-mis-s38,修繕積立：修繕積立金と修繕費の混同誤り,,
mistakes.csv,mistakes.csv,exact,1.000,shuzen-tumitate-mis-s36,shuzen-tumitate-mis-s39,修繕積立：修繕積立金と修繕費の混同誤り,,
mistakes.csv,mistakes.csv,similar,0.895,shuzen-tumitate-mis-s36,shuzen-kouji-mis-s40,,修繕積立：修繕積立金と修繕費の混同誤り,修繕工事：修繕積立金と修繕費の混同誤り
mistakes.csv,mistakes.csv,similar,0.895,shuzen-tumitate-mis-s36,shuzen-kouji-mis-s41,,修繕積立：修繕積立金と修繕費の混同誤り,修繕工事：修繕積立金と修繕費の混同誤り
mistakes.csv,mistakes.csv,similar,0.895,shuzen-tumitate-mis-s36,shuzen-kouji-mis-s42,,修繕積立：修繕積立金と修繕費の混同誤り,修繕工事：修繕積立金と修繕費の混同誤り
mistakes.csv,mistakes.csv,similar,0.895,shuzen-tumitate-mis-s36,shuzen-kouji-mis-s43,,修繕積立：修繕積立金と修繕費の混同誤り,修繕工事：修繕積立金と修繕費の混同誤り
mistakes.csv,mistakes.csv,similar,0.895,shuzen-tumitate-mis-s36,shuzen-kouji-mis-s44,,修繕積立：修繕積立金と修繕費の混同誤り,修繕工事：修繕積立金と修繕費の混同誤り
mistakes.csv,mistakes.csv,exact,1.000,sokai-unyou-mis-s36,sokai-unyou-mis-s37,総会運営：総会と理事会の混同誤り,,
mistakes.csv,mistakes.csv,exact,1.000,sokai-unyou-mis-s36,sokai-unyou-mis-s38,総会運営：総会と理事会の混同誤り,,
mistakes.csv,mistakes.csv,exact,1.000,sokai-unyou-mis-s36,sokai-unyou-mis-s39,総会運営：総会と理事会の混同誤り,,
mistakes.csv,mistakes.csv,exact,1.000,kanri-itaku-mis-s36,kanri-itaku-mis-s37,管理委託：管理組合とマンション管理業者の混同誤り,,
mistakes.csv,mistakes.csv,exact,1.000,kanri-itaku-mis-s36,kanri-itaku-mis-s38,管理委託：管理組合とマンション管理業者の混同誤り,,
mistakes.csv,mistakes.csv,exact,1.000,kanri-itaku-mis-s36,kanri-itaku-mis-s39,管理委託：管理組合とマンション管理業者の混同誤り,,
mistakes.csv,mistakes.csv,similar,0.960,kanri-itaku-mis-s36,kanri-itaku-koushin-mis-s40,,管理委託：管理組合とマンション管理業者の混同誤り,管理委託更新：管理組合とマンション管理業者の混同誤り
mistakes.csv,mistakes.csv,similar,0.960,kanri-itaku-mis-s36,kanri-itaku-koushin-mis-s41,,管理委託：管理組合とマンション管理業者の混同誤り,管理委託更新：管理組合とマンション管理業者の混同誤り
mistakes.csv,mistakes.csv,similar,0.960,kanri-itaku-mis-s36,kanri-itaku-koushin-mis-s42,,管理委託：管理組合とマンション管理業者の混同誤り,管理委託更新：管理組合とマンション管理業者の混同誤り
mistakes.csv,mistakes.csv,similar,0.960,kanri-itaku-mis-s36,kanri-itaku-koushin-mis-s43,,管理委託：管理組合とマンション管理業者の混同誤り,管理委託更新：管理組合とマンション管理業者の混同誤り
mistakes.csv,mistakes.csv,similar,0.960,kanri-itaku-mis-s36,kanri-itaku-koushin-mis-s44,,管理委託：管理組合とマンション管理業者の混同誤り,管理委託更新：管理組合とマンション管理業者の混同誤り
mistakes.csv,mistakes.csv,exact,1.000,tekiseika-hou-mis-s36,tekiseika-hou-mis-s37,適正化法：管理業務主任者の届出とマンション管理業者の混同誤り,,
mistakes.csv,mistakes.csv,exact,1.000,tekiseika-hou-mis-s36,tekiseika-hou-mis-s38,適正化法：管理業務主任者の届出とマンション管理業者の混同誤り,,
mistakes.csv,mistakes.csv,exact,1.000,tekiseika-hou-mis-s36,tekiseika-hou-mis-s39,適正化法：管理業務主任者の届出とマンション管理業者の混同誤り,,
mistakes.csv,mistakes.csv,exact,1.000,kubun-shoyu-mis-s36,kubun-shoyu-mis-s37,区分所有：区分所有者と共用部分の混同誤り,,
mistakes.csv,mistakes.csv,exact,1.000,kubun-shoyu-mis-s36,kubun-shoyu-mis-s38,区分所有：区分所有者と共用部分の混同誤り,,
mistakes.csv,mistakes.csv,exact,1.000,kubun-shoyu-mis-s36,kubun-shoyu-mis-s39,区分所有：区分所有者と共用部分の混同誤り,,
mistakes.csv,mistakes.csv,exact,1.000,kanrinin-mis-s36,kanrinin-mis-s37,管理員：管理員と管理業務主任者の混同誤り,,
mistakes.csv,mistakes.csv,exact,1.000,kanrinin-mis-s36,kanrinin-mis-s38,管理員：管理員と管理業務主任者の混同誤り,,
mistakes.csv,mistakes.csv,exact,1.000,kanrinin-mis-s36,kanrinin-mis-s39,管理員：管理員と管理業務主任者の混同誤り,,
mistakes.csv,mistakes.csv,similar,0.952,kanrinin-mis-s36,kanrinin-kyouiku-mis-s40,,管理員：管理員と管理業務主任者の混同誤り,管理員教育：管理員と管理業務主任者の混同誤り
mistakes.csv,mistakes.csv,similar,0.952,kanrinin-mis-s36,kanrinin-kyouiku-mis-s41,,管理員：管理員と管理業務主任者の混同誤り,管理員教育：管理員と管理業務主任者の混同誤り
mistakes.csv,mistakes.csv,similar,0.952,kanrinin-mis-s36,kanrinin-kyouiku-mis-s42,,管理員：管理員と管理業務主任者の混同誤り,管理員教育：管理員と管理業務主任者の混同誤り
mistakes.csv,mistakes.csv,similar,0.952,kanrinin-mis-s36,kanrinin-kyouiku-mis-s43,,管理員：管理員と管理業務主任者の混同誤り,管理員教育：管理員と管理業務主任者の混同誤り
mistakes.csv,mistakes.csv,similar,0.952,kanrinin-mis-s36,kanrinin-kyouiku-mis-s44,,管理員：管理員と管理業務主任者の混同誤り,管理員教育：管理員と管理業務主任者の混同誤り
mistakes.csv,mistakes.csv,exact,1.000,kaikei-kansa-mis-s36,kaikei-kansa-mis-s37,会計監査：監査と管理組合会計の混同誤り,,
mistakes.csv,mistakes.csv,exact,1.000,kaikei-kansa-mis-s36,kaikei-kansa-mis-s38,会計監査：監査と管理組合会計の混同誤り,,
mistakes.csv,mistakes.csv,exact,1.000,kaikei-kansa-mis-s36,kaikei-kansa-mis-s39,会計監査：監査と管理組合会計の混同誤り,,
mistakes.csv,mistakes.csv,exact,1.000,tatekae-mis-s36,tatekae-mis-s37,建替え：建替えと特別決議の混同誤り,,
mistakes.csv,mistakes.csv,exact,1.000,tatekae-mis-s36,tatekae-mis-s38,建替え：建替えと特別決議の混同誤り,,
mistakes.csv,mistakes.csv,exact,1.000,tatekae-mis-s36,tatekae-mis-s39,建替え：建替えと特別決議の混同誤り,,
mistakes.csv,mistakes.csv,similar,0.944,tatekae-mis-s36,tatekae-tetsuzuki-mis-s40,,建替え：建替えと特別決議の混同誤り,建替え手続：建替えと特別決議の混同誤り
mistakes.csv,mistakes.csv,similar,0.944,tatekae-mis-s36,tatekae-tetsuzuki-mis-s41,,建替え：建替えと特別決議の混同誤り,建替え手続：建替えと特別決議の混同誤り
mistakes.csv,mistakes.csv,similar,0.944,tatekae-mis-s36,tatekae-tetsuzuki-mis-s42,,建替え：建替えと特別決議の混同誤り,建替え手続：建替えと特別決議の混同誤り
mistakes.csv,mistakes.csv,similar,0.944,tatekae-mis-s36,tatekae-tetsuzuki-mis-s43,,建替え：建替えと特別決議の混同誤り,建替え手続：建替えと特別決議の混同誤り
mistakes.csv,mistakes.csv,similar,0.944,tatekae-mis-s36,tatekae-tetsuzuki-mis-s44,,建替え：建替えと特別決議の混同誤り,建替え手続：建替えと特別決議の混同誤り
mistakes.csv,mistakes.csv,exact,1.000,kangyou-shiken-mis-s36,kangyou-shiken-mis-s37,管業試験：管理業務主任者試験とマンション管理士の混同誤り,,
mistakes.csv,mistakes.csv,exact,1.000,kangyou-shiken-mis-s36,kangyou-shiken-mis-s38,管業試験：管理業務主任者試験とマンション管理士の混同誤り,,
mistakes.csv,mistakes.csv,exact,1.000,kangyou-shiken-mis-s36,kangyou-shiken-mis-s39,管業試験：管理業務主任者試験とマンション管理士の混同誤り,,
mistakes.csv,mistakes.csv,similar,0.929,kangyou-shiken-mis-s36,kangyou-chokuzen-mis-s40,,管業試験：管理業務主任者試験とマンション管理士の混同誤り,管業直前：管理業務主任者試験とマンション管理士の混同誤り
mistakes.csv,mistakes.csv,similar,0.929,kangyou-shiken-mis-s36,kangyou-chokuzen-mis-s41,,管業試験：管理業務主任者試験とマンション管理士の混同誤り,管業直前：管理業務主任者試験とマンション管理士の混同誤り
mistakes.csv,mistakes.csv,similar,0.929,kangyou-shiken-mis-s36,kangyou-chokuzen-mis-s42,,管業試験：管理業務主任者試験とマンション管理士の混同誤り,管業直前：管理業務主任者試験とマンション管理士の混同誤り
mistakes.csv,mistakes.csv,similar,0.929,kangyou-shiken-mis-s36,kangyou-chokuzen-mis-s43,,管業試験：管理業務主任者試験とマンション管理士の混同誤り,管業直前：管理業務主任者試験とマンション管理士の混同誤り
mistakes.csv,mistakes.csv,similar,0.929,kangyou-shiken-mis-s36,kangyou-chokuzen-mis-s44,,管業試験：管理業務主任者試験とマンション管理士の混同誤り,管業直前：管理業務主任者試験とマンション管理士の混同誤り
mistakes.csv,mistakes.csv,exact,1.000,kumiai-unyou-mis-s37,kumiai-unyou-mis-s38,管理組合運営：管理組合と管理会社の混同誤り,,
mistakes.csv,mistakes.csv,exact,1.000,kumiai-unyou-mis-s37,kumiai-unyou-mis-s39,管理組合運営：管理組合と管理会社の混同誤り,,
mistakes.csv,mistakes.csv,exact,1.000,shuzen-tumitate-mis-s37,shuzen-tumitate-mis-s38,修繕積立：修繕積立金と修繕費の混同誤り,,
mistakes.csv,mistakes.csv,exact,1.000,shuzen-tumitate-mis-s37,shuzen-tumitate-mis-s39,修繕積立：修繕積立金と修繕費の混同誤り,,
mistakes.csv,mistakes.csv,similar,0.895,shuzen-tumitate-mis-s37,shuzen-kouji-mis-s40,,修繕積立：修繕積立金と修繕費の混同誤り,修繕工事：修繕積立金と修繕費の混同誤り
mistakes.csv,mistakes.csv,similar,0.895,shuzen-tumitate-mis-s37,shuzen-kouji-mis-s41,,修繕積立：修繕積立金と修繕費の混同誤り,修繕工事：修繕積立金と修繕費の混同誤り
mistakes.csv,mistakes.csv,similar,0.895,shuzen-tumitate-mis-s37,shuzen-kouji-mis-s42,,修繕積立：修繕積立金と修繕費の混同誤り,修繕工事：修繕積立金と修繕費の混同誤り
mistakes.csv,mistakes.csv,similar,0.895,shuzen-tumitate-mis-s37,shuzen-kouji-mis-s43,,修繕積立：修繕積立金と修繕費の混同誤り,修繕工事：修繕積立金と修繕費の混同誤り
mistakes.csv,mistakes.csv,similar,0.895,shuzen-tumitate-mis-s37,shuzen-kouji-mis-s44,,修繕積立：修繕積立金と修繕費の混同誤り,修繕工事：修繕積立金と修繕費の混同誤り
mistakes.csv,mistakes.csv,exact,1.000,sokai-unyou-mis-s37,sokai-unyou-mis-s38,総会運営：総会と理事会の混同誤り,,
mistakes.csv,mistakes.csv,exact,1.000,sokai-unyou-mis-s37,sokai-unyou-mis-s39,総会運営：総会と理事会の混同誤り,,
mistakes.csv,mistakes.csv,exact,1.000,kanri-itaku-mis-s37,kanri-itaku-mis-s38,管理委託：管理組合とマンション管理業者の混同誤り,,
mistakes.csv,mistakes.csv,exact,1.000,kanri-itaku-mis-s37,kanri-itaku-mis-s39,管理委託：管理組合とマンション管理業者の混同誤り,,
mistakes.csv,mistakes.csv,similar,0.960,kanri-itaku-mis-s37,kanri-itaku-koushin-mis-s40,,管理委託：管理組合とマンション管理業者の混同誤り,管理委託更新：管理組合とマンション管理業者の混同誤り
mistakes.csv,mistakes.csv,similar,0.960,kanri-itaku-mis-s37,kanri-itaku-koushin-mis-s41,,管理委託：管理組合とマンション管理業者の混同誤り,管理委託更新：管理組合とマンション管理業者の混同誤り
mistakes.csv,mistakes.csv,similar,0.960,kanri-itaku-mis-s37,kanri-itaku-koushin-mis-s42,,管理委託：管理組合とマンション管理業者の混同誤り,管理委託更新：管理組合とマンション管理業者の混同誤り
mistakes.csv,mistakes.csv,similar,0.960,kanri-itaku-mis-s37,kanri-itaku-koushin-mis-s43,,管理委託：管理組合とマンション管理業者の混同誤り,管理委託更新：管理組合とマンション管理業者の混同誤り
mistakes.csv,mistakes.csv,similar,0.960,kanri-itaku-mis-s37,kanri-itaku-koushin-mis-s44,,管理委託：管理組合とマンション管理業者の混同誤り,管理委託更新：管理組合とマンション管理業者の混同誤り
mistakes.csv,mistakes.csv,exact,1.000,tekiseika-hou-mis-s37,tekiseika-hou-mis-s38,適正化法：管理業務主任者の届出とマンション管理業者の混同誤り,,
mistakes.csv,mistakes.csv,exact,1.000,tekiseika-hou-mis-s37,tekiseika-hou-mis-s39,適正化法：管理業務主任者の届出とマンション管理業者の混同誤り,,
mistakes.csv,mistakes.csv,exact,1.000,kubun-shoyu-mis-s37,kubun-shoyu-mis-s38,区分所有：区分所有者と共用部分の混同誤り,,
mistakes.csv,mistakes.csv,exact,1.000,kubun-shoyu-mis-s37,kubun-shoyu-mis-s39,区分所有：区分所有者と共用部分の混同誤り,,
mistakes.csv,mistakes.csv,exact,1.000,kanrinin-mis-s37,kanrinin-mis-s38,管理員：管理員と管理業務主任者の混同誤り,,
mistakes.csv,mistakes.csv,exact,1.000,kanrinin-mis-s37,kanrinin-mis-s39,管理員：管理員と管理業務主任者の混同誤り,,
mistakes.csv,mistakes.csv,similar,0.952,kanrinin-mis-s37,kanrinin-kyouiku-mis-s40,,管理員：管理員と管理業務主任者の混同誤り,管理員教育：管理員と管理業務主任者の混同誤り
mistakes.csv,mistakes.csv,similar,0.952,kanrinin-mis-s37,kanrinin-kyouiku-mis-s41,,管理員：管理員と管理業務主任者の混同誤り,管理員教育：管理員と管理業務主任者の混同誤り
mistakes.csv,mistakes.csv,similar,0.952,kanrinin-mis-s37,kanrinin-kyouiku-mis-s42,,管理員：管理員と管理業務主任者の混同誤り,管理員教育：管理員と管理業務主任者の混同誤り
mistakes.csv,mistakes.csv,similar,0.952,kanrinin-mis-s37,kanrinin-kyouiku-mis-s43,,管理員：管理員と管理業務主任者の混同誤り,管理員教育：管理員と管理業務主任者の混同誤り
mistakes.csv,mistakes.csv,similar,0.952,kanrinin-mis-s37,kanrinin-kyouiku-mis-s44,,管理員：管理員と管理業務主任者の混同誤り,管理員教育：管理員と管理業務主任者の混同誤り
mistakes.csv,mistakes.csv,exact,1.000,kaikei-kansa-mis-s37,kaikei-kansa-mis-s38,会計監査：監査と管理組合会計の混同誤り,,
mistakes.csv,mistakes.csv,exact,1.000,kaikei-kansa-mis-s37,kaikei-kansa-mis-s39,会計監査：監査と管理組合会計の混同誤り,,
mistakes.csv,mistakes.csv,exact,1.000,tatekae-mis-s37,tatekae-mis-s38,建替え：建替えと特別決議の混同誤り,,
mistakes.csv,mistakes.csv,exact,1.000,tatekae-mis-s37,tatekae-mis-s39,建替え：建替えと特別決議の混同誤り,,
mistakes.csv,mistakes.csv,similar,0.944,tatekae-mis-s37,tatekae-tetsuzuki-mis-s40,,建替え：建替えと特別決議の混同誤り,建替え手続：建替えと特別決議の混同誤り
mistakes.csv,mistakes.csv,similar,0.944,tatekae-mis-s37,tatekae-tetsuzuki-mis-s41,,建替え：建替えと特別決議の混同誤り,建替え手続：建替えと特別決議の混同誤り
mistakes.csv,mistakes.csv,similar,0.944,tatekae-mis-s37,tatekae-tetsuzuki-mis-s42,,建替え：建替えと特別決議の混同誤り,建替え手続：建替えと特別決議の混同誤り
mistakes.csv,mistakes.csv,similar,0.944,tatekae-mis-s37,tatekae-tetsuzuki-mis-s43,,建替え：建替えと特別決議の混同誤り,建替え手続：建替えと特別決議の混同誤り
mistakes.csv,mistakes.csv,similar,0.944,tatekae-mis-s37,tatekae-tetsuzuki-mis-s44,,建替え：建替えと特別決議の混同誤り,建替え手続：建替えと特別決議の混同誤り
mistakes.csv,mistakes.csv,exact,1.000,kangyou-shiken-mis-s37,kangyou-shiken-mis-s38,管業試験：管理業務主任者試験とマンション管理士の混同誤り,,
mistakes.csv,mistakes.csv,exact,1.000,kangyou-shiken-mis-s37,kangyou-shiken-mis-s39,管業試験：管理業務主任者試験とマンション管理士の混同誤り,,
mistakes.csv,mistakes.csv,similar,0.929,kangyou-shiken-mis-s37,kangyou-chokuzen-mis-s40,,管業試験：管理業務主任者試験とマンション管理士の混同誤り,管業直前：管理業務主任者試験とマンション管理士の混同誤り
mistakes.csv,mistakes.csv,similar,0.929,kangyou-shiken-mis-s37,kangyou-chokuzen-mis-s41,,管業試験：管理業務主任者試験とマンション管理士の混同誤り,管業直前：管理業務主任者試験とマンション管理士の混同誤り
mistakes.csv,mistakes.csv,similar,0.929,kangyou-shiken-mis-s37,kangyou-chokuzen-mis-s42,,管業試験：管理業務主任者試験とマンション管理士の混同誤り,管業直前：管理業務主任者試験とマンション管理士の混同誤り
mistakes.csv,mistakes.csv,similar,0.929,kangyou-shiken-mis-s37,kangyou-chokuzen-mis-s43,,管業試験：管理業務主任者試験とマンション管理士の混同誤り,管業直前：管理業務主任者試験とマンション管理士の混同誤り
mistakes.csv,mistakes.csv,similar,0.929,kangyou-shiken-mis-s37,kangyou-chokuzen-mis-s44,,管業試験：管理業務主任者試験とマンション管理士の混同誤り,管業直前：管理業務主任者試験とマンション管理士の混同誤り
mistakes.csv,mistakes.csv,exact,1.000,kumiai-unyou-mis-s38,kumiai-unyou-mis-s39,管理組合運営：管理組合と管理会社の混同誤り,,
mistakes.csv,mistakes.csv,exact,1.000,shuzen-tumitate-mis-s38,shuzen-tumitate-mis-s39,修繕積立：修繕積立金と修繕費の混同誤り,,
mistakes.csv,mistakes.csv,similar,0.895,shuzen-tumitate-mis-s38,shuzen-kouji-mis-s40,,修繕積立：修繕積立金と修繕費の混同誤り,修繕工事：修繕積立金と修繕費の混同誤り
mistakes.csv,mistakes.csv,similar,0.895,shuzen-tumitate-mis-s38,shuzen-kouji-mis-s41,,修繕積立：修繕積立金と修繕費の混同誤り,修繕工事：修繕積立金と修繕費の混同誤り
mistakes.csv,mistakes.csv,similar,0.895,shuzen-tumitate-mis-s38,shuzen-kouji-mis-s42,,修繕積立：修繕積立金と修繕費の混同誤り,修繕工事：修繕積立金と修繕費の混同誤り
mistakes.csv,mistakes.csv,similar,0.895,shuzen-tumitate-mis-s38,shuzen-kouji-mis-s43,,修繕積立：修繕積立金と修繕費の混同誤り,修繕工事：修繕積立金と修繕費の混同誤り
mistakes.csv,mistakes.csv,similar,0.895,shuzen-tumitate-mis-s38,shuzen-kouji-mis-s44,,修繕積立：修繕積立金と修繕費の混同誤り,修繕工事：修繕積立金と修繕費の混同誤り
mistakes.csv,mistakes.csv,exact,1.000,sokai-unyou-mis-s38,sokai-unyou-mis-s39,総会運営：総会と理事会の混同誤り,,
mistakes.csv,mistakes.csv,exact,1.000,kanri-itaku-mis-s38,kanri-itaku-mis-s39,管理委託：管理組合とマンション管理業者の混同誤り,,
mistakes.csv,mistakes.csv,similar,0.960,kanri-itaku-mis-s38,kanri-itaku-koushin-mis-s40,,管理委託：管理組合とマンション管理業者の混同誤り,管理委託更新：管理組合とマンション管理業者の混同誤り
mistakes.csv,mistakes.csv,similar,0.960,kanri-itaku-mis-s38,kanri-itaku-koushin-mis-s41,,管理委託：管理組合とマンション管理業者の混同誤り,管理委託更新：管理組合とマンション管理業者の混同誤り
mistakes.csv,mistakes.csv,similar,0.960,kanri-itaku-mis-s38,kanri-itaku-koushin-mis-s42,,管理委託：管理組合とマンション管理業者の混同誤り,管理委託更新：管理組合とマンション管理業者の混同誤り
mistakes.csv,mistakes.csv,similar,0.960,kanri-itaku-mis-s38,kanri-itaku-koushin-mis-s43,,管理委託：管理組合とマンション管理業者の混同誤り,管理委託更新：管理組合とマンション管理業者の混同誤り
mistakes.csv,mistakes.csv,similar,0.960,kanri-itaku-mis-s38,kanri-itaku-koushin-mis-s44,,管理委託：管理組合とマンション管理業者の混同誤り,管理委託更新：管理組合とマンション管理業者の混同誤り
mistakes.csv,mistakes.csv,exact,1.000,tekiseika-hou-mis-s38,tekiseika-hou-mis-s39,適正化法：管理業務主任者の届出とマンション管理業者の混同誤り,,
mistakes.csv,mistakes.csv,exact,1.000,kubun-shoyu-mis-s38,kubun-shoyu-mis-s39,区分所有：区分所有者と共用部分の混同誤り,,
mistakes.csv,mistakes.csv,exact,1.000,kanrinin-mis-s38,kanrinin-mis-s39,管理員：管理員と管理業務主任者の混同誤り,,
mistakes.csv,mistakes.csv,similar,0.952,kanrinin-mis-s38,kanrinin-kyouiku-mis-s40,,管理員：管理員と管理業務主任者の混同誤り,管理員教育：管理員と管理業務主任者の混同誤り
mistakes.csv,mistakes.csv,similar,0.952,kanrinin-mis-s38,kanrinin-kyouiku-mis-s41,,管理員：管理員と管理業務主任者の混同誤り,管理員教育：管理員と管理業務主任者の混同誤り
mistakes.csv,mistakes.csv,similar,0.952,kanrinin-mis-s38,kanrinin-kyouiku-mis-s42,,管理員：管理員と管理業務主任者の混同誤り,管理員教育：管理員と管理業務主任者の混同誤り
mistakes.csv,mistakes.csv,similar,0.952,kanrinin-mis-s38,kanrinin-kyouiku-mis-s43,,管理員：管理員と管理業務主任者の混同誤り,管理員教育：管理員と管理業務主任者の混同誤り
mistakes.csv,mistakes.csv,similar,0.952,kanrinin-mis-s38,kanrinin-kyouiku-mis-s44,,管理員：管理員と管理業務主任者の混同誤り,管理員教育：管理員と管理業務主任者の混同誤り
mistakes.csv,mistakes.csv,exact,1.000,kaikei-kansa-mis-s38,kaikei-kansa-mis-s39,会計監査：監査と管理組合会計の混同誤り,,
mistakes.csv,mistakes.csv,exact,1.000,tatekae-mis-s38,tatekae-mis-s39,建替え：建替えと特別決議の混同誤り,,
mistakes.csv,mistakes.csv,similar,0.944,tatekae-mis-s38,tatekae-tetsuzuki-mis-s40,,建替え：建替えと特別決議の混同誤り,建替え手続：建替えと特別決議の混同誤り
mistakes.csv,mistakes.csv,similar,0.944,tatekae-mis-s38,tatekae-tetsuzuki-mis-s41,,建替え：建替えと特別決議の混同誤り,建替え手続：建替えと特別決議の混同誤り
mistakes.csv,mistakes.csv,similar,0.944,tatekae-mis-s38,tatekae-tetsuzuki-mis-s42,,建替え：建替えと特別決議の混同誤り,建替え手続：建替えと特別決議の混同誤り
mistakes.csv,mistakes.csv,similar,0.944,tatekae-mis-s38,tatekae-tetsuzuki-mis-s43,,建替え：建替えと特別決議の混同誤り,建替え手続：建替えと特別決議の混同誤り
mistakes.csv,mistakes.csv,similar,0.944,tatekae-mis-s38,tatekae-tetsuzuki-mis-s44,,建替え：建替えと特別決議の混同誤り,建替え手続：建替えと特別決議の混同誤り
mistakes.csv,mistakes.csv,exact,1.000,kangyou-shiken-mis-s38,kangyou-shiken-mis-s39,管業試験：管理業務主任者試験とマンション管理士の混同誤り,,
mistakes.csv,mistakes.csv,similar,0.929,kangyou-shiken-mis-s38,kangyou-chokuzen-mis-s40,,管業試験：管理業務主任者試験とマンション管理士の混同誤り,管業直前：管理業務主任者試験とマンション管理士の混同誤り
mistakes.csv,mistakes.csv,similar,0.929,kangyou-shiken-mis-s38,kangyou-chokuzen-mis-s41,,管業試験：管理業務主任者試験とマンション管理士の混同誤り,管業直前：管理業務主任者試験とマンション管理士の混同誤り
mistakes.csv,mistakes.csv,similar,0.929,kangyou-shiken-mis-s38,kangyou-chokuzen-mis-s42,,管業試験：管理業務主任者試験とマンション管理士の混同誤り,管業直前：管理業務主任者試験とマンション管理士の混同誤り
mistakes.csv,mistakes.csv,similar,0.929,kangyou-shiken-mis-s38,kangyou-chokuzen-mis-s43,,管業試験：管理業務主任者試験とマンション管理士の混同誤り,管業直前：管理業務主任者試験とマンション管理士の混同誤り
mistakes.csv,mistakes.csv,similar,0.929,kangyou-shiken-mis-s38,kangyou-chokuzen-mis-s44,,管業試験：管理業務主任者試験とマンション管理士の混同誤り,管業直前：管理業務主任者試験とマンション管理士の混同誤り
mistakes.csv,mistakes.csv,similar,0.895,shuzen-tumitate-mis-s39,shuzen-kouji-mis-s40,,修繕積立：修繕積立金と修繕費の混同誤り,修繕工事：修繕積立金と修繕費の混同誤り
mistakes.csv,mistakes.csv,similar,0.895,shuzen-tumitate-mis-s39,shuzen-kouji-mis-s41,,修繕積立：修繕積立金と修繕費の混同誤り,修繕工事：修繕積立金と修繕費の混同誤り
mistakes.csv,mistakes.csv,similar,0.895,shuzen-tumitate-mis-s39,shuzen-kouji-mis-s42,,修繕積立：修繕積立金と修繕費の混同誤り,修繕工事：修繕積立金と修繕費の混同誤り
mistakes.csv,mistakes.csv,similar,0.895,shuzen-tumitate-mis-s39,shuzen-kouji-mis-s43,,修繕積立：修繕積立金と修繕費の混同誤り,修繕工事：修繕積立金と修繕費の混同誤り
mistakes.csv,mistakes.csv,similar,0.895,shuzen-tumitate-mis-s39,shuzen-kouji-mis-s44,,修繕積立：修繕積立金と修繕費の混同誤り,修繕工事：修繕積立金と修繕費の混同誤り
mistakes.csv,mistakes.csv,similar,0.960,kanri-itaku-mis-s39,kanri-itaku-koushin-mis-s40,,管理委託：管理組合とマンション管理業者の混同誤り,管理委託更新：管理組合とマンション管理業者の混同誤り
mistakes.csv,mistakes.csv,similar,0.960,kanri-itaku-mis-s39,kanri-itaku-koushin-mis-s41,,管理委託：管理組合とマンション管理業者の混同誤り,管理委託更新：管理組合とマンション管理業者の混同誤り
mistakes.csv,mistakes.csv,similar,0.960,kanri-itaku-mis-s39,kanri-itaku-koushin-mis-s42,,管理委託：管理組合とマンション管理業者の混同誤り,管理委託更新：管理組合とマンション管理業者の混同誤り
mistakes.csv,mistakes.csv,similar,0.960,kanri-itaku-mis-s39,kanri-itaku-koushin-mis-s43,,管理委託：管理組合とマンション管理業者の混同誤り,管理委託更新：管理組合とマンション管理業者の混同誤り
mistakes.csv,mistakes.csv,similar,0.960,kanri-itaku-mis-s39,kanri-itaku-koushin-mis-s44,,管理委託：管理組合とマンション管理業者の混同誤り,管理委託更新：管理組合とマンション管理業者の混同誤り
mistakes.csv,mistakes.csv,similar,0.952,kanrinin-mis-s39,kanrinin-kyouiku-mis-s40,,管理員：管理員と管理業務主任者の混同誤り,管理員教育：管理員と管理業務主任者の混同誤り
mistakes.csv,mistakes.csv,similar,0.952,kanrinin-mis-s39,kanrinin-kyouiku-mis-s41,,管理員：管理員と管理業務主任者の混同誤り,管理員教育：管理員と管理業務主任者の混同誤り
mistakes.csv,mistakes.csv,similar,0.952,kanrinin-mis-s39,kanrinin-kyouiku-mis-s42,,管理員：管理員と管理業務主任者の混同誤り,管理員教育：管理員と管理業務主任者の混同誤り
mistakes.csv,mistakes.csv,similar,0.952,kanrinin-mis-s39,kanrinin-kyouiku-mis-s43,,管理員：管理員と管理業務主任者の混同誤り,管理員教育：管理員と管理業務主任者の混同誤り
mistakes.csv,mistakes.csv,similar,0.952,kanrinin-mis-s39,kanrinin-kyouiku-mis-s44,,管理員：管理員と管理業務主任者の混同誤り,管理員教育：管理員と管理業務主任者の混同誤り
mistakes.csv,mistakes.csv,similar,0.944,tatekae-mis-s39,tatekae-tetsuzuki-mis-s40,,建替え：建替えと特別決議の混同誤り,建替え手続：建替えと特別決議の混同誤り
mistakes.csv,mistakes.csv,similar,0.944,tatekae-mis-s39,tatekae-tetsuzuki-mis-s41,,建替え：建替えと特別決議の混同誤り,建替え手続：建替えと特別決議の混同誤り
mistakes.csv,mistakes.csv,similar,0.944,tatekae-mis-s39,tatekae-tetsuzuki-mis-s42,,建替え：建替えと特別決議の混同誤り,建替え手続：建替えと特別決議の混同誤り
mistakes.csv,mistakes.csv,similar,0.944,tatekae-mis-s39,tatekae-tetsuzuki-mis-s43,,建替え：建替えと特別決議の混同誤り,建替え手続：建替えと特別決議の混同誤り
mistakes.csv,mistakes.csv,similar,0.944,tatekae-mis-s39,tatekae-tetsuzuki-mis-s44,,建替え：建替えと特別決議の混同誤り,建替え手続：建替えと特別決議の混同誤り
mistakes.csv,mistakes.csv,similar,0.929,kangyou-shiken-mis-s39,kangyou-chokuzen-mis-s40,,管業試験：管理業務主任者試験とマンション管理士の混同誤り,管業直前：管理業務主任者試験とマンション管理士の混同誤り
mistakes.csv,mistakes.csv,similar,0.929,kangyou-shiken-mis-s39,kangyou-chokuzen-mis-s41,,管業試験：管理業務主任者試験とマンション管理士の混同誤り,管業直前：管理業務主任者試験とマンション管理士の混同誤り
mistakes.csv,mistakes.csv,similar,0.929,kangyou-shiken-mis-s39,kangyou-chokuzen-mis-s42,,管業試験：管理業務主任者試験とマンション管理士の混同誤り,管業直前：管理業務主任者試験とマンション管理士の混同誤り
mistakes.csv,mistakes.csv,similar,0.929,kangyou-shiken-mis-s39,kangyou-chokuzen-mis-s43,,管業試験：管理業務主任者試験とマンション管理士の混同誤り,管業直前：管理業務主任者試験とマンション管理士の混同誤り
mistakes.csv,mistakes.csv,similar,0.929,kangyou-shiken-mis-s39,kangyou-chokuzen-mis-s44,,管業試験：管理業務主任者試験とマンション管理士の混同誤り,管業直前：管理業務主任者試験とマンション管理士の混同誤り
mistakes.csv,mistakes.csv,exact,1.000,kumiai-kansa-mis-s40,kumiai-kansa-mis-s41,管理組合監査：監査と管理組合会計の混同誤り,,
mistakes.csv,mistakes.csv,exact,1.000,kumiai-kansa-mis-s40,kumiai-kansa-mis-s42,管理組合監査：監査と管理組合会計の混同誤り,,
mistakes.csv,mistakes.csv,exact,1.000,kumiai-kansa-mis-s40,kumiai-kansa-mis-s43,管理組合監査：監査と管理組合会計の混同誤り,,
mistakes.csv,mistakes.csv,exact,1.000,kumiai-kansa-mis-s40,kumiai-kansa-mis-s44,管理組合監査：監査と管理組合会計の混同誤り,,
mistakes.csv,mistakes.csv,exact,1.000,shuzen-kouji-mis-s40,shuzen-kouji-mis-s41,修繕工事：修繕積立金と修繕費の混同誤り,,
mistakes.csv,mistakes.csv,exact,1.000,shuzen-kouji-mis-s40,shuzen-kouji-mis-s42,修繕工事：修繕積立金と修繕費の混同誤り,,
mistakes.csv,mistakes.csv,exact,1.000,shuzen-kouji-mis-s40,shuzen-kouji-mis-s43,修繕工事：修繕積立金と修繕費の混同誤り,,
mistakes.csv,mistakes.csv,exact,1.000,shuzen-kouji-mis-s40,shuzen-kouji-mis-s44,修繕工事：修繕積立金と修繕費の混同誤り,,
mistakes.csv,mistakes.csv,exact,1.000,sokai-shoushu-mis-s40,sokai-shoushu-mis-s41,総会招集：総会と理事会の混同誤り,,
mistakes.csv,mistakes.csv,exact,1.000,sokai-shoushu-mis-s40,sokai-shoushu-mis-s42,総会招集：総会と理事会の混同誤り,,
mistakes.csv,mistakes.csv,exact,1.000,sokai-shoushu-mis-s40,sokai-shoushu-mis-s43,総会招集：総会と理事会の混同誤り,,
mistakes.csv,mistakes.csv,exact,1.000,sokai-shoushu-mis-s40,sokai-shoushu-mis-s44,総会招集：総会と理事会の混同誤り,,
mistakes.csv,mistakes.csv,exact,1.000,kanri-itaku-koushin-mis-s40,kanri-itaku-koushin-mis-s41,管理委託更新：管理組合とマンション管理業者の混同誤り,,
mistakes.csv,mistakes.csv,exact,1.000,kanri-itaku-koushin-mis-s40,kanri-itaku-koushin-mis-s42,管理委託更新：管理組合とマンション管理業者の混同誤り,,
mistakes.csv,mistakes.csv,exact,1.000,kanri-itaku-koushin-mis-s40,kanri-itaku-koushin-mis-s43,管理委託更新：管理組合とマンション管理業者の混同誤り,,
mistakes.csv,mistakes.csv,exact,1.000,kanri-itaku-koushin-mis-s40,kanri-itaku-koushin-mis-s44,管理委託更新：管理組合とマンション管理業者の混同誤り,,
mistakes.csv,mistakes.csv,exact,1.000,tekiseika-todoke-mis-s40,tekiseika-todoke-mis-s41,適正化法届出：管理業務主任者の届出と管理業務主任者の混同誤り,,
mistakes.csv,mistakes.csv,exact,1.000,tekiseika-todoke-mis-s40,tekiseika-todoke-mis-s42,適正化法届出：管理業務主任者の届出と管理業務主任者の混同誤り,,
mistakes.csv,mistakes.csv,exact,1.000,tekiseika-todoke-mis-s40,tekiseika-todoke-mis-s43,適正化法届出：管理業務主任者の届出と管理業務主任者の混同誤り,,
mistakes.csv,mistakes.csv,exact,1.000,tekiseika-todoke-mis-s40,tekiseika-todoke-mis-s44,適正化法届出：管理業務主任者の届出と管理業務主任者の混同誤り,,
mistakes.csv,mistakes.csv,exact,1.000,senyu-kanri-mis-s40,senyu-kanri-mis-s41,専有部管理：区分所有者と共用部分の混同誤り,,
mistakes.csv,mistakes.csv,exact,1.000,senyu-kanri-mis-s40,senyu-kanri-mis-s42,専有部管理：区分所有者と共用部分の混同誤り,,
mistakes.csv,mistakes.csv,exact,1.000,senyu-kanri-mis-s40,senyu-kanri-mis-s43,専有部管理：区分所有者と共用部分の混同誤り,,
mistakes.csv,mistakes.csv,exact,1.000,senyu-kanri-mis-s40,senyu-kanri-mis-s44,専有部管理：区分所有者と共用部分の混同誤り,,
mistakes.csv,mistakes.csv,exact,1.000,kanrinin-kyouiku-mis-s40,kanrinin-kyouiku-mis-s41,管理員教育：管理員と管理業務主任者の混同誤り,,
mistakes.csv,mistakes.csv,exact,1.000,kanrinin-kyouiku-mis-s40,kanrinin-kyouiku-mis-s42,管理員教育：管理員と管理業務主任者の混同誤り,,
mistakes.csv,mistakes.csv,exact,1.000,kanrinin-kyouiku-mis-s40,kanrinin-kyouiku-mis-s43,管理員教育：管理員と管理業務主任者の混同誤り,,
mistakes.csv,mistakes.csv,exact,1.000,kanrinin-kyouiku-mis-s40,kanrinin-kyouiku-mis-s44,管理員教育：管理員と管理業務主任者の混同誤り,,
mistakes.csv,mistakes.csv,exact,1.000,kaikei-houkoku-mis-s40,kaikei-houkoku-mis-s41,会計報告：修繕積立金会計と一般会計の混同誤り,,
mistakes.csv,mistakes.csv,exact,1.000,kaikei-houkoku-mis-s40,kaikei-houkoku-mis-s42,会計報告：修繕積立金会計と一般会計の混同誤り,,
mistakes.csv,mistakes.csv,exact,1.000,kaikei-houkoku-mis-s40,kaikei-houkoku-mis-s43,会計報告：修繕積立金会計と一般会計の混同誤り,,
mistakes.csv,mistakes.csv,exact,1.000,kaikei-houkoku-mis-s40,kaikei-houkoku-mis-s44,会計報告：修繕積立金会計と一般会計の混同誤り,,
mistakes.csv,mistakes.csv,exact,1.000,tatekae-tetsuzuki-mis-s40,tatekae-tetsuzuki-mis-s41,建替え手続：建替えと特別決議の混同誤り,,
mistakes.csv,mistakes.csv,exact,1.000,tatekae-tetsuzuki-mis-s40,tatekae-tetsuzuki-mis-s42,建替え手続：建替えと特別決議の混同誤り,,
mistakes.csv,mistakes.csv,exact,1.000,tatekae-tetsuzuki-mis-s40,tatekae-tetsuzuki-mis-s43,建替え手続：建替えと特別決議の混同誤り,,
mistakes.csv,mistakes.csv,exact,1.000,tatekae-tetsuzuki-mis-s40,tatekae-tetsuzuki-mis-s44,建替え手続：建替えと特別決議の混同誤り,,
mistakes.csv,mistakes.csv,exact,1.000,kangyou-chokuzen-mis-s40,kangyou-chokuzen-mis-s41,管業直前：管理業務主任者試験とマンション管理士の混同誤り,,
mistakes.csv,mistakes.csv,exact,1.000,kangyou-chokuzen-mis-s40,kangyou-chokuzen-mis-s42,管業直前：管理業務主任者試験とマンション管理士の混同誤り,,
mistakes.csv,mistakes.csv,exact,1.000,kangyou-chokuzen-mis-s40,kangyou-chokuzen-mis-s43,管業直前：管理業務主任者試験とマンション管理士の混同誤り,,
mistakes.csv,mistakes.csv,exact,1.000,kangyou-chokuzen-mis-s40,kangyou-chokuzen-mis-s44,管業直前：管理業務主任者試験とマンション管理士の混同誤り,,
mistakes.csv,mistakes.csv,exact,1.000,kumiai-kansa-mis-s41,kumiai-kansa-mis-s42,管理組合監査：監査と管理組合会計の混同誤り,,
mistakes.csv,mistakes.csv,exact,1.000,kumiai-kansa-mis-s41,kumiai-kansa-mis-s43,管理組合監査：監査と管理組合会計の混同誤り,,
mistakes.csv,mistakes.csv,exact,1.000,kumiai-kansa-mis-s41,kumiai-kansa-mis-s44,管理組合監査：監査と管理組合会計の混同誤り,,
mistakes.csv,mistakes.csv,exact,1.000,shuzen-kouji-mis-s41,shuzen-kouji-mis-s42,修繕工事：修繕積立金と修繕費の混同誤り,,
mistakes.csv,mistakes.csv,exact,1.000,shuzen-kouji-mis-s41,shuzen-kouji-mis-s43,修繕工事：修繕積立金と修繕費の混同誤り,,
mistakes.csv,mistakes.csv,exact,1.000,shuzen-kouji-mis-s41,shuzen-kouji-mis-s44,修繕工事：修繕積立金と修繕費の混同誤り,,
mistakes.csv,mistakes.csv,exact,1.000,sokai-shoushu-mis-s41,sokai-shoushu-mis-s42,総会招集：総会と理事会の混同誤り,,
mistakes.csv,mistakes.csv,exact,1.000,sokai-shoushu-mis-s41,sokai-shoushu-mis-s43,総会招集：総会と理事会の混同誤り,,
mistakes.csv,mistakes.csv,exact,1.000,sokai-shoushu-mis-s41,sokai-shoushu-mis-s44,総会招集：総会と理事会の混同誤り,,
mistakes.csv,mistakes.csv,exact,1.000,kanri-itaku-koushin-mis-s41,kanri-itaku-koushin-mis-s42,管理委託更新：管理組合とマンション管理業者の混同誤り,,
mistakes.csv,mistakes.csv,exact,1.000,kanri-itaku-koushin-mis-s41,kanri-itaku-koushin-mis-s43,管理委託更新：管理組合とマンション管理業者の混同誤り,,
mistakes.csv,mistakes.csv,exact,1.000,kanri-itaku-koushin-mis-s41,kanri-itaku-koushin-mis-s44,管理委託更新：管理組合とマンション管理業者の混同誤り,,
mistakes.csv,mistakes.csv,exact,1.000,tekiseika-todoke-mis-s41,tekiseika-todoke-mis-s42,適正化法届出：管理業務主任者の届出と管理業務主任者の混同誤り,,
mistakes.csv,mistakes.csv,exact,1.000,tekiseika-todoke-mis-s41,tekiseika-todoke-mis-s43,適正化法届出：管理業務主任者の届出と管理業務主任者の混同誤り,,
mistakes.csv,mistakes.csv,exact,1.000,tekiseika-todoke-mis-s41,tekiseika-todoke-mis-s44,適正化法届出：管理業務主任者の届出と管理業務主任者の混同誤り,,
mistakes.csv,mistakes.csv,exact,1.000,senyu-kanri-mis-s41,senyu-kanri-mis-s42,専有部管理：区分所有者と共用部分の混同誤り,,
mistakes.csv,mistakes.csv,exact,1.000,senyu-kanri-mis-s41,senyu-kanri-mis-s43,専有部管理：区分所有者と共用部分の混同誤り,,
mistakes.csv,mistakes.csv,exact,1.000,senyu-kanri-mis-s41,senyu-kanri-mis-s44,専有部管理：区分所有者と共用部分の混同誤り,,
mistakes.csv,mistakes.csv,exact,1.000,kanrinin-kyouiku-mis-s41,kanrinin-kyouiku-mis-s42,管理員教育：管理員と管理業務主任者の混同誤り,,
mistakes.csv,mistakes.csv,exact,1.000,kanrinin-kyouiku-mis-s41,kanrinin-kyouiku-mis-s43,管理員教育：管理員と管理業務主任者の混同誤り,,
mistakes.csv,mistakes.csv,exact,1.000,kanrinin-kyouiku-mis-s41,kanrinin-kyouiku-mis-s44,管理員教育：管理員と管理業務主任者の混同誤り,,
mistakes.csv,mistakes.csv,exact,1.000,kaikei-houkoku-mis-s41,kaikei-houkoku-mis-s42,会計報告：修繕積立金会計と一般会計の混同誤り,,
mistakes.csv,mistakes.csv,exact,1.000,kaikei-houkoku-mis-s41,kaikei-houkoku-mis-s43,会計報告：修繕積立金会計と一般会計の混同誤り,,
mistakes.csv,mistakes.csv,exact,1.000,kaikei-houkoku-mis-s41,kaikei-houkoku-mis-s44,会計報告：修繕積立金会計と一般会計の混同誤り,,
mistakes.csv,mistakes.csv,exact,1.000,tatekae-tetsuzuki-mis-s41,tatekae-tetsuzuki-mis-s42,建替え手続：建替えと特別決議の混同誤り,,
mistakes.csv,mistakes.csv,exact,1.000,tatekae-tetsuzuki-mis-s41,tatekae-tetsuzuki-mis-s43,建替え手続：建替えと特別決議の混同誤り,,
mistakes.csv,mistakes.csv,exact,1.000,tatekae-tetsuzuki-mis-s41,tatekae-tetsuzuki-mis-s44,建替え手続：建替えと特別決議の混同誤り,,
mistakes.csv,mistakes.csv,exact,1.000,kangyou-chokuzen-mis-s41,kangyou-chokuzen-mis-s42,管業直前：管理業務主任者試験とマンション管理士の混同誤り,,
mistakes.csv,mistakes.csv,exact,1.000,kangyou-chokuzen-mis-s41,kangyou-chokuzen-mis-s43,管業直前：管理業務主任者試験とマンション管理士の混同誤り,,
mistakes.csv,mistakes.csv,exact,1.000,kangyou-chokuzen-mis-s41,kangyou-chokuzen-mis-s44,管業直前：管理業務主任者試験とマンション管理士の混同誤り,,
mistakes.csv,mistakes.csv,exact,1.000,kumiai-kansa-mis-s42,kumiai-kansa-mis-s43,管理組合監査：監査と管理組合会計の混同誤り,,
mistakes.csv,mistakes.csv,exact,1.000,kumiai-kansa-mis-s42,kumiai-kansa-mis-s44,管理組合監査：監査と管理組合会計の混同誤り,,
mistakes.csv,mistakes.csv,exact,1.000,shuzen-kouji-mis-s42,shuzen-kouji-mis-s43,修繕工事：修繕積立金と修繕費の混同誤り,,
mistakes.csv,mistakes.csv,exact,1.000,shuzen-kouji-mis-s42,shuzen-kouji-mis-s44,修繕工事：修繕積立金と修繕費の混同誤り,,
mistakes.csv,mistakes.csv,exact,1.000,sokai-shoushu-mis-s42,sokai-shoushu-mis-s43,総会招集：総会と理事会の混同誤り,,
mistakes.csv,mistakes.csv,exact,1.000,sokai-shoushu-mis-s42,sokai-shoushu-mis-s44,総会招集：総会と理事会の混同誤り,,
mistakes.csv,mistakes.csv,exact,1.000,kanri-itaku-koushin-mis-s42,kanri-itaku-koushin-mis-s43,管理委託更新：管理組合とマンション管理業者の混同誤り,,
mistakes.csv,mistakes.csv,exact,1.000,kanri-itaku-koushin-mis-s42,kanri-itaku-koushin-mis-s44,管理委託更新：管理組合とマンション管理業者の混同誤り,,
mistakes.csv,mistakes.csv,exact,1.000,tekiseika-todoke-mis-s42,tekiseika-todoke-mis-s43,適正化法届出：管理業務主任者の届出と管理業務主任者の混同誤り,,
mistakes.csv,mistakes.csv,exact,1.000,tekiseika-todoke-mis-s42,tekiseika-todoke-mis-s44,適正化法届出：管理業務主任者の届出と管理業務主任者の混同誤り,,
mistakes.csv,mistakes.csv,exact,1.000,senyu-kanri-mis-s42,senyu-kanri-mis-s43,専有部管理：区分所有者と共用部分の混同誤り,,
mistakes.csv,mistakes.csv,exact,1.000,senyu-kanri-mis-s42,senyu-kanri-mis-s44,専有部管理：区分所有者と共用部分の混同誤り,,
mistakes.csv,mistakes.csv,exact,1.000,kanrinin-kyouiku-mis-s42,kanrinin-kyouiku-mis-s43,管理員教育：管理員と管理業務主任者の混同誤り,,
mistakes.csv,mistakes.csv,exact,1.000,kanrinin-kyouiku-mis-s42,kanrinin-kyouiku-mis-s44,管理員教育：管理員と管理業務主任者の混同誤り,,
mistakes.csv,mistakes.csv,exact,1.000,kaikei-houkoku-mis-s42,kaikei-houkoku-mis-s43,会計報告：修繕積立金会計と一般会計の混同誤り,,
mistakes.csv,mistakes.csv,exact,1.000,kaikei-houkoku-mis-s42,kaikei-houkoku-mis-s44,会計報告：修繕積立金会計と一般会計の混同誤り,,
mistakes.csv,mistakes.csv,exact,1.000,tatekae-tetsuzuki-mis-s42,tatekae-tetsuzuki-mis-s43,建替え手続：建替えと特別決議の混同誤り,,
mistakes.csv,mistakes.csv,exact,1.000,tatekae-tetsuzuki-mis-s42,tatekae-tetsuzuki-mis-s44,建替え手続：建替えと特別決議の混同誤り,,
mistakes.csv,mistakes.csv,exact,1.000,kangyou-chokuzen-mis-s42,kangyou-chokuzen-mis-s43,管業直前：管理業務主任者試験とマンション管理士の混同誤り,,
mistakes.csv,mistakes.csv,exact,1.000,kangyou-chokuzen-mis-s42,kangyou-chokuzen-mis-s44,管業直前：管理業務主任者試験とマンション管理士の混同誤り,,
mistakes.csv,mistakes.csv,exact,1.000,kumiai-kansa-mis-s43,kumiai-kansa-mis-s44,管理組合監査：監査と管理組合会計の混同誤り,,
mistakes.csv,mistakes.csv,exact,1.000,shuzen-kouji-mis-s43,shuzen-kouji-mis-s44,修繕工事：修繕積立金と修繕費の混同誤り,,
mistakes.csv,mistakes.csv,exact,1.000,sokai-shoushu-mis-s43,sokai-shoushu-mis-s44,総会招集：総会と理事会の混同誤り,,
mistakes.csv,mistakes.csv,exact,1.000,kanri-itaku-koushin-mis-s43,kanri-itaku-koushin-mis-s44,管理委託更新：管理組合とマンション管理業者の混同誤り,,
mistakes.csv,mistakes.csv,exact,1.000,tekiseika-todoke-mis-s43,tekiseika-todoke-mis-s44,適正化法届出：管理業務主任者の届出と管理業務主任者の混同誤り,,
mistakes.csv,mistakes.csv,exact,1.000,senyu-kanri-mis-s43,senyu-kanri-mis-s44,専有部管理：区分所有者と共用部分の混同誤り,,
mistakes.csv,mistakes.csv,exact,1.000,kanrinin-kyouiku-mis-s43,kanrinin-kyouiku-mis-s44,管理員教育：管理員と管理業務主任者の混同誤り,,
mistakes.csv,mistakes.csv,exact,1.000,kaikei-houkoku-mis-s43,kaikei-houkoku-mis-s44,会計報告：修繕積立金会計と一般会計の混同誤り,,
mistakes.csv,mistakes.csv,exact,1.000,tatekae-tetsuzuki-mis-s43,tatekae-tetsuzuki-mis-s44,建替え手続：建替えと特別決議の混同誤り,,
mistakes.csv,mistakes.csv,exact,1.000,kangyou-chokuzen-mis-s43,kangyou-chokuzen-mis-s44,管業直前：管理業務主任者試験とマンション管理士の混同誤り,,
