slug,title,category,tags,summary,col_labels,compare_rows,article_title,article_lead,exam_points,common_mistakes,memory_tip,related_terms,faq_1_question,faq_1_answer,faq_2_question,faq_2_answer,faq_3_question,faq_3_answer,faq_4_question,faq_4_answer
kan-gyou-manshi,管理業務主任者とマンション管理士の違い,判例・横断総合,管理業務主任者;マンション管理士;資格,国家資格の管理業務主任者とマンション管理士の目的・試験・業務範囲の違いを整理します。,管理業務主任者;マンション管理士,"[{""axis"": ""資格の位置づけ"", ""cols"": [""マンション等の管理の適正化の推進に関する法律に基づく国家資格"", ""マンション管理業法に基づく国家資格（管理業）""]}, {""axis"": ""主な業務"", ""cols"": [""管理組合の管理事務の適正な実施の支援・助言"", ""マンション管理業者における管理業務全般""]}, {""axis"": ""試験の関係"", ""cols"": [""管業試験合格が登録要件"", ""マン管士合格で管業試験5問免除（要確認）""]}, {""axis"": ""試験の見分け"", ""cols"": [""「管理組合の事務支援」がキーワード"", ""「管理業者の業務」がキーワード""]}, {""axis"": ""混同注意"", ""cols"": [""名称に「管理士」が共通し混同しやすい"", ""どちらもマンション管理に関わる""]}]",管理業務主任者とマンション管理士の違い｜管業試験,管業とマン管士は名称が似ていますが、根拠法・登録先・業務主体が異なります。管業試験では両資格の関係と5問免除制度が頻出です。数値・日程・合格基準はマンション管理業協会（www.mankan.or.jp）の試験要項で必ずご確認ください。,根拠法と登録制度を区別;管業は管理組合支援が中心;マン管士5問免除は条件付き;名称類似の引っかけ肢に注意,管業とマン管士を同一資格とする;5問免除を全員に適用;管理業者の社員なら管業不要とする,「管業＝組合の専門家」「マン管士＝管理会社の専門家」と主体で整理。,管理業務主任者;マンション管理士,管理業務主任者とマンション管理士の違いは？,管理業務主任者は適正化法に基づき管理組合の管理事務支援を担う国家資格です。マンション管理士は管理業法に基づく管理業務の国家資格で、業務主体と試験制度が異なります。 試験では根拠法と登録制度を区別をセットで確認し、条文・管理規約の定めと照合しながら過去問を分類してください。 数値・日程・合格基準はマンション管理業協会（www.mankan.or.jp）の試験要項で必ずご確認ください。,マン管士合格で管業試験は免除？,マンション管理士試験合格者は管業試験のうち5問が免除され、45問受験となります。免除対象科目や年度条件は試験要項で確認してください。数値・日程・合格基準はマンション管理業協会（www.mankan.or.jp）の試験要項で必ずご確認ください。,管業試験でどう問われる？,両資格の目的・選任・登録の違いを正誤問題で出します。名称だけで判断せず、根拠法と業務内容で切り分けてください。 試験では根拠法と登録制度を区別をセットで確認し、条文・管理規約の定めと照合しながら過去問を分類してください。 数値・日程・合格基準はマンション管理業協会（www.mankan.or.jp）の試験要項で必ずご確認ください。,最新情報の確認先は？,マンション管理業協会（www.mankan.or.jp）の試験要項・FAQが一次情報です。本ページは学習整理用であり、出題・制度変更は必ず公式で確認してください。 試験では根拠法と登録制度を区別をセットで確認し、条文・管理規約の定めと照合しながら過去問を分類してください。
senyu-kyoyou,専有部分と共用部分の違い,区分所有法,専有部分;共用部分;区分所有法,区分所有法上の専有部分と共用部分の定義・管理責任・修繕費用負担の違いを整理します。,専有部分;共用部分,"[{""axis"": ""定義"", ""cols"": [""各区分所有者が単独で所有・使用する部分"", ""区分所有者全員で共有する部分""]}, {""axis"": ""典型例"", ""cols"": [""住戸内部・専有庭・バルコニー（規約による）"", ""廊下・エントランス・エレベーター・外壁""]}, {""axis"": ""管理・修繕"", ""cols"": [""原則として区分所有者の責任"", ""管理組合が管理し費用は区分所有者按分""]}, {""axis"": ""試験の見分け"", ""cols"": [""「住戸内」「専有」がキーワード"", ""「廊下」「共用」がキーワード""]}, {""axis"": ""混同注意"", ""cols"": [""境界部分（配管・床等）を一律に専有とする"", ""バルコニーを常に共用とする""]}]",専有部分と共用部分の違い｜管業試験,区分所有法の基本中の基本です。専有部分は各所有者の専属、共用部分は全員共有で管理組合が管理します。境界部分の取扱いが引っかけになりやすい論点です。,専有部分＝各所有者の専属;共用部分＝全員共有・管理組合管理;修繕費用の負担主体を区別;境界部分は条文・規約で確認,共用部分を個人で自由に改修できる;専有部分の修繕を管理組合が無条件に行う;バルコニーを常に専有部分とする,「住戸内＝専有」「廊下・EV＝共用」と典型例で覚える。,専有部分;共用部分,専有部分とは何ですか？,各区分所有者が単独で所有・使用する部分です。住戸内部や専有庭などが典型例で、原則として区分所有者が管理・修繕の責任を負います。 試験では専有部分＝各所有者の専属をセットで確認し、条文・管理規約の定めと照合しながら過去問を分類してください。,共用部分の管理は誰が？,区分所有者全員で共有し、管理組合が管理します。修繕費用は管理費・修繕積立金等で区分所有者が按分負担します。 試験では専有部分＝各所有者の専属をセットで確認し、条文・管理規約の定めと照合しながら過去問を分類してください。,試験でどう問われる？,具体物が専有部分か共用部分かを問う問題や、修繕費用負担の正誤問題が頻出です。境界部分は管理規約の定めも確認してください。 試験では専有部分＝各所有者の専属をセットで確認し、条文・管理規約の定めと照合しながら過去問を分類してください。,境界部分の判断は？,配管・床・壁等の境界は条文・管理規約・判例で判断します。一律に専有・共用と決めつけず、事案ごとに確認が必要です。 試験では専有部分＝各所有者の専属をセットで確認し、条文・管理規約の定めと照合しながら過去問を分類してください。
rijikai-soukai,理事会と総会の違い,区分所有法,理事会;総会;区分所有法,管理組合の理事会と総会の構成・権限・決議方法の違いを整理します。,理事会;総会,"[{""axis"": ""構成"", ""cols"": [""理事・監事で構成される執行機関"", ""区分所有者全員（または代理人）で構成""]}, {""axis"": ""主な権限"", ""cols"": [""日常の管理事務の決定・執行"", ""重要事項の決定（規約変更・建替え等）""]}, {""axis"": ""決議要件"", ""cols"": [""定足数・議決定数は規約・法で定める"", ""普通決議・特別決議等、事項により異なる""]}, {""axis"": ""試験の見分け"", ""cols"": [""「日常管理」「執行」がキーワード"", ""「規約変更」「建替え」がキーワード""]}, {""axis"": ""混同注意"", ""cols"": [""理事会だけで建替え決議できる"", ""総会なしで規約変更できる""]}]",理事会と総会の違い｜管業試験,理事会は執行機関、総会は最高意思決定機関です。日常管理は理事会、規約変更・建替え等の重要事項は総会決議が必要です。決議要件の違いが試験頻出です。,理事会＝執行機関;総会＝最高意思決定;重要事項は総会決議;普通決議と特別決議の要件を区別,理事会だけで建替え決議;総会なしで規約変更;理事会と総会の権限を同一視,「日常＝理事会」「重要＝総会」と事項の重要度で整理。,理事会;総会;総会決議要件,理事会の役割は？,管理組合の執行機関として、日常の管理事務の決定・執行を行います。理事長が代表し、監事が監査します。 試験では理事会＝執行機関をセットで確認し、条文・管理規約の定めと照合しながら過去問を分類してください。,総会で決めることは？,管理規約の変更、建替え、重要な費用負担等、区分所有法で総会決議を要する事項を決定します。決議要件は普通決議・特別決議で異なります。 試験では理事会＝執行機関をセットで確認し、条文・管理規約の定めと照合しながら過去問を分類してください。,試験でどう問われる？,理事会と総会の権限の違い、総会決議要件（普通・特別）の正誤問題が頻出です。5分の4議決権等の数値も確認してください。 試験では理事会＝執行機関をセットで確認し、条文・管理規約の定めと照合しながら過去問を分類してください。,監事の位置づけは？,監事は理事会の決定を監査し、総会に報告します。理事会の執行と監事の監査は別の役割です。 試験では理事会＝執行機関をセットで確認し、条文・管理規約の定めと照合しながら過去問を分類してください。 本ページは学習整理用です。出題・制度変更は必ず公式情報で確認してください。
ippan-shuzen-kaikei,一般会計と修繕積立金会計,会計・税務,一般会計;修繕積立金会計;会計,管理組合の一般会計と修繕積立金会計の目的・収入・支出・区分の違いを整理します。,一般会計;修繕積立金会計,"[{""axis"": ""目的"", ""cols"": [""日常の管理運営費用の会計処理"", ""将来の大規模修繕に備える積立金の会計処理""]}, {""axis"": ""主な収入"", ""cols"": [""管理費・共用部分使用料等"", ""修繕積立金（積立金）""]}, {""axis"": ""主な支出"", ""cols"": [""清掃・管理員人件費・光熱費等"", ""大規模修繕工事・長期修繕計画に基づく支出""]}, {""axis"": ""試験の見分け"", ""cols"": [""「日常管理費」「管理費」がキーワード"", ""「積立金」「大規模修繕」がキーワード""]}, {""axis"": ""混同注意"", ""cols"": [""積立金を一般会計で使い回す"", ""管理費と修繕積立金を同一視""]}]",一般会計と修繕積立金会計｜管業試験,管理組合の会計は一般会計と修繕積立金会計に区分されます。日常管理費と将来の修繕に備える積立金は目的が異なり、試験では会計区分の正誤が頻出です。,一般会計＝日常管理費;修繕積立金会計＝将来修繕用;収入・支出の区分を正確に;会計区分の混同に注意,修繕積立金を日常管理費に流用;管理費と積立金を同一会計;積立金の会計処理を一般会計と混同,「日常＝一般会計」「将来修繕＝積立金会計」と目的で整理。,一般会計;修繕積立金会計;修繕積立金会計と一般会計,一般会計とは？,管理組合の日常管理運営に関する会計です。管理費等の収入と、清掃・管理員人件費等の支出を処理します。 試験では一般会計＝日常管理費をセットで確認し、条文・管理規約の定めと照合しながら過去問を分類してください。,修繕積立金会計とは？,将来の大規模修繕に備えて積み立てる修繕積立金の会計です。長期修繕計画に基づく支出に充てられます。 試験では一般会計＝日常管理費をセットで確認し、条文・管理規約の定めと照合しながら過去問を分類してください。,試験でどう問われる？,収入・支出の会計区分、積立金の使途、一般会計と修繕積立金会計の区別が正誤問題で出ます。 試験では一般会計＝日常管理費をセットで確認し、条文・管理規約の定めと照合しながら過去問を分類してください。 本ページは学習整理用です。出題・制度変更は必ず公式情報で確認してください。,会計区分を混同すると？,積立金の目的外使用や、日常管理費と修繕費の混同は試験の誤答肢になりやすいです。目的別に整理してください。 試験では一般会計＝日常管理費をセットで確認し、条文・管理規約の定めと照合しながら過去問を分類してください。
kanri-kiyaku-hyojun,管理規約とマンション標準管理規約,標準管理規約,管理規約;マンション標準管理規約;標準管理規約,各マンションの管理規約と国土交通省のモデルであるマンション標準管理規約の関係・違いを整理します。,管理規約;マンション標準管理規約,"[{""axis"": ""位置づけ"", ""cols"": [""各管理組合が定める個別の規約"", ""国土交通省が示すモデル・参考規約""]}, {""axis"": ""効力"", ""cols"": [""当該マンションに法的拘束力"", ""参考であり直接の効力はない""]}, {""axis"": ""内容"", ""cols"": [""組合の名称・管理方法・使用細則等"", ""標準的な管理運営の枠組み""]}, {""axis"": ""試験の見分け"", ""cols"": [""「当該組合」「個別」がキーワード"", ""「モデル」「参考」がキーワード""]}, {""axis"": ""混同注意"", ""cols"": [""標準管理規約が自動的に適用される"", ""管理規約なしで標準規約だけで運営""]}]",管理規約とマンション標準管理規約の違い｜管業試験,管理規約は各組合の個別規約、標準管理規約は参考モデルです。標準規約は直接効力を持たず、各組合が管理規約を定めて運用します。,管理規約＝個別・拘束力あり;標準規約＝モデル・参考;標準規約は直接適用されない;規約変更は総会決議,標準管理規約が自動適用;管理規約なしで運営可能;標準規約と管理規約を同一視,「個別＝管理規約」「モデル＝標準規約」と効力で整理。,管理規約;マンション標準管理規約,管理規約とは？,各管理組合が定める個別の規約で、組合の名称・管理方法・使用細則等を定めます。区分所有者に法的拘束力があります。 試験では管理規約＝個別・拘束力ありをセットで確認し、条文・管理規約の定めと照合しながら過去問を分類してください。,標準管理規約とは？,国土交通省が示すモデル規約で、管理運営の参考となります。直接の法的効力はなく、各組合が参考に管理規約を策定します。 試験では管理規約＝個別・拘束力ありをセットで確認し、条文・管理規約の定めと照合しながら過去問を分類してください。,試験でどう問われる？,管理規約と標準管理規約の効力の違い、規約変更の総会決議要件が正誤問題で出ます。 試験では管理規約＝個別・拘束力ありをセットで確認し、条文・管理規約の定めと照合しながら過去問を分類してください。 本ページは学習整理用です。出題・制度変更は必ず公式情報で確認してください。,使用細則との関係は？,駐車場使用細則等は管理規約または規約で定める使用細則です。標準管理規約を参考に個別規約を定めます。 試験では管理規約＝個別・拘束力ありをセットで確認し、条文・管理規約の定めと照合しながら過去問を分類してください。
35jou-37jou,35条書面と37条書面,宅建業法,35条書面;37条書面;宅建業法,宅建業法の35条書面（重要事項説明）と37条書面（契約書面）の目的・交付時期・記載事項の違いを整理します。,35条書面;37条書面,"[{""axis"": ""目的"", ""cols"": [""重要事項の説明（契約前の情報提供）"", ""契約内容の書面化（契約の成立）""]}, {""axis"": ""交付時期"", ""cols"": [""契約の申込み前"", ""契約の成立時""]}, {""axis"": ""主な内容"", ""cols"": [""物件の権利関係・管理の状況等"", ""売買代金・引渡し時期等の契約条件""]}, {""axis"": ""試験の見分け"", ""cols"": [""「説明」「申込み前」がキーワード"", ""「契約書」「成立時」がキーワード""]}, {""axis"": ""混同注意"", ""cols"": [""37条書面だけで重要事項説明済み"", ""35条書面なしで契約可能""]}]",35条書面と37条書面の違い｜管業試験,35条書面は重要事項説明、37条書面は契約書面です。説明は申込み前、契約書は成立時に交付。管業試験では宅建業法の基本として頻出です。,35条＝重要事項説明・申込み前;37条＝契約書面・成立時;交付時期を区別;重要事項説明の記載事項を確認,37条書面だけで説明済み;35条書面なしで契約;説明と契約書を同一視,「説明＝35条・申込前」「契約＝37条・成立時」と時期で整理。,35条書面;37条書面;重要事項説明,35条書面とは？,宅建業者が重要事項を説明するための書面です。契約の申込み前に交付し、物件の権利関係・管理の状況等を記載します。 試験では35条＝重要事項説明・申込み前をセットで確認し、条文・管理規約の定めと照合しながら過去問を分類してください。,37条書面とは？,売買契約の内容を書面化した契約書面です。契約の成立時に交付し、代金・引渡し時期等を記載します。 試験では35条＝重要事項説明・申込み前をセットで確認し、条文・管理規約の定めと照合しながら過去問を分類してください。,試験でどう問われる？,交付時期、記載事項、35条と37条の目的の違いが正誤問題で出ます。重要事項説明の実施義務も確認してください。 試験では35条＝重要事項説明・申込み前をセットで確認し、条文・管理規約の定めと照合しながら過去問を分類してください。,管理業務主任者との関係は？,マンション管理の状況は35条書面の重要事項説明に含まれます。管業試験では宅建業法の基本知識として問われます。 試験では35条＝重要事項説明・申込み前をセットで確認し、条文・管理規約の定めと照合しながら過去問を分類してください。
itaku-kan-gyou,管理委託契約と管理業務主任者の役割,標準管理委託契約書・指針,管理委託;管理業務主任者;標準管理委託契約書,マンション管理業者との委託契約と、管理組合側の管理業務主任者の役割・責任の違いを整理します。,管理委託契約;管理業務主任者,"[{""axis"": ""契約関係"", ""cols"": [""管理組合と管理業者の委託契約"", ""管理組合と管理業務主任者の選任関係""]}, {""axis"": ""主な役割"", ""cols"": [""清掃・修繕・会計等の管理業務の実施"", ""管理事務の適正実施の支援・助言""]}, {""axis"": ""選任要件"", ""cols"": [""管理業者は許可・登録等が必要"", ""管業は試験合格・登録が必要""]}, {""axis"": ""試験の見分け"", ""cols"": [""「業務委託」「管理会社」がキーワード"", ""「組合の専門家」「助言」がキーワード""]}, {""axis"": ""混同注意"", ""cols"": [""管業が管理業務を直接実施する"", ""委託契約なしで管業だけで運営""]}]",管理委託契約と管理業務主任者の役割｜管業試験,管理委託契約は組合と管理業者の関係、管業は組合の管理事務支援の専門家です。マンション標準管理委託契約書を参考に契約内容を理解し、管業の役割を区別してください。,委託契約＝組合と管理業者;管業＝組合の専門家・助言;管業は業務実施者ではない;標準委託契約書を参考,管業が清掃・修繕を直接実施;委託契約と管業選任を同一視;管業不要で管理業者だけで運営,「実務＝管理業者」「助言＝管業」と役割で整理。,マンション標準管理委託契約書;管理業務主任者;管理組合,管理委託契約とは？,管理組合がマンション管理業者に管理業務を委託する契約です。マンション標準管理委託契約書を参考に契約内容を定めます。 試験では委託契約＝組合と管理業者をセットで確認し、条文・管理規約の定めと照合しながら過去問を分類してください。,管理業務主任者の役割は？,管理組合の管理事務の適正な実施を支援・助言する国家資格者です。管理業務の直接実施は管理業者が行います。 試験では委託契約＝組合と管理業者をセットで確認し、条文・管理規約の定めと照合しながら過去問を分類してください。,試験でどう問われる？,委託契約の内容、管業の選任・役割、管理業者と管業の関係が正誤問題で出ます。 試験では委託契約＝組合と管理業者をセットで確認し、条文・管理規約の定めと照合しながら過去問を分類してください。 本ページは学習整理用です。出題・制度変更は必ず公式情報で確認してください。,両方必要なのは？,管理業者に委託する場合でも、管業の選任・配置が適正化法で求められる場合があります。制度の趣旨を理解してください。 試験では委託契約＝組合と管理業者をセットで確認し、条文・管理規約の定めと照合しながら過去問を分類してください。
tatekae-chouki,建替えと長期修繕計画,品確法・建替円滑化法等,建替え;長期修繕計画;修繕,マンションの建替え決議と長期修繕計画の目的・手続・関係の違いを整理します。,建替え;長期修繕計画,"[{""axis"": ""目的"", ""cols"": [""老朽化マンションの再建・建替え"", ""計画的な大規模修繕の実施""]}, {""axis"": ""決議"", ""cols"": [""建替え決議（5分の4議決権等）"", ""総会決議（修繕計画の承認等）""]}, {""axis"": ""内容"", ""cols"": [""建物の解体・新築"", ""修繕工事の計画・積立金の計画""]}, {""axis"": ""試験の見分け"", ""cols"": [""「建替え」「5分の4」がキーワード"", ""「修繕計画」「積立金」がキーワード""]}, {""axis"": ""混同注意"", ""cols"": [""長期修繕計画＝建替え決議"", ""修繕計画なしで建替え可能""]}]",建替えと長期修繕計画の違い｜管業試験,建替えは建物の再建、長期修繕計画は計画的修繕の枠組みです。建替え決議は特別な要件、長期修繕計画は修繕積立金の計画基盤となります。,建替え＝再建・5分の4議決権;長期修繕計画＝計画修繕;目的と決議要件を区別;積立金計画との関係,長期修繕計画＝建替え;修繕計画なしで建替え;5分の4要件を普通決議と混同,「再建＝建替え」「計画修繕＝長期修繕計画」と目的で整理。,建替え;長期修繕計画;建替え決議;5分の4議決権,建替えとはについて教えてください？,老朽化したマンションを解体し新築する制度です。建替え決議には5分の4以上の議決権等の特別要件が必要です。 試験では建替え＝再建・5分の4議決権をセットで確認し、条文・管理規約の定めと照合しながら過去問を分類してください。,長期修繕計画とは？,大規模修繕を計画的に実施するための計画です。修繕積立金の積立・運用の基盤となり、総会で承認されます。 試験では建替え＝再建・5分の4議決権をセットで確認し、条文・管理規約の定めと照合しながら過去問を分類してください。,試験でどう問われる？,建替え決議要件、長期修繕計画の内容、両者の関係が正誤問題で出ます。 試験では建替え＝再建・5分の4議決権をセットで確認し、条文・管理規約の定めと照合しながら過去問を分類してください。 本ページは学習整理用です。出題・制度変更は必ず公式情報で確認してください。,建替えと修繕の選択は？,建物の状態・経済性等により建替えか大規模修繕かを判断します。長期修繕計画は修繕の計画、建替えは別制度です。 試験では建替え＝再建・5分の4議決権をセットで確認し、条文・管理規約の定めと照合しながら過去問を分類してください。
kanji-kan-gyou,監事と管理業務主任者,管理適正化法,監事;管理業務主任者;管理組合,管理組合の監事と管理業務主任者の選任・役割・責任の違いを整理します。,監事;管理業務主任者,"[{""axis"": ""選任"", ""cols"": [""区分所有者の中から選任（規約による）"", ""試験合格・登録者から選任""]}, {""axis"": ""主な役割"", ""cols"": [""理事会の業務・会計の監査"", ""管理事務の適正実施の支援・助言""]}, {""axis"": ""資格"", ""cols"": [""資格制限なし（規約による）"", ""管業試験合格・登録必須""]}, {""axis"": ""試験の見分け"", ""cols"": [""「監査」「会計監査」がキーワード"", ""「助言」「管理事務支援」がキーワード""]}, {""axis"": ""混同注意"", ""cols"": [""監事が管理事務を直接実施"", ""管業が会計監査を行う""]}]",監事と管理業務主任者の違い｜管業試験,監事は理事会の監査、管業は管理事務の支援です。監事は組合内から選任、管業は国家資格者。役割と選任要件の違いが試験頻出です。,監事＝監査・組合内選任;管業＝助言・国家資格;監査と助言を区別;選任要件の違い,監事が管理事務を実施;管業が会計監査;監事と管業の役割を同一視,「監査＝監事」「助言＝管業」と機能で整理。,監事;管理業務主任者;管理組合,監事の役割は？,理事会の業務執行と会計を監査し、総会に報告します。区分所有者の中から選任され、管理組合の内部監査を担います。 試験では監事＝監査・組合内選任をセットで確認し、条文・管理規約の定めと照合しながら過去問を分類してください。,管理業務主任者の役割は？,管理組合の管理事務の適正な実施を支援・助言します。試験合格・登録が必要な国家資格者です。 試験では監事＝監査・組合内選任をセットで確認し、条文・管理規約の定めと照合しながら過去問を分類してください。 本ページは学習整理用です。出題・制度変更は必ず公式情報で確認してください。,試験でどう問われる？,監事と管業の役割、選任要件、監査と助言の区別が正誤問題で出ます。 試験では監事＝監査・組合内選任をセットで確認し、条文・管理規約の定めと照合しながら過去問を分類してください。 本ページは学習整理用です。出題・制度変更は必ず公式情報で確認してください。,両方選任が必要？,適正化法により管業の選任が求められ、監事は区分所有法・規約に基づき選任されます。それぞれ独立した役割です。 試験では監事＝監査・組合内選任をセットで確認し、条文・管理規約の定めと照合しながら過去問を分類してください。
kumiai-kubun,管理組合と区分所有者,区分所有法,管理組合;区分所有者;区分所有法,管理組合の法人性・構成と区分所有者の権利義務の関係を整理します。,管理組合;区分所有者,"[{""axis"": ""主体"", ""cols"": [""区分所有者全員で構成する団体"", ""専有部分を所有する個人・法人""]}, {""axis"": ""権利"", ""cols"": [""共用部分の共有・管理に関する権利"", ""専有部分の所有・使用・収益""]}, {""axis"": ""義務"", ""cols"": [""管理費・修繕積立金の負担等"", ""管理規約の遵守・共用部分の負担""]}, {""axis"": ""試験の見分け"", ""cols"": [""「組合」「団体」がキーワード"", ""「所有者」「専有部分」がキーワード""]}, {""axis"": ""混同注意"", ""cols"": [""組合が法人である"", ""所有者が組合の構成員でない""]}]",管理組合と区分所有者の関係｜管業試験,管理組合は区分所有者全員で構成される団体です。区分所有者は専有部分を所有し、組合を通じて共用部分を共有・管理します。権利義務の主体を区別してください。,管理組合＝区分所有者の団体;区分所有者＝専有部分の所有者;組合は法人ではない;権利義務の主体を区別,管理組合を法人とする;所有者が組合構成員でない;組合と所有者を同一視,「団体＝組合」「個人＝区分所有者」と主体で整理。,管理組合;区分所有者,管理組合とは？,区分所有者全員で構成される団体で、共用部分の管理・総会・理事会等を通じてマンションを運営します。法人ではありません。 試験では管理組合＝区分所有者の団体をセットで確認し、条文・管理規約の定めと照合しながら過去問を分類してください。,区分所有者の権利は？,専有部分の所有・使用・収益の権利があります。共用部分は全員で共有し、管理組合を通じて管理されます。 試験では管理組合＝区分所有者の団体をセットで確認し、条文・管理規約の定めと照合しながら過去問を分類してください。,試験でどう問われる？,管理組合の構成、区分所有者の権利義務、組合と所有者の関係が正誤問題で出ます。 試験では管理組合＝区分所有者の団体をセットで確認し、条文・管理規約の定めと照合しながら過去問を分類してください。 本ページは学習整理用です。出題・制度変更は必ず公式情報で確認してください。,管理費の負担は？,区分所有者は管理組合を通じて管理費・修繕積立金を負担します。組合と所有者の関係を理解してください。 試験では管理組合＝区分所有者の団体をセットで確認し、条文・管理規約の定めと照合しながら過去問を分類してください。
kan-gyou-shiken-manshi,管業試験とマン管士試験の違い,判例・横断総合,管理業務主任者試験;マンション管理士;5問免除,管理業務主任者試験（50問）とマンション管理士試験の目的・合格後の効果・5問免除の関係を整理します。,管理業務主任者試験;マンション管理士,"[{""axis"": ""根拠法"", ""cols"": [""マンション等の管理の適正化の推進に関する法律"", ""マンション管理業法""]}, {""axis"": ""主目的"", ""cols"": [""管理組合の管理事務支援者の登録"", ""管理業務の国家資格""]}, {""axis"": ""問題数"", ""cols"": [""通常50問（マン管士合格者は45問）"", ""マン管士試験は別制度（要項確認）""]}, {""axis"": ""相互関係"", ""cols"": [""マン管士合格で管業5問免除"", ""管業合格はマン管士免除とは別""]}, {""axis"": ""確認"", ""cols"": [""www.mankan.or.jp"", ""試験要項で最新確認""]}]",管業試験とマン管士試験の違い｜管業,管業試験は適正化法に基づく50問試験、マン管士試験は管理業法に基づく別試験です。マン管士合格者が管業を受験する場合のみ5問免除（45問）となり、両試験を同一視しないでください。数値・日程・合格基準はマンション管理業協会（www.mankan.or.jp）の試験要項で必ずご確認ください。,50問と45問（5問免除）を区別;根拠法が異なる;マン管士合格が免除条件;要項で確認,両試験を同一とする;全員5問免除;管業合格でマン管士免除,「管業＝50/45問」「マン管士＝別試験・5問免除のきっかけ」。,管理業務主任者試験;マンション管理士;管理業務主任者,管業試験の問題数は？,通常50問です。マンション管理士試験合格者が管業試験を受験する場合、5問が免除され45問となります。詳細は試験要項で確認してください。 試験では50問と45問（5問免除）を区別をセットで確認してください。,マン管士試験との関係は？,別の国家資格試験です。マン管士合格が管業試験5問免除の条件となりますが、逆方向の免除は別ルールです。数値・日程・合格基準はマンション管理業協会（www.mankan.or.jp）の試験要項で必ずご確認ください。,試験対策は？,50問・45問・120分・相対評価をセットで暗記し、両試験の根拠法と目的の違いを表にまとめてください。 試験では50問と45問（5問免除）を区別をセットで確認してください。 誤答では両試験を同一とするに注意してください。,最新情報は？,マンション管理業協会（www.mankan.or.jp）の試験要項が一次情報です。数値・日程・合格基準はマンション管理業協会（www.mankan.or.jp）の試験要項で必ずご確認ください。 試験では50問と45問（5問免除）を区別をセットで確認してください。
tekiseika-kubun-hou,適正化法と区分所有法の管轄,管理適正化法,適正化法;区分所有法;管業,マンション等の管理の適正化の推進に関する法律と区分所有法が定める事項の違いを整理します。,適正化法;区分所有法,"[{""axis"": ""管業制度"", ""cols"": [""管理業務主任者・管理員配置等"", ""（直接は定めず）""]}, {""axis"": ""組合運営"", ""cols"": [""管理事務の適正化"", ""管理組合・専有部分・共用部分・総会等""]}, {""axis"": ""関係"", ""cols"": [""併存・補完"", ""併存・基礎法""]}, {""axis"": ""試験"", ""cols"": [""「管業＝適正化法」"", ""「組合＝区分所有法」""]}, {""axis"": ""混同"", ""cols"": [""適正化法が区分所有法を廃止"", ""管業＝区分所有法のみ""]}]",適正化法と区分所有法の違い｜管業,管業・管理員配置は適正化法、管理組合・専有共用・総会決議は区分所有法が中心です。両法は併存し、試験では根拠法の引っかけ肢に注意してください。,管業＝適正化法;組合運営＝区分所有法;両法併存;条文の根拠を確認,管業を区分所有法のみで説明;適正化法が区分所有法を包含;根拠法混同,「管業・管理員＝適正化法」「組合・専有共用＝区分所有法」。,マンション等の管理の適正化の推進に関する法律;管理組合;区分所有者,適正化法の正式名称は？,マンション等の管理の適正化の推進に関する法律です。管業制度・管理員配置等を定めます。 試験では管業＝適正化法をセットで確認してください。 誤答では管業を区分所有法のみで説明に注意してください。 覚え方：「管業・管理員＝適正化法」「組合・専有共用＝区分所有法」。,区分所有法との関係は？,区分所有法は専有部分・共用部分・管理組合等、適正化法は管業・管理員等を定め、両法が併存します。 試験では管業＝適正化法をセットで確認してください。 誤答では管業を区分所有法のみで説明に注意してください。,試験対策は？,両法の規定事項一覧表を作成し、管業・管理員・総会・修繕の根拠法を色分けしてください。 試験では管業＝適正化法をセットで確認してください。 誤答では管業を区分所有法のみで説明に注意してください。 覚え方：「管業・管理員＝適正化法」「組合・専有共用＝区分所有法」。,確認先はどこですか？,法令条文とマンション管理業協会（www.mankan.or.jp）の解説で両法の関係を確認してください。 試験では管業＝適正化法をセットで確認してください。 誤答では管業を区分所有法のみで説明に注意してください。
kanrin-kan-gyou-sen,管理員と管理業務主任者の違い,管理適正化法,管理員;管理業務主任者;適正化法,管理適正化法上の管理員配置と、管理業務主任者の選任・役割の違いを整理します。,管理員;管理業務主任者,"[{""axis"": ""制度"", ""cols"": [""一定規模以上で配置義務"", ""管理事務支援の国家資格者""]}, {""axis"": ""役割"", ""cols"": [""日常の管理業務の実施者（配置）"", ""管理事務の適正実施の支援・助言""]}, {""axis"": ""資格"", ""cols"": [""管業登録者等（要確認）"", ""試験合格・登録必須""]}, {""axis"": ""手続"", ""cols"": [""配置・届出"", ""選任・管理業務主任者の届出""]}, {""axis"": ""混同"", ""cols"": [""管理員＝管理会社社員のみ"", ""管業不要""]}]",管理員と管理業務主任者の違い｜管業,管理員は適正化法上の配置制度、管業は管理事務支援の国家資格です。管業を管理員として選任する場合の届出等、両制度の関係が試験頻出です。,管理員＝配置制度;管業＝助言の国家資格;選任時は届出;規模要件を確認,管理員不要とする;管業が清掃修繕を直接実施;届出と登録を混同,「配置＝管理員」「助言＝管業」と機能で整理。,管理員;管理員の配置;管理業務主任者;管理業務主任者の届出,管理員配置の要件は？,一定規模以上のマンション等で管理員の配置が適正化法により求められます。規模基準は法・規則で確認してください。 試験では管理員＝配置制度をセットで確認してください。 誤答では管理員不要とするに注意してください。,管業との関係は？,管理員として管業を選任する場合、選任・配置の届出が必要です。登録（資格取得）と届出（選任報告）は別手続です。 試験では管理員＝配置制度をセットで確認してください。 誤答では管理員不要とするに注意してください。,試験対策は？,管理員・管業・管理業者の三層表を作成し、主体・手続・役割を対比してください。 試験では管理員＝配置制度をセットで確認してください。 誤答では管理員不要とするに注意してください。 覚え方：「配置＝管理員」「助言＝管業」と機能で整理。,届出先はどこですか？,管理業務主任者の届出は都道府県です。最新手続はwww.mankan.or.jp等で確認してください。数値・日程・合格基準はマンション管理業協会（www.mankan.or.jp）の試験要項で必ずご確認ください。
menjo-5-vs-50,5問免除受験と50問通常受験,判例・横断総合,5問免除;50問試験;マン管士,マン管士合格者の管業5問免除（45問）と、通常の50問受験の違いを整理します。,5問免除（45問）;通常受験（50問）,"[{""axis"": ""対象"", ""cols"": [""マン管士試験合格者のみ"", ""一般受験者""]}, {""axis"": ""問題数"", ""cols"": [""45問"", ""50問""]}, {""axis"": ""時間"", ""cols"": [""120分（要項確認）"", ""120分""]}, {""axis"": ""合格点"", ""cols"": [""相対評価・年度変動"", ""相対評価・年度変動""]}, {""axis"": ""混同"", ""cols"": [""全員45問"", ""時間短縮あり""]}]",5問免除と50問通常受験の違い｜管業,マン管士合格者のみ5問免除で45問、それ以外は50問です。時間120分は同様で、免除範囲を正確に理解してください。数値・日程・合格基準はマンション管理業協会（www.mankan.or.jp）の試験要項で必ずご確認ください。,マン管士合格者のみ45問;通常50問;120分は同様;相対評価,全員5問免除;40問受験;時間短縮,「マン管士合格→45問」「それ以外→50問・120分」。,管理業務主任者試験;マンション管理士;管理業務主任者,5問免除の対象は？,マンション管理士試験合格者が管業試験を受験する場合のみです。全員には適用されません。数値・日程・合格基準はマンション管理業協会（www.mankan.or.jp）の試験要項で必ずご確認ください。 試験ではマン管士合格者のみ45問をセットで確認してください。,問題数は何問ですか？,免除時45問、通常50問です。40問等の数値は誤りになりやすいので要項で確認してください。数値・日程・合格基準はマンション管理業協会（www.mankan.or.jp）の試験要項で必ずご確認ください。,試験時間は？,120分が目安です。問題数が減っても時間が短縮されるとは限りません。要項で確認してください。数値・日程・合格基準はマンション管理業協会（www.mankan.or.jp）の試験要項で必ずご確認ください。,合格点は何点ですか？,相対評価のため年度により変動します。R7で36点が参考例でしたが、毎年要項・結果公告で確認してください。数値・日程・合格基準はマンション管理業協会（www.mankan.or.jp）の試験要項で必ずご確認ください。
touroku-todoke-koushin,登録・届出・更新登録の違い,管理適正化法,管理業務主任者の登録;管理業務主任者の届出;更新登録,管理業務主任者の登録（資格取得）、届出（選任報告）、更新登録（5年）の手続の違いを整理します。,登録;届出;更新登録,"[{""axis"": ""目的"", ""cols"": [""試験合格後の資格取得"", ""選任・配置の報告"", ""登録の更新（5年）""]}, {""axis"": ""時期"", ""cols"": [""試験合格後"", ""選任・解任・配置変更時"", ""5年ごと""]}, {""axis"": ""主体"", ""cols"": [""合格者本人"", ""管理組合等"", ""登録者本人""]}, {""axis"": ""届出先"", ""cols"": [""都道府県"", ""都道府県"", ""都道府県""]}, {""axis"": ""混同"", ""cols"": [""選任＝登録完了"", ""届出で更新"", ""更新不要""]}]",登録・届出・更新登録の違い｜管業,登録は資格取得、届出は選任報告、更新登録は5年ごとの手続です。手続の目的・時期を混同すると試験で誤答になります。,合格→登録→選任→届出;5年更新登録;登録と届出は別;欠格事由に注意,選任＝登録;届出＝更新;更新不要,「登録→選任→届出」「5年更新」と流れで整理。,管理業務主任者の登録;管理業務主任者の届出;更新登録,登録とは何ですか？,管業試験合格後、管理業務主任者として都道府県に登録する手続です。資格取得の意味があります。 試験では合格→登録→選任→届出をセットで確認してください。 誤答では選任＝登録に注意してください。 覚え方：「登録→選任→届出」「5年更新」と流れで整理。,届出とは何ですか？,管理組合等が管業を選任・配置した際に都道府県へ報告する手続です。登録とは別です。 試験では合格→登録→選任→届出をセットで確認してください。 誤答では選任＝登録に注意してください。 覚え方：「登録→選任→届出」「5年更新」と流れで整理。,更新登録は？,登録から5年ごとに更新登録が必要です。怠ると登録が失効します。数値・日程・合格基準はマンション管理業協会（www.mankan.or.jp）の試験要項で必ずご確認ください。 試験では合格→登録→選任→届出をセットで確認してください。,試験対策は？,登録・届出・更新の目的・時期・主体を表にまとめ、過去問の正誤肢を分類してください。 試験では合格→登録→選任→届出をセットで確認してください。 誤答では選任＝登録に注意してください。 覚え方：「登録→選任→届出」「5年更新」と流れで整理。
tokubetsu-futsu-soukai,普通決議と特別決議,区分所有法,普通決議;特別決議;総会決議要件,区分所有法上の総会普通決議と特別決議の要件・適用事項の違いを整理します。,普通決議;特別決議,"[{""axis"": ""議決権"", ""cols"": [""出席者の過半数"", ""区分所有者の5分の4以上""]}, {""axis"": ""典型事項"", ""cols"": [""日常的管理事項"", ""管理規約変更等""]}, {""axis"": ""建替え"", ""cols"": [""別要件（建替え決議）"", ""建替えはさらに特別""]}, {""axis"": ""試験"", ""cols"": [""「過半数」"", ""「5分の4」""]}, {""axis"": ""混同"", ""cols"": [""普通で規約変更"", ""特別＝建替えと同一""]}]",普通決議と特別決議の違い｜管業,普通決議は出席者過半数、特別決議は区分所有者の5分の4以上です。管理規約変更は特別決議、建替えは建替え決議と別要件を確認してください。,普通＝過半数;特別＝5分の4;建替えは別;定足数も規約・法で確認,普通で規約変更;建替え＝特別決議のみ;5分の4を過半数と混同,「日常＝普通」「重要＝特別」「建替え＝別」。,普通決議;特別決議;総会決議要件;5分の4議決権,普通決議の要件は？,総会に出席した区分所有者の議決権の過半数で成立します。 試験では普通＝過半数をセットで確認してください。 誤答では普通で規約変更に注意してください。 覚え方：「日常＝普通」「重要＝特別」「建替え＝別」。,特別決議の要件は？,区分所有者の議決権の5分の4以上が必要です。管理規約変更等に用いられます。 試験では普通＝過半数をセットで確認してください。 誤答では普通で規約変更に注意してください。 覚え方：「日常＝普通」「重要＝特別」「建替え＝別」。,建替え決議は？,5分の4議決権等の特別要件があります。特別決議と同一視しないでください。 試験では普通＝過半数をセットで確認してください。 誤答では普通で規約変更に注意してください。 覚え方：「日常＝普通」「重要＝特別」「建替え＝別」。,試験対策は？,普通・特別・建替えの三列比較表を作成し、数値と適用事項を暗記してください。 試験では普通＝過半数をセットで確認してください。 誤答では普通で規約変更に注意してください。 覚え方：「日常＝普通」「重要＝特別」「建替え＝別」。
rijicho-kanshi,理事長と監事の違い,区分所有法,理事長;監事;理事会,管理組合の理事長（執行代表）と監事（監査）の選任・権限の違いを整理します。,理事長;監事,"[{""axis"": ""位置づけ"", ""cols"": [""理事会の代表・執行"", ""理事会の監査""]}, {""axis"": ""選任"", ""cols"": [""理事会で選任"", ""区分所有者から選任（規約）""]}, {""axis"": ""権限"", ""cols"": [""管理組合の代表・理事会招集"", ""業務・会計の監査・総会報告""]}, {""axis"": ""試験"", ""cols"": [""「代表」「執行」"", ""「監査」「報告」""]}, {""axis"": ""混同"", ""cols"": [""監事が代表行為"", ""理事長が監査""]}]",理事長と監事の違い｜管業,理事長は執行・代表、監事は監査です。管業（助言）とは別の役割であり、三者を混同しないでください。,理事長＝代表・執行;監事＝監査;管業＝助言;選任主体が異なる,監事が代表;理事長が監査;管業が監査,「執行＝理事長」「監査＝監事」「助言＝管業」。,理事長;監事;理事会,理事長の役割は？,理事会を代表し、管理組合を代表して契約等を行います。理事会で選任されます。 試験では理事長＝代表・執行をセットで確認してください。 誤答では監事が代表に注意してください。 覚え方：「執行＝理事長」「監査＝監事」「助言＝管業」。,監事の役割は？,理事会の業務執行と会計を監査し、総会に報告します。 試験では理事長＝代表・執行をセットで確認してください。 誤答では監事が代表に注意してください。 覚え方：「執行＝理事長」「監査＝監事」「助言＝管業」。,管業との違いは？,管業は管理事務の支援・助言の国家資格者です。監査（監事）・助言（管業）を区別してください。 試験では理事長＝代表・執行をセットで確認してください。 誤答では監事が代表に注意してください。 覚え方：「執行＝理事長」「監査＝監事」「助言＝管業」。,試験対策は？,理事長・監事・管業の三役割表を作成し、権限の正誤問題を分類してください。 試験では理事長＝代表・執行をセットで確認してください。 誤答では監事が代表に注意してください。 覚え方：「執行＝理事長」「監査＝監事」「助言＝管業」。
kumiai-kanri-gyosha,管理組合とマンション管理業者,判例・横断総合,管理組合;マンション管理業;管理委託,管理組合（区分所有者の団体）とマンション管理業者（委託先）の主体・責任の違いを整理します。,管理組合;マンション管理業者,"[{""axis"": ""主体"", ""cols"": [""区分所有者全員の団体"", ""許可・登録を受けた事業者""]}, {""axis"": ""関係"", ""cols"": [""自己管理または委託"", ""管理組合から業務委託""]}, {""axis"": ""管業"", ""cols"": [""組合が選任"", ""管理業者社員が管業を兼ねる場合あり""]}, {""axis"": ""契約"", ""cols"": [""管理委託契約の委託者"", ""受託者""]}, {""axis"": ""混同"", ""cols"": [""管理会社＝管理組合"", ""委託＝組合消滅""]}]",管理組合とマンション管理業者の違い｜管業,管理組合は区分所有者の団体、管理業者は委託を受けて実務を行う事業者です。管業は組合側の専門家として選任され、管理業者とは主体が異なります。,組合＝委託者;管理業者＝受託者;管業＝組合の助言者;主体を区別,管理会社＝管理組合;委託で組合不要;管業＝管理会社のみ,「組合＝オーナー側」「管理会社＝実務」「管業＝組合の専門家」。,管理組合;マンション標準管理委託契約書;管理業務主任者,管理組合とは？,区分所有者全員で構成される団体で、マンションの管理・運営の主体です。法人ではありません。 試験では組合＝委託者をセットで確認してください。 誤答では管理会社＝管理組合に注意してください。 覚え方：「組合＝オーナー側」「管理会社＝実務」「管業＝組合の専門家」。,管理業者とは？,管理組合から管理業務を委託される事業者です。マンション管理業の許可等が必要です。 試験では組合＝委託者をセットで確認してください。 誤答では管理会社＝管理組合に注意してください。 覚え方：「組合＝オーナー側」「管理会社＝実務」「管業＝組合の専門家」。,管業の位置づけは？,管理組合の管理事務支援の国家資格者で、管理業者の社員である場合と組合が直接選任する場合があります。 試験では組合＝委託者をセットで確認してください。 誤答では管理会社＝管理組合に注意してください。 覚え方：「組合＝オーナー側」「管理会社＝実務」「管業＝組合の専門家」。,試験対策は？,組合・管理業者・管業の関係図を描き、委託契約と管業選任を別線で整理してください。 試験では組合＝委託者をセットで確認してください。 誤答では管理会社＝管理組合に注意してください。 覚え方：「組合＝オーナー側」「管理会社＝実務」「管業＝組合の専門家」。
shuzen-keikaku-kanrihi,長期修繕計画と管理費,区分所有法,長期修繕計画;修繕積立金;一般会計,長期修繕計画・修繕積立金と、日常の管理費（一般会計）の目的・会計区分の違いを整理します。,長期修繕計画;管理費（一般会計）,"[{""axis"": ""目的"", ""cols"": [""将来の大規模修繕の計画"", ""日常管理運営費""]}, {""axis"": ""会計"", ""cols"": [""修繕積立金会計"", ""一般会計""]}, {""axis"": ""収入"", ""cols"": [""修繕積立金"", ""管理費""]}, {""axis"": ""承認"", ""cols"": [""総会決議等"", ""予算・規約に基づく""]}, {""axis"": ""混同"", ""cols"": [""管理費で大規模修繕"", ""積立金で日常清掃""]}]",長期修繕計画と管理費の違い｜管業,長期修繕計画は将来修繕の枠組み、管理費は日常運営費です。修繕積立金会計と一般会計の区分が試験頻出です。,修繕＝積立金会計;日常＝一般会計;長期修繕計画が基盤;目的外使用に注意,管理費で大規模修繕;積立金で日常管理;会計区分混同,「日常＝管理費」「将来修繕＝積立金・計画」。,長期修繕計画;修繕積立金;一般会計;修繕積立金会計,長期修繕計画とは？,大規模修繕を計画的に実施するための計画で、修繕積立金の算定基盤となります。 試験では修繕＝積立金会計をセットで確認してください。 誤答では管理費で大規模修繕に注意してください。 覚え方：「日常＝管理費」「将来修繕＝積立金・計画」。,管理費との違いは？,管理費は一般会計で日常管理費、修繕積立金は修繕積立金会計で将来修繕用です。 試験では修繕＝積立金会計をセットで確認してください。 誤答では管理費で大規模修繕に注意してください。 覚え方：「日常＝管理費」「将来修繕＝積立金・計画」。,試験対策は？,会計区分表を作成し、収入・支出・目的を一般会計と修繕積立金会計で対比してください。 試験では修繕＝積立金会計をセットで確認してください。 誤答では管理費で大規模修繕に注意してください。 覚え方：「日常＝管理費」「将来修繕＝積立金・計画」。,総会との関係は？,長期修繕計画の承認等は総会決議が必要な場合があります。決議要件も確認してください。 試験では修繕＝積立金会計をセットで確認してください。 誤答では管理費で大規模修繕に注意してください。 覚え方：「日常＝管理費」「将来修繕＝積立金・計画」。
shoyu-chintai-kanrihi,区分所有者と賃借人の管理費,区分所有法,区分所有者;賃借人;管理費,区分所有者と賃借人の管理費・修繕積立金負担の関係（規約・契約）を整理します。,区分所有者;賃借人,"[{""axis"": ""負担義務"", ""cols"": [""原則として区分所有者"", ""規約・賃貸借契約で定め""]}, {""axis"": ""請求"", ""cols"": [""管理組合→区分所有者"", ""所有者→賃借人への転嫁は契約次第""]}, {""axis"": ""権利"", ""cols"": [""総会議決権等"", ""規約で制限される場合あり""]}, {""axis"": ""試験"", ""cols"": [""「所有者負担が原則」"", ""「契約で定め可能」""]}, {""axis"": ""混同"", ""cols"": [""賃借人が直接組合へ"", ""所有者負担なし""]}]",区分所有者と賃借人の管理費｜管業,管理費・修繕積立金の負担義務は原則区分所有者にあり、賃借人負担は管理規約・賃貸借契約の定めによります。試験では原則と例外の正誤が出ます。,負担原則＝区分所有者;賃借人負担は規約・契約;総会権は所有者;条文・規約確認,賃借人が直接組合に払う義務;所有者負担なし;規約不要,「義務＝所有者」「実費＝契約で賃借人可」。,区分所有者;管理規約;管理費,管理費の負担者は？,原則として区分所有者が管理組合に負担します。賃借人への転嫁は規約・契約の定めによります。 試験では負担原則＝区分所有者をセットで確認してください。 誤答では賃借人が直接組合に払う義務に注意してください。,賃借人が払う場合は？,賃貸借契約で定めれば、賃借人が実際に負担することがありますが、対外的な義務主体は所有者です。 試験では負担原則＝区分所有者をセットで確認してください。 誤答では賃借人が直接組合に払う義務に注意してください。,試験対策は？,原則（所有者）と例外（規約・契約）の二段構えで正誤問題を解いてください。 試験では負担原則＝区分所有者をセットで確認してください。 誤答では賃借人が直接組合に払う義務に注意してください。 覚え方：「義務＝所有者」「実費＝契約で賃借人可」。,総会権との関係は？,議決権は区分所有者に帰属します。賃借人の権利は規約の定めにより制限される場合があります。 試験では負担原則＝区分所有者をセットで確認してください。 誤答では賃借人が直接組合に払う義務に注意してください。
choki-shuzen-keikaku-s32,長期修繕計画と修繕積立金,区分所有法,長期修繕計画;修繕積立金,長期修繕計画の策定・見直しと、修繕積立金の積立・運用の関係を整理します。,長期修繕計画;修繕積立金,"[{""axis"": ""目的"", ""cols"": [""修繕の実施の計画"", ""資金の事前積立""]}, {""axis"": ""作成"", ""cols"": [""管理組合が策定"", ""専門家活用""]}, {""axis"": ""資金"", ""cols"": [""積立金で賄う"", ""一時金徴収も""]}, {""axis"": ""試験"", ""cols"": [""「計画不要」"", ""「積立不要」""]}, {""axis"": ""混同"", ""cols"": [""管理費と同一"", ""管業が決定""]}]",長期修繕計画と積立金｜管業,長期修繕計画はマンションの修繕ロードマップ、修繕積立金はその財源です。管理規約・総会決議とセットで学習してください。数値・日程・合格基準はマンション管理業協会（www.mankan.or.jp）の試験要項で必ずご確認ください。,計画＝組合;積立金＝規約・総会;修繕の実施と連動;見直し周期,計画不要;積立任意;管理費に含む,「計画→積立→実施」。,長期修繕計画;修繕積立金;修繕の実施,長期修繕計画とは？,マンションの修繕・更新の計画で、管理組合が策定・見直しします。積立金計画と一体です。 試験では計画＝組合をセットで確認してください。 誤答では計画不要に注意してください。 覚え方：「計画→積立→実施」。,修繕積立金とは？,将来の修繕の実施に備えた積立です。管理費とは別枠で規約・総会が関与します。 試験では計画＝組合をセットで確認してください。 誤答では計画不要に注意してください。 覚え方：「計画→積立→実施」。 長期修繕計画はマンションの修繕ロードマップ、修繕積立金はその財源です。管理規約・総会決議とセットで学習してください。数値。,試験対策は？,計画・積立金・修繕の実施・総会決議をフロー化してください。 試験では計画＝組合をセットで確認してください。 誤答では計画不要に注意してください。 覚え方：「計画→積立→実施」。 長期修繕計画はマンションの修繕ロードマップ、修繕積立金はその財源です。管理規約・総会決議とセットで学習してください。数値。,確認先はどこですか？,区分所有法・管理規約の用語を参照してください。 試験では計画＝組合をセットで確認してください。 誤答では計画不要に注意してください。 覚え方：「計画→積立→実施」。 長期修繕計画はマンションの修繕ロードマップ、修繕積立金はその財源です。管理規約・総会決議とセットで学習してください。数値。
kanri-kiyaku-henkou-s32,管理規約の変更手続,区分所有法,管理規約;総会,管理規約の変更には総会の特別決議等が必要である点を整理します。,管理規約;特別決議,"[{""axis"": ""決議"", ""cols"": [""特別決議"", ""5分の4以上""]}, {""axis"": ""対象"", ""cols"": [""規約全体・一部"", ""専有部分制限も""]}, {""axis"": ""手続"", ""cols"": [""総会"", ""議事録""]}, {""axis"": ""試験"", ""cols"": [""「過半数」"", ""「理事会のみ」""]}, {""axis"": ""混同"", ""cols"": [""管業が単独変更"", ""規約不要""]}]",管理規約変更の手続｜管業,管理規約は区分所有法上の基本規則です。変更は総会特別決議が原則で、理事会だけでは完結しません。数値・日程・合格基準はマンション管理業協会（www.mankan.or.jp）の試験要項で必ずご確認ください。,変更＝特別決議;5分の4;総会;議事録保存,過半数で可;理事会決議のみ;管業が変更,「規約変更＝特別決議」。,管理規約;特別決議;総会,規約変更の決議は？,原則として区分所有者の総会における特別決議（5分の4以上）が必要です。 試験では変更＝特別決議をセットで確認してください。 誤答では過半数で可に注意してください。 覚え方：「規約変更＝特別決議」。 管理規約は区分所有法上の基本規則です。変更は総会特別決議が原則で、理事会だけでは完結しません。数値・日程・合格基準はマン。,理事会だけで可？,理事会は執行機関であり、規約変更を単独で決められるわけではありません。 試験では変更＝特別決議をセットで確認してください。 誤答では過半数で可に注意してください。 覚え方：「規約変更＝特別決議」。 管理規約は区分所有法上の基本規則です。変更は総会特別決議が原則で、理事会だけでは完結しません。数値・日程・合格基準はマン。,試験対策は？,普通・特別・建替え決議の四段表を作成してください。 試験では変更＝特別決議をセットで確認してください。 誤答では過半数で可に注意してください。 覚え方：「規約変更＝特別決議」。 管理規約は区分所有法上の基本規則です。変更は総会特別決議が原則で、理事会だけでは完結しません。数値・日程・合格基準はマン。,確認先はどこですか？,区分所有法と用語集を参照してください。 試験では変更＝特別決議をセットで確認してください。 誤答では過半数で可に注意してください。 覚え方：「規約変更＝特別決議」。 管理規約は区分所有法上の基本規則です。変更は総会特別決議が原則で、理事会だけでは完結しません。数値・日程・合格基準はマン。
rijikai-ketsugi-s32,理事会決議と総会決議,区分所有法,理事会;総会,理事会の権限と、総会に専属する決議事項の違いを整理します。,理事会;総会,"[{""axis"": ""機関"", ""cols"": [""執行・日常"", ""最高意思""]}, {""axis"": ""決議"", ""cols"": [""理事会決議"", ""普通・特別決議""]}, {""axis"": ""対象"", ""cols"": [""修繕手配等"", ""規約変更・建替え""]}, {""axis"": ""試験"", ""cols"": [""「理事会で規約変更」"", ""「総会不要」""]}, {""axis"": ""混同"", ""cols"": [""同一要件"", ""管業が決議""]}]",理事会と総会の決議｜管業,理事会は執行、総会は基本的事項を決めます。規約変更・建替え等は総会側の論点です。数値・日程・合格基準はマンション管理業協会（www.mankan.or.jp）の試験要項で必ずご確認ください。,理事会＝執行;総会＝基本;規約・建替えは総会;議事録,理事会で規約変更;同一定足数;管業が議決,「基本＝総会」「日常＝理事会」。,理事会;総会;総会決議要件,理事会の役割は？,管理組合の執行機関として日常管理・修繕手配等を行います。 試験では理事会＝執行をセットで確認してください。 誤答では理事会で規約変更に注意してください。 覚え方：「基本＝総会」「日常＝理事会」。 理事会は執行、総会は基本的事項を決めます。規約変更・建替え等は総会側の論点です。数値・日程・合格基準はマンション管理業協。,総会の役割は？,規約変更・建替え等、組合の基本的事項を決議します。 試験では理事会＝執行をセットで確認してください。 誤答では理事会で規約変更に注意してください。 覚え方：「基本＝総会」「日常＝理事会」。 理事会は執行、総会は基本的事項を決めます。規約変更・建替え等は総会側の論点です。数値・日程・合格基準はマンション管理業協。,試験対策は？,理事会・総会・管業の権限表を作成してください。 試験では理事会＝執行をセットで確認してください。 誤答では理事会で規約変更に注意してください。 覚え方：「基本＝総会」「日常＝理事会」。 理事会は執行、総会は基本的事項を決めます。規約変更・建替え等は総会側の論点です。数値・日程・合格基準はマンション管理業協。,確認先はどこですか？,区分所有法を参照してください。 試験では理事会＝執行をセットで確認してください。 誤答では理事会で規約変更に注意してください。 覚え方：「基本＝総会」「日常＝理事会」。 理事会は執行、総会は基本的事項を決めます。規約変更・建替え等は総会側の論点です。数値・日程・合格基準はマンション管理業協。
kanrinin-sennin-s32,管理員選任と管業届出,管理適正化法,管理員;管理業務主任者,管理員の選任・解任と、管業を管理員とした場合の届出を整理します。,管理員;管理業務主任者の届出,"[{""axis"": ""選任"", ""cols"": [""管理組合が選任"", ""管業も可""]}, {""axis"": ""届出"", ""cols"": [""都道府県へ"", ""配置と連動""]}, {""axis"": ""配置"", ""cols"": [""一定規模で義務"", ""施行規則確認""]}, {""axis"": ""試験"", ""cols"": [""「届出不要」"", ""「管理会社が選任」""]}, {""axis"": ""混同"", ""cols"": [""管業＝自動選任"", ""配置不要""]}]",管理員選任と届出｜管業,一定規模以上では管理員配置が必要です。管業を管理員とする場合は選任・届出がセットです。数値・日程・合格基準はマンション管理業協会（www.mankan.or.jp）の試験要項で必ずご確認ください。,配置義務;管業選任可;届出;欠格事由,届出不要;管理会社が自動;配置不要,「規模→配置→選任→届出」。,管理員;管理業務主任者;管理業務主任者の届出,管理員配置の基準は？,適正化法・施行規則で定める一定規模以上が対象です。数値は条文で確認してください。 試験では配置義務をセットで確認してください。 誤答では届出不要に注意してください。 覚え方：「規模→配置→選任→届出」。,管業との関係は？,管理員として管業を選任する場合、選任・配置の届出が必要です。 試験では配置義務をセットで確認してください。 誤答では届出不要に注意してください。 覚え方：「規模→配置→選任→届出」。 一定規模以上では管理員配置が必要です。管業を管理員とする場合は選任・届出がセットです。数値・日程・合格基準はマンション管。,試験対策は？,配置義務・選任・届出の三点セットで正誤問題を整理してください。 誤答では届出不要に注意してください。 覚え方：「規模→配置→選任→届出」。 一定規模以上では管理員配置が必要です。管業を管理員とする場合は選任・届出がセットです。数値・日程・合格基準はマンション管。,確認先はどこですか？,適正化法とwww.mankan.or.jpを参照してください。 試験では配置義務をセットで確認してください。 誤答では届出不要に注意してください。 覚え方：「規模→配置→選任→届出」。 一定規模以上では管理員配置が必要です。管業を管理員とする場合は選任・届出がセットです。数値・日程・合格基準はマンション管。
tekiseika-kanri-hiyou-s32,管理費と修繕積立金の性質,区分所有法,管理費;修繕積立金,管理費（日常管理）と修繕積立金（将来修繕）の目的・会計処理の違いを整理します。,管理費;修繕積立金,"[{""axis"": ""目的"", ""cols"": [""日常管理・清掃"", ""修繕の実施""]}, {""axis"": ""徴収"", ""cols"": [""毎月"", ""積立""]}, {""axis"": ""規約"", ""cols"": [""管理費規約"", ""積立金規約""]}, {""axis"": ""試験"", ""cols"": [""「同一」"", ""「積立不要」""]}, {""axis"": ""混同"", ""cols"": [""積立を管理費に充当"", ""計画不要""]}]",管理費と積立金の違い｜管業,管理費は日常運営、修繕積立金は将来修繕のための積立です。長期修繕計画と一体で理解してください。数値・日程・合格基準はマンション管理業協会（www.mankan.or.jp）の試験要項で必ずご確認ください。,管理費＝日常;積立＝将来;別規約;計画と連動,同一;積立任意;計画不要;試験の正誤肢に注意,「今＝管理費」「将来＝積立」。,管理費;修繕積立金;長期修繕計画,管理費とは？,日常の管理・清掃・共用部分維持に充てる費用です。 試験では管理費＝日常をセットで確認してください。 誤答では同一に注意してください。 覚え方：「今＝管理費」「将来＝積立」。 管理費は日常運営、修繕積立金は将来修繕のための積立です。長期修繕計画と一体で理解してください。数値・日程・合格基準はマン。,修繕積立金とは？,修繕の実施に備えた積立で、管理費とは目的が異なります。 試験では管理費＝日常をセットで確認してください。 誤答では同一に注意してください。 覚え方：「今＝管理費」「将来＝積立」。 管理費は日常運営、修繕積立金は将来修繕のための積立です。長期修繕計画と一体で理解してください。数値・日程・合格基準はマン。,試験対策は？,費用の二層構造を図示し、規約・総会の関与を整理してください。 試験では管理費＝日常をセットで確認してください。 誤答では同一に注意してください。 覚え方：「今＝管理費」「将来＝積立」。 管理費は日常運営、修繕積立金は将来修繕のための積立です。長期修繕計画と一体で理解してください。数値・日程・合格基準はマン。,確認先はどこですか？,用語集を参照してください。 試験では管理費＝日常をセットで確認してください。 誤答では同一に注意してください。 覚え方：「今＝管理費」「将来＝積立」。 管理費は日常運営、修繕積立金は将来修繕のための積立です。長期修繕計画と一体で理解してください。数値・日程・合格基準はマン。
kubun-shoyu-senyu-s32,専有部分と共用部分,区分所有法,専有部分;共用部分,専有部分・共用部分の区分と、修繕・管理費負担の違いを整理します。,専有部分;共用部分,"[{""axis"": ""帰属"", ""cols"": [""区分所有者"", ""共有持分""]}, {""axis"": ""修繕"", ""cols"": [""専有は所有者"", ""共用は組合""]}, {""axis"": ""管理費"", ""cols"": [""負担割合"", ""規約""]}, {""axis"": ""試験"", ""cols"": [""「入居者が共用修繕」"", ""「専有＝共用」""]}, {""axis"": ""混同"", ""cols"": [""境界不要"", ""管業が所有""]}]",専有と共用の区分｜管業,専有部分は各戸、共用部分は廊下・エントランス等です。修繕責任と管理費負担が試験の中心です。数値・日程・合格基準はマンション管理業協会（www.mankan.or.jp）の試験要項で必ずご確認ください。,専有＝各戸;共用＝共有;修繕主体別;規約で負担,同一;入居者が共用修繕;境界不要,「自分の部屋＝専有」。,専有部分;共用部分;区分所有者,専有部分とは？,住戸等、区分所有者が単独で所有する部分です。 試験では専有＝各戸をセットで確認してください。 誤答では同一に注意してください。 覚え方：「自分の部屋＝専有」。 専有部分は各戸、共用部分は廊下・エントランス等です。修繕責任と管理費負担が試験の中心です。数値・日程・合格基準はマンショ。,共用部分とは？,廊下・階段等、区分所有者が共有する部分です。 試験では専有＝各戸をセットで確認してください。 誤答では同一に注意してください。 覚え方：「自分の部屋＝専有」。 専有部分は各戸、共用部分は廊下・エントランス等です。修繕責任と管理費負担が試験の中心です。数値・日程・合格基準はマンショ。,試験対策は？,修繕・管理費・原状回復を専有/共用で色分けしてください。 試験では専有＝各戸をセットで確認してください。 誤答では同一に注意してください。 覚え方：「自分の部屋＝専有」。 専有部分は各戸、共用部分は廊下・エントランス等です。修繕責任と管理費負担が試験の中心です。数値・日程・合格基準はマンショ。,確認先はどこですか？,区分所有法を参照してください。 試験では専有＝各戸をセットで確認してください。 誤答では同一に注意してください。 覚え方：「自分の部屋＝専有」。 専有部分は各戸、共用部分は廊下・エントランス等です。修繕責任と管理費負担が試験の中心です。数値・日程・合格基準はマンショ。
tatekae-ketsugi-s32,建替え決議と特別決議,区分所有法,建替え;特別決議,建替えに必要な区分所有者の決議要件を整理します。,建替え;5分の4議決権,"[{""axis"": ""決議"", ""cols"": [""5分の4以上"", ""特別決議より厳しい""]}, {""axis"": ""手続"", ""cols"": [""総会"", ""規約・判例""]}, {""axis"": ""管業"", ""cols"": [""事務支援"", ""決議主体は組合""]}, {""axis"": ""試験"", ""cols"": [""「過半数」"", ""「理事会のみ」""]}, {""axis"": ""混同"", ""cols"": [""普通決議"", ""管業が決定""]}]",建替え決議要件｜管業,建替えは区分所有者の高い割合の同意が必要です。普通決議・特別決議と数値を混同しないでください。数値・日程・合格基準はマンション管理業協会（www.mankan.or.jp）の試験要項で必ずご確認ください。,建替え＝高い割合;総会;管業は支援;規約確認,過半数;理事会のみ;管業決定;試験の正誤肢に注意,「建替え＝厳しい決議」。,建替え;特別決議;5分の4議決権,建替えの決議は？,区分所有者の議決権の5分の4以上等、高い割合が必要です。条文で確認してください。 試験では建替え＝高い割合をセットで確認してください。 誤答では過半数に注意してください。 覚え方：「建替え＝厳しい決議」。,特別決議との違いは？,特別決議より厳しい要件が建替えに適用されます。数値表を作成してください。 試験では建替え＝高い割合をセットで確認してください。 誤答では過半数に注意してください。 覚え方：「建替え＝厳しい決議」。 建替えは区分所有者の高い割合の同意が必要です。普通決議・特別決議と数値を混同しないでください。数値・日程・合格基準はマン。,試験対策は？,普通・特別・建替えの三段表を暗記してください。 試験では建替え＝高い割合をセットで確認してください。 誤答では過半数に注意してください。 覚え方：「建替え＝厳しい決議」。 建替えは区分所有者の高い割合の同意が必要です。普通決議・特別決議と数値を混同しないでください。数値・日程・合格基準はマン。,確認先はどこですか？,区分所有法を参照してください。 試験では建替え＝高い割合をセットで確認してください。 誤答では過半数に注意してください。 覚え方：「建替え＝厳しい決議」。 建替えは区分所有者の高い割合の同意が必要です。普通決議・特別決議と数値を混同しないでください。数値・日程・合格基準はマン。
kanri-itaku-kumiai-s32,管理委託と管理組合の権限,区分所有法,マンション標準管理委託契約書;管理組合,管理会社への委託と、管理組合の最終決定権の関係を整理します。,マンション標準管理委託契約書;管理組合,"[{""axis"": ""主体"", ""cols"": [""管理組合"", ""管理会社""]}, {""axis"": ""契約"", ""cols"": [""委託契約"", ""報酬""]}, {""axis"": ""決議"", ""cols"": [""組合が決定"", ""会社は執行""]}, {""axis"": ""試験"", ""cols"": [""「会社が規約変更」"", ""「委託で権限移転」""]}, {""axis"": ""混同"", ""cols"": [""会社＝組合"", ""管業不要""]}]",管理委託と組合権限｜管業,管理会社は委託を受けて執行しますが、規約変更等の基本決定は管理組合・総会です。数値・日程・合格基準はマンション管理業協会（www.mankan.or.jp）の試験要項で必ずご確認ください。,組合＝意思決定;会社＝執行;委託契約;管業は支援,会社が規約変更;権限移転;管業不要,「決めるのは組合」。,管理組合;マンション標準管理委託契約書;管理業務主任者,管理委託とは？,管理組合が管理会社に日常管理を委託する契約です。 試験では組合＝意思決定をセットで確認してください。 誤答では会社が規約変更に注意してください。 覚え方：「決めるのは組合」。 管理会社は委託を受けて執行しますが、規約変更等の基本決定は管理組合・総会です。数値・日程・合格基準はマンション管理業協会。,組合の権限は？,規約・総会で基本を決め、委託は執行の手段です。 試験では組合＝意思決定をセットで確認してください。 誤答では会社が規約変更に注意してください。 覚え方：「決めるのは組合」。 管理会社は委託を受けて執行しますが、規約変更等の基本決定は管理組合・総会です。数値・日程・合格基準はマンション管理業協会。,試験対策は？,組合・理事会・管理会社・管業の関係図を描いてください。 試験では組合＝意思決定をセットで確認してください。 誤答では会社が規約変更に注意してください。 覚え方：「決めるのは組合」。 管理会社は委託を受けて執行しますが、規約変更等の基本決定は管理組合・総会です。数値・日程・合格基準はマンション管理業協会。,確認先はどこですか？,区分所有法と用語集を参照してください。 試験では組合＝意思決定をセットで確認してください。 誤答では会社が規約変更に注意してください。 覚え方：「決めるのは組合」。 管理会社は委託を受けて執行しますが、規約変更等の基本決定は管理組合・総会です。数値・日程・合格基準はマンション管理業協会。
tekiseika-kanrin-s32,適正化法とマンション管理業法,判例・横断総合,適正化法;マンション管理業法,管業制度の根拠法（適正化法）と管理会社の業法（マン管業法）の違いを整理します。,マンション等の管理の適正化の推進に関する法律;マンション管理業法,"[{""axis"": ""管業"", ""cols"": [""適正化法"", ""管理員・管業""]}, {""axis"": ""管理会社"", ""cols"": [""マン管業法"", ""登録・契約""]}, {""axis"": ""試験"", ""cols"": [""「同一法」"", ""「管業＝マン管士」""]}, {""axis"": ""関係"", ""cols"": [""併存"", ""補完""]}, {""axis"": ""混同"", ""cols"": [""管業で会社登録"", ""マン管士＝管業""]}]",適正化法とマン管業法｜管業,管業は適正化法、マンション管理会社はマン管業法が中心です。マン管士試験と管業試験も別です。数値・日程・合格基準はマンション管理業協会（www.mankan.or.jp）の試験要項で必ずご確認ください。,管業＝適正化法;管理会社＝マン管業法;マン管士≠管業;併存,同一法;マン管士＝管業;会社登録＝管業,「管業＝適正化」「会社＝マン管業法」。,マンション等の管理の適正化の推進に関する法律;マンション管理業者;管理業務主任者,適正化法の役割は？,管業制度・管理員配置等を定めます。 試験では管業＝適正化法をセットで確認してください。 誤答では同一法に注意してください。 覚え方：「管業＝適正化」「会社＝マン管業法」。 管業は適正化法、マンション管理会社はマン管業法が中心です。マン管士試験と管業試験も別です。数値・日程・合格基準はマンショ。,マン管業法の役割は？,管理会社の登録・契約等を定めます。 試験では管業＝適正化法をセットで確認してください。 誤答では同一法に注意してください。 覚え方：「管業＝適正化」「会社＝マン管業法」。 管業は適正化法、マンション管理会社はマン管業法が中心です。マン管士試験と管業試験も別です。数値・日程・合格基準はマンショ。,試験対策は？,根拠法の引っかけ肢を表で整理してください。 試験では管業＝適正化法をセットで確認してください。 誤答では同一法に注意してください。 覚え方：「管業＝適正化」「会社＝マン管業法」。 管業は適正化法、マンション管理会社はマン管業法が中心です。マン管士試験と管業試験も別です。数値・日程・合格基準はマンショ。,確認先はどこですか？,両法の用語集を参照してください。 試験では管業＝適正化法をセットで確認してください。 誤答では同一法に注意してください。 覚え方：「管業＝適正化」「会社＝マン管業法」。 管業は適正化法、マンション管理会社はマン管業法が中心です。マン管士試験と管業試験も別です。数値・日程・合格基準はマンショ。
sokai-inin-s32,総会と管理者の権限,区分所有法,総会;管理者,総会の最高決議機関としての地位と、管理者（執行）の権限の違いを整理します。,総会;管理者,"[{""axis"": ""地位"", ""cols"": [""最高意思"", ""執行""]}, {""axis"": ""選任"", ""cols"": [""総会・規約"", ""理事会""]}, {""axis"": ""権限"", ""cols"": [""基本決議"", ""日常執行""]}, {""axis"": ""試験"", ""cols"": [""「管理者が規約変更」"", ""「総会不要」""]}, {""axis"": ""混同"", ""cols"": [""同一"", ""管業が議長""]}]",総会と管理者の権限｜管業,総会は基本を決め、管理者は執行します。規約変更は総会側の論点です。数値・日程・合格基準はマンション管理業協会（www.mankan.or.jp）の試験要項で必ずご確認ください。,総会＝最高;管理者＝執行;規約変更は総会;議事録,管理者が規約変更;総会不要;同一,「決める＝総会」。（暗記用フレーズ）,総会;管理者;管理規約,総会の地位は？,管理組合の最高意思決定機関です。 試験では総会＝最高をセットで確認してください。 誤答では管理者が規約変更に注意してください。 覚え方：「決める＝総会」。（暗記用フレーズ） 総会は基本を決め、管理者は執行します。規約変更は総会側の論点です。数値・日程・合格基準はマンション管理業協会（www.m。,管理者の役割は？,日常管理の執行を担いますが、基本決定は総会です。 試験では総会＝最高をセットで確認してください。 誤答では管理者が規約変更に注意してください。 覚え方：「決める＝総会」。（暗記用フレーズ） 総会は基本を決め、管理者は執行します。規約変更は総会側の論点です。数値・日程・合格基準はマンション管理業協会（www.m。,試験対策は？,機関表（総会・理事会・管理者）を作成してください。 試験では総会＝最高をセットで確認してください。 誤答では管理者が規約変更に注意してください。 覚え方：「決める＝総会」。（暗記用フレーズ） 総会は基本を決め、管理者は執行します。規約変更は総会側の論点です。数値・日程・合格基準はマンション管理業協会（www.m。,確認先はどこですか？,区分所有法を参照してください。 試験では総会＝最高をセットで確認してください。 誤答では管理者が規約変更に注意してください。 覚え方：「決める＝総会」。（暗記用フレーズ） 総会は基本を決め、管理者は執行します。規約変更は総会側の論点です。数値・日程・合格基準はマンション管理業協会（www.m。
kanri-kumiai-kaikei-s33,管理組合会計と修繕積立金会計（S33）,区分所有法,管理組合会計;修繕積立金会計,管理組合の会計区分と修繕積立金会計の違いを整理します。,管理組合会計;修繕積立金会計,"[{""axis"": ""主体"", ""cols"": [""管理組合会計中心"", ""修繕積立金会計中心""]}, {""axis"": ""手続"", ""cols"": [""総会・理事会"", ""届出・規約""]}, {""axis"": ""数値"", ""cols"": [""5分の4等"", ""規約・条文""]}, {""axis"": ""試験"", ""cols"": [""「管理組合会計＝修繕積立金会計」"", ""「同一決議」""]}, {""axis"": ""混同"", ""cols"": [""管業決定"", ""管理会社決定""]}]",管理組合会計と修繕積立金会計（S33）｜管業,管理組合の会計区分と修繕積立金会計の違いを整理します。管理組合・総会・管業の権限を表で整理してください。数値・日程・合格基準はマンション管理業協会（www.mankan.or.jp）の試験要項で必ずご確認ください。,管理組合会計と修繕積立金会計を分離;決議要件;管業は支援;試験の正誤肢に注意,管理組合会計＝修繕積立金会計;管業が決定;過半数で規約変更;試験の正誤肢に注意,「管理組合会計と修繕積立金会計を分ける」。,管理組合会計;修繕積立金会計,管理組合会計の要点は？,管理組合の会計区分と修繕積立金会計の違いを整理します。管理組合会計の主体・手続を用語集で確認してください。管業試験では用語集と条文の対応づけが得点の鍵になります。最新の試験要項もあわせて確認してください。,修繕積立金会計との違いは？,修繕積立金会計は別枠です。比較表を作成してください。管業試験では用語集と条文の対応づけが得点の鍵になります。最新の試験要項もあわせて確認してください。賃管試験では用語集と条文の対応づけが得点の鍵になります。最新の試験要項もあわせて確認してください。,試験対策の進め方は？,決議四段表・機関表を作成し、過去問を反復してください。管業試験では用語集と条文の対応づけが得点の鍵になります。最新の試験要項もあわせて確認してください。賃管試験では用語集と条文の対応づけが得点の鍵になります。最新の試験要項もあわせて確認してください。,確認先はどこですか？,区分所有法・適正化法・用語集を参照してください。管業試験では用語集と条文の対応づけが得点の鍵になります。最新の試験要項もあわせて確認してください。賃管試験では用語集と条文の対応づけが得点の鍵になります。最新の試験要項もあわせて確認してください。
senyu-henko-s33,専有部分変更と規約制限（S33）,区分所有法,専有部分;管理規約,専有部分の変更・増築と規約・総会決議の関係を整理します。,専有部分;管理規約,"[{""axis"": ""主体"", ""cols"": [""専有部分中心"", ""管理規約中心""]}, {""axis"": ""手続"", ""cols"": [""総会・理事会"", ""届出・規約""]}, {""axis"": ""数値"", ""cols"": [""5分の4等"", ""規約・条文""]}, {""axis"": ""試験"", ""cols"": [""「専有部分＝管理規約」"", ""「同一決議」""]}, {""axis"": ""混同"", ""cols"": [""管業決定"", ""管理会社決定""]}]",専有部分変更と規約制限（S33）｜管業,専有部分の変更・増築と規約・総会決議の関係を整理します。管理組合・総会・管業の権限を表で整理してください。数値・日程・合格基準はマンション管理業協会（www.mankan.or.jp）の試験要項で必ずご確認ください。,専有部分と管理規約を分離;決議要件;管業は支援;試験の正誤肢に注意,専有部分＝管理規約;管業が決定;過半数で規約変更;試験の正誤肢に注意,「専有部分と管理規約を分ける」。,専有部分;管理規約,専有部分の要点は？,専有部分の変更・増築と規約・総会決議の関係を整理します。専有部分の主体・手続を用語集で確認してください。管業試験では用語集と条文の対応づけが得点の鍵になります。最新の試験要項もあわせて確認してください。,管理規約との違いは？,管理規約は別枠です。比較表を作成してください。管業試験では用語集と条文の対応づけが得点の鍵になります。最新の試験要項もあわせて確認してください。賃管試験では用語集と条文の対応づけが得点の鍵になります。最新の試験要項もあわせて確認してください。,試験対策の進め方は？,決議四段表・機関表を作成し、過去問を反復してください。管業試験では用語集と条文の対応づけが得点の鍵になります。最新の試験要項もあわせて確認してください。賃管試験では用語集と条文の対応づけが得点の鍵になります。最新の試験要項もあわせて確認してください。,確認先はどこですか？,区分所有法・適正化法・用語集を参照してください。管業試験では用語集と条文の対応づけが得点の鍵になります。最新の試験要項もあわせて確認してください。賃管試験では用語集と条文の対応づけが得点の鍵になります。最新の試験要項もあわせて確認してください。
tatekae-ketsugi-s33,建替え決議と特別決議（S33）,区分所有法,建替え;特別決議,建替え決議要件と特別決議の違いを整理します。,建替え;特別決議,"[{""axis"": ""主体"", ""cols"": [""建替え中心"", ""特別決議中心""]}, {""axis"": ""手続"", ""cols"": [""総会・理事会"", ""届出・規約""]}, {""axis"": ""数値"", ""cols"": [""5分の4等"", ""規約・条文""]}, {""axis"": ""試験"", ""cols"": [""「建替え＝特別決議」"", ""「同一決議」""]}, {""axis"": ""混同"", ""cols"": [""管業決定"", ""管理会社決定""]}]",建替え決議と特別決議（S33）｜管業,建替え決議要件と特別決議の違いを整理します。管理組合・総会・管業の権限を表で整理してください。数値・日程・合格基準はマンション管理業協会（www.mankan.or.jp）の試験要項で必ずご確認ください。,建替えと特別決議を分離;決議要件;管業は支援;試験の正誤肢に注意,建替え＝特別決議;管業が決定;過半数で規約変更;試験の正誤肢に注意,「建替えと特別決議を分ける」。,建替え;特別決議,建替えの要点は？,建替え決議要件と特別決議の違いを整理します。建替えの主体・手続を用語集で確認してください。管業試験では用語集と条文の対応づけが得点の鍵になります。最新の試験要項もあわせて確認してください。賃管試験では用語集と条文の対応づけが得点の鍵になります。最新の試験要項もあわせて確認してください。,特別決議との違いは？,特別決議は別枠です。比較表を作成してください。管業試験では用語集と条文の対応づけが得点の鍵になります。最新の試験要項もあわせて確認してください。賃管試験では用語集と条文の対応づけが得点の鍵になります。最新の試験要項もあわせて確認してください。,試験対策の進め方は？,決議四段表・機関表を作成し、過去問を反復してください。管業試験では用語集と条文の対応づけが得点の鍵になります。最新の試験要項もあわせて確認してください。賃管試験では用語集と条文の対応づけが得点の鍵になります。最新の試験要項もあわせて確認してください。,確認先はどこですか？,区分所有法・適正化法・用語集を参照してください。管業試験では用語集と条文の対応づけが得点の鍵になります。最新の試験要項もあわせて確認してください。賃管試験では用語集と条文の対応づけが得点の鍵になります。最新の試験要項もあわせて確認してください。
kanrinin-haichi-s33,管理員配置と管業届出（S33）,管理適正化法,管理員の配置;管理業務主任者の届出,管理員配置義務と管業選任・届出を整理します。,管理員の配置;管理業務主任者の届出,"[{""axis"": ""主体"", ""cols"": [""管理員の配置中心"", ""管理業務主任者の届出中心""]}, {""axis"": ""手続"", ""cols"": [""総会・理事会"", ""届出・規約""]}, {""axis"": ""数値"", ""cols"": [""5分の4等"", ""規約・条文""]}, {""axis"": ""試験"", ""cols"": [""「管理員の配置＝管理業務主任者の届出」"", ""「同一決議」""]}, {""axis"": ""混同"", ""cols"": [""管業決定"", ""管理会社決定""]}]",管理員配置と管業届出（S33）｜管業,管理員配置義務と管業選任・届出を整理します。管理組合・総会・管業の権限を表で整理してください。数値・日程・合格基準はマンション管理業協会（www.mankan.or.jp）の試験要項で必ずご確認ください。,管理員の配置と管理業務主任者の届出を分離;決議要件;管業は支援;試験の正誤肢に注意,管理員の配置＝管理業務主任者の届出;管業が決定;過半数で規約変更;試験の正誤肢に注意,「管理員の配置と管理業務主任者の届出を分ける」。,管理員の配置;管理業務主任者の届出,管理員の配置の要点は？,管理員配置義務と管業選任・届出を整理します。管理員の配置の主体・手続を用語集で確認してください。管業試験では用語集と条文の対応づけが得点の鍵になります。最新の試験要項もあわせて確認してください。賃管試験では用語集と条文の対応づけが得点の鍵になります。最新の試験要項もあわせて確認してください。,管理業務主任者の届出との違いは？,管理業務主任者の届出は別枠です。比較表を作成してください。管業試験では用語集と条文の対応づけが得点の鍵になります。最新の試験要項もあわせて確認してください。賃管試験では用語集と条文の対応づけが得点の鍵になります。最新の試験要項もあわせて確認してください。,試験対策の進め方は？,決議四段表・機関表を作成し、過去問を反復してください。管業試験では用語集と条文の対応づけが得点の鍵になります。最新の試験要項もあわせて確認してください。賃管試験では用語集と条文の対応づけが得点の鍵になります。最新の試験要項もあわせて確認してください。,確認先はどこですか？,区分所有法・適正化法・用語集を参照してください。管業試験では用語集と条文の対応づけが得点の鍵になります。最新の試験要項もあわせて確認してください。賃管試験では用語集と条文の対応づけが得点の鍵になります。最新の試験要項もあわせて確認してください。
tekiseika-todoke-s33,適正化法届出とマン管登録（S33）,判例・横断総合,マンション等の管理の適正化の推進に関する法律;マンション管理業者,管業届出と管理会社登録の違いを整理します。,マンション等の管理の適正化の推進に関する法律;マンション管理業者,"[{""axis"": ""主体"", ""cols"": [""マンション等の管理の適正化の推進に関する法律中心"", ""マンション管理業者中心""]}, {""axis"": ""手続"", ""cols"": [""総会・理事会"", ""届出・規約""]}, {""axis"": ""数値"", ""cols"": [""5分の4等"", ""規約・条文""]}, {""axis"": ""試験"", ""cols"": [""「マンション等の管理の適正化の推進に関する法律＝マンション管理業者」"", ""「同一決議」""]}, {""axis"": ""混同"", ""cols"": [""管業決定"", ""管理会社決定""]}]",適正化法届出とマン管登録（S33）｜管業,管業届出と管理会社登録の違いを整理します。管理組合・総会・管業の権限を表で整理してください。数値・日程・合格基準はマンション管理業協会（www.mankan.or.jp）の試験要項で必ずご確認ください。,マンション等の管理の適正化の推進に関する法律とマンション管理業者を分離;決議要件;管業は支援;試験の正誤肢に注意,マンション等の管理の適正化の推進に関する法律＝マンション管理業者;管業が決定;過半数で規約変更;試験の正誤肢に注意,「マンション等の管理の適正化の推進に関する法律とマンション管理業者を分ける」。,マンション等の管理の適正化の推進に関する法律;マンション管理業者,マンション等の管理の適正化の推進に関する法律の要点は？,管業届出と管理会社登録の違いを整理します。マンション等の管理の適正化の推進に関する法律の主体・手続を用語集で確認してください。管業試験では用語集と条文の対応づけが得点の鍵になります。最新の試験要項もあわせて確認してください。,マンション管理業者との違いは？,マンション管理業者は別枠です。比較表を作成してください。管業試験では用語集と条文の対応づけが得点の鍵になります。最新の試験要項もあわせて確認してください。賃管試験では用語集と条文の対応づけが得点の鍵になります。最新の試験要項もあわせて確認してください。,試験対策の進め方は？,決議四段表・機関表を作成し、過去問を反復してください。管業試験では用語集と条文の対応づけが得点の鍵になります。最新の試験要項もあわせて確認してください。賃管試験では用語集と条文の対応づけが得点の鍵になります。最新の試験要項もあわせて確認してください。,確認先はどこですか？,区分所有法・適正化法・用語集を参照してください。管業試験では用語集と条文の対応づけが得点の鍵になります。最新の試験要項もあわせて確認してください。賃管試験では用語集と条文の対応づけが得点の鍵になります。最新の試験要項もあわせて確認してください。
kansa-hokoku-s33,監査と監査報告（S33）,区分所有法,監査;監査報告,管理組合の監査制度と監査報告の位置づけを整理します。,監査;監査報告,"[{""axis"": ""主体"", ""cols"": [""監査中心"", ""監査報告中心""]}, {""axis"": ""手続"", ""cols"": [""総会・理事会"", ""届出・規約""]}, {""axis"": ""数値"", ""cols"": [""5分の4等"", ""規約・条文""]}, {""axis"": ""試験"", ""cols"": [""「監査＝監査報告」"", ""「同一決議」""]}, {""axis"": ""混同"", ""cols"": [""管業決定"", ""管理会社決定""]}]",監査と監査報告（S33）｜管業,管理組合の監査制度と監査報告の位置づけを整理します。管理組合・総会・管業の権限を表で整理してください。数値・日程・合格基準はマンション管理業協会（www.mankan.or.jp）の試験要項で必ずご確認ください。,監査と監査報告を分離;決議要件;管業は支援;試験の正誤肢に注意,監査＝監査報告;管業が決定;過半数で規約変更;試験の正誤肢に注意,「監査と監査報告を分ける」。,監査;監査報告,監査の要点は？,管理組合の監査制度と監査報告の位置づけを整理します。監査の主体・手続を用語集で確認してください。管業試験では用語集と条文の対応づけが得点の鍵になります。最新の試験要項もあわせて確認してください。賃管試験では用語集と条文の対応づけが得点の鍵になります。最新の試験要項もあわせて確認してください。,監査報告との違いは？,監査報告は別枠です。比較表を作成してください。管業試験では用語集と条文の対応づけが得点の鍵になります。最新の試験要項もあわせて確認してください。賃管試験では用語集と条文の対応づけが得点の鍵になります。最新の試験要項もあわせて確認してください。,試験対策の進め方は？,決議四段表・機関表を作成し、過去問を反復してください。管業試験では用語集と条文の対応づけが得点の鍵になります。最新の試験要項もあわせて確認してください。賃管試験では用語集と条文の対応づけが得点の鍵になります。最新の試験要項もあわせて確認してください。,確認先はどこですか？,区分所有法・適正化法・用語集を参照してください。管業試験では用語集と条文の対応づけが得点の鍵になります。最新の試験要項もあわせて確認してください。賃管試験では用語集と条文の対応づけが得点の鍵になります。最新の試験要項もあわせて確認してください。
shuuzen-jisshi-s33,修繕の実施と長期修繕計画（S33）,区分所有法,修繕の実施;長期修繕計画,計画・積立・修繕実施の関係を整理します。,修繕の実施;長期修繕計画,"[{""axis"": ""主体"", ""cols"": [""修繕の実施中心"", ""長期修繕計画中心""]}, {""axis"": ""手続"", ""cols"": [""総会・理事会"", ""届出・規約""]}, {""axis"": ""数値"", ""cols"": [""5分の4等"", ""規約・条文""]}, {""axis"": ""試験"", ""cols"": [""「修繕の実施＝長期修繕計画」"", ""「同一決議」""]}, {""axis"": ""混同"", ""cols"": [""管業決定"", ""管理会社決定""]}]",修繕の実施と長期修繕計画（S33）｜管業,計画・積立・修繕実施の関係を整理します。管理組合・総会・管業の権限を表で整理してください。数値・日程・合格基準はマンション管理業協会（www.mankan.or.jp）の試験要項で必ずご確認ください。,修繕の実施と長期修繕計画を分離;決議要件;管業は支援;試験の正誤肢に注意,修繕の実施＝長期修繕計画;管業が決定;過半数で規約変更;試験の正誤肢に注意,「修繕の実施と長期修繕計画を分ける」。,修繕の実施;長期修繕計画,修繕の実施の要点は？,計画・積立・修繕実施の関係を整理します。修繕の実施の主体・手続を用語集で確認してください。管業試験では用語集と条文の対応づけが得点の鍵になります。最新の試験要項もあわせて確認してください。賃管試験では用語集と条文の対応づけが得点の鍵になります。最新の試験要項もあわせて確認してください。,長期修繕計画との違いは？,長期修繕計画は別枠です。比較表を作成してください。管業試験では用語集と条文の対応づけが得点の鍵になります。最新の試験要項もあわせて確認してください。賃管試験では用語集と条文の対応づけが得点の鍵になります。最新の試験要項もあわせて確認してください。,試験対策の進め方は？,決議四段表・機関表を作成し、過去問を反復してください。管業試験では用語集と条文の対応づけが得点の鍵になります。最新の試験要項もあわせて確認してください。賃管試験では用語集と条文の対応づけが得点の鍵になります。最新の試験要項もあわせて確認してください。,確認先はどこですか？,区分所有法・適正化法・用語集を参照してください。管業試験では用語集と条文の対応づけが得点の鍵になります。最新の試験要項もあわせて確認してください。賃管試験では用語集と条文の対応づけが得点の鍵になります。最新の試験要項もあわせて確認してください。
sokai-rijikai-s33,総会招集と理事会招集（S33）,区分所有法,総会の招集;理事会の招集,招集主体・通知・議事録の違いを整理します。,総会の招集;理事会の招集,"[{""axis"": ""主体"", ""cols"": [""総会の招集中心"", ""理事会の招集中心""]}, {""axis"": ""手続"", ""cols"": [""総会・理事会"", ""届出・規約""]}, {""axis"": ""数値"", ""cols"": [""5分の4等"", ""規約・条文""]}, {""axis"": ""試験"", ""cols"": [""「総会の招集＝理事会の招集」"", ""「同一決議」""]}, {""axis"": ""混同"", ""cols"": [""管業決定"", ""管理会社決定""]}]",総会招集と理事会招集（S33）｜管業,招集主体・通知・議事録の違いを整理します。管理組合・総会・管業の権限を表で整理してください。数値・日程・合格基準はマンション管理業協会（www.mankan.or.jp）の試験要項で必ずご確認ください。,総会の招集と理事会の招集を分離;決議要件;管業は支援;試験の正誤肢に注意,総会の招集＝理事会の招集;管業が決定;過半数で規約変更;試験の正誤肢に注意,「総会の招集と理事会の招集を分ける」。,総会の招集;理事会の招集,総会の招集の要点は？,招集主体・通知・議事録の違いを整理します。総会の招集の主体・手続を用語集で確認してください。管業試験では用語集と条文の対応づけが得点の鍵になります。最新の試験要項もあわせて確認してください。賃管試験では用語集と条文の対応づけが得点の鍵になります。最新の試験要項もあわせて確認してください。,理事会の招集との違いは？,理事会の招集は別枠です。比較表を作成してください。管業試験では用語集と条文の対応づけが得点の鍵になります。最新の試験要項もあわせて確認してください。賃管試験では用語集と条文の対応づけが得点の鍵になります。最新の試験要項もあわせて確認してください。,試験対策の進め方は？,決議四段表・機関表を作成し、過去問を反復してください。管業試験では用語集と条文の対応づけが得点の鍵になります。最新の試験要項もあわせて確認してください。賃管試験では用語集と条文の対応づけが得点の鍵になります。最新の試験要項もあわせて確認してください。,確認先はどこですか？,区分所有法・適正化法・用語集を参照してください。管業試験では用語集と条文の対応づけが得点の鍵になります。最新の試験要項もあわせて確認してください。賃管試験では用語集と条文の対応づけが得点の鍵になります。最新の試験要項もあわせて確認してください。
kanri-itaku-s33,管理委託と管業配置（S33）,区分所有法,マンション標準管理委託契約書;管理員,委託契約と管理員・管業の関係を整理します。,マンション標準管理委託契約書;管理員,"[{""axis"": ""主体"", ""cols"": [""マンション標準管理委託契約書中心"", ""管理員中心""]}, {""axis"": ""手続"", ""cols"": [""総会・理事会"", ""届出・規約""]}, {""axis"": ""数値"", ""cols"": [""5分の4等"", ""規約・条文""]}, {""axis"": ""試験"", ""cols"": [""「マンション標準管理委託契約書＝管理員」"", ""「同一決議」""]}, {""axis"": ""混同"", ""cols"": [""管業決定"", ""管理会社決定""]}]",管理委託と管業配置（S33）｜管業,委託契約と管理員・管業の関係を整理します。管理組合・総会・管業の権限を表で整理してください。数値・日程・合格基準はマンション管理業協会（www.mankan.or.jp）の試験要項で必ずご確認ください。,マンション標準管理委託契約書と管理員を分離;決議要件;管業は支援;試験の正誤肢に注意,マンション標準管理委託契約書＝管理員;管業が決定;過半数で規約変更;試験の正誤肢に注意,「マンション標準管理委託契約書と管理員を分ける」。,マンション標準管理委託契約書;管理員,マンション標準管理委託契約書の要点は？,委託契約と管理員・管業の関係を整理します。マンション標準管理委託契約書の主体・手続を用語集で確認してください。管業試験では用語集と条文の対応づけが得点の鍵になります。最新の試験要項もあわせて確認してください。,管理員との違いは？,管理員は別枠です。比較表を作成してください。管業試験では用語集と条文の対応づけが得点の鍵になります。最新の試験要項もあわせて確認してください。賃管試験では用語集と条文の対応づけが得点の鍵になります。最新の試験要項もあわせて確認してください。,試験対策の進め方は？,決議四段表・機関表を作成し、過去問を反復してください。管業試験では用語集と条文の対応づけが得点の鍵になります。最新の試験要項もあわせて確認してください。賃管試験では用語集と条文の対応づけが得点の鍵になります。最新の試験要項もあわせて確認してください。,確認先はどこですか？,区分所有法・適正化法・用語集を参照してください。管業試験では用語集と条文の対応づけが得点の鍵になります。最新の試験要項もあわせて確認してください。賃管試験では用語集と条文の対応づけが得点の鍵になります。最新の試験要項もあわせて確認してください。
kiyaku-henkou-s33,規約変更と管理計画変更（S33）,区分所有法,管理規約;管理計画の変更,規約変更と管理計画変更の決議要件を整理します。,管理規約;管理計画の変更,"[{""axis"": ""主体"", ""cols"": [""管理規約中心"", ""管理計画の変更中心""]}, {""axis"": ""手続"", ""cols"": [""総会・理事会"", ""届出・規約""]}, {""axis"": ""数値"", ""cols"": [""5分の4等"", ""規約・条文""]}, {""axis"": ""試験"", ""cols"": [""「管理規約＝管理計画の変更」"", ""「同一決議」""]}, {""axis"": ""混同"", ""cols"": [""管業決定"", ""管理会社決定""]}]",規約変更と管理計画変更（S33）｜管業,規約変更と管理計画変更の決議要件を整理します。管理組合・総会・管業の権限を表で整理してください。数値・日程・合格基準はマンション管理業協会（www.mankan.or.jp）の試験要項で必ずご確認ください。,管理規約と管理計画の変更を分離;決議要件;管業は支援;試験の正誤肢に注意,管理規約＝管理計画の変更;管業が決定;過半数で規約変更;試験の正誤肢に注意,「管理規約と管理計画の変更を分ける」。,管理規約;管理計画の変更,管理規約の要点は？,規約変更と管理計画変更の決議要件を整理します。管理規約の主体・手続を用語集で確認してください。管業試験では用語集と条文の対応づけが得点の鍵になります。最新の試験要項もあわせて確認してください。賃管試験では用語集と条文の対応づけが得点の鍵になります。最新の試験要項もあわせて確認してください。,管理計画の変更との違いは？,管理計画の変更は別枠です。比較表を作成してください。管業試験では用語集と条文の対応づけが得点の鍵になります。最新の試験要項もあわせて確認してください。賃管試験では用語集と条文の対応づけが得点の鍵になります。最新の試験要項もあわせて確認してください。,試験対策の進め方は？,決議四段表・機関表を作成し、過去問を反復してください。管業試験では用語集と条文の対応づけが得点の鍵になります。最新の試験要項もあわせて確認してください。賃管試験では用語集と条文の対応づけが得点の鍵になります。最新の試験要項もあわせて確認してください。,確認先はどこですか？,区分所有法・適正化法・用語集を参照してください。管業試験では用語集と条文の対応づけが得点の鍵になります。最新の試験要項もあわせて確認してください。賃管試験では用語集と条文の対応づけが得点の鍵になります。最新の試験要項もあわせて確認してください。
futsu-tokubetsu-s34,普通決議と特別決議（S34）,区分所有法,総会決議;特別決議,出席者過半数と5分の4の違いを整理します。,総会決議;特別決議,"[{""axis"": ""主体"", ""cols"": [""総会決議中心"", ""特別決議中心""]}, {""axis"": ""手続"", ""cols"": [""総会・理事会"", ""届出・規約""]}, {""axis"": ""数値"", ""cols"": [""5分の4等"", ""規約・条文""]}, {""axis"": ""試験"", ""cols"": [""「総会決議＝特別決議」"", ""「同一決議」""]}, {""axis"": ""混同"", ""cols"": [""管業決定"", ""管理会社決定""]}]",普通決議と特別決議（S34）｜管業,出席者過半数と5分の4の違いを整理します。管理組合・総会・管業の権限を表で整理してください。数値・日程・合格基準はマンション管理業協会（www.mankan.or.jp）の試験要項で必ずご確認ください。,総会決議と特別決議を分離;決議要件;管業は支援;試験の正誤肢に注意,総会決議＝特別決議;管業が決定;過半数で規約変更;試験の正誤肢に注意,「総会決議と特別決議を分ける」。,総会決議;特別決議,総会決議の要点は？,出席者過半数と5分の4の違いを整理します。総会決議の主体・手続を用語集で確認してください。管業試験では用語集と条文の対応づけが得点の鍵になります。最新の試験要項もあわせて確認してください。賃管試験では用語集と条文の対応づけが得点の鍵になります。最新の試験要項もあわせて確認してください。,特別決議との違いは？,特別決議は別枠です。比較表を作成してください。管業試験では用語集と条文の対応づけが得点の鍵になります。最新の試験要項もあわせて確認してください。賃管試験では用語集と条文の対応づけが得点の鍵になります。最新の試験要項もあわせて確認してください。,試験対策の進め方は？,決議四段表・機関表を作成し、過去問を反復してください。管業試験では用語集と条文の対応づけが得点の鍵になります。最新の試験要項もあわせて確認してください。賃管試験では用語集と条文の対応づけが得点の鍵になります。最新の試験要項もあわせて確認してください。,確認先はどこですか？,区分所有法・適正化法・用語集を参照してください。管業試験では用語集と条文の対応づけが得点の鍵になります。最新の試験要項もあわせて確認してください。賃管試験では用語集と条文の対応づけが得点の鍵になります。最新の試験要項もあわせて確認してください。
kubun-shoyu-senyu-s34,区分所有者と管理者（S34）,区分所有法,区分所有者;管理者,所有権と執行機関の関係を整理します。,区分所有者;管理者,"[{""axis"": ""主体"", ""cols"": [""区分所有者中心"", ""管理者中心""]}, {""axis"": ""手続"", ""cols"": [""総会・理事会"", ""届出・規約""]}, {""axis"": ""数値"", ""cols"": [""5分の4等"", ""規約・条文""]}, {""axis"": ""試験"", ""cols"": [""「区分所有者＝管理者」"", ""「同一決議」""]}, {""axis"": ""混同"", ""cols"": [""管業決定"", ""管理会社決定""]}]",区分所有者と管理者（S34）｜管業,所有権と執行機関の関係を整理します。管理組合・総会・管業の権限を表で整理してください。数値・日程・合格基準はマンション管理業協会（www.mankan.or.jp）の試験要項で必ずご確認ください。,区分所有者と管理者を分離;決議要件;管業は支援;試験の正誤肢に注意,区分所有者＝管理者;管業が決定;過半数で規約変更;試験の正誤肢に注意,「区分所有者と管理者を分ける」。,区分所有者;管理者,区分所有者の要点は？,所有権と執行機関の関係を整理します。区分所有者の主体・手続を用語集で確認してください。管業試験では用語集と条文の対応づけが得点の鍵になります。最新の試験要項もあわせて確認してください。賃管試験では用語集と条文の対応づけが得点の鍵になります。最新の試験要項もあわせて確認してください。,管理者との違いは？,管理者は別枠です。比較表を作成してください。管業試験では用語集と条文の対応づけが得点の鍵になります。最新の試験要項もあわせて確認してください。賃管試験では用語集と条文の対応づけが得点の鍵になります。最新の試験要項もあわせて確認してください。,試験対策の進め方は？,決議四段表・機関表を作成し、過去問を反復してください。管業試験では用語集と条文の対応づけが得点の鍵になります。最新の試験要項もあわせて確認してください。賃管試験では用語集と条文の対応づけが得点の鍵になります。最新の試験要項もあわせて確認してください。,確認先はどこですか？,区分所有法・適正化法・用語集を参照してください。管業試験では用語集と条文の対応づけが得点の鍵になります。最新の試験要項もあわせて確認してください。賃管試験では用語集と条文の対応づけが得点の鍵になります。最新の試験要項もあわせて確認してください。
shuzen-hiyou-s34,修繕費と修繕積立金（S34）,区分所有法,修繕費;修繕積立金,修繕費の性質と積立金の違いを整理します。,修繕費;修繕積立金,"[{""axis"": ""主体"", ""cols"": [""修繕費中心"", ""修繕積立金中心""]}, {""axis"": ""手続"", ""cols"": [""総会・理事会"", ""届出・規約""]}, {""axis"": ""数値"", ""cols"": [""5分の4等"", ""規約・条文""]}, {""axis"": ""試験"", ""cols"": [""「修繕費＝修繕積立金」"", ""「同一決議」""]}, {""axis"": ""混同"", ""cols"": [""管業決定"", ""管理会社決定""]}]",修繕費と修繕積立金（S34）｜管業,修繕費の性質と積立金の違いを整理します。管理組合・総会・管業の権限を表で整理してください。数値・日程・合格基準はマンション管理業協会（www.mankan.or.jp）の試験要項で必ずご確認ください。,修繕費と修繕積立金を分離;決議要件;管業は支援;試験の正誤肢に注意,修繕費＝修繕積立金;管業が決定;過半数で規約変更;試験の正誤肢に注意,「修繕費と修繕積立金を分ける」。,修繕費;修繕積立金,修繕費の要点は？,修繕費の性質と積立金の違いを整理します。修繕費の主体・手続を用語集で確認してください。管業試験では用語集と条文の対応づけが得点の鍵になります。最新の試験要項もあわせて確認してください。賃管試験では用語集と条文の対応づけが得点の鍵になります。最新の試験要項もあわせて確認してください。,修繕積立金との違いは？,修繕積立金は別枠です。比較表を作成してください。管業試験では用語集と条文の対応づけが得点の鍵になります。最新の試験要項もあわせて確認してください。賃管試験では用語集と条文の対応づけが得点の鍵になります。最新の試験要項もあわせて確認してください。,試験対策の進め方は？,決議四段表・機関表を作成し、過去問を反復してください。管業試験では用語集と条文の対応づけが得点の鍵になります。最新の試験要項もあわせて確認してください。賃管試験では用語集と条文の対応づけが得点の鍵になります。最新の試験要項もあわせて確認してください。,確認先はどこですか？,区分所有法・適正化法・用語集を参照してください。管業試験では用語集と条文の対応づけが得点の鍵になります。最新の試験要項もあわせて確認してください。賃管試験では用語集と条文の対応づけが得点の鍵になります。最新の試験要項もあわせて確認してください。
kanri-hoshu-s34,管理費と管理報酬（S34）,区分所有法,管理費;マンション標準管理委託契約書,組合徴収の管理費と委託報酬を整理します。,管理費;マンション標準管理委託契約書,"[{""axis"": ""主体"", ""cols"": [""管理費中心"", ""マンション標準管理委託契約書中心""]}, {""axis"": ""手続"", ""cols"": [""総会・理事会"", ""届出・規約""]}, {""axis"": ""数値"", ""cols"": [""5分の4等"", ""規約・条文""]}, {""axis"": ""試験"", ""cols"": [""「管理費＝マンション標準管理委託契約書」"", ""「同一決議」""]}, {""axis"": ""混同"", ""cols"": [""管業決定"", ""管理会社決定""]}]",管理費と管理報酬（S34）｜管業,組合徴収の管理費と委託報酬を整理します。管理組合・総会・管業の権限を表で整理してください。数値・日程・合格基準はマンション管理業協会（www.mankan.or.jp）の試験要項で必ずご確認ください。,管理費とマンション標準管理委託契約書を分離;決議要件;管業は支援;試験の正誤肢に注意,管理費＝マンション標準管理委託契約書;管業が決定;過半数で規約変更;試験の正誤肢に注意,「管理費とマンション標準管理委託契約書を分ける」。,管理費;マンション標準管理委託契約書,管理費の要点は？,組合徴収の管理費と委託報酬を整理します。管理費の主体・手続を用語集で確認してください。管業試験では用語集と条文の対応づけが得点の鍵になります。最新の試験要項もあわせて確認してください。賃管試験では用語集と条文の対応づけが得点の鍵になります。最新の試験要項もあわせて確認してください。,マンション標準管理委託契約書との違いは？,マンション標準管理委託契約書は別枠です。比較表を作成してください。管業試験では用語集と条文の対応づけが得点の鍵になります。最新の試験要項もあわせて確認してください。賃管試験では用語集と条文の対応づけが得点の鍵になります。最新の試験要項もあわせて確認してください。,試験対策の進め方は？,決議四段表・機関表を作成し、過去問を反復してください。管業試験では用語集と条文の対応づけが得点の鍵になります。最新の試験要項もあわせて確認してください。賃管試験では用語集と条文の対応づけが得点の鍵になります。最新の試験要項もあわせて確認してください。,確認先はどこですか？,区分所有法・適正化法・用語集を参照してください。管業試験では用語集と条文の対応づけが得点の鍵になります。最新の試験要項もあわせて確認してください。賃管試験では用語集と条文の対応づけが得点の鍵になります。最新の試験要項もあわせて確認してください。
tekiseika-kanrin-s34,適正化法とマン管業法（S34）,判例・横断総合,マンション等の管理の適正化の推進に関する法律;マンション管理業法,管業制度と管理会社業法の違いを整理します。,マンション等の管理の適正化の推進に関する法律;マンション管理業法,"[{""axis"": ""主体"", ""cols"": [""マンション等の管理の適正化の推進に関する法律中心"", ""マンション管理業法中心""]}, {""axis"": ""手続"", ""cols"": [""総会・理事会"", ""届出・規約""]}, {""axis"": ""数値"", ""cols"": [""5分の4等"", ""規約・条文""]}, {""axis"": ""試験"", ""cols"": [""「マンション等の管理の適正化の推進に関する法律＝マンション管理業法」"", ""「同一決議」""]}, {""axis"": ""混同"", ""cols"": [""管業決定"", ""管理会社決定""]}]",適正化法とマン管業法（S34）｜管業,管業制度と管理会社業法の違いを整理します。管理組合・総会・管業の権限を表で整理してください。数値・日程・合格基準はマンション管理業協会（www.mankan.or.jp）の試験要項で必ずご確認ください。,マンション等の管理の適正化の推進に関する法律とマンション管理業法を分離;決議要件;管業は支援;試験の正誤肢に注意,マンション等の管理の適正化の推進に関する法律＝マンション管理業法;管業が決定;過半数で規約変更;試験の正誤肢に注意,「マンション等の管理の適正化の推進に関する法律とマンション管理業法を分ける」。,マンション等の管理の適正化の推進に関する法律;管理規約,マンション等の管理の適正化の推進に関する法律の要点は？,管業制度と管理会社業法の違いを整理します。マンション等の管理の適正化の推進に関する法律の主体・手続を用語集で確認してください。管業試験では用語集と条文の対応づけが得点の鍵になります。最新の試験要項もあわせて確認してください。,マンション管理業法との違いは？,マンション管理業法は別枠です。比較表を作成してください。管業試験では用語集と条文の対応づけが得点の鍵になります。最新の試験要項もあわせて確認してください。賃管試験では用語集と条文の対応づけが得点の鍵になります。最新の試験要項もあわせて確認してください。,試験対策の進め方は？,決議四段表・機関表を作成し、過去問を反復してください。管業試験では用語集と条文の対応づけが得点の鍵になります。最新の試験要項もあわせて確認してください。賃管試験では用語集と条文の対応づけが得点の鍵になります。最新の試験要項もあわせて確認してください。,確認先はどこですか？,区分所有法・適正化法・用語集を参照してください。管業試験では用語集と条文の対応づけが得点の鍵になります。最新の試験要項もあわせて確認してください。賃管試験では用語集と条文の対応づけが得点の鍵になります。最新の試験要項もあわせて確認してください。
kumiai-daihyo-s34,管理組合と代表者（S34）,区分所有法,管理組合;管理組合の代表,組合と代表者・管理者の関係を整理します。,管理組合;管理組合の代表,"[{""axis"": ""主体"", ""cols"": [""管理組合中心"", ""管理組合の代表中心""]}, {""axis"": ""手続"", ""cols"": [""総会・理事会"", ""届出・規約""]}, {""axis"": ""数値"", ""cols"": [""5分の4等"", ""規約・条文""]}, {""axis"": ""試験"", ""cols"": [""「管理組合＝管理組合の代表」"", ""「同一決議」""]}, {""axis"": ""混同"", ""cols"": [""管業決定"", ""管理会社決定""]}]",管理組合と代表者（S34）｜管業,組合と代表者・管理者の関係を整理します。管理組合・総会・管業の権限を表で整理してください。数値・日程・合格基準はマンション管理業協会（www.mankan.or.jp）の試験要項で必ずご確認ください。,管理組合と管理組合の代表を分離;決議要件;管業は支援;試験の正誤肢に注意,管理組合＝管理組合の代表;管業が決定;過半数で規約変更;試験の正誤肢に注意,「管理組合と管理組合の代表を分ける」。,管理組合;管理組合の代表,管理組合の要点は？,組合と代表者・管理者の関係を整理します。管理組合の主体・手続を用語集で確認してください。管業試験では用語集と条文の対応づけが得点の鍵になります。最新の試験要項もあわせて確認してください。賃管試験では用語集と条文の対応づけが得点の鍵になります。最新の試験要項もあわせて確認してください。,管理組合の代表との違いは？,管理組合の代表は別枠です。比較表を作成してください。管業試験では用語集と条文の対応づけが得点の鍵になります。最新の試験要項もあわせて確認してください。賃管試験では用語集と条文の対応づけが得点の鍵になります。最新の試験要項もあわせて確認してください。,試験対策の進め方は？,決議四段表・機関表を作成し、過去問を反復してください。管業試験では用語集と条文の対応づけが得点の鍵になります。最新の試験要項もあわせて確認してください。賃管試験では用語集と条文の対応づけが得点の鍵になります。最新の試験要項もあわせて確認してください。,確認先はどこですか？,区分所有法・適正化法・用語集を参照してください。管業試験では用語集と条文の対応づけが得点の鍵になります。最新の試験要項もあわせて確認してください。賃管試験では用語集と条文の対応づけが得点の鍵になります。最新の試験要項もあわせて確認してください。
senyu-kyoyo-s34,専有部分と共用部分（S34）,区分所有法,専有部分;共用部分,修繕・管理費負担の違いを整理します。,専有部分;共用部分,"[{""axis"": ""主体"", ""cols"": [""専有部分中心"", ""共用部分中心""]}, {""axis"": ""手続"", ""cols"": [""総会・理事会"", ""届出・規約""]}, {""axis"": ""数値"", ""cols"": [""5分の4等"", ""規約・条文""]}, {""axis"": ""試験"", ""cols"": [""「専有部分＝共用部分」"", ""「同一決議」""]}, {""axis"": ""混同"", ""cols"": [""管業決定"", ""管理会社決定""]}]",専有部分と共用部分（S34）｜管業,修繕・管理費負担の違いを整理します。管理組合・総会・管業の権限を表で整理してください。数値・日程・合格基準はマンション管理業協会（www.mankan.or.jp）の試験要項で必ずご確認ください。,専有部分と共用部分を分離;決議要件;管業は支援;試験の正誤肢に注意,専有部分＝共用部分;管業が決定;過半数で規約変更;試験の正誤肢に注意,「専有部分と共用部分を分ける」。,専有部分;共用部分,専有部分の要点は？,修繕・管理費負担の違いを整理します。専有部分の主体・手続を用語集で確認してください。管業試験では用語集と条文の対応づけが得点の鍵になります。最新の試験要項もあわせて確認してください。賃管試験では用語集と条文の対応づけが得点の鍵になります。最新の試験要項もあわせて確認してください。,共用部分との違いは？,共用部分は別枠です。比較表を作成してください。管業試験では用語集と条文の対応づけが得点の鍵になります。最新の試験要項もあわせて確認してください。賃管試験では用語集と条文の対応づけが得点の鍵になります。最新の試験要項もあわせて確認してください。,試験対策の進め方は？,決議四段表・機関表を作成し、過去問を反復してください。管業試験では用語集と条文の対応づけが得点の鍵になります。最新の試験要項もあわせて確認してください。賃管試験では用語集と条文の対応づけが得点の鍵になります。最新の試験要項もあわせて確認してください。,確認先はどこですか？,区分所有法・適正化法・用語集を参照してください。管業試験では用語集と条文の対応づけが得点の鍵になります。最新の試験要項もあわせて確認してください。賃管試験では用語集と条文の対応づけが得点の鍵になります。最新の試験要項もあわせて確認してください。
shuzen-kikin-jisshi-s34,修繕積立と修繕実施（S34）,区分所有法,修繕積立金;修繕の実施,積立金と修繕実施のタイミングを整理します。,修繕積立金;修繕の実施,"[{""axis"": ""主体"", ""cols"": [""修繕積立金中心"", ""修繕の実施中心""]}, {""axis"": ""手続"", ""cols"": [""総会・理事会"", ""届出・規約""]}, {""axis"": ""数値"", ""cols"": [""5分の4等"", ""規約・条文""]}, {""axis"": ""試験"", ""cols"": [""「修繕積立金＝修繕の実施」"", ""「同一決議」""]}, {""axis"": ""混同"", ""cols"": [""管業決定"", ""管理会社決定""]}]",修繕積立と修繕実施（S34）｜管業,積立金と修繕実施のタイミングを整理します。管理組合・総会・管業の権限を表で整理してください。数値・日程・合格基準はマンション管理業協会（www.mankan.or.jp）の試験要項で必ずご確認ください。,修繕積立金と修繕の実施を分離;決議要件;管業は支援;試験の正誤肢に注意,修繕積立金＝修繕の実施;管業が決定;過半数で規約変更;試験の正誤肢に注意,「修繕積立金と修繕の実施を分ける」。,修繕積立金;修繕の実施,修繕積立金の要点は？,積立金と修繕実施のタイミングを整理します。修繕積立金の主体・手続を用語集で確認してください。管業試験では用語集と条文の対応づけが得点の鍵になります。最新の試験要項もあわせて確認してください。賃管試験では用語集と条文の対応づけが得点の鍵になります。最新の試験要項もあわせて確認してください。,修繕の実施との違いは？,修繕の実施は別枠です。比較表を作成してください。管業試験では用語集と条文の対応づけが得点の鍵になります。最新の試験要項もあわせて確認してください。賃管試験では用語集と条文の対応づけが得点の鍵になります。最新の試験要項もあわせて確認してください。,試験対策の進め方は？,決議四段表・機関表を作成し、過去問を反復してください。管業試験では用語集と条文の対応づけが得点の鍵になります。最新の試験要項もあわせて確認してください。賃管試験では用語集と条文の対応づけが得点の鍵になります。最新の試験要項もあわせて確認してください。,確認先はどこですか？,区分所有法・適正化法・用語集を参照してください。管業試験では用語集と条文の対応づけが得点の鍵になります。最新の試験要項もあわせて確認してください。賃管試験では用語集と条文の対応づけが得点の鍵になります。最新の試験要項もあわせて確認してください。
kanri-keikaku-s34,管理計画と長期修繕計画（S34）,区分所有法,管理計画;長期修繕計画,日常管理計画と修繕計画の違いを整理します。,管理計画;長期修繕計画,"[{""axis"": ""主体"", ""cols"": [""管理計画中心"", ""長期修繕計画中心""]}, {""axis"": ""手続"", ""cols"": [""総会・理事会"", ""届出・規約""]}, {""axis"": ""数値"", ""cols"": [""5分の4等"", ""規約・条文""]}, {""axis"": ""試験"", ""cols"": [""「管理計画＝長期修繕計画」"", ""「同一決議」""]}, {""axis"": ""混同"", ""cols"": [""管業決定"", ""管理会社決定""]}]",管理計画と長期修繕計画（S34）｜管業,日常管理計画と修繕計画の違いを整理します。管理組合・総会・管業の権限を表で整理してください。数値・日程・合格基準はマンション管理業協会（www.mankan.or.jp）の試験要項で必ずご確認ください。,管理計画と長期修繕計画を分離;決議要件;管業は支援;試験の正誤肢に注意,管理計画＝長期修繕計画;管業が決定;過半数で規約変更;試験の正誤肢に注意,「管理計画と長期修繕計画を分ける」。,管理計画;長期修繕計画,管理計画の要点は？,日常管理計画と修繕計画の違いを整理します。管理計画の主体・手続を用語集で確認してください。管業試験では用語集と条文の対応づけが得点の鍵になります。最新の試験要項もあわせて確認してください。賃管試験では用語集と条文の対応づけが得点の鍵になります。最新の試験要項もあわせて確認してください。,長期修繕計画との違いは？,長期修繕計画は別枠です。比較表を作成してください。管業試験では用語集と条文の対応づけが得点の鍵になります。最新の試験要項もあわせて確認してください。賃管試験では用語集と条文の対応づけが得点の鍵になります。最新の試験要項もあわせて確認してください。,試験対策の進め方は？,決議四段表・機関表を作成し、過去問を反復してください。管業試験では用語集と条文の対応づけが得点の鍵になります。最新の試験要項もあわせて確認してください。賃管試験では用語集と条文の対応づけが得点の鍵になります。最新の試験要項もあわせて確認してください。,確認先はどこですか？,区分所有法・適正化法・用語集を参照してください。管業試験では用語集と条文の対応づけが得点の鍵になります。最新の試験要項もあわせて確認してください。賃管試験では用語集と条文の対応づけが得点の鍵になります。最新の試験要項もあわせて確認してください。
sokai-inin-s34,総会決議と管理者権限（S34）,区分所有法,総会;管理者,基本決定と執行権限の違いを整理します。,総会;管理者,"[{""axis"": ""主体"", ""cols"": [""総会中心"", ""管理者中心""]}, {""axis"": ""手続"", ""cols"": [""総会・理事会"", ""届出・規約""]}, {""axis"": ""数値"", ""cols"": [""5分の4等"", ""規約・条文""]}, {""axis"": ""試験"", ""cols"": [""「総会＝管理者」"", ""「同一決議」""]}, {""axis"": ""混同"", ""cols"": [""管業決定"", ""管理会社決定""]}]",総会決議と管理者権限（S34）｜管業,基本決定と執行権限の違いを整理します。管理組合・総会・管業の権限を表で整理してください。数値・日程・合格基準はマンション管理業協会（www.mankan.or.jp）の試験要項で必ずご確認ください。,総会と管理者を分離;決議要件;管業は支援;試験の正誤肢に注意,総会＝管理者;管業が決定;過半数で規約変更;試験の正誤肢に注意,「総会と管理者を分ける」。,総会;管理者,総会の要点は？,基本決定と執行権限の違いを整理します。総会の主体・手続を用語集で確認してください。管業試験では用語集と条文の対応づけが得点の鍵になります。最新の試験要項もあわせて確認してください。賃管試験では用語集と条文の対応づけが得点の鍵になります。最新の試験要項もあわせて確認してください。,管理者との違いは？,管理者は別枠です。比較表を作成してください。管業試験では用語集と条文の対応づけが得点の鍵になります。最新の試験要項もあわせて確認してください。賃管試験では用語集と条文の対応づけが得点の鍵になります。最新の試験要項もあわせて確認してください。,試験対策の進め方は？,決議四段表・機関表を作成し、過去問を反復してください。管業試験では用語集と条文の対応づけが得点の鍵になります。最新の試験要項もあわせて確認してください。賃管試験では用語集と条文の対応づけが得点の鍵になります。最新の試験要項もあわせて確認してください。,確認先はどこですか？,区分所有法・適正化法・用語集を参照してください。管業試験では用語集と条文の対応づけが得点の鍵になります。最新の試験要項もあわせて確認してください。賃管試験では用語集と条文の対応づけが得点の鍵になります。最新の試験要項もあわせて確認してください。
kumiai-unyou-cmp-s35,管理組合運営：管理組合と管理者の比較（S35）,区分所有法,管理組合;管理者,管理組合運営（基礎整理）として管理組合と管理者の関係を整理します。,管理組合;管理者,"[{""axis"": ""主体"", ""cols"": [""管理組合中心"", ""管理者中心""]}, {""axis"": ""手続"", ""cols"": [""総会・理事会"", ""届出・規約""]}, {""axis"": ""数値"", ""cols"": [""5分の4等"", ""規約・条文""]}, {""axis"": ""試験"", ""cols"": [""「管理組合＝管理者」"", ""「同一決議」""]}, {""axis"": ""混同"", ""cols"": [""管業決定"", ""管理会社決定""]}]",管理組合運営：管理組合と管理者の比較（S35）｜管業,管理組合運営（基礎整理）として管理組合と管理者の関係を整理します。管理組合・総会・管業の権限を表で整理してください。数値・日程・合格基準はマンション管理業協会（www.mankan.or.jp）の試験要項で必ずご確認ください。,管理組合と管理者を分離;決議要件;管業は支援;試験の正誤肢に注意,管理組合＝管理者;管業が決定;過半数で規約変更;試験の正誤肢に注意,「管理組合と管理者を分ける」。,管理組合;管理者,管理組合の要点は？,管理組合運営（基礎整理）として管理組合と管理者の関係を整理します。管理組合の主体・手続を用語集で確認してください。管業試験では用語集と条文の対応づけが得点の鍵になります。最新の試験要項もあわせて確認してください。,管理者との違いは？,管理者は別枠です。比較表を作成してください。管業試験では用語集と条文の対応づけが得点の鍵になります。最新の試験要項もあわせて確認してください。賃管試験では用語集と条文の対応づけが得点の鍵になります。最新の試験要項もあわせて確認してください。,試験対策の進め方は？,決議四段表・機関表を作成し、過去問を反復してください。管業試験では用語集と条文の対応づけが得点の鍵になります。最新の試験要項もあわせて確認してください。賃管試験では用語集と条文の対応づけが得点の鍵になります。最新の試験要項もあわせて確認してください。,確認先はどこですか？,区分所有法・適正化法・用語集を参照してください。管業試験では用語集と条文の対応づけが得点の鍵になります。最新の試験要項もあわせて確認してください。賃管試験では用語集と条文の対応づけが得点の鍵になります。最新の試験要項もあわせて確認してください。
shuzen-tumitate-cmp-s35,修繕積立：修繕積立金と長期修繕計画の比較（S35）,区分所有法,修繕積立金;長期修繕計画,修繕積立（基礎整理）として修繕積立金と長期修繕計画の関係を整理します。,修繕積立金;長期修繕計画,"[{""axis"": ""主体"", ""cols"": [""修繕積立金中心"", ""長期修繕計画中心""]}, {""axis"": ""手続"", ""cols"": [""総会・理事会"", ""届出・規約""]}, {""axis"": ""数値"", ""cols"": [""5分の4等"", ""規約・条文""]}, {""axis"": ""試験"", ""cols"": [""「修繕積立金＝長期修繕計画」"", ""「同一決議」""]}, {""axis"": ""混同"", ""cols"": [""管業決定"", ""管理会社決定""]}]",修繕積立：修繕積立金と長期修繕計画の比較（S35）｜管業,修繕積立（基礎整理）として修繕積立金と長期修繕計画の関係を整理します。管理組合・総会・管業の権限を表で整理してください。数値・日程・合格基準はマンション管理業協会（www.mankan.or.jp）の試験要項で必ずご確認ください。,修繕積立金と長期修繕計画を分離;決議要件;管業は支援;試験の正誤肢に注意,修繕積立金＝長期修繕計画;管業が決定;過半数で規約変更;試験の正誤肢に注意,「修繕積立金と長期修繕計画を分ける」。,修繕積立金;長期修繕計画,修繕積立金の要点は？,修繕積立（基礎整理）として修繕積立金と長期修繕計画の関係を整理します。修繕積立金の主体・手続を用語集で確認してください。管業試験では用語集と条文の対応づけが得点の鍵になります。最新の試験要項もあわせて確認してください。,長期修繕計画との違いは？,長期修繕計画は別枠です。比較表を作成してください。管業試験では用語集と条文の対応づけが得点の鍵になります。最新の試験要項もあわせて確認してください。賃管試験では用語集と条文の対応づけが得点の鍵になります。最新の試験要項もあわせて確認してください。,試験対策の進め方は？,決議四段表・機関表を作成し、過去問を反復してください。管業試験では用語集と条文の対応づけが得点の鍵になります。最新の試験要項もあわせて確認してください。賃管試験では用語集と条文の対応づけが得点の鍵になります。最新の試験要項もあわせて確認してください。,確認先はどこですか？,区分所有法・適正化法・用語集を参照してください。管業試験では用語集と条文の対応づけが得点の鍵になります。最新の試験要項もあわせて確認してください。賃管試験では用語集と条文の対応づけが得点の鍵になります。最新の試験要項もあわせて確認してください。
sokai-unyou-cmp-s35,総会運営：総会と理事会の比較（S35）,区分所有法,総会;理事会,総会運営（基礎整理）として総会と理事会の関係を整理します。,総会;理事会,"[{""axis"": ""主体"", ""cols"": [""総会中心"", ""理事会中心""]}, {""axis"": ""手続"", ""cols"": [""総会・理事会"", ""届出・規約""]}, {""axis"": ""数値"", ""cols"": [""5分の4等"", ""規約・条文""]}, {""axis"": ""試験"", ""cols"": [""「総会＝理事会」"", ""「同一決議」""]}, {""axis"": ""混同"", ""cols"": [""管業決定"", ""管理会社決定""]}]",総会運営：総会と理事会の比較（S35）｜管業,総会運営（基礎整理）として総会と理事会の関係を整理します。管理組合・総会・管業の権限を表で整理してください。数値・日程・合格基準はマンション管理業協会（www.mankan.or.jp）の試験要項で必ずご確認ください。,総会と理事会を分離;決議要件;管業は支援;試験の正誤肢に注意,総会＝理事会;管業が決定;過半数で規約変更;試験の正誤肢に注意,「総会と理事会を分ける」。,総会;理事会,総会の要点は？,総会運営（基礎整理）として総会と理事会の関係を整理します。総会の主体・手続を用語集で確認してください。管業試験では用語集と条文の対応づけが得点の鍵になります。最新の試験要項もあわせて確認してください。,理事会との違いは？,理事会は別枠です。比較表を作成してください。管業試験では用語集と条文の対応づけが得点の鍵になります。最新の試験要項もあわせて確認してください。賃管試験では用語集と条文の対応づけが得点の鍵になります。最新の試験要項もあわせて確認してください。,試験対策の進め方は？,決議四段表・機関表を作成し、過去問を反復してください。管業試験では用語集と条文の対応づけが得点の鍵になります。最新の試験要項もあわせて確認してください。賃管試験では用語集と条文の対応づけが得点の鍵になります。最新の試験要項もあわせて確認してください。,確認先はどこですか？,区分所有法・適正化法・用語集を参照してください。管業試験では用語集と条文の対応づけが得点の鍵になります。最新の試験要項もあわせて確認してください。賃管試験では用語集と条文の対応づけが得点の鍵になります。最新の試験要項もあわせて確認してください。
kanri-itaku-cmp-s35,管理委託：マンション標準管理委託契約書と管理組合の比較（S35）,区分所有法,マンション標準管理委託契約書;管理組合,管理委託（基礎整理）としてマンション標準管理委託契約書と管理組合の関係を整理します。,マンション標準管理委託契約書;管理組合,"[{""axis"": ""主体"", ""cols"": [""マンション標準管理委託契約書中心"", ""管理組合中心""]}, {""axis"": ""手続"", ""cols"": [""総会・理事会"", ""届出・規約""]}, {""axis"": ""数値"", ""cols"": [""5分の4等"", ""規約・条文""]}, {""axis"": ""試験"", ""cols"": [""「マンション標準管理委託契約書＝管理組合」"", ""「同一決議」""]}, {""axis"": ""混同"", ""cols"": [""管業決定"", ""管理会社決定""]}]",管理委託：マンション標準管理委託契約書と管理組合の比較（S35）｜管業,管理委託（基礎整理）としてマンション標準管理委託契約書と管理組合の関係を整理します。管理組合・総会・管業の権限を表で整理してください。数値・日程・合格基準はマンション管理業協会（www.mankan.or.jp）の試験要項で必ずご確認ください。,マンション標準管理委託契約書と管理組合を分離;決議要件;管業は支援;試験の正誤肢に注意,マンション標準管理委託契約書＝管理組合;管業が決定;過半数で規約変更;試験の正誤肢に注意,「マンション標準管理委託契約書と管理組合を分ける」。,マンション標準管理委託契約書;管理組合,マンション標準管理委託契約書の要点は？,管理委託（基礎整理）としてマンション標準管理委託契約書と管理組合の関係を整理します。マンション標準管理委託契約書の主体・手続を用語集で確認してください。管業試験では用語集と条文の対応づけが得点の鍵になります。最新の試験要項もあわせて確認してください。,管理組合との違いは？,管理組合は別枠です。比較表を作成してください。管業試験では用語集と条文の対応づけが得点の鍵になります。最新の試験要項もあわせて確認してください。賃管試験では用語集と条文の対応づけが得点の鍵になります。最新の試験要項もあわせて確認してください。,試験対策の進め方は？,決議四段表・機関表を作成し、過去問を反復してください。管業試験では用語集と条文の対応づけが得点の鍵になります。最新の試験要項もあわせて確認してください。賃管試験では用語集と条文の対応づけが得点の鍵になります。最新の試験要項もあわせて確認してください。,確認先はどこですか？,区分所有法・適正化法・用語集を参照してください。管業試験では用語集と条文の対応づけが得点の鍵になります。最新の試験要項もあわせて確認してください。賃管試験では用語集と条文の対応づけが得点の鍵になります。最新の試験要項もあわせて確認してください。
tekiseika-hou-cmp-s35,適正化法：管理業務主任者と管理業務主任者の届出の比較（S35）,管理適正化法,管理業務主任者;管理業務主任者の届出,適正化法（基礎整理）として管理業務主任者と管理業務主任者の届出の関係を整理します。,管理業務主任者;管理業務主任者の届出,"[{""axis"": ""主体"", ""cols"": [""管理業務主任者中心"", ""管理業務主任者の届出中心""]}, {""axis"": ""手続"", ""cols"": [""総会・理事会"", ""届出・規約""]}, {""axis"": ""数値"", ""cols"": [""5分の4等"", ""規約・条文""]}, {""axis"": ""試験"", ""cols"": [""「管理業務主任者＝管理業務主任者の届出」"", ""「同一決議」""]}, {""axis"": ""混同"", ""cols"": [""管業決定"", ""管理会社決定""]}]",適正化法：管理業務主任者と管理業務主任者の届出の比較（S35）｜管業,適正化法（基礎整理）として管理業務主任者と管理業務主任者の届出の関係を整理します。管理組合・総会・管業の権限を表で整理してください。数値・日程・合格基準はマンション管理業協会（www.mankan.or.jp）の試験要項で必ずご確認ください。,管理業務主任者と管理業務主任者の届出を分離;決議要件;管業は支援;試験の正誤肢に注意,管理業務主任者＝管理業務主任者の届出;管業が決定;過半数で規約変更;試験の正誤肢に注意,「管理業務主任者と管理業務主任者の届出を分ける」。,管理業務主任者;管理業務主任者の届出,管理業務主任者の要点は？,適正化法（基礎整理）として管理業務主任者と管理業務主任者の届出の関係を整理します。管理業務主任者の主体・手続を用語集で確認してください。管業試験では用語集と条文の対応づけが得点の鍵になります。最新の試験要項もあわせて確認してください。,管理業務主任者の届出との違いは？,管理業務主任者の届出は別枠です。比較表を作成してください。管業試験では用語集と条文の対応づけが得点の鍵になります。最新の試験要項もあわせて確認してください。賃管試験では用語集と条文の対応づけが得点の鍵になります。最新の試験要項もあわせて確認してください。,試験対策の進め方は？,決議四段表・機関表を作成し、過去問を反復してください。管業試験では用語集と条文の対応づけが得点の鍵になります。最新の試験要項もあわせて確認してください。賃管試験では用語集と条文の対応づけが得点の鍵になります。最新の試験要項もあわせて確認してください。,確認先はどこですか？,区分所有法・適正化法・用語集を参照してください。管業試験では用語集と条文の対応づけが得点の鍵になります。最新の試験要項もあわせて確認してください。賃管試験では用語集と条文の対応づけが得点の鍵になります。最新の試験要項もあわせて確認してください。
kubun-shoyu-cmp-s35,区分所有：区分所有者と専有部分の比較（S35）,区分所有法,区分所有者;専有部分,区分所有（基礎整理）として区分所有者と専有部分の関係を整理します。,区分所有者;専有部分,"[{""axis"": ""主体"", ""cols"": [""区分所有者中心"", ""専有部分中心""]}, {""axis"": ""手続"", ""cols"": [""総会・理事会"", ""届出・規約""]}, {""axis"": ""数値"", ""cols"": [""5分の4等"", ""規約・条文""]}, {""axis"": ""試験"", ""cols"": [""「区分所有者＝専有部分」"", ""「同一決議」""]}, {""axis"": ""混同"", ""cols"": [""管業決定"", ""管理会社決定""]}]",区分所有：区分所有者と専有部分の比較（S35）｜管業,区分所有（基礎整理）として区分所有者と専有部分の関係を整理します。管理組合・総会・管業の権限を表で整理してください。数値・日程・合格基準はマンション管理業協会（www.mankan.or.jp）の試験要項で必ずご確認ください。,区分所有者と専有部分を分離;決議要件;管業は支援;試験の正誤肢に注意,区分所有者＝専有部分;管業が決定;過半数で規約変更;試験の正誤肢に注意,「区分所有者と専有部分を分ける」。,区分所有者;専有部分,区分所有者の要点は？,区分所有（基礎整理）として区分所有者と専有部分の関係を整理します。区分所有者の主体・手続を用語集で確認してください。管業試験では用語集と条文の対応づけが得点の鍵になります。最新の試験要項もあわせて確認してください。,専有部分との違いは？,専有部分は別枠です。比較表を作成してください。管業試験では用語集と条文の対応づけが得点の鍵になります。最新の試験要項もあわせて確認してください。賃管試験では用語集と条文の対応づけが得点の鍵になります。最新の試験要項もあわせて確認してください。,試験対策の進め方は？,決議四段表・機関表を作成し、過去問を反復してください。管業試験では用語集と条文の対応づけが得点の鍵になります。最新の試験要項もあわせて確認してください。賃管試験では用語集と条文の対応づけが得点の鍵になります。最新の試験要項もあわせて確認してください。,確認先はどこですか？,区分所有法・適正化法・用語集を参照してください。管業試験では用語集と条文の対応づけが得点の鍵になります。最新の試験要項もあわせて確認してください。賃管試験では用語集と条文の対応づけが得点の鍵になります。最新の試験要項もあわせて確認してください。
kanrinin-cmp-s35,管理員：管理員と管理員の配置の比較（S35）,管理適正化法,管理員;管理員の配置,管理員（基礎整理）として管理員と管理員の配置の関係を整理します。,管理員;管理員の配置,"[{""axis"": ""主体"", ""cols"": [""管理員中心"", ""管理員の配置中心""]}, {""axis"": ""手続"", ""cols"": [""総会・理事会"", ""届出・規約""]}, {""axis"": ""数値"", ""cols"": [""5分の4等"", ""規約・条文""]}, {""axis"": ""試験"", ""cols"": [""「管理員＝管理員の配置」"", ""「同一決議」""]}, {""axis"": ""混同"", ""cols"": [""管業決定"", ""管理会社決定""]}]",管理員：管理員と管理員の配置の比較（S35）｜管業,管理員（基礎整理）として管理員と管理員の配置の関係を整理します。管理組合・総会・管業の権限を表で整理してください。数値・日程・合格基準はマンション管理業協会（www.mankan.or.jp）の試験要項で必ずご確認ください。,管理員と管理員の配置を分離;決議要件;管業は支援;試験の正誤肢に注意,管理員＝管理員の配置;管業が決定;過半数で規約変更;試験の正誤肢に注意,「管理員と管理員の配置を分ける」。,管理員;管理員の配置,管理員の要点は？,管理員（基礎整理）として管理員と管理員の配置の関係を整理します。管理員の主体・手続を用語集で確認してください。管業試験では用語集と条文の対応づけが得点の鍵になります。最新の試験要項もあわせて確認してください。,管理員の配置との違いは？,管理員の配置は別枠です。比較表を作成してください。管業試験では用語集と条文の対応づけが得点の鍵になります。最新の試験要項もあわせて確認してください。賃管試験では用語集と条文の対応づけが得点の鍵になります。最新の試験要項もあわせて確認してください。,試験対策の進め方は？,決議四段表・機関表を作成し、過去問を反復してください。管業試験では用語集と条文の対応づけが得点の鍵になります。最新の試験要項もあわせて確認してください。賃管試験では用語集と条文の対応づけが得点の鍵になります。最新の試験要項もあわせて確認してください。,確認先はどこですか？,区分所有法・適正化法・用語集を参照してください。管業試験では用語集と条文の対応づけが得点の鍵になります。最新の試験要項もあわせて確認してください。賃管試験では用語集と条文の対応づけが得点の鍵になります。最新の試験要項もあわせて確認してください。
kaikei-kansa-cmp-s35,会計監査：監査と監査報告の比較（S35）,区分所有法,監査;監査報告,会計監査（基礎整理）として監査と監査報告の関係を整理します。,監査;監査報告,"[{""axis"": ""主体"", ""cols"": [""監査中心"", ""監査報告中心""]}, {""axis"": ""手続"", ""cols"": [""総会・理事会"", ""届出・規約""]}, {""axis"": ""数値"", ""cols"": [""5分の4等"", ""規約・条文""]}, {""axis"": ""試験"", ""cols"": [""「監査＝監査報告」"", ""「同一決議」""]}, {""axis"": ""混同"", ""cols"": [""管業決定"", ""管理会社決定""]}]",会計監査：監査と監査報告の比較（S35）｜管業,会計監査（基礎整理）として監査と監査報告の関係を整理します。管理組合・総会・管業の権限を表で整理してください。数値・日程・合格基準はマンション管理業協会（www.mankan.or.jp）の試験要項で必ずご確認ください。,監査と監査報告を分離;決議要件;管業は支援;試験の正誤肢に注意,監査＝監査報告;管業が決定;過半数で規約変更;試験の正誤肢に注意,「監査と監査報告を分ける」。,監査;監査報告,監査の要点は？,会計監査（基礎整理）として監査と監査報告の関係を整理します。監査の主体・手続を用語集で確認してください。管業試験では用語集と条文の対応づけが得点の鍵になります。最新の試験要項もあわせて確認してください。,監査報告との違いは？,監査報告は別枠です。比較表を作成してください。管業試験では用語集と条文の対応づけが得点の鍵になります。最新の試験要項もあわせて確認してください。賃管試験では用語集と条文の対応づけが得点の鍵になります。最新の試験要項もあわせて確認してください。,試験対策の進め方は？,決議四段表・機関表を作成し、過去問を反復してください。管業試験では用語集と条文の対応づけが得点の鍵になります。最新の試験要項もあわせて確認してください。賃管試験では用語集と条文の対応づけが得点の鍵になります。最新の試験要項もあわせて確認してください。,確認先はどこですか？,区分所有法・適正化法・用語集を参照してください。管業試験では用語集と条文の対応づけが得点の鍵になります。最新の試験要項もあわせて確認してください。賃管試験では用語集と条文の対応づけが得点の鍵になります。最新の試験要項もあわせて確認してください。
tatekae-cmp-s35,建替え：建替えと建替え決議の比較（S35）,区分所有法,建替え;建替え決議,建替え（基礎整理）として建替えと建替え決議の関係を整理します。,建替え;建替え決議,"[{""axis"": ""主体"", ""cols"": [""建替え中心"", ""建替え決議中心""]}, {""axis"": ""手続"", ""cols"": [""総会・理事会"", ""届出・規約""]}, {""axis"": ""数値"", ""cols"": [""5分の4等"", ""規約・条文""]}, {""axis"": ""試験"", ""cols"": [""「建替え＝建替え決議」"", ""「同一決議」""]}, {""axis"": ""混同"", ""cols"": [""管業決定"", ""管理会社決定""]}]",建替え：建替えと建替え決議の比較（S35）｜管業,建替え（基礎整理）として建替えと建替え決議の関係を整理します。管理組合・総会・管業の権限を表で整理してください。数値・日程・合格基準はマンション管理業協会（www.mankan.or.jp）の試験要項で必ずご確認ください。,建替えと建替え決議を分離;決議要件;管業は支援;試験の正誤肢に注意,建替え＝建替え決議;管業が決定;過半数で規約変更;試験の正誤肢に注意,「建替えと建替え決議を分ける」。,建替え;建替え決議,建替えの要点は？,建替え（基礎整理）として建替えと建替え決議の関係を整理します。建替えの主体・手続を用語集で確認してください。管業試験では用語集と条文の対応づけが得点の鍵になります。最新の試験要項もあわせて確認してください。,建替え決議との違いは？,建替え決議は別枠です。比較表を作成してください。管業試験では用語集と条文の対応づけが得点の鍵になります。最新の試験要項もあわせて確認してください。賃管試験では用語集と条文の対応づけが得点の鍵になります。最新の試験要項もあわせて確認してください。,試験対策の進め方は？,決議四段表・機関表を作成し、過去問を反復してください。管業試験では用語集と条文の対応づけが得点の鍵になります。最新の試験要項もあわせて確認してください。賃管試験では用語集と条文の対応づけが得点の鍵になります。最新の試験要項もあわせて確認してください。,確認先はどこですか？,区分所有法・適正化法・用語集を参照してください。管業試験では用語集と条文の対応づけが得点の鍵になります。最新の試験要項もあわせて確認してください。賃管試験では用語集と条文の対応づけが得点の鍵になります。最新の試験要項もあわせて確認してください。
kangyou-shiken-cmp-s35,管業試験：管理業務主任者試験と管理業務主任者の比較（S35）,判例・横断総合,管理業務主任者試験;管理業務主任者,管業試験（基礎整理）として管理業務主任者試験と管理業務主任者の関係を整理します。,管理業務主任者試験;管理業務主任者,"[{""axis"": ""主体"", ""cols"": [""管理業務主任者試験中心"", ""管理業務主任者中心""]}, {""axis"": ""手続"", ""cols"": [""総会・理事会"", ""届出・規約""]}, {""axis"": ""数値"", ""cols"": [""5分の4等"", ""規約・条文""]}, {""axis"": ""試験"", ""cols"": [""「管理業務主任者試験＝管理業務主任者」"", ""「同一決議」""]}, {""axis"": ""混同"", ""cols"": [""管業決定"", ""管理会社決定""]}]",管業試験：管理業務主任者試験と管理業務主任者の比較（S35）｜管業,管業試験（基礎整理）として管理業務主任者試験と管理業務主任者の関係を整理します。管理組合・総会・管業の権限を表で整理してください。数値・日程・合格基準はマンション管理業協会（www.mankan.or.jp）の試験要項で必ずご確認ください。,管理業務主任者試験と管理業務主任者を分離;決議要件;管業は支援;試験の正誤肢に注意,管理業務主任者試験＝管理業務主任者;管業が決定;過半数で規約変更;試験の正誤肢に注意,「管理業務主任者試験と管理業務主任者を分ける」。,管理業務主任者試験;管理業務主任者,管理業務主任者試験の要点は？,管業試験（基礎整理）として管理業務主任者試験と管理業務主任者の関係を整理します。管理業務主任者試験の主体・手続を用語集で確認してください。管業試験では用語集と条文の対応づけが得点の鍵になります。最新の試験要項もあわせて確認してください。,管理業務主任者との違いは？,管理業務主任者は別枠です。比較表を作成してください。管業試験では用語集と条文の対応づけが得点の鍵になります。最新の試験要項もあわせて確認してください。賃管試験では用語集と条文の対応づけが得点の鍵になります。最新の試験要項もあわせて確認してください。,試験対策の進め方は？,決議四段表・機関表を作成し、過去問を反復してください。管業試験では用語集と条文の対応づけが得点の鍵になります。最新の試験要項もあわせて確認してください。賃管試験では用語集と条文の対応づけが得点の鍵になります。最新の試験要項もあわせて確認してください。,確認先はどこですか？,区分所有法・適正化法・用語集を参照してください。管業試験では用語集と条文の対応づけが得点の鍵になります。最新の試験要項もあわせて確認してください。賃管試験では用語集と条文の対応づけが得点の鍵になります。最新の試験要項もあわせて確認してください。
kumiai-unyou-cmp-s36,管理組合運営：管理組合と管理者の比較（S36）,区分所有法,管理組合;管理者,管理組合運営（実務連動）として管理組合と管理者の関係を整理します。,管理組合;管理者,"[{""axis"": ""主体"", ""cols"": [""管理組合中心"", ""管理者中心""]}, {""axis"": ""手続"", ""cols"": [""総会・理事会"", ""届出・規約""]}, {""axis"": ""数値"", ""cols"": [""5分の4等"", ""規約・条文""]}, {""axis"": ""試験"", ""cols"": [""「管理組合＝管理者」"", ""「同一決議」""]}, {""axis"": ""混同"", ""cols"": [""管業決定"", ""管理会社決定""]}]",管理組合運営：管理組合と管理者の比較（S36）｜管業,管理組合運営（実務連動）として管理組合と管理者の関係を整理します。管理組合・総会・管業の権限を表で整理してください。数値・日程・合格基準はマンション管理業協会（www.mankan.or.jp）の試験要項で必ずご確認ください。,管理組合と管理者を分離;決議要件;管業は支援;試験の正誤肢に注意,管理組合＝管理者;管業が決定;過半数で規約変更;試験の正誤肢に注意,「管理組合と管理者を分ける」。,管理組合;管理者,管理組合の要点は？,管理組合運営（実務連動）として管理組合と管理者の関係を整理します。管理組合の主体・手続を用語集で確認してください。管業試験では用語集と条文の対応づけが得点の鍵になります。最新の試験要項もあわせて確認してください。,管理者との違いは？,管理者は別枠です。比較表を作成してください。管業試験では用語集と条文の対応づけが得点の鍵になります。最新の試験要項もあわせて確認してください。賃管試験では用語集と条文の対応づけが得点の鍵になります。最新の試験要項もあわせて確認してください。,試験対策の進め方は？,決議四段表・機関表を作成し、過去問を反復してください。管業試験では用語集と条文の対応づけが得点の鍵になります。最新の試験要項もあわせて確認してください。賃管試験では用語集と条文の対応づけが得点の鍵になります。最新の試験要項もあわせて確認してください。,確認先はどこですか？,区分所有法・適正化法・用語集を参照してください。管業試験では用語集と条文の対応づけが得点の鍵になります。最新の試験要項もあわせて確認してください。賃管試験では用語集と条文の対応づけが得点の鍵になります。最新の試験要項もあわせて確認してください。
shuzen-tumitate-cmp-s36,修繕積立：修繕積立金と長期修繕計画の比較（S36）,区分所有法,修繕積立金;長期修繕計画,修繕積立（実務連動）として修繕積立金と長期修繕計画の関係を整理します。,修繕積立金;長期修繕計画,"[{""axis"": ""主体"", ""cols"": [""修繕積立金中心"", ""長期修繕計画中心""]}, {""axis"": ""手続"", ""cols"": [""総会・理事会"", ""届出・規約""]}, {""axis"": ""数値"", ""cols"": [""5分の4等"", ""規約・条文""]}, {""axis"": ""試験"", ""cols"": [""「修繕積立金＝長期修繕計画」"", ""「同一決議」""]}, {""axis"": ""混同"", ""cols"": [""管業決定"", ""管理会社決定""]}]",修繕積立：修繕積立金と長期修繕計画の比較（S36）｜管業,修繕積立（実務連動）として修繕積立金と長期修繕計画の関係を整理します。管理組合・総会・管業の権限を表で整理してください。数値・日程・合格基準はマンション管理業協会（www.mankan.or.jp）の試験要項で必ずご確認ください。,修繕積立金と長期修繕計画を分離;決議要件;管業は支援;試験の正誤肢に注意,修繕積立金＝長期修繕計画;管業が決定;過半数で規約変更;試験の正誤肢に注意,「修繕積立金と長期修繕計画を分ける」。,修繕積立金;長期修繕計画,修繕積立金の要点は？,修繕積立（実務連動）として修繕積立金と長期修繕計画の関係を整理します。修繕積立金の主体・手続を用語集で確認してください。管業試験では用語集と条文の対応づけが得点の鍵になります。最新の試験要項もあわせて確認してください。,長期修繕計画との違いは？,長期修繕計画は別枠です。比較表を作成してください。管業試験では用語集と条文の対応づけが得点の鍵になります。最新の試験要項もあわせて確認してください。賃管試験では用語集と条文の対応づけが得点の鍵になります。最新の試験要項もあわせて確認してください。,試験対策の進め方は？,決議四段表・機関表を作成し、過去問を反復してください。管業試験では用語集と条文の対応づけが得点の鍵になります。最新の試験要項もあわせて確認してください。賃管試験では用語集と条文の対応づけが得点の鍵になります。最新の試験要項もあわせて確認してください。,確認先はどこですか？,区分所有法・適正化法・用語集を参照してください。管業試験では用語集と条文の対応づけが得点の鍵になります。最新の試験要項もあわせて確認してください。賃管試験では用語集と条文の対応づけが得点の鍵になります。最新の試験要項もあわせて確認してください。
sokai-unyou-cmp-s36,総会運営：総会と理事会の比較（S36）,区分所有法,総会;理事会,総会運営（実務連動）として総会と理事会の関係を整理します。,総会;理事会,"[{""axis"": ""主体"", ""cols"": [""総会中心"", ""理事会中心""]}, {""axis"": ""手続"", ""cols"": [""総会・理事会"", ""届出・規約""]}, {""axis"": ""数値"", ""cols"": [""5分の4等"", ""規約・条文""]}, {""axis"": ""試験"", ""cols"": [""「総会＝理事会」"", ""「同一決議」""]}, {""axis"": ""混同"", ""cols"": [""管業決定"", ""管理会社決定""]}]",総会運営：総会と理事会の比較（S36）｜管業,総会運営（実務連動）として総会と理事会の関係を整理します。管理組合・総会・管業の権限を表で整理してください。数値・日程・合格基準はマンション管理業協会（www.mankan.or.jp）の試験要項で必ずご確認ください。,総会と理事会を分離;決議要件;管業は支援;試験の正誤肢に注意,総会＝理事会;管業が決定;過半数で規約変更;試験の正誤肢に注意,「総会と理事会を分ける」。,総会;理事会,総会の要点は？,総会運営（実務連動）として総会と理事会の関係を整理します。総会の主体・手続を用語集で確認してください。管業試験では用語集と条文の対応づけが得点の鍵になります。最新の試験要項もあわせて確認してください。,理事会との違いは？,理事会は別枠です。比較表を作成してください。管業試験では用語集と条文の対応づけが得点の鍵になります。最新の試験要項もあわせて確認してください。賃管試験では用語集と条文の対応づけが得点の鍵になります。最新の試験要項もあわせて確認してください。,試験対策の進め方は？,決議四段表・機関表を作成し、過去問を反復してください。管業試験では用語集と条文の対応づけが得点の鍵になります。最新の試験要項もあわせて確認してください。賃管試験では用語集と条文の対応づけが得点の鍵になります。最新の試験要項もあわせて確認してください。,確認先はどこですか？,区分所有法・適正化法・用語集を参照してください。管業試験では用語集と条文の対応づけが得点の鍵になります。最新の試験要項もあわせて確認してください。賃管試験では用語集と条文の対応づけが得点の鍵になります。最新の試験要項もあわせて確認してください。
kanri-itaku-cmp-s36,管理委託：マンション標準管理委託契約書と管理組合の比較（S36）,区分所有法,マンション標準管理委託契約書;管理組合,管理委託（実務連動）としてマンション標準管理委託契約書と管理組合の関係を整理します。,マンション標準管理委託契約書;管理組合,"[{""axis"": ""主体"", ""cols"": [""マンション標準管理委託契約書中心"", ""管理組合中心""]}, {""axis"": ""手続"", ""cols"": [""総会・理事会"", ""届出・規約""]}, {""axis"": ""数値"", ""cols"": [""5分の4等"", ""規約・条文""]}, {""axis"": ""試験"", ""cols"": [""「マンション標準管理委託契約書＝管理組合」"", ""「同一決議」""]}, {""axis"": ""混同"", ""cols"": [""管業決定"", ""管理会社決定""]}]",管理委託：マンション標準管理委託契約書と管理組合の比較（S36）｜管業,管理委託（実務連動）としてマンション標準管理委託契約書と管理組合の関係を整理します。管理組合・総会・管業の権限を表で整理してください。数値・日程・合格基準はマンション管理業協会（www.mankan.or.jp）の試験要項で必ずご確認ください。,マンション標準管理委託契約書と管理組合を分離;決議要件;管業は支援;試験の正誤肢に注意,マンション標準管理委託契約書＝管理組合;管業が決定;過半数で規約変更;試験の正誤肢に注意,「マンション標準管理委託契約書と管理組合を分ける」。,マンション標準管理委託契約書;管理組合,マンション標準管理委託契約書の要点は？,管理委託（実務連動）としてマンション標準管理委託契約書と管理組合の関係を整理します。マンション標準管理委託契約書の主体・手続を用語集で確認してください。管業試験では用語集と条文の対応づけが得点の鍵になります。最新の試験要項もあわせて確認してください。,管理組合との違いは？,管理組合は別枠です。比較表を作成してください。管業試験では用語集と条文の対応づけが得点の鍵になります。最新の試験要項もあわせて確認してください。賃管試験では用語集と条文の対応づけが得点の鍵になります。最新の試験要項もあわせて確認してください。,試験対策の進め方は？,決議四段表・機関表を作成し、過去問を反復してください。管業試験では用語集と条文の対応づけが得点の鍵になります。最新の試験要項もあわせて確認してください。賃管試験では用語集と条文の対応づけが得点の鍵になります。最新の試験要項もあわせて確認してください。,確認先はどこですか？,区分所有法・適正化法・用語集を参照してください。管業試験では用語集と条文の対応づけが得点の鍵になります。最新の試験要項もあわせて確認してください。賃管試験では用語集と条文の対応づけが得点の鍵になります。最新の試験要項もあわせて確認してください。
tekiseika-hou-cmp-s36,適正化法：管理業務主任者と管理業務主任者の届出の比較（S36）,管理適正化法,管理業務主任者;管理業務主任者の届出,適正化法（実務連動）として管理業務主任者と管理業務主任者の届出の関係を整理します。,管理業務主任者;管理業務主任者の届出,"[{""axis"": ""主体"", ""cols"": [""管理業務主任者中心"", ""管理業務主任者の届出中心""]}, {""axis"": ""手続"", ""cols"": [""総会・理事会"", ""届出・規約""]}, {""axis"": ""数値"", ""cols"": [""5分の4等"", ""規約・条文""]}, {""axis"": ""試験"", ""cols"": [""「管理業務主任者＝管理業務主任者の届出」"", ""「同一決議」""]}, {""axis"": ""混同"", ""cols"": [""管業決定"", ""管理会社決定""]}]",適正化法：管理業務主任者と管理業務主任者の届出の比較（S36）｜管業,適正化法（実務連動）として管理業務主任者と管理業務主任者の届出の関係を整理します。管理組合・総会・管業の権限を表で整理してください。数値・日程・合格基準はマンション管理業協会（www.mankan.or.jp）の試験要項で必ずご確認ください。,管理業務主任者と管理業務主任者の届出を分離;決議要件;管業は支援;試験の正誤肢に注意,管理業務主任者＝管理業務主任者の届出;管業が決定;過半数で規約変更;試験の正誤肢に注意,「管理業務主任者と管理業務主任者の届出を分ける」。,管理業務主任者;管理業務主任者の届出,管理業務主任者の要点は？,適正化法（実務連動）として管理業務主任者と管理業務主任者の届出の関係を整理します。管理業務主任者の主体・手続を用語集で確認してください。管業試験では用語集と条文の対応づけが得点の鍵になります。最新の試験要項もあわせて確認してください。,管理業務主任者の届出との違いは？,管理業務主任者の届出は別枠です。比較表を作成してください。管業試験では用語集と条文の対応づけが得点の鍵になります。最新の試験要項もあわせて確認してください。賃管試験では用語集と条文の対応づけが得点の鍵になります。最新の試験要項もあわせて確認してください。,試験対策の進め方は？,決議四段表・機関表を作成し、過去問を反復してください。管業試験では用語集と条文の対応づけが得点の鍵になります。最新の試験要項もあわせて確認してください。賃管試験では用語集と条文の対応づけが得点の鍵になります。最新の試験要項もあわせて確認してください。,確認先はどこですか？,区分所有法・適正化法・用語集を参照してください。管業試験では用語集と条文の対応づけが得点の鍵になります。最新の試験要項もあわせて確認してください。賃管試験では用語集と条文の対応づけが得点の鍵になります。最新の試験要項もあわせて確認してください。
kubun-shoyu-cmp-s36,区分所有：区分所有者と専有部分の比較（S36）,区分所有法,区分所有者;専有部分,区分所有（実務連動）として区分所有者と専有部分の関係を整理します。,区分所有者;専有部分,"[{""axis"": ""主体"", ""cols"": [""区分所有者中心"", ""専有部分中心""]}, {""axis"": ""手続"", ""cols"": [""総会・理事会"", ""届出・規約""]}, {""axis"": ""数値"", ""cols"": [""5分の4等"", ""規約・条文""]}, {""axis"": ""試験"", ""cols"": [""「区分所有者＝専有部分」"", ""「同一決議」""]}, {""axis"": ""混同"", ""cols"": [""管業決定"", ""管理会社決定""]}]",区分所有：区分所有者と専有部分の比較（S36）｜管業,区分所有（実務連動）として区分所有者と専有部分の関係を整理します。管理組合・総会・管業の権限を表で整理してください。数値・日程・合格基準はマンション管理業協会（www.mankan.or.jp）の試験要項で必ずご確認ください。,区分所有者と専有部分を分離;決議要件;管業は支援;試験の正誤肢に注意,区分所有者＝専有部分;管業が決定;過半数で規約変更;試験の正誤肢に注意,「区分所有者と専有部分を分ける」。,区分所有者;専有部分,区分所有者の要点は？,区分所有（実務連動）として区分所有者と専有部分の関係を整理します。区分所有者の主体・手続を用語集で確認してください。管業試験では用語集と条文の対応づけが得点の鍵になります。最新の試験要項もあわせて確認してください。,専有部分との違いは？,専有部分は別枠です。比較表を作成してください。管業試験では用語集と条文の対応づけが得点の鍵になります。最新の試験要項もあわせて確認してください。賃管試験では用語集と条文の対応づけが得点の鍵になります。最新の試験要項もあわせて確認してください。,試験対策の進め方は？,決議四段表・機関表を作成し、過去問を反復してください。管業試験では用語集と条文の対応づけが得点の鍵になります。最新の試験要項もあわせて確認してください。賃管試験では用語集と条文の対応づけが得点の鍵になります。最新の試験要項もあわせて確認してください。,確認先はどこですか？,区分所有法・適正化法・用語集を参照してください。管業試験では用語集と条文の対応づけが得点の鍵になります。最新の試験要項もあわせて確認してください。賃管試験では用語集と条文の対応づけが得点の鍵になります。最新の試験要項もあわせて確認してください。
kanrinin-cmp-s36,管理員：管理員と管理員の配置の比較（S36）,管理適正化法,管理員;管理員の配置,管理員（実務連動）として管理員と管理員の配置の関係を整理します。,管理員;管理員の配置,"[{""axis"": ""主体"", ""cols"": [""管理員中心"", ""管理員の配置中心""]}, {""axis"": ""手続"", ""cols"": [""総会・理事会"", ""届出・規約""]}, {""axis"": ""数値"", ""cols"": [""5分の4等"", ""規約・条文""]}, {""axis"": ""試験"", ""cols"": [""「管理員＝管理員の配置」"", ""「同一決議」""]}, {""axis"": ""混同"", ""cols"": [""管業決定"", ""管理会社決定""]}]",管理員：管理員と管理員の配置の比較（S36）｜管業,管理員（実務連動）として管理員と管理員の配置の関係を整理します。管理組合・総会・管業の権限を表で整理してください。数値・日程・合格基準はマンション管理業協会（www.mankan.or.jp）の試験要項で必ずご確認ください。,管理員と管理員の配置を分離;決議要件;管業は支援;試験の正誤肢に注意,管理員＝管理員の配置;管業が決定;過半数で規約変更;試験の正誤肢に注意,「管理員と管理員の配置を分ける」。,管理員;管理員の配置,管理員の要点は？,管理員（実務連動）として管理員と管理員の配置の関係を整理します。管理員の主体・手続を用語集で確認してください。管業試験では用語集と条文の対応づけが得点の鍵になります。最新の試験要項もあわせて確認してください。,管理員の配置との違いは？,管理員の配置は別枠です。比較表を作成してください。管業試験では用語集と条文の対応づけが得点の鍵になります。最新の試験要項もあわせて確認してください。賃管試験では用語集と条文の対応づけが得点の鍵になります。最新の試験要項もあわせて確認してください。,試験対策の進め方は？,決議四段表・機関表を作成し、過去問を反復してください。管業試験では用語集と条文の対応づけが得点の鍵になります。最新の試験要項もあわせて確認してください。賃管試験では用語集と条文の対応づけが得点の鍵になります。最新の試験要項もあわせて確認してください。,確認先はどこですか？,区分所有法・適正化法・用語集を参照してください。管業試験では用語集と条文の対応づけが得点の鍵になります。最新の試験要項もあわせて確認してください。賃管試験では用語集と条文の対応づけが得点の鍵になります。最新の試験要項もあわせて確認してください。
kaikei-kansa-cmp-s36,会計監査：監査と監査報告の比較（S36）,区分所有法,監査;監査報告,会計監査（実務連動）として監査と監査報告の関係を整理します。,監査;監査報告,"[{""axis"": ""主体"", ""cols"": [""監査中心"", ""監査報告中心""]}, {""axis"": ""手続"", ""cols"": [""総会・理事会"", ""届出・規約""]}, {""axis"": ""数値"", ""cols"": [""5分の4等"", ""規約・条文""]}, {""axis"": ""試験"", ""cols"": [""「監査＝監査報告」"", ""「同一決議」""]}, {""axis"": ""混同"", ""cols"": [""管業決定"", ""管理会社決定""]}]",会計監査：監査と監査報告の比較（S36）｜管業,会計監査（実務連動）として監査と監査報告の関係を整理します。管理組合・総会・管業の権限を表で整理してください。数値・日程・合格基準はマンション管理業協会（www.mankan.or.jp）の試験要項で必ずご確認ください。,監査と監査報告を分離;決議要件;管業は支援;試験の正誤肢に注意,監査＝監査報告;管業が決定;過半数で規約変更;試験の正誤肢に注意,「監査と監査報告を分ける」。,監査;監査報告,監査の要点は？,会計監査（実務連動）として監査と監査報告の関係を整理します。監査の主体・手続を用語集で確認してください。管業試験では用語集と条文の対応づけが得点の鍵になります。最新の試験要項もあわせて確認してください。,監査報告との違いは？,監査報告は別枠です。比較表を作成してください。管業試験では用語集と条文の対応づけが得点の鍵になります。最新の試験要項もあわせて確認してください。賃管試験では用語集と条文の対応づけが得点の鍵になります。最新の試験要項もあわせて確認してください。,試験対策の進め方は？,決議四段表・機関表を作成し、過去問を反復してください。管業試験では用語集と条文の対応づけが得点の鍵になります。最新の試験要項もあわせて確認してください。賃管試験では用語集と条文の対応づけが得点の鍵になります。最新の試験要項もあわせて確認してください。,確認先はどこですか？,区分所有法・適正化法・用語集を参照してください。管業試験では用語集と条文の対応づけが得点の鍵になります。最新の試験要項もあわせて確認してください。賃管試験では用語集と条文の対応づけが得点の鍵になります。最新の試験要項もあわせて確認してください。
tatekae-cmp-s36,建替え：建替えと建替え決議の比較（S36）,区分所有法,建替え;建替え決議,建替え（実務連動）として建替えと建替え決議の関係を整理します。,建替え;建替え決議,"[{""axis"": ""主体"", ""cols"": [""建替え中心"", ""建替え決議中心""]}, {""axis"": ""手続"", ""cols"": [""総会・理事会"", ""届出・規約""]}, {""axis"": ""数値"", ""cols"": [""5分の4等"", ""規約・条文""]}, {""axis"": ""試験"", ""cols"": [""「建替え＝建替え決議」"", ""「同一決議」""]}, {""axis"": ""混同"", ""cols"": [""管業決定"", ""管理会社決定""]}]",建替え：建替えと建替え決議の比較（S36）｜管業,建替え（実務連動）として建替えと建替え決議の関係を整理します。管理組合・総会・管業の権限を表で整理してください。数値・日程・合格基準はマンション管理業協会（www.mankan.or.jp）の試験要項で必ずご確認ください。,建替えと建替え決議を分離;決議要件;管業は支援;試験の正誤肢に注意,建替え＝建替え決議;管業が決定;過半数で規約変更;試験の正誤肢に注意,「建替えと建替え決議を分ける」。,建替え;建替え決議,建替えの要点は？,建替え（実務連動）として建替えと建替え決議の関係を整理します。建替えの主体・手続を用語集で確認してください。管業試験では用語集と条文の対応づけが得点の鍵になります。最新の試験要項もあわせて確認してください。,建替え決議との違いは？,建替え決議は別枠です。比較表を作成してください。管業試験では用語集と条文の対応づけが得点の鍵になります。最新の試験要項もあわせて確認してください。賃管試験では用語集と条文の対応づけが得点の鍵になります。最新の試験要項もあわせて確認してください。,試験対策の進め方は？,決議四段表・機関表を作成し、過去問を反復してください。管業試験では用語集と条文の対応づけが得点の鍵になります。最新の試験要項もあわせて確認してください。賃管試験では用語集と条文の対応づけが得点の鍵になります。最新の試験要項もあわせて確認してください。,確認先はどこですか？,区分所有法・適正化法・用語集を参照してください。管業試験では用語集と条文の対応づけが得点の鍵になります。最新の試験要項もあわせて確認してください。賃管試験では用語集と条文の対応づけが得点の鍵になります。最新の試験要項もあわせて確認してください。
kangyou-shiken-cmp-s36,管業試験：管理業務主任者試験と管理業務主任者の比較（S36）,判例・横断総合,管理業務主任者試験;管理業務主任者,管業試験（実務連動）として管理業務主任者試験と管理業務主任者の関係を整理します。,管理業務主任者試験;管理業務主任者,"[{""axis"": ""主体"", ""cols"": [""管理業務主任者試験中心"", ""管理業務主任者中心""]}, {""axis"": ""手続"", ""cols"": [""総会・理事会"", ""届出・規約""]}, {""axis"": ""数値"", ""cols"": [""5分の4等"", ""規約・条文""]}, {""axis"": ""試験"", ""cols"": [""「管理業務主任者試験＝管理業務主任者」"", ""「同一決議」""]}, {""axis"": ""混同"", ""cols"": [""管業決定"", ""管理会社決定""]}]",管業試験：管理業務主任者試験と管理業務主任者の比較（S36）｜管業,管業試験（実務連動）として管理業務主任者試験と管理業務主任者の関係を整理します。管理組合・総会・管業の権限を表で整理してください。数値・日程・合格基準はマンション管理業協会（www.mankan.or.jp）の試験要項で必ずご確認ください。,管理業務主任者試験と管理業務主任者を分離;決議要件;管業は支援;試験の正誤肢に注意,管理業務主任者試験＝管理業務主任者;管業が決定;過半数で規約変更;試験の正誤肢に注意,「管理業務主任者試験と管理業務主任者を分ける」。,管理業務主任者試験;管理業務主任者,管理業務主任者試験の要点は？,管業試験（実務連動）として管理業務主任者試験と管理業務主任者の関係を整理します。管理業務主任者試験の主体・手続を用語集で確認してください。管業試験では用語集と条文の対応づけが得点の鍵になります。最新の試験要項もあわせて確認してください。,管理業務主任者との違いは？,管理業務主任者は別枠です。比較表を作成してください。管業試験では用語集と条文の対応づけが得点の鍵になります。最新の試験要項もあわせて確認してください。賃管試験では用語集と条文の対応づけが得点の鍵になります。最新の試験要項もあわせて確認してください。,試験対策の進め方は？,決議四段表・機関表を作成し、過去問を反復してください。管業試験では用語集と条文の対応づけが得点の鍵になります。最新の試験要項もあわせて確認してください。賃管試験では用語集と条文の対応づけが得点の鍵になります。最新の試験要項もあわせて確認してください。,確認先はどこですか？,区分所有法・適正化法・用語集を参照してください。管業試験では用語集と条文の対応づけが得点の鍵になります。最新の試験要項もあわせて確認してください。賃管試験では用語集と条文の対応づけが得点の鍵になります。最新の試験要項もあわせて確認してください。
kumiai-unyou-cmp-s37,管理組合運営：管理組合と管理者の比較（S37）,区分所有法,管理組合;管理者,管理組合運営（試験頻出）として管理組合と管理者の関係を整理します。,管理組合;管理者,"[{""axis"": ""主体"", ""cols"": [""管理組合中心"", ""管理者中心""]}, {""axis"": ""手続"", ""cols"": [""総会・理事会"", ""届出・規約""]}, {""axis"": ""数値"", ""cols"": [""5分の4等"", ""規約・条文""]}, {""axis"": ""試験"", ""cols"": [""「管理組合＝管理者」"", ""「同一決議」""]}, {""axis"": ""混同"", ""cols"": [""管業決定"", ""管理会社決定""]}]",管理組合運営：管理組合と管理者の比較（S37）｜管業,管理組合運営（試験頻出）として管理組合と管理者の関係を整理します。管理組合・総会・管業の権限を表で整理してください。数値・日程・合格基準はマンション管理業協会（www.mankan.or.jp）の試験要項で必ずご確認ください。,管理組合と管理者を分離;決議要件;管業は支援;試験の正誤肢に注意,管理組合＝管理者;管業が決定;過半数で規約変更;試験の正誤肢に注意,「管理組合と管理者を分ける」。,管理組合;管理者,管理組合の要点は？,管理組合運営（試験頻出）として管理組合と管理者の関係を整理します。管理組合の主体・手続を用語集で確認してください。管業試験では用語集と条文の対応づけが得点の鍵になります。最新の試験要項もあわせて確認してください。,管理者との違いは？,管理者は別枠です。比較表を作成してください。管業試験では用語集と条文の対応づけが得点の鍵になります。最新の試験要項もあわせて確認してください。賃管試験では用語集と条文の対応づけが得点の鍵になります。最新の試験要項もあわせて確認してください。,試験対策の進め方は？,決議四段表・機関表を作成し、過去問を反復してください。管業試験では用語集と条文の対応づけが得点の鍵になります。最新の試験要項もあわせて確認してください。賃管試験では用語集と条文の対応づけが得点の鍵になります。最新の試験要項もあわせて確認してください。,確認先はどこですか？,区分所有法・適正化法・用語集を参照してください。管業試験では用語集と条文の対応づけが得点の鍵になります。最新の試験要項もあわせて確認してください。賃管試験では用語集と条文の対応づけが得点の鍵になります。最新の試験要項もあわせて確認してください。
shuzen-tumitate-cmp-s37,修繕積立：修繕積立金と長期修繕計画の比較（S37）,区分所有法,修繕積立金;長期修繕計画,修繕積立（試験頻出）として修繕積立金と長期修繕計画の関係を整理します。,修繕積立金;長期修繕計画,"[{""axis"": ""主体"", ""cols"": [""修繕積立金中心"", ""長期修繕計画中心""]}, {""axis"": ""手続"", ""cols"": [""総会・理事会"", ""届出・規約""]}, {""axis"": ""数値"", ""cols"": [""5分の4等"", ""規約・条文""]}, {""axis"": ""試験"", ""cols"": [""「修繕積立金＝長期修繕計画」"", ""「同一決議」""]}, {""axis"": ""混同"", ""cols"": [""管業決定"", ""管理会社決定""]}]",修繕積立：修繕積立金と長期修繕計画の比較（S37）｜管業,修繕積立（試験頻出）として修繕積立金と長期修繕計画の関係を整理します。管理組合・総会・管業の権限を表で整理してください。数値・日程・合格基準はマンション管理業協会（www.mankan.or.jp）の試験要項で必ずご確認ください。,修繕積立金と長期修繕計画を分離;決議要件;管業は支援;試験の正誤肢に注意,修繕積立金＝長期修繕計画;管業が決定;過半数で規約変更;試験の正誤肢に注意,「修繕積立金と長期修繕計画を分ける」。,修繕積立金;長期修繕計画,修繕積立金の要点は？,修繕積立（試験頻出）として修繕積立金と長期修繕計画の関係を整理します。修繕積立金の主体・手続を用語集で確認してください。管業試験では用語集と条文の対応づけが得点の鍵になります。最新の試験要項もあわせて確認してください。,長期修繕計画との違いは？,長期修繕計画は別枠です。比較表を作成してください。管業試験では用語集と条文の対応づけが得点の鍵になります。最新の試験要項もあわせて確認してください。賃管試験では用語集と条文の対応づけが得点の鍵になります。最新の試験要項もあわせて確認してください。,試験対策の進め方は？,決議四段表・機関表を作成し、過去問を反復してください。管業試験では用語集と条文の対応づけが得点の鍵になります。最新の試験要項もあわせて確認してください。賃管試験では用語集と条文の対応づけが得点の鍵になります。最新の試験要項もあわせて確認してください。,確認先はどこですか？,区分所有法・適正化法・用語集を参照してください。管業試験では用語集と条文の対応づけが得点の鍵になります。最新の試験要項もあわせて確認してください。賃管試験では用語集と条文の対応づけが得点の鍵になります。最新の試験要項もあわせて確認してください。
sokai-unyou-cmp-s37,総会運営：総会と理事会の比較（S37）,区分所有法,総会;理事会,総会運営（試験頻出）として総会と理事会の関係を整理します。,総会;理事会,"[{""axis"": ""主体"", ""cols"": [""総会中心"", ""理事会中心""]}, {""axis"": ""手続"", ""cols"": [""総会・理事会"", ""届出・規約""]}, {""axis"": ""数値"", ""cols"": [""5分の4等"", ""規約・条文""]}, {""axis"": ""試験"", ""cols"": [""「総会＝理事会」"", ""「同一決議」""]}, {""axis"": ""混同"", ""cols"": [""管業決定"", ""管理会社決定""]}]",総会運営：総会と理事会の比較（S37）｜管業,総会運営（試験頻出）として総会と理事会の関係を整理します。管理組合・総会・管業の権限を表で整理してください。数値・日程・合格基準はマンション管理業協会（www.mankan.or.jp）の試験要項で必ずご確認ください。,総会と理事会を分離;決議要件;管業は支援;試験の正誤肢に注意,総会＝理事会;管業が決定;過半数で規約変更;試験の正誤肢に注意,「総会と理事会を分ける」。,総会;理事会,総会の要点は？,総会運営（試験頻出）として総会と理事会の関係を整理します。総会の主体・手続を用語集で確認してください。管業試験では用語集と条文の対応づけが得点の鍵になります。最新の試験要項もあわせて確認してください。,理事会との違いは？,理事会は別枠です。比較表を作成してください。管業試験では用語集と条文の対応づけが得点の鍵になります。最新の試験要項もあわせて確認してください。賃管試験では用語集と条文の対応づけが得点の鍵になります。最新の試験要項もあわせて確認してください。,試験対策の進め方は？,決議四段表・機関表を作成し、過去問を反復してください。管業試験では用語集と条文の対応づけが得点の鍵になります。最新の試験要項もあわせて確認してください。賃管試験では用語集と条文の対応づけが得点の鍵になります。最新の試験要項もあわせて確認してください。,確認先はどこですか？,区分所有法・適正化法・用語集を参照してください。管業試験では用語集と条文の対応づけが得点の鍵になります。最新の試験要項もあわせて確認してください。賃管試験では用語集と条文の対応づけが得点の鍵になります。最新の試験要項もあわせて確認してください。
kanri-itaku-cmp-s37,管理委託：マンション標準管理委託契約書と管理組合の比較（S37）,区分所有法,マンション標準管理委託契約書;管理組合,管理委託（試験頻出）としてマンション標準管理委託契約書と管理組合の関係を整理します。,マンション標準管理委託契約書;管理組合,"[{""axis"": ""主体"", ""cols"": [""マンション標準管理委託契約書中心"", ""管理組合中心""]}, {""axis"": ""手続"", ""cols"": [""総会・理事会"", ""届出・規約""]}, {""axis"": ""数値"", ""cols"": [""5分の4等"", ""規約・条文""]}, {""axis"": ""試験"", ""cols"": [""「マンション標準管理委託契約書＝管理組合」"", ""「同一決議」""]}, {""axis"": ""混同"", ""cols"": [""管業決定"", ""管理会社決定""]}]",管理委託：マンション標準管理委託契約書と管理組合の比較（S37）｜管業,管理委託（試験頻出）としてマンション標準管理委託契約書と管理組合の関係を整理します。管理組合・総会・管業の権限を表で整理してください。数値・日程・合格基準はマンション管理業協会（www.mankan.or.jp）の試験要項で必ずご確認ください。,マンション標準管理委託契約書と管理組合を分離;決議要件;管業は支援;試験の正誤肢に注意,マンション標準管理委託契約書＝管理組合;管業が決定;過半数で規約変更;試験の正誤肢に注意,「マンション標準管理委託契約書と管理組合を分ける」。,マンション標準管理委託契約書;管理組合,マンション標準管理委託契約書の要点は？,管理委託（試験頻出）としてマンション標準管理委託契約書と管理組合の関係を整理します。マンション標準管理委託契約書の主体・手続を用語集で確認してください。管業試験では用語集と条文の対応づけが得点の鍵になります。最新の試験要項もあわせて確認してください。,管理組合との違いは？,管理組合は別枠です。比較表を作成してください。管業試験では用語集と条文の対応づけが得点の鍵になります。最新の試験要項もあわせて確認してください。賃管試験では用語集と条文の対応づけが得点の鍵になります。最新の試験要項もあわせて確認してください。,試験対策の進め方は？,決議四段表・機関表を作成し、過去問を反復してください。管業試験では用語集と条文の対応づけが得点の鍵になります。最新の試験要項もあわせて確認してください。賃管試験では用語集と条文の対応づけが得点の鍵になります。最新の試験要項もあわせて確認してください。,確認先はどこですか？,区分所有法・適正化法・用語集を参照してください。管業試験では用語集と条文の対応づけが得点の鍵になります。最新の試験要項もあわせて確認してください。賃管試験では用語集と条文の対応づけが得点の鍵になります。最新の試験要項もあわせて確認してください。
tekiseika-hou-cmp-s37,適正化法：管理業務主任者と管理業務主任者の届出の比較（S37）,管理適正化法,管理業務主任者;管理業務主任者の届出,適正化法（試験頻出）として管理業務主任者と管理業務主任者の届出の関係を整理します。,管理業務主任者;管理業務主任者の届出,"[{""axis"": ""主体"", ""cols"": [""管理業務主任者中心"", ""管理業務主任者の届出中心""]}, {""axis"": ""手続"", ""cols"": [""総会・理事会"", ""届出・規約""]}, {""axis"": ""数値"", ""cols"": [""5分の4等"", ""規約・条文""]}, {""axis"": ""試験"", ""cols"": [""「管理業務主任者＝管理業務主任者の届出」"", ""「同一決議」""]}, {""axis"": ""混同"", ""cols"": [""管業決定"", ""管理会社決定""]}]",適正化法：管理業務主任者と管理業務主任者の届出の比較（S37）｜管業,適正化法（試験頻出）として管理業務主任者と管理業務主任者の届出の関係を整理します。管理組合・総会・管業の権限を表で整理してください。数値・日程・合格基準はマンション管理業協会（www.mankan.or.jp）の試験要項で必ずご確認ください。,管理業務主任者と管理業務主任者の届出を分離;決議要件;管業は支援;試験の正誤肢に注意,管理業務主任者＝管理業務主任者の届出;管業が決定;過半数で規約変更;試験の正誤肢に注意,「管理業務主任者と管理業務主任者の届出を分ける」。,管理業務主任者;管理業務主任者の届出,管理業務主任者の要点は？,適正化法（試験頻出）として管理業務主任者と管理業務主任者の届出の関係を整理します。管理業務主任者の主体・手続を用語集で確認してください。管業試験では用語集と条文の対応づけが得点の鍵になります。最新の試験要項もあわせて確認してください。,管理業務主任者の届出との違いは？,管理業務主任者の届出は別枠です。比較表を作成してください。管業試験では用語集と条文の対応づけが得点の鍵になります。最新の試験要項もあわせて確認してください。賃管試験では用語集と条文の対応づけが得点の鍵になります。最新の試験要項もあわせて確認してください。,試験対策の進め方は？,決議四段表・機関表を作成し、過去問を反復してください。管業試験では用語集と条文の対応づけが得点の鍵になります。最新の試験要項もあわせて確認してください。賃管試験では用語集と条文の対応づけが得点の鍵になります。最新の試験要項もあわせて確認してください。,確認先はどこですか？,区分所有法・適正化法・用語集を参照してください。管業試験では用語集と条文の対応づけが得点の鍵になります。最新の試験要項もあわせて確認してください。賃管試験では用語集と条文の対応づけが得点の鍵になります。最新の試験要項もあわせて確認してください。
kubun-shoyu-cmp-s37,区分所有：区分所有者と専有部分の比較（S37）,区分所有法,区分所有者;専有部分,区分所有（試験頻出）として区分所有者と専有部分の関係を整理します。,区分所有者;専有部分,"[{""axis"": ""主体"", ""cols"": [""区分所有者中心"", ""専有部分中心""]}, {""axis"": ""手続"", ""cols"": [""総会・理事会"", ""届出・規約""]}, {""axis"": ""数値"", ""cols"": [""5分の4等"", ""規約・条文""]}, {""axis"": ""試験"", ""cols"": [""「区分所有者＝専有部分」"", ""「同一決議」""]}, {""axis"": ""混同"", ""cols"": [""管業決定"", ""管理会社決定""]}]",区分所有：区分所有者と専有部分の比較（S37）｜管業,区分所有（試験頻出）として区分所有者と専有部分の関係を整理します。管理組合・総会・管業の権限を表で整理してください。数値・日程・合格基準はマンション管理業協会（www.mankan.or.jp）の試験要項で必ずご確認ください。,区分所有者と専有部分を分離;決議要件;管業は支援;試験の正誤肢に注意,区分所有者＝専有部分;管業が決定;過半数で規約変更;試験の正誤肢に注意,「区分所有者と専有部分を分ける」。,区分所有者;専有部分,区分所有者の要点は？,区分所有（試験頻出）として区分所有者と専有部分の関係を整理します。区分所有者の主体・手続を用語集で確認してください。管業試験では用語集と条文の対応づけが得点の鍵になります。最新の試験要項もあわせて確認してください。,専有部分との違いは？,専有部分は別枠です。比較表を作成してください。管業試験では用語集と条文の対応づけが得点の鍵になります。最新の試験要項もあわせて確認してください。賃管試験では用語集と条文の対応づけが得点の鍵になります。最新の試験要項もあわせて確認してください。,試験対策の進め方は？,決議四段表・機関表を作成し、過去問を反復してください。管業試験では用語集と条文の対応づけが得点の鍵になります。最新の試験要項もあわせて確認してください。賃管試験では用語集と条文の対応づけが得点の鍵になります。最新の試験要項もあわせて確認してください。,確認先はどこですか？,区分所有法・適正化法・用語集を参照してください。管業試験では用語集と条文の対応づけが得点の鍵になります。最新の試験要項もあわせて確認してください。賃管試験では用語集と条文の対応づけが得点の鍵になります。最新の試験要項もあわせて確認してください。
kanrinin-cmp-s37,管理員：管理員と管理員の配置の比較（S37）,管理適正化法,管理員;管理員の配置,管理員（試験頻出）として管理員と管理員の配置の関係を整理します。,管理員;管理員の配置,"[{""axis"": ""主体"", ""cols"": [""管理員中心"", ""管理員の配置中心""]}, {""axis"": ""手続"", ""cols"": [""総会・理事会"", ""届出・規約""]}, {""axis"": ""数値"", ""cols"": [""5分の4等"", ""規約・条文""]}, {""axis"": ""試験"", ""cols"": [""「管理員＝管理員の配置」"", ""「同一決議」""]}, {""axis"": ""混同"", ""cols"": [""管業決定"", ""管理会社決定""]}]",管理員：管理員と管理員の配置の比較（S37）｜管業,管理員（試験頻出）として管理員と管理員の配置の関係を整理します。管理組合・総会・管業の権限を表で整理してください。数値・日程・合格基準はマンション管理業協会（www.mankan.or.jp）の試験要項で必ずご確認ください。,管理員と管理員の配置を分離;決議要件;管業は支援;試験の正誤肢に注意,管理員＝管理員の配置;管業が決定;過半数で規約変更;試験の正誤肢に注意,「管理員と管理員の配置を分ける」。,管理員;管理員の配置,管理員の要点は？,管理員（試験頻出）として管理員と管理員の配置の関係を整理します。管理員の主体・手続を用語集で確認してください。管業試験では用語集と条文の対応づけが得点の鍵になります。最新の試験要項もあわせて確認してください。,管理員の配置との違いは？,管理員の配置は別枠です。比較表を作成してください。管業試験では用語集と条文の対応づけが得点の鍵になります。最新の試験要項もあわせて確認してください。賃管試験では用語集と条文の対応づけが得点の鍵になります。最新の試験要項もあわせて確認してください。,試験対策の進め方は？,決議四段表・機関表を作成し、過去問を反復してください。管業試験では用語集と条文の対応づけが得点の鍵になります。最新の試験要項もあわせて確認してください。賃管試験では用語集と条文の対応づけが得点の鍵になります。最新の試験要項もあわせて確認してください。,確認先はどこですか？,区分所有法・適正化法・用語集を参照してください。管業試験では用語集と条文の対応づけが得点の鍵になります。最新の試験要項もあわせて確認してください。賃管試験では用語集と条文の対応づけが得点の鍵になります。最新の試験要項もあわせて確認してください。
kaikei-kansa-cmp-s37,会計監査：監査と監査報告の比較（S37）,区分所有法,監査;監査報告,会計監査（試験頻出）として監査と監査報告の関係を整理します。,監査;監査報告,"[{""axis"": ""主体"", ""cols"": [""監査中心"", ""監査報告中心""]}, {""axis"": ""手続"", ""cols"": [""総会・理事会"", ""届出・規約""]}, {""axis"": ""数値"", ""cols"": [""5分の4等"", ""規約・条文""]}, {""axis"": ""試験"", ""cols"": [""「監査＝監査報告」"", ""「同一決議」""]}, {""axis"": ""混同"", ""cols"": [""管業決定"", ""管理会社決定""]}]",会計監査：監査と監査報告の比較（S37）｜管業,会計監査（試験頻出）として監査と監査報告の関係を整理します。管理組合・総会・管業の権限を表で整理してください。数値・日程・合格基準はマンション管理業協会（www.mankan.or.jp）の試験要項で必ずご確認ください。,監査と監査報告を分離;決議要件;管業は支援;試験の正誤肢に注意,監査＝監査報告;管業が決定;過半数で規約変更;試験の正誤肢に注意,「監査と監査報告を分ける」。,監査;監査報告,監査の要点は？,会計監査（試験頻出）として監査と監査報告の関係を整理します。監査の主体・手続を用語集で確認してください。管業試験では用語集と条文の対応づけが得点の鍵になります。最新の試験要項もあわせて確認してください。,監査報告との違いは？,監査報告は別枠です。比較表を作成してください。管業試験では用語集と条文の対応づけが得点の鍵になります。最新の試験要項もあわせて確認してください。賃管試験では用語集と条文の対応づけが得点の鍵になります。最新の試験要項もあわせて確認してください。,試験対策の進め方は？,決議四段表・機関表を作成し、過去問を反復してください。管業試験では用語集と条文の対応づけが得点の鍵になります。最新の試験要項もあわせて確認してください。賃管試験では用語集と条文の対応づけが得点の鍵になります。最新の試験要項もあわせて確認してください。,確認先はどこですか？,区分所有法・適正化法・用語集を参照してください。管業試験では用語集と条文の対応づけが得点の鍵になります。最新の試験要項もあわせて確認してください。賃管試験では用語集と条文の対応づけが得点の鍵になります。最新の試験要項もあわせて確認してください。
tatekae-cmp-s37,建替え：建替えと建替え決議の比較（S37）,区分所有法,建替え;建替え決議,建替え（試験頻出）として建替えと建替え決議の関係を整理します。,建替え;建替え決議,"[{""axis"": ""主体"", ""cols"": [""建替え中心"", ""建替え決議中心""]}, {""axis"": ""手続"", ""cols"": [""総会・理事会"", ""届出・規約""]}, {""axis"": ""数値"", ""cols"": [""5分の4等"", ""規約・条文""]}, {""axis"": ""試験"", ""cols"": [""「建替え＝建替え決議」"", ""「同一決議」""]}, {""axis"": ""混同"", ""cols"": [""管業決定"", ""管理会社決定""]}]",建替え：建替えと建替え決議の比較（S37）｜管業,建替え（試験頻出）として建替えと建替え決議の関係を整理します。管理組合・総会・管業の権限を表で整理してください。数値・日程・合格基準はマンション管理業協会（www.mankan.or.jp）の試験要項で必ずご確認ください。,建替えと建替え決議を分離;決議要件;管業は支援;試験の正誤肢に注意,建替え＝建替え決議;管業が決定;過半数で規約変更;試験の正誤肢に注意,「建替えと建替え決議を分ける」。,建替え;建替え決議,建替えの要点は？,建替え（試験頻出）として建替えと建替え決議の関係を整理します。建替えの主体・手続を用語集で確認してください。管業試験では用語集と条文の対応づけが得点の鍵になります。最新の試験要項もあわせて確認してください。,建替え決議との違いは？,建替え決議は別枠です。比較表を作成してください。管業試験では用語集と条文の対応づけが得点の鍵になります。最新の試験要項もあわせて確認してください。賃管試験では用語集と条文の対応づけが得点の鍵になります。最新の試験要項もあわせて確認してください。,試験対策の進め方は？,決議四段表・機関表を作成し、過去問を反復してください。管業試験では用語集と条文の対応づけが得点の鍵になります。最新の試験要項もあわせて確認してください。賃管試験では用語集と条文の対応づけが得点の鍵になります。最新の試験要項もあわせて確認してください。,確認先はどこですか？,区分所有法・適正化法・用語集を参照してください。管業試験では用語集と条文の対応づけが得点の鍵になります。最新の試験要項もあわせて確認してください。賃管試験では用語集と条文の対応づけが得点の鍵になります。最新の試験要項もあわせて確認してください。
kangyou-shiken-cmp-s37,管業試験：管理業務主任者試験と管理業務主任者の比較（S37）,判例・横断総合,管理業務主任者試験;管理業務主任者,管業試験（試験頻出）として管理業務主任者試験と管理業務主任者の関係を整理します。,管理業務主任者試験;管理業務主任者,"[{""axis"": ""主体"", ""cols"": [""管理業務主任者試験中心"", ""管理業務主任者中心""]}, {""axis"": ""手続"", ""cols"": [""総会・理事会"", ""届出・規約""]}, {""axis"": ""数値"", ""cols"": [""5分の4等"", ""規約・条文""]}, {""axis"": ""試験"", ""cols"": [""「管理業務主任者試験＝管理業務主任者」"", ""「同一決議」""]}, {""axis"": ""混同"", ""cols"": [""管業決定"", ""管理会社決定""]}]",管業試験：管理業務主任者試験と管理業務主任者の比較（S37）｜管業,管業試験（試験頻出）として管理業務主任者試験と管理業務主任者の関係を整理します。管理組合・総会・管業の権限を表で整理してください。数値・日程・合格基準はマンション管理業協会（www.mankan.or.jp）の試験要項で必ずご確認ください。,管理業務主任者試験と管理業務主任者を分離;決議要件;管業は支援;試験の正誤肢に注意,管理業務主任者試験＝管理業務主任者;管業が決定;過半数で規約変更;試験の正誤肢に注意,「管理業務主任者試験と管理業務主任者を分ける」。,管理業務主任者試験;管理業務主任者,管理業務主任者試験の要点は？,管業試験（試験頻出）として管理業務主任者試験と管理業務主任者の関係を整理します。管理業務主任者試験の主体・手続を用語集で確認してください。管業試験では用語集と条文の対応づけが得点の鍵になります。最新の試験要項もあわせて確認してください。,管理業務主任者との違いは？,管理業務主任者は別枠です。比較表を作成してください。管業試験では用語集と条文の対応づけが得点の鍵になります。最新の試験要項もあわせて確認してください。賃管試験では用語集と条文の対応づけが得点の鍵になります。最新の試験要項もあわせて確認してください。,試験対策の進め方は？,決議四段表・機関表を作成し、過去問を反復してください。管業試験では用語集と条文の対応づけが得点の鍵になります。最新の試験要項もあわせて確認してください。賃管試験では用語集と条文の対応づけが得点の鍵になります。最新の試験要項もあわせて確認してください。,確認先はどこですか？,区分所有法・適正化法・用語集を参照してください。管業試験では用語集と条文の対応づけが得点の鍵になります。最新の試験要項もあわせて確認してください。賃管試験では用語集と条文の対応づけが得点の鍵になります。最新の試験要項もあわせて確認してください。
kumiai-unyou-cmp-s38,管理組合運営：管理組合と管理者の比較（S38）,区分所有法,管理組合;管理者,管理組合運営（判例・ガイド）として管理組合と管理者の関係を整理します。,管理組合;管理者,"[{""axis"": ""主体"", ""cols"": [""管理組合中心"", ""管理者中心""]}, {""axis"": ""手続"", ""cols"": [""総会・理事会"", ""届出・規約""]}, {""axis"": ""数値"", ""cols"": [""5分の4等"", ""規約・条文""]}, {""axis"": ""試験"", ""cols"": [""「管理組合＝管理者」"", ""「同一決議」""]}, {""axis"": ""混同"", ""cols"": [""管業決定"", ""管理会社決定""]}]",管理組合運営：管理組合と管理者の比較（S38）｜管業,管理組合運営（判例・ガイド）として管理組合と管理者の関係を整理します。管理組合・総会・管業の権限を表で整理してください。数値・日程・合格基準はマンション管理業協会（www.mankan.or.jp）の試験要項で必ずご確認ください。,管理組合と管理者を分離;決議要件;管業は支援;試験の正誤肢に注意,管理組合＝管理者;管業が決定;過半数で規約変更;試験の正誤肢に注意,「管理組合と管理者を分ける」。,管理組合;管理者,管理組合の要点は？,管理組合運営（判例・ガイド）として管理組合と管理者の関係を整理します。管理組合の主体・手続を用語集で確認してください。管業試験では用語集と条文の対応づけが得点の鍵になります。最新の試験要項もあわせて確認してください。,管理者との違いは？,管理者は別枠です。比較表を作成してください。管業試験では用語集と条文の対応づけが得点の鍵になります。最新の試験要項もあわせて確認してください。賃管試験では用語集と条文の対応づけが得点の鍵になります。最新の試験要項もあわせて確認してください。,試験対策の進め方は？,決議四段表・機関表を作成し、過去問を反復してください。管業試験では用語集と条文の対応づけが得点の鍵になります。最新の試験要項もあわせて確認してください。賃管試験では用語集と条文の対応づけが得点の鍵になります。最新の試験要項もあわせて確認してください。,確認先はどこですか？,区分所有法・適正化法・用語集を参照してください。管業試験では用語集と条文の対応づけが得点の鍵になります。最新の試験要項もあわせて確認してください。賃管試験では用語集と条文の対応づけが得点の鍵になります。最新の試験要項もあわせて確認してください。
shuzen-tumitate-cmp-s38,修繕積立：修繕積立金と長期修繕計画の比較（S38）,区分所有法,修繕積立金;長期修繕計画,修繕積立（判例・ガイド）として修繕積立金と長期修繕計画の関係を整理します。,修繕積立金;長期修繕計画,"[{""axis"": ""主体"", ""cols"": [""修繕積立金中心"", ""長期修繕計画中心""]}, {""axis"": ""手続"", ""cols"": [""総会・理事会"", ""届出・規約""]}, {""axis"": ""数値"", ""cols"": [""5分の4等"", ""規約・条文""]}, {""axis"": ""試験"", ""cols"": [""「修繕積立金＝長期修繕計画」"", ""「同一決議」""]}, {""axis"": ""混同"", ""cols"": [""管業決定"", ""管理会社決定""]}]",修繕積立：修繕積立金と長期修繕計画の比較（S38）｜管業,修繕積立（判例・ガイド）として修繕積立金と長期修繕計画の関係を整理します。管理組合・総会・管業の権限を表で整理してください。数値・日程・合格基準はマンション管理業協会（www.mankan.or.jp）の試験要項で必ずご確認ください。,修繕積立金と長期修繕計画を分離;決議要件;管業は支援;試験の正誤肢に注意,修繕積立金＝長期修繕計画;管業が決定;過半数で規約変更;試験の正誤肢に注意,「修繕積立金と長期修繕計画を分ける」。,修繕積立金;長期修繕計画,修繕積立金の要点は？,修繕積立（判例・ガイド）として修繕積立金と長期修繕計画の関係を整理します。修繕積立金の主体・手続を用語集で確認してください。管業試験では用語集と条文の対応づけが得点の鍵になります。最新の試験要項もあわせて確認してください。,長期修繕計画との違いは？,長期修繕計画は別枠です。比較表を作成してください。管業試験では用語集と条文の対応づけが得点の鍵になります。最新の試験要項もあわせて確認してください。賃管試験では用語集と条文の対応づけが得点の鍵になります。最新の試験要項もあわせて確認してください。,試験対策の進め方は？,決議四段表・機関表を作成し、過去問を反復してください。管業試験では用語集と条文の対応づけが得点の鍵になります。最新の試験要項もあわせて確認してください。賃管試験では用語集と条文の対応づけが得点の鍵になります。最新の試験要項もあわせて確認してください。,確認先はどこですか？,区分所有法・適正化法・用語集を参照してください。管業試験では用語集と条文の対応づけが得点の鍵になります。最新の試験要項もあわせて確認してください。賃管試験では用語集と条文の対応づけが得点の鍵になります。最新の試験要項もあわせて確認してください。
sokai-unyou-cmp-s38,総会運営：総会と理事会の比較（S38）,区分所有法,総会;理事会,総会運営（判例・ガイド）として総会と理事会の関係を整理します。,総会;理事会,"[{""axis"": ""主体"", ""cols"": [""総会中心"", ""理事会中心""]}, {""axis"": ""手続"", ""cols"": [""総会・理事会"", ""届出・規約""]}, {""axis"": ""数値"", ""cols"": [""5分の4等"", ""規約・条文""]}, {""axis"": ""試験"", ""cols"": [""「総会＝理事会」"", ""「同一決議」""]}, {""axis"": ""混同"", ""cols"": [""管業決定"", ""管理会社決定""]}]",総会運営：総会と理事会の比較（S38）｜管業,総会運営（判例・ガイド）として総会と理事会の関係を整理します。管理組合・総会・管業の権限を表で整理してください。数値・日程・合格基準はマンション管理業協会（www.mankan.or.jp）の試験要項で必ずご確認ください。,総会と理事会を分離;決議要件;管業は支援;試験の正誤肢に注意,総会＝理事会;管業が決定;過半数で規約変更;試験の正誤肢に注意,「総会と理事会を分ける」。,総会;理事会,総会の要点は？,総会運営（判例・ガイド）として総会と理事会の関係を整理します。総会の主体・手続を用語集で確認してください。管業試験では用語集と条文の対応づけが得点の鍵になります。最新の試験要項もあわせて確認してください。,理事会との違いは？,理事会は別枠です。比較表を作成してください。管業試験では用語集と条文の対応づけが得点の鍵になります。最新の試験要項もあわせて確認してください。賃管試験では用語集と条文の対応づけが得点の鍵になります。最新の試験要項もあわせて確認してください。,試験対策の進め方は？,決議四段表・機関表を作成し、過去問を反復してください。管業試験では用語集と条文の対応づけが得点の鍵になります。最新の試験要項もあわせて確認してください。賃管試験では用語集と条文の対応づけが得点の鍵になります。最新の試験要項もあわせて確認してください。,確認先はどこですか？,区分所有法・適正化法・用語集を参照してください。管業試験では用語集と条文の対応づけが得点の鍵になります。最新の試験要項もあわせて確認してください。賃管試験では用語集と条文の対応づけが得点の鍵になります。最新の試験要項もあわせて確認してください。
kanri-itaku-cmp-s38,管理委託：マンション標準管理委託契約書と管理組合の比較（S38）,区分所有法,マンション標準管理委託契約書;管理組合,管理委託（判例・ガイド）としてマンション標準管理委託契約書と管理組合の関係を整理します。,マンション標準管理委託契約書;管理組合,"[{""axis"": ""主体"", ""cols"": [""マンション標準管理委託契約書中心"", ""管理組合中心""]}, {""axis"": ""手続"", ""cols"": [""総会・理事会"", ""届出・規約""]}, {""axis"": ""数値"", ""cols"": [""5分の4等"", ""規約・条文""]}, {""axis"": ""試験"", ""cols"": [""「マンション標準管理委託契約書＝管理組合」"", ""「同一決議」""]}, {""axis"": ""混同"", ""cols"": [""管業決定"", ""管理会社決定""]}]",管理委託：マンション標準管理委託契約書と管理組合の比較（S38）｜管業,管理委託（判例・ガイド）としてマンション標準管理委託契約書と管理組合の関係を整理します。管理組合・総会・管業の権限を表で整理してください。数値・日程・合格基準はマンション管理業協会（www.mankan.or.jp）の試験要項で必ずご確認ください。,マンション標準管理委託契約書と管理組合を分離;決議要件;管業は支援;試験の正誤肢に注意,マンション標準管理委託契約書＝管理組合;管業が決定;過半数で規約変更;試験の正誤肢に注意,「マンション標準管理委託契約書と管理組合を分ける」。,マンション標準管理委託契約書;管理組合,マンション標準管理委託契約書の要点は？,管理委託（判例・ガイド）としてマンション標準管理委託契約書と管理組合の関係を整理します。マンション標準管理委託契約書の主体・手続を用語集で確認してください。管業試験では用語集と条文の対応づけが得点の鍵になります。最新の試験要項もあわせて確認してください。,管理組合との違いは？,管理組合は別枠です。比較表を作成してください。管業試験では用語集と条文の対応づけが得点の鍵になります。最新の試験要項もあわせて確認してください。賃管試験では用語集と条文の対応づけが得点の鍵になります。最新の試験要項もあわせて確認してください。,試験対策の進め方は？,決議四段表・機関表を作成し、過去問を反復してください。管業試験では用語集と条文の対応づけが得点の鍵になります。最新の試験要項もあわせて確認してください。賃管試験では用語集と条文の対応づけが得点の鍵になります。最新の試験要項もあわせて確認してください。,確認先はどこですか？,区分所有法・適正化法・用語集を参照してください。管業試験では用語集と条文の対応づけが得点の鍵になります。最新の試験要項もあわせて確認してください。賃管試験では用語集と条文の対応づけが得点の鍵になります。最新の試験要項もあわせて確認してください。
tekiseika-hou-cmp-s38,適正化法：管理業務主任者と管理業務主任者の届出の比較（S38）,管理適正化法,管理業務主任者;管理業務主任者の届出,適正化法（判例・ガイド）として管理業務主任者と管理業務主任者の届出の関係を整理します。,管理業務主任者;管理業務主任者の届出,"[{""axis"": ""主体"", ""cols"": [""管理業務主任者中心"", ""管理業務主任者の届出中心""]}, {""axis"": ""手続"", ""cols"": [""総会・理事会"", ""届出・規約""]}, {""axis"": ""数値"", ""cols"": [""5分の4等"", ""規約・条文""]}, {""axis"": ""試験"", ""cols"": [""「管理業務主任者＝管理業務主任者の届出」"", ""「同一決議」""]}, {""axis"": ""混同"", ""cols"": [""管業決定"", ""管理会社決定""]}]",適正化法：管理業務主任者と管理業務主任者の届出の比較（S38）｜管業,適正化法（判例・ガイド）として管理業務主任者と管理業務主任者の届出の関係を整理します。管理組合・総会・管業の権限を表で整理してください。数値・日程・合格基準はマンション管理業協会（www.mankan.or.jp）の試験要項で必ずご確認ください。,管理業務主任者と管理業務主任者の届出を分離;決議要件;管業は支援;試験の正誤肢に注意,管理業務主任者＝管理業務主任者の届出;管業が決定;過半数で規約変更;試験の正誤肢に注意,「管理業務主任者と管理業務主任者の届出を分ける」。,管理業務主任者;管理業務主任者の届出,管理業務主任者の要点は？,適正化法（判例・ガイド）として管理業務主任者と管理業務主任者の届出の関係を整理します。管理業務主任者の主体・手続を用語集で確認してください。管業試験では用語集と条文の対応づけが得点の鍵になります。最新の試験要項もあわせて確認してください。,管理業務主任者の届出との違いは？,管理業務主任者の届出は別枠です。比較表を作成してください。管業試験では用語集と条文の対応づけが得点の鍵になります。最新の試験要項もあわせて確認してください。賃管試験では用語集と条文の対応づけが得点の鍵になります。最新の試験要項もあわせて確認してください。,試験対策の進め方は？,決議四段表・機関表を作成し、過去問を反復してください。管業試験では用語集と条文の対応づけが得点の鍵になります。最新の試験要項もあわせて確認してください。賃管試験では用語集と条文の対応づけが得点の鍵になります。最新の試験要項もあわせて確認してください。,確認先はどこですか？,区分所有法・適正化法・用語集を参照してください。管業試験では用語集と条文の対応づけが得点の鍵になります。最新の試験要項もあわせて確認してください。賃管試験では用語集と条文の対応づけが得点の鍵になります。最新の試験要項もあわせて確認してください。
kubun-shoyu-cmp-s38,区分所有：区分所有者と専有部分の比較（S38）,区分所有法,区分所有者;専有部分,区分所有（判例・ガイド）として区分所有者と専有部分の関係を整理します。,区分所有者;専有部分,"[{""axis"": ""主体"", ""cols"": [""区分所有者中心"", ""専有部分中心""]}, {""axis"": ""手続"", ""cols"": [""総会・理事会"", ""届出・規約""]}, {""axis"": ""数値"", ""cols"": [""5分の4等"", ""規約・条文""]}, {""axis"": ""試験"", ""cols"": [""「区分所有者＝専有部分」"", ""「同一決議」""]}, {""axis"": ""混同"", ""cols"": [""管業決定"", ""管理会社決定""]}]",区分所有：区分所有者と専有部分の比較（S38）｜管業,区分所有（判例・ガイド）として区分所有者と専有部分の関係を整理します。管理組合・総会・管業の権限を表で整理してください。数値・日程・合格基準はマンション管理業協会（www.mankan.or.jp）の試験要項で必ずご確認ください。,区分所有者と専有部分を分離;決議要件;管業は支援;試験の正誤肢に注意,区分所有者＝専有部分;管業が決定;過半数で規約変更;試験の正誤肢に注意,「区分所有者と専有部分を分ける」。,区分所有者;専有部分,区分所有者の要点は？,区分所有（判例・ガイド）として区分所有者と専有部分の関係を整理します。区分所有者の主体・手続を用語集で確認してください。管業試験では用語集と条文の対応づけが得点の鍵になります。最新の試験要項もあわせて確認してください。,専有部分との違いは？,専有部分は別枠です。比較表を作成してください。管業試験では用語集と条文の対応づけが得点の鍵になります。最新の試験要項もあわせて確認してください。賃管試験では用語集と条文の対応づけが得点の鍵になります。最新の試験要項もあわせて確認してください。,試験対策の進め方は？,決議四段表・機関表を作成し、過去問を反復してください。管業試験では用語集と条文の対応づけが得点の鍵になります。最新の試験要項もあわせて確認してください。賃管試験では用語集と条文の対応づけが得点の鍵になります。最新の試験要項もあわせて確認してください。,確認先はどこですか？,区分所有法・適正化法・用語集を参照してください。管業試験では用語集と条文の対応づけが得点の鍵になります。最新の試験要項もあわせて確認してください。賃管試験では用語集と条文の対応づけが得点の鍵になります。最新の試験要項もあわせて確認してください。
kanrinin-cmp-s38,管理員：管理員と管理員の配置の比較（S38）,管理適正化法,管理員;管理員の配置,管理員（判例・ガイド）として管理員と管理員の配置の関係を整理します。,管理員;管理員の配置,"[{""axis"": ""主体"", ""cols"": [""管理員中心"", ""管理員の配置中心""]}, {""axis"": ""手続"", ""cols"": [""総会・理事会"", ""届出・規約""]}, {""axis"": ""数値"", ""cols"": [""5分の4等"", ""規約・条文""]}, {""axis"": ""試験"", ""cols"": [""「管理員＝管理員の配置」"", ""「同一決議」""]}, {""axis"": ""混同"", ""cols"": [""管業決定"", ""管理会社決定""]}]",管理員：管理員と管理員の配置の比較（S38）｜管業,管理員（判例・ガイド）として管理員と管理員の配置の関係を整理します。管理組合・総会・管業の権限を表で整理してください。数値・日程・合格基準はマンション管理業協会（www.mankan.or.jp）の試験要項で必ずご確認ください。,管理員と管理員の配置を分離;決議要件;管業は支援;試験の正誤肢に注意,管理員＝管理員の配置;管業が決定;過半数で規約変更;試験の正誤肢に注意,「管理員と管理員の配置を分ける」。,管理員;管理員の配置,管理員の要点は？,管理員（判例・ガイド）として管理員と管理員の配置の関係を整理します。管理員の主体・手続を用語集で確認してください。管業試験では用語集と条文の対応づけが得点の鍵になります。最新の試験要項もあわせて確認してください。,管理員の配置との違いは？,管理員の配置は別枠です。比較表を作成してください。管業試験では用語集と条文の対応づけが得点の鍵になります。最新の試験要項もあわせて確認してください。賃管試験では用語集と条文の対応づけが得点の鍵になります。最新の試験要項もあわせて確認してください。,試験対策の進め方は？,決議四段表・機関表を作成し、過去問を反復してください。管業試験では用語集と条文の対応づけが得点の鍵になります。最新の試験要項もあわせて確認してください。賃管試験では用語集と条文の対応づけが得点の鍵になります。最新の試験要項もあわせて確認してください。,確認先はどこですか？,区分所有法・適正化法・用語集を参照してください。管業試験では用語集と条文の対応づけが得点の鍵になります。最新の試験要項もあわせて確認してください。賃管試験では用語集と条文の対応づけが得点の鍵になります。最新の試験要項もあわせて確認してください。
kaikei-kansa-cmp-s38,会計監査：監査と監査報告の比較（S38）,区分所有法,監査;監査報告,会計監査（判例・ガイド）として監査と監査報告の関係を整理します。,監査;監査報告,"[{""axis"": ""主体"", ""cols"": [""監査中心"", ""監査報告中心""]}, {""axis"": ""手続"", ""cols"": [""総会・理事会"", ""届出・規約""]}, {""axis"": ""数値"", ""cols"": [""5分の4等"", ""規約・条文""]}, {""axis"": ""試験"", ""cols"": [""「監査＝監査報告」"", ""「同一決議」""]}, {""axis"": ""混同"", ""cols"": [""管業決定"", ""管理会社決定""]}]",会計監査：監査と監査報告の比較（S38）｜管業,会計監査（判例・ガイド）として監査と監査報告の関係を整理します。管理組合・総会・管業の権限を表で整理してください。数値・日程・合格基準はマンション管理業協会（www.mankan.or.jp）の試験要項で必ずご確認ください。,監査と監査報告を分離;決議要件;管業は支援;試験の正誤肢に注意,監査＝監査報告;管業が決定;過半数で規約変更;試験の正誤肢に注意,「監査と監査報告を分ける」。,監査;監査報告,監査の要点は？,会計監査（判例・ガイド）として監査と監査報告の関係を整理します。監査の主体・手続を用語集で確認してください。管業試験では用語集と条文の対応づけが得点の鍵になります。最新の試験要項もあわせて確認してください。,監査報告との違いは？,監査報告は別枠です。比較表を作成してください。管業試験では用語集と条文の対応づけが得点の鍵になります。最新の試験要項もあわせて確認してください。賃管試験では用語集と条文の対応づけが得点の鍵になります。最新の試験要項もあわせて確認してください。,試験対策の進め方は？,決議四段表・機関表を作成し、過去問を反復してください。管業試験では用語集と条文の対応づけが得点の鍵になります。最新の試験要項もあわせて確認してください。賃管試験では用語集と条文の対応づけが得点の鍵になります。最新の試験要項もあわせて確認してください。,確認先はどこですか？,区分所有法・適正化法・用語集を参照してください。管業試験では用語集と条文の対応づけが得点の鍵になります。最新の試験要項もあわせて確認してください。賃管試験では用語集と条文の対応づけが得点の鍵になります。最新の試験要項もあわせて確認してください。
tatekae-cmp-s38,建替え：建替えと建替え決議の比較（S38）,区分所有法,建替え;建替え決議,建替え（判例・ガイド）として建替えと建替え決議の関係を整理します。,建替え;建替え決議,"[{""axis"": ""主体"", ""cols"": [""建替え中心"", ""建替え決議中心""]}, {""axis"": ""手続"", ""cols"": [""総会・理事会"", ""届出・規約""]}, {""axis"": ""数値"", ""cols"": [""5分の4等"", ""規約・条文""]}, {""axis"": ""試験"", ""cols"": [""「建替え＝建替え決議」"", ""「同一決議」""]}, {""axis"": ""混同"", ""cols"": [""管業決定"", ""管理会社決定""]}]",建替え：建替えと建替え決議の比較（S38）｜管業,建替え（判例・ガイド）として建替えと建替え決議の関係を整理します。管理組合・総会・管業の権限を表で整理してください。数値・日程・合格基準はマンション管理業協会（www.mankan.or.jp）の試験要項で必ずご確認ください。,建替えと建替え決議を分離;決議要件;管業は支援;試験の正誤肢に注意,建替え＝建替え決議;管業が決定;過半数で規約変更;試験の正誤肢に注意,「建替えと建替え決議を分ける」。,建替え;建替え決議,建替えの要点は？,建替え（判例・ガイド）として建替えと建替え決議の関係を整理します。建替えの主体・手続を用語集で確認してください。管業試験では用語集と条文の対応づけが得点の鍵になります。最新の試験要項もあわせて確認してください。,建替え決議との違いは？,建替え決議は別枠です。比較表を作成してください。管業試験では用語集と条文の対応づけが得点の鍵になります。最新の試験要項もあわせて確認してください。賃管試験では用語集と条文の対応づけが得点の鍵になります。最新の試験要項もあわせて確認してください。,試験対策の進め方は？,決議四段表・機関表を作成し、過去問を反復してください。管業試験では用語集と条文の対応づけが得点の鍵になります。最新の試験要項もあわせて確認してください。賃管試験では用語集と条文の対応づけが得点の鍵になります。最新の試験要項もあわせて確認してください。,確認先はどこですか？,区分所有法・適正化法・用語集を参照してください。管業試験では用語集と条文の対応づけが得点の鍵になります。最新の試験要項もあわせて確認してください。賃管試験では用語集と条文の対応づけが得点の鍵になります。最新の試験要項もあわせて確認してください。
kangyou-shiken-cmp-s38,管業試験：管理業務主任者試験と管理業務主任者の比較（S38）,判例・横断総合,管理業務主任者試験;管理業務主任者,管業試験（判例・ガイド）として管理業務主任者試験と管理業務主任者の関係を整理します。,管理業務主任者試験;管理業務主任者,"[{""axis"": ""主体"", ""cols"": [""管理業務主任者試験中心"", ""管理業務主任者中心""]}, {""axis"": ""手続"", ""cols"": [""総会・理事会"", ""届出・規約""]}, {""axis"": ""数値"", ""cols"": [""5分の4等"", ""規約・条文""]}, {""axis"": ""試験"", ""cols"": [""「管理業務主任者試験＝管理業務主任者」"", ""「同一決議」""]}, {""axis"": ""混同"", ""cols"": [""管業決定"", ""管理会社決定""]}]",管業試験：管理業務主任者試験と管理業務主任者の比較（S38）｜管業,管業試験（判例・ガイド）として管理業務主任者試験と管理業務主任者の関係を整理します。管理組合・総会・管業の権限を表で整理してください。数値・日程・合格基準はマンション管理業協会（www.mankan.or.jp）の試験要項で必ずご確認ください。,管理業務主任者試験と管理業務主任者を分離;決議要件;管業は支援;試験の正誤肢に注意,管理業務主任者試験＝管理業務主任者;管業が決定;過半数で規約変更;試験の正誤肢に注意,「管理業務主任者試験と管理業務主任者を分ける」。,管理業務主任者試験;管理業務主任者,管理業務主任者試験の要点は？,管業試験（判例・ガイド）として管理業務主任者試験と管理業務主任者の関係を整理します。管理業務主任者試験の主体・手続を用語集で確認してください。管業試験では用語集と条文の対応づけが得点の鍵になります。最新の試験要項もあわせて確認してください。,管理業務主任者との違いは？,管理業務主任者は別枠です。比較表を作成してください。管業試験では用語集と条文の対応づけが得点の鍵になります。最新の試験要項もあわせて確認してください。賃管試験では用語集と条文の対応づけが得点の鍵になります。最新の試験要項もあわせて確認してください。,試験対策の進め方は？,決議四段表・機関表を作成し、過去問を反復してください。管業試験では用語集と条文の対応づけが得点の鍵になります。最新の試験要項もあわせて確認してください。賃管試験では用語集と条文の対応づけが得点の鍵になります。最新の試験要項もあわせて確認してください。,確認先はどこですか？,区分所有法・適正化法・用語集を参照してください。管業試験では用語集と条文の対応づけが得点の鍵になります。最新の試験要項もあわせて確認してください。賃管試験では用語集と条文の対応づけが得点の鍵になります。最新の試験要項もあわせて確認してください。
kumiai-unyou-cmp-s39,管理組合運営：管理組合と管理者の比較（S39）,区分所有法,管理組合;管理者,管理組合運営（横断総合）として管理組合と管理者の関係を整理します。,管理組合;管理者,"[{""axis"": ""主体"", ""cols"": [""管理組合中心"", ""管理者中心""]}, {""axis"": ""手続"", ""cols"": [""総会・理事会"", ""届出・規約""]}, {""axis"": ""数値"", ""cols"": [""5分の4等"", ""規約・条文""]}, {""axis"": ""試験"", ""cols"": [""「管理組合＝管理者」"", ""「同一決議」""]}, {""axis"": ""混同"", ""cols"": [""管業決定"", ""管理会社決定""]}]",管理組合運営：管理組合と管理者の比較（S39）｜管業,管理組合運営（横断総合）として管理組合と管理者の関係を整理します。管理組合・総会・管業の権限を表で整理してください。数値・日程・合格基準はマンション管理業協会（www.mankan.or.jp）の試験要項で必ずご確認ください。,管理組合と管理者を分離;決議要件;管業は支援;試験の正誤肢に注意,管理組合＝管理者;管業が決定;過半数で規約変更;試験の正誤肢に注意,「管理組合と管理者を分ける」。,管理組合;管理者,管理組合の要点は？,管理組合運営（横断総合）として管理組合と管理者の関係を整理します。管理組合の主体・手続を用語集で確認してください。管業試験では用語集と条文の対応づけが得点の鍵になります。最新の試験要項もあわせて確認してください。,管理者との違いは？,管理者は別枠です。比較表を作成してください。管業試験では用語集と条文の対応づけが得点の鍵になります。最新の試験要項もあわせて確認してください。賃管試験では用語集と条文の対応づけが得点の鍵になります。最新の試験要項もあわせて確認してください。,試験対策の進め方は？,決議四段表・機関表を作成し、過去問を反復してください。管業試験では用語集と条文の対応づけが得点の鍵になります。最新の試験要項もあわせて確認してください。賃管試験では用語集と条文の対応づけが得点の鍵になります。最新の試験要項もあわせて確認してください。,確認先はどこですか？,区分所有法・適正化法・用語集を参照してください。管業試験では用語集と条文の対応づけが得点の鍵になります。最新の試験要項もあわせて確認してください。賃管試験では用語集と条文の対応づけが得点の鍵になります。最新の試験要項もあわせて確認してください。
shuzen-tumitate-cmp-s39,修繕積立：修繕積立金と長期修繕計画の比較（S39）,区分所有法,修繕積立金;長期修繕計画,修繕積立（横断総合）として修繕積立金と長期修繕計画の関係を整理します。,修繕積立金;長期修繕計画,"[{""axis"": ""主体"", ""cols"": [""修繕積立金中心"", ""長期修繕計画中心""]}, {""axis"": ""手続"", ""cols"": [""総会・理事会"", ""届出・規約""]}, {""axis"": ""数値"", ""cols"": [""5分の4等"", ""規約・条文""]}, {""axis"": ""試験"", ""cols"": [""「修繕積立金＝長期修繕計画」"", ""「同一決議」""]}, {""axis"": ""混同"", ""cols"": [""管業決定"", ""管理会社決定""]}]",修繕積立：修繕積立金と長期修繕計画の比較（S39）｜管業,修繕積立（横断総合）として修繕積立金と長期修繕計画の関係を整理します。管理組合・総会・管業の権限を表で整理してください。数値・日程・合格基準はマンション管理業協会（www.mankan.or.jp）の試験要項で必ずご確認ください。,修繕積立金と長期修繕計画を分離;決議要件;管業は支援;試験の正誤肢に注意,修繕積立金＝長期修繕計画;管業が決定;過半数で規約変更;試験の正誤肢に注意,「修繕積立金と長期修繕計画を分ける」。,修繕積立金;長期修繕計画,修繕積立金の要点は？,修繕積立（横断総合）として修繕積立金と長期修繕計画の関係を整理します。修繕積立金の主体・手続を用語集で確認してください。管業試験では用語集と条文の対応づけが得点の鍵になります。最新の試験要項もあわせて確認してください。,長期修繕計画との違いは？,長期修繕計画は別枠です。比較表を作成してください。管業試験では用語集と条文の対応づけが得点の鍵になります。最新の試験要項もあわせて確認してください。賃管試験では用語集と条文の対応づけが得点の鍵になります。最新の試験要項もあわせて確認してください。,試験対策の進め方は？,決議四段表・機関表を作成し、過去問を反復してください。管業試験では用語集と条文の対応づけが得点の鍵になります。最新の試験要項もあわせて確認してください。賃管試験では用語集と条文の対応づけが得点の鍵になります。最新の試験要項もあわせて確認してください。,確認先はどこですか？,区分所有法・適正化法・用語集を参照してください。管業試験では用語集と条文の対応づけが得点の鍵になります。最新の試験要項もあわせて確認してください。賃管試験では用語集と条文の対応づけが得点の鍵になります。最新の試験要項もあわせて確認してください。
sokai-unyou-cmp-s39,総会運営：総会と理事会の比較（S39）,区分所有法,総会;理事会,総会運営（横断総合）として総会と理事会の関係を整理します。,総会;理事会,"[{""axis"": ""主体"", ""cols"": [""総会中心"", ""理事会中心""]}, {""axis"": ""手続"", ""cols"": [""総会・理事会"", ""届出・規約""]}, {""axis"": ""数値"", ""cols"": [""5分の4等"", ""規約・条文""]}, {""axis"": ""試験"", ""cols"": [""「総会＝理事会」"", ""「同一決議」""]}, {""axis"": ""混同"", ""cols"": [""管業決定"", ""管理会社決定""]}]",総会運営：総会と理事会の比較（S39）｜管業,総会運営（横断総合）として総会と理事会の関係を整理します。管理組合・総会・管業の権限を表で整理してください。数値・日程・合格基準はマンション管理業協会（www.mankan.or.jp）の試験要項で必ずご確認ください。,総会と理事会を分離;決議要件;管業は支援;試験の正誤肢に注意,総会＝理事会;管業が決定;過半数で規約変更;試験の正誤肢に注意,「総会と理事会を分ける」。,総会;理事会,総会の要点は？,総会運営（横断総合）として総会と理事会の関係を整理します。総会の主体・手続を用語集で確認してください。管業試験では用語集と条文の対応づけが得点の鍵になります。最新の試験要項もあわせて確認してください。,理事会との違いは？,理事会は別枠です。比較表を作成してください。管業試験では用語集と条文の対応づけが得点の鍵になります。最新の試験要項もあわせて確認してください。賃管試験では用語集と条文の対応づけが得点の鍵になります。最新の試験要項もあわせて確認してください。,試験対策の進め方は？,決議四段表・機関表を作成し、過去問を反復してください。管業試験では用語集と条文の対応づけが得点の鍵になります。最新の試験要項もあわせて確認してください。賃管試験では用語集と条文の対応づけが得点の鍵になります。最新の試験要項もあわせて確認してください。,確認先はどこですか？,区分所有法・適正化法・用語集を参照してください。管業試験では用語集と条文の対応づけが得点の鍵になります。最新の試験要項もあわせて確認してください。賃管試験では用語集と条文の対応づけが得点の鍵になります。最新の試験要項もあわせて確認してください。
kanri-itaku-cmp-s39,管理委託：マンション標準管理委託契約書と管理組合の比較（S39）,区分所有法,マンション標準管理委託契約書;管理組合,管理委託（横断総合）としてマンション標準管理委託契約書と管理組合の関係を整理します。,マンション標準管理委託契約書;管理組合,"[{""axis"": ""主体"", ""cols"": [""マンション標準管理委託契約書中心"", ""管理組合中心""]}, {""axis"": ""手続"", ""cols"": [""総会・理事会"", ""届出・規約""]}, {""axis"": ""数値"", ""cols"": [""5分の4等"", ""規約・条文""]}, {""axis"": ""試験"", ""cols"": [""「マンション標準管理委託契約書＝管理組合」"", ""「同一決議」""]}, {""axis"": ""混同"", ""cols"": [""管業決定"", ""管理会社決定""]}]",管理委託：マンション標準管理委託契約書と管理組合の比較（S39）｜管業,管理委託（横断総合）としてマンション標準管理委託契約書と管理組合の関係を整理します。管理組合・総会・管業の権限を表で整理してください。数値・日程・合格基準はマンション管理業協会（www.mankan.or.jp）の試験要項で必ずご確認ください。,マンション標準管理委託契約書と管理組合を分離;決議要件;管業は支援;試験の正誤肢に注意,マンション標準管理委託契約書＝管理組合;管業が決定;過半数で規約変更;試験の正誤肢に注意,「マンション標準管理委託契約書と管理組合を分ける」。,マンション標準管理委託契約書;管理組合,マンション標準管理委託契約書の要点は？,管理委託（横断総合）としてマンション標準管理委託契約書と管理組合の関係を整理します。マンション標準管理委託契約書の主体・手続を用語集で確認してください。管業試験では用語集と条文の対応づけが得点の鍵になります。最新の試験要項もあわせて確認してください。,管理組合との違いは？,管理組合は別枠です。比較表を作成してください。管業試験では用語集と条文の対応づけが得点の鍵になります。最新の試験要項もあわせて確認してください。賃管試験では用語集と条文の対応づけが得点の鍵になります。最新の試験要項もあわせて確認してください。,試験対策の進め方は？,決議四段表・機関表を作成し、過去問を反復してください。管業試験では用語集と条文の対応づけが得点の鍵になります。最新の試験要項もあわせて確認してください。賃管試験では用語集と条文の対応づけが得点の鍵になります。最新の試験要項もあわせて確認してください。,確認先はどこですか？,区分所有法・適正化法・用語集を参照してください。管業試験では用語集と条文の対応づけが得点の鍵になります。最新の試験要項もあわせて確認してください。賃管試験では用語集と条文の対応づけが得点の鍵になります。最新の試験要項もあわせて確認してください。
tekiseika-hou-cmp-s39,適正化法：管理業務主任者と管理業務主任者の届出の比較（S39）,管理適正化法,管理業務主任者;管理業務主任者の届出,適正化法（横断総合）として管理業務主任者と管理業務主任者の届出の関係を整理します。,管理業務主任者;管理業務主任者の届出,"[{""axis"": ""主体"", ""cols"": [""管理業務主任者中心"", ""管理業務主任者の届出中心""]}, {""axis"": ""手続"", ""cols"": [""総会・理事会"", ""届出・規約""]}, {""axis"": ""数値"", ""cols"": [""5分の4等"", ""規約・条文""]}, {""axis"": ""試験"", ""cols"": [""「管理業務主任者＝管理業務主任者の届出」"", ""「同一決議」""]}, {""axis"": ""混同"", ""cols"": [""管業決定"", ""管理会社決定""]}]",適正化法：管理業務主任者と管理業務主任者の届出の比較（S39）｜管業,適正化法（横断総合）として管理業務主任者と管理業務主任者の届出の関係を整理します。管理組合・総会・管業の権限を表で整理してください。数値・日程・合格基準はマンション管理業協会（www.mankan.or.jp）の試験要項で必ずご確認ください。,管理業務主任者と管理業務主任者の届出を分離;決議要件;管業は支援;試験の正誤肢に注意,管理業務主任者＝管理業務主任者の届出;管業が決定;過半数で規約変更;試験の正誤肢に注意,「管理業務主任者と管理業務主任者の届出を分ける」。,管理業務主任者;管理業務主任者の届出,管理業務主任者の要点は？,適正化法（横断総合）として管理業務主任者と管理業務主任者の届出の関係を整理します。管理業務主任者の主体・手続を用語集で確認してください。管業試験では用語集と条文の対応づけが得点の鍵になります。最新の試験要項もあわせて確認してください。,管理業務主任者の届出との違いは？,管理業務主任者の届出は別枠です。比較表を作成してください。管業試験では用語集と条文の対応づけが得点の鍵になります。最新の試験要項もあわせて確認してください。賃管試験では用語集と条文の対応づけが得点の鍵になります。最新の試験要項もあわせて確認してください。,試験対策の進め方は？,決議四段表・機関表を作成し、過去問を反復してください。管業試験では用語集と条文の対応づけが得点の鍵になります。最新の試験要項もあわせて確認してください。賃管試験では用語集と条文の対応づけが得点の鍵になります。最新の試験要項もあわせて確認してください。,確認先はどこですか？,区分所有法・適正化法・用語集を参照してください。管業試験では用語集と条文の対応づけが得点の鍵になります。最新の試験要項もあわせて確認してください。賃管試験では用語集と条文の対応づけが得点の鍵になります。最新の試験要項もあわせて確認してください。
kubun-shoyu-cmp-s39,区分所有：区分所有者と専有部分の比較（S39）,区分所有法,区分所有者;専有部分,区分所有（横断総合）として区分所有者と専有部分の関係を整理します。,区分所有者;専有部分,"[{""axis"": ""主体"", ""cols"": [""区分所有者中心"", ""専有部分中心""]}, {""axis"": ""手続"", ""cols"": [""総会・理事会"", ""届出・規約""]}, {""axis"": ""数値"", ""cols"": [""5分の4等"", ""規約・条文""]}, {""axis"": ""試験"", ""cols"": [""「区分所有者＝専有部分」"", ""「同一決議」""]}, {""axis"": ""混同"", ""cols"": [""管業決定"", ""管理会社決定""]}]",区分所有：区分所有者と専有部分の比較（S39）｜管業,区分所有（横断総合）として区分所有者と専有部分の関係を整理します。管理組合・総会・管業の権限を表で整理してください。数値・日程・合格基準はマンション管理業協会（www.mankan.or.jp）の試験要項で必ずご確認ください。,区分所有者と専有部分を分離;決議要件;管業は支援;試験の正誤肢に注意,区分所有者＝専有部分;管業が決定;過半数で規約変更;試験の正誤肢に注意,「区分所有者と専有部分を分ける」。,区分所有者;専有部分,区分所有者の要点は？,区分所有（横断総合）として区分所有者と専有部分の関係を整理します。区分所有者の主体・手続を用語集で確認してください。管業試験では用語集と条文の対応づけが得点の鍵になります。最新の試験要項もあわせて確認してください。,専有部分との違いは？,専有部分は別枠です。比較表を作成してください。管業試験では用語集と条文の対応づけが得点の鍵になります。最新の試験要項もあわせて確認してください。賃管試験では用語集と条文の対応づけが得点の鍵になります。最新の試験要項もあわせて確認してください。,試験対策の進め方は？,決議四段表・機関表を作成し、過去問を反復してください。管業試験では用語集と条文の対応づけが得点の鍵になります。最新の試験要項もあわせて確認してください。賃管試験では用語集と条文の対応づけが得点の鍵になります。最新の試験要項もあわせて確認してください。,確認先はどこですか？,区分所有法・適正化法・用語集を参照してください。管業試験では用語集と条文の対応づけが得点の鍵になります。最新の試験要項もあわせて確認してください。賃管試験では用語集と条文の対応づけが得点の鍵になります。最新の試験要項もあわせて確認してください。
kanrinin-cmp-s39,管理員：管理員と管理員の配置の比較（S39）,管理適正化法,管理員;管理員の配置,管理員（横断総合）として管理員と管理員の配置の関係を整理します。,管理員;管理員の配置,"[{""axis"": ""主体"", ""cols"": [""管理員中心"", ""管理員の配置中心""]}, {""axis"": ""手続"", ""cols"": [""総会・理事会"", ""届出・規約""]}, {""axis"": ""数値"", ""cols"": [""5分の4等"", ""規約・条文""]}, {""axis"": ""試験"", ""cols"": [""「管理員＝管理員の配置」"", ""「同一決議」""]}, {""axis"": ""混同"", ""cols"": [""管業決定"", ""管理会社決定""]}]",管理員：管理員と管理員の配置の比較（S39）｜管業,管理員（横断総合）として管理員と管理員の配置の関係を整理します。管理組合・総会・管業の権限を表で整理してください。数値・日程・合格基準はマンション管理業協会（www.mankan.or.jp）の試験要項で必ずご確認ください。,管理員と管理員の配置を分離;決議要件;管業は支援;試験の正誤肢に注意,管理員＝管理員の配置;管業が決定;過半数で規約変更;試験の正誤肢に注意,「管理員と管理員の配置を分ける」。,管理員;管理員の配置,管理員の要点は？,管理員（横断総合）として管理員と管理員の配置の関係を整理します。管理員の主体・手続を用語集で確認してください。管業試験では用語集と条文の対応づけが得点の鍵になります。最新の試験要項もあわせて確認してください。,管理員の配置との違いは？,管理員の配置は別枠です。比較表を作成してください。管業試験では用語集と条文の対応づけが得点の鍵になります。最新の試験要項もあわせて確認してください。賃管試験では用語集と条文の対応づけが得点の鍵になります。最新の試験要項もあわせて確認してください。,試験対策の進め方は？,決議四段表・機関表を作成し、過去問を反復してください。管業試験では用語集と条文の対応づけが得点の鍵になります。最新の試験要項もあわせて確認してください。賃管試験では用語集と条文の対応づけが得点の鍵になります。最新の試験要項もあわせて確認してください。,確認先はどこですか？,区分所有法・適正化法・用語集を参照してください。管業試験では用語集と条文の対応づけが得点の鍵になります。最新の試験要項もあわせて確認してください。賃管試験では用語集と条文の対応づけが得点の鍵になります。最新の試験要項もあわせて確認してください。
kaikei-kansa-cmp-s39,会計監査：監査と監査報告の比較（S39）,区分所有法,監査;監査報告,会計監査（横断総合）として監査と監査報告の関係を整理します。,監査;監査報告,"[{""axis"": ""主体"", ""cols"": [""監査中心"", ""監査報告中心""]}, {""axis"": ""手続"", ""cols"": [""総会・理事会"", ""届出・規約""]}, {""axis"": ""数値"", ""cols"": [""5分の4等"", ""規約・条文""]}, {""axis"": ""試験"", ""cols"": [""「監査＝監査報告」"", ""「同一決議」""]}, {""axis"": ""混同"", ""cols"": [""管業決定"", ""管理会社決定""]}]",会計監査：監査と監査報告の比較（S39）｜管業,会計監査（横断総合）として監査と監査報告の関係を整理します。管理組合・総会・管業の権限を表で整理してください。数値・日程・合格基準はマンション管理業協会（www.mankan.or.jp）の試験要項で必ずご確認ください。,監査と監査報告を分離;決議要件;管業は支援;試験の正誤肢に注意,監査＝監査報告;管業が決定;過半数で規約変更;試験の正誤肢に注意,「監査と監査報告を分ける」。,監査;監査報告,監査の要点は？,会計監査（横断総合）として監査と監査報告の関係を整理します。監査の主体・手続を用語集で確認してください。管業試験では用語集と条文の対応づけが得点の鍵になります。最新の試験要項もあわせて確認してください。,監査報告との違いは？,監査報告は別枠です。比較表を作成してください。管業試験では用語集と条文の対応づけが得点の鍵になります。最新の試験要項もあわせて確認してください。賃管試験では用語集と条文の対応づけが得点の鍵になります。最新の試験要項もあわせて確認してください。,試験対策の進め方は？,決議四段表・機関表を作成し、過去問を反復してください。管業試験では用語集と条文の対応づけが得点の鍵になります。最新の試験要項もあわせて確認してください。賃管試験では用語集と条文の対応づけが得点の鍵になります。最新の試験要項もあわせて確認してください。,確認先はどこですか？,区分所有法・適正化法・用語集を参照してください。管業試験では用語集と条文の対応づけが得点の鍵になります。最新の試験要項もあわせて確認してください。賃管試験では用語集と条文の対応づけが得点の鍵になります。最新の試験要項もあわせて確認してください。
tatekae-cmp-s39,建替え：建替えと建替え決議の比較（S39）,区分所有法,建替え;建替え決議,建替え（横断総合）として建替えと建替え決議の関係を整理します。,建替え;建替え決議,"[{""axis"": ""主体"", ""cols"": [""建替え中心"", ""建替え決議中心""]}, {""axis"": ""手続"", ""cols"": [""総会・理事会"", ""届出・規約""]}, {""axis"": ""数値"", ""cols"": [""5分の4等"", ""規約・条文""]}, {""axis"": ""試験"", ""cols"": [""「建替え＝建替え決議」"", ""「同一決議」""]}, {""axis"": ""混同"", ""cols"": [""管業決定"", ""管理会社決定""]}]",建替え：建替えと建替え決議の比較（S39）｜管業,建替え（横断総合）として建替えと建替え決議の関係を整理します。管理組合・総会・管業の権限を表で整理してください。数値・日程・合格基準はマンション管理業協会（www.mankan.or.jp）の試験要項で必ずご確認ください。,建替えと建替え決議を分離;決議要件;管業は支援;試験の正誤肢に注意,建替え＝建替え決議;管業が決定;過半数で規約変更;試験の正誤肢に注意,「建替えと建替え決議を分ける」。,建替え;建替え決議,建替えの要点は？,建替え（横断総合）として建替えと建替え決議の関係を整理します。建替えの主体・手続を用語集で確認してください。管業試験では用語集と条文の対応づけが得点の鍵になります。最新の試験要項もあわせて確認してください。,建替え決議との違いは？,建替え決議は別枠です。比較表を作成してください。管業試験では用語集と条文の対応づけが得点の鍵になります。最新の試験要項もあわせて確認してください。賃管試験では用語集と条文の対応づけが得点の鍵になります。最新の試験要項もあわせて確認してください。,試験対策の進め方は？,決議四段表・機関表を作成し、過去問を反復してください。管業試験では用語集と条文の対応づけが得点の鍵になります。最新の試験要項もあわせて確認してください。賃管試験では用語集と条文の対応づけが得点の鍵になります。最新の試験要項もあわせて確認してください。,確認先はどこですか？,区分所有法・適正化法・用語集を参照してください。管業試験では用語集と条文の対応づけが得点の鍵になります。最新の試験要項もあわせて確認してください。賃管試験では用語集と条文の対応づけが得点の鍵になります。最新の試験要項もあわせて確認してください。
kangyou-shiken-cmp-s39,管業試験：管理業務主任者試験と管理業務主任者の比較（S39）,判例・横断総合,管理業務主任者試験;管理業務主任者,管業試験（横断総合）として管理業務主任者試験と管理業務主任者の関係を整理します。,管理業務主任者試験;管理業務主任者,"[{""axis"": ""主体"", ""cols"": [""管理業務主任者試験中心"", ""管理業務主任者中心""]}, {""axis"": ""手続"", ""cols"": [""総会・理事会"", ""届出・規約""]}, {""axis"": ""数値"", ""cols"": [""5分の4等"", ""規約・条文""]}, {""axis"": ""試験"", ""cols"": [""「管理業務主任者試験＝管理業務主任者」"", ""「同一決議」""]}, {""axis"": ""混同"", ""cols"": [""管業決定"", ""管理会社決定""]}]",管業試験：管理業務主任者試験と管理業務主任者の比較（S39）｜管業,管業試験（横断総合）として管理業務主任者試験と管理業務主任者の関係を整理します。管理組合・総会・管業の権限を表で整理してください。数値・日程・合格基準はマンション管理業協会（www.mankan.or.jp）の試験要項で必ずご確認ください。,管理業務主任者試験と管理業務主任者を分離;決議要件;管業は支援;試験の正誤肢に注意,管理業務主任者試験＝管理業務主任者;管業が決定;過半数で規約変更;試験の正誤肢に注意,「管理業務主任者試験と管理業務主任者を分ける」。,管理業務主任者試験;管理業務主任者,管理業務主任者試験の要点は？,管業試験（横断総合）として管理業務主任者試験と管理業務主任者の関係を整理します。管理業務主任者試験の主体・手続を用語集で確認してください。管業試験では用語集と条文の対応づけが得点の鍵になります。最新の試験要項もあわせて確認してください。,管理業務主任者との違いは？,管理業務主任者は別枠です。比較表を作成してください。管業試験では用語集と条文の対応づけが得点の鍵になります。最新の試験要項もあわせて確認してください。賃管試験では用語集と条文の対応づけが得点の鍵になります。最新の試験要項もあわせて確認してください。,試験対策の進め方は？,決議四段表・機関表を作成し、過去問を反復してください。管業試験では用語集と条文の対応づけが得点の鍵になります。最新の試験要項もあわせて確認してください。賃管試験では用語集と条文の対応づけが得点の鍵になります。最新の試験要項もあわせて確認してください。,確認先はどこですか？,区分所有法・適正化法・用語集を参照してください。管業試験では用語集と条文の対応づけが得点の鍵になります。最新の試験要項もあわせて確認してください。賃管試験では用語集と条文の対応づけが得点の鍵になります。最新の試験要項もあわせて確認してください。
kumiai-kansa-cmp-s40,管理組合監査：監査と監査報告の比較（S40）,区分所有法,監査;監査報告,管理組合監査（基礎整理）として監査と監査報告の関係を整理します。,監査;監査報告,"[{""axis"": ""主体"", ""cols"": [""監査中心"", ""監査報告中心""]}, {""axis"": ""手続"", ""cols"": [""総会・理事会"", ""届出・規約""]}, {""axis"": ""数値"", ""cols"": [""5分の4等"", ""規約・条文""]}, {""axis"": ""試験"", ""cols"": [""「監査＝監査報告」"", ""「同一決議」""]}, {""axis"": ""混同"", ""cols"": [""管業決定"", ""管理会社決定""]}]",管理組合監査：監査と監査報告の比較（S40）｜管業,管理組合監査（基礎整理）として監査と監査報告の関係を整理します。管理組合・総会・管業の権限を表で整理してください。数値・日程・合格基準はマンション管理業協会（www.mankan.or.jp）の試験要項で必ずご確認ください。,監査と監査報告を分離;決議要件;管業は支援;試験の正誤肢に注意,監査＝監査報告;管業が決定;過半数で規約変更;試験の正誤肢に注意,「監査と監査報告を分ける」。,監査;監査報告,監査の要点は？,管理組合監査（基礎整理）として監査と監査報告の関係を整理します。監査の主体・手続を用語集で確認してください。管業試験では用語集と条文の対応づけが得点の鍵になります。最新の試験要項もあわせて確認してください。,監査報告との違いは？,監査報告は別枠です。比較表を作成してください。管業試験では用語集と条文の対応づけが得点の鍵になります。最新の試験要項もあわせて確認してください。賃管試験では用語集と条文の対応づけが得点の鍵になります。最新の試験要項もあわせて確認してください。,試験対策の進め方は？,決議四段表・機関表を作成し、過去問を反復してください。管業試験では用語集と条文の対応づけが得点の鍵になります。最新の試験要項もあわせて確認してください。賃管試験では用語集と条文の対応づけが得点の鍵になります。最新の試験要項もあわせて確認してください。,確認先はどこですか？,区分所有法・適正化法・用語集を参照してください。管業試験では用語集と条文の対応づけが得点の鍵になります。最新の試験要項もあわせて確認してください。賃管試験では用語集と条文の対応づけが得点の鍵になります。最新の試験要項もあわせて確認してください。
shuzen-kouji-cmp-s40,修繕工事：修繕の実施と修繕積立金の比較（S40）,区分所有法,修繕の実施;修繕積立金,修繕工事（基礎整理）として修繕の実施と修繕積立金の関係を整理します。,修繕の実施;修繕積立金,"[{""axis"": ""主体"", ""cols"": [""修繕の実施中心"", ""修繕積立金中心""]}, {""axis"": ""手続"", ""cols"": [""総会・理事会"", ""届出・規約""]}, {""axis"": ""数値"", ""cols"": [""5分の4等"", ""規約・条文""]}, {""axis"": ""試験"", ""cols"": [""「修繕の実施＝修繕積立金」"", ""「同一決議」""]}, {""axis"": ""混同"", ""cols"": [""管業決定"", ""管理会社決定""]}]",修繕工事：修繕の実施と修繕積立金の比較（S40）｜管業,修繕工事（基礎整理）として修繕の実施と修繕積立金の関係を整理します。管理組合・総会・管業の権限を表で整理してください。数値・日程・合格基準はマンション管理業協会（www.mankan.or.jp）の試験要項で必ずご確認ください。,修繕の実施と修繕積立金を分離;決議要件;管業は支援;試験の正誤肢に注意,修繕の実施＝修繕積立金;管業が決定;過半数で規約変更;試験の正誤肢に注意,「修繕の実施と修繕積立金を分ける」。,修繕の実施;修繕積立金,修繕の実施の要点は？,修繕工事（基礎整理）として修繕の実施と修繕積立金の関係を整理します。修繕の実施の主体・手続を用語集で確認してください。管業試験では用語集と条文の対応づけが得点の鍵になります。最新の試験要項もあわせて確認してください。,修繕積立金との違いは？,修繕積立金は別枠です。比較表を作成してください。管業試験では用語集と条文の対応づけが得点の鍵になります。最新の試験要項もあわせて確認してください。賃管試験では用語集と条文の対応づけが得点の鍵になります。最新の試験要項もあわせて確認してください。,試験対策の進め方は？,決議四段表・機関表を作成し、過去問を反復してください。管業試験では用語集と条文の対応づけが得点の鍵になります。最新の試験要項もあわせて確認してください。賃管試験では用語集と条文の対応づけが得点の鍵になります。最新の試験要項もあわせて確認してください。,確認先はどこですか？,区分所有法・適正化法・用語集を参照してください。管業試験では用語集と条文の対応づけが得点の鍵になります。最新の試験要項もあわせて確認してください。賃管試験では用語集と条文の対応づけが得点の鍵になります。最新の試験要項もあわせて確認してください。
sokai-shoushu-cmp-s40,総会招集：総会の招集と総会の比較（S40）,区分所有法,総会の招集;総会,総会招集（基礎整理）として総会の招集と総会の関係を整理します。,総会の招集;総会,"[{""axis"": ""主体"", ""cols"": [""総会の招集中心"", ""総会中心""]}, {""axis"": ""手続"", ""cols"": [""総会・理事会"", ""届出・規約""]}, {""axis"": ""数値"", ""cols"": [""5分の4等"", ""規約・条文""]}, {""axis"": ""試験"", ""cols"": [""「総会の招集＝総会」"", ""「同一決議」""]}, {""axis"": ""混同"", ""cols"": [""管業決定"", ""管理会社決定""]}]",総会招集：総会の招集と総会の比較（S40）｜管業,総会招集（基礎整理）として総会の招集と総会の関係を整理します。管理組合・総会・管業の権限を表で整理してください。数値・日程・合格基準はマンション管理業協会（www.mankan.or.jp）の試験要項で必ずご確認ください。,総会の招集と総会を分離;決議要件;管業は支援;試験の正誤肢に注意,総会の招集＝総会;管業が決定;過半数で規約変更;試験の正誤肢に注意,「総会の招集と総会を分ける」。,総会の招集;総会,総会の招集の要点は？,総会招集（基礎整理）として総会の招集と総会の関係を整理します。総会の招集の主体・手続を用語集で確認してください。管業試験では用語集と条文の対応づけが得点の鍵になります。最新の試験要項もあわせて確認してください。,総会との違いは？,総会は別枠です。比較表を作成してください。管業試験では用語集と条文の対応づけが得点の鍵になります。最新の試験要項もあわせて確認してください。賃管試験では用語集と条文の対応づけが得点の鍵になります。最新の試験要項もあわせて確認してください。,試験対策の進め方は？,決議四段表・機関表を作成し、過去問を反復してください。管業試験では用語集と条文の対応づけが得点の鍵になります。最新の試験要項もあわせて確認してください。賃管試験では用語集と条文の対応づけが得点の鍵になります。最新の試験要項もあわせて確認してください。,確認先はどこですか？,区分所有法・適正化法・用語集を参照してください。管業試験では用語集と条文の対応づけが得点の鍵になります。最新の試験要項もあわせて確認してください。賃管試験では用語集と条文の対応づけが得点の鍵になります。最新の試験要項もあわせて確認してください。
kanri-itaku-koushin-cmp-s40,管理委託更新：委託契約の変更とマンション標準管理委託契約書の比較（S40）,区分所有法,委託契約の変更;マンション標準管理委託契約書,管理委託更新（基礎整理）として委託契約の変更とマンション標準管理委託契約書の関係を整理します。,委託契約の変更;マンション標準管理委託契約書,"[{""axis"": ""主体"", ""cols"": [""委託契約の変更中心"", ""マンション標準管理委託契約書中心""]}, {""axis"": ""手続"", ""cols"": [""総会・理事会"", ""届出・規約""]}, {""axis"": ""数値"", ""cols"": [""5分の4等"", ""規約・条文""]}, {""axis"": ""試験"", ""cols"": [""「委託契約の変更＝マンション標準管理委託契約書」"", ""「同一決議」""]}, {""axis"": ""混同"", ""cols"": [""管業決定"", ""管理会社決定""]}]",管理委託更新：委託契約の変更とマンション標準管理委託契約書の比較（S40）｜管業,管理委託更新（基礎整理）として委託契約の変更とマンション標準管理委託契約書の関係を整理します。管理組合・総会・管業の権限を表で整理してください。数値・日程・合格基準はマンション管理業協会（www.mankan.or.jp）の試験要項で必ずご確認ください。,委託契約の変更とマンション標準管理委託契約書を分離;決議要件;管業は支援;試験の正誤肢に注意,委託契約の変更＝マンション標準管理委託契約書;管業が決定;過半数で規約変更;試験の正誤肢に注意,「委託契約の変更とマンション標準管理委託契約書を分ける」。,委託契約の変更;マンション標準管理委託契約書,委託契約の変更の要点は？,管理委託更新（基礎整理）として委託契約の変更とマンション標準管理委託契約書の関係を整理します。委託契約の変更の主体・手続を用語集で確認してください。管業試験では用語集と条文の対応づけが得点の鍵になります。最新の試験要項もあわせて確認してください。,マンション標準管理委託契約書との違いは？,マンション標準管理委託契約書は別枠です。比較表を作成してください。管業試験では用語集と条文の対応づけが得点の鍵になります。最新の試験要項もあわせて確認してください。賃管試験では用語集と条文の対応づけが得点の鍵になります。最新の試験要項もあわせて確認してください。,試験対策の進め方は？,決議四段表・機関表を作成し、過去問を反復してください。管業試験では用語集と条文の対応づけが得点の鍵になります。最新の試験要項もあわせて確認してください。賃管試験では用語集と条文の対応づけが得点の鍵になります。最新の試験要項もあわせて確認してください。,確認先はどこですか？,区分所有法・適正化法・用語集を参照してください。管業試験では用語集と条文の対応づけが得点の鍵になります。最新の試験要項もあわせて確認してください。賃管試験では用語集と条文の対応づけが得点の鍵になります。最新の試験要項もあわせて確認してください。
tekiseika-todoke-cmp-s40,適正化法届出：管理業務主任者の届出と管理業務主任者の比較（S40）,管理適正化法,管理業務主任者の届出;管理業務主任者,適正化法届出（基礎整理）として管理業務主任者の届出と管理業務主任者の関係を整理します。,管理業務主任者の届出;管理業務主任者,"[{""axis"": ""主体"", ""cols"": [""管理業務主任者の届出中心"", ""管理業務主任者中心""]}, {""axis"": ""手続"", ""cols"": [""総会・理事会"", ""届出・規約""]}, {""axis"": ""数値"", ""cols"": [""5分の4等"", ""規約・条文""]}, {""axis"": ""試験"", ""cols"": [""「管理業務主任者の届出＝管理業務主任者」"", ""「同一決議」""]}, {""axis"": ""混同"", ""cols"": [""管業決定"", ""管理会社決定""]}]",適正化法届出：管理業務主任者の届出と管理業務主任者の比較（S40）｜管業,適正化法届出（基礎整理）として管理業務主任者の届出と管理業務主任者の関係を整理します。管理組合・総会・管業の権限を表で整理してください。数値・日程・合格基準はマンション管理業協会（www.mankan.or.jp）の試験要項で必ずご確認ください。,管理業務主任者の届出と管理業務主任者を分離;決議要件;管業は支援;試験の正誤肢に注意,管理業務主任者の届出＝管理業務主任者;管業が決定;過半数で規約変更;試験の正誤肢に注意,「管理業務主任者の届出と管理業務主任者を分ける」。,管理業務主任者の届出;管理業務主任者,管理業務主任者の届出の要点は？,適正化法届出（基礎整理）として管理業務主任者の届出と管理業務主任者の関係を整理します。管理業務主任者の届出の主体・手続を用語集で確認してください。管業試験では用語集と条文の対応づけが得点の鍵になります。最新の試験要項もあわせて確認してください。,管理業務主任者との違いは？,管理業務主任者は別枠です。比較表を作成してください。管業試験では用語集と条文の対応づけが得点の鍵になります。最新の試験要項もあわせて確認してください。賃管試験では用語集と条文の対応づけが得点の鍵になります。最新の試験要項もあわせて確認してください。,試験対策の進め方は？,決議四段表・機関表を作成し、過去問を反復してください。管業試験では用語集と条文の対応づけが得点の鍵になります。最新の試験要項もあわせて確認してください。賃管試験では用語集と条文の対応づけが得点の鍵になります。最新の試験要項もあわせて確認してください。,確認先はどこですか？,区分所有法・適正化法・用語集を参照してください。管業試験では用語集と条文の対応づけが得点の鍵になります。最新の試験要項もあわせて確認してください。賃管試験では用語集と条文の対応づけが得点の鍵になります。最新の試験要項もあわせて確認してください。
senyu-kanri-cmp-s40,専有部管理：専有部分と専有部分への立入りの比較（S40）,区分所有法,専有部分;専有部分への立入り,専有部管理（基礎整理）として専有部分と専有部分への立入りの関係を整理します。,専有部分;専有部分への立入り,"[{""axis"": ""主体"", ""cols"": [""専有部分中心"", ""専有部分への立入り中心""]}, {""axis"": ""手続"", ""cols"": [""総会・理事会"", ""届出・規約""]}, {""axis"": ""数値"", ""cols"": [""5分の4等"", ""規約・条文""]}, {""axis"": ""試験"", ""cols"": [""「専有部分＝専有部分への立入り」"", ""「同一決議」""]}, {""axis"": ""混同"", ""cols"": [""管業決定"", ""管理会社決定""]}]",専有部管理：専有部分と専有部分への立入りの比較（S40）｜管業,専有部管理（基礎整理）として専有部分と専有部分への立入りの関係を整理します。管理組合・総会・管業の権限を表で整理してください。数値・日程・合格基準はマンション管理業協会（www.mankan.or.jp）の試験要項で必ずご確認ください。,専有部分と専有部分への立入りを分離;決議要件;管業は支援;試験の正誤肢に注意,専有部分＝専有部分への立入り;管業が決定;過半数で規約変更;試験の正誤肢に注意,「専有部分と専有部分への立入りを分ける」。,専有部分;専有部分への立入り,専有部分の要点は？,専有部管理（基礎整理）として専有部分と専有部分への立入りの関係を整理します。専有部分の主体・手続を用語集で確認してください。管業試験では用語集と条文の対応づけが得点の鍵になります。最新の試験要項もあわせて確認してください。,専有部分への立入りとの違いは？,専有部分への立入りは別枠です。比較表を作成してください。管業試験では用語集と条文の対応づけが得点の鍵になります。最新の試験要項もあわせて確認してください。賃管試験では用語集と条文の対応づけが得点の鍵になります。最新の試験要項もあわせて確認してください。,試験対策の進め方は？,決議四段表・機関表を作成し、過去問を反復してください。管業試験では用語集と条文の対応づけが得点の鍵になります。最新の試験要項もあわせて確認してください。賃管試験では用語集と条文の対応づけが得点の鍵になります。最新の試験要項もあわせて確認してください。,確認先はどこですか？,区分所有法・適正化法・用語集を参照してください。管業試験では用語集と条文の対応づけが得点の鍵になります。最新の試験要項もあわせて確認してください。賃管試験では用語集と条文の対応づけが得点の鍵になります。最新の試験要項もあわせて確認してください。
kanrinin-kyouiku-cmp-s40,管理員教育：管理員と管理員の配置の比較（S40）,管理適正化法,管理員;管理員の配置,管理員教育（基礎整理）として管理員と管理員の配置の関係を整理します。,管理員;管理員の配置,"[{""axis"": ""主体"", ""cols"": [""管理員中心"", ""管理員の配置中心""]}, {""axis"": ""手続"", ""cols"": [""総会・理事会"", ""届出・規約""]}, {""axis"": ""数値"", ""cols"": [""5分の4等"", ""規約・条文""]}, {""axis"": ""試験"", ""cols"": [""「管理員＝管理員の配置」"", ""「同一決議」""]}, {""axis"": ""混同"", ""cols"": [""管業決定"", ""管理会社決定""]}]",管理員教育：管理員と管理員の配置の比較（S40）｜管業,管理員教育（基礎整理）として管理員と管理員の配置の関係を整理します。管理組合・総会・管業の権限を表で整理してください。数値・日程・合格基準はマンション管理業協会（www.mankan.or.jp）の試験要項で必ずご確認ください。,管理員と管理員の配置を分離;決議要件;管業は支援;試験の正誤肢に注意,管理員＝管理員の配置;管業が決定;過半数で規約変更;試験の正誤肢に注意,「管理員と管理員の配置を分ける」。,管理員;管理員の配置,管理員の要点は？,管理員教育（基礎整理）として管理員と管理員の配置の関係を整理します。管理員の主体・手続を用語集で確認してください。管業試験では用語集と条文の対応づけが得点の鍵になります。最新の試験要項もあわせて確認してください。,管理員の配置との違いは？,管理員の配置は別枠です。比較表を作成してください。管業試験では用語集と条文の対応づけが得点の鍵になります。最新の試験要項もあわせて確認してください。賃管試験では用語集と条文の対応づけが得点の鍵になります。最新の試験要項もあわせて確認してください。,試験対策の進め方は？,決議四段表・機関表を作成し、過去問を反復してください。管業試験では用語集と条文の対応づけが得点の鍵になります。最新の試験要項もあわせて確認してください。賃管試験では用語集と条文の対応づけが得点の鍵になります。最新の試験要項もあわせて確認してください。,確認先はどこですか？,区分所有法・適正化法・用語集を参照してください。管業試験では用語集と条文の対応づけが得点の鍵になります。最新の試験要項もあわせて確認してください。賃管試験では用語集と条文の対応づけが得点の鍵になります。最新の試験要項もあわせて確認してください。
kaikei-houkoku-cmp-s40,会計報告：管理組合会計と一般会計の比較（S40）,区分所有法,管理組合会計;一般会計,会計報告（基礎整理）として管理組合会計と一般会計の関係を整理します。,管理組合会計;一般会計,"[{""axis"": ""主体"", ""cols"": [""管理組合会計中心"", ""一般会計中心""]}, {""axis"": ""手続"", ""cols"": [""総会・理事会"", ""届出・規約""]}, {""axis"": ""数値"", ""cols"": [""5分の4等"", ""規約・条文""]}, {""axis"": ""試験"", ""cols"": [""「管理組合会計＝一般会計」"", ""「同一決議」""]}, {""axis"": ""混同"", ""cols"": [""管業決定"", ""管理会社決定""]}]",会計報告：管理組合会計と一般会計の比較（S40）｜管業,会計報告（基礎整理）として管理組合会計と一般会計の関係を整理します。管理組合・総会・管業の権限を表で整理してください。数値・日程・合格基準はマンション管理業協会（www.mankan.or.jp）の試験要項で必ずご確認ください。,管理組合会計と一般会計を分離;決議要件;管業は支援;試験の正誤肢に注意,管理組合会計＝一般会計;管業が決定;過半数で規約変更;試験の正誤肢に注意,「管理組合会計と一般会計を分ける」。,管理組合会計;一般会計,管理組合会計の要点は？,会計報告（基礎整理）として管理組合会計と一般会計の関係を整理します。管理組合会計の主体・手続を用語集で確認してください。管業試験では用語集と条文の対応づけが得点の鍵になります。最新の試験要項もあわせて確認してください。,一般会計との違いは？,一般会計は別枠です。比較表を作成してください。管業試験では用語集と条文の対応づけが得点の鍵になります。最新の試験要項もあわせて確認してください。賃管試験では用語集と条文の対応づけが得点の鍵になります。最新の試験要項もあわせて確認してください。,試験対策の進め方は？,決議四段表・機関表を作成し、過去問を反復してください。管業試験では用語集と条文の対応づけが得点の鍵になります。最新の試験要項もあわせて確認してください。賃管試験では用語集と条文の対応づけが得点の鍵になります。最新の試験要項もあわせて確認してください。,確認先はどこですか？,区分所有法・適正化法・用語集を参照してください。管業試験では用語集と条文の対応づけが得点の鍵になります。最新の試験要項もあわせて確認してください。賃管試験では用語集と条文の対応づけが得点の鍵になります。最新の試験要項もあわせて確認してください。
tatekae-tetsuzuki-cmp-s40,建替え手続：建替えの手続と建替え決議の比較（S40）,区分所有法,建替えの手続;建替え決議,建替え手続（基礎整理）として建替えの手続と建替え決議の関係を整理します。,建替えの手続;建替え決議,"[{""axis"": ""主体"", ""cols"": [""建替えの手続中心"", ""建替え決議中心""]}, {""axis"": ""手続"", ""cols"": [""総会・理事会"", ""届出・規約""]}, {""axis"": ""数値"", ""cols"": [""5分の4等"", ""規約・条文""]}, {""axis"": ""試験"", ""cols"": [""「建替えの手続＝建替え決議」"", ""「同一決議」""]}, {""axis"": ""混同"", ""cols"": [""管業決定"", ""管理会社決定""]}]",建替え手続：建替えの手続と建替え決議の比較（S40）｜管業,建替え手続（基礎整理）として建替えの手続と建替え決議の関係を整理します。管理組合・総会・管業の権限を表で整理してください。数値・日程・合格基準はマンション管理業協会（www.mankan.or.jp）の試験要項で必ずご確認ください。,建替えの手続と建替え決議を分離;決議要件;管業は支援;試験の正誤肢に注意,建替えの手続＝建替え決議;管業が決定;過半数で規約変更;試験の正誤肢に注意,「建替えの手続と建替え決議を分ける」。,建替えの手続;建替え決議,建替えの手続の要点は？,建替え手続（基礎整理）として建替えの手続と建替え決議の関係を整理します。建替えの手続の主体・手続を用語集で確認してください。管業試験では用語集と条文の対応づけが得点の鍵になります。最新の試験要項もあわせて確認してください。,建替え決議との違いは？,建替え決議は別枠です。比較表を作成してください。管業試験では用語集と条文の対応づけが得点の鍵になります。最新の試験要項もあわせて確認してください。賃管試験では用語集と条文の対応づけが得点の鍵になります。最新の試験要項もあわせて確認してください。,試験対策の進め方は？,決議四段表・機関表を作成し、過去問を反復してください。管業試験では用語集と条文の対応づけが得点の鍵になります。最新の試験要項もあわせて確認してください。賃管試験では用語集と条文の対応づけが得点の鍵になります。最新の試験要項もあわせて確認してください。,確認先はどこですか？,区分所有法・適正化法・用語集を参照してください。管業試験では用語集と条文の対応づけが得点の鍵になります。最新の試験要項もあわせて確認してください。賃管試験では用語集と条文の対応づけが得点の鍵になります。最新の試験要項もあわせて確認してください。
kangyou-chokuzen-cmp-s40,管業直前：管理業務主任者試験と管理業務主任者の比較（S40）,判例・横断総合,管理業務主任者試験;管理業務主任者,管業直前（基礎整理）として管理業務主任者試験と管理業務主任者の関係を整理します。,管理業務主任者試験;管理業務主任者,"[{""axis"": ""主体"", ""cols"": [""管理業務主任者試験中心"", ""管理業務主任者中心""]}, {""axis"": ""手続"", ""cols"": [""総会・理事会"", ""届出・規約""]}, {""axis"": ""数値"", ""cols"": [""5分の4等"", ""規約・条文""]}, {""axis"": ""試験"", ""cols"": [""「管理業務主任者試験＝管理業務主任者」"", ""「同一決議」""]}, {""axis"": ""混同"", ""cols"": [""管業決定"", ""管理会社決定""]}]",管業直前：管理業務主任者試験と管理業務主任者の比較（S40）｜管業,管業直前（基礎整理）として管理業務主任者試験と管理業務主任者の関係を整理します。管理組合・総会・管業の権限を表で整理してください。数値・日程・合格基準はマンション管理業協会（www.mankan.or.jp）の試験要項で必ずご確認ください。,管理業務主任者試験と管理業務主任者を分離;決議要件;管業は支援;試験の正誤肢に注意,管理業務主任者試験＝管理業務主任者;管業が決定;過半数で規約変更;試験の正誤肢に注意,「管理業務主任者試験と管理業務主任者を分ける」。,管理業務主任者試験;管理業務主任者,管理業務主任者試験の要点は？,管業直前（基礎整理）として管理業務主任者試験と管理業務主任者の関係を整理します。管理業務主任者試験の主体・手続を用語集で確認してください。管業試験では用語集と条文の対応づけが得点の鍵になります。最新の試験要項もあわせて確認してください。,管理業務主任者との違いは？,管理業務主任者は別枠です。比較表を作成してください。管業試験では用語集と条文の対応づけが得点の鍵になります。最新の試験要項もあわせて確認してください。賃管試験では用語集と条文の対応づけが得点の鍵になります。最新の試験要項もあわせて確認してください。,試験対策の進め方は？,決議四段表・機関表を作成し、過去問を反復してください。管業試験では用語集と条文の対応づけが得点の鍵になります。最新の試験要項もあわせて確認してください。賃管試験では用語集と条文の対応づけが得点の鍵になります。最新の試験要項もあわせて確認してください。,確認先はどこですか？,区分所有法・適正化法・用語集を参照してください。管業試験では用語集と条文の対応づけが得点の鍵になります。最新の試験要項もあわせて確認してください。賃管試験では用語集と条文の対応づけが得点の鍵になります。最新の試験要項もあわせて確認してください。
kumiai-kansa-cmp-s41,管理組合監査：監査と監査報告の比較（S41）,区分所有法,監査;監査報告,管理組合監査（実務連動）として監査と監査報告の関係を整理します。,監査;監査報告,"[{""axis"": ""主体"", ""cols"": [""監査中心"", ""監査報告中心""]}, {""axis"": ""手続"", ""cols"": [""総会・理事会"", ""届出・規約""]}, {""axis"": ""数値"", ""cols"": [""5分の4等"", ""規約・条文""]}, {""axis"": ""試験"", ""cols"": [""「監査＝監査報告」"", ""「同一決議」""]}, {""axis"": ""混同"", ""cols"": [""管業決定"", ""管理会社決定""]}]",管理組合監査：監査と監査報告の比較（S41）｜管業,管理組合監査（実務連動）として監査と監査報告の関係を整理します。管理組合・総会・管業の権限を表で整理してください。数値・日程・合格基準はマンション管理業協会（www.mankan.or.jp）の試験要項で必ずご確認ください。,監査と監査報告を分離;決議要件;管業は支援;試験の正誤肢に注意,監査＝監査報告;管業が決定;過半数で規約変更;試験の正誤肢に注意,「監査と監査報告を分ける」。,監査;監査報告,監査の要点は？,管理組合監査（実務連動）として監査と監査報告の関係を整理します。監査の主体・手続を用語集で確認してください。管業試験では用語集と条文の対応づけが得点の鍵になります。最新の試験要項もあわせて確認してください。,監査報告との違いは？,監査報告は別枠です。比較表を作成してください。管業試験では用語集と条文の対応づけが得点の鍵になります。最新の試験要項もあわせて確認してください。賃管試験では用語集と条文の対応づけが得点の鍵になります。最新の試験要項もあわせて確認してください。,試験対策の進め方は？,決議四段表・機関表を作成し、過去問を反復してください。管業試験では用語集と条文の対応づけが得点の鍵になります。最新の試験要項もあわせて確認してください。賃管試験では用語集と条文の対応づけが得点の鍵になります。最新の試験要項もあわせて確認してください。,確認先はどこですか？,区分所有法・適正化法・用語集を参照してください。管業試験では用語集と条文の対応づけが得点の鍵になります。最新の試験要項もあわせて確認してください。賃管試験では用語集と条文の対応づけが得点の鍵になります。最新の試験要項もあわせて確認してください。
shuzen-kouji-cmp-s41,修繕工事：修繕の実施と修繕積立金の比較（S41）,区分所有法,修繕の実施;修繕積立金,修繕工事（実務連動）として修繕の実施と修繕積立金の関係を整理します。,修繕の実施;修繕積立金,"[{""axis"": ""主体"", ""cols"": [""修繕の実施中心"", ""修繕積立金中心""]}, {""axis"": ""手続"", ""cols"": [""総会・理事会"", ""届出・規約""]}, {""axis"": ""数値"", ""cols"": [""5分の4等"", ""規約・条文""]}, {""axis"": ""試験"", ""cols"": [""「修繕の実施＝修繕積立金」"", ""「同一決議」""]}, {""axis"": ""混同"", ""cols"": [""管業決定"", ""管理会社決定""]}]",修繕工事：修繕の実施と修繕積立金の比較（S41）｜管業,修繕工事（実務連動）として修繕の実施と修繕積立金の関係を整理します。管理組合・総会・管業の権限を表で整理してください。数値・日程・合格基準はマンション管理業協会（www.mankan.or.jp）の試験要項で必ずご確認ください。,修繕の実施と修繕積立金を分離;決議要件;管業は支援;試験の正誤肢に注意,修繕の実施＝修繕積立金;管業が決定;過半数で規約変更;試験の正誤肢に注意,「修繕の実施と修繕積立金を分ける」。,修繕の実施;修繕積立金,修繕の実施の要点は？,修繕工事（実務連動）として修繕の実施と修繕積立金の関係を整理します。修繕の実施の主体・手続を用語集で確認してください。管業試験では用語集と条文の対応づけが得点の鍵になります。最新の試験要項もあわせて確認してください。,修繕積立金との違いは？,修繕積立金は別枠です。比較表を作成してください。管業試験では用語集と条文の対応づけが得点の鍵になります。最新の試験要項もあわせて確認してください。賃管試験では用語集と条文の対応づけが得点の鍵になります。最新の試験要項もあわせて確認してください。,試験対策の進め方は？,決議四段表・機関表を作成し、過去問を反復してください。管業試験では用語集と条文の対応づけが得点の鍵になります。最新の試験要項もあわせて確認してください。賃管試験では用語集と条文の対応づけが得点の鍵になります。最新の試験要項もあわせて確認してください。,確認先はどこですか？,区分所有法・適正化法・用語集を参照してください。管業試験では用語集と条文の対応づけが得点の鍵になります。最新の試験要項もあわせて確認してください。賃管試験では用語集と条文の対応づけが得点の鍵になります。最新の試験要項もあわせて確認してください。
sokai-shoushu-cmp-s41,総会招集：総会の招集と総会の比較（S41）,区分所有法,総会の招集;総会,総会招集（実務連動）として総会の招集と総会の関係を整理します。,総会の招集;総会,"[{""axis"": ""主体"", ""cols"": [""総会の招集中心"", ""総会中心""]}, {""axis"": ""手続"", ""cols"": [""総会・理事会"", ""届出・規約""]}, {""axis"": ""数値"", ""cols"": [""5分の4等"", ""規約・条文""]}, {""axis"": ""試験"", ""cols"": [""「総会の招集＝総会」"", ""「同一決議」""]}, {""axis"": ""混同"", ""cols"": [""管業決定"", ""管理会社決定""]}]",総会招集：総会の招集と総会の比較（S41）｜管業,総会招集（実務連動）として総会の招集と総会の関係を整理します。管理組合・総会・管業の権限を表で整理してください。数値・日程・合格基準はマンション管理業協会（www.mankan.or.jp）の試験要項で必ずご確認ください。,総会の招集と総会を分離;決議要件;管業は支援;試験の正誤肢に注意,総会の招集＝総会;管業が決定;過半数で規約変更;試験の正誤肢に注意,「総会の招集と総会を分ける」。,総会の招集;総会,総会の招集の要点は？,総会招集（実務連動）として総会の招集と総会の関係を整理します。総会の招集の主体・手続を用語集で確認してください。管業試験では用語集と条文の対応づけが得点の鍵になります。最新の試験要項もあわせて確認してください。,総会との違いは？,総会は別枠です。比較表を作成してください。管業試験では用語集と条文の対応づけが得点の鍵になります。最新の試験要項もあわせて確認してください。賃管試験では用語集と条文の対応づけが得点の鍵になります。最新の試験要項もあわせて確認してください。,試験対策の進め方は？,決議四段表・機関表を作成し、過去問を反復してください。管業試験では用語集と条文の対応づけが得点の鍵になります。最新の試験要項もあわせて確認してください。賃管試験では用語集と条文の対応づけが得点の鍵になります。最新の試験要項もあわせて確認してください。,確認先はどこですか？,区分所有法・適正化法・用語集を参照してください。管業試験では用語集と条文の対応づけが得点の鍵になります。最新の試験要項もあわせて確認してください。賃管試験では用語集と条文の対応づけが得点の鍵になります。最新の試験要項もあわせて確認してください。
kanri-itaku-koushin-cmp-s41,管理委託更新：委託契約の変更とマンション標準管理委託契約書の比較（S41）,区分所有法,委託契約の変更;マンション標準管理委託契約書,管理委託更新（実務連動）として委託契約の変更とマンション標準管理委託契約書の関係を整理します。,委託契約の変更;マンション標準管理委託契約書,"[{""axis"": ""主体"", ""cols"": [""委託契約の変更中心"", ""マンション標準管理委託契約書中心""]}, {""axis"": ""手続"", ""cols"": [""総会・理事会"", ""届出・規約""]}, {""axis"": ""数値"", ""cols"": [""5分の4等"", ""規約・条文""]}, {""axis"": ""試験"", ""cols"": [""「委託契約の変更＝マンション標準管理委託契約書」"", ""「同一決議」""]}, {""axis"": ""混同"", ""cols"": [""管業決定"", ""管理会社決定""]}]",管理委託更新：委託契約の変更とマンション標準管理委託契約書の比較（S41）｜管業,管理委託更新（実務連動）として委託契約の変更とマンション標準管理委託契約書の関係を整理します。管理組合・総会・管業の権限を表で整理してください。数値・日程・合格基準はマンション管理業協会（www.mankan.or.jp）の試験要項で必ずご確認ください。,委託契約の変更とマンション標準管理委託契約書を分離;決議要件;管業は支援;試験の正誤肢に注意,委託契約の変更＝マンション標準管理委託契約書;管業が決定;過半数で規約変更;試験の正誤肢に注意,「委託契約の変更とマンション標準管理委託契約書を分ける」。,委託契約の変更;マンション標準管理委託契約書,委託契約の変更の要点は？,管理委託更新（実務連動）として委託契約の変更とマンション標準管理委託契約書の関係を整理します。委託契約の変更の主体・手続を用語集で確認してください。管業試験では用語集と条文の対応づけが得点の鍵になります。最新の試験要項もあわせて確認してください。,マンション標準管理委託契約書との違いは？,マンション標準管理委託契約書は別枠です。比較表を作成してください。管業試験では用語集と条文の対応づけが得点の鍵になります。最新の試験要項もあわせて確認してください。賃管試験では用語集と条文の対応づけが得点の鍵になります。最新の試験要項もあわせて確認してください。,試験対策の進め方は？,決議四段表・機関表を作成し、過去問を反復してください。管業試験では用語集と条文の対応づけが得点の鍵になります。最新の試験要項もあわせて確認してください。賃管試験では用語集と条文の対応づけが得点の鍵になります。最新の試験要項もあわせて確認してください。,確認先はどこですか？,区分所有法・適正化法・用語集を参照してください。管業試験では用語集と条文の対応づけが得点の鍵になります。最新の試験要項もあわせて確認してください。賃管試験では用語集と条文の対応づけが得点の鍵になります。最新の試験要項もあわせて確認してください。
tekiseika-todoke-cmp-s41,適正化法届出：管理業務主任者の届出と管理業務主任者の比較（S41）,管理適正化法,管理業務主任者の届出;管理業務主任者,適正化法届出（実務連動）として管理業務主任者の届出と管理業務主任者の関係を整理します。,管理業務主任者の届出;管理業務主任者,"[{""axis"": ""主体"", ""cols"": [""管理業務主任者の届出中心"", ""管理業務主任者中心""]}, {""axis"": ""手続"", ""cols"": [""総会・理事会"", ""届出・規約""]}, {""axis"": ""数値"", ""cols"": [""5分の4等"", ""規約・条文""]}, {""axis"": ""試験"", ""cols"": [""「管理業務主任者の届出＝管理業務主任者」"", ""「同一決議」""]}, {""axis"": ""混同"", ""cols"": [""管業決定"", ""管理会社決定""]}]",適正化法届出：管理業務主任者の届出と管理業務主任者の比較（S41）｜管業,適正化法届出（実務連動）として管理業務主任者の届出と管理業務主任者の関係を整理します。管理組合・総会・管業の権限を表で整理してください。数値・日程・合格基準はマンション管理業協会（www.mankan.or.jp）の試験要項で必ずご確認ください。,管理業務主任者の届出と管理業務主任者を分離;決議要件;管業は支援;試験の正誤肢に注意,管理業務主任者の届出＝管理業務主任者;管業が決定;過半数で規約変更;試験の正誤肢に注意,「管理業務主任者の届出と管理業務主任者を分ける」。,管理業務主任者の届出;管理業務主任者,管理業務主任者の届出の要点は？,適正化法届出（実務連動）として管理業務主任者の届出と管理業務主任者の関係を整理します。管理業務主任者の届出の主体・手続を用語集で確認してください。管業試験では用語集と条文の対応づけが得点の鍵になります。最新の試験要項もあわせて確認してください。,管理業務主任者との違いは？,管理業務主任者は別枠です。比較表を作成してください。管業試験では用語集と条文の対応づけが得点の鍵になります。最新の試験要項もあわせて確認してください。賃管試験では用語集と条文の対応づけが得点の鍵になります。最新の試験要項もあわせて確認してください。,試験対策の進め方は？,決議四段表・機関表を作成し、過去問を反復してください。管業試験では用語集と条文の対応づけが得点の鍵になります。最新の試験要項もあわせて確認してください。賃管試験では用語集と条文の対応づけが得点の鍵になります。最新の試験要項もあわせて確認してください。,確認先はどこですか？,区分所有法・適正化法・用語集を参照してください。管業試験では用語集と条文の対応づけが得点の鍵になります。最新の試験要項もあわせて確認してください。賃管試験では用語集と条文の対応づけが得点の鍵になります。最新の試験要項もあわせて確認してください。
senyu-kanri-cmp-s41,専有部管理：専有部分と専有部分への立入りの比較（S41）,区分所有法,専有部分;専有部分への立入り,専有部管理（実務連動）として専有部分と専有部分への立入りの関係を整理します。,専有部分;専有部分への立入り,"[{""axis"": ""主体"", ""cols"": [""専有部分中心"", ""専有部分への立入り中心""]}, {""axis"": ""手続"", ""cols"": [""総会・理事会"", ""届出・規約""]}, {""axis"": ""数値"", ""cols"": [""5分の4等"", ""規約・条文""]}, {""axis"": ""試験"", ""cols"": [""「専有部分＝専有部分への立入り」"", ""「同一決議」""]}, {""axis"": ""混同"", ""cols"": [""管業決定"", ""管理会社決定""]}]",専有部管理：専有部分と専有部分への立入りの比較（S41）｜管業,専有部管理（実務連動）として専有部分と専有部分への立入りの関係を整理します。管理組合・総会・管業の権限を表で整理してください。数値・日程・合格基準はマンション管理業協会（www.mankan.or.jp）の試験要項で必ずご確認ください。,専有部分と専有部分への立入りを分離;決議要件;管業は支援;試験の正誤肢に注意,専有部分＝専有部分への立入り;管業が決定;過半数で規約変更;試験の正誤肢に注意,「専有部分と専有部分への立入りを分ける」。,専有部分;専有部分への立入り,専有部分の要点は？,専有部管理（実務連動）として専有部分と専有部分への立入りの関係を整理します。専有部分の主体・手続を用語集で確認してください。管業試験では用語集と条文の対応づけが得点の鍵になります。最新の試験要項もあわせて確認してください。,専有部分への立入りとの違いは？,専有部分への立入りは別枠です。比較表を作成してください。管業試験では用語集と条文の対応づけが得点の鍵になります。最新の試験要項もあわせて確認してください。賃管試験では用語集と条文の対応づけが得点の鍵になります。最新の試験要項もあわせて確認してください。,試験対策の進め方は？,決議四段表・機関表を作成し、過去問を反復してください。管業試験では用語集と条文の対応づけが得点の鍵になります。最新の試験要項もあわせて確認してください。賃管試験では用語集と条文の対応づけが得点の鍵になります。最新の試験要項もあわせて確認してください。,確認先はどこですか？,区分所有法・適正化法・用語集を参照してください。管業試験では用語集と条文の対応づけが得点の鍵になります。最新の試験要項もあわせて確認してください。賃管試験では用語集と条文の対応づけが得点の鍵になります。最新の試験要項もあわせて確認してください。
kanrinin-kyouiku-cmp-s41,管理員教育：管理員と管理員の配置の比較（S41）,管理適正化法,管理員;管理員の配置,管理員教育（実務連動）として管理員と管理員の配置の関係を整理します。,管理員;管理員の配置,"[{""axis"": ""主体"", ""cols"": [""管理員中心"", ""管理員の配置中心""]}, {""axis"": ""手続"", ""cols"": [""総会・理事会"", ""届出・規約""]}, {""axis"": ""数値"", ""cols"": [""5分の4等"", ""規約・条文""]}, {""axis"": ""試験"", ""cols"": [""「管理員＝管理員の配置」"", ""「同一決議」""]}, {""axis"": ""混同"", ""cols"": [""管業決定"", ""管理会社決定""]}]",管理員教育：管理員と管理員の配置の比較（S41）｜管業,管理員教育（実務連動）として管理員と管理員の配置の関係を整理します。管理組合・総会・管業の権限を表で整理してください。数値・日程・合格基準はマンション管理業協会（www.mankan.or.jp）の試験要項で必ずご確認ください。,管理員と管理員の配置を分離;決議要件;管業は支援;試験の正誤肢に注意,管理員＝管理員の配置;管業が決定;過半数で規約変更;試験の正誤肢に注意,「管理員と管理員の配置を分ける」。,管理員;管理員の配置,管理員の要点は？,管理員教育（実務連動）として管理員と管理員の配置の関係を整理します。管理員の主体・手続を用語集で確認してください。管業試験では用語集と条文の対応づけが得点の鍵になります。最新の試験要項もあわせて確認してください。,管理員の配置との違いは？,管理員の配置は別枠です。比較表を作成してください。管業試験では用語集と条文の対応づけが得点の鍵になります。最新の試験要項もあわせて確認してください。賃管試験では用語集と条文の対応づけが得点の鍵になります。最新の試験要項もあわせて確認してください。,試験対策の進め方は？,決議四段表・機関表を作成し、過去問を反復してください。管業試験では用語集と条文の対応づけが得点の鍵になります。最新の試験要項もあわせて確認してください。賃管試験では用語集と条文の対応づけが得点の鍵になります。最新の試験要項もあわせて確認してください。,確認先はどこですか？,区分所有法・適正化法・用語集を参照してください。管業試験では用語集と条文の対応づけが得点の鍵になります。最新の試験要項もあわせて確認してください。賃管試験では用語集と条文の対応づけが得点の鍵になります。最新の試験要項もあわせて確認してください。
kaikei-houkoku-cmp-s41,会計報告：管理組合会計と一般会計の比較（S41）,区分所有法,管理組合会計;一般会計,会計報告（実務連動）として管理組合会計と一般会計の関係を整理します。,管理組合会計;一般会計,"[{""axis"": ""主体"", ""cols"": [""管理組合会計中心"", ""一般会計中心""]}, {""axis"": ""手続"", ""cols"": [""総会・理事会"", ""届出・規約""]}, {""axis"": ""数値"", ""cols"": [""5分の4等"", ""規約・条文""]}, {""axis"": ""試験"", ""cols"": [""「管理組合会計＝一般会計」"", ""「同一決議」""]}, {""axis"": ""混同"", ""cols"": [""管業決定"", ""管理会社決定""]}]",会計報告：管理組合会計と一般会計の比較（S41）｜管業,会計報告（実務連動）として管理組合会計と一般会計の関係を整理します。管理組合・総会・管業の権限を表で整理してください。数値・日程・合格基準はマンション管理業協会（www.mankan.or.jp）の試験要項で必ずご確認ください。,管理組合会計と一般会計を分離;決議要件;管業は支援;試験の正誤肢に注意,管理組合会計＝一般会計;管業が決定;過半数で規約変更;試験の正誤肢に注意,「管理組合会計と一般会計を分ける」。,管理組合会計;一般会計,管理組合会計の要点は？,会計報告（実務連動）として管理組合会計と一般会計の関係を整理します。管理組合会計の主体・手続を用語集で確認してください。管業試験では用語集と条文の対応づけが得点の鍵になります。最新の試験要項もあわせて確認してください。,一般会計との違いは？,一般会計は別枠です。比較表を作成してください。管業試験では用語集と条文の対応づけが得点の鍵になります。最新の試験要項もあわせて確認してください。賃管試験では用語集と条文の対応づけが得点の鍵になります。最新の試験要項もあわせて確認してください。,試験対策の進め方は？,決議四段表・機関表を作成し、過去問を反復してください。管業試験では用語集と条文の対応づけが得点の鍵になります。最新の試験要項もあわせて確認してください。賃管試験では用語集と条文の対応づけが得点の鍵になります。最新の試験要項もあわせて確認してください。,確認先はどこですか？,区分所有法・適正化法・用語集を参照してください。管業試験では用語集と条文の対応づけが得点の鍵になります。最新の試験要項もあわせて確認してください。賃管試験では用語集と条文の対応づけが得点の鍵になります。最新の試験要項もあわせて確認してください。
tatekae-tetsuzuki-cmp-s41,建替え手続：建替えの手続と建替え決議の比較（S41）,区分所有法,建替えの手続;建替え決議,建替え手続（実務連動）として建替えの手続と建替え決議の関係を整理します。,建替えの手続;建替え決議,"[{""axis"": ""主体"", ""cols"": [""建替えの手続中心"", ""建替え決議中心""]}, {""axis"": ""手続"", ""cols"": [""総会・理事会"", ""届出・規約""]}, {""axis"": ""数値"", ""cols"": [""5分の4等"", ""規約・条文""]}, {""axis"": ""試験"", ""cols"": [""「建替えの手続＝建替え決議」"", ""「同一決議」""]}, {""axis"": ""混同"", ""cols"": [""管業決定"", ""管理会社決定""]}]",建替え手続：建替えの手続と建替え決議の比較（S41）｜管業,建替え手続（実務連動）として建替えの手続と建替え決議の関係を整理します。管理組合・総会・管業の権限を表で整理してください。数値・日程・合格基準はマンション管理業協会（www.mankan.or.jp）の試験要項で必ずご確認ください。,建替えの手続と建替え決議を分離;決議要件;管業は支援;試験の正誤肢に注意,建替えの手続＝建替え決議;管業が決定;過半数で規約変更;試験の正誤肢に注意,「建替えの手続と建替え決議を分ける」。,建替えの手続;建替え決議,建替えの手続の要点は？,建替え手続（実務連動）として建替えの手続と建替え決議の関係を整理します。建替えの手続の主体・手続を用語集で確認してください。管業試験では用語集と条文の対応づけが得点の鍵になります。最新の試験要項もあわせて確認してください。,建替え決議との違いは？,建替え決議は別枠です。比較表を作成してください。管業試験では用語集と条文の対応づけが得点の鍵になります。最新の試験要項もあわせて確認してください。賃管試験では用語集と条文の対応づけが得点の鍵になります。最新の試験要項もあわせて確認してください。,試験対策の進め方は？,決議四段表・機関表を作成し、過去問を反復してください。管業試験では用語集と条文の対応づけが得点の鍵になります。最新の試験要項もあわせて確認してください。賃管試験では用語集と条文の対応づけが得点の鍵になります。最新の試験要項もあわせて確認してください。,確認先はどこですか？,区分所有法・適正化法・用語集を参照してください。管業試験では用語集と条文の対応づけが得点の鍵になります。最新の試験要項もあわせて確認してください。賃管試験では用語集と条文の対応づけが得点の鍵になります。最新の試験要項もあわせて確認してください。
kangyou-chokuzen-cmp-s41,管業直前：管理業務主任者試験と管理業務主任者の比較（S41）,判例・横断総合,管理業務主任者試験;管理業務主任者,管業直前（実務連動）として管理業務主任者試験と管理業務主任者の関係を整理します。,管理業務主任者試験;管理業務主任者,"[{""axis"": ""主体"", ""cols"": [""管理業務主任者試験中心"", ""管理業務主任者中心""]}, {""axis"": ""手続"", ""cols"": [""総会・理事会"", ""届出・規約""]}, {""axis"": ""数値"", ""cols"": [""5分の4等"", ""規約・条文""]}, {""axis"": ""試験"", ""cols"": [""「管理業務主任者試験＝管理業務主任者」"", ""「同一決議」""]}, {""axis"": ""混同"", ""cols"": [""管業決定"", ""管理会社決定""]}]",管業直前：管理業務主任者試験と管理業務主任者の比較（S41）｜管業,管業直前（実務連動）として管理業務主任者試験と管理業務主任者の関係を整理します。管理組合・総会・管業の権限を表で整理してください。数値・日程・合格基準はマンション管理業協会（www.mankan.or.jp）の試験要項で必ずご確認ください。,管理業務主任者試験と管理業務主任者を分離;決議要件;管業は支援;試験の正誤肢に注意,管理業務主任者試験＝管理業務主任者;管業が決定;過半数で規約変更;試験の正誤肢に注意,「管理業務主任者試験と管理業務主任者を分ける」。,管理業務主任者試験;管理業務主任者,管理業務主任者試験の要点は？,管業直前（実務連動）として管理業務主任者試験と管理業務主任者の関係を整理します。管理業務主任者試験の主体・手続を用語集で確認してください。管業試験では用語集と条文の対応づけが得点の鍵になります。最新の試験要項もあわせて確認してください。,管理業務主任者との違いは？,管理業務主任者は別枠です。比較表を作成してください。管業試験では用語集と条文の対応づけが得点の鍵になります。最新の試験要項もあわせて確認してください。賃管試験では用語集と条文の対応づけが得点の鍵になります。最新の試験要項もあわせて確認してください。,試験対策の進め方は？,決議四段表・機関表を作成し、過去問を反復してください。管業試験では用語集と条文の対応づけが得点の鍵になります。最新の試験要項もあわせて確認してください。賃管試験では用語集と条文の対応づけが得点の鍵になります。最新の試験要項もあわせて確認してください。,確認先はどこですか？,区分所有法・適正化法・用語集を参照してください。管業試験では用語集と条文の対応づけが得点の鍵になります。最新の試験要項もあわせて確認してください。賃管試験では用語集と条文の対応づけが得点の鍵になります。最新の試験要項もあわせて確認してください。
kumiai-kansa-cmp-s42,管理組合監査：監査と監査報告の比較（S42）,区分所有法,監査;監査報告,管理組合監査（試験頻出）として監査と監査報告の関係を整理します。,監査;監査報告,"[{""axis"": ""主体"", ""cols"": [""監査中心"", ""監査報告中心""]}, {""axis"": ""手続"", ""cols"": [""総会・理事会"", ""届出・規約""]}, {""axis"": ""数値"", ""cols"": [""5分の4等"", ""規約・条文""]}, {""axis"": ""試験"", ""cols"": [""「監査＝監査報告」"", ""「同一決議」""]}, {""axis"": ""混同"", ""cols"": [""管業決定"", ""管理会社決定""]}]",管理組合監査：監査と監査報告の比較（S42）｜管業,管理組合監査（試験頻出）として監査と監査報告の関係を整理します。管理組合・総会・管業の権限を表で整理してください。数値・日程・合格基準はマンション管理業協会（www.mankan.or.jp）の試験要項で必ずご確認ください。,監査と監査報告を分離;決議要件;管業は支援;試験の正誤肢に注意,監査＝監査報告;管業が決定;過半数で規約変更;試験の正誤肢に注意,「監査と監査報告を分ける」。,監査;監査報告,監査の要点は？,管理組合監査（試験頻出）として監査と監査報告の関係を整理します。監査の主体・手続を用語集で確認してください。管業試験では用語集と条文の対応づけが得点の鍵になります。最新の試験要項もあわせて確認してください。,監査報告との違いは？,監査報告は別枠です。比較表を作成してください。管業試験では用語集と条文の対応づけが得点の鍵になります。最新の試験要項もあわせて確認してください。賃管試験では用語集と条文の対応づけが得点の鍵になります。最新の試験要項もあわせて確認してください。,試験対策の進め方は？,決議四段表・機関表を作成し、過去問を反復してください。管業試験では用語集と条文の対応づけが得点の鍵になります。最新の試験要項もあわせて確認してください。賃管試験では用語集と条文の対応づけが得点の鍵になります。最新の試験要項もあわせて確認してください。,確認先はどこですか？,区分所有法・適正化法・用語集を参照してください。管業試験では用語集と条文の対応づけが得点の鍵になります。最新の試験要項もあわせて確認してください。賃管試験では用語集と条文の対応づけが得点の鍵になります。最新の試験要項もあわせて確認してください。
shuzen-kouji-cmp-s42,修繕工事：修繕の実施と修繕積立金の比較（S42）,区分所有法,修繕の実施;修繕積立金,修繕工事（試験頻出）として修繕の実施と修繕積立金の関係を整理します。,修繕の実施;修繕積立金,"[{""axis"": ""主体"", ""cols"": [""修繕の実施中心"", ""修繕積立金中心""]}, {""axis"": ""手続"", ""cols"": [""総会・理事会"", ""届出・規約""]}, {""axis"": ""数値"", ""cols"": [""5分の4等"", ""規約・条文""]}, {""axis"": ""試験"", ""cols"": [""「修繕の実施＝修繕積立金」"", ""「同一決議」""]}, {""axis"": ""混同"", ""cols"": [""管業決定"", ""管理会社決定""]}]",修繕工事：修繕の実施と修繕積立金の比較（S42）｜管業,修繕工事（試験頻出）として修繕の実施と修繕積立金の関係を整理します。管理組合・総会・管業の権限を表で整理してください。数値・日程・合格基準はマンション管理業協会（www.mankan.or.jp）の試験要項で必ずご確認ください。,修繕の実施と修繕積立金を分離;決議要件;管業は支援;試験の正誤肢に注意,修繕の実施＝修繕積立金;管業が決定;過半数で規約変更;試験の正誤肢に注意,「修繕の実施と修繕積立金を分ける」。,修繕の実施;修繕積立金,修繕の実施の要点は？,修繕工事（試験頻出）として修繕の実施と修繕積立金の関係を整理します。修繕の実施の主体・手続を用語集で確認してください。管業試験では用語集と条文の対応づけが得点の鍵になります。最新の試験要項もあわせて確認してください。,修繕積立金との違いは？,修繕積立金は別枠です。比較表を作成してください。管業試験では用語集と条文の対応づけが得点の鍵になります。最新の試験要項もあわせて確認してください。賃管試験では用語集と条文の対応づけが得点の鍵になります。最新の試験要項もあわせて確認してください。,試験対策の進め方は？,決議四段表・機関表を作成し、過去問を反復してください。管業試験では用語集と条文の対応づけが得点の鍵になります。最新の試験要項もあわせて確認してください。賃管試験では用語集と条文の対応づけが得点の鍵になります。最新の試験要項もあわせて確認してください。,確認先はどこですか？,区分所有法・適正化法・用語集を参照してください。管業試験では用語集と条文の対応づけが得点の鍵になります。最新の試験要項もあわせて確認してください。賃管試験では用語集と条文の対応づけが得点の鍵になります。最新の試験要項もあわせて確認してください。
sokai-shoushu-cmp-s42,総会招集：総会の招集と総会の比較（S42）,区分所有法,総会の招集;総会,総会招集（試験頻出）として総会の招集と総会の関係を整理します。,総会の招集;総会,"[{""axis"": ""主体"", ""cols"": [""総会の招集中心"", ""総会中心""]}, {""axis"": ""手続"", ""cols"": [""総会・理事会"", ""届出・規約""]}, {""axis"": ""数値"", ""cols"": [""5分の4等"", ""規約・条文""]}, {""axis"": ""試験"", ""cols"": [""「総会の招集＝総会」"", ""「同一決議」""]}, {""axis"": ""混同"", ""cols"": [""管業決定"", ""管理会社決定""]}]",総会招集：総会の招集と総会の比較（S42）｜管業,総会招集（試験頻出）として総会の招集と総会の関係を整理します。管理組合・総会・管業の権限を表で整理してください。数値・日程・合格基準はマンション管理業協会（www.mankan.or.jp）の試験要項で必ずご確認ください。,総会の招集と総会を分離;決議要件;管業は支援;試験の正誤肢に注意,総会の招集＝総会;管業が決定;過半数で規約変更;試験の正誤肢に注意,「総会の招集と総会を分ける」。,総会の招集;総会,総会の招集の要点は？,総会招集（試験頻出）として総会の招集と総会の関係を整理します。総会の招集の主体・手続を用語集で確認してください。管業試験では用語集と条文の対応づけが得点の鍵になります。最新の試験要項もあわせて確認してください。,総会との違いは？,総会は別枠です。比較表を作成してください。管業試験では用語集と条文の対応づけが得点の鍵になります。最新の試験要項もあわせて確認してください。賃管試験では用語集と条文の対応づけが得点の鍵になります。最新の試験要項もあわせて確認してください。,試験対策の進め方は？,決議四段表・機関表を作成し、過去問を反復してください。管業試験では用語集と条文の対応づけが得点の鍵になります。最新の試験要項もあわせて確認してください。賃管試験では用語集と条文の対応づけが得点の鍵になります。最新の試験要項もあわせて確認してください。,確認先はどこですか？,区分所有法・適正化法・用語集を参照してください。管業試験では用語集と条文の対応づけが得点の鍵になります。最新の試験要項もあわせて確認してください。賃管試験では用語集と条文の対応づけが得点の鍵になります。最新の試験要項もあわせて確認してください。
kanri-itaku-koushin-cmp-s42,管理委託更新：委託契約の変更とマンション標準管理委託契約書の比較（S42）,区分所有法,委託契約の変更;マンション標準管理委託契約書,管理委託更新（試験頻出）として委託契約の変更とマンション標準管理委託契約書の関係を整理します。,委託契約の変更;マンション標準管理委託契約書,"[{""axis"": ""主体"", ""cols"": [""委託契約の変更中心"", ""マンション標準管理委託契約書中心""]}, {""axis"": ""手続"", ""cols"": [""総会・理事会"", ""届出・規約""]}, {""axis"": ""数値"", ""cols"": [""5分の4等"", ""規約・条文""]}, {""axis"": ""試験"", ""cols"": [""「委託契約の変更＝マンション標準管理委託契約書」"", ""「同一決議」""]}, {""axis"": ""混同"", ""cols"": [""管業決定"", ""管理会社決定""]}]",管理委託更新：委託契約の変更とマンション標準管理委託契約書の比較（S42）｜管業,管理委託更新（試験頻出）として委託契約の変更とマンション標準管理委託契約書の関係を整理します。管理組合・総会・管業の権限を表で整理してください。数値・日程・合格基準はマンション管理業協会（www.mankan.or.jp）の試験要項で必ずご確認ください。,委託契約の変更とマンション標準管理委託契約書を分離;決議要件;管業は支援;試験の正誤肢に注意,委託契約の変更＝マンション標準管理委託契約書;管業が決定;過半数で規約変更;試験の正誤肢に注意,「委託契約の変更とマンション標準管理委託契約書を分ける」。,委託契約の変更;マンション標準管理委託契約書,委託契約の変更の要点は？,管理委託更新（試験頻出）として委託契約の変更とマンション標準管理委託契約書の関係を整理します。委託契約の変更の主体・手続を用語集で確認してください。管業試験では用語集と条文の対応づけが得点の鍵になります。最新の試験要項もあわせて確認してください。,マンション標準管理委託契約書との違いは？,マンション標準管理委託契約書は別枠です。比較表を作成してください。管業試験では用語集と条文の対応づけが得点の鍵になります。最新の試験要項もあわせて確認してください。賃管試験では用語集と条文の対応づけが得点の鍵になります。最新の試験要項もあわせて確認してください。,試験対策の進め方は？,決議四段表・機関表を作成し、過去問を反復してください。管業試験では用語集と条文の対応づけが得点の鍵になります。最新の試験要項もあわせて確認してください。賃管試験では用語集と条文の対応づけが得点の鍵になります。最新の試験要項もあわせて確認してください。,確認先はどこですか？,区分所有法・適正化法・用語集を参照してください。管業試験では用語集と条文の対応づけが得点の鍵になります。最新の試験要項もあわせて確認してください。賃管試験では用語集と条文の対応づけが得点の鍵になります。最新の試験要項もあわせて確認してください。
tekiseika-todoke-cmp-s42,適正化法届出：管理業務主任者の届出と管理業務主任者の比較（S42）,管理適正化法,管理業務主任者の届出;管理業務主任者,適正化法届出（試験頻出）として管理業務主任者の届出と管理業務主任者の関係を整理します。,管理業務主任者の届出;管理業務主任者,"[{""axis"": ""主体"", ""cols"": [""管理業務主任者の届出中心"", ""管理業務主任者中心""]}, {""axis"": ""手続"", ""cols"": [""総会・理事会"", ""届出・規約""]}, {""axis"": ""数値"", ""cols"": [""5分の4等"", ""規約・条文""]}, {""axis"": ""試験"", ""cols"": [""「管理業務主任者の届出＝管理業務主任者」"", ""「同一決議」""]}, {""axis"": ""混同"", ""cols"": [""管業決定"", ""管理会社決定""]}]",適正化法届出：管理業務主任者の届出と管理業務主任者の比較（S42）｜管業,適正化法届出（試験頻出）として管理業務主任者の届出と管理業務主任者の関係を整理します。管理組合・総会・管業の権限を表で整理してください。数値・日程・合格基準はマンション管理業協会（www.mankan.or.jp）の試験要項で必ずご確認ください。,管理業務主任者の届出と管理業務主任者を分離;決議要件;管業は支援;試験の正誤肢に注意,管理業務主任者の届出＝管理業務主任者;管業が決定;過半数で規約変更;試験の正誤肢に注意,「管理業務主任者の届出と管理業務主任者を分ける」。,管理業務主任者の届出;管理業務主任者,管理業務主任者の届出の要点は？,適正化法届出（試験頻出）として管理業務主任者の届出と管理業務主任者の関係を整理します。管理業務主任者の届出の主体・手続を用語集で確認してください。管業試験では用語集と条文の対応づけが得点の鍵になります。最新の試験要項もあわせて確認してください。,管理業務主任者との違いは？,管理業務主任者は別枠です。比較表を作成してください。管業試験では用語集と条文の対応づけが得点の鍵になります。最新の試験要項もあわせて確認してください。賃管試験では用語集と条文の対応づけが得点の鍵になります。最新の試験要項もあわせて確認してください。,試験対策の進め方は？,決議四段表・機関表を作成し、過去問を反復してください。管業試験では用語集と条文の対応づけが得点の鍵になります。最新の試験要項もあわせて確認してください。賃管試験では用語集と条文の対応づけが得点の鍵になります。最新の試験要項もあわせて確認してください。,確認先はどこですか？,区分所有法・適正化法・用語集を参照してください。管業試験では用語集と条文の対応づけが得点の鍵になります。最新の試験要項もあわせて確認してください。賃管試験では用語集と条文の対応づけが得点の鍵になります。最新の試験要項もあわせて確認してください。
senyu-kanri-cmp-s42,専有部管理：専有部分と専有部分への立入りの比較（S42）,区分所有法,専有部分;専有部分への立入り,専有部管理（試験頻出）として専有部分と専有部分への立入りの関係を整理します。,専有部分;専有部分への立入り,"[{""axis"": ""主体"", ""cols"": [""専有部分中心"", ""専有部分への立入り中心""]}, {""axis"": ""手続"", ""cols"": [""総会・理事会"", ""届出・規約""]}, {""axis"": ""数値"", ""cols"": [""5分の4等"", ""規約・条文""]}, {""axis"": ""試験"", ""cols"": [""「専有部分＝専有部分への立入り」"", ""「同一決議」""]}, {""axis"": ""混同"", ""cols"": [""管業決定"", ""管理会社決定""]}]",専有部管理：専有部分と専有部分への立入りの比較（S42）｜管業,専有部管理（試験頻出）として専有部分と専有部分への立入りの関係を整理します。管理組合・総会・管業の権限を表で整理してください。数値・日程・合格基準はマンション管理業協会（www.mankan.or.jp）の試験要項で必ずご確認ください。,専有部分と専有部分への立入りを分離;決議要件;管業は支援;試験の正誤肢に注意,専有部分＝専有部分への立入り;管業が決定;過半数で規約変更;試験の正誤肢に注意,「専有部分と専有部分への立入りを分ける」。,専有部分;専有部分への立入り,専有部分の要点は？,専有部管理（試験頻出）として専有部分と専有部分への立入りの関係を整理します。専有部分の主体・手続を用語集で確認してください。管業試験では用語集と条文の対応づけが得点の鍵になります。最新の試験要項もあわせて確認してください。,専有部分への立入りとの違いは？,専有部分への立入りは別枠です。比較表を作成してください。管業試験では用語集と条文の対応づけが得点の鍵になります。最新の試験要項もあわせて確認してください。賃管試験では用語集と条文の対応づけが得点の鍵になります。最新の試験要項もあわせて確認してください。,試験対策の進め方は？,決議四段表・機関表を作成し、過去問を反復してください。管業試験では用語集と条文の対応づけが得点の鍵になります。最新の試験要項もあわせて確認してください。賃管試験では用語集と条文の対応づけが得点の鍵になります。最新の試験要項もあわせて確認してください。,確認先はどこですか？,区分所有法・適正化法・用語集を参照してください。管業試験では用語集と条文の対応づけが得点の鍵になります。最新の試験要項もあわせて確認してください。賃管試験では用語集と条文の対応づけが得点の鍵になります。最新の試験要項もあわせて確認してください。
kanrinin-kyouiku-cmp-s42,管理員教育：管理員と管理員の配置の比較（S42）,管理適正化法,管理員;管理員の配置,管理員教育（試験頻出）として管理員と管理員の配置の関係を整理します。,管理員;管理員の配置,"[{""axis"": ""主体"", ""cols"": [""管理員中心"", ""管理員の配置中心""]}, {""axis"": ""手続"", ""cols"": [""総会・理事会"", ""届出・規約""]}, {""axis"": ""数値"", ""cols"": [""5分の4等"", ""規約・条文""]}, {""axis"": ""試験"", ""cols"": [""「管理員＝管理員の配置」"", ""「同一決議」""]}, {""axis"": ""混同"", ""cols"": [""管業決定"", ""管理会社決定""]}]",管理員教育：管理員と管理員の配置の比較（S42）｜管業,管理員教育（試験頻出）として管理員と管理員の配置の関係を整理します。管理組合・総会・管業の権限を表で整理してください。数値・日程・合格基準はマンション管理業協会（www.mankan.or.jp）の試験要項で必ずご確認ください。,管理員と管理員の配置を分離;決議要件;管業は支援;試験の正誤肢に注意,管理員＝管理員の配置;管業が決定;過半数で規約変更;試験の正誤肢に注意,「管理員と管理員の配置を分ける」。,管理員;管理員の配置,管理員の要点は？,管理員教育（試験頻出）として管理員と管理員の配置の関係を整理します。管理員の主体・手続を用語集で確認してください。管業試験では用語集と条文の対応づけが得点の鍵になります。最新の試験要項もあわせて確認してください。,管理員の配置との違いは？,管理員の配置は別枠です。比較表を作成してください。管業試験では用語集と条文の対応づけが得点の鍵になります。最新の試験要項もあわせて確認してください。賃管試験では用語集と条文の対応づけが得点の鍵になります。最新の試験要項もあわせて確認してください。,試験対策の進め方は？,決議四段表・機関表を作成し、過去問を反復してください。管業試験では用語集と条文の対応づけが得点の鍵になります。最新の試験要項もあわせて確認してください。賃管試験では用語集と条文の対応づけが得点の鍵になります。最新の試験要項もあわせて確認してください。,確認先はどこですか？,区分所有法・適正化法・用語集を参照してください。管業試験では用語集と条文の対応づけが得点の鍵になります。最新の試験要項もあわせて確認してください。賃管試験では用語集と条文の対応づけが得点の鍵になります。最新の試験要項もあわせて確認してください。
kaikei-houkoku-cmp-s42,会計報告：管理組合会計と一般会計の比較（S42）,区分所有法,管理組合会計;一般会計,会計報告（試験頻出）として管理組合会計と一般会計の関係を整理します。,管理組合会計;一般会計,"[{""axis"": ""主体"", ""cols"": [""管理組合会計中心"", ""一般会計中心""]}, {""axis"": ""手続"", ""cols"": [""総会・理事会"", ""届出・規約""]}, {""axis"": ""数値"", ""cols"": [""5分の4等"", ""規約・条文""]}, {""axis"": ""試験"", ""cols"": [""「管理組合会計＝一般会計」"", ""「同一決議」""]}, {""axis"": ""混同"", ""cols"": [""管業決定"", ""管理会社決定""]}]",会計報告：管理組合会計と一般会計の比較（S42）｜管業,会計報告（試験頻出）として管理組合会計と一般会計の関係を整理します。管理組合・総会・管業の権限を表で整理してください。数値・日程・合格基準はマンション管理業協会（www.mankan.or.jp）の試験要項で必ずご確認ください。,管理組合会計と一般会計を分離;決議要件;管業は支援;試験の正誤肢に注意,管理組合会計＝一般会計;管業が決定;過半数で規約変更;試験の正誤肢に注意,「管理組合会計と一般会計を分ける」。,管理組合会計;一般会計,管理組合会計の要点は？,会計報告（試験頻出）として管理組合会計と一般会計の関係を整理します。管理組合会計の主体・手続を用語集で確認してください。管業試験では用語集と条文の対応づけが得点の鍵になります。最新の試験要項もあわせて確認してください。,一般会計との違いは？,一般会計は別枠です。比較表を作成してください。管業試験では用語集と条文の対応づけが得点の鍵になります。最新の試験要項もあわせて確認してください。賃管試験では用語集と条文の対応づけが得点の鍵になります。最新の試験要項もあわせて確認してください。,試験対策の進め方は？,決議四段表・機関表を作成し、過去問を反復してください。管業試験では用語集と条文の対応づけが得点の鍵になります。最新の試験要項もあわせて確認してください。賃管試験では用語集と条文の対応づけが得点の鍵になります。最新の試験要項もあわせて確認してください。,確認先はどこですか？,区分所有法・適正化法・用語集を参照してください。管業試験では用語集と条文の対応づけが得点の鍵になります。最新の試験要項もあわせて確認してください。賃管試験では用語集と条文の対応づけが得点の鍵になります。最新の試験要項もあわせて確認してください。
tatekae-tetsuzuki-cmp-s42,建替え手続：建替えの手続と建替え決議の比較（S42）,区分所有法,建替えの手続;建替え決議,建替え手続（試験頻出）として建替えの手続と建替え決議の関係を整理します。,建替えの手続;建替え決議,"[{""axis"": ""主体"", ""cols"": [""建替えの手続中心"", ""建替え決議中心""]}, {""axis"": ""手続"", ""cols"": [""総会・理事会"", ""届出・規約""]}, {""axis"": ""数値"", ""cols"": [""5分の4等"", ""規約・条文""]}, {""axis"": ""試験"", ""cols"": [""「建替えの手続＝建替え決議」"", ""「同一決議」""]}, {""axis"": ""混同"", ""cols"": [""管業決定"", ""管理会社決定""]}]",建替え手続：建替えの手続と建替え決議の比較（S42）｜管業,建替え手続（試験頻出）として建替えの手続と建替え決議の関係を整理します。管理組合・総会・管業の権限を表で整理してください。数値・日程・合格基準はマンション管理業協会（www.mankan.or.jp）の試験要項で必ずご確認ください。,建替えの手続と建替え決議を分離;決議要件;管業は支援;試験の正誤肢に注意,建替えの手続＝建替え決議;管業が決定;過半数で規約変更;試験の正誤肢に注意,「建替えの手続と建替え決議を分ける」。,建替えの手続;建替え決議,建替えの手続の要点は？,建替え手続（試験頻出）として建替えの手続と建替え決議の関係を整理します。建替えの手続の主体・手続を用語集で確認してください。管業試験では用語集と条文の対応づけが得点の鍵になります。最新の試験要項もあわせて確認してください。,建替え決議との違いは？,建替え決議は別枠です。比較表を作成してください。管業試験では用語集と条文の対応づけが得点の鍵になります。最新の試験要項もあわせて確認してください。賃管試験では用語集と条文の対応づけが得点の鍵になります。最新の試験要項もあわせて確認してください。,試験対策の進め方は？,決議四段表・機関表を作成し、過去問を反復してください。管業試験では用語集と条文の対応づけが得点の鍵になります。最新の試験要項もあわせて確認してください。賃管試験では用語集と条文の対応づけが得点の鍵になります。最新の試験要項もあわせて確認してください。,確認先はどこですか？,区分所有法・適正化法・用語集を参照してください。管業試験では用語集と条文の対応づけが得点の鍵になります。最新の試験要項もあわせて確認してください。賃管試験では用語集と条文の対応づけが得点の鍵になります。最新の試験要項もあわせて確認してください。
kangyou-chokuzen-cmp-s42,管業直前：管理業務主任者試験と管理業務主任者の比較（S42）,判例・横断総合,管理業務主任者試験;管理業務主任者,管業直前（試験頻出）として管理業務主任者試験と管理業務主任者の関係を整理します。,管理業務主任者試験;管理業務主任者,"[{""axis"": ""主体"", ""cols"": [""管理業務主任者試験中心"", ""管理業務主任者中心""]}, {""axis"": ""手続"", ""cols"": [""総会・理事会"", ""届出・規約""]}, {""axis"": ""数値"", ""cols"": [""5分の4等"", ""規約・条文""]}, {""axis"": ""試験"", ""cols"": [""「管理業務主任者試験＝管理業務主任者」"", ""「同一決議」""]}, {""axis"": ""混同"", ""cols"": [""管業決定"", ""管理会社決定""]}]",管業直前：管理業務主任者試験と管理業務主任者の比較（S42）｜管業,管業直前（試験頻出）として管理業務主任者試験と管理業務主任者の関係を整理します。管理組合・総会・管業の権限を表で整理してください。数値・日程・合格基準はマンション管理業協会（www.mankan.or.jp）の試験要項で必ずご確認ください。,管理業務主任者試験と管理業務主任者を分離;決議要件;管業は支援;試験の正誤肢に注意,管理業務主任者試験＝管理業務主任者;管業が決定;過半数で規約変更;試験の正誤肢に注意,「管理業務主任者試験と管理業務主任者を分ける」。,管理業務主任者試験;管理業務主任者,管理業務主任者試験の要点は？,管業直前（試験頻出）として管理業務主任者試験と管理業務主任者の関係を整理します。管理業務主任者試験の主体・手続を用語集で確認してください。管業試験では用語集と条文の対応づけが得点の鍵になります。最新の試験要項もあわせて確認してください。,管理業務主任者との違いは？,管理業務主任者は別枠です。比較表を作成してください。管業試験では用語集と条文の対応づけが得点の鍵になります。最新の試験要項もあわせて確認してください。賃管試験では用語集と条文の対応づけが得点の鍵になります。最新の試験要項もあわせて確認してください。,試験対策の進め方は？,決議四段表・機関表を作成し、過去問を反復してください。管業試験では用語集と条文の対応づけが得点の鍵になります。最新の試験要項もあわせて確認してください。賃管試験では用語集と条文の対応づけが得点の鍵になります。最新の試験要項もあわせて確認してください。,確認先はどこですか？,区分所有法・適正化法・用語集を参照してください。管業試験では用語集と条文の対応づけが得点の鍵になります。最新の試験要項もあわせて確認してください。賃管試験では用語集と条文の対応づけが得点の鍵になります。最新の試験要項もあわせて確認してください。
kumiai-kansa-cmp-s43,管理組合監査：監査と監査報告の比較（S43）,区分所有法,監査;監査報告,管理組合監査（判例・ガイド）として監査と監査報告の関係を整理します。,監査;監査報告,"[{""axis"": ""主体"", ""cols"": [""監査中心"", ""監査報告中心""]}, {""axis"": ""手続"", ""cols"": [""総会・理事会"", ""届出・規約""]}, {""axis"": ""数値"", ""cols"": [""5分の4等"", ""規約・条文""]}, {""axis"": ""試験"", ""cols"": [""「監査＝監査報告」"", ""「同一決議」""]}, {""axis"": ""混同"", ""cols"": [""管業決定"", ""管理会社決定""]}]",管理組合監査：監査と監査報告の比較（S43）｜管業,管理組合監査（判例・ガイド）として監査と監査報告の関係を整理します。管理組合・総会・管業の権限を表で整理してください。数値・日程・合格基準はマンション管理業協会（www.mankan.or.jp）の試験要項で必ずご確認ください。,監査と監査報告を分離;決議要件;管業は支援;試験の正誤肢に注意,監査＝監査報告;管業が決定;過半数で規約変更;試験の正誤肢に注意,「監査と監査報告を分ける」。,監査;監査報告,監査の要点は？,管理組合監査（判例・ガイド）として監査と監査報告の関係を整理します。監査の主体・手続を用語集で確認してください。管業試験では用語集と条文の対応づけが得点の鍵になります。最新の試験要項もあわせて確認してください。,監査報告との違いは？,監査報告は別枠です。比較表を作成してください。管業試験では用語集と条文の対応づけが得点の鍵になります。最新の試験要項もあわせて確認してください。賃管試験では用語集と条文の対応づけが得点の鍵になります。最新の試験要項もあわせて確認してください。,試験対策の進め方は？,決議四段表・機関表を作成し、過去問を反復してください。管業試験では用語集と条文の対応づけが得点の鍵になります。最新の試験要項もあわせて確認してください。賃管試験では用語集と条文の対応づけが得点の鍵になります。最新の試験要項もあわせて確認してください。,確認先はどこですか？,区分所有法・適正化法・用語集を参照してください。管業試験では用語集と条文の対応づけが得点の鍵になります。最新の試験要項もあわせて確認してください。賃管試験では用語集と条文の対応づけが得点の鍵になります。最新の試験要項もあわせて確認してください。
shuzen-kouji-cmp-s43,修繕工事：修繕の実施と修繕積立金の比較（S43）,区分所有法,修繕の実施;修繕積立金,修繕工事（判例・ガイド）として修繕の実施と修繕積立金の関係を整理します。,修繕の実施;修繕積立金,"[{""axis"": ""主体"", ""cols"": [""修繕の実施中心"", ""修繕積立金中心""]}, {""axis"": ""手続"", ""cols"": [""総会・理事会"", ""届出・規約""]}, {""axis"": ""数値"", ""cols"": [""5分の4等"", ""規約・条文""]}, {""axis"": ""試験"", ""cols"": [""「修繕の実施＝修繕積立金」"", ""「同一決議」""]}, {""axis"": ""混同"", ""cols"": [""管業決定"", ""管理会社決定""]}]",修繕工事：修繕の実施と修繕積立金の比較（S43）｜管業,修繕工事（判例・ガイド）として修繕の実施と修繕積立金の関係を整理します。管理組合・総会・管業の権限を表で整理してください。数値・日程・合格基準はマンション管理業協会（www.mankan.or.jp）の試験要項で必ずご確認ください。,修繕の実施と修繕積立金を分離;決議要件;管業は支援;試験の正誤肢に注意,修繕の実施＝修繕積立金;管業が決定;過半数で規約変更;試験の正誤肢に注意,「修繕の実施と修繕積立金を分ける」。,修繕の実施;修繕積立金,修繕の実施の要点は？,修繕工事（判例・ガイド）として修繕の実施と修繕積立金の関係を整理します。修繕の実施の主体・手続を用語集で確認してください。管業試験では用語集と条文の対応づけが得点の鍵になります。最新の試験要項もあわせて確認してください。,修繕積立金との違いは？,修繕積立金は別枠です。比較表を作成してください。管業試験では用語集と条文の対応づけが得点の鍵になります。最新の試験要項もあわせて確認してください。賃管試験では用語集と条文の対応づけが得点の鍵になります。最新の試験要項もあわせて確認してください。,試験対策の進め方は？,決議四段表・機関表を作成し、過去問を反復してください。管業試験では用語集と条文の対応づけが得点の鍵になります。最新の試験要項もあわせて確認してください。賃管試験では用語集と条文の対応づけが得点の鍵になります。最新の試験要項もあわせて確認してください。,確認先はどこですか？,区分所有法・適正化法・用語集を参照してください。管業試験では用語集と条文の対応づけが得点の鍵になります。最新の試験要項もあわせて確認してください。賃管試験では用語集と条文の対応づけが得点の鍵になります。最新の試験要項もあわせて確認してください。
sokai-shoushu-cmp-s43,総会招集：総会の招集と総会の比較（S43）,区分所有法,総会の招集;総会,総会招集（判例・ガイド）として総会の招集と総会の関係を整理します。,総会の招集;総会,"[{""axis"": ""主体"", ""cols"": [""総会の招集中心"", ""総会中心""]}, {""axis"": ""手続"", ""cols"": [""総会・理事会"", ""届出・規約""]}, {""axis"": ""数値"", ""cols"": [""5分の4等"", ""規約・条文""]}, {""axis"": ""試験"", ""cols"": [""「総会の招集＝総会」"", ""「同一決議」""]}, {""axis"": ""混同"", ""cols"": [""管業決定"", ""管理会社決定""]}]",総会招集：総会の招集と総会の比較（S43）｜管業,総会招集（判例・ガイド）として総会の招集と総会の関係を整理します。管理組合・総会・管業の権限を表で整理してください。数値・日程・合格基準はマンション管理業協会（www.mankan.or.jp）の試験要項で必ずご確認ください。,総会の招集と総会を分離;決議要件;管業は支援;試験の正誤肢に注意,総会の招集＝総会;管業が決定;過半数で規約変更;試験の正誤肢に注意,「総会の招集と総会を分ける」。,総会の招集;総会,総会の招集の要点は？,総会招集（判例・ガイド）として総会の招集と総会の関係を整理します。総会の招集の主体・手続を用語集で確認してください。管業試験では用語集と条文の対応づけが得点の鍵になります。最新の試験要項もあわせて確認してください。,総会との違いは？,総会は別枠です。比較表を作成してください。管業試験では用語集と条文の対応づけが得点の鍵になります。最新の試験要項もあわせて確認してください。賃管試験では用語集と条文の対応づけが得点の鍵になります。最新の試験要項もあわせて確認してください。,試験対策の進め方は？,決議四段表・機関表を作成し、過去問を反復してください。管業試験では用語集と条文の対応づけが得点の鍵になります。最新の試験要項もあわせて確認してください。賃管試験では用語集と条文の対応づけが得点の鍵になります。最新の試験要項もあわせて確認してください。,確認先はどこですか？,区分所有法・適正化法・用語集を参照してください。管業試験では用語集と条文の対応づけが得点の鍵になります。最新の試験要項もあわせて確認してください。賃管試験では用語集と条文の対応づけが得点の鍵になります。最新の試験要項もあわせて確認してください。
kanri-itaku-koushin-cmp-s43,管理委託更新：委託契約の変更とマンション標準管理委託契約書の比較（S43）,区分所有法,委託契約の変更;マンション標準管理委託契約書,管理委託更新（判例・ガイド）として委託契約の変更とマンション標準管理委託契約書の関係を整理します。,委託契約の変更;マンション標準管理委託契約書,"[{""axis"": ""主体"", ""cols"": [""委託契約の変更中心"", ""マンション標準管理委託契約書中心""]}, {""axis"": ""手続"", ""cols"": [""総会・理事会"", ""届出・規約""]}, {""axis"": ""数値"", ""cols"": [""5分の4等"", ""規約・条文""]}, {""axis"": ""試験"", ""cols"": [""「委託契約の変更＝マンション標準管理委託契約書」"", ""「同一決議」""]}, {""axis"": ""混同"", ""cols"": [""管業決定"", ""管理会社決定""]}]",管理委託更新：委託契約の変更とマンション標準管理委託契約書の比較（S43）｜管業,管理委託更新（判例・ガイド）として委託契約の変更とマンション標準管理委託契約書の関係を整理します。管理組合・総会・管業の権限を表で整理してください。数値・日程・合格基準はマンション管理業協会（www.mankan.or.jp）の試験要項で必ずご確認ください。,委託契約の変更とマンション標準管理委託契約書を分離;決議要件;管業は支援;試験の正誤肢に注意,委託契約の変更＝マンション標準管理委託契約書;管業が決定;過半数で規約変更;試験の正誤肢に注意,「委託契約の変更とマンション標準管理委託契約書を分ける」。,委託契約の変更;マンション標準管理委託契約書,委託契約の変更の要点は？,管理委託更新（判例・ガイド）として委託契約の変更とマンション標準管理委託契約書の関係を整理します。委託契約の変更の主体・手続を用語集で確認してください。管業試験では用語集と条文の対応づけが得点の鍵になります。最新の試験要項もあわせて確認してください。,マンション標準管理委託契約書との違いは？,マンション標準管理委託契約書は別枠です。比較表を作成してください。管業試験では用語集と条文の対応づけが得点の鍵になります。最新の試験要項もあわせて確認してください。賃管試験では用語集と条文の対応づけが得点の鍵になります。最新の試験要項もあわせて確認してください。,試験対策の進め方は？,決議四段表・機関表を作成し、過去問を反復してください。管業試験では用語集と条文の対応づけが得点の鍵になります。最新の試験要項もあわせて確認してください。賃管試験では用語集と条文の対応づけが得点の鍵になります。最新の試験要項もあわせて確認してください。,確認先はどこですか？,区分所有法・適正化法・用語集を参照してください。管業試験では用語集と条文の対応づけが得点の鍵になります。最新の試験要項もあわせて確認してください。賃管試験では用語集と条文の対応づけが得点の鍵になります。最新の試験要項もあわせて確認してください。
tekiseika-todoke-cmp-s43,適正化法届出：管理業務主任者の届出と管理業務主任者の比較（S43）,管理適正化法,管理業務主任者の届出;管理業務主任者,適正化法届出（判例・ガイド）として管理業務主任者の届出と管理業務主任者の関係を整理します。,管理業務主任者の届出;管理業務主任者,"[{""axis"": ""主体"", ""cols"": [""管理業務主任者の届出中心"", ""管理業務主任者中心""]}, {""axis"": ""手続"", ""cols"": [""総会・理事会"", ""届出・規約""]}, {""axis"": ""数値"", ""cols"": [""5分の4等"", ""規約・条文""]}, {""axis"": ""試験"", ""cols"": [""「管理業務主任者の届出＝管理業務主任者」"", ""「同一決議」""]}, {""axis"": ""混同"", ""cols"": [""管業決定"", ""管理会社決定""]}]",適正化法届出：管理業務主任者の届出と管理業務主任者の比較（S43）｜管業,適正化法届出（判例・ガイド）として管理業務主任者の届出と管理業務主任者の関係を整理します。管理組合・総会・管業の権限を表で整理してください。数値・日程・合格基準はマンション管理業協会（www.mankan.or.jp）の試験要項で必ずご確認ください。,管理業務主任者の届出と管理業務主任者を分離;決議要件;管業は支援;試験の正誤肢に注意,管理業務主任者の届出＝管理業務主任者;管業が決定;過半数で規約変更;試験の正誤肢に注意,「管理業務主任者の届出と管理業務主任者を分ける」。,管理業務主任者の届出;管理業務主任者,管理業務主任者の届出の要点は？,適正化法届出（判例・ガイド）として管理業務主任者の届出と管理業務主任者の関係を整理します。管理業務主任者の届出の主体・手続を用語集で確認してください。管業試験では用語集と条文の対応づけが得点の鍵になります。最新の試験要項もあわせて確認してください。,管理業務主任者との違いは？,管理業務主任者は別枠です。比較表を作成してください。管業試験では用語集と条文の対応づけが得点の鍵になります。最新の試験要項もあわせて確認してください。賃管試験では用語集と条文の対応づけが得点の鍵になります。最新の試験要項もあわせて確認してください。,試験対策の進め方は？,決議四段表・機関表を作成し、過去問を反復してください。管業試験では用語集と条文の対応づけが得点の鍵になります。最新の試験要項もあわせて確認してください。賃管試験では用語集と条文の対応づけが得点の鍵になります。最新の試験要項もあわせて確認してください。,確認先はどこですか？,区分所有法・適正化法・用語集を参照してください。管業試験では用語集と条文の対応づけが得点の鍵になります。最新の試験要項もあわせて確認してください。賃管試験では用語集と条文の対応づけが得点の鍵になります。最新の試験要項もあわせて確認してください。
senyu-kanri-cmp-s43,専有部管理：専有部分と専有部分への立入りの比較（S43）,区分所有法,専有部分;専有部分への立入り,専有部管理（判例・ガイド）として専有部分と専有部分への立入りの関係を整理します。,専有部分;専有部分への立入り,"[{""axis"": ""主体"", ""cols"": [""専有部分中心"", ""専有部分への立入り中心""]}, {""axis"": ""手続"", ""cols"": [""総会・理事会"", ""届出・規約""]}, {""axis"": ""数値"", ""cols"": [""5分の4等"", ""規約・条文""]}, {""axis"": ""試験"", ""cols"": [""「専有部分＝専有部分への立入り」"", ""「同一決議」""]}, {""axis"": ""混同"", ""cols"": [""管業決定"", ""管理会社決定""]}]",専有部管理：専有部分と専有部分への立入りの比較（S43）｜管業,専有部管理（判例・ガイド）として専有部分と専有部分への立入りの関係を整理します。管理組合・総会・管業の権限を表で整理してください。数値・日程・合格基準はマンション管理業協会（www.mankan.or.jp）の試験要項で必ずご確認ください。,専有部分と専有部分への立入りを分離;決議要件;管業は支援;試験の正誤肢に注意,専有部分＝専有部分への立入り;管業が決定;過半数で規約変更;試験の正誤肢に注意,「専有部分と専有部分への立入りを分ける」。,専有部分;専有部分への立入り,専有部分の要点は？,専有部管理（判例・ガイド）として専有部分と専有部分への立入りの関係を整理します。専有部分の主体・手続を用語集で確認してください。管業試験では用語集と条文の対応づけが得点の鍵になります。最新の試験要項もあわせて確認してください。,専有部分への立入りとの違いは？,専有部分への立入りは別枠です。比較表を作成してください。管業試験では用語集と条文の対応づけが得点の鍵になります。最新の試験要項もあわせて確認してください。賃管試験では用語集と条文の対応づけが得点の鍵になります。最新の試験要項もあわせて確認してください。,試験対策の進め方は？,決議四段表・機関表を作成し、過去問を反復してください。管業試験では用語集と条文の対応づけが得点の鍵になります。最新の試験要項もあわせて確認してください。賃管試験では用語集と条文の対応づけが得点の鍵になります。最新の試験要項もあわせて確認してください。,確認先はどこですか？,区分所有法・適正化法・用語集を参照してください。管業試験では用語集と条文の対応づけが得点の鍵になります。最新の試験要項もあわせて確認してください。賃管試験では用語集と条文の対応づけが得点の鍵になります。最新の試験要項もあわせて確認してください。
kanrinin-kyouiku-cmp-s43,管理員教育：管理員と管理員の配置の比較（S43）,管理適正化法,管理員;管理員の配置,管理員教育（判例・ガイド）として管理員と管理員の配置の関係を整理します。,管理員;管理員の配置,"[{""axis"": ""主体"", ""cols"": [""管理員中心"", ""管理員の配置中心""]}, {""axis"": ""手続"", ""cols"": [""総会・理事会"", ""届出・規約""]}, {""axis"": ""数値"", ""cols"": [""5分の4等"", ""規約・条文""]}, {""axis"": ""試験"", ""cols"": [""「管理員＝管理員の配置」"", ""「同一決議」""]}, {""axis"": ""混同"", ""cols"": [""管業決定"", ""管理会社決定""]}]",管理員教育：管理員と管理員の配置の比較（S43）｜管業,管理員教育（判例・ガイド）として管理員と管理員の配置の関係を整理します。管理組合・総会・管業の権限を表で整理してください。数値・日程・合格基準はマンション管理業協会（www.mankan.or.jp）の試験要項で必ずご確認ください。,管理員と管理員の配置を分離;決議要件;管業は支援;試験の正誤肢に注意,管理員＝管理員の配置;管業が決定;過半数で規約変更;試験の正誤肢に注意,「管理員と管理員の配置を分ける」。,管理員;管理員の配置,管理員の要点は？,管理員教育（判例・ガイド）として管理員と管理員の配置の関係を整理します。管理員の主体・手続を用語集で確認してください。管業試験では用語集と条文の対応づけが得点の鍵になります。最新の試験要項もあわせて確認してください。,管理員の配置との違いは？,管理員の配置は別枠です。比較表を作成してください。管業試験では用語集と条文の対応づけが得点の鍵になります。最新の試験要項もあわせて確認してください。賃管試験では用語集と条文の対応づけが得点の鍵になります。最新の試験要項もあわせて確認してください。,試験対策の進め方は？,決議四段表・機関表を作成し、過去問を反復してください。管業試験では用語集と条文の対応づけが得点の鍵になります。最新の試験要項もあわせて確認してください。賃管試験では用語集と条文の対応づけが得点の鍵になります。最新の試験要項もあわせて確認してください。,確認先はどこですか？,区分所有法・適正化法・用語集を参照してください。管業試験では用語集と条文の対応づけが得点の鍵になります。最新の試験要項もあわせて確認してください。賃管試験では用語集と条文の対応づけが得点の鍵になります。最新の試験要項もあわせて確認してください。
kaikei-houkoku-cmp-s43,会計報告：管理組合会計と一般会計の比較（S43）,区分所有法,管理組合会計;一般会計,会計報告（判例・ガイド）として管理組合会計と一般会計の関係を整理します。,管理組合会計;一般会計,"[{""axis"": ""主体"", ""cols"": [""管理組合会計中心"", ""一般会計中心""]}, {""axis"": ""手続"", ""cols"": [""総会・理事会"", ""届出・規約""]}, {""axis"": ""数値"", ""cols"": [""5分の4等"", ""規約・条文""]}, {""axis"": ""試験"", ""cols"": [""「管理組合会計＝一般会計」"", ""「同一決議」""]}, {""axis"": ""混同"", ""cols"": [""管業決定"", ""管理会社決定""]}]",会計報告：管理組合会計と一般会計の比較（S43）｜管業,会計報告（判例・ガイド）として管理組合会計と一般会計の関係を整理します。管理組合・総会・管業の権限を表で整理してください。数値・日程・合格基準はマンション管理業協会（www.mankan.or.jp）の試験要項で必ずご確認ください。,管理組合会計と一般会計を分離;決議要件;管業は支援;試験の正誤肢に注意,管理組合会計＝一般会計;管業が決定;過半数で規約変更;試験の正誤肢に注意,「管理組合会計と一般会計を分ける」。,管理組合会計;一般会計,管理組合会計の要点は？,会計報告（判例・ガイド）として管理組合会計と一般会計の関係を整理します。管理組合会計の主体・手続を用語集で確認してください。管業試験では用語集と条文の対応づけが得点の鍵になります。最新の試験要項もあわせて確認してください。,一般会計との違いは？,一般会計は別枠です。比較表を作成してください。管業試験では用語集と条文の対応づけが得点の鍵になります。最新の試験要項もあわせて確認してください。賃管試験では用語集と条文の対応づけが得点の鍵になります。最新の試験要項もあわせて確認してください。,試験対策の進め方は？,決議四段表・機関表を作成し、過去問を反復してください。管業試験では用語集と条文の対応づけが得点の鍵になります。最新の試験要項もあわせて確認してください。賃管試験では用語集と条文の対応づけが得点の鍵になります。最新の試験要項もあわせて確認してください。,確認先はどこですか？,区分所有法・適正化法・用語集を参照してください。管業試験では用語集と条文の対応づけが得点の鍵になります。最新の試験要項もあわせて確認してください。賃管試験では用語集と条文の対応づけが得点の鍵になります。最新の試験要項もあわせて確認してください。
tatekae-tetsuzuki-cmp-s43,建替え手続：建替えの手続と建替え決議の比較（S43）,区分所有法,建替えの手続;建替え決議,建替え手続（判例・ガイド）として建替えの手続と建替え決議の関係を整理します。,建替えの手続;建替え決議,"[{""axis"": ""主体"", ""cols"": [""建替えの手続中心"", ""建替え決議中心""]}, {""axis"": ""手続"", ""cols"": [""総会・理事会"", ""届出・規約""]}, {""axis"": ""数値"", ""cols"": [""5分の4等"", ""規約・条文""]}, {""axis"": ""試験"", ""cols"": [""「建替えの手続＝建替え決議」"", ""「同一決議」""]}, {""axis"": ""混同"", ""cols"": [""管業決定"", ""管理会社決定""]}]",建替え手続：建替えの手続と建替え決議の比較（S43）｜管業,建替え手続（判例・ガイド）として建替えの手続と建替え決議の関係を整理します。管理組合・総会・管業の権限を表で整理してください。数値・日程・合格基準はマンション管理業協会（www.mankan.or.jp）の試験要項で必ずご確認ください。,建替えの手続と建替え決議を分離;決議要件;管業は支援;試験の正誤肢に注意,建替えの手続＝建替え決議;管業が決定;過半数で規約変更;試験の正誤肢に注意,「建替えの手続と建替え決議を分ける」。,建替えの手続;建替え決議,建替えの手続の要点は？,建替え手続（判例・ガイド）として建替えの手続と建替え決議の関係を整理します。建替えの手続の主体・手続を用語集で確認してください。管業試験では用語集と条文の対応づけが得点の鍵になります。最新の試験要項もあわせて確認してください。,建替え決議との違いは？,建替え決議は別枠です。比較表を作成してください。管業試験では用語集と条文の対応づけが得点の鍵になります。最新の試験要項もあわせて確認してください。賃管試験では用語集と条文の対応づけが得点の鍵になります。最新の試験要項もあわせて確認してください。,試験対策の進め方は？,決議四段表・機関表を作成し、過去問を反復してください。管業試験では用語集と条文の対応づけが得点の鍵になります。最新の試験要項もあわせて確認してください。賃管試験では用語集と条文の対応づけが得点の鍵になります。最新の試験要項もあわせて確認してください。,確認先はどこですか？,区分所有法・適正化法・用語集を参照してください。管業試験では用語集と条文の対応づけが得点の鍵になります。最新の試験要項もあわせて確認してください。賃管試験では用語集と条文の対応づけが得点の鍵になります。最新の試験要項もあわせて確認してください。
kangyou-chokuzen-cmp-s43,管業直前：管理業務主任者試験と管理業務主任者の比較（S43）,判例・横断総合,管理業務主任者試験;管理業務主任者,管業直前（判例・ガイド）として管理業務主任者試験と管理業務主任者の関係を整理します。,管理業務主任者試験;管理業務主任者,"[{""axis"": ""主体"", ""cols"": [""管理業務主任者試験中心"", ""管理業務主任者中心""]}, {""axis"": ""手続"", ""cols"": [""総会・理事会"", ""届出・規約""]}, {""axis"": ""数値"", ""cols"": [""5分の4等"", ""規約・条文""]}, {""axis"": ""試験"", ""cols"": [""「管理業務主任者試験＝管理業務主任者」"", ""「同一決議」""]}, {""axis"": ""混同"", ""cols"": [""管業決定"", ""管理会社決定""]}]",管業直前：管理業務主任者試験と管理業務主任者の比較（S43）｜管業,管業直前（判例・ガイド）として管理業務主任者試験と管理業務主任者の関係を整理します。管理組合・総会・管業の権限を表で整理してください。数値・日程・合格基準はマンション管理業協会（www.mankan.or.jp）の試験要項で必ずご確認ください。,管理業務主任者試験と管理業務主任者を分離;決議要件;管業は支援;試験の正誤肢に注意,管理業務主任者試験＝管理業務主任者;管業が決定;過半数で規約変更;試験の正誤肢に注意,「管理業務主任者試験と管理業務主任者を分ける」。,管理業務主任者試験;管理業務主任者,管理業務主任者試験の要点は？,管業直前（判例・ガイド）として管理業務主任者試験と管理業務主任者の関係を整理します。管理業務主任者試験の主体・手続を用語集で確認してください。管業試験では用語集と条文の対応づけが得点の鍵になります。最新の試験要項もあわせて確認してください。,管理業務主任者との違いは？,管理業務主任者は別枠です。比較表を作成してください。管業試験では用語集と条文の対応づけが得点の鍵になります。最新の試験要項もあわせて確認してください。賃管試験では用語集と条文の対応づけが得点の鍵になります。最新の試験要項もあわせて確認してください。,試験対策の進め方は？,決議四段表・機関表を作成し、過去問を反復してください。管業試験では用語集と条文の対応づけが得点の鍵になります。最新の試験要項もあわせて確認してください。賃管試験では用語集と条文の対応づけが得点の鍵になります。最新の試験要項もあわせて確認してください。,確認先はどこですか？,区分所有法・適正化法・用語集を参照してください。管業試験では用語集と条文の対応づけが得点の鍵になります。最新の試験要項もあわせて確認してください。賃管試験では用語集と条文の対応づけが得点の鍵になります。最新の試験要項もあわせて確認してください。
kumiai-kansa-cmp-s44,管理組合監査：監査と監査報告の比較（S44）,区分所有法,監査;監査報告,管理組合監査（横断総合）として監査と監査報告の関係を整理します。,監査;監査報告,"[{""axis"": ""主体"", ""cols"": [""監査中心"", ""監査報告中心""]}, {""axis"": ""手続"", ""cols"": [""総会・理事会"", ""届出・規約""]}, {""axis"": ""数値"", ""cols"": [""5分の4等"", ""規約・条文""]}, {""axis"": ""試験"", ""cols"": [""「監査＝監査報告」"", ""「同一決議」""]}, {""axis"": ""混同"", ""cols"": [""管業決定"", ""管理会社決定""]}]",管理組合監査：監査と監査報告の比較（S44）｜管業,管理組合監査（横断総合）として監査と監査報告の関係を整理します。管理組合・総会・管業の権限を表で整理してください。数値・日程・合格基準はマンション管理業協会（www.mankan.or.jp）の試験要項で必ずご確認ください。,監査と監査報告を分離;決議要件;管業は支援;試験の正誤肢に注意,監査＝監査報告;管業が決定;過半数で規約変更;試験の正誤肢に注意,「監査と監査報告を分ける」。,監査;監査報告,監査の要点は？,管理組合監査（横断総合）として監査と監査報告の関係を整理します。監査の主体・手続を用語集で確認してください。管業試験では用語集と条文の対応づけが得点の鍵になります。最新の試験要項もあわせて確認してください。,監査報告との違いは？,監査報告は別枠です。比較表を作成してください。管業試験では用語集と条文の対応づけが得点の鍵になります。最新の試験要項もあわせて確認してください。賃管試験では用語集と条文の対応づけが得点の鍵になります。最新の試験要項もあわせて確認してください。,試験対策の進め方は？,決議四段表・機関表を作成し、過去問を反復してください。管業試験では用語集と条文の対応づけが得点の鍵になります。最新の試験要項もあわせて確認してください。賃管試験では用語集と条文の対応づけが得点の鍵になります。最新の試験要項もあわせて確認してください。,確認先はどこですか？,区分所有法・適正化法・用語集を参照してください。管業試験では用語集と条文の対応づけが得点の鍵になります。最新の試験要項もあわせて確認してください。賃管試験では用語集と条文の対応づけが得点の鍵になります。最新の試験要項もあわせて確認してください。
shuzen-kouji-cmp-s44,修繕工事：修繕の実施と修繕積立金の比較（S44）,区分所有法,修繕の実施;修繕積立金,修繕工事（横断総合）として修繕の実施と修繕積立金の関係を整理します。,修繕の実施;修繕積立金,"[{""axis"": ""主体"", ""cols"": [""修繕の実施中心"", ""修繕積立金中心""]}, {""axis"": ""手続"", ""cols"": [""総会・理事会"", ""届出・規約""]}, {""axis"": ""数値"", ""cols"": [""5分の4等"", ""規約・条文""]}, {""axis"": ""試験"", ""cols"": [""「修繕の実施＝修繕積立金」"", ""「同一決議」""]}, {""axis"": ""混同"", ""cols"": [""管業決定"", ""管理会社決定""]}]",修繕工事：修繕の実施と修繕積立金の比較（S44）｜管業,修繕工事（横断総合）として修繕の実施と修繕積立金の関係を整理します。管理組合・総会・管業の権限を表で整理してください。数値・日程・合格基準はマンション管理業協会（www.mankan.or.jp）の試験要項で必ずご確認ください。,修繕の実施と修繕積立金を分離;決議要件;管業は支援;試験の正誤肢に注意,修繕の実施＝修繕積立金;管業が決定;過半数で規約変更;試験の正誤肢に注意,「修繕の実施と修繕積立金を分ける」。,修繕の実施;修繕積立金,修繕の実施の要点は？,修繕工事（横断総合）として修繕の実施と修繕積立金の関係を整理します。修繕の実施の主体・手続を用語集で確認してください。管業試験では用語集と条文の対応づけが得点の鍵になります。最新の試験要項もあわせて確認してください。,修繕積立金との違いは？,修繕積立金は別枠です。比較表を作成してください。管業試験では用語集と条文の対応づけが得点の鍵になります。最新の試験要項もあわせて確認してください。賃管試験では用語集と条文の対応づけが得点の鍵になります。最新の試験要項もあわせて確認してください。,試験対策の進め方は？,決議四段表・機関表を作成し、過去問を反復してください。管業試験では用語集と条文の対応づけが得点の鍵になります。最新の試験要項もあわせて確認してください。賃管試験では用語集と条文の対応づけが得点の鍵になります。最新の試験要項もあわせて確認してください。,確認先はどこですか？,区分所有法・適正化法・用語集を参照してください。管業試験では用語集と条文の対応づけが得点の鍵になります。最新の試験要項もあわせて確認してください。賃管試験では用語集と条文の対応づけが得点の鍵になります。最新の試験要項もあわせて確認してください。
sokai-shoushu-cmp-s44,総会招集：総会の招集と総会の比較（S44）,区分所有法,総会の招集;総会,総会招集（横断総合）として総会の招集と総会の関係を整理します。,総会の招集;総会,"[{""axis"": ""主体"", ""cols"": [""総会の招集中心"", ""総会中心""]}, {""axis"": ""手続"", ""cols"": [""総会・理事会"", ""届出・規約""]}, {""axis"": ""数値"", ""cols"": [""5分の4等"", ""規約・条文""]}, {""axis"": ""試験"", ""cols"": [""「総会の招集＝総会」"", ""「同一決議」""]}, {""axis"": ""混同"", ""cols"": [""管業決定"", ""管理会社決定""]}]",総会招集：総会の招集と総会の比較（S44）｜管業,総会招集（横断総合）として総会の招集と総会の関係を整理します。管理組合・総会・管業の権限を表で整理してください。数値・日程・合格基準はマンション管理業協会（www.mankan.or.jp）の試験要項で必ずご確認ください。,総会の招集と総会を分離;決議要件;管業は支援;試験の正誤肢に注意,総会の招集＝総会;管業が決定;過半数で規約変更;試験の正誤肢に注意,「総会の招集と総会を分ける」。,総会の招集;総会,総会の招集の要点は？,総会招集（横断総合）として総会の招集と総会の関係を整理します。総会の招集の主体・手続を用語集で確認してください。管業試験では用語集と条文の対応づけが得点の鍵になります。最新の試験要項もあわせて確認してください。,総会との違いは？,総会は別枠です。比較表を作成してください。管業試験では用語集と条文の対応づけが得点の鍵になります。最新の試験要項もあわせて確認してください。賃管試験では用語集と条文の対応づけが得点の鍵になります。最新の試験要項もあわせて確認してください。,試験対策の進め方は？,決議四段表・機関表を作成し、過去問を反復してください。管業試験では用語集と条文の対応づけが得点の鍵になります。最新の試験要項もあわせて確認してください。賃管試験では用語集と条文の対応づけが得点の鍵になります。最新の試験要項もあわせて確認してください。,確認先はどこですか？,区分所有法・適正化法・用語集を参照してください。管業試験では用語集と条文の対応づけが得点の鍵になります。最新の試験要項もあわせて確認してください。賃管試験では用語集と条文の対応づけが得点の鍵になります。最新の試験要項もあわせて確認してください。
kanri-itaku-koushin-cmp-s44,管理委託更新：委託契約の変更とマンション標準管理委託契約書の比較（S44）,区分所有法,委託契約の変更;マンション標準管理委託契約書,管理委託更新（横断総合）として委託契約の変更とマンション標準管理委託契約書の関係を整理します。,委託契約の変更;マンション標準管理委託契約書,"[{""axis"": ""主体"", ""cols"": [""委託契約の変更中心"", ""マンション標準管理委託契約書中心""]}, {""axis"": ""手続"", ""cols"": [""総会・理事会"", ""届出・規約""]}, {""axis"": ""数値"", ""cols"": [""5分の4等"", ""規約・条文""]}, {""axis"": ""試験"", ""cols"": [""「委託契約の変更＝マンション標準管理委託契約書」"", ""「同一決議」""]}, {""axis"": ""混同"", ""cols"": [""管業決定"", ""管理会社決定""]}]",管理委託更新：委託契約の変更とマンション標準管理委託契約書の比較（S44）｜管業,管理委託更新（横断総合）として委託契約の変更とマンション標準管理委託契約書の関係を整理します。管理組合・総会・管業の権限を表で整理してください。数値・日程・合格基準はマンション管理業協会（www.mankan.or.jp）の試験要項で必ずご確認ください。,委託契約の変更とマンション標準管理委託契約書を分離;決議要件;管業は支援;試験の正誤肢に注意,委託契約の変更＝マンション標準管理委託契約書;管業が決定;過半数で規約変更;試験の正誤肢に注意,「委託契約の変更とマンション標準管理委託契約書を分ける」。,委託契約の変更;マンション標準管理委託契約書,委託契約の変更の要点は？,管理委託更新（横断総合）として委託契約の変更とマンション標準管理委託契約書の関係を整理します。委託契約の変更の主体・手続を用語集で確認してください。管業試験では用語集と条文の対応づけが得点の鍵になります。最新の試験要項もあわせて確認してください。,マンション標準管理委託契約書との違いは？,マンション標準管理委託契約書は別枠です。比較表を作成してください。管業試験では用語集と条文の対応づけが得点の鍵になります。最新の試験要項もあわせて確認してください。賃管試験では用語集と条文の対応づけが得点の鍵になります。最新の試験要項もあわせて確認してください。,試験対策の進め方は？,決議四段表・機関表を作成し、過去問を反復してください。管業試験では用語集と条文の対応づけが得点の鍵になります。最新の試験要項もあわせて確認してください。賃管試験では用語集と条文の対応づけが得点の鍵になります。最新の試験要項もあわせて確認してください。,確認先はどこですか？,区分所有法・適正化法・用語集を参照してください。管業試験では用語集と条文の対応づけが得点の鍵になります。最新の試験要項もあわせて確認してください。賃管試験では用語集と条文の対応づけが得点の鍵になります。最新の試験要項もあわせて確認してください。
tekiseika-todoke-cmp-s44,適正化法届出：管理業務主任者の届出と管理業務主任者の比較（S44）,管理適正化法,管理業務主任者の届出;管理業務主任者,適正化法届出（横断総合）として管理業務主任者の届出と管理業務主任者の関係を整理します。,管理業務主任者の届出;管理業務主任者,"[{""axis"": ""主体"", ""cols"": [""管理業務主任者の届出中心"", ""管理業務主任者中心""]}, {""axis"": ""手続"", ""cols"": [""総会・理事会"", ""届出・規約""]}, {""axis"": ""数値"", ""cols"": [""5分の4等"", ""規約・条文""]}, {""axis"": ""試験"", ""cols"": [""「管理業務主任者の届出＝管理業務主任者」"", ""「同一決議」""]}, {""axis"": ""混同"", ""cols"": [""管業決定"", ""管理会社決定""]}]",適正化法届出：管理業務主任者の届出と管理業務主任者の比較（S44）｜管業,適正化法届出（横断総合）として管理業務主任者の届出と管理業務主任者の関係を整理します。管理組合・総会・管業の権限を表で整理してください。数値・日程・合格基準はマンション管理業協会（www.mankan.or.jp）の試験要項で必ずご確認ください。,管理業務主任者の届出と管理業務主任者を分離;決議要件;管業は支援;試験の正誤肢に注意,管理業務主任者の届出＝管理業務主任者;管業が決定;過半数で規約変更;試験の正誤肢に注意,「管理業務主任者の届出と管理業務主任者を分ける」。,管理業務主任者の届出;管理業務主任者,管理業務主任者の届出の要点は？,適正化法届出（横断総合）として管理業務主任者の届出と管理業務主任者の関係を整理します。管理業務主任者の届出の主体・手続を用語集で確認してください。管業試験では用語集と条文の対応づけが得点の鍵になります。最新の試験要項もあわせて確認してください。,管理業務主任者との違いは？,管理業務主任者は別枠です。比較表を作成してください。管業試験では用語集と条文の対応づけが得点の鍵になります。最新の試験要項もあわせて確認してください。賃管試験では用語集と条文の対応づけが得点の鍵になります。最新の試験要項もあわせて確認してください。,試験対策の進め方は？,決議四段表・機関表を作成し、過去問を反復してください。管業試験では用語集と条文の対応づけが得点の鍵になります。最新の試験要項もあわせて確認してください。賃管試験では用語集と条文の対応づけが得点の鍵になります。最新の試験要項もあわせて確認してください。,確認先はどこですか？,区分所有法・適正化法・用語集を参照してください。管業試験では用語集と条文の対応づけが得点の鍵になります。最新の試験要項もあわせて確認してください。賃管試験では用語集と条文の対応づけが得点の鍵になります。最新の試験要項もあわせて確認してください。
senyu-kanri-cmp-s44,専有部管理：専有部分と専有部分への立入りの比較（S44）,区分所有法,専有部分;専有部分への立入り,専有部管理（横断総合）として専有部分と専有部分への立入りの関係を整理します。,専有部分;専有部分への立入り,"[{""axis"": ""主体"", ""cols"": [""専有部分中心"", ""専有部分への立入り中心""]}, {""axis"": ""手続"", ""cols"": [""総会・理事会"", ""届出・規約""]}, {""axis"": ""数値"", ""cols"": [""5分の4等"", ""規約・条文""]}, {""axis"": ""試験"", ""cols"": [""「専有部分＝専有部分への立入り」"", ""「同一決議」""]}, {""axis"": ""混同"", ""cols"": [""管業決定"", ""管理会社決定""]}]",専有部管理：専有部分と専有部分への立入りの比較（S44）｜管業,専有部管理（横断総合）として専有部分と専有部分への立入りの関係を整理します。管理組合・総会・管業の権限を表で整理してください。数値・日程・合格基準はマンション管理業協会（www.mankan.or.jp）の試験要項で必ずご確認ください。,専有部分と専有部分への立入りを分離;決議要件;管業は支援;試験の正誤肢に注意,専有部分＝専有部分への立入り;管業が決定;過半数で規約変更;試験の正誤肢に注意,「専有部分と専有部分への立入りを分ける」。,専有部分;専有部分への立入り,専有部分の要点は？,専有部管理（横断総合）として専有部分と専有部分への立入りの関係を整理します。専有部分の主体・手続を用語集で確認してください。管業試験では用語集と条文の対応づけが得点の鍵になります。最新の試験要項もあわせて確認してください。,専有部分への立入りとの違いは？,専有部分への立入りは別枠です。比較表を作成してください。管業試験では用語集と条文の対応づけが得点の鍵になります。最新の試験要項もあわせて確認してください。賃管試験では用語集と条文の対応づけが得点の鍵になります。最新の試験要項もあわせて確認してください。,試験対策の進め方は？,決議四段表・機関表を作成し、過去問を反復してください。管業試験では用語集と条文の対応づけが得点の鍵になります。最新の試験要項もあわせて確認してください。賃管試験では用語集と条文の対応づけが得点の鍵になります。最新の試験要項もあわせて確認してください。,確認先はどこですか？,区分所有法・適正化法・用語集を参照してください。管業試験では用語集と条文の対応づけが得点の鍵になります。最新の試験要項もあわせて確認してください。賃管試験では用語集と条文の対応づけが得点の鍵になります。最新の試験要項もあわせて確認してください。
kanrinin-kyouiku-cmp-s44,管理員教育：管理員と管理員の配置の比較（S44）,管理適正化法,管理員;管理員の配置,管理員教育（横断総合）として管理員と管理員の配置の関係を整理します。,管理員;管理員の配置,"[{""axis"": ""主体"", ""cols"": [""管理員中心"", ""管理員の配置中心""]}, {""axis"": ""手続"", ""cols"": [""総会・理事会"", ""届出・規約""]}, {""axis"": ""数値"", ""cols"": [""5分の4等"", ""規約・条文""]}, {""axis"": ""試験"", ""cols"": [""「管理員＝管理員の配置」"", ""「同一決議」""]}, {""axis"": ""混同"", ""cols"": [""管業決定"", ""管理会社決定""]}]",管理員教育：管理員と管理員の配置の比較（S44）｜管業,管理員教育（横断総合）として管理員と管理員の配置の関係を整理します。管理組合・総会・管業の権限を表で整理してください。数値・日程・合格基準はマンション管理業協会（www.mankan.or.jp）の試験要項で必ずご確認ください。,管理員と管理員の配置を分離;決議要件;管業は支援;試験の正誤肢に注意,管理員＝管理員の配置;管業が決定;過半数で規約変更;試験の正誤肢に注意,「管理員と管理員の配置を分ける」。,管理員;管理員の配置,管理員の要点は？,管理員教育（横断総合）として管理員と管理員の配置の関係を整理します。管理員の主体・手続を用語集で確認してください。管業試験では用語集と条文の対応づけが得点の鍵になります。最新の試験要項もあわせて確認してください。,管理員の配置との違いは？,管理員の配置は別枠です。比較表を作成してください。管業試験では用語集と条文の対応づけが得点の鍵になります。最新の試験要項もあわせて確認してください。賃管試験では用語集と条文の対応づけが得点の鍵になります。最新の試験要項もあわせて確認してください。,試験対策の進め方は？,決議四段表・機関表を作成し、過去問を反復してください。管業試験では用語集と条文の対応づけが得点の鍵になります。最新の試験要項もあわせて確認してください。賃管試験では用語集と条文の対応づけが得点の鍵になります。最新の試験要項もあわせて確認してください。,確認先はどこですか？,区分所有法・適正化法・用語集を参照してください。管業試験では用語集と条文の対応づけが得点の鍵になります。最新の試験要項もあわせて確認してください。賃管試験では用語集と条文の対応づけが得点の鍵になります。最新の試験要項もあわせて確認してください。
kaikei-houkoku-cmp-s44,会計報告：管理組合会計と一般会計の比較（S44）,区分所有法,管理組合会計;一般会計,会計報告（横断総合）として管理組合会計と一般会計の関係を整理します。,管理組合会計;一般会計,"[{""axis"": ""主体"", ""cols"": [""管理組合会計中心"", ""一般会計中心""]}, {""axis"": ""手続"", ""cols"": [""総会・理事会"", ""届出・規約""]}, {""axis"": ""数値"", ""cols"": [""5分の4等"", ""規約・条文""]}, {""axis"": ""試験"", ""cols"": [""「管理組合会計＝一般会計」"", ""「同一決議」""]}, {""axis"": ""混同"", ""cols"": [""管業決定"", ""管理会社決定""]}]",会計報告：管理組合会計と一般会計の比較（S44）｜管業,会計報告（横断総合）として管理組合会計と一般会計の関係を整理します。管理組合・総会・管業の権限を表で整理してください。数値・日程・合格基準はマンション管理業協会（www.mankan.or.jp）の試験要項で必ずご確認ください。,管理組合会計と一般会計を分離;決議要件;管業は支援;試験の正誤肢に注意,管理組合会計＝一般会計;管業が決定;過半数で規約変更;試験の正誤肢に注意,「管理組合会計と一般会計を分ける」。,管理組合会計;一般会計,管理組合会計の要点は？,会計報告（横断総合）として管理組合会計と一般会計の関係を整理します。管理組合会計の主体・手続を用語集で確認してください。管業試験では用語集と条文の対応づけが得点の鍵になります。最新の試験要項もあわせて確認してください。,一般会計との違いは？,一般会計は別枠です。比較表を作成してください。管業試験では用語集と条文の対応づけが得点の鍵になります。最新の試験要項もあわせて確認してください。賃管試験では用語集と条文の対応づけが得点の鍵になります。最新の試験要項もあわせて確認してください。,試験対策の進め方は？,決議四段表・機関表を作成し、過去問を反復してください。管業試験では用語集と条文の対応づけが得点の鍵になります。最新の試験要項もあわせて確認してください。賃管試験では用語集と条文の対応づけが得点の鍵になります。最新の試験要項もあわせて確認してください。,確認先はどこですか？,区分所有法・適正化法・用語集を参照してください。管業試験では用語集と条文の対応づけが得点の鍵になります。最新の試験要項もあわせて確認してください。賃管試験では用語集と条文の対応づけが得点の鍵になります。最新の試験要項もあわせて確認してください。
tatekae-tetsuzuki-cmp-s44,建替え手続：建替えの手続と建替え決議の比較（S44）,区分所有法,建替えの手続;建替え決議,建替え手続（横断総合）として建替えの手続と建替え決議の関係を整理します。,建替えの手続;建替え決議,"[{""axis"": ""主体"", ""cols"": [""建替えの手続中心"", ""建替え決議中心""]}, {""axis"": ""手続"", ""cols"": [""総会・理事会"", ""届出・規約""]}, {""axis"": ""数値"", ""cols"": [""5分の4等"", ""規約・条文""]}, {""axis"": ""試験"", ""cols"": [""「建替えの手続＝建替え決議」"", ""「同一決議」""]}, {""axis"": ""混同"", ""cols"": [""管業決定"", ""管理会社決定""]}]",建替え手続：建替えの手続と建替え決議の比較（S44）｜管業,建替え手続（横断総合）として建替えの手続と建替え決議の関係を整理します。管理組合・総会・管業の権限を表で整理してください。数値・日程・合格基準はマンション管理業協会（www.mankan.or.jp）の試験要項で必ずご確認ください。,建替えの手続と建替え決議を分離;決議要件;管業は支援;試験の正誤肢に注意,建替えの手続＝建替え決議;管業が決定;過半数で規約変更;試験の正誤肢に注意,「建替えの手続と建替え決議を分ける」。,建替えの手続;建替え決議,建替えの手続の要点は？,建替え手続（横断総合）として建替えの手続と建替え決議の関係を整理します。建替えの手続の主体・手続を用語集で確認してください。管業試験では用語集と条文の対応づけが得点の鍵になります。最新の試験要項もあわせて確認してください。,建替え決議との違いは？,建替え決議は別枠です。比較表を作成してください。管業試験では用語集と条文の対応づけが得点の鍵になります。最新の試験要項もあわせて確認してください。賃管試験では用語集と条文の対応づけが得点の鍵になります。最新の試験要項もあわせて確認してください。,試験対策の進め方は？,決議四段表・機関表を作成し、過去問を反復してください。管業試験では用語集と条文の対応づけが得点の鍵になります。最新の試験要項もあわせて確認してください。賃管試験では用語集と条文の対応づけが得点の鍵になります。最新の試験要項もあわせて確認してください。,確認先はどこですか？,区分所有法・適正化法・用語集を参照してください。管業試験では用語集と条文の対応づけが得点の鍵になります。最新の試験要項もあわせて確認してください。賃管試験では用語集と条文の対応づけが得点の鍵になります。最新の試験要項もあわせて確認してください。
kangyou-chokuzen-cmp-s44,管業直前：管理業務主任者試験と管理業務主任者の比較（S44）,判例・横断総合,管理業務主任者試験;管理業務主任者,管業直前（横断総合）として管理業務主任者試験と管理業務主任者の関係を整理します。,管理業務主任者試験;管理業務主任者,"[{""axis"": ""主体"", ""cols"": [""管理業務主任者試験中心"", ""管理業務主任者中心""]}, {""axis"": ""手続"", ""cols"": [""総会・理事会"", ""届出・規約""]}, {""axis"": ""数値"", ""cols"": [""5分の4等"", ""規約・条文""]}, {""axis"": ""試験"", ""cols"": [""「管理業務主任者試験＝管理業務主任者」"", ""「同一決議」""]}, {""axis"": ""混同"", ""cols"": [""管業決定"", ""管理会社決定""]}]",管業直前：管理業務主任者試験と管理業務主任者の比較（S44）｜管業,管業直前（横断総合）として管理業務主任者試験と管理業務主任者の関係を整理します。管理組合・総会・管業の権限を表で整理してください。数値・日程・合格基準はマンション管理業協会（www.mankan.or.jp）の試験要項で必ずご確認ください。,管理業務主任者試験と管理業務主任者を分離;決議要件;管業は支援;試験の正誤肢に注意,管理業務主任者試験＝管理業務主任者;管業が決定;過半数で規約変更;試験の正誤肢に注意,「管理業務主任者試験と管理業務主任者を分ける」。,管理業務主任者試験;管理業務主任者,管理業務主任者試験の要点は？,管業直前（横断総合）として管理業務主任者試験と管理業務主任者の関係を整理します。管理業務主任者試験の主体・手続を用語集で確認してください。管業試験では用語集と条文の対応づけが得点の鍵になります。最新の試験要項もあわせて確認してください。,管理業務主任者との違いは？,管理業務主任者は別枠です。比較表を作成してください。管業試験では用語集と条文の対応づけが得点の鍵になります。最新の試験要項もあわせて確認してください。賃管試験では用語集と条文の対応づけが得点の鍵になります。最新の試験要項もあわせて確認してください。,試験対策の進め方は？,決議四段表・機関表を作成し、過去問を反復してください。管業試験では用語集と条文の対応づけが得点の鍵になります。最新の試験要項もあわせて確認してください。賃管試験では用語集と条文の対応づけが得点の鍵になります。最新の試験要項もあわせて確認してください。,確認先はどこですか？,区分所有法・適正化法・用語集を参照してください。管業試験では用語集と条文の対応づけが得点の鍵になります。最新の試験要項もあわせて確認してください。賃管試験では用語集と条文の対応づけが得点の鍵になります。最新の試験要項もあわせて確認してください。
