term,category,tags,short_def,definition,related_terms,legal_basis,importance,explanation,article_title,article_lead,term_detail_body,comparison_table,exam_points,common_mistakes,memory_tip,example_question,example_answer,faq_1_question,faq_1_answer,faq_2_question,faq_2_answer,faq_3_answer,faq_3_question,faq_4_answer,faq_4_question
10年瑕疵担保責任,品確法・建替円滑化法等,品確法・建替円滑化法等;数値,10年瑕疵担保責任は品確法・建替円滑化法等分野では品質確保促進法に関する重要概念です。,10年瑕疵担保責任は、10年瑕疵担保責任は品確法・建替円滑化法等分野では品質確保促進法に関する重要概念です。住宅品質確保と建替え手続の関連法令。,品質確保促進法;既存住宅状況調査;建替え等円滑化法,品質確保促進法,B,過去問では10年瑕疵担保責任の定義・要件・効果を条文・規約根拠と対応づけるが問われます。10年瑕疵担保責任を類似語と同一視する選択肢に注意してください。10年瑕疵担保責任は品確法・建替円滑化法等分野では品質確保促進法に関する重要。,10年瑕疵担保責任とは？管理業務主任者試験で押さえる意味と試験ポイント,10年瑕疵担保責任の意味と管理業務主任者試験での判定ポイントを、品質確保促進法の文脈で整理します。10年瑕疵担保責任は、10年瑕疵担保責任は品確法・建替円滑化法等分野では品質確保促進法に関する重要概念です。住宅品質確保と建替え手続の関連法令。,"10年瑕疵担保責任は品確法・建替円滑化法等分野では品質確保促進法に関する重要概念です。管理業務主任者試験では、品質確保促進法を根拠に定義・要件・効果を問う問題が出ます。

実務・試験ともに「10年瑕疵担保責任の定義・要件・効果を条文・規約根拠と対応づける」が判断の軸になります。選択肢では10年瑕疵担保責任を類似語と同一視する肢が多いため、要件の欠けた肢を消去する思考が有効です。

10年瑕疵担保責任は品質確保促進法、既存住宅状況調査、建替え等円滑化法とセットで整理すると理解が定着します。管業マスターの過去問・実践演習で品確法・建替円滑化法等フィルタを使い、関連問題を解き直してください。","<table class=""seo-info-table""><thead><tr><th>比較</th><th>10年瑕疵担保責任</th><th>品質確保促進法</th></tr></thead><tbody><tr><th>覚え方</th><td>10年瑕疵担保責任の定義・要件・効果を条文・規約根拠と対応づける</td><td>関連ページで対比</td></tr></tbody></table>",10年瑕疵担保責任の定義・要件・効果を条文・規約根拠と対応づける;品質確保促進法の根拠を明示できる;関連語（品質確保促進法、既存住宅状況調査、建替え等円滑化法）との違いを説明できる,10年瑕疵担保責任を類似語と同一視する;要件の一部だけ暗記して判断する;最新の改正・規約改定を見落とす。,10年瑕疵担保責任＝品質確保促進法。品質確保促進法と表で対比。,10年瑕疵担保責任に関する記述として最も不適切なものを選べ。,品確法・建替円滑化法等の原則に照らし、主体・時期・要件のいずれかを欠く選択肢を誤りとして判定する。,10年瑕疵担保責任の定義を試験用に一言で言うと？,「10年瑕疵担保責任の定義を試験用に一言で言うと？」への答え：10年瑕疵担保責任は品確法・建替円滑化法等分野では品質確保促進法に関する重要概念です。根拠は品質確保促進法。条文番号と要件をメモに書き出して確認する。条文番号と要件をメモに書き出して確認する。公式テキスト該当章を開く。,10年瑕疵担保責任と混同しやすい論点は？,試験の出方：品質確保促進法の根拠を明示できる。四択では条件の主語と効果を分離して読む。過去問で出題形式と正答率を週1回チェックする。過去問で出題形式と正答率を週1回チェックする。過去問で出題形式と正答率を週1回チェックする。過去問で出題形式と正答率を週1回チェックする。過去問1問で正答率を記録する。,誤答の典型：10年瑕疵担保責任を類似語と同一視する;要件の一部だけ暗記して判断する;最新の改正・規約改定を見落とす。一語差の選択肢に注意。誤答肢のパターンを比較表に整理して復習する。誤答肢のパターンを比較表に整理して復習する。誤答肢のパターンを比較表に整理して復習する。誤答肢を比較表に書き出す。,10年瑕疵担保責任とは何ですか？,学習の次段：「品質確保促進法」と比較表で整理し、numbers / compare から過去問へ。関連用語ハブと比較ページへ進んで定着を確認する。関連用語ハブと比較ページへ進んで定着を確認する。関連用語ハブと比較ページへ進んで定着を確認する。用語ハブ compare へ進む。,10年瑕疵担保責任とは何ですか？
35条書面,宅建業法,宅建業法;頻出;書面,重要事項説明書。宅建35条に基づく契約前交付書面。,35条書面は、重要事項説明書。宅建35条に基づく契約前交付書面。不動産取引の規制。35条書面・重要事項説明。,宅地建物取引業;重要事項説明;37条書面,宅地建物取引業法第35条,A,過去問では37条書面・重説との時期の違いが問われます。35条書面を類似語と同一視する選択肢に注意してください。重要事項説明書。宅建35条に基づく契約前交付書面。管理業務主任者試験では、宅地。,35条書面とは？管理業務主任者試験で押さえる意味と試験ポイント,35条書面の意味と管理業務主任者試験での判定ポイントを、宅地建物取引業法第35条の文脈で整理します。35条書面は、重要事項説明書。宅建35条に基づく契約前交付書面。不動産取引の規制。35条書面・重要事項説明。,"重要事項説明書。宅建35条に基づく契約前交付書面。管理業務主任者試験では、宅地建物取引業法第35条を根拠に定義・要件・効果を問う問題が出ます。

実務・試験ともに「37条書面・重説との時期の違い」が判断の軸になります。選択肢では35条書面を類似語と同一視する肢が多いため、要件の欠けた肢を消去する思考が有効です。

35条書面は宅地建物取引業、重要事項説明、37条書面とセットで整理すると理解が定着します。管業マスターの過去問・実践演習で宅建業法フィルタを使い、関連問題を解き直してください。","<table class=""seo-info-table""><thead><tr><th>比較</th><th>35条書面</th><th>37条書面</th></tr></thead><tbody><tr><th>覚え方</th><td>37条書面・重説との時期の違い</td><td>関連ページで対比</td></tr></tbody></table>",37条書面・重説との時期の違い;宅地建物取引業法第35条の根拠を明示できる;関連語（宅地建物取引業、重要事項説明、37条書面）との違いを説明できる,35条書面を類似語と同一視する;要件の一部だけ暗記して判断する;最新の改正・規約改定を見落とす。,35条書面＝宅地建物取引業法第35条。37条書面と表で対比。,35条書面に関する次の記述のうち、最も適切でないものはどれか。,37条書面・重説との時期の違い。35条書面を類似語と同一視するとする記述が誤りになりやすい。,35条書面の定義を試験用に一言で言うと？,「35条書面の定義を試験用に一言で言うと？」への答え：重要事項説明書。宅建35条に基づく契約前交付書面。根拠は宅地建物取引業法第35条。条文番号と要件をメモに書き出して確認する。条文番号と要件をメモに書き出して確認する。条文番号と要件をメモに書き出して確認する。公式テキスト該当章を開く。,35条書面と混同しやすい論点は？,試験の出方：宅地建物取引業法第35条の根拠を明示できる。四択では条件の主語と効果を分離して読む。過去問で出題形式と正答率を週1回チェックする。過去問で出題形式と正答率を週1回チェックする。過去問で出題形式と正答率を週1回チェックする。過去問で出題形式と正答率を週1回チェックする。過去問1問で正答率を記録する。,誤答の典型：35条書面を類似語と同一視する;要件の一部だけ暗記して判断する;最新の改正・規約改定を見落とす。一語差の選択肢に注意。誤答肢のパターンを比較表に整理して復習する。誤答肢のパターンを比較表に整理して復習する。誤答肢のパターンを比較表に整理して復習する。誤答肢を比較表に書き出す。,35条書面とは何ですか？,学習の次段：「宅地建物取引業」と比較表で整理し、numbers / compare から過去問へ。関連用語ハブと比較ページへ進んで定着を確認する。関連用語ハブと比較ページへ進んで定着を確認する。関連用語ハブと比較ページへ進んで定着を確認する。用語ハブ compare へ進む。,35条書面とは何ですか？
35条書面の交付,宅建業法,宅建業法;頻出;書面,重要事項説明書の交付タイミング。,"35条書面の交付は、重要事項説明書の交付タイミング。不動産取引の規制。35条書面・重要事項説明。重要事項説明書の交付タイミング。管理業務主任者試験では、宅地建物取引業法第35条を根拠に定義・要件・効果を問う問題が出ます。

実務・試験ともに「35条書面の交付の定義・要件・効果を条文・規約根拠と対応づける」が判断の軸になります。選択肢。",宅地建物取引業;重要事項説明;35条書面,宅地建物取引業法第35条,A,過去問では35条書面の交付の定義・要件・効果を条文・規約根拠と対応づけるが問われます。35条書面の交付を類似語と同一視する選択肢に注意してください。重要事項説明書の交付タイミング。管理業務主任者試験では、宅地建物取引業法第35。,35条書面の交付とは？管理業務主任者試験で押さえる意味と試験ポイント,"35条書面の交付の意味と管理業務主任者試験での判定ポイントを、宅地建物取引業法第35条の文脈で整理します。35条書面の交付は、重要事項説明書の交付タイミング。不動産取引の規制。35条書面・重要事項説明。重要事項説明書の交付タイミング。管理業務主任者試験では、宅地建物取引業法第35条を根拠に定義・要件・効果を問う問題が出ます。

実務・試験ともに「35条書面の交付の定義・要件・効果を条文・規約根拠と対応づける」が判断の軸になります。選択肢。","重要事項説明書の交付タイミング。管理業務主任者試験では、宅地建物取引業法第35条を根拠に定義・要件・効果を問う問題が出ます。

実務・試験ともに「35条書面の交付の定義・要件・効果を条文・規約根拠と対応づける」が判断の軸になります。選択肢では35条書面の交付を類似語と同一視する肢が多いため、要件の欠けた肢を消去する思考が有効です。

35条書面の交付は宅地建物取引業、重要事項説明、35条書面とセットで整理すると理解が定着します。管業マスターの過去問・実践演習で宅建業法フィルタを使い、関連問題を解き直してください。","<table class=""seo-info-table""><thead><tr><th>比較</th><th>35条書面の交付</th><th>宅地建物取引業</th></tr></thead><tbody><tr><th>覚え方</th><td>35条書面の交付の定義・要件・効果を条文・規約根拠と対応づける</td><td>関連ページで対比</td></tr></tbody></table>",35条書面の交付の定義・要件・効果を条文・規約根拠と対応づける;宅地建物取引業法第35条の根拠を明示できる;関連語（宅地建物取引業、重要事項説明、35条書面）との違いを説明できる,35条書面の交付を類似語と同一視する;要件の一部だけ暗記して判断する;最新の改正・規約改定を見落とす。,35条書面の交付＝宅地建物取引業法第35条。宅地建物取引業と表で対比。,35条書面の交付に関する次の記述のうち、最も適切でないものはどれか。,35条書面の交付の定義・要件・効果を条文・規約根拠と対応づける。35条書面の交付を類似語と同一視するとする記述が誤りになりやすい。,35条書面の交付の定義を試験用に一言で言うと？,「35条書面の交付の定義を試験用に一言で言うと？」への答え：重要事項説明書の交付タイミング。根拠は宅地建物取引業法第35条。条文番号と要件をメモに書き出して確認する。条文番号と要件をメモに書き出して確認する。条文番号と要件をメモに書き出して確認する。公式テキスト該当章を開く。,35条書面の交付と混同しやすい論点は？,試験の出方：宅地建物取引業法第35条の根拠を明示できる。四択では条件の主語と効果を分離して読む。過去問で出題形式と正答率を週1回チェックする。過去問で出題形式と正答率を週1回チェックする。過去問で出題形式と正答率を週1回チェックする。過去問で出題形式と正答率を週1回チェックする。過去問1問で正答率を記録する。,誤答の典型：35条書面の交付を類似語と同一視する;要件の一部だけ暗記して判断する;最新の改正・規約改定を見落とす。一語差の選択肢に注意。誤答肢のパターンを比較表に整理して復習する。誤答肢のパターンを比較表に整理して復習する。誤答肢のパターンを比較表に整理して復習する。誤答肢を比較表に書き出す。,35条書面の交付とは何ですか？,学習の次段：「宅地建物取引業」と比較表で整理し、numbers / compare から過去問へ。関連用語ハブと比較ページへ進んで定着を確認する。関連用語ハブと比較ページへ進んで定着を確認する。関連用語ハブと比較ページへ進んで定着を確認する。用語ハブ compare へ進む。,35条書面の交付とは何ですか？
37条書面,宅建業法,宅建業法;書面,37条書面は宅建業法分野では宅地建物取引業法第37条に関する重要概念です。,37条書面は、37条書面は宅建業法分野では宅地建物取引業法第37条に関する重要概念です。不動産取引の規制。35条書面・重要事項説明。,宅地建物取引業;重要事項説明;35条書面,宅地建物取引業法第37条,B,過去問では37条書面の定義・要件・効果を条文・規約根拠と対応づけるが問われます。37条書面を類似語と同一視する選択肢に注意してください。37条書面は宅建業法分野では宅地建物取引業法第37条に関する重要概念です。,37条書面とは？管理業務主任者試験で押さえる意味と試験ポイント,37条書面の意味と管理業務主任者試験での判定ポイントを、宅地建物取引業法第37条の文脈で整理します。37条書面は、37条書面は宅建業法分野では宅地建物取引業法第37条に関する重要概念です。不動産取引の規制。35条書面・重要事項説明。,"37条書面は宅建業法分野では宅地建物取引業法第37条に関する重要概念です。管理業務主任者試験では、宅地建物取引業法第37条を根拠に定義・要件・効果を問う問題が出ます。

実務・試験ともに「37条書面の定義・要件・効果を条文・規約根拠と対応づける」が判断の軸になります。選択肢では37条書面を類似語と同一視する肢が多いため、要件の欠けた肢を消去する思考が有効です。

37条書面は宅地建物取引業、重要事項説明、35条書面とセットで整理すると理解が定着します。管業マスターの過去問・実践演習で宅建業法フィルタを使い、関連問題を解き直してください。","<table class=""seo-info-table""><thead><tr><th>比較</th><th>37条書面</th><th>宅地建物取引業</th></tr></thead><tbody><tr><th>覚え方</th><td>37条書面の定義・要件・効果を条文・規約根拠と対応づける</td><td>関連ページで対比</td></tr></tbody></table>",37条書面の定義・要件・効果を条文・規約根拠と対応づける;宅地建物取引業法第37条の根拠を明示できる;関連語（宅地建物取引業、重要事項説明、35条書面）との違いを説明できる,37条書面を類似語と同一視する;要件の一部だけ暗記して判断する;最新の改正・規約改定を見落とす。,37条書面＝宅地建物取引業法第37条。宅地建物取引業と表で対比。,37条書面に関する記述として最も不適切なものを選べ。,宅建業法の原則に照らし、主体・時期・要件のいずれかを欠く選択肢を誤りとして判定する。,37条書面の定義を試験用に一言で言うと？,「37条書面の定義を試験用に一言で言うと？」への答え：37条書面は宅建業法分野では宅地建物取引業法第37条に関する重要概念です。根拠は宅地建物取引業法第37条。条文番号と要件をメモに書き出して確認する。条文番号と要件をメモに書き出して確認する。公式テキスト該当章を開く。,37条書面と混同しやすい論点は？,試験の出方：宅地建物取引業法第37条の根拠を明示できる。四択では条件の主語と効果を分離して読む。過去問で出題形式と正答率を週1回チェックする。過去問で出題形式と正答率を週1回チェックする。過去問で出題形式と正答率を週1回チェックする。過去問で出題形式と正答率を週1回チェックする。過去問1問で正答率を記録する。,誤答の典型：37条書面を類似語と同一視する;要件の一部だけ暗記して判断する;最新の改正・規約改定を見落とす。一語差の選択肢に注意。誤答肢のパターンを比較表に整理して復習する。誤答肢のパターンを比較表に整理して復習する。誤答肢のパターンを比較表に整理して復習する。誤答肢を比較表に書き出す。,37条書面とは何ですか？,学習の次段：「宅地建物取引業」と比較表で整理し、numbers / compare から過去問へ。関連用語ハブと比較ページへ進んで定着を確認する。関連用語ハブと比較ページへ進んで定着を確認する。関連用語ハブと比較ページへ進んで定着を確認する。用語ハブ compare へ進む。,37条書面とは何ですか？
37条書面の交付,宅建業法,宅建業法;書面,37条書面の交付は宅建業法分野では宅地建物取引業法第37条に関する重要概念です。,37条書面の交付は、37条書面の交付は宅建業法分野では宅地建物取引業法第37条に関する重要概念です。不動産取引の規制。35条書面・重要事項説明。,宅地建物取引業;重要事項説明;35条書面,宅地建物取引業法第37条,B,過去問では37条書面の交付の定義・要件・効果を条文・規約根拠と対応づけるが問われます。37条書面の交付を類似語と同一視する選択肢に注意してください。37条書面の交付は宅建業法分野では宅地建物取引業法第37条に関する重要概念で。,37条書面の交付とは？管理業務主任者試験で押さえる意味と試験ポイント,37条書面の交付の意味と管理業務主任者試験での判定ポイントを、宅地建物取引業法第37条の文脈で整理します。37条書面の交付は、37条書面の交付は宅建業法分野では宅地建物取引業法第37条に関する重要概念です。不動産取引の規制。35条書面・重要事項説明。,"37条書面の交付は宅建業法分野では宅地建物取引業法第37条に関する重要概念です。管理業務主任者試験では、宅地建物取引業法第37条を根拠に定義・要件・効果を問う問題が出ます。

実務・試験ともに「37条書面の交付の定義・要件・効果を条文・規約根拠と対応づける」が判断の軸になります。選択肢では37条書面の交付を類似語と同一視する肢が多いため、要件の欠けた肢を消去する思考が有効です。

37条書面の交付は宅地建物取引業、重要事項説明、35条書面とセットで整理すると理解が定着します。管業マスターの過去問・実践演習で宅建業法フィルタを使い、関連問題を解き直してください。","<table class=""seo-info-table""><thead><tr><th>比較</th><th>37条書面の交付</th><th>宅地建物取引業</th></tr></thead><tbody><tr><th>覚え方</th><td>37条書面の交付の定義・要件・効果を条文・規約根拠と対応づける</td><td>関連ページで対比</td></tr></tbody></table>",37条書面の交付の定義・要件・効果を条文・規約根拠と対応づける;宅地建物取引業法第37条の根拠を明示できる;関連語（宅地建物取引業、重要事項説明、35条書面）との違いを説明できる,37条書面の交付を類似語と同一視する;要件の一部だけ暗記して判断する;最新の改正・規約改定を見落とす。,37条書面の交付＝宅地建物取引業法第37条。宅地建物取引業と表で対比。,37条書面の交付に関する記述として最も不適切なものを選べ。,宅建業法の原則に照らし、主体・時期・要件のいずれかを欠く選択肢を誤りとして判定する。,37条書面の交付の定義を試験用に一言で言うと？,「37条書面の交付の定義を試験用に一言で言うと？」への答え：37条書面の交付は宅建業法分野では宅地建物取引業法第37条に関する重要概念です。根拠は宅地建物取引業法第37条。条文番号と要件をメモに書き出して確認する。条文番号と要件をメモに書き出して確認する。公式テキスト該当章を開く。,37条書面の交付と混同しやすい論点は？,試験の出方：宅地建物取引業法第37条の根拠を明示できる。四択では条件の主語と効果を分離して読む。過去問で出題形式と正答率を週1回チェックする。過去問で出題形式と正答率を週1回チェックする。過去問で出題形式と正答率を週1回チェックする。過去問で出題形式と正答率を週1回チェックする。過去問1問で正答率を記録する。,誤答の典型：37条書面の交付を類似語と同一視する;要件の一部だけ暗記して判断する;最新の改正・規約改定を見落とす。一語差の選択肢に注意。誤答肢のパターンを比較表に整理して復習する。誤答肢のパターンを比較表に整理して復習する。誤答肢のパターンを比較表に整理して復習する。誤答肢を比較表に書き出す。,37条書面の交付とは何ですか？,学習の次段：「宅地建物取引業」と比較表で整理し、numbers / compare から過去問へ。関連用語ハブと比較ページへ進んで定着を確認する。関連用語ハブと比較ページへ進んで定着を確認する。関連用語ハブと比較ページへ進んで定着を確認する。用語ハブ compare へ進む。,37条書面の交付とは何ですか？
4分の3議決権,区分所有法,区分所有法;頻出;数値;総会,建替え等の特別決議。議決権4分の3以上の賛成（区法62条等）。,4分の3議決権は、建替え等の特別決議。議決権4分の3以上の賛成（区法62条等）。マンション等の区分所有関係を定める基本法。専用部分・共用部分・管理組合が柱。,専有部分;共用部分;管理組合,区分所有法,A,過去問では4分の3と5分の4の使い分けが問われます。すべての特別決議が4分の3選択肢に注意してください。建替え等の特別決議。議決権4分の3以上の賛成（区法62条等）。管理業務主任者試。,4分の3議決権とは？管理業務主任者試験で押さえる意味と試験ポイント,4分の3議決権の意味と管理業務主任者試験での判定ポイントを、区分所有法の文脈で整理します。4分の3議決権は、建替え等の特別決議。議決権4分の3以上の賛成（区法62条等）。マンション等の区分所有関係を定める基本法。専用部分・共用部分・管理組合が柱。,"建替え等の特別決議。議決権4分の3以上の賛成（区法62条等）。管理業務主任者試験では、区分所有法を根拠に定義・要件・効果を問う問題が出ます。

実務・試験ともに「4分の3と5分の4の使い分け」が判断の軸になります。選択肢ではすべての特別決議が4分の3肢が多いため、要件の欠けた肢を消去する思考が有効です。

4分の3議決権は専有部分、共用部分、管理組合とセットで整理すると理解が定着します。管業マスターの過去問・実践演習で区分所有法フィルタを使い、関連問題を解き直してください。","<table class=""seo-info-table""><thead><tr><th>比較</th><th>4分の3議決権</th><th>専有部分</th></tr></thead><tbody><tr><th>覚え方</th><td>4分の3と5分の4の使い分け</td><td>関連ページで対比</td></tr></tbody></table>",4分の3と5分の4の使い分け;区分所有法の根拠を明示できる;関連語（専有部分、共用部分、管理組合）との違いを説明できる,すべての特別決議が4分の3;要件の一部だけ暗記して判断する;最新の改正・規約改定を見落とす。,4分の3議決権＝区分所有法。専有部分と表で対比。（関連用語とセットで暗記）。,4分の3議決権に関する次の記述のうち、最も適切でないものはどれか。,4分の3と5分の4の使い分け。すべての特別決議が4分の3とする記述が誤りになりやすい。,4分の3議決権の定義を試験用に一言で言うと？,「4分の3議決権の定義を試験用に一言で言うと？」への答え：建替え等の特別決議。議決権4分の3以上の賛成（区法62条等）。根拠は区分所有法。条文番号と要件をメモに書き出して確認する。条文番号と要件をメモに書き出して確認する。条文番号と要件をメモに書き出して確認する。公式テキスト該当章を開く。,4分の3議決権と混同しやすい論点は？,試験の出方：区分所有法の根拠を明示できる。四択では条件の主語と効果を分離して読む。過去問で出題形式と正答率を週1回チェックする。過去問で出題形式と正答率を週1回チェックする。過去問で出題形式と正答率を週1回チェックする。過去問で出題形式と正答率を週1回チェックする。過去問1問で正答率を記録する。,誤答の典型：すべての特別決議が4分の3;要件の一部だけ暗記して判断する;最新の改正・規約改定を見落とす。一語差の選択肢に注意。誤答肢のパターンを比較表に整理して復習する。誤答肢のパターンを比較表に整理して復習する。誤答肢のパターンを比較表に整理して復習する。誤答肢を比較表に書き出す。,4分の3議決権とは何ですか？,学習の次段：「専有部分」と比較表で整理し、numbers / compare から過去問へ。関連用語ハブと比較ページへ進んで定着を確認する。関連用語ハブと比較ページへ進んで定着を確認する。関連用語ハブと比較ページへ進んで定着を確認する。関連用語ハブと比較ページへ進んで定着を確認する。用語ハブ compare へ進む。,4分の3議決権とは何ですか？
5分の1議決権,区分所有法,区分所有法;頻出;数値;総会,普通決議の要件。議決権の5分の1以上の出席と過半数（標準管理規約）。,5分の1議決権は、普通決議の要件。議決権の5分の1以上の出席と過半数（標準管理規約）。マンション等の区分所有関係を定める基本法。専用部分・共用部分・管理組合が柱。,専有部分;共用部分;管理組合,区分所有法,A,過去問では5分の1議決権の定義・要件・効果を条文・規約根拠と対応づけるが問われます。5分の1議決権を類似語と同一視する選択肢に注意してください。普通決議の要件。議決権の5分の1以上の出席と過半数（標準管理規約）。管理業務主。,5分の1議決権とは？管理業務主任者試験で押さえる意味と試験ポイント,5分の1議決権の意味と管理業務主任者試験での判定ポイントを、区分所有法の文脈で整理します。5分の1議決権は、普通決議の要件。議決権の5分の1以上の出席と過半数（標準管理規約）。マンション等の区分所有関係を定める基本法。専用部分・共用部分・管理組合が柱。,"普通決議の要件。議決権の5分の1以上の出席と過半数（標準管理規約）。管理業務主任者試験では、区分所有法を根拠に定義・要件・効果を問う問題が出ます。

実務・試験ともに「5分の1議決権の定義・要件・効果を条文・規約根拠と対応づける」が判断の軸になります。選択肢では5分の1議決権を類似語と同一視する肢が多いため、要件の欠けた肢を消去する思考が有効です。

5分の1議決権は専有部分、共用部分、管理組合とセットで整理すると理解が定着します。管業マスターの過去問・実践演習で区分所有法フィルタを使い、関連問題を解き直してください。","<table class=""seo-info-table""><thead><tr><th>比較</th><th>5分の1議決権</th><th>専有部分</th></tr></thead><tbody><tr><th>覚え方</th><td>5分の1議決権の定義・要件・効果を条文・規約根拠と対応づける</td><td>関連ページで対比</td></tr></tbody></table>",5分の1議決権の定義・要件・効果を条文・規約根拠と対応づける;区分所有法の根拠を明示できる;関連語（専有部分、共用部分、管理組合）との違いを説明できる,5分の1議決権を類似語と同一視する;要件の一部だけ暗記して判断する;最新の改正・規約改定を見落とす。,5分の1議決権＝区分所有法。専有部分と表で対比。（関連用語とセットで暗記）。,5分の1議決権に関する次の記述のうち、最も適切でないものはどれか。,5分の1議決権の定義・要件・効果を条文・規約根拠と対応づける。5分の1議決権を類似語と同一視するとする記述が誤りになりやすい。,5分の1議決権の定義を試験用に一言で言うと？,「5分の1議決権の定義を試験用に一言で言うと？」への答え：普通決議の要件。議決権の5分の1以上の出席と過半数（標準管理規約）。根拠は区分所有法。条文番号と要件をメモに書き出して確認する。条文番号と要件をメモに書き出して確認する。条文番号と要件をメモに書き出して確認する。公式テキスト該当章を開く。,5分の1議決権と混同しやすい論点は？,試験の出方：区分所有法の根拠を明示できる。四択では条件の主語と効果を分離して読む。過去問で出題形式と正答率を週1回チェックする。過去問で出題形式と正答率を週1回チェックする。過去問で出題形式と正答率を週1回チェックする。過去問で出題形式と正答率を週1回チェックする。過去問1問で正答率を記録する。,誤答の典型：5分の1議決権を類似語と同一視する;要件の一部だけ暗記して判断する;最新の改正・規約改定を見落とす。一語差の選択肢に注意。誤答肢のパターンを比較表に整理して復習する。誤答肢のパターンを比較表に整理して復習する。誤答肢のパターンを比較表に整理して復習する。誤答肢を比較表に書き出す。,5分の1議決権とは何ですか？,学習の次段：「専有部分」と比較表で整理し、numbers / compare から過去問へ。関連用語ハブと比較ページへ進んで定着を確認する。関連用語ハブと比較ページへ進んで定着を確認する。関連用語ハブと比較ページへ進んで定着を確認する。関連用語ハブと比較ページへ進んで定着を確認する。用語ハブ compare へ進む。,5分の1議決権とは何ですか？
5分の4議決権,区分所有法,区分所有法;頻出;数値;総会,規約変更等。議決権5分の4以上の賛成（区法13条2項）。,5分の4議決権は、規約変更等。議決権5分の4以上の賛成（区法13条2項）。マンション等の区分所有関係を定める基本法。専用部分・共用部分・管理組合が柱。,専有部分;共用部分;管理組合,区分所有法,A,過去問では規約変更と建替えの要件比較が問われます。建替えも5分の4と誤解選択肢に注意してください。規約変更等。議決権5分の4以上の賛成（区法13条2項）。管理業務主任者試験では。,5分の4議決権とは？管理業務主任者試験で押さえる意味と試験ポイント,5分の4議決権の意味と管理業務主任者試験での判定ポイントを、区分所有法の文脈で整理します。5分の4議決権は、規約変更等。議決権5分の4以上の賛成（区法13条2項）。マンション等の区分所有関係を定める基本法。専用部分・共用部分・管理組合が柱。,"規約変更等。議決権5分の4以上の賛成（区法13条2項）。管理業務主任者試験では、区分所有法を根拠に定義・要件・効果を問う問題が出ます。

実務・試験ともに「規約変更と建替えの要件比較」が判断の軸になります。選択肢では建替えも5分の4と誤解肢が多いため、要件の欠けた肢を消去する思考が有効です。

5分の4議決権は専有部分、共用部分、管理組合とセットで整理すると理解が定着します。管業マスターの過去問・実践演習で区分所有法フィルタを使い、関連問題を解き直してください。","<table class=""seo-info-table""><thead><tr><th>比較</th><th>5分の4議決権</th><th>専有部分</th></tr></thead><tbody><tr><th>覚え方</th><td>規約変更と建替えの要件比較</td><td>関連ページで対比</td></tr></tbody></table>",規約変更と建替えの要件比較;区分所有法の根拠を明示できる;関連語（専有部分、共用部分、管理組合）との違いを説明できる,建替えも5分の4と誤解;要件の一部だけ暗記して判断する;最新の改正・規約改定を見落とす。,5分の4議決権＝区分所有法。専有部分と表で対比。（関連用語とセットで暗記）。,5分の4議決権に関する次の記述のうち、最も適切でないものはどれか。,規約変更と建替えの要件比較。建替えも5分の4と誤解とする記述が誤りになりやすい。,5分の4議決権の定義を試験用に一言で言うと？,「5分の4議決権の定義を試験用に一言で言うと？」への答え：規約変更等。議決権5分の4以上の賛成（区法13条2項）。根拠は区分所有法。条文番号と要件をメモに書き出して確認する。条文番号と要件をメモに書き出して確認する。条文番号と要件をメモに書き出して確認する。公式テキスト該当章を開く。,5分の4議決権と混同しやすい論点は？,試験の出方：区分所有法の根拠を明示できる。四択では条件の主語と効果を分離して読む。過去問で出題形式と正答率を週1回チェックする。過去問で出題形式と正答率を週1回チェックする。過去問で出題形式と正答率を週1回チェックする。過去問で出題形式と正答率を週1回チェックする。過去問1問で正答率を記録する。,誤答の典型：建替えも5分の4と誤解;要件の一部だけ暗記して判断する;最新の改正・規約改定を見落とす。一語差の選択肢に注意。誤答肢のパターンを比較表に整理して復習する。誤答肢のパターンを比較表に整理して復習する。誤答肢のパターンを比較表に整理して復習する。誤答肢を比較表に書き出す。,5分の4議決権とは何ですか？,学習の次段：「専有部分」と比較表で整理し、numbers / compare から過去問へ。関連用語ハブと比較ページへ進んで定着を確認する。関連用語ハブと比較ページへ進んで定着を確認する。関連用語ハブと比較ページへ進んで定着を確認する。関連用語ハブと比較ページへ進んで定着を確認する。用語ハブ compare へ進む。,5分の4議決権とは何ですか？
73条書面,管理適正化法,管理適正化法;頻出;書面,管理委託契約成立時に交付する書面（管理適正化法73条）。,73条書面は、管理委託契約成立時に交付する書面（管理適正化法73条）。マンション管理の適正化を推進する法律。資格・73条書面・管理計画。,マンション等の管理の適正化の推進に関する法律;管理計画認定制度;管理業務主任者,管理適正化法第73条,A,過去問では交付時期・記載事項が問われます。契約後交付で足りる選択肢に注意してください。管理委託契約成立時に交付する書面（管理適正化法73条）。管理業務主任者試験では。,73条書面とは？管理業務主任者で押さえる意味と試験ポイント,73条書面の意味と管理業務主任者試験での判定ポイントを、管理適正化法第73条の文脈で整理します。73条書面は、管理委託契約成立時に交付する書面（管理適正化法73条）。マンション管理の適正化を推進する法律。資格・73条書面・管理計画。,"管理委託契約成立時に交付する書面（管理適正化法73条）。管理業務主任者試験では、管理適正化法第73条を根拠に定義・要件・効果を問う問題が出ます。

実務・試験ともに「交付時期・記載事項」が判断の軸になります。選択肢では契約後交付で足りる肢が多いため、要件の欠けた肢を消去する思考が有効です。

73条書面はマンション等の管理の適正化の推進に関する法律、管理計画認定制度、管理業務主任者とセットで整理すると理解が定着します。管業マスターの過去問・実践演習で管理適正化法フィルタを使い、関連問題を解き直してください。","<table class=""seo-info-table""><thead><tr><th>比較</th><th>73条書面</th><th>マンション等の管理の適正化の推進に関する法律</th></tr></thead><tbody><tr><th>覚え方</th><td>交付時期・記載事項</td><td>関連ページで対比</td></tr></tbody></table>",交付時期・記載事項;管理適正化法第73条の根拠を明示できる;関連語（マンション等の管理の適正化の推進に関する法律、管理計画認定制度、管理業務主任者）との違いを説明できる,契約後交付で足りる;要件の一部だけ暗記して判断する;最新の改正・規約改定を見落とす。,73条書面＝管理適正化法第73条。マンション等の管理の適正化の推進に関する法律と表で対比。,73条書面に関する次の記述のうち、最も適切でないものはどれか。,交付時期・記載事項。契約後交付で足りるとする記述が誤りになりやすい。,73条書面の定義を試験用に一言で言うと？,「73条書面の定義を試験用に一言で言うと？」への答え：管理委託契約成立時に交付する書面（管理適正化法73条）。根拠は管理適正化法第73条。条文番号と要件をメモに書き出して確認する。条文番号と要件をメモに書き出して確認する。条文番号と要件をメモに書き出して確認する。公式テキスト該当章を開く。,73条書面と混同しやすい論点は？,試験の出方：管理適正化法第73条の根拠を明示できる。四択では条件の主語と効果を分離して読む。過去問で出題形式と正答率を週1回チェックする。過去問で出題形式と正答率を週1回チェックする。過去問で出題形式と正答率を週1回チェックする。過去問で出題形式と正答率を週1回チェックする。過去問1問で正答率を記録する。,誤答の典型：契約後交付で足りる;要件の一部だけ暗記して判断する;最新の改正・規約改定を見落とす。一語差の選択肢に注意。誤答肢のパターンを比較表に整理して復習する。誤答肢のパターンを比較表に整理して復習する。誤答肢のパターンを比較表に整理して復習する。誤答肢を比較表に書き出す。,73条書面とは何ですか？,学習の次段：「マンション等の管理の適正化の推進に関する法律」と比較表で整理し、numbers / compare から過去問へ。関連用語ハブと比較ページへ進んで定着を確認する。関連用語ハブと比較ページへ進んで定着を確認する。関連用語ハブと比較ページへ進んで定着を確認する。用語ハブ compare へ進む。,73条書面とは何ですか？
ひび割れ,建築・設備,建築・設備;修繕,ひび割れは建築・設備分野では建築基準法に関する重要概念です。,ひび割れは、ひび割れは建築・設備分野では建築基準法に関する重要概念です。建築基準法・消防法・昇降機規則等に基づく建物・設備の安全と維持。,建築基準法;エレベーター;昇降機,建築基準法,B,過去問ではひび割れの定義・要件・効果を条文・規約根拠と対応づけるが問われます。ひび割れを類似語と同一視する選択肢に注意してください。ひび割れは建築・設備分野では建築基準法に関する重要概念です。管理業務主任者。,ひび割れとは？管理業務主任者で押さえる意味と試験ポイント,ひび割れの意味と管理業務主任者試験での判定ポイントを、建築基準法の文脈で整理します。ひび割れは、ひび割れは建築・設備分野では建築基準法に関する重要概念です。建築基準法・消防法・昇降機規則等に基づく建物・設備の安全と維持。,"ひび割れは建築・設備分野では建築基準法に関する重要概念です。管理業務主任者試験では、建築基準法を根拠に定義・要件・効果を問う問題が出ます。

実務・試験ともに「ひび割れの定義・要件・効果を条文・規約根拠と対応づける」が判断の軸になります。選択肢ではひび割れを類似語と同一視する肢が多いため、要件の欠けた肢を消去する思考が有効です。

ひび割れは建築基準法、エレベーター、昇降機とセットで整理すると理解が定着します。管業マスターの過去問・実践演習で建築・設備フィルタを使い、関連問題を解き直してください。","<table class=""seo-info-table""><thead><tr><th>比較</th><th>ひび割れ</th><th>建築基準法</th></tr></thead><tbody><tr><th>覚え方</th><td>ひび割れの定義・要件・効果を条文・規約根拠と対応づける</td><td>関連ページで対比</td></tr></tbody></table>",ひび割れの定義・要件・効果を条文・規約根拠と対応づける;建築基準法の根拠を明示できる;関連語（建築基準法、エレベーター、昇降機）との違いを説明できる,ひび割れを類似語と同一視する;要件の一部だけ暗記して判断する;最新の改正・規約改定を見落とす。,ひび割れ＝建築基準法。建築基準法と表で対比。（関連用語とセットで暗記）。,ひび割れに関する次の記述のうち、最も適切でないものはどれか。,ひび割れの定義・要件と照らし、条件を満たさない選択肢を選ぶ。,ひび割れの定義を試験用に一言で言うと？,「ひび割れの定義を試験用に一言で言うと？」への答え：ひび割れは建築・設備分野では建築基準法に関する重要概念です。根拠は建築基準法。条文番号と要件をメモに書き出して確認する。条文番号と要件をメモに書き出して確認する。条文番号と要件をメモに書き出して確認する。公式テキスト該当章を開く。,ひび割れと混同しやすい論点は？,試験の出方：建築基準法の根拠を明示できる。四択では条件の主語と効果を分離して読む。過去問で出題形式と正答率を週1回チェックする。過去問で出題形式と正答率を週1回チェックする。過去問で出題形式と正答率を週1回チェックする。過去問で出題形式と正答率を週1回チェックする。過去問1問で正答率を記録する。,誤答の典型：ひび割れを類似語と同一視する;要件の一部だけ暗記して判断する;最新の改正・規約改定を見落とす。一語差の選択肢に注意。誤答肢のパターンを比較表に整理して復習する。誤答肢のパターンを比較表に整理して復習する。誤答肢のパターンを比較表に整理して復習する。誤答肢を比較表に書き出す。,ひび割れとは何ですか？,学習の次段：「建築基準法」と比較表で整理し、numbers / compare から過去問へ。関連用語ハブと比較ページへ進んで定着を確認する。関連用語ハブと比較ページへ進んで定着を確認する。関連用語ハブと比較ページへ進んで定着を確認する。関連用語ハブと比較ページへ進んで定着を確認する。用語ハブ compare へ進む。,ひび割れとは何ですか？
アフターサービス,標準管理委託契約書・指針,標準管理委託契約書・指針;修繕,アフターサービスは標準管理委託契約書・指針分野では標準管理委託契約書に関する重要概念です。,アフターサービスは、アフターサービスは標準管理委託契約書・指針分野では標準管理委託契約書に関する重要概念です。管理委託契約の標準条項。委託費・業務範囲・再委託。,マンション標準管理委託契約書;定額委託業務費;臨時委託業務,標準管理委託契約書,B,過去問ではアフターサービスの定義・要件・効果を条文・規約根拠と対応づけるが問われます。アフターサービスを類似語と同一視する選択肢に注意してください。アフターサービスは標準管理委託契約書・指針分野では標準管理委託契約書に関する。,アフターサービスとは？管理業務主任者試験で押さえる意味と試験ポイント,アフターサービスの意味と管理業務主任者試験での判定ポイントを、標準管理委託契約書の文脈で整理します。アフターサービスは、アフターサービスは標準管理委託契約書・指針分野では標準管理委託契約書に関する重要概念です。管理委託契約の標準条項。委託費・業務範囲・再委託。,"アフターサービスは標準管理委託契約書・指針分野では標準管理委託契約書に関する重要概念です。管理業務主任者試験では、標準管理委託契約書を根拠に定義・要件・効果を問う問題が出ます。

実務・試験ともに「アフターサービスの定義・要件・効果を条文・規約根拠と対応づける」が判断の軸になります。選択肢ではアフターサービスを類似語と同一視する肢が多いため、要件の欠けた肢を消去する思考が有効です。

アフターサービスはマンション標準管理委託契約書、定額委託業務費、臨時委託業務とセットで整理すると理解が定着します。管業マスターの過去問・実践演習で標準管理委託契約書・指針フィルタを使い、関連問題を解き直してください。","<table class=""seo-info-table""><thead><tr><th>比較</th><th>アフターサービス</th><th>マンション標準管理委託契約書</th></tr></thead><tbody><tr><th>覚え方</th><td>アフターサービスの定義・要件・効果を条文・規約根拠と対応づける</td><td>関連ページで対比</td></tr></tbody></table>",アフターサービスの定義・要件・効果を条文・規約根拠と対応づける;標準管理委託契約書の根拠を明示できる;関連語（マンション標準管理委託契約書、定額委託業務費、臨時委託業務）との違いを説明できる,アフターサービスを類似語と同一視する;要件の一部だけ暗記して判断する;最新の改正・規約改定を見落とす。,アフターサービス＝標準管理委託契約書。マンション標準管理委託契約書と表で対比。,アフターサービスに関する記述として最も不適切なものを選べ。,標準管理委託契約書・指針の原則に照らし、主体・時期・要件のいずれかを欠く選択肢を誤りとして判定する。,アフターサービスの定義を試験用に一言で言うと？,「アフターサービスの定義を試験用に一言で言うと？」への答え：アフターサービスは標準管理委託契約書・指針分野では標準管理委託契約書に関する重要概念です。根拠は標準管理委託契約書。条文番号と要件をメモに書き出して確認する。条文番号と要件をメモに書き出して確認する。公式テキスト該当章を開く。,アフターサービスと混同しやすい論点は？,試験の出方：標準管理委託契約書の根拠を明示できる。四択では条件の主語と効果を分離して読む。過去問で出題形式と正答率を週1回チェックする。過去問で出題形式と正答率を週1回チェックする。過去問で出題形式と正答率を週1回チェックする。過去問で出題形式と正答率を週1回チェックする。過去問1問で正答率を記録する。,誤答の典型：アフターサービスを類似語と同一視する;要件の一部だけ暗記して判断する;最新の改正・規約改定を見落とす。一語差の選択肢に注意。誤答肢のパターンを比較表に整理して復習する。誤答肢のパターンを比較表に整理して復習する。誤答肢のパターンを比較表に整理して復習する。誤答肢を比較表に書き出す。,アフターサービスとは何ですか？,学習の次段：「マンション標準管理委託契約書」と比較表で整理し、numbers / compare から過去問へ。関連用語ハブと比較ページへ進んで定着を確認する。関連用語ハブと比較ページへ進んで定着を確認する。関連用語ハブと比較ページへ進んで定着を確認する。用語ハブ compare へ進む。,アフターサービスとは何ですか？
エレベーター,建築・設備,建築・設備;設備;頻出,昇降機の通称。保守・検査・バリアフリーが論点。,エレベーターは、昇降機の通称。保守・検査・バリアフリーが論点。建築基準法・消防法・昇降機規則等に基づく建物・設備の安全と維持。,建築基準法;昇降機;消防法,昇降機安全規則,A,過去問ではエレベーターの定義・要件・効果を条文・規約根拠と対応づけるが問われます。エレベーターを類似語と同一視する選択肢に注意してください。昇降機の通称。保守・検査・バリアフリーが論点。管理業務主任者試験では、昇降機安。,エレベーターとは？管理業務主任者で押さえる意味と試験ポイント,エレベーターの意味と管理業務主任者試験での判定ポイントを、昇降機安全規則の文脈で整理します。エレベーターは、昇降機の通称。保守・検査・バリアフリーが論点。建築基準法・消防法・昇降機規則等に基づく建物・設備の安全と維持。,"昇降機の通称。保守・検査・バリアフリーが論点。管理業務主任者試験では、昇降機安全規則を根拠に定義・要件・効果を問う問題が出ます。

実務・試験ともに「エレベーターの定義・要件・効果を条文・規約根拠と対応づける」が判断の軸になります。選択肢ではエレベーターを類似語と同一視する肢が多いため、要件の欠けた肢を消去する思考が有効です。

エレベーターは建築基準法、昇降機、消防法とセットで整理すると理解が定着します。管業マスターの過去問・実践演習で建築・設備フィルタを使い、関連問題を解き直してください。","<table class=""seo-info-table""><thead><tr><th>比較</th><th>エレベーター</th><th>建築基準法</th></tr></thead><tbody><tr><th>覚え方</th><td>エレベーターの定義・要件・効果を条文・規約根拠と対応づける</td><td>関連ページで対比</td></tr></tbody></table>",エレベーターの定義・要件・効果を条文・規約根拠と対応づける;昇降機安全規則の根拠を明示できる;関連語（建築基準法、昇降機、消防法）との違いを説明できる,エレベーターを類似語と同一視する;要件の一部だけ暗記して判断する;最新の改正・規約改定を見落とす。,エレベーター＝昇降機安全規則。建築基準法と表で対比。,エレベーターに関する次の記述のうち、最も適切でないものはどれか。,エレベーターの定義・要件・効果を条文・規約根拠と対応づける。エレベーターを類似語と同一視するとする記述が誤りになりやすい。,エレベーターの定義を試験用に一言で言うと？,「エレベーターの定義を試験用に一言で言うと？」への答え：昇降機の通称。保守・検査・バリアフリーが論点。根拠は昇降機安全規則。条文番号と要件をメモに書き出して確認する。条文番号と要件をメモに書き出して確認する。条文番号と要件をメモに書き出して確認する。公式テキスト該当章を開く。,エレベーターと混同しやすい論点は？,試験の出方：昇降機安全規則の根拠を明示できる。四択では条件の主語と効果を分離して読む。過去問で出題形式と正答率を週1回チェックする。過去問で出題形式と正答率を週1回チェックする。過去問で出題形式と正答率を週1回チェックする。過去問で出題形式と正答率を週1回チェックする。過去問1問で正答率を記録する。,誤答の典型：エレベーターを類似語と同一視する;要件の一部だけ暗記して判断する;最新の改正・規約改定を見落とす。一語差の選択肢に注意。誤答肢のパターンを比較表に整理して復習する。誤答肢のパターンを比較表に整理して復習する。誤答肢のパターンを比較表に整理して復習する。誤答肢を比較表に書き出す。,エレベーターとは何ですか？,学習の次段：「建築基準法」と比較表で整理し、numbers / compare から過去問へ。関連用語ハブと比較ページへ進んで定着を確認する。関連用語ハブと比較ページへ進んで定着を確認する。関連用語ハブと比較ページへ進んで定着を確認する。関連用語ハブと比較ページへ進んで定着を確認する。用語ハブ compare へ進む。,エレベーターとは何ですか？
エレベーター保守,建築・設備,建築・設備;頻出;検査,昇降機の日常保守。定期検査との関係。,エレベーター保守は、昇降機の日常保守。定期検査との関係。建築基準法・消防法・昇降機規則等に基づく建物・設備の安全と維持。,建築基準法;エレベーター;昇降機,昇降機安全規則,A,過去問ではエレベーター保守の定義・要件・効果を条文・規約根拠と対応づけるが問われます。エレベーター保守を類似語と同一視する選択肢に注意してください。昇降機の日常保守。定期検査との関係。管理業務主任者試験では、昇降機安全規則を根。,エレベーター保守とは？管理業務主任者で押さえる意味と試験ポイント,エレベーター保守の意味と管理業務主任者試験での判定ポイントを、昇降機安全規則の文脈で整理します。エレベーター保守は、昇降機の日常保守。定期検査との関係。建築基準法・消防法・昇降機規則等に基づく建物・設備の安全と維持。,"昇降機の日常保守。定期検査との関係。管理業務主任者試験では、昇降機安全規則を根拠に定義・要件・効果を問う問題が出ます。

実務・試験ともに「エレベーター保守の定義・要件・効果を条文・規約根拠と対応づける」が判断の軸になります。選択肢ではエレベーター保守を類似語と同一視する肢が多いため、要件の欠けた肢を消去する思考が有効です。

エレベーター保守は建築基準法、エレベーター、昇降機とセットで整理すると理解が定着します。管業マスターの過去問・実践演習で建築・設備フィルタを使い、関連問題を解き直してください。","<table class=""seo-info-table""><thead><tr><th>比較</th><th>エレベーター保守</th><th>建築基準法</th></tr></thead><tbody><tr><th>覚え方</th><td>エレベーター保守の定義・要件・効果を条文・規約根拠と対応づける</td><td>関連ページで対比</td></tr></tbody></table>",エレベーター保守の定義・要件・効果を条文・規約根拠と対応づける;昇降機安全規則の根拠を明示できる;関連語（建築基準法、エレベーター、昇降機）との違いを説明できる,エレベーター保守を類似語と同一視する;要件の一部だけ暗記して判断する;最新の改正・規約改定を見落とす。,エレベーター保守＝昇降機安全規則。建築基準法と表で対比。,エレベーター保守に関する次の記述のうち、最も適切でないものはどれか。,エレベーター保守の定義・要件・効果を条文・規約根拠と対応づける。エレベーター保守を類似語と同一視するとする記述が誤りになりやすい。,エレベーター保守の定義を試験用に一言で言うと？,「エレベーター保守の定義を試験用に一言で言うと？」への答え：昇降機の日常保守。定期検査との関係。根拠は昇降機安全規則。条文番号と要件をメモに書き出して確認する。条文番号と要件をメモに書き出して確認する。条文番号と要件をメモに書き出して確認する。公式テキスト該当章を開く。,エレベーター保守と混同しやすい論点は？,試験の出方：昇降機安全規則の根拠を明示できる。四択では条件の主語と効果を分離して読む。過去問で出題形式と正答率を週1回チェックする。過去問で出題形式と正答率を週1回チェックする。過去問で出題形式と正答率を週1回チェックする。過去問で出題形式と正答率を週1回チェックする。過去問1問で正答率を記録する。,誤答の典型：エレベーター保守を類似語と同一視する;要件の一部だけ暗記して判断する;最新の改正・規約改定を見落とす。一語差の選択肢に注意。誤答肢のパターンを比較表に整理して復習する。誤答肢のパターンを比較表に整理して復習する。誤答肢のパターンを比較表に整理して復習する。誤答肢を比較表に書き出す。,エレベーター保守とは何ですか？,学習の次段：「建築基準法」と比較表で整理し、numbers / compare から過去問へ。関連用語ハブと比較ページへ進んで定着を確認する。関連用語ハブと比較ページへ進んで定着を確認する。関連用語ハブと比較ページへ進んで定着を確認する。関連用語ハブと比較ページへ進んで定着を確認する。用語ハブ compare へ進む。,エレベーター保守とは何ですか？
クーリングオフ,宅建業法,宅建業法;消費者,クーリングオフは宅建業法分野では宅地建物取引業法に関する重要概念です。,クーリングオフは、クーリングオフは宅建業法分野では宅地建物取引業法に関する重要概念です。不動産取引の規制。35条書面・重要事項説明。,宅地建物取引業;重要事項説明;35条書面,宅地建物取引業法,B,過去問ではクーリングオフの定義・要件・効果を条文・規約根拠と対応づけるが問われます。クーリングオフを類似語と同一視する選択肢に注意してください。クーリングオフは宅建業法分野では宅地建物取引業法に関する重要概念です。管理。,クーリングオフとは？管理業務主任者試験で押さえる意味と試験ポイント,クーリングオフの意味と管理業務主任者試験での判定ポイントを、宅地建物取引業法の文脈で整理します。クーリングオフは、クーリングオフは宅建業法分野では宅地建物取引業法に関する重要概念です。不動産取引の規制。35条書面・重要事項説明。,"クーリングオフは宅建業法分野では宅地建物取引業法に関する重要概念です。管理業務主任者試験では、宅地建物取引業法を根拠に定義・要件・効果を問う問題が出ます。

実務・試験ともに「クーリングオフの定義・要件・効果を条文・規約根拠と対応づける」が判断の軸になります。選択肢ではクーリングオフを類似語と同一視する肢が多いため、要件の欠けた肢を消去する思考が有効です。

クーリングオフは宅地建物取引業、重要事項説明、35条書面とセットで整理すると理解が定着します。管業マスターの過去問・実践演習で宅建業法フィルタを使い、関連問題を解き直してください。","<table class=""seo-info-table""><thead><tr><th>比較</th><th>クーリングオフ</th><th>宅地建物取引業</th></tr></thead><tbody><tr><th>覚え方</th><td>クーリングオフの定義・要件・効果を条文・規約根拠と対応づける</td><td>関連ページで対比</td></tr></tbody></table>",クーリングオフの定義・要件・効果を条文・規約根拠と対応づける;宅地建物取引業法の根拠を明示できる;関連語（宅地建物取引業、重要事項説明、35条書面）との違いを説明できる,クーリングオフを類似語と同一視する;要件の一部だけ暗記して判断する;最新の改正・規約改定を見落とす。,クーリングオフ＝宅地建物取引業法。宅地建物取引業と表で対比。,クーリングオフに関する記述として最も不適切なものを選べ。,宅建業法の原則に照らし、主体・時期・要件のいずれかを欠く選択肢を誤りとして判定する。,クーリングオフの定義を試験用に一言で言うと？,「クーリングオフの定義を試験用に一言で言うと？」への答え：クーリングオフは宅建業法分野では宅地建物取引業法に関する重要概念です。根拠は宅地建物取引業法。条文番号と要件をメモに書き出して確認する。条文番号と要件をメモに書き出して確認する。条文番号と要件をメモに書き出して確認する。公式テキスト該当章を開く。,クーリングオフと混同しやすい論点は？,試験の出方：宅地建物取引業法の根拠を明示できる。四択では条件の主語と効果を分離して読む。過去問で出題形式と正答率を週1回チェックする。過去問で出題形式と正答率を週1回チェックする。過去問で出題形式と正答率を週1回チェックする。過去問で出題形式と正答率を週1回チェックする。過去問1問で正答率を記録する。,誤答の典型：クーリングオフを類似語と同一視する;要件の一部だけ暗記して判断する;最新の改正・規約改定を見落とす。一語差の選択肢に注意。誤答肢のパターンを比較表に整理して復習する。誤答肢のパターンを比較表に整理して復習する。誤答肢のパターンを比較表に整理して復習する。誤答肢を比較表に書き出す。,クーリングオフとは何ですか？,学習の次段：「宅地建物取引業」と比較表で整理し、numbers / compare から過去問へ。関連用語ハブと比較ページへ進んで定着を確認する。関連用語ハブと比較ページへ進んで定着を確認する。関連用語ハブと比較ページへ進んで定着を確認する。用語ハブ compare へ進む。,クーリングオフとは何ですか？
コンクリート中性化,建築・設備,建築・設備;劣化,コンクリート中性化は建築・設備分野では建築基準法に関する重要概念です。,コンクリート中性化は、コンクリート中性化は建築・設備分野では建築基準法に関する重要概念です。建築基準法・消防法・昇降機規則等に基づく建物・設備の安全と維持。,建築基準法;エレベーター;昇降機,建築基準法,B,過去問ではコンクリート中性化の定義・要件・効果を条文・規約根拠と対応づけるが問われます。コンクリート中性化を類似語と同一視する選択肢に注意してください。コンクリート中性化は建築・設備分野では建築基準法に関する重要概念です。管理。,コンクリート中性化とは？管理業務主任者で押さえる意味と試験ポイント,コンクリート中性化の意味と管理業務主任者試験での判定ポイントを、建築基準法の文脈で整理します。コンクリート中性化は、コンクリート中性化は建築・設備分野では建築基準法に関する重要概念です。建築基準法・消防法・昇降機規則等に基づく建物・設備の安全と維持。,"コンクリート中性化は建築・設備分野では建築基準法に関する重要概念です。管理業務主任者試験では、建築基準法を根拠に定義・要件・効果を問う問題が出ます。

実務・試験ともに「コンクリート中性化の定義・要件・効果を条文・規約根拠と対応づける」が判断の軸になります。選択肢ではコンクリート中性化を類似語と同一視する肢が多いため、要件の欠けた肢を消去する思考が有効です。

コンクリート中性化は建築基準法、エレベーター、昇降機とセットで整理すると理解が定着します。管業マスターの過去問・実践演習で建築・設備フィルタを使い、関連問題を解き直してください。","<table class=""seo-info-table""><thead><tr><th>比較</th><th>コンクリート中性化</th><th>建築基準法</th></tr></thead><tbody><tr><th>覚え方</th><td>コンクリート中性化の定義・要件・効果を条文・規約根拠と対応づける</td><td>関連ページで対比</td></tr></tbody></table>",コンクリート中性化の定義・要件・効果を条文・規約根拠と対応づける;建築基準法の根拠を明示できる;関連語（建築基準法、エレベーター、昇降機）との違いを説明できる,コンクリート中性化を類似語と同一視する;要件の一部だけ暗記して判断する;最新の改正・規約改定を見落とす。,コンクリート中性化＝建築基準法。建築基準法と表で対比。,コンクリート中性化に関する次の記述のうち、最も適切でないものはどれか。,コンクリート中性化の定義・要件と照らし、条件を満たさない選択肢を選ぶ。,コンクリート中性化の定義を試験用に一言で言うと？,「コンクリート中性化の定義を試験用に一言で言うと？」への答え：コンクリート中性化は建築・設備分野では建築基準法に関する重要概念です。根拠は建築基準法。条文番号と要件をメモに書き出して確認する。条文番号と要件をメモに書き出して確認する。条文番号と要件をメモに書き出して確認する。公式テキスト該当章を開く。,コンクリート中性化と混同しやすい論点は？,試験の出方：建築基準法の根拠を明示できる。四択では条件の主語と効果を分離して読む。過去問で出題形式と正答率を週1回チェックする。過去問で出題形式と正答率を週1回チェックする。過去問で出題形式と正答率を週1回チェックする。過去問で出題形式と正答率を週1回チェックする。過去問1問で正答率を記録する。,誤答の典型：コンクリート中性化を類似語と同一視する;要件の一部だけ暗記して判断する;最新の改正・規約改定を見落とす。一語差の選択肢に注意。誤答肢のパターンを比較表に整理して復習する。誤答肢のパターンを比較表に整理して復習する。誤答肢のパターンを比較表に整理して復習する。誤答肢を比較表に書き出す。,コンクリート中性化とは何ですか？,学習の次段：「建築基準法」と比較表で整理し、numbers / compare から過去問へ。関連用語ハブと比較ページへ進んで定着を確認する。関連用語ハブと比較ページへ進んで定着を確認する。関連用語ハブと比較ページへ進んで定着を確認する。関連用語ハブと比較ページへ進んで定着を確認する。用語ハブ compare へ進む。,コンクリート中性化とは何ですか？
バリアフリー,建築・設備,建築・設備;設備,バリアフリーは建築・設備分野ではバリアフリー法に関する重要概念です。,バリアフリーは、バリアフリーは建築・設備分野ではバリアフリー法に関する重要概念です。建築基準法・消防法・昇降機規則等に基づく建物・設備の安全と維持。,建築基準法;エレベーター;昇降機,バリアフリー法,B,過去問ではバリアフリーの定義・要件・効果を条文・規約根拠と対応づけるが問われます。バリアフリーを類似語と同一視する選択肢に注意してください。バリアフリーは建築・設備分野ではバリアフリー法に関する重要概念です。管理業。,バリアフリーとは？管理業務主任者で押さえる意味と試験ポイント,バリアフリーの意味と管理業務主任者試験での判定ポイントを、バリアフリー法の文脈で整理します。バリアフリーは、バリアフリーは建築・設備分野ではバリアフリー法に関する重要概念です。建築基準法・消防法・昇降機規則等に基づく建物・設備の安全と維持。,"バリアフリーは建築・設備分野ではバリアフリー法に関する重要概念です。管理業務主任者試験では、バリアフリー法を根拠に定義・要件・効果を問う問題が出ます。

実務・試験ともに「バリアフリーの定義・要件・効果を条文・規約根拠と対応づける」が判断の軸になります。選択肢ではバリアフリーを類似語と同一視する肢が多いため、要件の欠けた肢を消去する思考が有効です。

バリアフリーは建築基準法、エレベーター、昇降機とセットで整理すると理解が定着します。管業マスターの過去問・実践演習で建築・設備フィルタを使い、関連問題を解き直してください。","<table class=""seo-info-table""><thead><tr><th>比較</th><th>バリアフリー</th><th>建築基準法</th></tr></thead><tbody><tr><th>覚え方</th><td>バリアフリーの定義・要件・効果を条文・規約根拠と対応づける</td><td>関連ページで対比</td></tr></tbody></table>",バリアフリーの定義・要件・効果を条文・規約根拠と対応づける;バリアフリー法の根拠を明示できる;関連語（建築基準法、エレベーター、昇降機）との違いを説明できる,バリアフリーを類似語と同一視する;要件の一部だけ暗記して判断する;最新の改正・規約改定を見落とす。,バリアフリー＝バリアフリー法。建築基準法と表で対比。,バリアフリーに関する次の記述のうち、最も適切でないものはどれか。,バリアフリーの定義・要件と照らし、条件を満たさない選択肢を選ぶ。,バリアフリーの定義を試験用に一言で言うと？,「バリアフリーの定義を試験用に一言で言うと？」への答え：バリアフリーは建築・設備分野ではバリアフリー法に関する重要概念です。根拠はバリアフリー法。条文番号と要件をメモに書き出して確認する。条文番号と要件をメモに書き出して確認する。条文番号と要件をメモに書き出して確認する。公式テキスト該当章を開く。,バリアフリーと混同しやすい論点は？,試験の出方：バリアフリー法の根拠を明示できる。四択では条件の主語と効果を分離して読む。過去問で出題形式と正答率を週1回チェックする。過去問で出題形式と正答率を週1回チェックする。過去問で出題形式と正答率を週1回チェックする。過去問で出題形式と正答率を週1回チェックする。過去問1問で正答率を記録する。,誤答の典型：バリアフリーを類似語と同一視する;要件の一部だけ暗記して判断する;最新の改正・規約改定を見落とす。一語差の選択肢に注意。誤答肢のパターンを比較表に整理して復習する。誤答肢のパターンを比較表に整理して復習する。誤答肢のパターンを比較表に整理して復習する。誤答肢を比較表に書き出す。,バリアフリーとは何ですか？,学習の次段：「建築基準法」と比較表で整理し、numbers / compare から過去問へ。関連用語ハブと比較ページへ進んで定着を確認する。関連用語ハブと比較ページへ進んで定着を確認する。関連用語ハブと比較ページへ進んで定着を確認する。関連用語ハブと比較ページへ進んで定着を確認する。用語ハブ compare へ進む。,バリアフリーとは何ですか？
バリアフリー法,建築・設備,建築・設備;法令;頻出,高齢者等の移動等の円滑化。昇降機設置等。,バリアフリー法は、高齢者等の移動等の円滑化。昇降機設置等。建築基準法・消防法・昇降機規則等に基づく建物・設備の安全と維持。,建築基準法;エレベーター;昇降機,バリアフリー法,A,過去問ではバリアフリー法の定義・要件・効果を条文・規約根拠と対応づけるが問われます。バリアフリー法を類似語と同一視する選択肢に注意してください。高齢者等の移動等の円滑化。昇降機設置等。管理業務主任者試験では、バリアフリー法。,バリアフリー法とは？管理業務主任者で押さえる意味と試験ポイント,バリアフリー法の意味と管理業務主任者試験での判定ポイントを、バリアフリー法の文脈で整理します。バリアフリー法は、高齢者等の移動等の円滑化。昇降機設置等。建築基準法・消防法・昇降機規則等に基づく建物・設備の安全と維持。,"高齢者等の移動等の円滑化。昇降機設置等。管理業務主任者試験では、バリアフリー法を根拠に定義・要件・効果を問う問題が出ます。

実務・試験ともに「バリアフリー法の定義・要件・効果を条文・規約根拠と対応づける」が判断の軸になります。選択肢ではバリアフリー法を類似語と同一視する肢が多いため、要件の欠けた肢を消去する思考が有効です。

バリアフリー法は建築基準法、エレベーター、昇降機とセットで整理すると理解が定着します。管業マスターの過去問・実践演習で建築・設備フィルタを使い、関連問題を解き直してください。","<table class=""seo-info-table""><thead><tr><th>比較</th><th>バリアフリー法</th><th>建築基準法</th></tr></thead><tbody><tr><th>覚え方</th><td>バリアフリー法の定義・要件・効果を条文・規約根拠と対応づける</td><td>関連ページで対比</td></tr></tbody></table>",バリアフリー法の定義・要件・効果を条文・規約根拠と対応づける;バリアフリー法の根拠を明示できる;関連語（建築基準法、エレベーター、昇降機）との違いを説明できる,バリアフリー法を類似語と同一視する;要件の一部だけ暗記して判断する;最新の改正・規約改定を見落とす。,バリアフリー法＝バリアフリー法。建築基準法と表で対比。,バリアフリー法に関する次の記述のうち、最も適切でないものはどれか。,バリアフリー法の定義・要件・効果を条文・規約根拠と対応づける。バリアフリー法を類似語と同一視するとする記述が誤りになりやすい。,バリアフリー法の定義を試験用に一言で言うと？,「バリアフリー法の定義を試験用に一言で言うと？」への答え：高齢者等の移動等の円滑化。昇降機設置等。根拠はバリアフリー法。条文番号と要件をメモに書き出して確認する。条文番号と要件をメモに書き出して確認する。条文番号と要件をメモに書き出して確認する。公式テキスト該当章を開く。,バリアフリー法と混同しやすい論点は？,試験の出方：バリアフリー法の根拠を明示できる。四択では条件の主語と効果を分離して読む。過去問で出題形式と正答率を週1回チェックする。過去問で出題形式と正答率を週1回チェックする。過去問で出題形式と正答率を週1回チェックする。過去問で出題形式と正答率を週1回チェックする。過去問1問で正答率を記録する。,誤答の典型：バリアフリー法を類似語と同一視する;要件の一部だけ暗記して判断する;最新の改正・規約改定を見落とす。一語差の選択肢に注意。誤答肢のパターンを比較表に整理して復習する。誤答肢のパターンを比較表に整理して復習する。誤答肢のパターンを比較表に整理して復習する。誤答肢を比較表に書き出す。,バリアフリー法とは何ですか？,学習の次段：「建築基準法」と比較表で整理し、numbers / compare から過去問へ。関連用語ハブと比較ページへ進んで定着を確認する。関連用語ハブと比較ページへ進んで定着を確認する。関連用語ハブと比較ページへ進んで定着を確認する。関連用語ハブと比較ページへ進んで定着を確認する。用語ハブ compare へ進む。,バリアフリー法とは何ですか？
バリアフリー法とエレベーター,判例・横断総合,判例・横断総合;設備,バリアフリー法とエレベーターは複数分野にまたがる論点で、比較表で整理すると得点しやすくなります。,バリアフリー法とエレベーターは、バリアフリー法とエレベーターは複数分野にまたがる論点で、比較表で整理すると得点しやすくなります。判例・複数分野を横断する論点。比較整理が得点の鍵。,主徴費;管理不全;組合の法人格,バリアフリー法,B,過去問ではバリアフリー法とエレベーターの定義・要件・効果を条文・規約根拠と対応づけるが問われます。バリアフリー法とエレベーターを類似語と同一視する選択肢に注意してください。,バリアフリー法とエレベーターとは？管理業務主任者試験で押さえる意味と試験ポイント,バリアフリー法とエレベーターの意味と管理業務主任者試験での判定ポイントを、バリアフリー法の文脈で整理します。バリアフリー法とエレベーターは、バリアフリー法とエレベーターは複数分野にまたがる論点で、比較表で整理すると得点しやすくなります。判例・複数分野を横断する論点。比較整理が得点の鍵。,"バリアフリー法とエレベーターは複数分野にまたがる論点で、比較表で整理すると得点しやすくなります。管理業務主任者試験では、バリアフリー法を根拠に定義・要件・効果を問う問題が出ます。

実務・試験ともに「バリアフリー法とエレベーターの定義・要件・効果を条文・規約根拠と対応づける」が判断の軸になります。選択肢ではバリアフリー法とエレベーターを類似語と同一視する肢が多いため、要件の欠けた肢を消去する思考が有効です。

バリアフリー法とエレベーターは主徴費、管理不全、組合の法人格とセットで整理すると理解が定着します。管業マスターの過去問・実践演習で判例・横断総合フィルタを使い、関連問題を解き直してください。","<table class=""seo-info-table""><thead><tr><th>比較</th><th>バリアフリー法とエレベーター</th><th>主徴費</th></tr></thead><tbody><tr><th>覚え方</th><td>バリアフリー法とエレベーターの定義・要件・効果を条文・規約根拠と対応づける</td><td>関連ページで対比</td></tr></tbody></table>",バリアフリー法とエレベーターの定義・要件・効果を条文・規約根拠と対応づける;バリアフリー法の根拠を明示できる;関連語（主徴費、管理不全、組合の法人格）との違いを説明できる,バリアフリー法とエレベーターを類似語と同一視する;要件の一部だけ暗記して判断する;最新の改正・規約改定を見落とす。,バリアフリー法とエレベーター＝バリアフリー法。主徴費と表で対比。,バリアフリー法とエレベーターに関する次の記述のうち、最も適切でないものはどれか。,バリアフリー法とエレベーターの定義・要件と照らし、条件を満たさない選択肢を選ぶ。,バリアフリー法とエレベーターの定義を試験用に一言で言うと？,「バリアフリー法とエレベーターの定義を試験用に一言で言うと？」への答え：バリアフリー法とエレベーターは複数分野にまたがる論点で、比較表で整理すると得点しやすくなります。根拠はバリアフリー法。条文番号と要件をメモに書き出して確認する。条文番号と要件をメモに書き出して確認する。公式テキスト該当章を開く。,バリアフリー法とエレベーターと混同しやすい論点は？,試験の出方：バリアフリー法の根拠を明示できる。四択では条件の主語と効果を分離して読む。過去問で出題形式と正答率を週1回チェックする。過去問で出題形式と正答率を週1回チェックする。過去問で出題形式と正答率を週1回チェックする。過去問で出題形式と正答率を週1回チェックする。過去問1問で正答率を記録する。,誤答の典型：バリアフリー法とエレベーターを類似語と同一視する;要件の一部だけ暗記して判断する;最新の改正・規約改定を見落とす。一語差の選択肢に注意。誤答肢のパターンを比較表に整理して復習する。誤答肢のパターンを比較表に整理して復習する。誤答肢のパターンを比較表に整理して復習する。誤答肢を比較表に書き出す。,バリアフリー法とエレベーターとは何ですか？,学習の次段：「主徴費」と比較表で整理し、numbers / compare から過去問へ。関連用語ハブと比較ページへ進んで定着を確認する。関連用語ハブと比較ページへ進んで定着を確認する。関連用語ハブと比較ページへ進んで定着を確認する。関連用語ハブと比較ページへ進んで定着を確認する。用語ハブ compare へ進む。,バリアフリー法とエレベーターとは何ですか？
マンション建替え,品確法・建替円滑化法等,品確法・建替円滑化法等;頻出;建替え,老朽化マンションの建替え。4分の3決議等。,"マンション建替えは、老朽化マンションの建替え。4分の3決議等。住宅品質確保と建替え手続の関連法令。老朽化マンションの建替え。4分の3決議等。管理業務主任者試験では、建替え等円滑化法を根拠に定義・要件・効果を問う問題が出ます。

実務・試験ともに「マンション建替えの定義・要件・効果を条文・規約根拠と対応づける」が判断の軸になります。選択肢。",品質確保促進法;既存住宅状況調査;建替え等円滑化法,建替え等円滑化法,A,過去問ではマンション建替えの定義・要件・効果を条文・規約根拠と対応づけるが問われます。マンション建替えを類似語と同一視する選択肢に注意してください。老朽化マンションの建替え。4分の3決議等。管理業務主任者試験では、建替え等円滑。,マンション建替えとは？管理業務主任者試験で押さえる意味と試験ポイント,マンション建替えの意味と管理業務主任者試験での判定ポイントを、建替え等円滑化法の文脈で整理します。マンション建替えは、老朽化マンションの建替え。4分の3決議等。住宅品質確保と建替え手続の関連法令。,"老朽化マンションの建替え。4分の3決議等。管理業務主任者試験では、建替え等円滑化法を根拠に定義・要件・効果を問う問題が出ます。

実務・試験ともに「マンション建替えの定義・要件・効果を条文・規約根拠と対応づける」が判断の軸になります。選択肢ではマンション建替えを類似語と同一視する肢が多いため、要件の欠けた肢を消去する思考が有効です。

マンション建替えは品質確保促進法、既存住宅状況調査、建替え等円滑化法とセットで整理すると理解が定着します。管業マスターの過去問・実践演習で品確法・建替円滑化法等フィルタを使い、関連問題を解き直してください。","<table class=""seo-info-table""><thead><tr><th>比較</th><th>マンション建替え</th><th>品質確保促進法</th></tr></thead><tbody><tr><th>覚え方</th><td>マンション建替えの定義・要件・効果を条文・規約根拠と対応づける</td><td>関連ページで対比</td></tr></tbody></table>",マンション建替えの定義・要件・効果を条文・規約根拠と対応づける;建替え等円滑化法の根拠を明示できる;関連語（品質確保促進法、既存住宅状況調査、建替え等円滑化法）との違いを説明できる,マンション建替えを類似語と同一視する;要件の一部だけ暗記して判断する;最新の改正・規約改定を見落とす。,マンション建替え＝建替え等円滑化法。品質確保促進法と表で対比。,マンション建替えに関する次の記述のうち、最も適切でないものはどれか。,マンション建替えの定義・要件・効果を条文・規約根拠と対応づける。マンション建替えを類似語と同一視するとする記述が誤りになりやすい。,マンション建替えの定義を試験用に一言で言うと？,「マンション建替えの定義を試験用に一言で言うと？」への答え：老朽化マンションの建替え。4分の3決議等。根拠は建替え等円滑化法。条文番号と要件をメモに書き出して確認する。条文番号と要件をメモに書き出して確認する。条文番号と要件をメモに書き出して確認する。公式テキスト該当章を開く。,マンション建替えと混同しやすい論点は？,試験の出方：建替え等円滑化法の根拠を明示できる。四択では条件の主語と効果を分離して読む。過去問で出題形式と正答率を週1回チェックする。過去問で出題形式と正答率を週1回チェックする。過去問で出題形式と正答率を週1回チェックする。過去問で出題形式と正答率を週1回チェックする。過去問1問で正答率を記録する。,誤答の典型：マンション建替えを類似語と同一視する;要件の一部だけ暗記して判断する;最新の改正・規約改定を見落とす。一語差の選択肢に注意。誤答肢のパターンを比較表に整理して復習する。誤答肢のパターンを比較表に整理して復習する。誤答肢のパターンを比較表に整理して復習する。誤答肢を比較表に書き出す。,マンション建替えとは何ですか？,学習の次段：「品質確保促進法」と比較表で整理し、numbers / compare から過去問へ。関連用語ハブと比較ページへ進んで定着を確認する。関連用語ハブと比較ページへ進んで定着を確認する。関連用語ハブと比較ページへ進んで定着を確認する。用語ハブ compare へ進む。,マンション建替えとは何ですか？
マンション標準管理委託契約書,標準管理委託契約書・指針,標準管理委託契約書・指針;頻出;基本,委託契約の標準条項。業務範囲・委託費・報告。,マンション標準管理委託契約書は、委託契約の標準条項。業務範囲・委託費・報告。管理委託契約の標準条項。委託費・業務範囲・再委託。,定額委託業務費;臨時委託業務;アフターサービス,標準管理委託契約書,A,過去問ではマンション標準管理委託契約書の定義・要件・効果を条文・規約根拠と対応づけるが問われます。マンション標準管理委託契約書を類似語と同一視する選択肢に注意してください。,マンション標準管理委託契約書とは？管理業務主任者試験で押さえる意味と試験ポイント,マンション標準管理委託契約書の意味と管理業務主任者試験での判定ポイントを、標準管理委託契約書の文脈で整理します。マンション標準管理委託契約書は、委託契約の標準条項。業務範囲・委託費・報告。管理委託契約の標準条項。委託費・業務範囲・再委託。,"委託契約の標準条項。業務範囲・委託費・報告。管理業務主任者試験では、標準管理委託契約書を根拠に定義・要件・効果を問う問題が出ます。

実務・試験ともに「マンション標準管理委託契約書の定義・要件・効果を条文・規約根拠と対応づける」が判断の軸になります。選択肢ではマンション標準管理委託契約書を類似語と同一視する肢が多いため、要件の欠けた肢を消去する思考が有効です。

マンション標準管理委託契約書は定額委託業務費、臨時委託業務、アフターサービスとセットで整理すると理解が定着します。管業マスターの過去問・実践演習で標準管理委託契約書・指針フィルタを使い、関連問題を解き直してください。","<table class=""seo-info-table""><thead><tr><th>比較</th><th>マンション標準管理委託契約書</th><th>定額委託業務費</th></tr></thead><tbody><tr><th>覚え方</th><td>マンション標準管理委託契約書の定義・要件・効果を条文・規約根拠と対応づける</td><td>関連ページで対比</td></tr></tbody></table>",マンション標準管理委託契約書の定義・要件・効果を条文・規約根拠と対応づける;標準管理委託契約書の根拠を明示できる;関連語（定額委託業務費、臨時委託業務、アフターサービス）との違いを説明できる,マンション標準管理委託契約書を類似語と同一視する;要件の一部だけ暗記して判断する;最新の改正・規約改定を見落とす。,マンション標準管理委託契約書＝標準管理委託契約書。定額委託業務費と表で対比。,マンション標準管理委託契約書に関する次の記述のうち、最も適切でないものはどれか。,マンション標準管理委託契約書の定義・要件・効果を条文・規約根拠と対応づける。マンション標準管理委託契約書を類似語と同一視するとする記述が誤りになりやすい。,マンション標準管理委託契約書の定義を試験用に一言で言うと？,「マンション標準管理委託契約書の定義を試験用に一言で言うと？」への答え：委託契約の標準条項。業務範囲・委託費・報告。根拠は標準管理委託契約書。条文番号と要件をメモに書き出して確認する。条文番号と要件をメモに書き出して確認する。条文番号と要件をメモに書き出して確認する。公式テキスト該当章を開く。,マンション標準管理委託契約書と混同しやすい論点は？,試験の出方：標準管理委託契約書の根拠を明示できる。四択では条件の主語と効果を分離して読む。過去問で出題形式と正答率を週1回チェックする。過去問で出題形式と正答率を週1回チェックする。過去問で出題形式と正答率を週1回チェックする。過去問で出題形式と正答率を週1回チェックする。過去問1問で正答率を記録する。,誤答の典型：マンション標準管理委託契約書を類似語と同一視する;要件の一部だけ暗記して判断する;最新の改正・規約改定を見落とす。一語差の選択肢に注意。誤答肢のパターンを比較表に整理して復習する。誤答肢のパターンを比較表に整理して復習する。誤答肢のパターンを比較表に整理して復習する。誤答肢を比較表に書き出す。,マンション標準管理委託契約書とは何ですか？,学習の次段：「定額委託業務費」と比較表で整理し、numbers / compare から過去問へ。関連用語ハブと比較ページへ進んで定着を確認する。関連用語ハブと比較ページへ進んで定着を確認する。関連用語ハブと比較ページへ進んで定着を確認する。用語ハブ compare へ進む。,マンション標準管理委託契約書とは何ですか？
マンション標準管理規約,標準管理規約,標準管理規約;頻出;基本,管理組合運営のモデル規約。総会・理事会・決議要件・管理事務委託の基準。,マンション標準管理規約は、管理組合運営のモデル規約。総会・理事会・決議要件・管理事務委託の基準。管理組合の運営ルールのモデル。総会・理事会・決議要件が頻出。,理事長;総会決議;普通決議,標準管理規約,A,過去問ではマンション標準管理規約の定義・要件・効果を条文・規約根拠と対応づけるが問われます。マンション標準管理規約を類似語と同一視する選択肢に注意してください。,マンション標準管理規約とは？管理業務主任者試験で押さえる意味と試験ポイント,マンション標準管理規約の意味と管理業務主任者試験での判定ポイントを、標準管理規約の文脈で整理します。マンション標準管理規約は、管理組合運営のモデル規約。総会・理事会・決議要件・管理事務委託の基準。管理組合の運営ルールのモデル。総会・理事会・決議要件が頻出。,"管理組合運営のモデル規約。総会・理事会・決議要件・管理事務委託の基準。管理業務主任者試験では、標準管理規約を根拠に定義・要件・効果を問う問題が出ます。

実務・試験ともに「マンション標準管理規約の定義・要件・効果を条文・規約根拠と対応づける」が判断の軸になります。選択肢ではマンション標準管理規約を類似語と同一視する肢が多いため、要件の欠けた肢を消去する思考が有効です。

マンション標準管理規約は理事長、総会決議、普通決議とセットで整理すると理解が定着します。管業マスターの過去問・実践演習で標準管理規約フィルタを使い、関連問題を解き直してください。","<table class=""seo-info-table""><thead><tr><th>比較</th><th>マンション標準管理規約</th><th>理事長</th></tr></thead><tbody><tr><th>覚え方</th><td>マンション標準管理規約の定義・要件・効果を条文・規約根拠と対応づける</td><td>関連ページで対比</td></tr></tbody></table>",マンション標準管理規約の定義・要件・効果を条文・規約根拠と対応づける;標準管理規約の根拠を明示できる;関連語（理事長、総会決議、普通決議）との違いを説明できる,マンション標準管理規約を類似語と同一視する;要件の一部だけ暗記して判断する;最新の改正・規約改定を見落とす。,マンション標準管理規約＝標準管理規約。理事長と表で対比。,マンション標準管理規約に関する次の記述のうち、最も適切でないものはどれか。,マンション標準管理規約の定義・要件・効果を条文・規約根拠と対応づける。マンション標準管理規約を類似語と同一視するとする記述が誤りになりやすい。,マンション標準管理規約の定義を試験用に一言で言うと？,「マンション標準管理規約の定義を試験用に一言で言うと？」への答え：管理組合運営のモデル規約。総会・理事会・決議要件・管理事務委託の基準。根拠は標準管理規約。条文番号と要件をメモに書き出して確認する。条文番号と要件をメモに書き出して確認する。公式テキスト該当章を開く。,マンション標準管理規約と混同しやすい論点は？,試験の出方：標準管理規約の根拠を明示できる。四択では条件の主語と効果を分離して読む。過去問で出題形式と正答率を週1回チェックする。過去問で出題形式と正答率を週1回チェックする。過去問で出題形式と正答率を週1回チェックする。過去問で出題形式と正答率を週1回チェックする。過去問1問で正答率を記録する。,誤答の典型：マンション標準管理規約を類似語と同一視する;要件の一部だけ暗記して判断する;最新の改正・規約改定を見落とす。一語差の選択肢に注意。誤答肢のパターンを比較表に整理して復習する。誤答肢のパターンを比較表に整理して復習する。誤答肢のパターンを比較表に整理して復習する。誤答肢を比較表に書き出す。,マンション標準管理規約とは何ですか？,学習の次段：「理事長」と比較表で整理し、numbers / compare から過去問へ。関連用語ハブと比較ページへ進んで定着を確認する。関連用語ハブと比較ページへ進んで定着を確認する。関連用語ハブと比較ページへ進んで定着を確認する。関連用語ハブと比較ページへ進んで定着を確認する。用語ハブ compare へ進む。,マンション標準管理規約とは何ですか？
マンション等の管理の適正化の推進に関する法律,管理適正化法,管理適正化法;法令;基本,マンション管理適正化法。管理業者・資格・73条書面等。,マンション等の管理の適正化の推進に関する法律は、マンション管理適正化法。管理業者・資格・73条書面等。マンション管理の適正化を推進する法律。資格・73条書面・管理計画。,管理計画認定制度;管理業務主任者;マンション管理士,管理適正化法,A,過去問ではマンション等の管理の適正化の推進に関する法律の定義・要件・効果を条文・規約根拠と対応づけるが問われます。マンション等の管理の適正化の推進に関する法律を類似語と同一視する選択肢に注意してください。,マンション等の管理の適正化の推進に関する法律とは？管理業務主任者で押さえる意味と試験ポイント,マンション等の管理の適正化の推進に関する法律の意味と管理業務主任者試験での判定ポイントを、管理適正化法の文脈で整理します。,"マンション管理適正化法。管理業者・資格・73条書面等。管理業務主任者試験では、管理適正化法を根拠に定義・要件・効果を問う問題が出ます。

実務・試験ともに「マンション等の管理の適正化の推進に関する法律の定義・要件・効果を条文・規約根拠と対応づける」が判断の軸になります。選択肢ではマンション等の管理の適正化の推進に関する法律を類似語と同一視する肢が多いため、要件の欠けた肢を消去する思考が有効です。

マンション等の管理の適正化の推進に関する法律は管理計画認定制度、管理業務主任者、マンション管理士とセットで整理すると理解が定着します。管業マスターの過去問・実践演習で管理適正化法フィルタを使い、関連問題を解き直してください。","<table class=""seo-info-table""><thead><tr><th>比較</th><th>マンション等の管理の適正化の推進に関する法律</th><th>管理計画認定制度</th></tr></thead><tbody><tr><th>覚え方</th><td>マンション等の管理の適正化の推進に関する法律の定義・要件・効果を条文・規約根拠と対応づける</td><td>関連ページで対比</td></tr></tbody></table>",マンション等の管理の適正化の推進に関する法律の定義・要件・効果を条文・規約根拠と対応づける;管理適正化法の根拠を明示できる;関連語（管理計画認定制度、管理業務主任者、マンション管理士）との違いを説明できる,マンション等の管理の適正化の推進に関する法律を類似語と同一視する;要件の一部だけ暗記して判断する;最新の改正・規約改定を見落とす。,マンション等の管理の適正化の推進に関する法律＝管理適正化法。管理計画認定制度と表で対比。,マンション等の管理の適正化の推進に関する法律に関する次の記述のうち、最も適切でないものはどれか。,マンション等の管理の適正化の推進に関する法律の定義・要件・効果を条文・規約根拠と対応づける。マンション等の管理の適正化の推進に関する法律を類似語と同一視するとする記述が誤りになりやすい。,マンション等の管理の適正化の推進に関する法律の定義を試験用に一言で言うと？,「マンション等の管理の適正化の推進に関する法律の定義を試験用に一言で言うと」への答え：マンション管理適正化法。管理業者・資格・73条書面等。根拠は管理適正化法。条文番号と要件をメモに書き出して確認する。条文番号と要件をメモに書き出して確認する。公式テキスト該当章を開く。,マンション等の管理の適正化の推進に関する法律と混同しやすい論点は？,試験の出方：管理適正化法の根拠を明示できる。四択では条件の主語と効果を分離して読む。過去問で出題形式と正答率を週1回チェックする。過去問で出題形式と正答率を週1回チェックする。過去問で出題形式と正答率を週1回チェックする。過去問で出題形式と正答率を週1回チェックする。過去問1問で正答率を記録する。,誤答の典型：マンション等の管理の適正化の推進に関する法律を類似語と同一視する;要件の一部だけ暗記して判断する;最新の改正・規約改定を見落とす。一語差の選択肢に注意。誤答肢のパターンを比較表に整理して復習する。誤答肢のパターンを比較表に整理して復習する。誤答肢を比較表に書き出す。,マンション等の管理の適正化の推進に関する法律とは何ですか？,学習の次段：「管理計画認定制度」と比較表で整理し、numbers / compare から過去問へ。関連用語ハブと比較ページへ進んで定着を確認する。関連用語ハブと比較ページへ進んで定着を確認する。関連用語ハブと比較ページへ進んで定着を確認する。用語ハブ compare へ進む。,マンション等の管理の適正化の推進に関する法律とは何ですか？
マンション管理士,管理適正化法,管理適正化法;資格,管理計画認定等に関与する国家資格（管理適正化法）。,マンション管理士は、管理計画認定等に関与する国家資格（管理適正化法）。マンション管理の適正化を推進する法律。資格・73条書面・管理計画。,マンション等の管理の適正化の推進に関する法律;管理計画認定制度;管理業務主任者,管理適正化法,A,過去問ではマンション管理士の定義・要件・効果を条文・規約根拠と対応づけるが問われます。マンション管理士を類似語と同一視する選択肢に注意してください。管理計画認定等に関与する国家資格（管理適正化法）。管理業務主任者試験では、管理。,マンション管理士とは？管理業務主任者で押さえる意味と試験ポイント,マンション管理士の意味と管理業務主任者試験での判定ポイントを、管理適正化法の文脈で整理します。マンション管理士は、管理計画認定等に関与する国家資格（管理適正化法）。マンション管理の適正化を推進する法律。資格・73条書面・管理計画。,"管理計画認定等に関与する国家資格（管理適正化法）。管理業務主任者試験では、管理適正化法を根拠に定義・要件・効果を問う問題が出ます。

実務・試験ともに「マンション管理士の定義・要件・効果を条文・規約根拠と対応づける」が判断の軸になります。選択肢ではマンション管理士を類似語と同一視する肢が多いため、要件の欠けた肢を消去する思考が有効です。

マンション管理士はマンション等の管理の適正化の推進に関する法律、管理計画認定制度、管理業務主任者とセットで整理すると理解が定着します。管業マスターの過去問・実践演習で管理適正化法フィルタを使い、関連問題を解き直してください。","<table class=""seo-info-table""><thead><tr><th>比較</th><th>マンション管理士</th><th>マンション等の管理の適正化の推進に関する法律</th></tr></thead><tbody><tr><th>覚え方</th><td>マンション管理士の定義・要件・効果を条文・規約根拠と対応づける</td><td>関連ページで対比</td></tr></tbody></table>",マンション管理士の定義・要件・効果を条文・規約根拠と対応づける;管理適正化法の根拠を明示できる;関連語（マンション等の管理の適正化の推進に関する法律、管理計画認定制度、管理業務主任者）との違いを説明できる,マンション管理士を類似語と同一視する;要件の一部だけ暗記して判断する;最新の改正・規約改定を見落とす。,マンション管理士＝管理適正化法。マンション等の管理の適正化の推進に関する法律と表で対比。,マンション管理士に関する次の記述のうち、最も適切でないものはどれか。,マンション管理士の定義・要件・効果を条文・規約根拠と対応づける。マンション管理士を類似語と同一視するとする記述が誤りになりやすい。,マンション管理士の定義を試験用に一言で言うと？,「マンション管理士の定義を試験用に一言で言うと？」への答え：管理計画認定等に関与する国家資格（管理適正化法）。根拠は管理適正化法。条文番号と要件をメモに書き出して確認する。条文番号と要件をメモに書き出して確認する。条文番号と要件をメモに書き出して確認する。公式テキスト該当章を開く。,マンション管理士と混同しやすい論点は？,試験の出方：管理適正化法の根拠を明示できる。四択では条件の主語と効果を分離して読む。過去問で出題形式と正答率を週1回チェックする。過去問で出題形式と正答率を週1回チェックする。過去問で出題形式と正答率を週1回チェックする。過去問で出題形式と正答率を週1回チェックする。過去問1問で正答率を記録する。,誤答の典型：マンション管理士を類似語と同一視する;要件の一部だけ暗記して判断する;最新の改正・規約改定を見落とす。一語差の選択肢に注意。誤答肢のパターンを比較表に整理して復習する。誤答肢のパターンを比較表に整理して復習する。誤答肢のパターンを比較表に整理して復習する。誤答肢を比較表に書き出す。,マンション管理士とは何ですか？,学習の次段：「マンション等の管理の適正化の推進に関する法律」と比較表で整理し、numbers / compare から過去問へ。関連用語ハブと比較ページへ進んで定着を確認する。関連用語ハブと比較ページへ進んで定着を確認する。関連用語ハブと比較ページへ進んで定着を確認する。用語ハブ compare へ進む。,マンション管理士とは何ですか？
マンション管理業者,管理適正化法,管理適正化法;頻出;業者,管理適正化法に登録する管理業者。義務・監督。,マンション管理業者は、管理適正化法に登録する管理業者。義務・監督。マンション管理の適正化を推進する法律。資格・73条書面・管理計画。,マンション等の管理の適正化の推進に関する法律;管理計画認定制度;管理業務主任者,管理適正化法,A,過去問ではマンション管理業者の定義・要件・効果を条文・規約根拠と対応づけるが問われます。マンション管理業者を類似語と同一視する選択肢に注意してください。管理適正化法に登録する管理業者。義務・監督。管理業務主任者試験では、管理適正化。,マンション管理業者とは？管理業務主任者で押さえる意味と試験ポイント,マンション管理業者の意味と管理業務主任者試験での判定ポイントを、管理適正化法の文脈で整理します。マンション管理業者は、管理適正化法に登録する管理業者。義務・監督。マンション管理の適正化を推進する法律。資格・73条書面・管理計画。,"管理適正化法に登録する管理業者。義務・監督。管理業務主任者試験では、管理適正化法を根拠に定義・要件・効果を問う問題が出ます。

実務・試験ともに「マンション管理業者の定義・要件・効果を条文・規約根拠と対応づける」が判断の軸になります。選択肢ではマンション管理業者を類似語と同一視する肢が多いため、要件の欠けた肢を消去する思考が有効です。

マンション管理業者はマンション等の管理の適正化の推進に関する法律、管理計画認定制度、管理業務主任者とセットで整理すると理解が定着します。管業マスターの過去問・実践演習で管理適正化法フィルタを使い、関連問題を解き直してください。","<table class=""seo-info-table""><thead><tr><th>比較</th><th>マンション管理業者</th><th>マンション等の管理の適正化の推進に関する法律</th></tr></thead><tbody><tr><th>覚え方</th><td>マンション管理業者の定義・要件・効果を条文・規約根拠と対応づける</td><td>関連ページで対比</td></tr></tbody></table>",マンション管理業者の定義・要件・効果を条文・規約根拠と対応づける;管理適正化法の根拠を明示できる;関連語（マンション等の管理の適正化の推進に関する法律、管理計画認定制度、管理業務主任者）との違いを説明できる,マンション管理業者を類似語と同一視する;要件の一部だけ暗記して判断する;最新の改正・規約改定を見落とす。,マンション管理業者＝管理適正化法。マンション等の管理の適正化の推進に関する法律と表で対比。,マンション管理業者に関する次の記述のうち、最も適切でないものはどれか。,マンション管理業者の定義・要件・効果を条文・規約根拠と対応づける。マンション管理業者を類似語と同一視するとする記述が誤りになりやすい。,マンション管理業者の定義を試験用に一言で言うと？,「マンション管理業者の定義を試験用に一言で言うと？」への答え：管理適正化法に登録する管理業者。義務・監督。根拠は管理適正化法。条文番号と要件をメモに書き出して確認する。条文番号と要件をメモに書き出して確認する。条文番号と要件をメモに書き出して確認する。公式テキスト該当章を開く。,マンション管理業者と混同しやすい論点は？,試験の出方：管理適正化法の根拠を明示できる。四択では条件の主語と効果を分離して読む。過去問で出題形式と正答率を週1回チェックする。過去問で出題形式と正答率を週1回チェックする。過去問で出題形式と正答率を週1回チェックする。過去問で出題形式と正答率を週1回チェックする。過去問1問で正答率を記録する。,誤答の典型：マンション管理業者を類似語と同一視する;要件の一部だけ暗記して判断する;最新の改正・規約改定を見落とす。一語差の選択肢に注意。誤答肢のパターンを比較表に整理して復習する。誤答肢のパターンを比較表に整理して復習する。誤答肢のパターンを比較表に整理して復習する。誤答肢を比較表に書き出す。,マンション管理業者とは何ですか？,学習の次段：「マンション等の管理の適正化の推進に関する法律」と比較表で整理し、numbers / compare から過去問へ。関連用語ハブと比較ページへ進んで定着を確認する。関連用語ハブと比較ページへ進んで定着を確認する。関連用語ハブと比較ページへ進んで定着を確認する。用語ハブ compare へ進む。,マンション管理業者とは何ですか？
マンション管理業者の義務,管理適正化法,管理適正化法;頻出;業者,誠実義務・報告・再委託制限等。,マンション管理業者の義務は、誠実義務・報告・再委託制限等。マンション管理の適正化を推進する法律。資格・73条書面・管理計画。,マンション等の管理の適正化の推進に関する法律;管理計画認定制度;管理業務主任者,管理適正化法,A,過去問ではマンション管理業者の義務の定義・要件・効果を条文・規約根拠と対応づけるが問われます。マンション管理業者の義務を類似語と同一視する選択肢に注意してください。,マンション管理業者の義務とは？管理業務主任者で押さえる意味と試験ポイント,マンション管理業者の義務の意味と管理業務主任者試験での判定ポイントを、管理適正化法の文脈で整理します。マンション管理業者の義務は、誠実義務・報告・再委託制限等。マンション管理の適正化を推進する法律。資格・73条書面・管理計画。,"誠実義務・報告・再委託制限等。管理業務主任者試験では、管理適正化法を根拠に定義・要件・効果を問う問題が出ます。

実務・試験ともに「マンション管理業者の義務の定義・要件・効果を条文・規約根拠と対応づける」が判断の軸になります。選択肢ではマンション管理業者の義務を類似語と同一視する肢が多いため、要件の欠けた肢を消去する思考が有効です。

マンション管理業者の義務はマンション等の管理の適正化の推進に関する法律、管理計画認定制度、管理業務主任者とセットで整理すると理解が定着します。管業マスターの過去問・実践演習で管理適正化法フィルタを使い、関連問題を解き直してください。","<table class=""seo-info-table""><thead><tr><th>比較</th><th>マンション管理業者の義務</th><th>マンション等の管理の適正化の推進に関する法律</th></tr></thead><tbody><tr><th>覚え方</th><td>マンション管理業者の義務の定義・要件・効果を条文・規約根拠と対応づける</td><td>関連ページで対比</td></tr></tbody></table>",マンション管理業者の義務の定義・要件・効果を条文・規約根拠と対応づける;管理適正化法の根拠を明示できる;関連語（マンション等の管理の適正化の推進に関する法律、管理計画認定制度、管理業務主任者）との違いを説明できる,マンション管理業者の義務を類似語と同一視する;要件の一部だけ暗記して判断する;最新の改正・規約改定を見落とす。,マンション管理業者の義務＝管理適正化法。マンション等の管理の適正化の推進に関する法律と表で対比。,マンション管理業者の義務に関する次の記述のうち、最も適切でないものはどれか。,マンション管理業者の義務の定義・要件・効果を条文・規約根拠と対応づける。マンション管理業者の義務を類似語と同一視するとする記述が誤りになりやすい。,マンション管理業者の義務の定義を試験用に一言で言うと？,「マンション管理業者の義務の定義を試験用に一言で言うと？」への答え：誠実義務・報告・再委託制限等。根拠は管理適正化法。条文番号と要件をメモに書き出して確認する。条文番号と要件をメモに書き出して確認する。条文番号と要件をメモに書き出して確認する。公式テキスト該当章を開く。,マンション管理業者の義務と混同しやすい論点は？,試験の出方：管理適正化法の根拠を明示できる。四択では条件の主語と効果を分離して読む。過去問で出題形式と正答率を週1回チェックする。過去問で出題形式と正答率を週1回チェックする。過去問で出題形式と正答率を週1回チェックする。過去問で出題形式と正答率を週1回チェックする。過去問1問で正答率を記録する。,誤答の典型：マンション管理業者の義務を類似語と同一視する;要件の一部だけ暗記して判断する;最新の改正・規約改定を見落とす。一語差の選択肢に注意。誤答肢のパターンを比較表に整理して復習する。誤答肢のパターンを比較表に整理して復習する。誤答肢のパターンを比較表に整理して復習する。誤答肢を比較表に書き出す。,マンション管理業者の義務とは何ですか？,学習の次段：「マンション等の管理の適正化の推進に関する法律」と比較表で整理し、numbers / compare から過去問へ。関連用語ハブと比較ページへ進んで定着を確認する。関連用語ハブと比較ページへ進んで定着を確認する。関連用語ハブと比較ページへ進んで定着を確認する。用語ハブ compare へ進む。,マンション管理業者の義務とは何ですか？
リフォーム,品確法・建替円滑化法等,品確法・建替円滑化法等;修繕,リフォームは品確法・建替円滑化法等分野では品質確保促進法に関する重要概念です。,リフォームは、リフォームは品確法・建替円滑化法等分野では品質確保促進法に関する重要概念です。住宅品質確保と建替え手続の関連法令。,品質確保促進法;既存住宅状況調査;建替え等円滑化法,品質確保促進法,B,過去問ではリフォームの定義・要件・効果を条文・規約根拠と対応づけるが問われます。リフォームを類似語と同一視する選択肢に注意してください。リフォームは品確法・建替円滑化法等分野では品質確保促進法に関する重要概念です。,リフォームとは？管理業務主任者試験で押さえる意味と試験ポイント,リフォームの意味と管理業務主任者試験での判定ポイントを、品質確保促進法の文脈で整理します。リフォームは、リフォームは品確法・建替円滑化法等分野では品質確保促進法に関する重要概念です。住宅品質確保と建替え手続の関連法令。,"リフォームは品確法・建替円滑化法等分野では品質確保促進法に関する重要概念です。管理業務主任者試験では、品質確保促進法を根拠に定義・要件・効果を問う問題が出ます。

実務・試験ともに「リフォームの定義・要件・効果を条文・規約根拠と対応づける」が判断の軸になります。選択肢ではリフォームを類似語と同一視する肢が多いため、要件の欠けた肢を消去する思考が有効です。

リフォームは品質確保促進法、既存住宅状況調査、建替え等円滑化法とセットで整理すると理解が定着します。管業マスターの過去問・実践演習で品確法・建替円滑化法等フィルタを使い、関連問題を解き直してください。","<table class=""seo-info-table""><thead><tr><th>比較</th><th>リフォーム</th><th>品質確保促進法</th></tr></thead><tbody><tr><th>覚え方</th><td>リフォームの定義・要件・効果を条文・規約根拠と対応づける</td><td>関連ページで対比</td></tr></tbody></table>",リフォームの定義・要件・効果を条文・規約根拠と対応づける;品質確保促進法の根拠を明示できる;関連語（品質確保促進法、既存住宅状況調査、建替え等円滑化法）との違いを説明できる,リフォームを類似語と同一視する;要件の一部だけ暗記して判断する;最新の改正・規約改定を見落とす。,リフォーム＝品質確保促進法。品質確保促進法と表で対比。,リフォームに関する記述として最も不適切なものを選べ。,品確法・建替円滑化法等の原則に照らし、主体・時期・要件のいずれかを欠く選択肢を誤りとして判定する。,リフォームの定義を試験用に一言で言うと？,「リフォームの定義を試験用に一言で言うと？」への答え：リフォームは品確法・建替円滑化法等分野では品質確保促進法に関する重要概念です。根拠は品質確保促進法。条文番号と要件をメモに書き出して確認する。条文番号と要件をメモに書き出して確認する。条文番号と要件をメモに書き出して確認する。公式テキスト該当章を開く。,リフォームと混同しやすい論点は？,試験の出方：品質確保促進法の根拠を明示できる。四択では条件の主語と効果を分離して読む。過去問で出題形式と正答率を週1回チェックする。過去問で出題形式と正答率を週1回チェックする。過去問で出題形式と正答率を週1回チェックする。過去問で出題形式と正答率を週1回チェックする。過去問1問で正答率を記録する。,誤答の典型：リフォームを類似語と同一視する;要件の一部だけ暗記して判断する;最新の改正・規約改定を見落とす。一語差の選択肢に注意。誤答肢のパターンを比較表に整理して復習する。誤答肢のパターンを比較表に整理して復習する。誤答肢のパターンを比較表に整理して復習する。誤答肢を比較表に書き出す。,リフォームとは何ですか？,学習の次段：「品質確保促進法」と比較表で整理し、numbers / compare から過去問へ。関連用語ハブと比較ページへ進んで定着を確認する。関連用語ハブと比較ページへ進んで定着を確認する。関連用語ハブと比較ページへ進んで定着を確認する。用語ハブ compare へ進む。,リフォームとは何ですか？
一括再委託,判例・横断総合,判例・横断総合;実務,一括再委託は複数分野にまたがる論点で、比較表で整理すると得点しやすくなります。,一括再委託は、一括再委託は複数分野にまたがる論点で、比較表で整理すると得点しやすくなります。判例・複数分野を横断する論点。比較整理が得点の鍵。,主徴費;管理不全;組合の法人格,管理適正化法,B,過去問では一括再委託の定義・要件・効果を条文・規約根拠と対応づけるが問われます。一括再委託を類似語と同一視する選択肢に注意してください。一括再委託は複数分野にまたがる論点で、比較表で整理すると得点しやすくなります。,一括再委託とは？管理業務主任者試験で押さえる意味と試験ポイント,一括再委託の意味と管理業務主任者試験での判定ポイントを、管理適正化法の文脈で整理します。一括再委託は、一括再委託は複数分野にまたがる論点で、比較表で整理すると得点しやすくなります。判例・複数分野を横断する論点。比較整理が得点の鍵。,"一括再委託は複数分野にまたがる論点で、比較表で整理すると得点しやすくなります。管理業務主任者試験では、管理適正化法を根拠に定義・要件・効果を問う問題が出ます。

実務・試験ともに「一括再委託の定義・要件・効果を条文・規約根拠と対応づける」が判断の軸になります。選択肢では一括再委託を類似語と同一視する肢が多いため、要件の欠けた肢を消去する思考が有効です。

一括再委託は主徴費、管理不全、組合の法人格とセットで整理すると理解が定着します。管業マスターの過去問・実践演習で判例・横断総合フィルタを使い、関連問題を解き直してください。","<table class=""seo-info-table""><thead><tr><th>比較</th><th>一括再委託</th><th>主徴費</th></tr></thead><tbody><tr><th>覚え方</th><td>一括再委託の定義・要件・効果を条文・規約根拠と対応づける</td><td>関連ページで対比</td></tr></tbody></table>",一括再委託の定義・要件・効果を条文・規約根拠と対応づける;管理適正化法の根拠を明示できる;関連語（主徴費、管理不全、組合の法人格）との違いを説明できる,一括再委託を類似語と同一視する;要件の一部だけ暗記して判断する;最新の改正・規約改定を見落とす。,一括再委託＝管理適正化法。主徴費と表で対比。（関連用語とセットで暗記）。,一括再委託に関する次の記述のうち、最も適切でないものはどれか。,一括再委託の定義・要件と照らし、条件を満たさない選択肢を選ぶ。,一括再委託の定義を試験用に一言で言うと？,「一括再委託の定義を試験用に一言で言うと？」への答え：一括再委託は複数分野にまたがる論点で、比較表で整理すると得点しやすくなります。根拠は管理適正化法。条文番号と要件をメモに書き出して確認する。条文番号と要件をメモに書き出して確認する。条文番号と要件をメモに書き出して確認する。公式テキスト該当章を開く。,一括再委託と混同しやすい論点は？,試験の出方：管理適正化法の根拠を明示できる。四択では条件の主語と効果を分離して読む。過去問で出題形式と正答率を週1回チェックする。過去問で出題形式と正答率を週1回チェックする。過去問で出題形式と正答率を週1回チェックする。過去問で出題形式と正答率を週1回チェックする。過去問1問で正答率を記録する。,誤答の典型：一括再委託を類似語と同一視する;要件の一部だけ暗記して判断する;最新の改正・規約改定を見落とす。一語差の選択肢に注意。誤答肢のパターンを比較表に整理して復習する。誤答肢のパターンを比較表に整理して復習する。誤答肢のパターンを比較表に整理して復習する。誤答肢を比較表に書き出す。,一括再委託とは何ですか？,学習の次段：「主徴費」と比較表で整理し、numbers / compare から過去問へ。関連用語ハブと比較ページへ進んで定着を確認する。関連用語ハブと比較ページへ進んで定着を確認する。関連用語ハブと比較ページへ進んで定着を確認する。関連用語ハブと比較ページへ進んで定着を確認する。用語ハブ compare へ進む。,一括再委託とは何ですか？
一般会計,会計・税務,会計・税務;頻出;会計,管理費等の収支を処理する会計。修繕積立金会計と区分。,一般会計は、管理費等の収支を処理する会計。修繕積立金会計と区分。管理組合の会計処理・財務報告・税務上の取扱い。,管理費等;前受金;預り金,区分所有法,A,過去問では一般会計の定義・要件・効果を条文・規約根拠と対応づけるが問われます。一般会計を類似語と同一視する選択肢に注意してください。管理費等の収支を処理する会計。修繕積立金会計と区分。管理業務主任者試験では、区。,一般会計とは？管理業務主任者で押さえる意味と試験ポイント,一般会計の意味と管理業務主任者試験での判定ポイントを、区分所有法の文脈で整理します。一般会計は、管理費等の収支を処理する会計。修繕積立金会計と区分。管理組合の会計処理・財務報告・税務上の取扱い。,"管理費等の収支を処理する会計。修繕積立金会計と区分。管理業務主任者試験では、区分所有法を根拠に定義・要件・効果を問う問題が出ます。

実務・試験ともに「一般会計の定義・要件・効果を条文・規約根拠と対応づける」が判断の軸になります。選択肢では一般会計を類似語と同一視する肢が多いため、要件の欠けた肢を消去する思考が有効です。

一般会計は管理費等、前受金、預り金とセットで整理すると理解が定着します。管業マスターの過去問・実践演習で会計・税務フィルタを使い、関連問題を解き直してください。","<table class=""seo-info-table""><thead><tr><th>比較軸</th><th>一般会計</th><th>修繕積立金会計</th></tr></thead><tbody><tr><th>支出の性質</th><td>日常管理費・光熱水費・清掃費など経常費用</td><td>長期修繕計画に沿う計画修繕費用</td></tr></tbody></table>",一般会計の定義・要件・効果を条文・規約根拠と対応づける;区分所有法の根拠を明示できる;関連語（管理費等、前受金、預り金）との違いを説明できる,一般会計を類似語と同一視する;要件の一部だけ暗記して判断する;最新の改正・規約改定を見落とす。,一般会計＝区分所有法。修繕積立金会計と表で対比。（関連用語とセットで暗記）。,一般会計に関する次の記述のうち、最も適切でないものはどれか。,一般会計の定義・要件・効果を条文・規約根拠と対応づける。一般会計を類似語と同一視するとする記述が誤りになりやすい。,一般会計の定義を試験用に一言で言うと？,「一般会計の定義を試験用に一言で言うと？」への答え：管理費等の収支を処理する会計。修繕積立金会計と区分。根拠は区分所有法。条文番号と要件をメモに書き出して確認する。条文番号と要件をメモに書き出して確認する。条文番号と要件をメモに書き出して確認する。公式テキスト該当章を開く。,一般会計と混同しやすい論点は？,試験の出方：区分所有法の根拠を明示できる。四択では条件の主語と効果を分離して読む。過去問で出題形式と正答率を週1回チェックする。過去問で出題形式と正答率を週1回チェックする。過去問で出題形式と正答率を週1回チェックする。過去問で出題形式と正答率を週1回チェックする。過去問1問で正答率を記録する。,誤答の典型：一般会計を類似語と同一視する;要件の一部だけ暗記して判断する;最新の改正・規約改定を見落とす。一語差の選択肢に注意。誤答肢のパターンを比較表に整理して復習する。誤答肢のパターンを比較表に整理して復習する。誤答肢のパターンを比較表に整理して復習する。誤答肢を比較表に書き出す。,一般会計とは何ですか？,学習の次段：「管理費等」と比較表で整理し、numbers / compare から過去問へ。関連用語ハブと比較ページへ進んで定着を確認する。関連用語ハブと比較ページへ進んで定着を確認する。関連用語ハブと比較ページへ進んで定着を確認する。関連用語ハブと比較ページへ進んで定着を確認する。用語ハブ compare へ進む。,一般会計とは何ですか？
一部共用部分,区分所有法,区分所有法;共用部分,一部共用部分は区分所有法分野では区分所有法に関する重要概念です。,一部共用部分は、一部共用部分は区分所有法分野では区分所有法に関する重要概念です。マンション等の区分所有関係を定める基本法。専用部分・共用部分・管理組合が柱。,専有部分;共用部分;管理組合,区分所有法,B,過去問では一部共用部分の定義・要件・効果を条文・規約根拠と対応づけるが問われます。一部共用部分を類似語と同一視する選択肢に注意してください。一部共用部分は区分所有法分野では区分所有法に関する重要概念です。管理業務主。,一部共用部分とは？管理業務主任者試験で押さえる意味と試験ポイント,一部共用部分の意味と管理業務主任者試験での判定ポイントを、区分所有法の文脈で整理します。一部共用部分は、一部共用部分は区分所有法分野では区分所有法に関する重要概念です。マンション等の区分所有関係を定める基本法。専用部分・共用部分・管理組合が柱。,"一部共用部分は区分所有法分野では区分所有法に関する重要概念です。管理業務主任者試験では、区分所有法を根拠に定義・要件・効果を問う問題が出ます。

実務・試験ともに「一部共用部分の定義・要件・効果を条文・規約根拠と対応づける」が判断の軸になります。選択肢では一部共用部分を類似語と同一視する肢が多いため、要件の欠けた肢を消去する思考が有効です。

一部共用部分は専有部分、共用部分、管理組合とセットで整理すると理解が定着します。管業マスターの過去問・実践演習で区分所有法フィルタを使い、関連問題を解き直してください。","<table class=""seo-info-table""><thead><tr><th>比較</th><th>一部共用部分</th><th>専有部分</th></tr></thead><tbody><tr><th>覚え方</th><td>一部共用部分の定義・要件・効果を条文・規約根拠と対応づける</td><td>関連ページで対比</td></tr></tbody></table>",一部共用部分の定義・要件・効果を条文・規約根拠と対応づける;区分所有法の根拠を明示できる;関連語（専有部分、共用部分、管理組合）との違いを説明できる,一部共用部分を類似語と同一視する;要件の一部だけ暗記して判断する;最新の改正・規約改定を見落とす。,一部共用部分＝区分所有法。専有部分と表で対比。（関連用語とセットで暗記）。,一部共用部分に関する次の記述のうち、最も適切でないものはどれか。,一部共用部分の定義・要件と照らし、条件を満たさない選択肢を選ぶ。,一部共用部分の定義を試験用に一言で言うと？,「一部共用部分の定義を試験用に一言で言うと？」への答え：一部共用部分は区分所有法分野では区分所有法に関する重要概念です。根拠は区分所有法。条文番号と要件をメモに書き出して確認する。条文番号と要件をメモに書き出して確認する。条文番号と要件をメモに書き出して確認する。公式テキスト該当章を開く。,一部共用部分と混同しやすい論点は？,試験の出方：区分所有法の根拠を明示できる。四択では条件の主語と効果を分離して読む。過去問で出題形式と正答率を週1回チェックする。過去問で出題形式と正答率を週1回チェックする。過去問で出題形式と正答率を週1回チェックする。過去問で出題形式と正答率を週1回チェックする。過去問1問で正答率を記録する。,誤答の典型：一部共用部分を類似語と同一視する;要件の一部だけ暗記して判断する;最新の改正・規約改定を見落とす。一語差の選択肢に注意。誤答肢のパターンを比較表に整理して復習する。誤答肢のパターンを比較表に整理して復習する。誤答肢のパターンを比較表に整理して復習する。誤答肢を比較表に書き出す。,一部共用部分とは何ですか？,学習の次段：「専有部分」と比較表で整理し、numbers / compare から過去問へ。関連用語ハブと比較ページへ進んで定着を確認する。関連用語ハブと比較ページへ進んで定着を確認する。関連用語ハブと比較ページへ進んで定着を確認する。関連用語ハブと比較ページへ進んで定着を確認する。用語ハブ compare へ進む。,一部共用部分とは何ですか？
一部滅失,区分所有法,区分所有法;頻出;滅失,区分所有建物の一部滅失時の復旧・建替え（区法63条）。,一部滅失は、区分所有建物の一部滅失時の復旧・建替え（区法63条）。マンション等の区分所有関係を定める基本法。専用部分・共用部分・管理組合が柱。,専有部分;共用部分;管理組合,区分所有法第63条,A,過去問では一部滅失の定義・要件・効果を条文・規約根拠と対応づけるが問われます。一部滅失を類似語と同一視する選択肢に注意してください。区分所有建物の一部滅失時の復旧・建替え（区法63条）。管理業務主任者試験では、。,一部滅失とは？管理業務主任者試験で押さえる意味と試験ポイント,一部滅失の意味と管理業務主任者試験での判定ポイントを、区分所有法第63条の文脈で整理します。一部滅失は、区分所有建物の一部滅失時の復旧・建替え（区法63条）。マンション等の区分所有関係を定める基本法。専用部分・共用部分・管理組合が柱。,"区分所有建物の一部滅失時の復旧・建替え（区法63条）。管理業務主任者試験では、区分所有法第63条を根拠に定義・要件・効果を問う問題が出ます。

実務・試験ともに「一部滅失の定義・要件・効果を条文・規約根拠と対応づける」が判断の軸になります。選択肢では一部滅失を類似語と同一視する肢が多いため、要件の欠けた肢を消去する思考が有効です。

一部滅失は専有部分、共用部分、管理組合とセットで整理すると理解が定着します。管業マスターの過去問・実践演習で区分所有法フィルタを使い、関連問題を解き直してください。","<table class=""seo-info-table""><thead><tr><th>比較</th><th>一部滅失</th><th>専有部分</th></tr></thead><tbody><tr><th>覚え方</th><td>一部滅失の定義・要件・効果を条文・規約根拠と対応づける</td><td>関連ページで対比</td></tr></tbody></table>",一部滅失の定義・要件・効果を条文・規約根拠と対応づける;区分所有法第63条の根拠を明示できる;関連語（専有部分、共用部分、管理組合）との違いを説明できる,一部滅失を類似語と同一視する;要件の一部だけ暗記して判断する;最新の改正・規約改定を見落とす。,一部滅失＝区分所有法第63条。専有部分と表で対比。,一部滅失に関する次の記述のうち、最も適切でないものはどれか。,一部滅失の定義・要件・効果を条文・規約根拠と対応づける。一部滅失を類似語と同一視するとする記述が誤りになりやすい。,一部滅失の定義を試験用に一言で言うと？,「一部滅失の定義を試験用に一言で言うと？」への答え：区分所有建物の一部滅失時の復旧・建替え（区法63条）。根拠は区分所有法第63条。条文番号と要件をメモに書き出して確認する。条文番号と要件をメモに書き出して確認する。条文番号と要件をメモに書き出して確認する。公式テキスト該当章を開く。,一部滅失と混同しやすい論点は？,試験の出方：区分所有法第63条の根拠を明示できる。四択では条件の主語と効果を分離して読む。過去問で出題形式と正答率を週1回チェックする。過去問で出題形式と正答率を週1回チェックする。過去問で出題形式と正答率を週1回チェックする。過去問で出題形式と正答率を週1回チェックする。過去問1問で正答率を記録する。,誤答の典型：一部滅失を類似語と同一視する;要件の一部だけ暗記して判断する;最新の改正・規約改定を見落とす。一語差の選択肢に注意。誤答肢のパターンを比較表に整理して復習する。誤答肢のパターンを比較表に整理して復習する。誤答肢のパターンを比較表に整理して復習する。誤答肢を比較表に書き出す。,一部滅失とは何ですか？,学習の次段：「専有部分」と比較表で整理し、numbers / compare から過去問へ。関連用語ハブと比較ページへ進んで定着を確認する。関連用語ハブと比較ページへ進んで定着を確認する。関連用語ハブと比較ページへ進んで定着を確認する。関連用語ハブと比較ページへ進んで定着を確認する。用語ハブ compare へ進む。,一部滅失とは何ですか？
主徴費,判例・横断総合,判例・横断総合;頻出;判例,管理費等の滞納額に応じて主たる負担者が負担する費用（判例）。,主徴費は、管理費等の滞納額に応じて主たる負担者が負担する費用（判例）。判例・複数分野を横断する論点。比較整理が得点の鍵。,管理不全;組合の法人格;管理者,判例,A,過去問では算定基準・滞納額との関係が問われます。全員均等負担と誤解選択肢に注意してください。管理費等の滞納額に応じて主たる負担者が負担する費用（判例）。管理業務主任者試験。試験では主徴費について条文・数値・条件の読み取りが問われます。,主徴費とは？管理業務主任者試験で押さえる意味と試験ポイント,主徴費の意味と管理業務主任者試験での判定ポイントを、判例の文脈で整理します。主徴費は、管理費等の滞納額に応じて主たる負担者が負担する費用（判例）。判例・複数分野を横断する論点。比較整理が得点の鍵。,"管理費等の滞納額に応じて主たる負担者が負担する費用（判例）。管理業務主任者試験では、判例を根拠に定義・要件・効果を問う問題が出ます。

実務・試験ともに「算定基準・滞納額との関係」が判断の軸になります。選択肢では全員均等負担と誤解肢が多いため、要件の欠けた肢を消去する思考が有効です。

主徴費は管理不全、組合の法人格、管理者とセットで整理すると理解が定着します。管業マスターの過去問・実践演習で判例・横断総合フィルタを使い、関連問題を解き直してください。試験では主徴費について条文・数値・条件の読み取りが問われます。","<table class=""seo-info-table""><thead><tr><th>比較</th><th>主徴費</th><th>管理不全</th></tr></thead><tbody><tr><th>覚え方</th><td>算定基準・滞納額との関係</td><td>関連ページで対比</td></tr></tbody></table>",算定基準・滞納額との関係;判例の根拠を明示できる;関連語（管理不全、組合の法人格、管理者）との違いを説明できる,全員均等負担と誤解;要件の一部だけ暗記して判断する;最新の改正・規約改定を見落とす。,主徴費＝判例。管理不全と表で対比。（関連用語とセットで暗記）。,主徴費に関する次の記述のうち、最も適切でないものはどれか。,算定基準・滞納額との関係。全員均等負担と誤解とする記述が誤りになりやすい。,主徴費の定義を試験用に一言で言うと？,「主徴費の定義を試験用に一言で言うと？」への答え：管理費等の滞納額に応じて主たる負担者が負担する費用（判例）。根拠は判例。条文番号と要件をメモに書き出して確認する。条文番号と要件をメモに書き出して確認する。条文番号と要件をメモに書き出して確認する。公式テキスト該当章を開く。,主徴費と混同しやすい論点は？,試験の出方：判例の根拠を明示できる。四択では条件の主語と効果を分離して読む。過去問で出題形式と正答率を週1回チェックする。過去問で出題形式と正答率を週1回チェックする。過去問で出題形式と正答率を週1回チェックする。過去問で出題形式と正答率を週1回チェックする。過去問1問で正答率を記録する。,誤答の典型：全員均等負担と誤解;要件の一部だけ暗記して判断する;最新の改正・規約改定を見落とす。一語差の選択肢に注意。誤答肢のパターンを比較表に整理して復習する。誤答肢のパターンを比較表に整理して復習する。誤答肢のパターンを比較表に整理して復習する。誤答肢を比較表に書き出す。,主徴費とは何ですか？,学習の次段：「管理不全」と比較表で整理し、numbers / compare から過去問へ。関連用語ハブと比較ページへ進んで定着を確認する。関連用語ハブと比較ページへ進んで定着を確認する。関連用語ハブと比較ページへ進んで定着を確認する。関連用語ハブと比較ページへ進んで定着を確認する。用語ハブ compare へ進む。,主徴費とは何ですか？
主徴費の算定,判例・横断総合,判例・横断総合;頻出;主徴費,滞納額に応じた主徴費負担者の費用算定（判例）。,主徴費の算定は、滞納額に応じた主徴費負担者の費用算定（判例）。判例・複数分野を横断する論点。比較整理が得点の鍵。,主徴費;管理不全;組合の法人格,判例,A,過去問では主徴費の算定の定義・要件・効果を条文・規約根拠と対応づけるが問われます。主徴費の算定を類似語と同一視する選択肢に注意してください。滞納額に応じた主徴費負担者の費用算定（判例）。管理業務主任者試験では、判例を根。,主徴費の算定とは？管理業務主任者試験で押さえる意味と試験ポイント,主徴費の算定の意味と管理業務主任者試験での判定ポイントを、判例の文脈で整理します。主徴費の算定は、滞納額に応じた主徴費負担者の費用算定（判例）。判例・複数分野を横断する論点。比較整理が得点の鍵。,"滞納額に応じた主徴費負担者の費用算定（判例）。管理業務主任者試験では、判例を根拠に定義・要件・効果を問う問題が出ます。

実務・試験ともに「主徴費の算定の定義・要件・効果を条文・規約根拠と対応づける」が判断の軸になります。選択肢では主徴費の算定を類似語と同一視する肢が多いため、要件の欠けた肢を消去する思考が有効です。

主徴費の算定は主徴費、管理不全、組合の法人格とセットで整理すると理解が定着します。管業マスターの過去問・実践演習で判例・横断総合フィルタを使い、関連問題を解き直してください。","<table class=""seo-info-table""><thead><tr><th>比較</th><th>主徴費の算定</th><th>主徴費</th></tr></thead><tbody><tr><th>覚え方</th><td>主徴費の算定の定義・要件・効果を条文・規約根拠と対応づける</td><td>関連ページで対比</td></tr></tbody></table>",主徴費の算定の定義・要件・効果を条文・規約根拠と対応づける;判例の根拠を明示できる;関連語（主徴費、管理不全、組合の法人格）との違いを説明できる,主徴費の算定を類似語と同一視する;要件の一部だけ暗記して判断する;最新の改正・規約改定を見落とす。,主徴費の算定＝判例。主徴費と表で対比。（関連用語とセットで暗記）。,主徴費の算定に関する次の記述のうち、最も適切でないものはどれか。,主徴費の算定の定義・要件・効果を条文・規約根拠と対応づける。主徴費の算定を類似語と同一視するとする記述が誤りになりやすい。,主徴費の算定の定義を試験用に一言で言うと？,「主徴費の算定の定義を試験用に一言で言うと？」への答え：滞納額に応じた主徴費負担者の費用算定（判例）。根拠は判例。条文番号と要件をメモに書き出して確認する。条文番号と要件をメモに書き出して確認する。条文番号と要件をメモに書き出して確認する。公式テキスト該当章を開く。,主徴費の算定と混同しやすい論点は？,試験の出方：判例の根拠を明示できる。四択では条件の主語と効果を分離して読む。過去問で出題形式と正答率を週1回チェックする。過去問で出題形式と正答率を週1回チェックする。過去問で出題形式と正答率を週1回チェックする。過去問で出題形式と正答率を週1回チェックする。過去問1問で正答率を記録する。,誤答の典型：主徴費の算定を類似語と同一視する;要件の一部だけ暗記して判断する;最新の改正・規約改定を見落とす。一語差の選択肢に注意。誤答肢のパターンを比較表に整理して復習する。誤答肢のパターンを比較表に整理して復習する。誤答肢のパターンを比較表に整理して復習する。誤答肢を比較表に書き出す。,主徴費の算定とは何ですか？,学習の次段：「主徴費」と比較表で整理し、numbers / compare から過去問へ。関連用語ハブと比較ページへ進んで定着を確認する。関連用語ハブと比較ページへ進んで定着を確認する。関連用語ハブと比較ページへ進んで定着を確認する。関連用語ハブと比較ページへ進んで定着を確認する。用語ハブ compare へ進む。,主徴費の算定とは何ですか？
予算案,会計・税務,会計・税務;会計,予算案は会計・税務分野では標準管理規約に関する重要概念です。,予算案は、予算案は会計・税務分野では標準管理規約に関する重要概念です。管理組合の会計処理・財務報告・税務上の取扱い。,管理費等;前受金;預り金,標準管理規約,B,過去問では予算案の定義・要件・効果を条文・規約根拠と対応づけるが問われます。予算案を類似語と同一視する選択肢に注意してください。予算案は会計・税務分野では標準管理規約に関する重要概念です。管理業務主任者。,予算案とは？管理業務主任者で押さえる意味と試験ポイント,予算案の意味と管理業務主任者試験での判定ポイントを、標準管理規約の文脈で整理します。予算案は、予算案は会計・税務分野では標準管理規約に関する重要概念です。管理組合の会計処理・財務報告・税務上の取扱い。,"予算案は会計・税務分野では標準管理規約に関する重要概念です。管理業務主任者試験では、標準管理規約を根拠に定義・要件・効果を問う問題が出ます。

実務・試験ともに「予算案の定義・要件・効果を条文・規約根拠と対応づける」が判断の軸になります。選択肢では予算案を類似語と同一視する肢が多いため、要件の欠けた肢を消去する思考が有効です。

予算案は管理費等、前受金、預り金とセットで整理すると理解が定着します。管業マスターの過去問・実践演習で会計・税務フィルタを使い、関連問題を解き直してください。","<table class=""seo-info-table""><thead><tr><th>比較</th><th>予算案</th><th>管理費等</th></tr></thead><tbody><tr><th>覚え方</th><td>予算案の定義・要件・効果を条文・規約根拠と対応づける</td><td>関連ページで対比</td></tr></tbody></table>",予算案の定義・要件・効果を条文・規約根拠と対応づける;標準管理規約の根拠を明示できる;関連語（管理費等、前受金、預り金）との違いを説明できる,予算案を類似語と同一視する;要件の一部だけ暗記して判断する;最新の改正・規約改定を見落とす。,予算案＝標準管理規約。管理費等と表で対比。（関連用語とセットで暗記）。,予算案に関する次の記述のうち、最も適切でないものはどれか。,予算案の定義・要件と照らし、条件を満たさない選択肢を選ぶ。,予算案の定義を試験用に一言で言うと？,「予算案の定義を試験用に一言で言うと？」への答え：予算案は会計・税務分野では標準管理規約に関する重要概念です。根拠は標準管理規約。条文番号と要件をメモに書き出して確認する。条文番号と要件をメモに書き出して確認する。条文番号と要件をメモに書き出して確認する。公式テキスト該当章を開く。,予算案と混同しやすい論点は？,試験の出方：標準管理規約の根拠を明示できる。四択では条件の主語と効果を分離して読む。過去問で出題形式と正答率を週1回チェックする。過去問で出題形式と正答率を週1回チェックする。過去問で出題形式と正答率を週1回チェックする。過去問で出題形式と正答率を週1回チェックする。過去問1問で正答率を記録する。,誤答の典型：予算案を類似語と同一視する;要件の一部だけ暗記して判断する;最新の改正・規約改定を見落とす。一語差の選択肢に注意。誤答肢のパターンを比較表に整理して復習する。誤答肢のパターンを比較表に整理して復習する。誤答肢のパターンを比較表に整理して復習する。誤答肢を比較表に書き出す。,予算案とは何ですか？,学習の次段：「管理費等」と比較表で整理し、numbers / compare から過去問へ。関連用語ハブと比較ページへ進んで定着を確認する。関連用語ハブと比較ページへ進んで定着を確認する。関連用語ハブと比較ページへ進んで定着を確認する。関連用語ハブと比較ページへ進んで定着を確認する。用語ハブ compare へ進む。,予算案とは何ですか？
事務管理業務,管理適正化法,管理適正化法;頻出;業務,管理適正化法上の事務管理の範囲。,事務管理業務は、管理適正化法上の事務管理の範囲。マンション管理の適正化を推進する法律。資格・73条書面・管理計画。,マンション等の管理の適正化の推進に関する法律;管理計画認定制度;管理業務主任者,管理適正化法,A,過去問では事務管理業務の定義・要件・効果を条文・規約根拠と対応づけるが問われます。事務管理業務を類似語と同一視する選択肢に注意してください。管理適正化法上の事務管理の範囲。管理業務主任者試験では、管理適正化法を根拠に定。,事務管理業務とは？管理業務主任者で押さえる意味と試験ポイント,事務管理業務の意味と管理業務主任者試験での判定ポイントを、管理適正化法の文脈で整理します。事務管理業務は、管理適正化法上の事務管理の範囲。マンション管理の適正化を推進する法律。資格・73条書面・管理計画。,"管理適正化法上の事務管理の範囲。管理業務主任者試験では、管理適正化法を根拠に定義・要件・効果を問う問題が出ます。

実務・試験ともに「事務管理業務の定義・要件・効果を条文・規約根拠と対応づける」が判断の軸になります。選択肢では事務管理業務を類似語と同一視する肢が多いため、要件の欠けた肢を消去する思考が有効です。

事務管理業務はマンション等の管理の適正化の推進に関する法律、管理計画認定制度、管理業務主任者とセットで整理すると理解が定着します。管業マスターの過去問・実践演習で管理適正化法フィルタを使い、関連問題を解き直してください。","<table class=""seo-info-table""><thead><tr><th>比較</th><th>事務管理業務</th><th>マンション等の管理の適正化の推進に関する法律</th></tr></thead><tbody><tr><th>覚え方</th><td>事務管理業務の定義・要件・効果を条文・規約根拠と対応づける</td><td>関連ページで対比</td></tr></tbody></table>",事務管理業務の定義・要件・効果を条文・規約根拠と対応づける;管理適正化法の根拠を明示できる;関連語（マンション等の管理の適正化の推進に関する法律、管理計画認定制度、管理業務主任者）との違いを説明できる,事務管理業務を類似語と同一視する;要件の一部だけ暗記して判断する;最新の改正・規約改定を見落とす。,事務管理業務＝管理適正化法。マンション等の管理の適正化の推進に関する法律と表で対比。,事務管理業務に関する次の記述のうち、最も適切でないものはどれか。,事務管理業務の定義・要件・効果を条文・規約根拠と対応づける。事務管理業務を類似語と同一視するとする記述が誤りになりやすい。,事務管理業務の定義を試験用に一言で言うと？,「事務管理業務の定義を試験用に一言で言うと？」への答え：管理適正化法上の事務管理の範囲。根拠は管理適正化法。条文番号と要件をメモに書き出して確認する。条文番号と要件をメモに書き出して確認する。条文番号と要件をメモに書き出して確認する。条文番号と要件をメモに書き出して確認する。公式テキスト該当章を開く。,事務管理業務と混同しやすい論点は？,試験の出方：管理適正化法の根拠を明示できる。四択では条件の主語と効果を分離して読む。過去問で出題形式と正答率を週1回チェックする。過去問で出題形式と正答率を週1回チェックする。過去問で出題形式と正答率を週1回チェックする。過去問で出題形式と正答率を週1回チェックする。過去問1問で正答率を記録する。,誤答の典型：事務管理業務を類似語と同一視する;要件の一部だけ暗記して判断する;最新の改正・規約改定を見落とす。一語差の選択肢に注意。誤答肢のパターンを比較表に整理して復習する。誤答肢のパターンを比較表に整理して復習する。誤答肢のパターンを比較表に整理して復習する。誤答肢を比較表に書き出す。,事務管理業務とは何ですか？,学習の次段：「マンション等の管理の適正化の推進に関する法律」と比較表で整理し、numbers / compare から過去問へ。関連用語ハブと比較ページへ進んで定着を確認する。関連用語ハブと比較ページへ進んで定着を確認する。関連用語ハブと比較ページへ進んで定着を確認する。用語ハブ compare へ進む。,事務管理業務とは何ですか？
代位弁済,民法・借地借家法,民法・借地借家法;債権,第三者が債務者に代わって弁済すること（民法499条）。,"代位弁済は、第三者が債務者に代わって弁済すること（民法499条）。民法・借地借家法の重要論点。第三者が債務者に代わって弁済すること（民法499条）。管理業務主任者試験では、民法第499条を根拠に定義・要件・効果を問う問題が出ます。

実務・試験ともに「求償権」が判断の軸になります。選択肢では相殺と混同肢が多いため、要件の欠けた肢を。",同時履行の抗弁;催告解除;無催告解除,民法第499条,B,過去問では求償権が問われます。相殺と混同選択肢に注意してください。第三者が債務者に代わって弁済すること（民法499条）。管理業務主任者試験では、 学習時は一次情報と照合してください。,代位弁済とは？管理業務主任者試験で押さえる意味と試験ポイント,"代位弁済の意味と管理業務主任者試験での判定ポイントを、民法第499条の文脈で整理します。代位弁済は、第三者が債務者に代わって弁済すること（民法499条）。民法・借地借家法の重要論点。第三者が債務者に代わって弁済すること（民法499条）。管理業務主任者試験では、民法第499条を根拠に定義・要件・効果を問う問題が出ます。

実務・試験ともに「求償権」が判断の軸になります。選択肢では相殺と混同肢が多いため、要件の欠けた肢を。","第三者が債務者に代わって弁済すること（民法499条）。管理業務主任者試験では、民法第499条を根拠に定義・要件・効果を問う問題が出ます。

実務・試験ともに「求償権」が判断の軸になります。選択肢では相殺と混同肢が多いため、要件の欠けた肢を消去する思考が有効です。

代位弁済は同時履行の抗弁、催告解除、無催告解除とセットで整理すると理解が定着します。管業マスターの過去問・実践演習で民法・借地借家法フィルタを使い、関連問題を解き直してください。",,求償権 （試験要点）;民法第499条の根拠を明示できる;関連語（同時履行の抗弁、催告解除、無催告解除）との違いを説明できる,相殺と混同;要件の一部だけ暗記して判断する;最新の改正・規約改定を見落とす （過去問で要注意）。,代位弁済＝民法第499条。相殺と表で対比。（関連用語とセットで暗記）。,代位弁済に関する次の記述のうち、最も適切でないものはどれか。,代位弁済の定義・要件と照らし、条件を満たさない選択肢を選ぶ。,代位弁済の定義を試験用に一言で言うと？,「代位弁済の定義を試験用に一言で言うと？」への答え：第三者が債務者に代わって弁済すること（民法499条）。根拠は民法第499条。条文番号と要件をメモに書き出して確認する。条文番号と要件をメモに書き出して確認する。条文番号と要件をメモに書き出して確認する。公式テキスト該当章を開く。,代位弁済と混同しやすい論点は？,試験の出方：民法第499条の根拠を明示できる。四択では条件の主語と効果を分離して読む。過去問で出題形式と正答率を週1回チェックする。過去問で出題形式と正答率を週1回チェックする。過去問で出題形式と正答率を週1回チェックする。過去問で出題形式と正答率を週1回チェックする。過去問1問で正答率を記録する。,誤答の典型：相殺と混同;要件の一部だけ暗記して判断する;最新の改正・規約改定を見落とす （過去問で要注意）。一語差の選択肢に注意。誤答肢のパターンを比較表に整理して復習する。誤答肢のパターンを比較表に整理して復習する。誤答肢のパターンを比較表に整理して復習する。誤答肢を比較表に書き出す。,代位弁済とは何ですか？,学習の次段：「同時履行の抗弁」と比較表で整理し、numbers / compare から過去問へ。関連用語ハブと比較ページへ進んで定着を確認する。関連用語ハブと比較ページへ進んで定着を確認する。関連用語ハブと比較ページへ進んで定着を確認する。用語ハブ compare へ進む。,代位弁済とは何ですか？
会計区分,会計・税務,会計・税務;頻出;会計,一般会計と修繕積立金会計の区分。,"会計区分は、一般会計と修繕積立金会計の区分。管理組合の会計処理・財務報告・税務上の取扱い。一般会計と修繕積立金会計の区分。管理業務主任者試験では、区分所有法を根拠に定義・要件・効果を問う問題が出ます。

実務・試験ともに「会計区分の定義・要件・効果を条文・規約根拠と対応づける」が判断の軸になります。選択肢では会計区分を類似語と。",管理費等;前受金;預り金,区分所有法,A,過去問では会計区分の定義・要件・効果を条文・規約根拠と対応づけるが問われます。会計区分を類似語と同一視する選択肢に注意してください。一般会計と修繕積立金会計の区分。管理業務主任者試験では、区分所有法を根拠に定義。,会計区分とは？管理業務主任者で押さえる意味と試験ポイント,"会計区分の意味と管理業務主任者試験での判定ポイントを、区分所有法の文脈で整理します。会計区分は、一般会計と修繕積立金会計の区分。管理組合の会計処理・財務報告・税務上の取扱い。一般会計と修繕積立金会計の区分。管理業務主任者試験では、区分所有法を根拠に定義・要件・効果を問う問題が出ます。

実務・試験ともに「会計区分の定義・要件・効果を条文・規約根拠と対応づける」が判断の軸になります。選択肢では会計区分を類似語と。","一般会計と修繕積立金会計の区分。管理業務主任者試験では、区分所有法を根拠に定義・要件・効果を問う問題が出ます。

実務・試験ともに「会計区分の定義・要件・効果を条文・規約根拠と対応づける」が判断の軸になります。選択肢では会計区分を類似語と同一視する肢が多いため、要件の欠けた肢を消去する思考が有効です。

会計区分は管理費等、前受金、預り金とセットで整理すると理解が定着します。管業マスターの過去問・実践演習で会計・税務フィルタを使い、関連問題を解き直してください。","<table class=""seo-info-table""><thead><tr><th>比較</th><th>会計区分</th><th>管理費等</th></tr></thead><tbody><tr><th>覚え方</th><td>会計区分の定義・要件・効果を条文・規約根拠と対応づける</td><td>関連ページで対比</td></tr></tbody></table>",会計区分の定義・要件・効果を条文・規約根拠と対応づける;区分所有法の根拠を明示できる;関連語（管理費等、前受金、預り金）との違いを説明できる,会計区分を類似語と同一視する;要件の一部だけ暗記して判断する;最新の改正・規約改定を見落とす。,会計区分＝区分所有法。管理費等と表で対比。（関連用語とセットで暗記）。,会計区分に関する次の記述のうち、最も適切でないものはどれか。,会計区分の定義・要件・効果を条文・規約根拠と対応づける。会計区分を類似語と同一視するとする記述が誤りになりやすい。,会計区分の定義を試験用に一言で言うと？,「会計区分の定義を試験用に一言で言うと？」への答え：一般会計と修繕積立金会計の区分。根拠は区分所有法。条文番号と要件をメモに書き出して確認する。条文番号と要件をメモに書き出して確認する。条文番号と要件をメモに書き出して確認する。条文番号と要件をメモに書き出して確認する。公式テキスト該当章を開く。,会計区分と混同しやすい論点は？,試験の出方：区分所有法の根拠を明示できる。四択では条件の主語と効果を分離して読む。過去問で出題形式と正答率を週1回チェックする。過去問で出題形式と正答率を週1回チェックする。過去問で出題形式と正答率を週1回チェックする。過去問で出題形式と正答率を週1回チェックする。過去問1問で正答率を記録する。,誤答の典型：会計区分を類似語と同一視する;要件の一部だけ暗記して判断する;最新の改正・規約改定を見落とす。一語差の選択肢に注意。誤答肢のパターンを比較表に整理して復習する。誤答肢のパターンを比較表に整理して復習する。誤答肢のパターンを比較表に整理して復習する。誤答肢を比較表に書き出す。,会計区分とは何ですか？,学習の次段：「管理費等」と比較表で整理し、numbers / compare から過去問へ。関連用語ハブと比較ページへ進んで定着を確認する。関連用語ハブと比較ページへ進んで定着を確認する。関連用語ハブと比較ページへ進んで定着を確認する。関連用語ハブと比較ページへ進んで定着を確認する。用語ハブ compare へ進む。,会計区分とは何ですか？
住宅性能表示,品確法・建替円滑化法等,品確法・建替円滑化法等;表示,住宅性能表示は品確法・建替円滑化法等分野では品質確保促進法に関する重要概念です。,住宅性能表示は、住宅性能表示は品確法・建替円滑化法等分野では品質確保促進法に関する重要概念です。住宅品質確保と建替え手続の関連法令。,品質確保促進法;既存住宅状況調査;建替え等円滑化法,品質確保促進法,B,過去問では住宅性能表示の定義・要件・効果を条文・規約根拠と対応づけるが問われます。住宅性能表示を類似語と同一視する選択肢に注意してください。住宅性能表示は品確法・建替円滑化法等分野では品質確保促進法に関する重要概念で。,住宅性能表示とは？管理業務主任者試験で押さえる意味と試験ポイント,住宅性能表示の意味と管理業務主任者試験での判定ポイントを、品質確保促進法の文脈で整理します。住宅性能表示は、住宅性能表示は品確法・建替円滑化法等分野では品質確保促進法に関する重要概念です。住宅品質確保と建替え手続の関連法令。,"住宅性能表示は品確法・建替円滑化法等分野では品質確保促進法に関する重要概念です。管理業務主任者試験では、品質確保促進法を根拠に定義・要件・効果を問う問題が出ます。

実務・試験ともに「住宅性能表示の定義・要件・効果を条文・規約根拠と対応づける」が判断の軸になります。選択肢では住宅性能表示を類似語と同一視する肢が多いため、要件の欠けた肢を消去する思考が有効です。

住宅性能表示は品質確保促進法、既存住宅状況調査、建替え等円滑化法とセットで整理すると理解が定着します。管業マスターの過去問・実践演習で品確法・建替円滑化法等フィルタを使い、関連問題を解き直してください。","<table class=""seo-info-table""><thead><tr><th>比較</th><th>住宅性能表示</th><th>品質確保促進法</th></tr></thead><tbody><tr><th>覚え方</th><td>住宅性能表示の定義・要件・効果を条文・規約根拠と対応づける</td><td>関連ページで対比</td></tr></tbody></table>",住宅性能表示の定義・要件・効果を条文・規約根拠と対応づける;品質確保促進法の根拠を明示できる;関連語（品質確保促進法、既存住宅状況調査、建替え等円滑化法）との違いを説明できる,住宅性能表示を類似語と同一視する;要件の一部だけ暗記して判断する;最新の改正・規約改定を見落とす。,住宅性能表示＝品質確保促進法。品質確保促進法と表で対比。,住宅性能表示に関する記述として最も不適切なものを選べ。,品確法・建替円滑化法等の原則に照らし、主体・時期・要件のいずれかを欠く選択肢を誤りとして判定する。,住宅性能表示の定義を試験用に一言で言うと？,「住宅性能表示の定義を試験用に一言で言うと？」への答え：住宅性能表示は品確法・建替円滑化法等分野では品質確保促進法に関する重要概念です。根拠は品質確保促進法。条文番号と要件をメモに書き出して確認する。条文番号と要件をメモに書き出して確認する。公式テキスト該当章を開く。,住宅性能表示と混同しやすい論点は？,試験の出方：品質確保促進法の根拠を明示できる。四択では条件の主語と効果を分離して読む。過去問で出題形式と正答率を週1回チェックする。過去問で出題形式と正答率を週1回チェックする。過去問で出題形式と正答率を週1回チェックする。過去問で出題形式と正答率を週1回チェックする。過去問1問で正答率を記録する。,誤答の典型：住宅性能表示を類似語と同一視する;要件の一部だけ暗記して判断する;最新の改正・規約改定を見落とす。一語差の選択肢に注意。誤答肢のパターンを比較表に整理して復習する。誤答肢のパターンを比較表に整理して復習する。誤答肢のパターンを比較表に整理して復習する。誤答肢を比較表に書き出す。,住宅性能表示とは何ですか？,学習の次段：「品質確保促進法」と比較表で整理し、numbers / compare から過去問へ。関連用語ハブと比較ページへ進んで定着を確認する。関連用語ハブと比較ページへ進んで定着を確認する。関連用語ハブと比較ページへ進んで定着を確認する。用語ハブ compare へ進む。,住宅性能表示とは何ですか？
使用禁止請求,区分所有法,区分所有法;訴訟,使用禁止請求は区分所有法分野では区分所有法に関する重要概念です。,使用禁止請求は、使用禁止請求は区分所有法分野では区分所有法に関する重要概念です。マンション等の区分所有関係を定める基本法。専用部分・共用部分・管理組合が柱。,専有部分;共用部分;管理組合,区分所有法,B,過去問では使用禁止請求の定義・要件・効果を条文・規約根拠と対応づけるが問われます。使用禁止請求を類似語と同一視する選択肢に注意してください。使用禁止請求は区分所有法分野では区分所有法に関する重要概念です。管理業務主。,使用禁止請求とは？管理業務主任者試験で押さえる意味と試験ポイント,使用禁止請求の意味と管理業務主任者試験での判定ポイントを、区分所有法の文脈で整理します。使用禁止請求は、使用禁止請求は区分所有法分野では区分所有法に関する重要概念です。マンション等の区分所有関係を定める基本法。専用部分・共用部分・管理組合が柱。,"使用禁止請求は区分所有法分野では区分所有法に関する重要概念です。管理業務主任者試験では、区分所有法を根拠に定義・要件・効果を問う問題が出ます。

実務・試験ともに「使用禁止請求の定義・要件・効果を条文・規約根拠と対応づける」が判断の軸になります。選択肢では使用禁止請求を類似語と同一視する肢が多いため、要件の欠けた肢を消去する思考が有効です。

使用禁止請求は専有部分、共用部分、管理組合とセットで整理すると理解が定着します。管業マスターの過去問・実践演習で区分所有法フィルタを使い、関連問題を解き直してください。","<table class=""seo-info-table""><thead><tr><th>比較</th><th>使用禁止請求</th><th>専有部分</th></tr></thead><tbody><tr><th>覚え方</th><td>使用禁止請求の定義・要件・効果を条文・規約根拠と対応づける</td><td>関連ページで対比</td></tr></tbody></table>",使用禁止請求の定義・要件・効果を条文・規約根拠と対応づける;区分所有法の根拠を明示できる;関連語（専有部分、共用部分、管理組合）との違いを説明できる,使用禁止請求を類似語と同一視する;要件の一部だけ暗記して判断する;最新の改正・規約改定を見落とす。,使用禁止請求＝区分所有法。専有部分と表で対比。（関連用語とセットで暗記）。,使用禁止請求に関する次の記述のうち、最も適切でないものはどれか。,使用禁止請求の定義・要件と照らし、条件を満たさない選択肢を選ぶ。,使用禁止請求の定義を試験用に一言で言うと？,「使用禁止請求の定義を試験用に一言で言うと？」への答え：使用禁止請求は区分所有法分野では区分所有法に関する重要概念です。根拠は区分所有法。条文番号と要件をメモに書き出して確認する。条文番号と要件をメモに書き出して確認する。条文番号と要件をメモに書き出して確認する。公式テキスト該当章を開く。,使用禁止請求と混同しやすい論点は？,試験の出方：区分所有法の根拠を明示できる。四択では条件の主語と効果を分離して読む。過去問で出題形式と正答率を週1回チェックする。過去問で出題形式と正答率を週1回チェックする。過去問で出題形式と正答率を週1回チェックする。過去問で出題形式と正答率を週1回チェックする。過去問1問で正答率を記録する。,誤答の典型：使用禁止請求を類似語と同一視する;要件の一部だけ暗記して判断する;最新の改正・規約改定を見落とす。一語差の選択肢に注意。誤答肢のパターンを比較表に整理して復習する。誤答肢のパターンを比較表に整理して復習する。誤答肢のパターンを比較表に整理して復習する。誤答肢を比較表に書き出す。,使用禁止請求とは何ですか？,学習の次段：「専有部分」と比較表で整理し、numbers / compare から過去問へ。関連用語ハブと比較ページへ進んで定着を確認する。関連用語ハブと比較ページへ進んで定着を確認する。関連用語ハブと比較ページへ進んで定着を確認する。関連用語ハブと比較ページへ進んで定着を確認する。用語ハブ compare へ進む。,使用禁止請求とは何ですか？
使用貸借,民法・借地借家法,民法・借地借家法;契約類型,無償で物の使用収益をさせる契約（民法593条）。,"使用貸借は、無償で物の使用収益をさせる契約（民法593条）。民法・借地借家法の重要論点。無償で物の使用収益をさせる契約（民法593条）。管理業務主任者試験では、民法第593条を根拠に定義・要件・効果を問う問題が出ます。

実務・試験ともに「無償性」が判断の軸になります。選択肢では賃貸借と混同肢が多いため、要件の欠けた肢を消去。",同時履行の抗弁;催告解除;無催告解除,民法第593条,B,過去問では無償性が問われます。賃貸借と混同選択肢に注意してください。無償で物の使用収益をさせる契約（民法593条）。管理業務主任者試験では、民法第 学習時は一次情報と照合してください。,使用貸借とは？管理業務主任者試験で押さえる意味と試験ポイント,"使用貸借の意味と管理業務主任者試験での判定ポイントを、民法第593条の文脈で整理します。使用貸借は、無償で物の使用収益をさせる契約（民法593条）。民法・借地借家法の重要論点。無償で物の使用収益をさせる契約（民法593条）。管理業務主任者試験では、民法第593条を根拠に定義・要件・効果を問う問題が出ます。

実務・試験ともに「無償性」が判断の軸になります。選択肢では賃貸借と混同肢が多いため、要件の欠けた肢を消去。","無償で物の使用収益をさせる契約（民法593条）。管理業務主任者試験では、民法第593条を根拠に定義・要件・効果を問う問題が出ます。

実務・試験ともに「無償性」が判断の軸になります。選択肢では賃貸借と混同肢が多いため、要件の欠けた肢を消去する思考が有効です。

使用貸借は同時履行の抗弁、催告解除、無催告解除とセットで整理すると理解が定着します。管業マスターの過去問・実践演習で民法・借地借家法フィルタを使い、関連問題を解き直してください。",,無償性 （試験要点）;民法第593条の根拠を明示できる;関連語（同時履行の抗弁、催告解除、無催告解除）との違いを説明できる,賃貸借と混同;要件の一部だけ暗記して判断する;最新の改正・規約改定を見落とす （過去問で要注意）。,使用貸借＝民法第593条。賃貸借契約と表で対比。（関連用語とセットで暗記）。,使用貸借に関する次の記述のうち、最も適切でないものはどれか。,使用貸借の定義・要件と照らし、条件を満たさない選択肢を選ぶ。,使用貸借の定義を試験用に一言で言うと？,「使用貸借の定義を試験用に一言で言うと？」への答え：無償で物の使用収益をさせる契約（民法593条）。根拠は民法第593条。条文番号と要件をメモに書き出して確認する。条文番号と要件をメモに書き出して確認する。条文番号と要件をメモに書き出して確認する。公式テキスト該当章を開く。,使用貸借と混同しやすい論点は？,試験の出方：民法第593条の根拠を明示できる。四択では条件の主語と効果を分離して読む。過去問で出題形式と正答率を週1回チェックする。過去問で出題形式と正答率を週1回チェックする。過去問で出題形式と正答率を週1回チェックする。過去問で出題形式と正答率を週1回チェックする。過去問1問で正答率を記録する。,誤答の典型：賃貸借と混同;要件の一部だけ暗記して判断する;最新の改正・規約改定を見落とす （過去問で要注意）。一語差の選択肢に注意。誤答肢のパターンを比較表に整理して復習する。誤答肢のパターンを比較表に整理して復習する。誤答肢のパターンを比較表に整理して復習する。誤答肢を比較表に書き出す。,使用貸借とは何ですか？,学習の次段：「同時履行の抗弁」と比較表で整理し、numbers / compare から過去問へ。関連用語ハブと比較ページへ進んで定着を確認する。関連用語ハブと比較ページへ進んで定着を確認する。関連用語ハブと比較ページへ進んで定着を確認する。用語ハブ compare へ進む。,使用貸借とは何ですか？
例外決議,標準管理規約,標準管理規約;総会,例外決議は標準管理規約分野では標準管理規約に関する重要概念です。,例外決議は、例外決議は標準管理規約分野では標準管理規約に関する重要概念です。管理組合の運営ルールのモデル。総会・理事会・決議要件が頻出。,マンション標準管理規約;理事長;総会決議,標準管理規約,B,過去問では例外決議の定義・要件・効果を条文・規約根拠と対応づけるが問われます。例外決議を類似語と同一視する選択肢に注意してください。例外決議は標準管理規約分野では標準管理規約に関する重要概念です。管理業務主。,例外決議とは？管理業務主任者試験で押さえる意味と試験ポイント,例外決議の意味と管理業務主任者試験での判定ポイントを、標準管理規約の文脈で整理します。例外決議は、例外決議は標準管理規約分野では標準管理規約に関する重要概念です。管理組合の運営ルールのモデル。総会・理事会・決議要件が頻出。,"例外決議は標準管理規約分野では標準管理規約に関する重要概念です。管理業務主任者試験では、標準管理規約を根拠に定義・要件・効果を問う問題が出ます。

実務・試験ともに「例外決議の定義・要件・効果を条文・規約根拠と対応づける」が判断の軸になります。選択肢では例外決議を類似語と同一視する肢が多いため、要件の欠けた肢を消去する思考が有効です。

例外決議はマンション標準管理規約、理事長、総会決議とセットで整理すると理解が定着します。管業マスターの過去問・実践演習で標準管理規約フィルタを使い、関連問題を解き直してください。","<table class=""seo-info-table""><thead><tr><th>比較</th><th>例外決議</th><th>マンション標準管理規約</th></tr></thead><tbody><tr><th>覚え方</th><td>例外決議の定義・要件・効果を条文・規約根拠と対応づける</td><td>関連ページで対比</td></tr></tbody></table>",例外決議の定義・要件・効果を条文・規約根拠と対応づける;標準管理規約の根拠を明示できる;関連語（マンション標準管理規約、理事長、総会決議）との違いを説明できる,例外決議を類似語と同一視する;要件の一部だけ暗記して判断する;最新の改正・規約改定を見落とす。,例外決議＝標準管理規約。マンション標準管理規約と表で対比。,例外決議に関する次の記述のうち、最も適切でないものはどれか。,例外決議の定義・要件と照らし、条件を満たさない選択肢を選ぶ。,例外決議の定義を試験用に一言で言うと？,「例外決議の定義を試験用に一言で言うと？」への答え：例外決議は標準管理規約分野では標準管理規約に関する重要概念です。根拠は標準管理規約。条文番号と要件をメモに書き出して確認する。条文番号と要件をメモに書き出して確認する。条文番号と要件をメモに書き出して確認する。公式テキスト該当章を開く。,例外決議と混同しやすい論点は？,試験の出方：標準管理規約の根拠を明示できる。四択では条件の主語と効果を分離して読む。過去問で出題形式と正答率を週1回チェックする。過去問で出題形式と正答率を週1回チェックする。過去問で出題形式と正答率を週1回チェックする。過去問で出題形式と正答率を週1回チェックする。過去問1問で正答率を記録する。,誤答の典型：例外決議を類似語と同一視する;要件の一部だけ暗記して判断する;最新の改正・規約改定を見落とす。一語差の選択肢に注意。誤答肢のパターンを比較表に整理して復習する。誤答肢のパターンを比較表に整理して復習する。誤答肢のパターンを比較表に整理して復習する。誤答肢を比較表に書き出す。,例外決議とは何ですか？,学習の次段：「マンション標準管理規約」と比較表で整理し、numbers / compare から過去問へ。関連用語ハブと比較ページへ進んで定着を確認する。関連用語ハブと比較ページへ進んで定着を確認する。関連用語ハブと比較ページへ進んで定着を確認する。用語ハブ compare へ進む。,例外決議とは何ですか？
保証,民法・借地借家法,民法・借地借家法;担保,主たる債務者が履行しない場合に履行責任を負う制度（民法446条）。,保証は、主たる債務者が履行しない場合に履行責任を負う制度（民法446条）。民法・借地借家法の重要論点。,同時履行の抗弁;催告解除;無催告解除,民法第446条,B,過去問では催告の抗弁・検索の抗弁が問われます。連帯保証と混同選択肢に注意してください。主たる債務者が履行しない場合に履行責任を負う制度（民法446条）。管理業務主任。,保証とは？管理業務主任者試験で押さえる意味と試験ポイント,保証の意味と管理業務主任者試験での判定ポイントを、民法第446条の文脈で整理します。保証は、主たる債務者が履行しない場合に履行責任を負う制度（民法446条）。民法・借地借家法の重要論点。,"主たる債務者が履行しない場合に履行責任を負う制度（民法446条）。管理業務主任者試験では、民法第446条を根拠に定義・要件・効果を問う問題が出ます。

実務・試験ともに「催告の抗弁・検索の抗弁」が判断の軸になります。選択肢では連帯保証と混同肢が多いため、要件の欠けた肢を消去する思考が有効です。

保証は同時履行の抗弁、催告解除、無催告解除とセットで整理すると理解が定着します。管業マスターの過去問・実践演習で民法・借地借家法フィルタを使い、関連問題を解き直してください。",,催告の抗弁・検索の抗弁;民法第446条の根拠を明示できる;関連語（同時履行の抗弁、催告解除、無催告解除）との違いを説明できる,連帯保証と混同;要件の一部だけ暗記して判断する;最新の改正・規約改定を見落とす （過去問で要注意）。,保証＝民法第446条。連帯保証と表で対比。（関連用語とセットで暗記）。,保証に関する次の記述のうち、最も適切でないものはどれか。,保証の定義・要件と照らし、条件を満たさない選択肢を選ぶ。,保証の定義を試験用に一言で言うと？,「保証の定義を試験用に一言で言うと？」への答え：主たる債務者が履行しない場合に履行責任を負う制度（民法446条）。根拠は民法第446条。条文番号と要件をメモに書き出して確認する。条文番号と要件をメモに書き出して確認する。条文番号と要件をメモに書き出して確認する。公式テキスト該当章を開く。,保証と混同しやすい論点は？,試験の出方：民法第446条の根拠を明示できる。四択では条件の主語と効果を分離して読む。過去問で出題形式と正答率を週1回チェックする。過去問で出題形式と正答率を週1回チェックする。過去問で出題形式と正答率を週1回チェックする。過去問で出題形式と正答率を週1回チェックする。過去問1問で正答率を記録する。,誤答の典型：連帯保証と混同;要件の一部だけ暗記して判断する;最新の改正・規約改定を見落とす （過去問で要注意）。一語差の選択肢に注意。誤答肢のパターンを比較表に整理して復習する。誤答肢のパターンを比較表に整理して復習する。誤答肢のパターンを比較表に整理して復習する。誤答肢を比較表に書き出す。,保証とは何ですか？,学習の次段：「同時履行の抗弁」と比較表で整理し、numbers / compare から過去問へ。関連用語ハブと比較ページへ進んで定着を確認する。関連用語ハブと比較ページへ進んで定着を確認する。関連用語ハブと比較ページへ進んで定着を確認する。用語ハブ compare へ進む。,保証とは何ですか？
保証債務,会計・税務,会計・税務;会計,保証債務は会計・税務分野では民法に関する重要概念です。,保証債務は、保証債務は会計・税務分野では民法に関する重要概念です。管理組合の会計処理・財務報告・税務上の取扱い。,管理費等;前受金;預り金,民法,B,過去問では保証債務の定義・要件・効果を条文・規約根拠と対応づけるが問われます。保証債務を類似語と同一視する選択肢に注意してください。保証債務は会計・税務分野では民法に関する重要概念です。管理業務主任者試験で。,保証債務とは？管理業務主任者で押さえる意味と試験ポイント,保証債務の意味と管理業務主任者試験での判定ポイントを、民法の文脈で整理します。保証債務は、保証債務は会計・税務分野では民法に関する重要概念です。管理組合の会計処理・財務報告・税務上の取扱い。,"保証債務は会計・税務分野では民法に関する重要概念です。管理業務主任者試験では、民法を根拠に定義・要件・効果を問う問題が出ます。

実務・試験ともに「保証債務の定義・要件・効果を条文・規約根拠と対応づける」が判断の軸になります。選択肢では保証債務を類似語と同一視する肢が多いため、要件の欠けた肢を消去する思考が有効です。

保証債務は管理費等、前受金、預り金とセットで整理すると理解が定着します。管業マスターの過去問・実践演習で会計・税務フィルタを使い、関連問題を解き直してください。","<table class=""seo-info-table""><thead><tr><th>比較</th><th>保証債務</th><th>管理費等</th></tr></thead><tbody><tr><th>覚え方</th><td>保証債務の定義・要件・効果を条文・規約根拠と対応づける</td><td>関連ページで対比</td></tr></tbody></table>",保証債務の定義・要件・効果を条文・規約根拠と対応づける;民法の根拠を明示できる;関連語（管理費等、前受金、預り金）との違いを説明できる,保証債務を類似語と同一視する;要件の一部だけ暗記して判断する;最新の改正・規約改定を見落とす。,保証債務＝民法。管理費等と表で対比。（関連用語とセットで暗記）。,保証債務に関する次の記述のうち、最も適切でないものはどれか。,保証債務の定義・要件と照らし、条件を満たさない選択肢を選ぶ。,保証債務の定義を試験用に一言で言うと？,「保証債務の定義を試験用に一言で言うと？」への答え：保証債務は会計・税務分野では民法に関する重要概念です。根拠は民法。条文番号と要件をメモに書き出して確認する。条文番号と要件をメモに書き出して確認する。条文番号と要件をメモに書き出して確認する。公式テキスト該当章を開く。,保証債務と混同しやすい論点は？,試験の出方：民法の根拠を明示できる。四択では条件の主語と効果を分離して読む。過去問で出題形式と正答率を週1回チェックする。過去問で出題形式と正答率を週1回チェックする。過去問で出題形式と正答率を週1回チェックする。過去問で出題形式と正答率を週1回チェックする。過去問1問で正答率を記録する。,誤答の典型：保証債務を類似語と同一視する;要件の一部だけ暗記して判断する;最新の改正・規約改定を見落とす。一語差の選択肢に注意。誤答肢のパターンを比較表に整理して復習する。誤答肢のパターンを比較表に整理して復習する。誤答肢のパターンを比較表に整理して復習する。誤答肢を比較表に書き出す。,保証債務とは何ですか？,学習の次段：「管理費等」と比較表で整理し、numbers / compare から過去問へ。関連用語ハブと比較ページへ進んで定着を確認する。関連用語ハブと比較ページへ進んで定着を確認する。関連用語ハブと比較ページへ進んで定着を確認する。関連用語ハブと比較ページへ進んで定着を確認する。用語ハブ compare へ進む。,保証債務とは何ですか？
保険料処理,会計・税務,会計・税務;会計,保険料処理は会計・税務分野では標準管理規約に関する重要概念です。,保険料処理は、保険料処理は会計・税務分野では標準管理規約に関する重要概念です。管理組合の会計処理・財務報告・税務上の取扱い。,管理費等;前受金;預り金,標準管理規約,B,過去問では保険料処理の定義・要件・効果を条文・規約根拠と対応づけるが問われます。保険料処理を類似語と同一視する選択肢に注意してください。保険料処理は会計・税務分野では標準管理規約に関する重要概念です。管理業務主。,保険料処理とは？管理業務主任者で押さえる意味と試験ポイント,保険料処理の意味と管理業務主任者試験での判定ポイントを、標準管理規約の文脈で整理します。保険料処理は、保険料処理は会計・税務分野では標準管理規約に関する重要概念です。管理組合の会計処理・財務報告・税務上の取扱い。,"保険料処理は会計・税務分野では標準管理規約に関する重要概念です。管理業務主任者試験では、標準管理規約を根拠に定義・要件・効果を問う問題が出ます。

実務・試験ともに「保険料処理の定義・要件・効果を条文・規約根拠と対応づける」が判断の軸になります。選択肢では保険料処理を類似語と同一視する肢が多いため、要件の欠けた肢を消去する思考が有効です。

保険料処理は管理費等、前受金、預り金とセットで整理すると理解が定着します。管業マスターの過去問・実践演習で会計・税務フィルタを使い、関連問題を解き直してください。","<table class=""seo-info-table""><thead><tr><th>比較</th><th>保険料処理</th><th>管理費等</th></tr></thead><tbody><tr><th>覚え方</th><td>保険料処理の定義・要件・効果を条文・規約根拠と対応づける</td><td>関連ページで対比</td></tr></tbody></table>",保険料処理の定義・要件・効果を条文・規約根拠と対応づける;標準管理規約の根拠を明示できる;関連語（管理費等、前受金、預り金）との違いを説明できる,保険料処理を類似語と同一視する;要件の一部だけ暗記して判断する;最新の改正・規約改定を見落とす。,保険料処理＝標準管理規約。管理費等と表で対比。（関連用語とセットで暗記）。,保険料処理に関する次の記述のうち、最も適切でないものはどれか。,保険料処理の定義・要件と照らし、条件を満たさない選択肢を選ぶ。,保険料処理の定義を試験用に一言で言うと？,「保険料処理の定義を試験用に一言で言うと？」への答え：保険料処理は会計・税務分野では標準管理規約に関する重要概念です。根拠は標準管理規約。条文番号と要件をメモに書き出して確認する。条文番号と要件をメモに書き出して確認する。条文番号と要件をメモに書き出して確認する。公式テキスト該当章を開く。,保険料処理と混同しやすい論点は？,試験の出方：標準管理規約の根拠を明示できる。四択では条件の主語と効果を分離して読む。過去問で出題形式と正答率を週1回チェックする。過去問で出題形式と正答率を週1回チェックする。過去問で出題形式と正答率を週1回チェックする。過去問で出題形式と正答率を週1回チェックする。過去問1問で正答率を記録する。,誤答の典型：保険料処理を類似語と同一視する;要件の一部だけ暗記して判断する;最新の改正・規約改定を見落とす。一語差の選択肢に注意。誤答肢のパターンを比較表に整理して復習する。誤答肢のパターンを比較表に整理して復習する。誤答肢のパターンを比較表に整理して復習する。誤答肢を比較表に書き出す。,保険料処理とは何ですか？,学習の次段：「管理費等」と比較表で整理し、numbers / compare から過去問へ。関連用語ハブと比較ページへ進んで定着を確認する。関連用語ハブと比較ページへ進んで定着を確認する。関連用語ハブと比較ページへ進んで定着を確認する。関連用語ハブと比較ページへ進んで定着を確認する。用語ハブ compare へ進む。,保険料処理とは何ですか？
修繕の区分,標準管理規約,標準管理規約;修繕,修繕の区分は標準管理規約分野では標準管理規約に関する重要概念です。,修繕の区分は、修繕の区分は標準管理規約分野では標準管理規約に関する重要概念です。管理組合の運営ルールのモデル。総会・理事会・決議要件が頻出。,マンション標準管理規約;理事長;総会決議,標準管理規約,B,過去問では修繕の区分の定義・要件・効果を条文・規約根拠と対応づけるが問われます。修繕の区分を類似語と同一視する選択肢に注意してください。修繕の区分は標準管理規約分野では標準管理規約に関する重要概念です。管理業務。,修繕の区分とは？管理業務主任者試験で押さえる意味と試験ポイント,修繕の区分の意味と管理業務主任者試験での判定ポイントを、標準管理規約の文脈で整理します。修繕の区分は、修繕の区分は標準管理規約分野では標準管理規約に関する重要概念です。管理組合の運営ルールのモデル。総会・理事会・決議要件が頻出。,"修繕の区分は標準管理規約分野では標準管理規約に関する重要概念です。管理業務主任者試験では、標準管理規約を根拠に定義・要件・効果を問う問題が出ます。

実務・試験ともに「修繕の区分の定義・要件・効果を条文・規約根拠と対応づける」が判断の軸になります。選択肢では修繕の区分を類似語と同一視する肢が多いため、要件の欠けた肢を消去する思考が有効です。

修繕の区分はマンション標準管理規約、理事長、総会決議とセットで整理すると理解が定着します。管業マスターの過去問・実践演習で標準管理規約フィルタを使い、関連問題を解き直してください。","<table class=""seo-info-table""><thead><tr><th>比較</th><th>修繕の区分</th><th>マンション標準管理規約</th></tr></thead><tbody><tr><th>覚え方</th><td>修繕の区分の定義・要件・効果を条文・規約根拠と対応づける</td><td>関連ページで対比</td></tr></tbody></table>",修繕の区分の定義・要件・効果を条文・規約根拠と対応づける;標準管理規約の根拠を明示できる;関連語（マンション標準管理規約、理事長、総会決議）との違いを説明できる,修繕の区分を類似語と同一視する;要件の一部だけ暗記して判断する;最新の改正・規約改定を見落とす。,修繕の区分＝標準管理規約。マンション標準管理規約と表で対比。,修繕の区分に関する次の記述のうち、最も適切でないものはどれか。,修繕の区分の定義・要件と照らし、条件を満たさない選択肢を選ぶ。,修繕の区分の定義を試験用に一言で言うと？,「修繕の区分の定義を試験用に一言で言うと？」への答え：修繕の区分は標準管理規約分野では標準管理規約に関する重要概念です。根拠は標準管理規約。条文番号と要件をメモに書き出して確認する。条文番号と要件をメモに書き出して確認する。条文番号と要件をメモに書き出して確認する。公式テキスト該当章を開く。,修繕の区分と混同しやすい論点は？,試験の出方：標準管理規約の根拠を明示できる。四択では条件の主語と効果を分離して読む。過去問で出題形式と正答率を週1回チェックする。過去問で出題形式と正答率を週1回チェックする。過去問で出題形式と正答率を週1回チェックする。過去問で出題形式と正答率を週1回チェックする。過去問1問で正答率を記録する。,誤答の典型：修繕の区分を類似語と同一視する;要件の一部だけ暗記して判断する;最新の改正・規約改定を見落とす。一語差の選択肢に注意。誤答肢のパターンを比較表に整理して復習する。誤答肢のパターンを比較表に整理して復習する。誤答肢のパターンを比較表に整理して復習する。誤答肢を比較表に書き出す。,修繕の区分とは何ですか？,学習の次段：「マンション標準管理規約」と比較表で整理し、numbers / compare から過去問へ。関連用語ハブと比較ページへ進んで定着を確認する。関連用語ハブと比較ページへ進んで定着を確認する。関連用語ハブと比較ページへ進んで定着を確認する。用語ハブ compare へ進む。,修繕の区分とは何ですか？
修繕の実施,標準管理規約,標準管理規約;修繕,共用部分等の修繕。大規模修繕・通常修繕の区分と積立金。,修繕の実施は、共用部分等の修繕。大規模修繕・通常修繕の区分と積立金。管理組合の運営ルールのモデル。総会・理事会・決議要件が頻出。,マンション標準管理規約;理事長;総会決議,標準管理規約,A,過去問では修繕の実施の定義・要件・効果を条文・規約根拠と対応づけるが問われます。修繕の実施を類似語と同一視する選択肢に注意してください。共用部分等の修繕。大規模修繕・通常修繕の区分と積立金。管理業務主任者試験では、。,修繕の実施とは？管理業務主任者試験で押さえる意味と試験ポイント,修繕の実施の意味と管理業務主任者試験での判定ポイントを、標準管理規約の文脈で整理します。修繕の実施は、共用部分等の修繕。大規模修繕・通常修繕の区分と積立金。管理組合の運営ルールのモデル。総会・理事会・決議要件が頻出。,"共用部分等の修繕。大規模修繕・通常修繕の区分と積立金。管理業務主任者試験では、標準管理規約を根拠に定義・要件・効果を問う問題が出ます。

実務・試験ともに「修繕の実施の定義・要件・効果を条文・規約根拠と対応づける」が判断の軸になります。選択肢では修繕の実施を類似語と同一視する肢が多いため、要件の欠けた肢を消去する思考が有効です。

修繕の実施はマンション標準管理規約、理事長、総会決議とセットで整理すると理解が定着します。管業マスターの過去問・実践演習で標準管理規約フィルタを使い、関連問題を解き直してください。","<table class=""seo-info-table""><thead><tr><th>比較</th><th>修繕の実施</th><th>マンション標準管理規約</th></tr></thead><tbody><tr><th>覚え方</th><td>修繕の実施の定義・要件・効果を条文・規約根拠と対応づける</td><td>関連ページで対比</td></tr></tbody></table>",修繕の実施の定義・要件・効果を条文・規約根拠と対応づける;標準管理規約の根拠を明示できる;関連語（マンション標準管理規約、理事長、総会決議）との違いを説明できる,修繕の実施を類似語と同一視する;要件の一部だけ暗記して判断する;最新の改正・規約改定を見落とす。,修繕の実施＝標準管理規約。マンション標準管理規約と表で対比。,修繕の実施に関する次の記述のうち、最も適切でないものはどれか。,修繕の実施の定義・要件・効果を条文・規約根拠と対応づける。修繕の実施を類似語と同一視するとする記述が誤りになりやすい。,修繕の実施の定義を試験用に一言で言うと？,「修繕の実施の定義を試験用に一言で言うと？」への答え：共用部分等の修繕。大規模修繕・通常修繕の区分と積立金。根拠は標準管理規約。条文番号と要件をメモに書き出して確認する。条文番号と要件をメモに書き出して確認する。条文番号と要件をメモに書き出して確認する。公式テキスト該当章を開く。,修繕の実施と混同しやすい論点は？,試験の出方：標準管理規約の根拠を明示できる。四択では条件の主語と効果を分離して読む。過去問で出題形式と正答率を週1回チェックする。過去問で出題形式と正答率を週1回チェックする。過去問で出題形式と正答率を週1回チェックする。過去問で出題形式と正答率を週1回チェックする。過去問1問で正答率を記録する。,誤答の典型：修繕の実施を類似語と同一視する;要件の一部だけ暗記して判断する;最新の改正・規約改定を見落とす。一語差の選択肢に注意。誤答肢のパターンを比較表に整理して復習する。誤答肢のパターンを比較表に整理して復習する。誤答肢のパターンを比較表に整理して復習する。誤答肢を比較表に書き出す。,修繕の実施とは何ですか？,学習の次段：「マンション標準管理規約」と比較表で整理し、numbers / compare から過去問へ。関連用語ハブと比較ページへ進んで定着を確認する。関連用語ハブと比較ページへ進んで定着を確認する。関連用語ハブと比較ページへ進んで定着を確認する。用語ハブ compare へ進む。,修繕の実施とは何ですか？
修繕の発見報告,標準管理委託契約書・指針,標準管理委託契約書・指針;修繕,修繕の発見報告は標準管理委託契約書・指針分野では標準管理委託契約書に関する重要概念です。,修繕の発見報告は、修繕の発見報告は標準管理委託契約書・指針分野では標準管理委託契約書に関する重要概念です。管理委託契約の標準条項。委託費・業務範囲・再委託。,マンション標準管理委託契約書;定額委託業務費;臨時委託業務,標準管理委託契約書,B,過去問では修繕の発見報告の定義・要件・効果を条文・規約根拠と対応づけるが問われます。修繕の発見報告を類似語と同一視する選択肢に注意してください。修繕の発見報告は標準管理委託契約書・指針分野では標準管理委託契約書に関する重。,修繕の発見報告とは？管理業務主任者試験で押さえる意味と試験ポイント,修繕の発見報告の意味と管理業務主任者試験での判定ポイントを、標準管理委託契約書の文脈で整理します。修繕の発見報告は、修繕の発見報告は標準管理委託契約書・指針分野では標準管理委託契約書に関する重要概念です。管理委託契約の標準条項。委託費・業務範囲・再委託。,"修繕の発見報告は標準管理委託契約書・指針分野では標準管理委託契約書に関する重要概念です。管理業務主任者試験では、標準管理委託契約書を根拠に定義・要件・効果を問う問題が出ます。

実務・試験ともに「修繕の発見報告の定義・要件・効果を条文・規約根拠と対応づける」が判断の軸になります。選択肢では修繕の発見報告を類似語と同一視する肢が多いため、要件の欠けた肢を消去する思考が有効です。

修繕の発見報告はマンション標準管理委託契約書、定額委託業務費、臨時委託業務とセットで整理すると理解が定着します。管業マスターの過去問・実践演習で標準管理委託契約書・指針フィルタを使い、関連問題を解き直してください。","<table class=""seo-info-table""><thead><tr><th>比較</th><th>修繕の発見報告</th><th>マンション標準管理委託契約書</th></tr></thead><tbody><tr><th>覚え方</th><td>修繕の発見報告の定義・要件・効果を条文・規約根拠と対応づける</td><td>関連ページで対比</td></tr></tbody></table>",修繕の発見報告の定義・要件・効果を条文・規約根拠と対応づける;標準管理委託契約書の根拠を明示できる;関連語（マンション標準管理委託契約書、定額委託業務費、臨時委託業務）との違いを説明できる,修繕の発見報告を類似語と同一視する;要件の一部だけ暗記して判断する;最新の改正・規約改定を見落とす。,修繕の発見報告＝標準管理委託契約書。マンション標準管理委託契約書と表で対比。,修繕の発見報告に関する記述として最も不適切なものを選べ。,標準管理委託契約書・指針の原則に照らし、主体・時期・要件のいずれかを欠く選択肢を誤りとして判定する。,修繕の発見報告の定義を試験用に一言で言うと？,「修繕の発見報告の定義を試験用に一言で言うと？」への答え：修繕の発見報告は標準管理委託契約書・指針分野では標準管理委託契約書に関する重要概念です。根拠は標準管理委託契約書。条文番号と要件をメモに書き出して確認する。条文番号と要件をメモに書き出して確認する。公式テキスト該当章を開く。,修繕の発見報告と混同しやすい論点は？,試験の出方：標準管理委託契約書の根拠を明示できる。四択では条件の主語と効果を分離して読む。過去問で出題形式と正答率を週1回チェックする。過去問で出題形式と正答率を週1回チェックする。過去問で出題形式と正答率を週1回チェックする。過去問で出題形式と正答率を週1回チェックする。過去問1問で正答率を記録する。,誤答の典型：修繕の発見報告を類似語と同一視する;要件の一部だけ暗記して判断する;最新の改正・規約改定を見落とす。一語差の選択肢に注意。誤答肢のパターンを比較表に整理して復習する。誤答肢のパターンを比較表に整理して復習する。誤答肢のパターンを比較表に整理して復習する。誤答肢を比較表に書き出す。,修繕の発見報告とは何ですか？,学習の次段：「マンション標準管理委託契約書」と比較表で整理し、numbers / compare から過去問へ。関連用語ハブと比較ページへ進んで定着を確認する。関連用語ハブと比較ページへ進んで定着を確認する。関連用語ハブと比較ページへ進んで定着を確認する。用語ハブ compare へ進む。,修繕の発見報告とは何ですか？
修繕アフターサービス,標準管理委託契約書・指針,標準管理委託契約書・指針;修繕,修繕アフターサービスは標準管理委託契約書・指針分野では標準管理委託契約書に関する重要概念です。,修繕アフターサービスは、修繕アフターサービスは標準管理委託契約書・指針分野では標準管理委託契約書に関する重要概念です。管理委託契約の標準条項。委託費・業務範囲・再委託。,マンション標準管理委託契約書;定額委託業務費;臨時委託業務,標準管理委託契約書,B,過去問では修繕アフターサービスの定義・要件・効果を条文・規約根拠と対応づけるが問われます。修繕アフターサービスを類似語と同一視する選択肢に注意してください。修繕アフターサービスは標準管理委託契約書・指針分野では標準管理委託契約書に関。,修繕アフターサービスとは？管理業務主任者試験で押さえる意味と試験ポイント,修繕アフターサービスの意味と管理業務主任者試験での判定ポイントを、標準管理委託契約書の文脈で整理します。修繕アフターサービスは、修繕アフターサービスは標準管理委託契約書・指針分野では標準管理委託契約書に関する重要概念です。管理委託契約の標準条項。委託費・業務範囲・再委託。,"修繕アフターサービスは標準管理委託契約書・指針分野では標準管理委託契約書に関する重要概念です。管理業務主任者試験では、標準管理委託契約書を根拠に定義・要件・効果を問う問題が出ます。

実務・試験ともに「修繕アフターサービスの定義・要件・効果を条文・規約根拠と対応づける」が判断の軸になります。選択肢では修繕アフターサービスを類似語と同一視する肢が多いため、要件の欠けた肢を消去する思考が有効です。

修繕アフターサービスはマンション標準管理委託契約書、定額委託業務費、臨時委託業務とセットで整理すると理解が定着します。管業マスターの過去問・実践演習で標準管理委託契約書・指針フィルタを使い、関連問題を解き直してください。","<table class=""seo-info-table""><thead><tr><th>比較</th><th>修繕アフターサービス</th><th>マンション標準管理委託契約書</th></tr></thead><tbody><tr><th>覚え方</th><td>修繕アフターサービスの定義・要件・効果を条文・規約根拠と対応づける</td><td>関連ページで対比</td></tr></tbody></table>",修繕アフターサービスの定義・要件・効果を条文・規約根拠と対応づける;標準管理委託契約書の根拠を明示できる;関連語（マンション標準管理委託契約書、定額委託業務費、臨時委託業務）との違いを説明できる,修繕アフターサービスを類似語と同一視する;要件の一部だけ暗記して判断する;最新の改正・規約改定を見落とす。,修繕アフターサービス＝標準管理委託契約書。マンション標準管理委託契約書と表で対比。,修繕アフターサービスに関する記述として最も不適切なものを選べ。,標準管理委託契約書・指針の原則に照らし、主体・時期・要件のいずれかを欠く選択肢を誤りとして判定する。,修繕アフターサービスの定義を試験用に一言で言うと？,「修繕アフターサービスの定義を試験用に一言で言うと？」への答え：修繕アフターサービスは標準管理委託契約書・指針分野では標準管理委託契約書に関する重要概念です。根拠は標準管理委託契約書。条文番号と要件をメモに書き出して確認する。条文番号と要件をメモに書き出して確認する。公式テキスト該当章を開く。,修繕アフターサービスと混同しやすい論点は？,試験の出方：標準管理委託契約書の根拠を明示できる。四択では条件の主語と効果を分離して読む。過去問で出題形式と正答率を週1回チェックする。過去問で出題形式と正答率を週1回チェックする。過去問で出題形式と正答率を週1回チェックする。過去問で出題形式と正答率を週1回チェックする。過去問1問で正答率を記録する。,誤答の典型：修繕アフターサービスを類似語と同一視する;要件の一部だけ暗記して判断する;最新の改正・規約改定を見落とす。一語差の選択肢に注意。誤答肢のパターンを比較表に整理して復習する。誤答肢のパターンを比較表に整理して復習する。誤答肢のパターンを比較表に整理して復習する。誤答肢を比較表に書き出す。,修繕アフターサービスとは何ですか？,学習の次段：「マンション標準管理委託契約書」と比較表で整理し、numbers / compare から過去問へ。関連用語ハブと比較ページへ進んで定着を確認する。関連用語ハブと比較ページへ進んで定着を確認する。関連用語ハブと比較ページへ進んで定着を確認する。用語ハブ compare へ進む。,修繕アフターサービスとは何ですか？
修繕積立金,区分所有法,区分所有法;頻出;会計,将来の修繕に備えて区分所有者が負担する積立金（区法61条）。,修繕積立金は、将来の修繕に備えて区分所有者が負担する積立金（区法61条）。マンション等の区分所有関係を定める基本法。専用部分・共用部分・管理組合が柱。,専有部分;共用部分;管理組合,区分所有法第61条,A,過去問では修繕積立金の定義・要件・効果を条文・規約根拠と対応づけるが問われます。修繕積立金を類似語と同一視する選択肢に注意してください。将来の修繕に備えて区分所有者が負担する積立金（区法61条）。管理業務主任者試験。,修繕積立金とは？管理業務主任者試験で押さえる意味と試験ポイント,修繕積立金の意味と管理業務主任者試験での判定ポイントを、区分所有法第61条の文脈で整理します。修繕積立金は、将来の修繕に備えて区分所有者が負担する積立金（区法61条）。マンション等の区分所有関係を定める基本法。専用部分・共用部分・管理組合が柱。,"将来の修繕に備えて区分所有者が負担する積立金（区法61条）。管理業務主任者試験では、区分所有法第61条を根拠に定義・要件・効果を問う問題が出ます。

実務・試験ともに「修繕積立金の定義・要件・効果を条文・規約根拠と対応づける」が判断の軸になります。選択肢では修繕積立金を類似語と同一視する肢が多いため、要件の欠けた肢を消去する思考が有効です。

修繕積立金は専有部分、共用部分、管理組合とセットで整理すると理解が定着します。管業マスターの過去問・実践演習で区分所有法フィルタを使い、関連問題を解き直してください。","<table class=""seo-info-table""><thead><tr><th>比較</th><th>修繕積立金</th><th>専有部分</th></tr></thead><tbody><tr><th>覚え方</th><td>修繕積立金の定義・要件・効果を条文・規約根拠と対応づける</td><td>関連ページで対比</td></tr></tbody></table>",修繕積立金の定義・要件・効果を条文・規約根拠と対応づける;区分所有法第61条の根拠を明示できる;関連語（専有部分、共用部分、管理組合）との違いを説明できる,修繕積立金を類似語と同一視する;要件の一部だけ暗記して判断する;最新の改正・規約改定を見落とす。,修繕積立金＝区分所有法第61条。専有部分と表で対比。,修繕積立金に関する次の記述のうち、最も適切でないものはどれか。,修繕積立金の定義・要件・効果を条文・規約根拠と対応づける。修繕積立金を類似語と同一視するとする記述が誤りになりやすい。,修繕積立金の定義を試験用に一言で言うと？,「修繕積立金の定義を試験用に一言で言うと？」への答え：将来の修繕に備えて区分所有者が負担する積立金（区法61条）。根拠は区分所有法第61条。条文番号と要件をメモに書き出して確認する。条文番号と要件をメモに書き出して確認する。条文番号と要件をメモに書き出して確認する。公式テキスト該当章を開く。,修繕積立金と混同しやすい論点は？,試験の出方：区分所有法第61条の根拠を明示できる。四択では条件の主語と効果を分離して読む。過去問で出題形式と正答率を週1回チェックする。過去問で出題形式と正答率を週1回チェックする。過去問で出題形式と正答率を週1回チェックする。過去問で出題形式と正答率を週1回チェックする。過去問1問で正答率を記録する。,誤答の典型：修繕積立金を類似語と同一視する;要件の一部だけ暗記して判断する;最新の改正・規約改定を見落とす。一語差の選択肢に注意。誤答肢のパターンを比較表に整理して復習する。誤答肢のパターンを比較表に整理して復習する。誤答肢のパターンを比較表に整理して復習する。誤答肢を比較表に書き出す。,修繕積立金とは何ですか？,学習の次段：「専有部分」と比較表で整理し、numbers / compare から過去問へ。関連用語ハブと比較ページへ進んで定着を確認する。関連用語ハブと比較ページへ進んで定着を確認する。関連用語ハブと比較ページへ進んで定着を確認する。関連用語ハブと比較ページへ進んで定着を確認する。用語ハブ compare へ進む。,修繕積立金とは何ですか？
修繕積立金会計,会計・税務,会計・税務;頻出;会計,修繕積立金を管理する会計。一般会計と区分（区法61条）。,修繕積立金会計は、修繕積立金を管理する会計。一般会計と区分（区法61条）。管理組合の会計処理・財務報告・税務上の取扱い。,管理費等;前受金;預り金,区分所有法,A,過去問では修繕積立金会計の定義・要件・効果を条文・規約根拠と対応づけるが問われます。修繕積立金会計を類似語と同一視する選択肢に注意してください。修繕積立金を管理する会計。一般会計と区分（区法61条）。管理業務主任者試験では。,修繕積立金会計とは？管理業務主任者で押さえる意味と試験ポイント,修繕積立金会計の意味と管理業務主任者試験での判定ポイントを、区分所有法の文脈で整理します。修繕積立金会計は、修繕積立金を管理する会計。一般会計と区分（区法61条）。管理組合の会計処理・財務報告・税務上の取扱い。,"修繕積立金を管理する会計。一般会計と区分（区法61条）。管理業務主任者試験では、区分所有法を根拠に定義・要件・効果を問う問題が出ます。

実務・試験ともに「修繕積立金会計の定義・要件・効果を条文・規約根拠と対応づける」が判断の軸になります。選択肢では修繕積立金会計を類似語と同一視する肢が多いため、要件の欠けた肢を消去する思考が有効です。

修繕積立金会計は管理費等、前受金、預り金とセットで整理すると理解が定着します。管業マスターの過去問・実践演習で会計・税務フィルタを使い、関連問題を解き直してください。","<table class=""seo-info-table""><thead><tr><th>比較軸</th><th>修繕積立金会計</th><th>一般会計</th></tr></thead><tbody><tr><th>意思決定</th><td>長期修繕計画と総会決議に連動して執行</td><td>通常総会での年間予算執行が中心</td></tr></tbody></table>",修繕積立金会計の定義・要件・効果を条文・規約根拠と対応づける;区分所有法の根拠を明示できる;関連語（管理費等、前受金、預り金）との違いを説明できる,修繕積立金会計を類似語と同一視する;要件の一部だけ暗記して判断する;最新の改正・規約改定を見落とす。,修繕積立金会計＝区分所有法。一般会計と表で対比。（関連用語とセットで暗記）。,修繕積立金会計に関する次の記述のうち、最も適切でないものはどれか。,修繕積立金会計の定義・要件・効果を条文・規約根拠と対応づける。修繕積立金会計を類似語と同一視するとする記述が誤りになりやすい。,修繕積立金会計の定義を試験用に一言で言うと？,「修繕積立金会計の定義を試験用に一言で言うと？」への答え：修繕積立金を管理する会計。一般会計と区分（区法61条）。根拠は区分所有法。条文番号と要件をメモに書き出して確認する。条文番号と要件をメモに書き出して確認する。条文番号と要件をメモに書き出して確認する。公式テキスト該当章を開く。,修繕積立金会計と混同しやすい論点は？,試験の出方：区分所有法の根拠を明示できる。四択では条件の主語と効果を分離して読む。過去問で出題形式と正答率を週1回チェックする。過去問で出題形式と正答率を週1回チェックする。過去問で出題形式と正答率を週1回チェックする。過去問で出題形式と正答率を週1回チェックする。過去問1問で正答率を記録する。,誤答の典型：修繕積立金会計を類似語と同一視する;要件の一部だけ暗記して判断する;最新の改正・規約改定を見落とす。一語差の選択肢に注意。誤答肢のパターンを比較表に整理して復習する。誤答肢のパターンを比較表に整理して復習する。誤答肢のパターンを比較表に整理して復習する。誤答肢を比較表に書き出す。,修繕積立金会計とは何ですか？,学習の次段：「管理費等」と比較表で整理し、numbers / compare から過去問へ。関連用語ハブと比較ページへ進んで定着を確認する。関連用語ハブと比較ページへ進んで定着を確認する。関連用語ハブと比較ページへ進んで定着を確認する。関連用語ハブと比較ページへ進んで定着を確認する。用語ハブ compare へ進む。,修繕積立金会計とは何ですか？
修繕積立金会計と一般会計,判例・横断総合,判例・横断総合;頻出;会計,二区分会計の使い分け。（用語）。,修繕積立金会計と一般会計は、二区分会計の使い分け。判例・複数分野を横断する論点。比較整理が得点の鍵。,主徴費;管理不全;組合の法人格,区分所有法,A,過去問では修繕積立金会計と一般会計の定義・要件・効果を条文・規約根拠と対応づけるが問われます。修繕積立金会計と一般会計を類似語と同一視する選択肢に注意してください。,修繕積立金会計と一般会計とは？管理業務主任者試験で押さえる意味と試験ポイント,修繕積立金会計と一般会計の意味と管理業務主任者試験での判定ポイントを、区分所有法の文脈で整理します。修繕積立金会計と一般会計は、二区分会計の使い分け。判例・複数分野を横断する論点。比較整理が得点の鍵。,"二区分会計の使い分け。管理業務主任者試験では、区分所有法を根拠に定義・要件・効果を問う問題が出ます。

実務・試験ともに「修繕積立金会計と一般会計の定義・要件・効果を条文・規約根拠と対応づける」が判断の軸になります。選択肢では修繕積立金会計と一般会計を類似語と同一視する肢が多いため、要件の欠けた肢を消去する思考が有効です。

修繕積立金会計と一般会計は主徴費、管理不全、組合の法人格とセットで整理すると理解が定着します。管業マスターの過去問・実践演習で判例・横断総合フィルタを使い、関連問題を解き直してください。","<table class=""seo-info-table""><thead><tr><th>比較</th><th>修繕積立金会計と一般会計</th><th>主徴費</th></tr></thead><tbody><tr><th>覚え方</th><td>修繕積立金会計と一般会計の定義・要件・効果を条文・規約根拠と対応づける</td><td>関連ページで対比</td></tr></tbody></table>",修繕積立金会計と一般会計の定義・要件・効果を条文・規約根拠と対応づける;区分所有法の根拠を明示できる;関連語（主徴費、管理不全、組合の法人格）との違いを説明できる,修繕積立金会計と一般会計を類似語と同一視する;要件の一部だけ暗記して判断する;最新の改正・規約改定を見落とす。,修繕積立金会計と一般会計＝区分所有法。主徴費と表で対比。,修繕積立金会計と一般会計に関する次の記述のうち、最も適切でないものはどれか。,修繕積立金会計と一般会計の定義・要件・効果を条文・規約根拠と対応づける。修繕積立金会計と一般会計を類似語と同一視するとする記述が誤りになりやすい。,修繕積立金会計と一般会計の定義を試験用に一言で言うと？,「修繕積立金会計と一般会計の定義を試験用に一言で言うと？」への答え：二区分会計の使い分け。（用語）。根拠は区分所有法。条文番号と要件をメモに書き出して確認する。条文番号と要件をメモに書き出して確認する。条文番号と要件をメモに書き出して確認する。公式テキスト該当章を開く。,修繕積立金会計と一般会計と混同しやすい論点は？,試験の出方：区分所有法の根拠を明示できる。四択では条件の主語と効果を分離して読む。過去問で出題形式と正答率を週1回チェックする。過去問で出題形式と正答率を週1回チェックする。過去問で出題形式と正答率を週1回チェックする。過去問で出題形式と正答率を週1回チェックする。過去問1問で正答率を記録する。,誤答の典型：修繕積立金会計と一般会計を類似語と同一視する;要件の一部だけ暗記して判断する;最新の改正・規約改定を見落とす。一語差の選択肢に注意。誤答肢のパターンを比較表に整理して復習する。誤答肢のパターンを比較表に整理して復習する。誤答肢のパターンを比較表に整理して復習する。誤答肢を比較表に書き出す。,修繕積立金会計と一般会計とは何ですか？,学習の次段：「主徴費」と比較表で整理し、numbers / compare から過去問へ。関連用語ハブと比較ページへ進んで定着を確認する。関連用語ハブと比較ページへ進んで定着を確認する。関連用語ハブと比較ページへ進んで定着を確認する。関連用語ハブと比較ページへ進んで定着を確認する。用語ハブ compare へ進む。,修繕積立金会計と一般会計とは何ですか？
修繕積立金取崩し,会計・税務,会計・税務;頻出;修繕,積立金を修繕に充てること。総会決議・会計処理。,修繕積立金取崩しは、積立金を修繕に充てること。総会決議・会計処理。管理組合の会計処理・財務報告・税務上の取扱い。,管理費等;前受金;預り金,区分所有法,A,過去問では修繕積立金取崩しの定義・要件・効果を条文・規約根拠と対応づけるが問われます。修繕積立金取崩しを類似語と同一視する選択肢に注意してください。積立金を修繕に充てること。総会決議・会計処理。管理業務主任者試験では、区分所有。,修繕積立金取崩しとは？管理業務主任者で押さえる意味と試験ポイント,修繕積立金取崩しの意味と管理業務主任者試験での判定ポイントを、区分所有法の文脈で整理します。修繕積立金取崩しは、積立金を修繕に充てること。総会決議・会計処理。管理組合の会計処理・財務報告・税務上の取扱い。,"積立金を修繕に充てること。総会決議・会計処理。管理業務主任者試験では、区分所有法を根拠に定義・要件・効果を問う問題が出ます。

実務・試験ともに「修繕積立金取崩しの定義・要件・効果を条文・規約根拠と対応づける」が判断の軸になります。選択肢では修繕積立金取崩しを類似語と同一視する肢が多いため、要件の欠けた肢を消去する思考が有効です。

修繕積立金取崩しは管理費等、前受金、預り金とセットで整理すると理解が定着します。管業マスターの過去問・実践演習で会計・税務フィルタを使い、関連問題を解き直してください。","<table class=""seo-info-table""><thead><tr><th>比較</th><th>修繕積立金取崩し</th><th>管理費等</th></tr></thead><tbody><tr><th>覚え方</th><td>修繕積立金取崩しの定義・要件・効果を条文・規約根拠と対応づける</td><td>関連ページで対比</td></tr></tbody></table>",修繕積立金取崩しの定義・要件・効果を条文・規約根拠と対応づける;区分所有法の根拠を明示できる;関連語（管理費等、前受金、預り金）との違いを説明できる,修繕積立金取崩しを類似語と同一視する;要件の一部だけ暗記して判断する;最新の改正・規約改定を見落とす。,修繕積立金取崩し＝区分所有法。管理費等と表で対比。,修繕積立金取崩しに関する次の記述のうち、最も適切でないものはどれか。,修繕積立金取崩しの定義・要件・効果を条文・規約根拠と対応づける。修繕積立金取崩しを類似語と同一視するとする記述が誤りになりやすい。,修繕積立金取崩しの定義を試験用に一言で言うと？,「修繕積立金取崩しの定義を試験用に一言で言うと？」への答え：積立金を修繕に充てること。総会決議・会計処理。根拠は区分所有法。条文番号と要件をメモに書き出して確認する。条文番号と要件をメモに書き出して確認する。条文番号と要件をメモに書き出して確認する。公式テキスト該当章を開く。,修繕積立金取崩しと混同しやすい論点は？,試験の出方：区分所有法の根拠を明示できる。四択では条件の主語と効果を分離して読む。過去問で出題形式と正答率を週1回チェックする。過去問で出題形式と正答率を週1回チェックする。過去問で出題形式と正答率を週1回チェックする。過去問で出題形式と正答率を週1回チェックする。過去問1問で正答率を記録する。,誤答の典型：修繕積立金取崩しを類似語と同一視する;要件の一部だけ暗記して判断する;最新の改正・規約改定を見落とす。一語差の選択肢に注意。誤答肢のパターンを比較表に整理して復習する。誤答肢のパターンを比較表に整理して復習する。誤答肢のパターンを比較表に整理して復習する。誤答肢を比較表に書き出す。,修繕積立金取崩しとは何ですか？,学習の次段：「管理費等」と比較表で整理し、numbers / compare から過去問へ。関連用語ハブと比較ページへ進んで定着を確認する。関連用語ハブと比較ページへ進んで定着を確認する。関連用語ハブと比較ページへ進んで定着を確認する。関連用語ハブと比較ページへ進んで定着を確認する。用語ハブ compare へ進む。,修繕積立金取崩しとは何ですか？
修繕費,会計・税務,会計・税務;頻出;会計,修繕に要する費用。修繕積立金・一般会計から支出。,修繕費は、修繕に要する費用。修繕積立金・一般会計から支出。管理組合の会計処理・財務報告・税務上の取扱い。,管理費等;前受金;預り金,区分所有法,A,過去問では修繕費の定義・要件・効果を条文・規約根拠と対応づけるが問われます。修繕費を類似語と同一視する選択肢に注意してください。修繕に要する費用。修繕積立金・一般会計から支出。管理業務主任者試験では、区分所。,修繕費とは？管理業務主任者で押さえる意味と試験ポイント,修繕費の意味と管理業務主任者試験での判定ポイントを、区分所有法の文脈で整理します。修繕費は、修繕に要する費用。修繕積立金・一般会計から支出。管理組合の会計処理・財務報告・税務上の取扱い。,"修繕に要する費用。修繕積立金・一般会計から支出。管理業務主任者試験では、区分所有法を根拠に定義・要件・効果を問う問題が出ます。

実務・試験ともに「修繕費の定義・要件・効果を条文・規約根拠と対応づける」が判断の軸になります。選択肢では修繕費を類似語と同一視する肢が多いため、要件の欠けた肢を消去する思考が有効です。

修繕費は管理費等、前受金、預り金とセットで整理すると理解が定着します。管業マスターの過去問・実践演習で会計・税務フィルタを使い、関連問題を解き直してください。","<table class=""seo-info-table""><thead><tr><th>比較</th><th>修繕費</th><th>管理費等</th></tr></thead><tbody><tr><th>覚え方</th><td>修繕費の定義・要件・効果を条文・規約根拠と対応づける</td><td>関連ページで対比</td></tr></tbody></table>",修繕費の定義・要件・効果を条文・規約根拠と対応づける;区分所有法の根拠を明示できる;関連語（管理費等、前受金、預り金）との違いを説明できる,修繕費を類似語と同一視する;要件の一部だけ暗記して判断する;最新の改正・規約改定を見落とす。,修繕費＝区分所有法。管理費等と表で対比。（関連用語とセットで暗記）。,修繕費に関する次の記述のうち、最も適切でないものはどれか。,修繕費の定義・要件・効果を条文・規約根拠と対応づける。修繕費を類似語と同一視するとする記述が誤りになりやすい。,修繕費の定義を試験用に一言で言うと？,「修繕費の定義を試験用に一言で言うと？」への答え：修繕に要する費用。修繕積立金・一般会計から支出。根拠は区分所有法。条文番号と要件をメモに書き出して確認する。条文番号と要件をメモに書き出して確認する。条文番号と要件をメモに書き出して確認する。公式テキスト該当章を開く。,修繕費と混同しやすい論点は？,試験の出方：区分所有法の根拠を明示できる。四択では条件の主語と効果を分離して読む。過去問で出題形式と正答率を週1回チェックする。過去問で出題形式と正答率を週1回チェックする。過去問で出題形式と正答率を週1回チェックする。過去問で出題形式と正答率を週1回チェックする。過去問1問で正答率を記録する。,誤答の典型：修繕費を類似語と同一視する;要件の一部だけ暗記して判断する;最新の改正・規約改定を見落とす。一語差の選択肢に注意。誤答肢のパターンを比較表に整理して復習する。誤答肢のパターンを比較表に整理して復習する。誤答肢のパターンを比較表に整理して復習する。誤答肢を比較表に書き出す。,修繕費とは何ですか？,学習の次段：「管理費等」と比較表で整理し、numbers / compare から過去問へ。関連用語ハブと比較ページへ進んで定着を確認する。関連用語ハブと比較ページへ進んで定着を確認する。関連用語ハブと比較ページへ進んで定着を確認する。関連用語ハブと比較ページへ進んで定着を確認する。用語ハブ compare へ進む。,修繕費とは何ですか？
修繕費と資本的支出,会計・税務,会計・税務;修繕,修繕費と資本的支出は会計・税務分野では会計に関する重要概念です。,修繕費と資本的支出は、修繕費と資本的支出は会計・税務分野では会計に関する重要概念です。管理組合の会計処理・財務報告・税務上の取扱い。,管理費等;前受金;預り金,会計,B,過去問では修繕費と資本的支出の定義・要件・効果を条文・規約根拠と対応づけるが問われます。修繕費と資本的支出を類似語と同一視する選択肢に注意してください。修繕費と資本的支出は会計・税務分野では会計に関する重要概念です。管理業務主。,修繕費と資本的支出とは？管理業務主任者で押さえる意味と試験ポイント,修繕費と資本的支出の意味と管理業務主任者試験での判定ポイントを、会計の文脈で整理します。修繕費と資本的支出は、修繕費と資本的支出は会計・税務分野では会計に関する重要概念です。管理組合の会計処理・財務報告・税務上の取扱い。,"修繕費と資本的支出は会計・税務分野では会計に関する重要概念です。管理業務主任者試験では、会計を根拠に定義・要件・効果を問う問題が出ます。

実務・試験ともに「修繕費と資本的支出の定義・要件・効果を条文・規約根拠と対応づける」が判断の軸になります。選択肢では修繕費と資本的支出を類似語と同一視する肢が多いため、要件の欠けた肢を消去する思考が有効です。

修繕費と資本的支出は管理費等、前受金、預り金とセットで整理すると理解が定着します。管業マスターの過去問・実践演習で会計・税務フィルタを使い、関連問題を解き直してください。","<table class=""seo-info-table""><thead><tr><th>比較</th><th>修繕費と資本的支出</th><th>管理費等</th></tr></thead><tbody><tr><th>覚え方</th><td>修繕費と資本的支出の定義・要件・効果を条文・規約根拠と対応づける</td><td>関連ページで対比</td></tr></tbody></table>",修繕費と資本的支出の定義・要件・効果を条文・規約根拠と対応づける;会計の根拠を明示できる;関連語（管理費等、前受金、預り金）との違いを説明できる,修繕費と資本的支出を類似語と同一視する;要件の一部だけ暗記して判断する;最新の改正・規約改定を見落とす。,修繕費と資本的支出＝会計。管理費等と表で対比。（関連用語とセットで暗記）。,修繕費と資本的支出に関する次の記述のうち、最も適切でないものはどれか。,修繕費と資本的支出の定義・要件と照らし、条件を満たさない選択肢を選ぶ。,修繕費と資本的支出の定義を試験用に一言で言うと？,「修繕費と資本的支出の定義を試験用に一言で言うと？」への答え：修繕費と資本的支出は会計・税務分野では会計に関する重要概念です。根拠は会計。条文番号と要件をメモに書き出して確認する。条文番号と要件をメモに書き出して確認する。条文番号と要件をメモに書き出して確認する。公式テキスト該当章を開く。,修繕費と資本的支出と混同しやすい論点は？,試験の出方：会計の根拠を明示できる。四択では条件の主語と効果を分離して読む。過去問で出題形式と正答率を週1回チェックする。過去問で出題形式と正答率を週1回チェックする。過去問で出題形式と正答率を週1回チェックする。過去問で出題形式と正答率を週1回チェックする。過去問1問で正答率を記録する。,誤答の典型：修繕費と資本的支出を類似語と同一視する;要件の一部だけ暗記して判断する;最新の改正・規約改定を見落とす。一語差の選択肢に注意。誤答肢のパターンを比較表に整理して復習する。誤答肢のパターンを比較表に整理して復習する。誤答肢のパターンを比較表に整理して復習する。誤答肢を比較表に書き出す。,修繕費と資本的支出とは何ですか？,学習の次段：「管理費等」と比較表で整理し、numbers / compare から過去問へ。関連用語ハブと比較ページへ進んで定着を確認する。関連用語ハブと比較ページへ進んで定着を確認する。関連用語ハブと比較ページへ進んで定着を確認する。関連用語ハブと比較ページへ進んで定着を確認する。用語ハブ compare へ進む。,修繕費と資本的支出とは何ですか？
借地借家法,民法・借地借家法,民法・借地借家法;法令;基本,借地・借家関係を規律する特別法。強行規定が多い。,"借地借家法は、借地・借家関係を規律する特別法。強行規定が多い。民法・借地借家法の重要論点。借地・借家関係を規律する特別法。強行規定が多い。管理業務主任者試験では、借地借家法を根拠に定義・要件・効果を問う問題が出ます。

実務・試験ともに「普通/定期・更新・正当事由」が判断の軸になります。選択肢では民法のみで判断肢が多いため、要。",同時履行の抗弁;催告解除;無催告解除,借地借家法,A,過去問では普通/定期・更新・正当事由が問われます。民法のみで判断選択肢に注意してください。借地・借家関係を規律する特別法。強行規定が多い。管理業務主任者試験では、借地借。試験では借地借家法について条文・数値・条件の読み取りが問われます。,借地借家法とは？管理業務主任者試験で押さえる意味と試験ポイント,"借地借家法の意味と管理業務主任者試験での判定ポイントを、借地借家法の文脈で整理します。借地借家法は、借地・借家関係を規律する特別法。強行規定が多い。民法・借地借家法の重要論点。借地・借家関係を規律する特別法。強行規定が多い。管理業務主任者試験では、借地借家法を根拠に定義・要件・効果を問う問題が出ます。

実務・試験ともに「普通/定期・更新・正当事由」が判断の軸になります。選択肢では民法のみで判断肢が多いため、要。","借地・借家関係を規律する特別法。強行規定が多い。管理業務主任者試験では、借地借家法を根拠に定義・要件・効果を問う問題が出ます。

実務・試験ともに「普通/定期・更新・正当事由」が判断の軸になります。選択肢では民法のみで判断肢が多いため、要件の欠けた肢を消去する思考が有効です。

借地借家法は同時履行の抗弁、催告解除、無催告解除とセットで整理すると理解が定着します。管業マスターの過去問・実践演習で民法・借地借家法フィルタを使い、関連問題を解き直してください。試験では借地借家法について条文・数値・条件の読み取りが問われます。",,普通/定期・更新・正当事由;借地借家法の根拠を明示できる;関連語（同時履行の抗弁、催告解除、無催告解除）との違いを説明できる,民法のみで判断;要件の一部だけ暗記して判断する;最新の改正・規約改定を見落とす （過去問で要注意）。,借地借家法＝借地借家法。賃貸借契約と表で対比。（関連用語とセットで暗記）。,借地借家法に関する次の記述のうち、最も適切でないものはどれか。,普通/定期・更新・正当事由。民法のみで判断とする記述が誤りになりやすい。,借地借家法の定義を試験用に一言で言うと？,「借地借家法の定義を試験用に一言で言うと？」への答え：借地・借家関係を規律する特別法。強行規定が多い。根拠は借地借家法。条文番号と要件をメモに書き出して確認する。条文番号と要件をメモに書き出して確認する。条文番号と要件をメモに書き出して確認する。公式テキスト該当章を開く。,借地借家法と混同しやすい論点は？,試験の出方：借地借家法の根拠を明示できる。四択では条件の主語と効果を分離して読む。過去問で出題形式と正答率を週1回チェックする。過去問で出題形式と正答率を週1回チェックする。過去問で出題形式と正答率を週1回チェックする。過去問で出題形式と正答率を週1回チェックする。過去問1問で正答率を記録する。,誤答の典型：民法のみで判断;要件の一部だけ暗記して判断する;最新の改正・規約改定を見落とす （過去問で要注意）。一語差の選択肢に注意。誤答肢のパターンを比較表に整理して復習する。誤答肢のパターンを比較表に整理して復習する。誤答肢のパターンを比較表に整理して復習する。誤答肢を比較表に書き出す。,借地借家法とは何ですか？,学習の次段：「同時履行の抗弁」と比較表で整理し、numbers / compare から過去問へ。関連用語ハブと比較ページへ進んで定着を確認する。関連用語ハブと比較ページへ進んで定着を確認する。関連用語ハブと比較ページへ進んで定着を確認する。用語ハブ compare へ進む。,借地借家法とは何ですか？
借地権,民法・借地借家法,民法・借地借家法;借地,借地借家法上の借地に関する権利。,"借地権は、借地借家法上の借地に関する権利。民法・借地借家法の重要論点。借地借家法上の借地に関する権利。管理業務主任者試験では、借地借家法を根拠に定義・要件・効果を問う問題が出ます。

実務・試験ともに「普通借地・定期借地」が判断の軸になります。選択肢では所有権と混同肢が多いため、要件の欠けた肢を消去する思考。",同時履行の抗弁;催告解除;無催告解除,借地借家法,B,過去問では普通借地・定期借地が問われます。所有権と混同選択肢に注意してください。借地借家法上の借地に関する権利。管理業務主任者試験では、借地借家法を根拠に定義。試験では借地権について条文・数値・条件の読み取りが問われます。,借地権とは？管理業務主任者試験で押さえる意味と試験ポイント,"借地権の意味と管理業務主任者試験での判定ポイントを、借地借家法の文脈で整理します。借地権は、借地借家法上の借地に関する権利。民法・借地借家法の重要論点。借地借家法上の借地に関する権利。管理業務主任者試験では、借地借家法を根拠に定義・要件・効果を問う問題が出ます。

実務・試験ともに「普通借地・定期借地」が判断の軸になります。選択肢では所有権と混同肢が多いため、要件の欠けた肢を消去する思考。","借地借家法上の借地に関する権利。管理業務主任者試験では、借地借家法を根拠に定義・要件・効果を問う問題が出ます。

実務・試験ともに「普通借地・定期借地」が判断の軸になります。選択肢では所有権と混同肢が多いため、要件の欠けた肢を消去する思考が有効です。

借地権は同時履行の抗弁、催告解除、無催告解除とセットで整理すると理解が定着します。管業マスターの過去問・実践演習で民法・借地借家法フィルタを使い、関連問題を解き直してください。試験では借地権について条文・数値・条件の読み取りが問われます。",,普通借地・定期借地;借地借家法の根拠を明示できる;関連語（同時履行の抗弁、催告解除、無催告解除）との違いを説明できる,所有権と混同;要件の一部だけ暗記して判断する;最新の改正・規約改定を見落とす （過去問で要注意）。,借地権＝借地借家法。借家権と表で対比。（関連用語とセットで暗記）。,借地権に関する次の記述のうち、最も適切でないものはどれか。,借地権の定義・要件と照らし、条件を満たさない選択肢を選ぶ。,借地権の定義を試験用に一言で言うと？,「借地権の定義を試験用に一言で言うと？」への答え：借地借家法上の借地に関する権利。根拠は借地借家法。条文番号と要件をメモに書き出して確認する。条文番号と要件をメモに書き出して確認する。条文番号と要件をメモに書き出して確認する。条文番号と要件をメモに書き出して確認する。公式テキスト該当章を開く。,借地権と混同しやすい論点は？,試験の出方：借地借家法の根拠を明示できる。四択では条件の主語と効果を分離して読む。過去問で出題形式と正答率を週1回チェックする。過去問で出題形式と正答率を週1回チェックする。過去問で出題形式と正答率を週1回チェックする。過去問で出題形式と正答率を週1回チェックする。過去問1問で正答率を記録する。,誤答の典型：所有権と混同;要件の一部だけ暗記して判断する;最新の改正・規約改定を見落とす （過去問で要注意）。一語差の選択肢に注意。誤答肢のパターンを比較表に整理して復習する。誤答肢のパターンを比較表に整理して復習する。誤答肢のパターンを比較表に整理して復習する。誤答肢を比較表に書き出す。,借地権とは何ですか？,学習の次段：「同時履行の抗弁」と比較表で整理し、numbers / compare から過去問へ。関連用語ハブと比較ページへ進んで定着を確認する。関連用語ハブと比較ページへ進んで定着を確認する。関連用語ハブと比較ページへ進んで定着を確認する。用語ハブ compare へ進む。,借地権とは何ですか？
借家権,民法・借地借家法,民法・借地借家法;借家,建物賃貸借に基づく借家の地位。,"借家権は、建物賃貸借に基づく借家の地位。民法・借地借家法の重要論点。建物賃貸借に基づく借家の地位。管理業務主任者試験では、借地借家法を根拠に定義・要件・効果を問う問題が出ます。

実務・試験ともに「普通借家・定期借家」が判断の軸になります。選択肢では区分所有権と混同肢が多いため、要件の欠けた肢を消去する思。",同時履行の抗弁;催告解除;無催告解除,借地借家法,B,過去問では普通借家・定期借家が問われます。区分所有権と混同選択肢に注意してください。建物賃貸借に基づく借家の地位。管理業務主任者試験では、借地借家法を根拠に定義・。試験では借家権について条文・数値・条件の読み取りが問われます。,借家権とは？管理業務主任者試験で押さえる意味と試験ポイント,"借家権の意味と管理業務主任者試験での判定ポイントを、借地借家法の文脈で整理します。借家権は、建物賃貸借に基づく借家の地位。民法・借地借家法の重要論点。建物賃貸借に基づく借家の地位。管理業務主任者試験では、借地借家法を根拠に定義・要件・効果を問う問題が出ます。

実務・試験ともに「普通借家・定期借家」が判断の軸になります。選択肢では区分所有権と混同肢が多いため、要件の欠けた肢を消去する思。","建物賃貸借に基づく借家の地位。管理業務主任者試験では、借地借家法を根拠に定義・要件・効果を問う問題が出ます。

実務・試験ともに「普通借家・定期借家」が判断の軸になります。選択肢では区分所有権と混同肢が多いため、要件の欠けた肢を消去する思考が有効です。

借家権は同時履行の抗弁、催告解除、無催告解除とセットで整理すると理解が定着します。管業マスターの過去問・実践演習で民法・借地借家法フィルタを使い、関連問題を解き直してください。試験では借家権について条文・数値・条件の読み取りが問われます。",,普通借家・定期借家;借地借家法の根拠を明示できる;関連語（同時履行の抗弁、催告解除、無催告解除）との違いを説明できる,区分所有権と混同;要件の一部だけ暗記して判断する;最新の改正・規約改定を見落とす。,借家権＝借地借家法。借地権と表で対比。（関連用語とセットで暗記）。,借家権に関する次の記述のうち、最も適切でないものはどれか。,借家権の定義・要件と照らし、条件を満たさない選択肢を選ぶ。,借家権の定義を試験用に一言で言うと？,「借家権の定義を試験用に一言で言うと？」への答え：建物賃貸借に基づく借家の地位。根拠は借地借家法。条文番号と要件をメモに書き出して確認する。条文番号と要件をメモに書き出して確認する。条文番号と要件をメモに書き出して確認する。条文番号と要件をメモに書き出して確認する。公式テキスト該当章を開く。,借家権と混同しやすい論点は？,試験の出方：借地借家法の根拠を明示できる。四択では条件の主語と効果を分離して読む。過去問で出題形式と正答率を週1回チェックする。過去問で出題形式と正答率を週1回チェックする。過去問で出題形式と正答率を週1回チェックする。過去問で出題形式と正答率を週1回チェックする。過去問1問で正答率を記録する。,誤答の典型：区分所有権と混同;要件の一部だけ暗記して判断する;最新の改正・規約改定を見落とす。一語差の選択肢に注意。誤答肢のパターンを比較表に整理して復習する。誤答肢のパターンを比較表に整理して復習する。誤答肢のパターンを比較表に整理して復習する。誤答肢を比較表に書き出す。,借家権とは何ですか？,学習の次段：「同時履行の抗弁」と比較表で整理し、numbers / compare から過去問へ。関連用語ハブと比較ページへ進んで定着を確認する。関連用語ハブと比較ページへ進んで定着を確認する。関連用語ハブと比較ページへ進んで定着を確認する。用語ハブ compare へ進む。,借家権とは何ですか？
催告解除,民法・借地借家法,民法・借地借家法;頻出;解除,債務不履行により契約を解除する制度で、原則として相当期間を定めた催告が必要（民法541条）。,催告解除は、債務不履行により契約を解除する制度で、原則として相当期間を定めた催告が必要（民法541条）。民法・借地借家法の重要論点。,同時履行の抗弁;無催告解除;双務契約,民法第541条,A,過去問では催告→相当期間→解除の順序が問われます。催告なしにいつでも解除できるとする肢選択肢に注意してください。債務不履行により契約を解除する制度で、原則として相当期間を定めた催告が必要（民法。試験では催告解除について条文・数値・条件の読み取りが問われます。,催告解除とは？管理業務主任者試験で押さえる意味と試験ポイント,催告解除の意味と管理業務主任者試験での判定ポイントを、民法第541条の文脈で整理します。催告解除は、債務不履行により契約を解除する制度で、原則として相当期間を定めた催告が必要（民法541条）。民法・借地借家法の重要論点。,"債務不履行により契約を解除する制度で、原則として相当期間を定めた催告が必要（民法541条）。管理業務主任者試験では、民法第541条を根拠に定義・要件・効果を問う問題が出ます。

実務・試験ともに「催告→相当期間→解除の順序」が判断の軸になります。選択肢では催告なしにいつでも解除できるとする肢肢が多いため、要件の欠けた肢を消去する思考が有効です。

催告解除は同時履行の抗弁、無催告解除、双務契約とセットで整理すると理解が定着します。管業マスターの過去問・実践演習で民法・借地借家法フィルタを使い、関連問題を解き直してください。","<table class=""seo-info-table""><thead><tr><th>比較</th><th>催告解除</th><th>無催告解除</th></tr></thead><tbody><tr><th>覚え方</th><td>催告→相当期間→解除の順序</td><td>関連ページで対比</td></tr></tbody></table>",催告→相当期間→解除の順序;民法第541条の根拠を明示できる;関連語（同時履行の抗弁、無催告解除、双務契約）との違いを説明できる,催告なしにいつでも解除できるとする肢;要件の一部だけ暗記して判断する;最新の改正・規約改定を見落とす。,催告解除＝民法第541条。無催告解除と表で対比。（関連用語とセットで暗記）。,催告解除に関する次の記述のうち、最も適切でないものはどれか。,催告→相当期間→解除の順序。催告なしにいつでも解除できるとする肢とする記述が誤りになりやすい。,催告解除の定義を試験用に一言で言うと？,「催告解除の定義を試験用に一言で言うと？」への答え：債務不履行により契約を解除する制度で、原則として相当期間を定めた催告が必要（民法541条）。根拠は民法第541条。条文番号と要件をメモに書き出して確認する。条文番号と要件をメモに書き出して確認する。公式テキスト該当章を開く。,催告解除と混同しやすい論点は？,試験の出方：民法第541条の根拠を明示できる。四択では条件の主語と効果を分離して読む。過去問で出題形式と正答率を週1回チェックする。過去問で出題形式と正答率を週1回チェックする。過去問で出題形式と正答率を週1回チェックする。過去問で出題形式と正答率を週1回チェックする。過去問1問で正答率を記録する。,誤答の典型：催告なしにいつでも解除できるとする肢;要件の一部だけ暗記して判断する;最新の改正・規約改定を見落とす。一語差の選択肢に注意。誤答肢のパターンを比較表に整理して復習する。誤答肢のパターンを比較表に整理して復習する。誤答肢のパターンを比較表に整理して復習する。誤答肢を比較表に書き出す。,催告解除とは何ですか？,学習の次段：「同時履行の抗弁」と比較表で整理し、numbers / compare から過去問へ。関連用語ハブと比較ページへ進んで定着を確認する。関連用語ハブと比較ページへ進んで定着を確認する。関連用語ハブと比較ページへ進んで定着を確認する。用語ハブ compare へ進む。,催告解除とは何ですか？
債務の承認,民法・借地借家法,民法・借地借家法;時効,時効完成後の債務を追認し、時効完成の効力を阻害する意思表示（民法152条）。,債務の承認は、時効完成後の債務を追認し、時効完成の効力を阻害する意思表示（民法152条）。民法・借地借家法の重要論点。,同時履行の抗弁;催告解除;無催告解除,民法第152条,B,過去問では時効完成後であることが問われます。時効完成前の承認で時効が伸びると誤解選択肢に注意してください。時効完成後の債務を追認し、時効完成の効力を阻害する意思表示（民法152条）。管。,債務の承認とは？管理業務主任者試験で押さえる意味と試験ポイント,債務の承認の意味と管理業務主任者試験での判定ポイントを、民法第152条の文脈で整理します。債務の承認は、時効完成後の債務を追認し、時効完成の効力を阻害する意思表示（民法152条）。民法・借地借家法の重要論点。,"時効完成後の債務を追認し、時効完成の効力を阻害する意思表示（民法152条）。管理業務主任者試験では、民法第152条を根拠に定義・要件・効果を問う問題が出ます。

実務・試験ともに「時効完成後であること」が判断の軸になります。選択肢では時効完成前の承認で時効が伸びると誤解肢が多いため、要件の欠けた肢を消去する思考が有効です。

債務の承認は同時履行の抗弁、催告解除、無催告解除とセットで整理すると理解が定着します。管業マスターの過去問・実践演習で民法・借地借家法フィルタを使い、関連問題を解き直してください。",,時効完成後であること;民法第152条の根拠を明示できる;関連語（同時履行の抗弁、催告解除、無催告解除）との違いを説明できる,時効完成前の承認で時効が伸びると誤解;要件の一部だけ暗記して判断する;最新の改正・規約改定を見落とす。,債務の承認＝民法第152条。消滅時効と表で対比。（関連用語とセットで暗記）。,債務の承認に関する次の記述のうち、最も適切でないものはどれか。,債務の承認の定義・要件と照らし、条件を満たさない選択肢を選ぶ。,債務の承認の定義を試験用に一言で言うと？,「債務の承認の定義を試験用に一言で言うと？」への答え：時効完成後の債務を追認し、時効完成の効力を阻害する意思表示（民法152条）。根拠は民法第152条。条文番号と要件をメモに書き出して確認する。条文番号と要件をメモに書き出して確認する。条文番号と要件をメモに書き出して確認する。公式テキスト該当章を開く。,債務の承認と混同しやすい論点は？,試験の出方：民法第152条の根拠を明示できる。四択では条件の主語と効果を分離して読む。過去問で出題形式と正答率を週1回チェックする。過去問で出題形式と正答率を週1回チェックする。過去問で出題形式と正答率を週1回チェックする。過去問で出題形式と正答率を週1回チェックする。過去問1問で正答率を記録する。,誤答の典型：時効完成前の承認で時効が伸びると誤解;要件の一部だけ暗記して判断する;最新の改正・規約改定を見落とす。一語差の選択肢に注意。誤答肢のパターンを比較表に整理して復習する。誤答肢のパターンを比較表に整理して復習する。誤答肢のパターンを比較表に整理して復習する。誤答肢を比較表に書き出す。,債務の承認とは何ですか？,学習の次段：「同時履行の抗弁」と比較表で整理し、numbers / compare から過去問へ。関連用語ハブと比較ページへ進んで定着を確認する。関連用語ハブと比較ページへ進んで定着を確認する。関連用語ハブと比較ページへ進んで定着を確認する。用語ハブ compare へ進む。,債務の承認とは何ですか？
債務不履行,民法・借地借家法,民法・借地借家法;頻出,債務者が債務の本旨に従った履行をしない状態。解除・損害賠償の前提。,債務不履行は、債務者が債務の本旨に従った履行をしない状態。解除・損害賠償の前提。民法・借地借家法の重要論点。,同時履行の抗弁;催告解除;無催告解除,民法,A,過去問では履行遅滞・履行不能・不完全履行の区別が問われます。軽微な遅滞ですぐ解除できるとする肢選択肢に注意してください。債務者が債務の本旨に従った履行をしない状態。解除・損害賠償の前提。管理業務主任。試験では債務不履行について条文・数値・条件の読み取りが問われます。,債務不履行とは？管理業務主任者試験で押さえる意味と試験ポイント,債務不履行の意味と管理業務主任者試験での判定ポイントを、民法の文脈で整理します。債務不履行は、債務者が債務の本旨に従った履行をしない状態。解除・損害賠償の前提。民法・借地借家法の重要論点。,"債務者が債務の本旨に従った履行をしない状態。解除・損害賠償の前提。管理業務主任者試験では、民法を根拠に定義・要件・効果を問う問題が出ます。

実務・試験ともに「履行遅滞・履行不能・不完全履行の区別」が判断の軸になります。選択肢では軽微な遅滞ですぐ解除できるとする肢肢が多いため、要件の欠けた肢を消去する思考が有効です。

債務不履行は同時履行の抗弁、催告解除、無催告解除とセットで整理すると理解が定着します。管業マスターの過去問・実践演習で民法・借地借家法フィルタを使い、関連問題を解き直してください。試験では債務不履行について条文・数値・条件の読み取りが問われます。",,履行遅滞・履行不能・不完全履行の区別;民法の根拠を明示できる;関連語（同時履行の抗弁、催告解除、無催告解除）との違いを説明できる,軽微な遅滞ですぐ解除できるとする肢;要件の一部だけ暗記して判断する;最新の改正・規約改定を見落とす。,債務不履行＝民法。履行遅滞と表で対比。（関連用語とセットで暗記）。,債務不履行に関する次の記述のうち、最も適切でないものはどれか。,履行遅滞・履行不能・不完全履行の区別。軽微な遅滞ですぐ解除できるとする肢とする記述が誤りになりやすい。,債務不履行の定義を試験用に一言で言うと？,「債務不履行の定義を試験用に一言で言うと？」への答え：債務者が債務の本旨に従った履行をしない状態。解除・損害賠償の前提。根拠は民法。条文番号と要件をメモに書き出して確認する。条文番号と要件をメモに書き出して確認する。条文番号と要件をメモに書き出して確認する。公式テキスト該当章を開く。,債務不履行と混同しやすい論点は？,試験の出方：民法の根拠を明示できる。四択では条件の主語と効果を分離して読む。過去問で出題形式と正答率を週1回チェックする。過去問で出題形式と正答率を週1回チェックする。過去問で出題形式と正答率を週1回チェックする。過去問で出題形式と正答率を週1回チェックする。過去問1問で正答率を記録する。,誤答の典型：軽微な遅滞ですぐ解除できるとする肢;要件の一部だけ暗記して判断する;最新の改正・規約改定を見落とす。一語差の選択肢に注意。誤答肢のパターンを比較表に整理して復習する。誤答肢のパターンを比較表に整理して復習する。誤答肢のパターンを比較表に整理して復習する。誤答肢を比較表に書き出す。,債務不履行とは何ですか？,学習の次段：「同時履行の抗弁」と比較表で整理し、numbers / compare から過去問へ。関連用語ハブと比較ページへ進んで定着を確認する。関連用語ハブと比較ページへ進んで定着を確認する。関連用語ハブと比較ページへ進んで定着を確認する。用語ハブ compare へ進む。,債務不履行とは何ですか？
債務承継,民法・借地借家法,民法・借地借家法;相続;頻出,債務者の変更。相続・承継等。,"債務承継は、債務者の変更。相続・承継等。民法・借地借家法の重要論点。債務者の変更。相続・承継等。管理業務主任者試験では、民法を根拠に定義・要件・効果を問う問題が出ます。

実務・試験ともに「承認・包括承継」が判断の軸になります。選択肢では債権譲渡と混同肢が多いため、要件の欠けた肢を消去する思考が有効です。",同時履行の抗弁;催告解除;無催告解除,民法,B,過去問では承認・包括承継が問われます。債権譲渡と混同選択肢に注意してください。債務者の変更。相続・承継等。管理業務主任者試験では、民法を根拠に定義・要件・効。試験では債務承継について条文・数値・条件の読み取りが問われます。,債務承継とは？管理業務主任者試験で押さえる意味と試験ポイント,"債務承継の意味と管理業務主任者試験での判定ポイントを、民法の文脈で整理します。債務承継は、債務者の変更。相続・承継等。民法・借地借家法の重要論点。債務者の変更。相続・承継等。管理業務主任者試験では、民法を根拠に定義・要件・効果を問う問題が出ます。

実務・試験ともに「承認・包括承継」が判断の軸になります。選択肢では債権譲渡と混同肢が多いため、要件の欠けた肢を消去する思考が有効です。","債務者の変更。相続・承継等。管理業務主任者試験では、民法を根拠に定義・要件・効果を問う問題が出ます。

実務・試験ともに「承認・包括承継」が判断の軸になります。選択肢では債権譲渡と混同肢が多いため、要件の欠けた肢を消去する思考が有効です。

債務承継は同時履行の抗弁、催告解除、無催告解除とセットで整理すると理解が定着します。管業マスターの過去問・実践演習で民法・借地借家法フィルタを使い、関連問題を解き直してください。試験では債務承継について条文・数値・条件の読み取りが問われます。",,承認・包括承継 （試験要点）;民法の根拠を明示できる;関連語（同時履行の抗弁、催告解除、無催告解除）との違いを説明できる,債権譲渡と混同;要件の一部だけ暗記して判断する;最新の改正・規約改定を見落とす （過去問で要注意）。,債務承継＝民法。相続と区分所有と表で対比。（関連用語とセットで暗記）。,債務承継に関する次の記述のうち、最も適切でないものはどれか。,債務承継の定義・要件と照らし、条件を満たさない選択肢を選ぶ。,債務承継の定義を試験用に一言で言うと？,「債務承継の定義を試験用に一言で言うと？」への答え：債務者の変更。相続・承継等。根拠は民法。条文番号と要件をメモに書き出して確認する。条文番号と要件をメモに書き出して確認する。条文番号と要件をメモに書き出して確認する。条文番号と要件をメモに書き出して確認する。公式テキスト該当章を開く。,債務承継と混同しやすい論点は？,試験の出方：民法の根拠を明示できる。四択では条件の主語と効果を分離して読む。過去問で出題形式と正答率を週1回チェックする。過去問で出題形式と正答率を週1回チェックする。過去問で出題形式と正答率を週1回チェックする。過去問で出題形式と正答率を週1回チェックする。過去問1問で正答率を記録する。,誤答の典型：債権譲渡と混同;要件の一部だけ暗記して判断する;最新の改正・規約改定を見落とす （過去問で要注意）。一語差の選択肢に注意。誤答肢のパターンを比較表に整理して復習する。誤答肢のパターンを比較表に整理して復習する。誤答肢のパターンを比較表に整理して復習する。誤答肢を比較表に書き出す。,債務承継とは何ですか？,学習の次段：「同時履行の抗弁」と比較表で整理し、numbers / compare から過去問へ。関連用語ハブと比較ページへ進んで定着を確認する。関連用語ハブと比較ページへ進んで定着を確認する。関連用語ハブと比較ページへ進んで定着を確認する。用語ハブ compare へ進む。,債務承継とは何ですか？
債権譲渡,民法・借地借家法,民法・借地借家法;頻出;債権,債権を第三者に移転させる制度（民法466条）。,"債権譲渡は、債権を第三者に移転させる制度（民法466条）。民法・借地借家法の重要論点。債権を第三者に移転させる制度（民法466条）。管理業務主任者試験では、民法第466条を根拠に定義・要件・効果を問う問題が出ます。

実務・試験ともに「対抗要件・制限」が判断の軸になります。選択肢では債務承継と混同肢が多いため、要件の欠けた。",同時履行の抗弁;催告解除;無催告解除,民法第466条,A,過去問では対抗要件・制限が問われます。債務承継と混同選択肢に注意してください。債権を第三者に移転させる制度（民法466条）。管理業務主任者試験では、民法第4。債権を第三者に移転させる制度（民法466条）。管理業務主任者試験では、民法第46。,債権譲渡とは？管理業務主任者試験で押さえる意味と試験ポイント,"債権譲渡の意味と管理業務主任者試験での判定ポイントを、民法第466条の文脈で整理します。債権譲渡は、債権を第三者に移転させる制度（民法466条）。民法・借地借家法の重要論点。債権を第三者に移転させる制度（民法466条）。管理業務主任者試験では、民法第466条を根拠に定義・要件・効果を問う問題が出ます。

実務・試験ともに「対抗要件・制限」が判断の軸になります。選択肢では債務承継と混同肢が多いため、要件の欠けた。","債権を第三者に移転させる制度（民法466条）。管理業務主任者試験では、民法第466条を根拠に定義・要件・効果を問う問題が出ます。

実務・試験ともに「対抗要件・制限」が判断の軸になります。選択肢では債務承継と混同肢が多いため、要件の欠けた肢を消去する思考が有効です。

債権譲渡は同時履行の抗弁、催告解除、無催告解除とセットで整理すると理解が定着します。管業マスターの過去問・実践演習で民法・借地借家法フィルタを使い、関連問題を解き直してください。",,対抗要件・制限 （試験要点）;民法第466条の根拠を明示できる;関連語（同時履行の抗弁、催告解除、無催告解除）との違いを説明できる,債務承継と混同;要件の一部だけ暗記して判断する;最新の改正・規約改定を見落とす （過去問で要注意）。,債権譲渡＝民法第466条。相殺と表で対比。（関連用語とセットで暗記）。,債権譲渡に関する次の記述のうち、最も適切でないものはどれか。,対抗要件・制限。債務承継と混同とする記述が誤りになりやすい。,債権譲渡の定義を試験用に一言で言うと？,「債権譲渡の定義を試験用に一言で言うと？」への答え：債権を第三者に移転させる制度（民法466条）。根拠は民法第466条。条文番号と要件をメモに書き出して確認する。条文番号と要件をメモに書き出して確認する。条文番号と要件をメモに書き出して確認する。公式テキスト該当章を開く。,債権譲渡と混同しやすい論点は？,試験の出方：民法第466条の根拠を明示できる。四択では条件の主語と効果を分離して読む。過去問で出題形式と正答率を週1回チェックする。過去問で出題形式と正答率を週1回チェックする。過去問で出題形式と正答率を週1回チェックする。過去問で出題形式と正答率を週1回チェックする。過去問1問で正答率を記録する。,誤答の典型：債務承継と混同;要件の一部だけ暗記して判断する;最新の改正・規約改定を見落とす （過去問で要注意）。一語差の選択肢に注意。誤答肢のパターンを比較表に整理して復習する。誤答肢のパターンを比較表に整理して復習する。誤答肢のパターンを比較表に整理して復習する。誤答肢を比較表に書き出す。,債権譲渡とは何ですか？,学習の次段：「同時履行の抗弁」と比較表で整理し、numbers / compare から過去問へ。関連用語ハブと比較ページへ進んで定着を確認する。関連用語ハブと比較ページへ進んで定着を確認する。関連用語ハブと比較ページへ進んで定着を確認する。用語ハブ compare へ進む。,債権譲渡とは何ですか？
共同住宅,建築・設備,建築・設備;用途,共同住宅は建築・設備分野では建築基準法に関する重要概念です。,共同住宅は、共同住宅は建築・設備分野では建築基準法に関する重要概念です。建築基準法・消防法・昇降機規則等に基づく建物・設備の安全と維持。,建築基準法;エレベーター;昇降機,建築基準法,B,過去問では共同住宅の定義・要件・効果を条文・規約根拠と対応づけるが問われます。共同住宅を類似語と同一視する選択肢に注意してください。共同住宅は建築・設備分野では建築基準法に関する重要概念です。管理業務主任者。,共同住宅とは？管理業務主任者で押さえる意味と試験ポイント,共同住宅の意味と管理業務主任者試験での判定ポイントを、建築基準法の文脈で整理します。共同住宅は、共同住宅は建築・設備分野では建築基準法に関する重要概念です。建築基準法・消防法・昇降機規則等に基づく建物・設備の安全と維持。,"共同住宅は建築・設備分野では建築基準法に関する重要概念です。管理業務主任者試験では、建築基準法を根拠に定義・要件・効果を問う問題が出ます。

実務・試験ともに「共同住宅の定義・要件・効果を条文・規約根拠と対応づける」が判断の軸になります。選択肢では共同住宅を類似語と同一視する肢が多いため、要件の欠けた肢を消去する思考が有効です。

共同住宅は建築基準法、エレベーター、昇降機とセットで整理すると理解が定着します。管業マスターの過去問・実践演習で建築・設備フィルタを使い、関連問題を解き直してください。","<table class=""seo-info-table""><thead><tr><th>比較</th><th>共同住宅</th><th>建築基準法</th></tr></thead><tbody><tr><th>覚え方</th><td>共同住宅の定義・要件・効果を条文・規約根拠と対応づける</td><td>関連ページで対比</td></tr></tbody></table>",共同住宅の定義・要件・効果を条文・規約根拠と対応づける;建築基準法の根拠を明示できる;関連語（建築基準法、エレベーター、昇降機）との違いを説明できる,共同住宅を類似語と同一視する;要件の一部だけ暗記して判断する;最新の改正・規約改定を見落とす。,共同住宅＝建築基準法。建築基準法と表で対比。（関連用語とセットで暗記）。,共同住宅に関する次の記述のうち、最も適切でないものはどれか。,共同住宅の定義・要件と照らし、条件を満たさない選択肢を選ぶ。,共同住宅の定義を試験用に一言で言うと？,「共同住宅の定義を試験用に一言で言うと？」への答え：共同住宅は建築・設備分野では建築基準法に関する重要概念です。根拠は建築基準法。条文番号と要件をメモに書き出して確認する。条文番号と要件をメモに書き出して確認する。条文番号と要件をメモに書き出して確認する。公式テキスト該当章を開く。,共同住宅と混同しやすい論点は？,試験の出方：建築基準法の根拠を明示できる。四択では条件の主語と効果を分離して読む。過去問で出題形式と正答率を週1回チェックする。過去問で出題形式と正答率を週1回チェックする。過去問で出題形式と正答率を週1回チェックする。過去問で出題形式と正答率を週1回チェックする。過去問1問で正答率を記録する。,誤答の典型：共同住宅を類似語と同一視する;要件の一部だけ暗記して判断する;最新の改正・規約改定を見落とす。一語差の選択肢に注意。誤答肢のパターンを比較表に整理して復習する。誤答肢のパターンを比較表に整理して復習する。誤答肢のパターンを比較表に整理して復習する。誤答肢を比較表に書き出す。,共同住宅とは何ですか？,学習の次段：「建築基準法」と比較表で整理し、numbers / compare から過去問へ。関連用語ハブと比較ページへ進んで定着を確認する。関連用語ハブと比較ページへ進んで定着を確認する。関連用語ハブと比較ページへ進んで定着を確認する。関連用語ハブと比較ページへ進んで定着を確認する。用語ハブ compare へ進む。,共同住宅とは何ですか？
共有物,民法・借地借家法,民法・借地借家法;共有,数人が持分に従い単一の物を共有する状態（民法249条）。,"共有物は、数人が持分に従い単一の物を共有する状態（民法249条）。民法・借地借家法の重要論点。数人が持分に従い単一の物を共有する状態（民法249条）。管理業務主任者試験では、民法第249条を根拠に定義・要件・効果を問う問題が出ます。

実務・試験ともに「持分・管理・処分」が判断の軸になります。選択肢では区分所有と混同肢が多いため、。",同時履行の抗弁;催告解除;無催告解除,民法第249条,B,過去問では持分・管理・処分が問われます。区分所有と混同選択肢に注意してください。数人が持分に従い単一の物を共有する状態（民法249条）。管理業務主任者試験では。,共有物とは？管理業務主任者試験で押さえる意味と試験ポイント,"共有物の意味と管理業務主任者試験での判定ポイントを、民法第249条の文脈で整理します。共有物は、数人が持分に従い単一の物を共有する状態（民法249条）。民法・借地借家法の重要論点。数人が持分に従い単一の物を共有する状態（民法249条）。管理業務主任者試験では、民法第249条を根拠に定義・要件・効果を問う問題が出ます。

実務・試験ともに「持分・管理・処分」が判断の軸になります。選択肢では区分所有と混同肢が多いため、。","数人が持分に従い単一の物を共有する状態（民法249条）。管理業務主任者試験では、民法第249条を根拠に定義・要件・効果を問う問題が出ます。

実務・試験ともに「持分・管理・処分」が判断の軸になります。選択肢では区分所有と混同肢が多いため、要件の欠けた肢を消去する思考が有効です。

共有物は同時履行の抗弁、催告解除、無催告解除とセットで整理すると理解が定着します。管業マスターの過去問・実践演習で民法・借地借家法フィルタを使い、関連問題を解き直してください。",,持分・管理・処分;民法第249条の根拠を明示できる;関連語（同時履行の抗弁、催告解除、無催告解除）との違いを説明できる,区分所有と混同;要件の一部だけ暗記して判断する;最新の改正・規約改定を見落とす （過去問で要注意）。,共有物＝民法第249条。区分所有者と表で対比。（関連用語とセットで暗記）。,共有物に関する次の記述のうち、最も適切でないものはどれか。,共有物の定義・要件と照らし、条件を満たさない選択肢を選ぶ。,共有物の定義を試験用に一言で言うと？,「共有物の定義を試験用に一言で言うと？」への答え：数人が持分に従い単一の物を共有する状態（民法249条）。根拠は民法第249条。条文番号と要件をメモに書き出して確認する。条文番号と要件をメモに書き出して確認する。条文番号と要件をメモに書き出して確認する。公式テキスト該当章を開く。,共有物と混同しやすい論点は？,試験の出方：民法第249条の根拠を明示できる。四択では条件の主語と効果を分離して読む。過去問で出題形式と正答率を週1回チェックする。過去問で出題形式と正答率を週1回チェックする。過去問で出題形式と正答率を週1回チェックする。過去問で出題形式と正答率を週1回チェックする。過去問1問で正答率を記録する。,誤答の典型：区分所有と混同;要件の一部だけ暗記して判断する;最新の改正・規約改定を見落とす （過去問で要注意）。一語差の選択肢に注意。誤答肢のパターンを比較表に整理して復習する。誤答肢のパターンを比較表に整理して復習する。誤答肢のパターンを比較表に整理して復習する。誤答肢を比較表に書き出す。,共有物とは何ですか？,学習の次段：「同時履行の抗弁」と比較表で整理し、numbers / compare から過去問へ。関連用語ハブと比較ページへ進んで定着を確認する。関連用語ハブと比較ページへ進んで定着を確認する。関連用語ハブと比較ページへ進んで定着を確認する。用語ハブ compare へ進む。,共有物とは何ですか？
共用部分,区分所有法,区分所有法;頻出;基本,専有部分以外の部分で、区分所有者全員が共有する部分（区法2条1項6号）。,共用部分は、専有部分以外の部分で、区分所有者全員が共有する部分（区法2条1項6号）。マンション等の区分所有関係を定める基本法。専用部分・共用部分・管理組合が柱。,専有部分;管理組合;理事会,区分所有法第2条,A,過去問では専用部分との境界・負担が問われます。専用使用権と共用部分を混同選択肢に注意してください。専有部分以外の部分で、区分所有者全員が共有する部分（区法2条1項6号）。管理業。,共用部分とは？管理業務主任者試験で押さえる意味と試験ポイント,共用部分の意味と管理業務主任者試験での判定ポイントを、区分所有法第2条の文脈で整理します。共用部分は、専有部分以外の部分で、区分所有者全員が共有する部分（区法2条1項6号）。マンション等の区分所有関係を定める基本法。専用部分・共用部分・管理組合が柱。,"専有部分以外の部分で、区分所有者全員が共有する部分（区法2条1項6号）。管理業務主任者試験では、区分所有法第2条を根拠に定義・要件・効果を問う問題が出ます。

実務・試験ともに「専用部分との境界・負担」が判断の軸になります。選択肢では専用使用権と共用部分を混同肢が多いため、要件の欠けた肢を消去する思考が有効です。

共用部分は専有部分、管理組合、理事会とセットで整理すると理解が定着します。管業マスターの過去問・実践演習で区分所有法フィルタを使い、関連問題を解き直してください。","<table class=""seo-info-table""><thead><tr><th>比較</th><th>共用部分</th><th>専有部分</th></tr></thead><tbody><tr><th>覚え方</th><td>専用部分との境界・負担</td><td>関連ページで対比</td></tr></tbody></table>",専用部分との境界・負担;区分所有法第2条の根拠を明示できる;関連語（専有部分、管理組合、理事会）との違いを説明できる,専用使用権と共用部分を混同;要件の一部だけ暗記して判断する;最新の改正・規約改定を見落とす。,共用部分＝区分所有法第2条。専有部分と表で対比。（関連用語とセットで暗記）。,共用部分に関する次の記述のうち、最も適切でないものはどれか。,専用部分との境界・負担。専用使用権と共用部分を混同とする記述が誤りになりやすい。,共用部分の定義を試験用に一言で言うと？,「共用部分の定義を試験用に一言で言うと？」への答え：専有部分以外の部分で、区分所有者全員が共有する部分（区法2条1項6号）。根拠は区分所有法第2条。条文番号と要件をメモに書き出して確認する。条文番号と要件をメモに書き出して確認する。条文番号と要件をメモに書き出して確認する。公式テキスト該当章を開く。,共用部分と混同しやすい論点は？,試験の出方：区分所有法第2条の根拠を明示できる。四択では条件の主語と効果を分離して読む。過去問で出題形式と正答率を週1回チェックする。過去問で出題形式と正答率を週1回チェックする。過去問で出題形式と正答率を週1回チェックする。過去問で出題形式と正答率を週1回チェックする。過去問1問で正答率を記録する。,誤答の典型：専用使用権と共用部分を混同;要件の一部だけ暗記して判断する;最新の改正・規約改定を見落とす。一語差の選択肢に注意。誤答肢のパターンを比較表に整理して復習する。誤答肢のパターンを比較表に整理して復習する。誤答肢のパターンを比較表に整理して復習する。誤答肢を比較表に書き出す。,共用部分とは何ですか？,学習の次段：「専有部分」と比較表で整理し、numbers / compare から過去問へ。関連用語ハブと比較ページへ進んで定着を確認する。関連用語ハブと比較ページへ進んで定着を確認する。関連用語ハブと比較ページへ進んで定着を確認する。関連用語ハブと比較ページへ進んで定着を確認する。用語ハブ compare へ進む。,共用部分とは何ですか？
共用部分持分,区分所有法,区分所有法;頻出;基本,共用部分持分は区分所有法分野では区分所有法に関する重要概念です。,共用部分持分は、共用部分持分は区分所有法分野では区分所有法に関する重要概念です。マンション等の区分所有関係を定める基本法。専用部分・共用部分・管理組合が柱。,専有部分;共用部分;管理組合,区分所有法,A,過去問では共用部分持分の定義・要件・効果を条文・規約根拠と対応づけるが問われます。共用部分持分を類似語と同一視する選択肢に注意してください。共用部分持分は区分所有法分野では区分所有法に関する重要概念です。管理業務主。,共用部分持分とは？管理業務主任者試験で押さえる意味と試験ポイント,共用部分持分の意味と管理業務主任者試験での判定ポイントを、区分所有法の文脈で整理します。共用部分持分は、共用部分持分は区分所有法分野では区分所有法に関する重要概念です。マンション等の区分所有関係を定める基本法。専用部分・共用部分・管理組合が柱。,"共用部分持分は区分所有法分野では区分所有法に関する重要概念です。管理業務主任者試験では、区分所有法を根拠に定義・要件・効果を問う問題が出ます。

実務・試験ともに「共用部分持分の定義・要件・効果を条文・規約根拠と対応づける」が判断の軸になります。選択肢では共用部分持分を類似語と同一視する肢が多いため、要件の欠けた肢を消去する思考が有効です。

共用部分持分は専有部分、共用部分、管理組合とセットで整理すると理解が定着します。管業マスターの過去問・実践演習で区分所有法フィルタを使い、関連問題を解き直してください。","<table class=""seo-info-table""><thead><tr><th>比較</th><th>共用部分持分</th><th>専有部分</th></tr></thead><tbody><tr><th>覚え方</th><td>共用部分持分の定義・要件・効果を条文・規約根拠と対応づける</td><td>関連ページで対比</td></tr></tbody></table>",共用部分持分の定義・要件・効果を条文・規約根拠と対応づける;区分所有法の根拠を明示できる;関連語（専有部分、共用部分、管理組合）との違いを説明できる,共用部分持分を類似語と同一視する;要件の一部だけ暗記して判断する;最新の改正・規約改定を見落とす。,共用部分持分＝区分所有法。専有部分と表で対比。（関連用語とセットで暗記）。,共用部分持分に関する次の記述のうち、最も適切でないものはどれか。,共用部分持分の定義・要件・効果を条文・規約根拠と対応づける。共用部分持分を類似語と同一視するとする記述が誤りになりやすい。,共用部分持分の定義を試験用に一言で言うと？,「共用部分持分の定義を試験用に一言で言うと？」への答え：共用部分持分は区分所有法分野では区分所有法に関する重要概念です。根拠は区分所有法。条文番号と要件をメモに書き出して確認する。条文番号と要件をメモに書き出して確認する。条文番号と要件をメモに書き出して確認する。公式テキスト該当章を開く。,共用部分持分と混同しやすい論点は？,試験の出方：区分所有法の根拠を明示できる。四択では条件の主語と効果を分離して読む。過去問で出題形式と正答率を週1回チェックする。過去問で出題形式と正答率を週1回チェックする。過去問で出題形式と正答率を週1回チェックする。過去問で出題形式と正答率を週1回チェックする。過去問1問で正答率を記録する。,誤答の典型：共用部分持分を類似語と同一視する;要件の一部だけ暗記して判断する;最新の改正・規約改定を見落とす。一語差の選択肢に注意。誤答肢のパターンを比較表に整理して復習する。誤答肢のパターンを比較表に整理して復習する。誤答肢のパターンを比較表に整理して復習する。誤答肢を比較表に書き出す。,共用部分持分とは何ですか？,学習の次段：「専有部分」と比較表で整理し、numbers / compare から過去問へ。関連用語ハブと比較ページへ進んで定着を確認する。関連用語ハブと比較ページへ進んで定着を確認する。関連用語ハブと比較ページへ進んで定着を確認する。関連用語ハブと比較ページへ進んで定着を確認する。用語ハブ compare へ進む。,共用部分持分とは何ですか？
共用部分規約案の説明,宅建業法,宅建業法;実務,共用部分規約案の説明は宅建業法分野では宅地建物取引業法に関する重要概念です。,共用部分規約案の説明は、共用部分規約案の説明は宅建業法分野では宅地建物取引業法に関する重要概念です。不動産取引の規制。35条書面・重要事項説明。,宅地建物取引業;重要事項説明;35条書面,宅地建物取引業法,B,過去問では共用部分規約案の説明の定義・要件・効果を条文・規約根拠と対応づけるが問われます。共用部分規約案の説明を類似語と同一視する選択肢に注意してください。共用部分規約案の説明は宅建業法分野では宅地建物取引業法に関する重要概念です。,共用部分規約案の説明とは？管理業務主任者試験で押さえる意味と試験ポイント,共用部分規約案の説明の意味と管理業務主任者試験での判定ポイントを、宅地建物取引業法の文脈で整理します。共用部分規約案の説明は、共用部分規約案の説明は宅建業法分野では宅地建物取引業法に関する重要概念です。不動産取引の規制。35条書面・重要事項説明。,"共用部分規約案の説明は宅建業法分野では宅地建物取引業法に関する重要概念です。管理業務主任者試験では、宅地建物取引業法を根拠に定義・要件・効果を問う問題が出ます。

実務・試験ともに「共用部分規約案の説明の定義・要件・効果を条文・規約根拠と対応づける」が判断の軸になります。選択肢では共用部分規約案の説明を類似語と同一視する肢が多いため、要件の欠けた肢を消去する思考が有効です。

共用部分規約案の説明は宅地建物取引業、重要事項説明、35条書面とセットで整理すると理解が定着します。管業マスターの過去問・実践演習で宅建業法フィルタを使い、関連問題を解き直してください。","<table class=""seo-info-table""><thead><tr><th>比較</th><th>共用部分規約案の説明</th><th>宅地建物取引業</th></tr></thead><tbody><tr><th>覚え方</th><td>共用部分規約案の説明の定義・要件・効果を条文・規約根拠と対応づける</td><td>関連ページで対比</td></tr></tbody></table>",共用部分規約案の説明の定義・要件・効果を条文・規約根拠と対応づける;宅地建物取引業法の根拠を明示できる;関連語（宅地建物取引業、重要事項説明、35条書面）との違いを説明できる,共用部分規約案の説明を類似語と同一視する;要件の一部だけ暗記して判断する;最新の改正・規約改定を見落とす。,共用部分規約案の説明＝宅地建物取引業法。宅地建物取引業と表で対比。,共用部分規約案の説明に関する記述として最も不適切なものを選べ。,宅建業法の原則に照らし、主体・時期・要件のいずれかを欠く選択肢を誤りとして判定する。,共用部分規約案の説明の定義を試験用に一言で言うと？,「共用部分規約案の説明の定義を試験用に一言で言うと？」への答え：共用部分規約案の説明は宅建業法分野では宅地建物取引業法に関する重要概念です。根拠は宅地建物取引業法。条文番号と要件をメモに書き出して確認する。条文番号と要件をメモに書き出して確認する。公式テキスト該当章を開く。,共用部分規約案の説明と混同しやすい論点は？,試験の出方：宅地建物取引業法の根拠を明示できる。四択では条件の主語と効果を分離して読む。過去問で出題形式と正答率を週1回チェックする。過去問で出題形式と正答率を週1回チェックする。過去問で出題形式と正答率を週1回チェックする。過去問で出題形式と正答率を週1回チェックする。過去問1問で正答率を記録する。,誤答の典型：共用部分規約案の説明を類似語と同一視する;要件の一部だけ暗記して判断する;最新の改正・規約改定を見落とす。一語差の選択肢に注意。誤答肢のパターンを比較表に整理して復習する。誤答肢のパターンを比較表に整理して復習する。誤答肢のパターンを比較表に整理して復習する。誤答肢を比較表に書き出す。,共用部分規約案の説明とは何ですか？,学習の次段：「宅地建物取引業」と比較表で整理し、numbers / compare から過去問へ。関連用語ハブと比較ページへ進んで定着を確認する。関連用語ハブと比較ページへ進んで定着を確認する。関連用語ハブと比較ページへ進んで定着を確認する。用語ハブ compare へ進む。,共用部分規約案の説明とは何ですか？
再委託の制限,標準管理委託契約書・指針,標準管理委託契約書・指針;頻出;再委託,管理業務の再委託は原則禁止・例外限定（管理適正化法・委託契約書）。,再委託の制限は、管理業務の再委託は原則禁止・例外限定（管理適正化法・委託契約書）。管理委託契約の標準条項。委託費・業務範囲・再委託。,マンション標準管理委託契約書;定額委託業務費;臨時委託業務,標準管理委託契約書,A,過去問では再委託の制限の定義・要件・効果を条文・規約根拠と対応づけるが問われます。再委託の制限を類似語と同一視する選択肢に注意してください。管理業務の再委託は原則禁止・例外限定（管理適正化法・委託契約書）。管理業務主任。,再委託の制限とは？管理業務主任者試験で押さえる意味と試験ポイント,再委託の制限の意味と管理業務主任者試験での判定ポイントを、標準管理委託契約書の文脈で整理します。再委託の制限は、管理業務の再委託は原則禁止・例外限定（管理適正化法・委託契約書）。管理委託契約の標準条項。委託費・業務範囲・再委託。,"管理業務の再委託は原則禁止・例外限定（管理適正化法・委託契約書）。管理業務主任者試験では、標準管理委託契約書を根拠に定義・要件・効果を問う問題が出ます。

実務・試験ともに「再委託の制限の定義・要件・効果を条文・規約根拠と対応づける」が判断の軸になります。選択肢では再委託の制限を類似語と同一視する肢が多いため、要件の欠けた肢を消去する思考が有効です。

再委託の制限はマンション標準管理委託契約書、定額委託業務費、臨時委託業務とセットで整理すると理解が定着します。管業マスターの過去問・実践演習で標準管理委託契約書・指針フィルタを使い、関連問題を解き直してください。","<table class=""seo-info-table""><thead><tr><th>比較</th><th>再委託の制限</th><th>マンション標準管理委託契約書</th></tr></thead><tbody><tr><th>覚え方</th><td>再委託の制限の定義・要件・効果を条文・規約根拠と対応づける</td><td>関連ページで対比</td></tr></tbody></table>",再委託の制限の定義・要件・効果を条文・規約根拠と対応づける;標準管理委託契約書の根拠を明示できる;関連語（マンション標準管理委託契約書、定額委託業務費、臨時委託業務）との違いを説明できる,再委託の制限を類似語と同一視する;要件の一部だけ暗記して判断する;最新の改正・規約改定を見落とす。,再委託の制限＝標準管理委託契約書。マンション標準管理委託契約書と表で対比。,再委託の制限に関する次の記述のうち、最も適切でないものはどれか。,再委託の制限の定義・要件・効果を条文・規約根拠と対応づける。再委託の制限を類似語と同一視するとする記述が誤りになりやすい。,再委託の制限の定義を試験用に一言で言うと？,「再委託の制限の定義を試験用に一言で言うと？」への答え：管理業務の再委託は原則禁止・例外限定（管理適正化法・委託契約書）。根拠は標準管理委託契約書。条文番号と要件をメモに書き出して確認する。条文番号と要件をメモに書き出して確認する。条文番号と要件をメモに書き出して確認する。公式テキスト該当章を開く。,再委託の制限と混同しやすい論点は？,試験の出方：標準管理委託契約書の根拠を明示できる。四択では条件の主語と効果を分離して読む。過去問で出題形式と正答率を週1回チェックする。過去問で出題形式と正答率を週1回チェックする。過去問で出題形式と正答率を週1回チェックする。過去問で出題形式と正答率を週1回チェックする。過去問1問で正答率を記録する。,誤答の典型：再委託の制限を類似語と同一視する;要件の一部だけ暗記して判断する;最新の改正・規約改定を見落とす。一語差の選択肢に注意。誤答肢のパターンを比較表に整理して復習する。誤答肢のパターンを比較表に整理して復習する。誤答肢のパターンを比較表に整理して復習する。誤答肢を比較表に書き出す。,再委託の制限とは何ですか？,学習の次段：「マンション標準管理委託契約書」と比較表で整理し、numbers / compare から過去問へ。関連用語ハブと比較ページへ進んで定着を確認する。関連用語ハブと比較ページへ進んで定着を確認する。関連用語ハブと比較ページへ進んで定着を確認する。用語ハブ compare へ進む。,再委託の制限とは何ですか？
分別管理,区分所有法,区分所有法;管理,分別管理は区分所有法分野では区分所有法第48条に関する重要概念です。,分別管理は、分別管理は区分所有法分野では区分所有法第48条に関する重要概念です。マンション等の区分所有関係を定める基本法。専用部分・共用部分・管理組合が柱。,専有部分;共用部分;管理組合,区分所有法第48条,B,過去問では分別管理の定義・要件・効果を条文・規約根拠と対応づけるが問われます。分別管理を類似語と同一視する選択肢に注意してください。分別管理は区分所有法分野では区分所有法第48条に関する重要概念です。管理業。,分別管理とは？管理業務主任者試験で押さえる意味と試験ポイント,分別管理の意味と管理業務主任者試験での判定ポイントを、区分所有法第48条の文脈で整理します。分別管理は、分別管理は区分所有法分野では区分所有法第48条に関する重要概念です。マンション等の区分所有関係を定める基本法。専用部分・共用部分・管理組合が柱。,"分別管理は区分所有法分野では区分所有法第48条に関する重要概念です。管理業務主任者試験では、区分所有法第48条を根拠に定義・要件・効果を問う問題が出ます。

実務・試験ともに「分別管理の定義・要件・効果を条文・規約根拠と対応づける」が判断の軸になります。選択肢では分別管理を類似語と同一視する肢が多いため、要件の欠けた肢を消去する思考が有効です。

分別管理は専有部分、共用部分、管理組合とセットで整理すると理解が定着します。管業マスターの過去問・実践演習で区分所有法フィルタを使い、関連問題を解き直してください。","<table class=""seo-info-table""><thead><tr><th>比較</th><th>分別管理</th><th>専有部分</th></tr></thead><tbody><tr><th>覚え方</th><td>分別管理の定義・要件・効果を条文・規約根拠と対応づける</td><td>関連ページで対比</td></tr></tbody></table>",分別管理の定義・要件・効果を条文・規約根拠と対応づける;区分所有法第48条の根拠を明示できる;関連語（専有部分、共用部分、管理組合）との違いを説明できる,分別管理を類似語と同一視する;要件の一部だけ暗記して判断する;最新の改正・規約改定を見落とす。,分別管理＝区分所有法第48条。専有部分と表で対比。,分別管理に関する次の記述のうち、最も適切でないものはどれか。,分別管理の定義・要件と照らし、条件を満たさない選択肢を選ぶ。,分別管理の定義を試験用に一言で言うと？,「分別管理の定義を試験用に一言で言うと？」への答え：分別管理は区分所有法分野では区分所有法第48条に関する重要概念です。根拠は区分所有法第48条。条文番号と要件をメモに書き出して確認する。条文番号と要件をメモに書き出して確認する。条文番号と要件をメモに書き出して確認する。公式テキスト該当章を開く。,分別管理と混同しやすい論点は？,試験の出方：区分所有法第48条の根拠を明示できる。四択では条件の主語と効果を分離して読む。過去問で出題形式と正答率を週1回チェックする。過去問で出題形式と正答率を週1回チェックする。過去問で出題形式と正答率を週1回チェックする。過去問で出題形式と正答率を週1回チェックする。過去問1問で正答率を記録する。,誤答の典型：分別管理を類似語と同一視する;要件の一部だけ暗記して判断する;最新の改正・規約改定を見落とす。一語差の選択肢に注意。誤答肢のパターンを比較表に整理して復習する。誤答肢のパターンを比較表に整理して復習する。誤答肢のパターンを比較表に整理して復習する。誤答肢を比較表に書き出す。,分別管理とは何ですか？,学習の次段：「専有部分」と比較表で整理し、numbers / compare から過去問へ。関連用語ハブと比較ページへ進んで定着を確認する。関連用語ハブと比較ページへ進んで定着を確認する。関連用語ハブと比較ページへ進んで定着を確認する。関連用語ハブと比較ページへ進んで定着を確認する。用語ハブ compare へ進む。,分別管理とは何ですか？
分離処分,区分所有法,区分所有法;敷地利用権,分離処分は区分所有法分野では区分所有法に関する重要概念です。,分離処分は、分離処分は区分所有法分野では区分所有法に関する重要概念です。マンション等の区分所有関係を定める基本法。専用部分・共用部分・管理組合が柱。,専有部分;共用部分;管理組合,区分所有法,B,過去問では分離処分の定義・要件・効果を条文・規約根拠と対応づけるが問われます。分離処分を類似語と同一視する選択肢に注意してください。分離処分は区分所有法分野では区分所有法に関する重要概念です。管理業務主任者。,分離処分とは？管理業務主任者試験で押さえる意味と試験ポイント,分離処分の意味と管理業務主任者試験での判定ポイントを、区分所有法の文脈で整理します。分離処分は、分離処分は区分所有法分野では区分所有法に関する重要概念です。マンション等の区分所有関係を定める基本法。専用部分・共用部分・管理組合が柱。,"分離処分は区分所有法分野では区分所有法に関する重要概念です。管理業務主任者試験では、区分所有法を根拠に定義・要件・効果を問う問題が出ます。

実務・試験ともに「分離処分の定義・要件・効果を条文・規約根拠と対応づける」が判断の軸になります。選択肢では分離処分を類似語と同一視する肢が多いため、要件の欠けた肢を消去する思考が有効です。

分離処分は専有部分、共用部分、管理組合とセットで整理すると理解が定着します。管業マスターの過去問・実践演習で区分所有法フィルタを使い、関連問題を解き直してください。","<table class=""seo-info-table""><thead><tr><th>比較</th><th>分離処分</th><th>専有部分</th></tr></thead><tbody><tr><th>覚え方</th><td>分離処分の定義・要件・効果を条文・規約根拠と対応づける</td><td>関連ページで対比</td></tr></tbody></table>",分離処分の定義・要件・効果を条文・規約根拠と対応づける;区分所有法の根拠を明示できる;関連語（専有部分、共用部分、管理組合）との違いを説明できる,分離処分を類似語と同一視する;要件の一部だけ暗記して判断する;最新の改正・規約改定を見落とす。,分離処分＝区分所有法。専有部分と表で対比。（関連用語とセットで暗記）。,分離処分に関する次の記述のうち、最も適切でないものはどれか。,分離処分の定義・要件と照らし、条件を満たさない選択肢を選ぶ。,分離処分の定義を試験用に一言で言うと？,「分離処分の定義を試験用に一言で言うと？」への答え：分離処分は区分所有法分野では区分所有法に関する重要概念です。根拠は区分所有法。条文番号と要件をメモに書き出して確認する。条文番号と要件をメモに書き出して確認する。条文番号と要件をメモに書き出して確認する。公式テキスト該当章を開く。,分離処分と混同しやすい論点は？,試験の出方：区分所有法の根拠を明示できる。四択では条件の主語と効果を分離して読む。過去問で出題形式と正答率を週1回チェックする。過去問で出題形式と正答率を週1回チェックする。過去問で出題形式と正答率を週1回チェックする。過去問で出題形式と正答率を週1回チェックする。過去問1問で正答率を記録する。,誤答の典型：分離処分を類似語と同一視する;要件の一部だけ暗記して判断する;最新の改正・規約改定を見落とす。一語差の選択肢に注意。誤答肢のパターンを比較表に整理して復習する。誤答肢のパターンを比較表に整理して復習する。誤答肢のパターンを比較表に整理して復習する。誤答肢を比較表に書き出す。,分離処分とは何ですか？,学習の次段：「専有部分」と比較表で整理し、numbers / compare から過去問へ。関連用語ハブと比較ページへ進んで定着を確認する。関連用語ハブと比較ページへ進んで定着を確認する。関連用語ハブと比較ページへ進んで定着を確認する。関連用語ハブと比較ページへ進んで定着を確認する。用語ハブ compare へ進む。,分離処分とは何ですか？
利益相反,判例・横断総合,判例・横断総合;実務,利益相反は複数分野にまたがる論点で、比較表で整理すると得点しやすくなります。,利益相反は、利益相反は複数分野にまたがる論点で、比較表で整理すると得点しやすくなります。判例・複数分野を横断する論点。比較整理が得点の鍵。,主徴費;管理不全;組合の法人格,区分所有法,B,過去問では利益相反の定義・要件・効果を条文・規約根拠と対応づけるが問われます。利益相反を類似語と同一視する選択肢に注意してください。利益相反は複数分野にまたがる論点で、比較表で整理すると得点しやすくなります。管。,利益相反とは？管理業務主任者試験で押さえる意味と試験ポイント,利益相反の意味と管理業務主任者試験での判定ポイントを、区分所有法の文脈で整理します。利益相反は、利益相反は複数分野にまたがる論点で、比較表で整理すると得点しやすくなります。判例・複数分野を横断する論点。比較整理が得点の鍵。,"利益相反は複数分野にまたがる論点で、比較表で整理すると得点しやすくなります。管理業務主任者試験では、区分所有法を根拠に定義・要件・効果を問う問題が出ます。

実務・試験ともに「利益相反の定義・要件・効果を条文・規約根拠と対応づける」が判断の軸になります。選択肢では利益相反を類似語と同一視する肢が多いため、要件の欠けた肢を消去する思考が有効です。

利益相反は主徴費、管理不全、組合の法人格とセットで整理すると理解が定着します。管業マスターの過去問・実践演習で判例・横断総合フィルタを使い、関連問題を解き直してください。","<table class=""seo-info-table""><thead><tr><th>比較</th><th>利益相反</th><th>主徴費</th></tr></thead><tbody><tr><th>覚え方</th><td>利益相反の定義・要件・効果を条文・規約根拠と対応づける</td><td>関連ページで対比</td></tr></tbody></table>",利益相反の定義・要件・効果を条文・規約根拠と対応づける;区分所有法の根拠を明示できる;関連語（主徴費、管理不全、組合の法人格）との違いを説明できる,利益相反を類似語と同一視する;要件の一部だけ暗記して判断する;最新の改正・規約改定を見落とす。,利益相反＝区分所有法。主徴費と表で対比。（関連用語とセットで暗記）。,利益相反に関する次の記述のうち、最も適切でないものはどれか。,利益相反の定義・要件と照らし、条件を満たさない選択肢を選ぶ。,利益相反の定義を試験用に一言で言うと？,「利益相反の定義を試験用に一言で言うと？」への答え：利益相反は複数分野にまたがる論点で、比較表で整理すると得点しやすくなります。根拠は区分所有法。条文番号と要件をメモに書き出して確認する。条文番号と要件をメモに書き出して確認する。条文番号と要件をメモに書き出して確認する。公式テキスト該当章を開く。,利益相反と混同しやすい論点は？,試験の出方：区分所有法の根拠を明示できる。四択では条件の主語と効果を分離して読む。過去問で出題形式と正答率を週1回チェックする。過去問で出題形式と正答率を週1回チェックする。過去問で出題形式と正答率を週1回チェックする。過去問で出題形式と正答率を週1回チェックする。過去問1問で正答率を記録する。,誤答の典型：利益相反を類似語と同一視する;要件の一部だけ暗記して判断する;最新の改正・規約改定を見落とす。一語差の選択肢に注意。誤答肢のパターンを比較表に整理して復習する。誤答肢のパターンを比較表に整理して復習する。誤答肢のパターンを比較表に整理して復習する。誤答肢を比較表に書き出す。,利益相反とは何ですか？,学習の次段：「主徴費」と比較表で整理し、numbers / compare から過去問へ。関連用語ハブと比較ページへ進んで定着を確認する。関連用語ハブと比較ページへ進んで定着を確認する。関連用語ハブと比較ページへ進んで定着を確認する。関連用語ハブと比較ページへ進んで定着を確認する。用語ハブ compare へ進む。,利益相反とは何ですか？
前受金,会計・税務,会計・税務;頻出;会計,将来の費用に充てるため前もって受け取る金銭（委託契約書）。,前受金は、将来の費用に充てるため前もって受け取る金銭（委託契約書）。管理組合の会計処理・財務報告・税務上の取扱い。,管理費等;預り金;決算,標準管理委託契約書,A,過去問では預り金・管理費との会計区分が問われます。前受金を類似語と同一視する選択肢に注意してください。将来の費用に充てるため前もって受け取る金銭（委託契約書）。管理業務主任者試験で。試験では前受金について条文・数値・条件の読み取りが問われます。,前受金とは？管理業務主任者で押さえる意味と試験ポイント,前受金の意味と管理業務主任者試験での判定ポイントを、標準管理委託契約書の文脈で整理します。前受金は、将来の費用に充てるため前もって受け取る金銭（委託契約書）。管理組合の会計処理・財務報告・税務上の取扱い。,"将来の費用に充てるため前もって受け取る金銭（委託契約書）。管理業務主任者試験では、標準管理委託契約書を根拠に定義・要件・効果を問う問題が出ます。

実務・試験ともに「預り金・管理費との会計区分」が判断の軸になります。選択肢では前受金を類似語と同一視する肢が多いため、要件の欠けた肢を消去する思考が有効です。

前受金は管理費等、預り金、決算とセットで整理すると理解が定着します。管業マスターの過去問・実践演習で会計・税務フィルタを使い、関連問題を解き直してください。試験では前受金について条文・数値・条件の読み取りが問われます。","<table class=""seo-info-table""><thead><tr><th>比較</th><th>前受金</th><th>預り金</th></tr></thead><tbody><tr><th>覚え方</th><td>預り金・管理費との会計区分</td><td>関連ページで対比</td></tr></tbody></table>",預り金・管理費との会計区分;標準管理委託契約書の根拠を明示できる;関連語（管理費等、預り金、決算）との違いを説明できる,前受金を類似語と同一視する;要件の一部だけ暗記して判断する;最新の改正・規約改定を見落とす。,前受金＝標準管理委託契約書。預り金と表で対比。（関連用語とセットで暗記）。,前受金に関する次の記述のうち、最も適切でないものはどれか。,預り金・管理費との会計区分。前受金を類似語と同一視するとする記述が誤りになりやすい。,前受金の定義を試験用に一言で言うと？,「前受金の定義を試験用に一言で言うと？」への答え：将来の費用に充てるため前もって受け取る金銭（委託契約書）。根拠は標準管理委託契約書。条文番号と要件をメモに書き出して確認する。条文番号と要件をメモに書き出して確認する。条文番号と要件をメモに書き出して確認する。公式テキスト該当章を開く。,前受金と混同しやすい論点は？,試験の出方：標準管理委託契約書の根拠を明示できる。四択では条件の主語と効果を分離して読む。過去問で出題形式と正答率を週1回チェックする。過去問で出題形式と正答率を週1回チェックする。過去問で出題形式と正答率を週1回チェックする。過去問で出題形式と正答率を週1回チェックする。過去問1問で正答率を記録する。,誤答の典型：前受金を類似語と同一視する;要件の一部だけ暗記して判断する;最新の改正・規約改定を見落とす。一語差の選択肢に注意。誤答肢のパターンを比較表に整理して復習する。誤答肢のパターンを比較表に整理して復習する。誤答肢のパターンを比較表に整理して復習する。誤答肢を比較表に書き出す。,前受金とは何ですか？,学習の次段：「管理費等」と比較表で整理し、numbers / compare から過去問へ。関連用語ハブと比較ページへ進んで定着を確認する。関連用語ハブと比較ページへ進んで定着を確認する。関連用語ハブと比較ページへ進んで定着を確認する。関連用語ハブと比較ページへ進んで定着を確認する。用語ハブ compare へ進む。,前受金とは何ですか？
前受金と預り金,判例・横断総合,判例・横断総合;頻出;会計,会計上・契約上の区分。（用語）。,"前受金と預り金は、会計上・契約上の区分。判例・複数分野を横断する論点。比較整理が得点の鍵。会計上・契約上の区分。管理業務主任者試験では、標準管理委託契約書を根拠に定義・要件・効果を問う問題が出ます。

実務・試験ともに「前受金と預り金の定義・要件・効果を条文・規約根拠と対応づける」が判断の軸になります。選択肢では前受金と預り金。",主徴費;管理不全;組合の法人格,標準管理委託契約書,A,過去問では前受金と預り金の定義・要件・効果を条文・規約根拠と対応づけるが問われます。前受金と預り金を類似語と同一視する選択肢に注意してください。会計上・契約上の区分。管理業務主任者試験では、標準管理委託契約書を根拠に定義・。,前受金と預り金とは？管理業務主任者試験で押さえる意味と試験ポイント,"前受金と預り金の意味と管理業務主任者試験での判定ポイントを、標準管理委託契約書の文脈で整理します。前受金と預り金は、会計上・契約上の区分。判例・複数分野を横断する論点。比較整理が得点の鍵。会計上・契約上の区分。管理業務主任者試験では、標準管理委託契約書を根拠に定義・要件・効果を問う問題が出ます。

実務・試験ともに「前受金と預り金の定義・要件・効果を条文・規約根拠と対応づける」が判断の軸になります。選択肢では前受金と預り金。","会計上・契約上の区分。管理業務主任者試験では、標準管理委託契約書を根拠に定義・要件・効果を問う問題が出ます。

実務・試験ともに「前受金と預り金の定義・要件・効果を条文・規約根拠と対応づける」が判断の軸になります。選択肢では前受金と預り金を類似語と同一視する肢が多いため、要件の欠けた肢を消去する思考が有効です。

前受金と預り金は主徴費、管理不全、組合の法人格とセットで整理すると理解が定着します。管業マスターの過去問・実践演習で判例・横断総合フィルタを使い、関連問題を解き直してください。","<table class=""seo-info-table""><thead><tr><th>比較</th><th>前受金と預り金</th><th>主徴費</th></tr></thead><tbody><tr><th>覚え方</th><td>前受金と預り金の定義・要件・効果を条文・規約根拠と対応づける</td><td>関連ページで対比</td></tr></tbody></table>",前受金と預り金の定義・要件・効果を条文・規約根拠と対応づける;標準管理委託契約書の根拠を明示できる;関連語（主徴費、管理不全、組合の法人格）との違いを説明できる,前受金と預り金を類似語と同一視する;要件の一部だけ暗記して判断する;最新の改正・規約改定を見落とす。,前受金と預り金＝標準管理委託契約書。主徴費と表で対比。,前受金と預り金に関する次の記述のうち、最も適切でないものはどれか。,前受金と預り金の定義・要件・効果を条文・規約根拠と対応づける。前受金と預り金を類似語と同一視するとする記述が誤りになりやすい。,前受金と預り金の定義を試験用に一言で言うと？,「前受金と預り金の定義を試験用に一言で言うと？」への答え：会計上・契約上の区分。（用語）。根拠は標準管理委託契約書。条文番号と要件をメモに書き出して確認する。条文番号と要件をメモに書き出して確認する。条文番号と要件をメモに書き出して確認する。公式テキスト該当章を開く。,前受金と預り金と混同しやすい論点は？,試験の出方：標準管理委託契約書の根拠を明示できる。四択では条件の主語と効果を分離して読む。過去問で出題形式と正答率を週1回チェックする。過去問で出題形式と正答率を週1回チェックする。過去問で出題形式と正答率を週1回チェックする。過去問で出題形式と正答率を週1回チェックする。過去問1問で正答率を記録する。,誤答の典型：前受金と預り金を類似語と同一視する;要件の一部だけ暗記して判断する;最新の改正・規約改定を見落とす。一語差の選択肢に注意。誤答肢のパターンを比較表に整理して復習する。誤答肢のパターンを比較表に整理して復習する。誤答肢のパターンを比較表に整理して復習する。誤答肢を比較表に書き出す。,前受金と預り金とは何ですか？,学習の次段：「主徴費」と比較表で整理し、numbers / compare から過去問へ。関連用語ハブと比較ページへ進んで定着を確認する。関連用語ハブと比較ページへ進んで定着を確認する。関連用語ハブと比較ページへ進んで定着を確認する。関連用語ハブと比較ページへ進んで定着を確認する。用語ハブ compare へ進む。,前受金と預り金とは何ですか？
前払費用,会計・税務,会計・税務;頻出;会計,前もって支払った費用。期間帰属で按分。,"前払費用は、前もって支払った費用。期間帰属で按分。管理組合の会計処理・財務報告・税務上の取扱い。前もって支払った費用。期間帰属で按分。管理業務主任者試験では、標準管理委託契約書を根拠に定義・要件・効果を問う問題が出ます。

実務・試験ともに「前払費用の定義・要件・効果を条文・規約根拠と対応づける」が判断の軸になります。選択肢では前払。",管理費等;前受金;預り金,標準管理委託契約書,A,過去問では前払費用の定義・要件・効果を条文・規約根拠と対応づけるが問われます。前払費用を類似語と同一視する選択肢に注意してください。前もって支払った費用。期間帰属で按分。管理業務主任者試験では、標準管理委託契約。,前払費用とは？管理業務主任者で押さえる意味と試験ポイント,"前払費用の意味と管理業務主任者試験での判定ポイントを、標準管理委託契約書の文脈で整理します。前払費用は、前もって支払った費用。期間帰属で按分。管理組合の会計処理・財務報告・税務上の取扱い。前もって支払った費用。期間帰属で按分。管理業務主任者試験では、標準管理委託契約書を根拠に定義・要件・効果を問う問題が出ます。

実務・試験ともに「前払費用の定義・要件・効果を条文・規約根拠と対応づける」が判断の軸になります。選択肢では前払。","前もって支払った費用。期間帰属で按分。管理業務主任者試験では、標準管理委託契約書を根拠に定義・要件・効果を問う問題が出ます。

実務・試験ともに「前払費用の定義・要件・効果を条文・規約根拠と対応づける」が判断の軸になります。選択肢では前払費用を類似語と同一視する肢が多いため、要件の欠けた肢を消去する思考が有効です。

前払費用は管理費等、前受金、預り金とセットで整理すると理解が定着します。管業マスターの過去問・実践演習で会計・税務フィルタを使い、関連問題を解き直してください。","<table class=""seo-info-table""><thead><tr><th>比較</th><th>前払費用</th><th>管理費等</th></tr></thead><tbody><tr><th>覚え方</th><td>前払費用の定義・要件・効果を条文・規約根拠と対応づける</td><td>関連ページで対比</td></tr></tbody></table>",前払費用の定義・要件・効果を条文・規約根拠と対応づける;標準管理委託契約書の根拠を明示できる;関連語（管理費等、前受金、預り金）との違いを説明できる,前払費用を類似語と同一視する;要件の一部だけ暗記して判断する;最新の改正・規約改定を見落とす。,前払費用＝標準管理委託契約書。管理費等と表で対比。,前払費用に関する次の記述のうち、最も適切でないものはどれか。,前払費用の定義・要件・効果を条文・規約根拠と対応づける。前払費用を類似語と同一視するとする記述が誤りになりやすい。,前払費用の定義を試験用に一言で言うと？,「前払費用の定義を試験用に一言で言うと？」への答え：前もって支払った費用。期間帰属で按分。根拠は標準管理委託契約書。条文番号と要件をメモに書き出して確認する。条文番号と要件をメモに書き出して確認する。条文番号と要件をメモに書き出して確認する。公式テキスト該当章を開く。,前払費用と混同しやすい論点は？,試験の出方：標準管理委託契約書の根拠を明示できる。四択では条件の主語と効果を分離して読む。過去問で出題形式と正答率を週1回チェックする。過去問で出題形式と正答率を週1回チェックする。過去問で出題形式と正答率を週1回チェックする。過去問で出題形式と正答率を週1回チェックする。過去問1問で正答率を記録する。,誤答の典型：前払費用を類似語と同一視する;要件の一部だけ暗記して判断する;最新の改正・規約改定を見落とす。一語差の選択肢に注意。誤答肢のパターンを比較表に整理して復習する。誤答肢のパターンを比較表に整理して復習する。誤答肢のパターンを比較表に整理して復習する。誤答肢を比較表に書き出す。,前払費用とは何ですか？,学習の次段：「管理費等」と比較表で整理し、numbers / compare から過去問へ。関連用語ハブと比較ページへ進んで定着を確認する。関連用語ハブと比較ページへ進んで定着を確認する。関連用語ハブと比較ページへ進んで定着を確認する。関連用語ハブと比較ページへ進んで定着を確認する。用語ハブ compare へ進む。,前払費用とは何ですか？
勘定科目,会計・税務,会計・税務;頻出;会計,会計処理の分類。管理費収入・修繕費等。,"勘定科目は、会計処理の分類。管理費収入・修繕費等。管理組合の会計処理・財務報告・税務上の取扱い。会計処理の分類。管理費収入・修繕費等。管理業務主任者試験では、標準管理規約を根拠に定義・要件・効果を問う問題が出ます。

実務・試験ともに「勘定科目の定義・要件・効果を条文・規約根拠と対応づける」が判断の軸になります。選択肢では勘定科目を。",管理費等;前受金;預り金,標準管理規約,A,過去問では勘定科目の定義・要件・効果を条文・規約根拠と対応づけるが問われます。勘定科目を類似語と同一視する選択肢に注意してください。会計処理の分類。管理費収入・修繕費等。管理業務主任者試験では、標準管理規約を根。,勘定科目とは？管理業務主任者で押さえる意味と試験ポイント,"勘定科目の意味と管理業務主任者試験での判定ポイントを、標準管理規約の文脈で整理します。勘定科目は、会計処理の分類。管理費収入・修繕費等。管理組合の会計処理・財務報告・税務上の取扱い。会計処理の分類。管理費収入・修繕費等。管理業務主任者試験では、標準管理規約を根拠に定義・要件・効果を問う問題が出ます。

実務・試験ともに「勘定科目の定義・要件・効果を条文・規約根拠と対応づける」が判断の軸になります。選択肢では勘定科目を。","会計処理の分類。管理費収入・修繕費等。管理業務主任者試験では、標準管理規約を根拠に定義・要件・効果を問う問題が出ます。

実務・試験ともに「勘定科目の定義・要件・効果を条文・規約根拠と対応づける」が判断の軸になります。選択肢では勘定科目を類似語と同一視する肢が多いため、要件の欠けた肢を消去する思考が有効です。

勘定科目は管理費等、前受金、預り金とセットで整理すると理解が定着します。管業マスターの過去問・実践演習で会計・税務フィルタを使い、関連問題を解き直してください。","<table class=""seo-info-table""><thead><tr><th>比較</th><th>勘定科目</th><th>管理費等</th></tr></thead><tbody><tr><th>覚え方</th><td>勘定科目の定義・要件・効果を条文・規約根拠と対応づける</td><td>関連ページで対比</td></tr></tbody></table>",勘定科目の定義・要件・効果を条文・規約根拠と対応づける;標準管理規約の根拠を明示できる;関連語（管理費等、前受金、預り金）との違いを説明できる,勘定科目を類似語と同一視する;要件の一部だけ暗記して判断する;最新の改正・規約改定を見落とす。,勘定科目＝標準管理規約。管理費等と表で対比。（関連用語とセットで暗記）。,勘定科目に関する次の記述のうち、最も適切でないものはどれか。,勘定科目の定義・要件・効果を条文・規約根拠と対応づける。勘定科目を類似語と同一視するとする記述が誤りになりやすい。,勘定科目の定義を試験用に一言で言うと？,「勘定科目の定義を試験用に一言で言うと？」への答え：会計処理の分類。管理費収入・修繕費等。根拠は標準管理規約。条文番号と要件をメモに書き出して確認する。条文番号と要件をメモに書き出して確認する。条文番号と要件をメモに書き出して確認する。条文番号と要件をメモに書き出して確認する。公式テキスト該当章を開く。,勘定科目と混同しやすい論点は？,試験の出方：標準管理規約の根拠を明示できる。四択では条件の主語と効果を分離して読む。過去問で出題形式と正答率を週1回チェックする。過去問で出題形式と正答率を週1回チェックする。過去問で出題形式と正答率を週1回チェックする。過去問で出題形式と正答率を週1回チェックする。過去問1問で正答率を記録する。,誤答の典型：勘定科目を類似語と同一視する;要件の一部だけ暗記して判断する;最新の改正・規約改定を見落とす。一語差の選択肢に注意。誤答肢のパターンを比較表に整理して復習する。誤答肢のパターンを比較表に整理して復習する。誤答肢のパターンを比較表に整理して復習する。誤答肢を比較表に書き出す。,勘定科目とは何ですか？,学習の次段：「管理費等」と比較表で整理し、numbers / compare から過去問へ。関連用語ハブと比較ページへ進んで定着を確認する。関連用語ハブと比較ページへ進んで定着を確認する。関連用語ハブと比較ページへ進んで定着を確認する。関連用語ハブと比較ページへ進んで定着を確認する。用語ハブ compare へ進む。,勘定科目とは何ですか？
区分所有者,区分所有法,区分所有法;基本,区分所有建物の専有部分の所有者（区法2条1項4号）。,区分所有者は、区分所有建物の専有部分の所有者（区法2条1項4号）。マンション等の区分所有関係を定める基本法。専用部分・共用部分・管理組合が柱。,専有部分;共用部分;管理組合,区分所有法第2条,A,過去問では区分所有者の定義・要件・効果を条文・規約根拠と対応づけるが問われます。区分所有者を類似語と同一視する選択肢に注意してください。区分所有建物の専有部分の所有者（区法2条1項4号）。管理業務主任者試験では、区。,区分所有者とは？管理業務主任者試験で押さえる意味と試験ポイント,区分所有者の意味と管理業務主任者試験での判定ポイントを、区分所有法第2条の文脈で整理します。区分所有者は、区分所有建物の専有部分の所有者（区法2条1項4号）。マンション等の区分所有関係を定める基本法。専用部分・共用部分・管理組合が柱。,"区分所有建物の専有部分の所有者（区法2条1項4号）。管理業務主任者試験では、区分所有法第2条を根拠に定義・要件・効果を問う問題が出ます。

実務・試験ともに「区分所有者の定義・要件・効果を条文・規約根拠と対応づける」が判断の軸になります。選択肢では区分所有者を類似語と同一視する肢が多いため、要件の欠けた肢を消去する思考が有効です。

区分所有者は専有部分、共用部分、管理組合とセットで整理すると理解が定着します。管業マスターの過去問・実践演習で区分所有法フィルタを使い、関連問題を解き直してください。","<table class=""seo-info-table""><thead><tr><th>比較</th><th>区分所有者</th><th>専有部分</th></tr></thead><tbody><tr><th>覚え方</th><td>区分所有者の定義・要件・効果を条文・規約根拠と対応づける</td><td>関連ページで対比</td></tr></tbody></table>",区分所有者の定義・要件・効果を条文・規約根拠と対応づける;区分所有法第2条の根拠を明示できる;関連語（専有部分、共用部分、管理組合）との違いを説明できる,区分所有者を類似語と同一視する;要件の一部だけ暗記して判断する;最新の改正・規約改定を見落とす。,区分所有者＝区分所有法第2条。専有部分と表で対比。,区分所有者に関する次の記述のうち、最も適切でないものはどれか。,区分所有者の定義・要件・効果を条文・規約根拠と対応づける。区分所有者を類似語と同一視するとする記述が誤りになりやすい。,区分所有者の定義を試験用に一言で言うと？,「区分所有者の定義を試験用に一言で言うと？」への答え：区分所有建物の専有部分の所有者（区法2条1項4号）。根拠は区分所有法第2条。条文番号と要件をメモに書き出して確認する。条文番号と要件をメモに書き出して確認する。条文番号と要件をメモに書き出して確認する。公式テキスト該当章を開く。,区分所有者と混同しやすい論点は？,試験の出方：区分所有法第2条の根拠を明示できる。四択では条件の主語と効果を分離して読む。過去問で出題形式と正答率を週1回チェックする。過去問で出題形式と正答率を週1回チェックする。過去問で出題形式と正答率を週1回チェックする。過去問で出題形式と正答率を週1回チェックする。過去問1問で正答率を記録する。,誤答の典型：区分所有者を類似語と同一視する;要件の一部だけ暗記して判断する;最新の改正・規約改定を見落とす。一語差の選択肢に注意。誤答肢のパターンを比較表に整理して復習する。誤答肢のパターンを比較表に整理して復習する。誤答肢のパターンを比較表に整理して復習する。誤答肢を比較表に書き出す。,区分所有者とは何ですか？,学習の次段：「専有部分」と比較表で整理し、numbers / compare から過去問へ。関連用語ハブと比較ページへ進んで定着を確認する。関連用語ハブと比較ページへ進んで定着を確認する。関連用語ハブと比較ページへ進んで定着を確認する。関連用語ハブと比較ページへ進んで定着を確認する。用語ハブ compare へ進む。,区分所有者とは何ですか？
単務契約,民法・借地借家法,民法・借地借家法;契約総論,一方のみが給付を負担する契約。,"単務契約は、一方のみが給付を負担する契約。民法・借地借家法の重要論点。一方のみが給付を負担する契約。管理業務主任者試験では、民法を根拠に定義・要件・効果を問う問題が出ます。

実務・試験ともに「双務との対比」が判断の軸になります。選択肢では双務契約と混同肢が多いため、要件の欠けた肢を消去する思考が有効です。",同時履行の抗弁;催告解除;無催告解除,民法,B,過去問では双務との対比が問われます。双務契約と混同選択肢に注意してください。一方のみが給付を負担する契約。管理業務主任者試験では、民法を根拠に定義・要件・ 学習時は一次情報と照合してください。試験では単務契約について条文・数値・条件の読み取りが問われます。,単務契約とは？管理業務主任者試験で押さえる意味と試験ポイント,"単務契約の意味と管理業務主任者試験での判定ポイントを、民法の文脈で整理します。単務契約は、一方のみが給付を負担する契約。民法・借地借家法の重要論点。一方のみが給付を負担する契約。管理業務主任者試験では、民法を根拠に定義・要件・効果を問う問題が出ます。

実務・試験ともに「双務との対比」が判断の軸になります。選択肢では双務契約と混同肢が多いため、要件の欠けた肢を消去する思考が有効です。","一方のみが給付を負担する契約。管理業務主任者試験では、民法を根拠に定義・要件・効果を問う問題が出ます。

実務・試験ともに「双務との対比」が判断の軸になります。選択肢では双務契約と混同肢が多いため、要件の欠けた肢を消去する思考が有効です。

単務契約は同時履行の抗弁、催告解除、無催告解除とセットで整理すると理解が定着します。管業マスターの過去問・実践演習で民法・借地借家法フィルタを使い、関連問題を解き直してください。試験では単務契約について条文・数値・条件の読み取りが問われます。",,双務との対比 （試験要点）;民法の根拠を明示できる;関連語（同時履行の抗弁、催告解除、無催告解除）との違いを説明できる,双務契約と混同;要件の一部だけ暗記して判断する;最新の改正・規約改定を見落とす （過去問で要注意）。,単務契約＝民法。双務契約と表で対比。（関連用語とセットで暗記）。,単務契約に関する次の記述のうち、最も適切でないものはどれか。,単務契約の定義・要件と照らし、条件を満たさない選択肢を選ぶ。,単務契約の定義を試験用に一言で言うと？,「単務契約の定義を試験用に一言で言うと？」への答え：一方のみが給付を負担する契約。根拠は民法。条文番号と要件をメモに書き出して確認する。条文番号と要件をメモに書き出して確認する。条文番号と要件をメモに書き出して確認する。条文番号と要件をメモに書き出して確認する。公式テキスト該当章を開く。,単務契約と混同しやすい論点は？,試験の出方：民法の根拠を明示できる。四択では条件の主語と効果を分離して読む。過去問で出題形式と正答率を週1回チェックする。過去問で出題形式と正答率を週1回チェックする。過去問で出題形式と正答率を週1回チェックする。過去問で出題形式と正答率を週1回チェックする。過去問1問で正答率を記録する。,誤答の典型：双務契約と混同;要件の一部だけ暗記して判断する;最新の改正・規約改定を見落とす （過去問で要注意）。一語差の選択肢に注意。誤答肢のパターンを比較表に整理して復習する。誤答肢のパターンを比較表に整理して復習する。誤答肢のパターンを比較表に整理して復習する。誤答肢を比較表に書き出す。,単務契約とは何ですか？,学習の次段：「同時履行の抗弁」と比較表で整理し、numbers / compare から過去問へ。関連用語ハブと比較ページへ進んで定着を確認する。関連用語ハブと比較ページへ進んで定着を確認する。関連用語ハブと比較ページへ進んで定着を確認する。用語ハブ compare へ進む。,単務契約とは何ですか？
占有,民法・借地借家法,民法・借地借家法;物権,物を実支配する事実（民法180条）。,"占有は、物を実支配する事実（民法180条）。民法・借地借家法の重要論点。物を実支配する事実（民法180条）。管理業務主任者試験では、民法第180条を根拠に定義・要件・効果を問う問題が出ます。

実務・試験ともに「占有と所有の区別」が判断の軸になります。選択肢では所有権と同一視肢が多いため、要件の欠けた肢を消去。",同時履行の抗弁;催告解除;無催告解除,民法第180条,B,過去問では占有と所有の区別が問われます。所有権と同一視選択肢に注意してください。物を実支配する事実（民法180条）。管理業務主任者試験では、民法第180条を根。,占有とは？管理業務主任者試験で押さえる意味と試験ポイント,"占有の意味と管理業務主任者試験での判定ポイントを、民法第180条の文脈で整理します。占有は、物を実支配する事実（民法180条）。民法・借地借家法の重要論点。物を実支配する事実（民法180条）。管理業務主任者試験では、民法第180条を根拠に定義・要件・効果を問う問題が出ます。

実務・試験ともに「占有と所有の区別」が判断の軸になります。選択肢では所有権と同一視肢が多いため、要件の欠けた肢を消去。","物を実支配する事実（民法180条）。管理業務主任者試験では、民法第180条を根拠に定義・要件・効果を問う問題が出ます。

実務・試験ともに「占有と所有の区別」が判断の軸になります。選択肢では所有権と同一視肢が多いため、要件の欠けた肢を消去する思考が有効です。

占有は同時履行の抗弁、催告解除、無催告解除とセットで整理すると理解が定着します。管業マスターの過去問・実践演習で民法・借地借家法フィルタを使い、関連問題を解き直してください。",,占有と所有の区別;民法第180条の根拠を明示できる;関連語（同時履行の抗弁、催告解除、無催告解除）との違いを説明できる,所有権と同一視;要件の一部だけ暗記して判断する;最新の改正・規約改定を見落とす （過去問で要注意）。,占有＝民法第180条。区分所有者と表で対比。（関連用語とセットで暗記）。,占有に関する次の記述のうち、最も適切でないものはどれか。,占有の定義・要件と照らし、条件を満たさない選択肢を選ぶ。,占有の定義を試験用に一言で言うと？,「占有の定義を試験用に一言で言うと？」への答え：物を実支配する事実（民法180条）。根拠は民法第180条。条文番号と要件をメモに書き出して確認する。条文番号と要件をメモに書き出して確認する。条文番号と要件をメモに書き出して確認する。条文番号と要件をメモに書き出して確認する。公式テキスト該当章を開く。,占有と混同しやすい論点は？,試験の出方：民法第180条の根拠を明示できる。四択では条件の主語と効果を分離して読む。過去問で出題形式と正答率を週1回チェックする。過去問で出題形式と正答率を週1回チェックする。過去問で出題形式と正答率を週1回チェックする。過去問で出題形式と正答率を週1回チェックする。過去問1問で正答率を記録する。,誤答の典型：所有権と同一視;要件の一部だけ暗記して判断する;最新の改正・規約改定を見落とす （過去問で要注意）。一語差の選択肢に注意。誤答肢のパターンを比較表に整理して復習する。誤答肢のパターンを比較表に整理して復習する。誤答肢のパターンを比較表に整理して復習する。誤答肢を比較表に書き出す。,占有とは何ですか？,学習の次段：「同時履行の抗弁」と比較表で整理し、numbers / compare から過去問へ。関連用語ハブと比較ページへ進んで定着を確認する。関連用語ハブと比較ページへ進んで定着を確認する。関連用語ハブと比較ページへ進んで定着を確認する。用語ハブ compare へ進む。,占有とは何ですか？
占有者,区分所有法,区分所有法;頻出;実務,占有者は区分所有法分野では区分所有法に関する重要概念です。,占有者は、占有者は区分所有法分野では区分所有法に関する重要概念です。マンション等の区分所有関係を定める基本法。専用部分・共用部分・管理組合が柱。,専有部分;共用部分;管理組合,区分所有法,A,過去問では占有者の定義・要件・効果を条文・規約根拠と対応づけるが問われます。占有者を類似語と同一視する選択肢に注意してください。占有者は区分所有法分野では区分所有法に関する重要概念です。管理業務主任者試。,占有者とは？管理業務主任者試験で押さえる意味と試験ポイント,占有者の意味と管理業務主任者試験での判定ポイントを、区分所有法の文脈で整理します。占有者は、占有者は区分所有法分野では区分所有法に関する重要概念です。マンション等の区分所有関係を定める基本法。専用部分・共用部分・管理組合が柱。,"占有者は区分所有法分野では区分所有法に関する重要概念です。管理業務主任者試験では、区分所有法を根拠に定義・要件・効果を問う問題が出ます。

実務・試験ともに「占有者の定義・要件・効果を条文・規約根拠と対応づける」が判断の軸になります。選択肢では占有者を類似語と同一視する肢が多いため、要件の欠けた肢を消去する思考が有効です。

占有者は専有部分、共用部分、管理組合とセットで整理すると理解が定着します。管業マスターの過去問・実践演習で区分所有法フィルタを使い、関連問題を解き直してください。","<table class=""seo-info-table""><thead><tr><th>比較</th><th>占有者</th><th>専有部分</th></tr></thead><tbody><tr><th>覚え方</th><td>占有者の定義・要件・効果を条文・規約根拠と対応づける</td><td>関連ページで対比</td></tr></tbody></table>",占有者の定義・要件・効果を条文・規約根拠と対応づける;区分所有法の根拠を明示できる;関連語（専有部分、共用部分、管理組合）との違いを説明できる,占有者を類似語と同一視する;要件の一部だけ暗記して判断する;最新の改正・規約改定を見落とす。,占有者＝区分所有法。専有部分と表で対比。（関連用語とセットで暗記）。,占有者に関する次の記述のうち、最も適切でないものはどれか。,占有者の定義・要件・効果を条文・規約根拠と対応づける。占有者を類似語と同一視するとする記述が誤りになりやすい。,占有者の定義を試験用に一言で言うと？,「占有者の定義を試験用に一言で言うと？」への答え：占有者は区分所有法分野では区分所有法に関する重要概念です。根拠は区分所有法。条文番号と要件をメモに書き出して確認する。条文番号と要件をメモに書き出して確認する。条文番号と要件をメモに書き出して確認する。公式テキスト該当章を開く。,占有者と混同しやすい論点は？,試験の出方：区分所有法の根拠を明示できる。四択では条件の主語と効果を分離して読む。過去問で出題形式と正答率を週1回チェックする。過去問で出題形式と正答率を週1回チェックする。過去問で出題形式と正答率を週1回チェックする。過去問で出題形式と正答率を週1回チェックする。過去問1問で正答率を記録する。,誤答の典型：占有者を類似語と同一視する;要件の一部だけ暗記して判断する;最新の改正・規約改定を見落とす。一語差の選択肢に注意。誤答肢のパターンを比較表に整理して復習する。誤答肢のパターンを比較表に整理して復習する。誤答肢のパターンを比較表に整理して復習する。誤答肢を比較表に書き出す。,占有者とは何ですか？,学習の次段：「専有部分」と比較表で整理し、numbers / compare から過去問へ。関連用語ハブと比較ページへ進んで定着を確認する。関連用語ハブと比較ページへ進んで定着を確認する。関連用語ハブと比較ページへ進んで定着を確認する。関連用語ハブと比較ページへ進んで定着を確認する。用語ハブ compare へ進む。,占有者とは何ですか？
占有者の地位,標準管理規約,標準管理規約;占有,占有者の地位は標準管理規約分野では標準管理規約に関する重要概念です。,占有者の地位は、占有者の地位は標準管理規約分野では標準管理規約に関する重要概念です。管理組合の運営ルールのモデル。総会・理事会・決議要件が頻出。,マンション標準管理規約;理事長;総会決議,標準管理規約,B,過去問では占有者の地位の定義・要件・効果を条文・規約根拠と対応づけるが問われます。占有者の地位を類似語と同一視する選択肢に注意してください。占有者の地位は標準管理規約分野では標準管理規約に関する重要概念です。管理業。,占有者の地位とは？管理業務主任者試験で押さえる意味と試験ポイント,占有者の地位の意味と管理業務主任者試験での判定ポイントを、標準管理規約の文脈で整理します。占有者の地位は、占有者の地位は標準管理規約分野では標準管理規約に関する重要概念です。管理組合の運営ルールのモデル。総会・理事会・決議要件が頻出。,"占有者の地位は標準管理規約分野では標準管理規約に関する重要概念です。管理業務主任者試験では、標準管理規約を根拠に定義・要件・効果を問う問題が出ます。

実務・試験ともに「占有者の地位の定義・要件・効果を条文・規約根拠と対応づける」が判断の軸になります。選択肢では占有者の地位を類似語と同一視する肢が多いため、要件の欠けた肢を消去する思考が有効です。

占有者の地位はマンション標準管理規約、理事長、総会決議とセットで整理すると理解が定着します。管業マスターの過去問・実践演習で標準管理規約フィルタを使い、関連問題を解き直してください。","<table class=""seo-info-table""><thead><tr><th>比較</th><th>占有者の地位</th><th>マンション標準管理規約</th></tr></thead><tbody><tr><th>覚え方</th><td>占有者の地位の定義・要件・効果を条文・規約根拠と対応づける</td><td>関連ページで対比</td></tr></tbody></table>",占有者の地位の定義・要件・効果を条文・規約根拠と対応づける;標準管理規約の根拠を明示できる;関連語（マンション標準管理規約、理事長、総会決議）との違いを説明できる,占有者の地位を類似語と同一視する;要件の一部だけ暗記して判断する;最新の改正・規約改定を見落とす。,占有者の地位＝標準管理規約。マンション標準管理規約と表で対比。,占有者の地位に関する次の記述のうち、最も適切でないものはどれか。,占有者の地位の定義・要件と照らし、条件を満たさない選択肢を選ぶ。,占有者の地位の定義を試験用に一言で言うと？,「占有者の地位の定義を試験用に一言で言うと？」への答え：占有者の地位は標準管理規約分野では標準管理規約に関する重要概念です。根拠は標準管理規約。条文番号と要件をメモに書き出して確認する。条文番号と要件をメモに書き出して確認する。条文番号と要件をメモに書き出して確認する。公式テキスト該当章を開く。,占有者の地位と混同しやすい論点は？,試験の出方：標準管理規約の根拠を明示できる。四択では条件の主語と効果を分離して読む。過去問で出題形式と正答率を週1回チェックする。過去問で出題形式と正答率を週1回チェックする。過去問で出題形式と正答率を週1回チェックする。過去問で出題形式と正答率を週1回チェックする。過去問1問で正答率を記録する。,誤答の典型：占有者の地位を類似語と同一視する;要件の一部だけ暗記して判断する;最新の改正・規約改定を見落とす。一語差の選択肢に注意。誤答肢のパターンを比較表に整理して復習する。誤答肢のパターンを比較表に整理して復習する。誤答肢のパターンを比較表に整理して復習する。誤答肢を比較表に書き出す。,占有者の地位とは何ですか？,学習の次段：「マンション標準管理規約」と比較表で整理し、numbers / compare から過去問へ。関連用語ハブと比較ページへ進んで定着を確認する。関連用語ハブと比較ページへ進んで定着を確認する。関連用語ハブと比較ページへ進んで定着を確認する。用語ハブ compare へ進む。,占有者の地位とは何ですか？
占有者排除訴訟,判例・横断総合,判例・横断総合;頻出;訴訟,区分所有者が占有者を排除する訴え（判例）。,占有者排除訴訟は、区分所有者が占有者を排除する訴え（判例）。判例・複数分野を横断する論点。比較整理が得点の鍵。,主徴費;管理不全;組合の法人格,判例,A,過去問では占有者排除訴訟の定義・要件・効果を条文・規約根拠と対応づけるが問われます。占有者排除訴訟を類似語と同一視する選択肢に注意してください。区分所有者が占有者を排除する訴え（判例）。管理業務主任者試験では、判例を根拠に。,占有者排除訴訟とは？管理業務主任者試験で押さえる意味と試験ポイント,占有者排除訴訟の意味と管理業務主任者試験での判定ポイントを、判例の文脈で整理します。占有者排除訴訟は、区分所有者が占有者を排除する訴え（判例）。判例・複数分野を横断する論点。比較整理が得点の鍵。,"区分所有者が占有者を排除する訴え（判例）。管理業務主任者試験では、判例を根拠に定義・要件・効果を問う問題が出ます。

実務・試験ともに「占有者排除訴訟の定義・要件・効果を条文・規約根拠と対応づける」が判断の軸になります。選択肢では占有者排除訴訟を類似語と同一視する肢が多いため、要件の欠けた肢を消去する思考が有効です。

占有者排除訴訟は主徴費、管理不全、組合の法人格とセットで整理すると理解が定着します。管業マスターの過去問・実践演習で判例・横断総合フィルタを使い、関連問題を解き直してください。","<table class=""seo-info-table""><thead><tr><th>比較</th><th>占有者排除訴訟</th><th>主徴費</th></tr></thead><tbody><tr><th>覚え方</th><td>占有者排除訴訟の定義・要件・効果を条文・規約根拠と対応づける</td><td>関連ページで対比</td></tr></tbody></table>",占有者排除訴訟の定義・要件・効果を条文・規約根拠と対応づける;判例の根拠を明示できる;関連語（主徴費、管理不全、組合の法人格）との違いを説明できる,占有者排除訴訟を類似語と同一視する;要件の一部だけ暗記して判断する;最新の改正・規約改定を見落とす。,占有者排除訴訟＝判例。主徴費と表で対比。（関連用語とセットで暗記）。,占有者排除訴訟に関する次の記述のうち、最も適切でないものはどれか。,占有者排除訴訟の定義・要件・効果を条文・規約根拠と対応づける。占有者排除訴訟を類似語と同一視するとする記述が誤りになりやすい。,占有者排除訴訟の定義を試験用に一言で言うと？,「占有者排除訴訟の定義を試験用に一言で言うと？」への答え：区分所有者が占有者を排除する訴え（判例）。根拠は判例。条文番号と要件をメモに書き出して確認する。条文番号と要件をメモに書き出して確認する。条文番号と要件をメモに書き出して確認する。条文番号と要件をメモに書き出して確認する。公式テキスト該当章を開く。,占有者排除訴訟と混同しやすい論点は？,試験の出方：判例の根拠を明示できる。四択では条件の主語と効果を分離して読む。過去問で出題形式と正答率を週1回チェックする。過去問で出題形式と正答率を週1回チェックする。過去問で出題形式と正答率を週1回チェックする。過去問で出題形式と正答率を週1回チェックする。過去問1問で正答率を記録する。,誤答の典型：占有者排除訴訟を類似語と同一視する;要件の一部だけ暗記して判断する;最新の改正・規約改定を見落とす。一語差の選択肢に注意。誤答肢のパターンを比較表に整理して復習する。誤答肢のパターンを比較表に整理して復習する。誤答肢のパターンを比較表に整理して復習する。誤答肢を比較表に書き出す。,占有者排除訴訟とは何ですか？,学習の次段：「主徴費」と比較表で整理し、numbers / compare から過去問へ。関連用語ハブと比較ページへ進んで定着を確認する。関連用語ハブと比較ページへ進んで定着を確認する。関連用語ハブと比較ページへ進んで定着を確認する。関連用語ハブと比較ページへ進んで定着を確認する。用語ハブ compare へ進む。,占有者排除訴訟とは何ですか？
危険負担,民法・借地借家法,民法・借地借家法;頻出;双務,双務契約で一方の給付不能時に他方の給付義務が消滅する制度（民法536条）。,危険負担は、双務契約で一方の給付不能時に他方の給付義務が消滅する制度（民法536条）。民法・借地借家法の重要論点。,同時履行の抗弁;催告解除;無催告解除,民法第536条,A,過去問では給付不能の原因・不可帰性が問われます。損害賠償と混同選択肢に注意してください。双務契約で一方の給付不能時に他方の給付義務が消滅する制度（民法536条）。管理。,危険負担とは？管理業務主任者試験で押さえる意味と試験ポイント,危険負担の意味と管理業務主任者試験での判定ポイントを、民法第536条の文脈で整理します。危険負担は、双務契約で一方の給付不能時に他方の給付義務が消滅する制度（民法536条）。民法・借地借家法の重要論点。,"双務契約で一方の給付不能時に他方の給付義務が消滅する制度（民法536条）。管理業務主任者試験では、民法第536条を根拠に定義・要件・効果を問う問題が出ます。

実務・試験ともに「給付不能の原因・不可帰性」が判断の軸になります。選択肢では損害賠償と混同肢が多いため、要件の欠けた肢を消去する思考が有効です。

危険負担は同時履行の抗弁、催告解除、無催告解除とセットで整理すると理解が定着します。管業マスターの過去問・実践演習で民法・借地借家法フィルタを使い、関連問題を解き直してください。",,給付不能の原因・不可帰性;民法第536条の根拠を明示できる;関連語（同時履行の抗弁、催告解除、無催告解除）との違いを説明できる,損害賠償と混同;要件の一部だけ暗記して判断する;最新の改正・規約改定を見落とす （過去問で要注意）。,危険負担＝民法第536条。双務契約と表で対比。（関連用語とセットで暗記）。,危険負担に関する次の記述のうち、最も適切でないものはどれか。,給付不能の原因・不可帰性。損害賠償と混同とする記述が誤りになりやすい。,危険負担の定義を試験用に一言で言うと？,「危険負担の定義を試験用に一言で言うと？」への答え：双務契約で一方の給付不能時に他方の給付義務が消滅する制度（民法536条）。根拠は民法第536条。条文番号と要件をメモに書き出して確認する。条文番号と要件をメモに書き出して確認する。条文番号と要件をメモに書き出して確認する。公式テキスト該当章を開く。,危険負担と混同しやすい論点は？,試験の出方：民法第536条の根拠を明示できる。四択では条件の主語と効果を分離して読む。過去問で出題形式と正答率を週1回チェックする。過去問で出題形式と正答率を週1回チェックする。過去問で出題形式と正答率を週1回チェックする。過去問で出題形式と正答率を週1回チェックする。過去問1問で正答率を記録する。,誤答の典型：損害賠償と混同;要件の一部だけ暗記して判断する;最新の改正・規約改定を見落とす （過去問で要注意）。一語差の選択肢に注意。誤答肢のパターンを比較表に整理して復習する。誤答肢のパターンを比較表に整理して復習する。誤答肢のパターンを比較表に整理して復習する。誤答肢を比較表に書き出す。,危険負担とは何ですか？,学習の次段：「同時履行の抗弁」と比較表で整理し、numbers / compare から過去問へ。関連用語ハブと比較ページへ進んで定着を確認する。関連用語ハブと比較ページへ進んで定着を確認する。関連用語ハブと比較ページへ進んで定着を確認する。用語ハブ compare へ進む。,危険負担とは何ですか？
原状回復,民法・借地借家法,民法・借地借家法;賃貸借;頻出,賃貸借終了時に物件を原状に戻す義務（民法621条・621条の2）。,原状回復は、賃貸借終了時に物件を原状に戻す義務（民法621条・621条の2）。民法・借地借家法の重要論点。,同時履行の抗弁;催告解除;無催告解除,民法第621条,A,過去問では通常損耗と借主負担の線引きが問われます。すべての修繕を借主負担とする肢選択肢に注意してください。賃貸借終了時に物件を原状に戻す義務（民法621条・621条の2）。管理業務主任。,原状回復とは？管理業務主任者試験で押さえる意味と試験ポイント,原状回復の意味と管理業務主任者試験での判定ポイントを、民法第621条の文脈で整理します。原状回復は、賃貸借終了時に物件を原状に戻す義務（民法621条・621条の2）。民法・借地借家法の重要論点。,"賃貸借終了時に物件を原状に戻す義務（民法621条・621条の2）。管理業務主任者試験では、民法第621条を根拠に定義・要件・効果を問う問題が出ます。

実務・試験ともに「通常損耗と借主負担の線引き」が判断の軸になります。選択肢ではすべての修繕を借主負担とする肢肢が多いため、要件の欠けた肢を消去する思考が有効です。

原状回復は同時履行の抗弁、催告解除、無催告解除とセットで整理すると理解が定着します。管業マスターの過去問・実践演習で民法・借地借家法フィルタを使い、関連問題を解き直してください。",,通常損耗と借主負担の線引き;民法第621条の根拠を明示できる;関連語（同時履行の抗弁、催告解除、無催告解除）との違いを説明できる,すべての修繕を借主負担とする肢;要件の一部だけ暗記して判断する;最新の改正・規約改定を見落とす。,原状回復＝民法第621条。明渡しと表で対比。（関連用語とセットで暗記）。,原状回復に関する次の記述のうち、最も適切でないものはどれか。,通常損耗と借主負担の線引き。すべての修繕を借主負担とする肢とする記述が誤りになりやすい。,原状回復の定義を試験用に一言で言うと？,「原状回復の定義を試験用に一言で言うと？」への答え：賃貸借終了時に物件を原状に戻す義務（民法621条・621条の2）。根拠は民法第621条。条文番号と要件をメモに書き出して確認する。条文番号と要件をメモに書き出して確認する。条文番号と要件をメモに書き出して確認する。公式テキスト該当章を開く。,原状回復と混同しやすい論点は？,試験の出方：民法第621条の根拠を明示できる。四択では条件の主語と効果を分離して読む。過去問で出題形式と正答率を週1回チェックする。過去問で出題形式と正答率を週1回チェックする。過去問で出題形式と正答率を週1回チェックする。過去問で出題形式と正答率を週1回チェックする。過去問1問で正答率を記録する。,誤答の典型：すべての修繕を借主負担とする肢;要件の一部だけ暗記して判断する;最新の改正・規約改定を見落とす。一語差の選択肢に注意。誤答肢のパターンを比較表に整理して復習する。誤答肢のパターンを比較表に整理して復習する。誤答肢のパターンを比較表に整理して復習する。誤答肢を比較表に書き出す。,原状回復とは何ですか？,学習の次段：「同時履行の抗弁」と比較表で整理し、numbers / compare から過去問へ。関連用語ハブと比較ページへ進んで定着を確認する。関連用語ハブと比較ページへ進んで定着を確認する。関連用語ハブと比較ページへ進んで定着を確認する。用語ハブ compare へ進む。,原状回復とは何ですか？
双務契約,民法・借地借家法,民法・借地借家法;契約総論,当事者が互いに対価関係にある給付を負担する契約。売買・賃貸借・請負などが典型。,双務契約は、当事者が互いに対価関係にある給付を負担する契約。売買・賃貸借・請負などが典型。民法・借地借家法の重要論点。,同時履行の抗弁;催告解除;無催告解除,民法第533条,A,過去問では互いの給付が対価関係にあるかを確認が問われます。単務契約と混同する選択肢に注意してください。当事者が互いに対価関係にある給付を負担する契約。売買・賃貸借・請負などが典型。試験では双務契約について条文・数値・条件の読み取りが問われます。,双務契約とは？管理業務主任者試験で押さえる意味と試験ポイント,双務契約の意味と管理業務主任者試験での判定ポイントを、民法第533条の文脈で整理します。双務契約は、当事者が互いに対価関係にある給付を負担する契約。売買・賃貸借・請負などが典型。民法・借地借家法の重要論点。,"当事者が互いに対価関係にある給付を負担する契約。売買・賃貸借・請負などが典型。管理業務主任者試験では、民法第533条を根拠に定義・要件・効果を問う問題が出ます。

実務・試験ともに「互いの給付が対価関係にあるかを確認」が判断の軸になります。選択肢では単務契約と混同する肢が多いため、要件の欠けた肢を消去する思考が有効です。

双務契約は同時履行の抗弁、催告解除、無催告解除とセットで整理すると理解が定着します。管業マスターの過去問・実践演習で民法・借地借家法フィルタを使い、関連問題を解き直してください。",,互いの給付が対価関係にあるかを確認;民法第533条の根拠を明示できる;関連語（同時履行の抗弁、催告解除、無催告解除）との違いを説明できる,単務契約と混同する;要件の一部だけ暗記して判断する;最新の改正・規約改定を見落とす。,双務契約＝民法第533条。単務契約と表で対比。（関連用語とセットで暗記）。,双務契約に関する次の記述のうち、最も適切でないものはどれか。,互いの給付が対価関係にあるかを確認。単務契約と混同するとする記述が誤りになりやすい。,双務契約の定義を試験用に一言で言うと？,「双務契約の定義を試験用に一言で言うと？」への答え：当事者が互いに対価関係にある給付を負担する契約。売買・賃貸借・請負などが典型。根拠は民法第533条。条文番号と要件をメモに書き出して確認する。条文番号と要件をメモに書き出して確認する。条文番号と要件をメモに書き出して確認する。公式テキスト該当章を開く。,双務契約と混同しやすい論点は？,試験の出方：民法第533条の根拠を明示できる。四択では条件の主語と効果を分離して読む。過去問で出題形式と正答率を週1回チェックする。過去問で出題形式と正答率を週1回チェックする。過去問で出題形式と正答率を週1回チェックする。過去問で出題形式と正答率を週1回チェックする。過去問1問で正答率を記録する。,誤答の典型：単務契約と混同する;要件の一部だけ暗記して判断する;最新の改正・規約改定を見落とす。一語差の選択肢に注意。誤答肢のパターンを比較表に整理して復習する。誤答肢のパターンを比較表に整理して復習する。誤答肢のパターンを比較表に整理して復習する。誤答肢を比較表に書き出す。,双務契約とは何ですか？,学習の次段：「同時履行の抗弁」と比較表で整理し、numbers / compare から過去問へ。関連用語ハブと比較ページへ進んで定着を確認する。関連用語ハブと比較ページへ進んで定着を確認する。関連用語ハブと比較ページへ進んで定着を確認する。用語ハブ compare へ進む。,双務契約とは何ですか？
収支報告,会計・税務,会計・税務;会計,収支報告は会計・税務分野では標準管理規約に関する重要概念です。,収支報告は、収支報告は会計・税務分野では標準管理規約に関する重要概念です。管理組合の会計処理・財務報告・税務上の取扱い。,管理費等;前受金;預り金,標準管理規約,B,過去問では収支報告の定義・要件・効果を条文・規約根拠と対応づけるが問われます。収支報告を類似語と同一視する選択肢に注意してください。収支報告は会計・税務分野では標準管理規約に関する重要概念です。管理業務主任。,収支報告とは？管理業務主任者で押さえる意味と試験ポイント,収支報告の意味と管理業務主任者試験での判定ポイントを、標準管理規約の文脈で整理します。収支報告は、収支報告は会計・税務分野では標準管理規約に関する重要概念です。管理組合の会計処理・財務報告・税務上の取扱い。,"収支報告は会計・税務分野では標準管理規約に関する重要概念です。管理業務主任者試験では、標準管理規約を根拠に定義・要件・効果を問う問題が出ます。

実務・試験ともに「収支報告の定義・要件・効果を条文・規約根拠と対応づける」が判断の軸になります。選択肢では収支報告を類似語と同一視する肢が多いため、要件の欠けた肢を消去する思考が有効です。

収支報告は管理費等、前受金、預り金とセットで整理すると理解が定着します。管業マスターの過去問・実践演習で会計・税務フィルタを使い、関連問題を解き直してください。","<table class=""seo-info-table""><thead><tr><th>比較</th><th>収支報告</th><th>管理費等</th></tr></thead><tbody><tr><th>覚え方</th><td>収支報告の定義・要件・効果を条文・規約根拠と対応づける</td><td>関連ページで対比</td></tr></tbody></table>",収支報告の定義・要件・効果を条文・規約根拠と対応づける;標準管理規約の根拠を明示できる;関連語（管理費等、前受金、預り金）との違いを説明できる,収支報告を類似語と同一視する;要件の一部だけ暗記して判断する;最新の改正・規約改定を見落とす。,収支報告＝標準管理規約。管理費等と表で対比。（関連用語とセットで暗記）。,収支報告に関する次の記述のうち、最も適切でないものはどれか。,収支報告の定義・要件と照らし、条件を満たさない選択肢を選ぶ。,収支報告の定義を試験用に一言で言うと？,「収支報告の定義を試験用に一言で言うと？」への答え：収支報告は会計・税務分野では標準管理規約に関する重要概念です。根拠は標準管理規約。条文番号と要件をメモに書き出して確認する。条文番号と要件をメモに書き出して確認する。条文番号と要件をメモに書き出して確認する。公式テキスト該当章を開く。,収支報告と混同しやすい論点は？,試験の出方：標準管理規約の根拠を明示できる。四択では条件の主語と効果を分離して読む。過去問で出題形式と正答率を週1回チェックする。過去問で出題形式と正答率を週1回チェックする。過去問で出題形式と正答率を週1回チェックする。過去問で出題形式と正答率を週1回チェックする。過去問1問で正答率を記録する。,誤答の典型：収支報告を類似語と同一視する;要件の一部だけ暗記して判断する;最新の改正・規約改定を見落とす。一語差の選択肢に注意。誤答肢のパターンを比較表に整理して復習する。誤答肢のパターンを比較表に整理して復習する。誤答肢のパターンを比較表に整理して復習する。誤答肢を比較表に書き出す。,収支報告とは何ですか？,学習の次段：「管理費等」と比較表で整理し、numbers / compare から過去問へ。関連用語ハブと比較ページへ進んで定着を確認する。関連用語ハブと比較ページへ進んで定着を確認する。関連用語ハブと比較ページへ進んで定着を確認する。関連用語ハブと比較ページへ進んで定着を確認する。用語ハブ compare へ進む。,収支報告とは何ですか？
収支報告書,会計・税務,会計・税務;頻出;会計,一定期間の収入・支出を示す報告書。総会承認が論点。,収支報告書は、一定期間の収入・支出を示す報告書。総会承認が論点。管理組合の会計処理・財務報告・税務上の取扱い。,管理費等;前受金;預り金,標準管理規約,A,過去問では収支報告書の定義・要件・効果を条文・規約根拠と対応づけるが問われます。収支報告書を類似語と同一視する選択肢に注意してください。一定期間の収入・支出を示す報告書。総会承認が論点。管理業務主任者試験では、標準。,収支報告書とは？管理業務主任者で押さえる意味と試験ポイント,収支報告書の意味と管理業務主任者試験での判定ポイントを、標準管理規約の文脈で整理します。収支報告書は、一定期間の収入・支出を示す報告書。総会承認が論点。管理組合の会計処理・財務報告・税務上の取扱い。,"一定期間の収入・支出を示す報告書。総会承認が論点。管理業務主任者試験では、標準管理規約を根拠に定義・要件・効果を問う問題が出ます。

実務・試験ともに「収支報告書の定義・要件・効果を条文・規約根拠と対応づける」が判断の軸になります。選択肢では収支報告書を類似語と同一視する肢が多いため、要件の欠けた肢を消去する思考が有効です。

収支報告書は管理費等、前受金、預り金とセットで整理すると理解が定着します。管業マスターの過去問・実践演習で会計・税務フィルタを使い、関連問題を解き直してください。","<table class=""seo-info-table""><thead><tr><th>比較</th><th>収支報告書</th><th>管理費等</th></tr></thead><tbody><tr><th>覚え方</th><td>収支報告書の定義・要件・効果を条文・規約根拠と対応づける</td><td>関連ページで対比</td></tr></tbody></table>",収支報告書の定義・要件・効果を条文・規約根拠と対応づける;標準管理規約の根拠を明示できる;関連語（管理費等、前受金、預り金）との違いを説明できる,収支報告書を類似語と同一視する;要件の一部だけ暗記して判断する;最新の改正・規約改定を見落とす。,収支報告書＝標準管理規約。管理費等と表で対比。（関連用語とセットで暗記）。,収支報告書に関する次の記述のうち、最も適切でないものはどれか。,収支報告書の定義・要件・効果を条文・規約根拠と対応づける。収支報告書を類似語と同一視するとする記述が誤りになりやすい。,収支報告書の定義を試験用に一言で言うと？,「収支報告書の定義を試験用に一言で言うと？」への答え：一定期間の収入・支出を示す報告書。総会承認が論点。根拠は標準管理規約。条文番号と要件をメモに書き出して確認する。条文番号と要件をメモに書き出して確認する。条文番号と要件をメモに書き出して確認する。公式テキスト該当章を開く。,収支報告書と混同しやすい論点は？,試験の出方：標準管理規約の根拠を明示できる。四択では条件の主語と効果を分離して読む。過去問で出題形式と正答率を週1回チェックする。過去問で出題形式と正答率を週1回チェックする。過去問で出題形式と正答率を週1回チェックする。過去問で出題形式と正答率を週1回チェックする。過去問1問で正答率を記録する。,誤答の典型：収支報告書を類似語と同一視する;要件の一部だけ暗記して判断する;最新の改正・規約改定を見落とす。一語差の選択肢に注意。誤答肢のパターンを比較表に整理して復習する。誤答肢のパターンを比較表に整理して復習する。誤答肢のパターンを比較表に整理して復習する。誤答肢を比較表に書き出す。,収支報告書とは何ですか？,学習の次段：「管理費等」と比較表で整理し、numbers / compare から過去問へ。関連用語ハブと比較ページへ進んで定着を確認する。関連用語ハブと比較ページへ進んで定着を確認する。関連用語ハブと比較ページへ進んで定着を確認する。関連用語ハブと比較ページへ進んで定着を確認する。用語ハブ compare へ進む。,収支報告書とは何ですか？
同時履行の抗弁,民法・借地借家法,民法・借地借家法;頻出;契約,双務契約の当事者が、相手方の債務が弁済期にあり、その履行の提供があるまで、自己の債務の履行を拒むことができる抗弁権（民法533条）。,同時履行の抗弁は、双務契約の当事者が、相手方の債務が弁済期にあり、その履行の提供があるまで。自己の債務の履行を拒むことができる抗弁権（民法533条）。民法・借地借家法の重要論点。,催告解除;無催告解除;双務契約,民法第533条,A,過去問では弁済期・履行の提供・双務契約の3要件をセットで確認が問われます。弁済期前や履行提供がないのに拒めるとする肢選択肢に注意してください。双務契約の当事者が、相手方の債務が弁済期にあり、その履行の提供があるまで、自己の。,同時履行の抗弁とは？管理業務主任者試験で押さえる意味と試験ポイント,同時履行の抗弁の意味と管理業務主任者試験での判定ポイントを、民法第533条の文脈で整理します。同時履行の抗弁は、双務契約の当事者が、相手方の債務が弁済期にあり、その履行の提供があるまで。自己の債務の履行を拒むことができる抗弁権（民法533条）。民法・借地借家法の重要論点。,"双務契約の当事者が、相手方の債務が弁済期にあり、その履行の提供があるまで、自己の債務の履行を拒むことができる抗弁権（民法533条）。管理業務主任者試験では、民法第533条を根拠に定義・要件・効果を問う問題が出ます。

実務・試験ともに「弁済期・履行の提供・双務契約の3要件をセットで確認」が判断の軸になります。選択肢では弁済期前や履行提供がないのに拒めるとする肢肢が多いため、要件の欠けた肢を消去する思考が有効です。

同時履行の抗弁は催告解除、無催告解除、双務契約とセットで整理すると理解が定着します。管業マスターの過去問・実践演習で民法・借地借家法フィルタを使い、関連問題を解き直してください。","<table class=""seo-info-table""><thead><tr><th>比較</th><th>同時履行の抗弁</th><th>催告解除</th></tr></thead><tbody><tr><th>覚え方</th><td>弁済期・履行の提供・双務契約の3要件をセットで確認</td><td>関連ページで対比</td></tr></tbody></table>",弁済期・履行の提供・双務契約の3要件をセットで確認;民法第533条の根拠を明示できる;関連語（催告解除、無催告解除、双務契約）との違いを説明できる,弁済期前や履行提供がないのに拒めるとする肢;要件の一部だけ暗記して判断する;最新の改正・規約改定を見落とす。,同時履行の抗弁＝民法第533条。催告解除と表で対比。,同時履行の抗弁に関する次の記述のうち、最も適切でないものはどれか。,弁済期・履行の提供・双務契約の3要件をセットで確認。弁済期前や履行提供がないのに拒めるとする肢とする記述が誤りになりやすい。,同時履行の抗弁の定義を試験用に一言で言うと？,「同時履行の抗弁の定義を試験用に一言で言うと？」への答え：双務契約の当事者が、相手方の債務が弁済期にあり、その履行の提供があるまで、自己の債務の履行を拒むことができる抗弁権（民法533条）。根拠は民法第533条。条文番号と要件をメモに書き出して確認する。公式テキスト該当章を開く。,同時履行の抗弁と混同しやすい論点は？,試験の出方：民法第533条の根拠を明示できる。四択では条件の主語と効果を分離して読む。過去問で出題形式と正答率を週1回チェックする。過去問で出題形式と正答率を週1回チェックする。過去問で出題形式と正答率を週1回チェックする。過去問で出題形式と正答率を週1回チェックする。過去問1問で正答率を記録する。,誤答の典型：弁済期前や履行提供がないのに拒めるとする肢;要件の一部だけ暗記して判断する;最新の改正・規約改定を見落とす。一語差の選択肢に注意。誤答肢のパターンを比較表に整理して復習する。誤答肢のパターンを比較表に整理して復習する。誤答肢のパターンを比較表に整理して復習する。誤答肢を比較表に書き出す。,同時履行の抗弁とは何ですか？,学習の次段：「催告解除」と比較表で整理し、numbers / compare から過去問へ。関連用語ハブと比較ページへ進んで定着を確認する。関連用語ハブと比較ページへ進んで定着を確認する。関連用語ハブと比較ページへ進んで定着を確認する。関連用語ハブと比較ページへ進んで定着を確認する。用語ハブ compare へ進む。,同時履行の抗弁とは何ですか？
名義貸し,管理適正化法,管理適正化法;頻出;禁止,管理業者登録を自ら使用せず他人に貸す行為。禁止（管理適正化法）。,名義貸しは、管理業者登録を自ら使用せず他人に貸す行為。禁止（管理適正化法）。マンション管理の適正化を推進する法律。資格・73条書面・管理計画。,マンション等の管理の適正化の推進に関する法律;管理計画認定制度;管理業務主任者,管理適正化法,A,過去問では名義貸しの定義・要件・効果を条文・規約根拠と対応づけるが問われます。名義貸しを類似語と同一視する選択肢に注意してください。管理業者登録を自ら使用せず他人に貸す行為。禁止（管理適正化法）。管理業務主任者。,名義貸しとは？管理業務主任者で押さえる意味と試験ポイント,名義貸しの意味と管理業務主任者試験での判定ポイントを、管理適正化法の文脈で整理します。名義貸しは、管理業者登録を自ら使用せず他人に貸す行為。禁止（管理適正化法）。マンション管理の適正化を推進する法律。資格・73条書面・管理計画。,"管理業者登録を自ら使用せず他人に貸す行為。禁止（管理適正化法）。管理業務主任者試験では、管理適正化法を根拠に定義・要件・効果を問う問題が出ます。

実務・試験ともに「名義貸しの定義・要件・効果を条文・規約根拠と対応づける」が判断の軸になります。選択肢では名義貸しを類似語と同一視する肢が多いため、要件の欠けた肢を消去する思考が有効です。

名義貸しはマンション等の管理の適正化の推進に関する法律、管理計画認定制度、管理業務主任者とセットで整理すると理解が定着します。管業マスターの過去問・実践演習で管理適正化法フィルタを使い、関連問題を解き直してください。","<table class=""seo-info-table""><thead><tr><th>比較</th><th>名義貸し</th><th>マンション等の管理の適正化の推進に関する法律</th></tr></thead><tbody><tr><th>覚え方</th><td>名義貸しの定義・要件・効果を条文・規約根拠と対応づける</td><td>関連ページで対比</td></tr></tbody></table>",名義貸しの定義・要件・効果を条文・規約根拠と対応づける;管理適正化法の根拠を明示できる;関連語（マンション等の管理の適正化の推進に関する法律、管理計画認定制度、管理業務主任者）との違いを説明できる,名義貸しを類似語と同一視する;要件の一部だけ暗記して判断する;最新の改正・規約改定を見落とす。,名義貸し＝管理適正化法。マンション等の管理の適正化の推進に関する法律と表で対比。,名義貸しに関する次の記述のうち、最も適切でないものはどれか。,名義貸しの定義・要件・効果を条文・規約根拠と対応づける。名義貸しを類似語と同一視するとする記述が誤りになりやすい。,名義貸しの定義を試験用に一言で言うと？,「名義貸しの定義を試験用に一言で言うと？」への答え：管理業者登録を自ら使用せず他人に貸す行為。禁止（管理適正化法）。根拠は管理適正化法。条文番号と要件をメモに書き出して確認する。条文番号と要件をメモに書き出して確認する。条文番号と要件をメモに書き出して確認する。公式テキスト該当章を開く。,名義貸しと混同しやすい論点は？,試験の出方：管理適正化法の根拠を明示できる。四択では条件の主語と効果を分離して読む。過去問で出題形式と正答率を週1回チェックする。過去問で出題形式と正答率を週1回チェックする。過去問で出題形式と正答率を週1回チェックする。過去問で出題形式と正答率を週1回チェックする。過去問1問で正答率を記録する。,誤答の典型：名義貸しを類似語と同一視する;要件の一部だけ暗記して判断する;最新の改正・規約改定を見落とす。一語差の選択肢に注意。誤答肢のパターンを比較表に整理して復習する。誤答肢のパターンを比較表に整理して復習する。誤答肢のパターンを比較表に整理して復習する。誤答肢を比較表に書き出す。,名義貸しとは何ですか？,学習の次段：「マンション等の管理の適正化の推進に関する法律」と比較表で整理し、numbers / compare から過去問へ。関連用語ハブと比較ページへ進んで定着を確認する。関連用語ハブと比較ページへ進んで定着を確認する。関連用語ハブと比較ページへ進んで定着を確認する。用語ハブ compare へ進む。,名義貸しとは何ですか？
品質確保促進法,品確法・建替円滑化法等,品確法・建替円滑化法等;法令,住宅品質確保促進法。既存住宅調査・瑕疵担保等。,品質確保促進法は、住宅品質確保促進法。既存住宅調査・瑕疵担保等。住宅品質確保と建替え手続の関連法令。,既存住宅状況調査;建替え等円滑化法;瑕疵担保責任,品質確保促進法,A,過去問では品質確保促進法の定義・要件・効果を条文・規約根拠と対応づけるが問われます。品質確保促進法を類似語と同一視する選択肢に注意してください。住宅品質確保促進法。既存住宅調査・瑕疵担保等。管理業務主任者試験では、品質確保。,品質確保促進法とは？管理業務主任者試験で押さえる意味と試験ポイント,品質確保促進法の意味と管理業務主任者試験での判定ポイントを、品質確保促進法の文脈で整理します。品質確保促進法は、住宅品質確保促進法。既存住宅調査・瑕疵担保等。住宅品質確保と建替え手続の関連法令。,"住宅品質確保促進法。既存住宅調査・瑕疵担保等。管理業務主任者試験では、品質確保促進法を根拠に定義・要件・効果を問う問題が出ます。

実務・試験ともに「品質確保促進法の定義・要件・効果を条文・規約根拠と対応づける」が判断の軸になります。選択肢では品質確保促進法を類似語と同一視する肢が多いため、要件の欠けた肢を消去する思考が有効です。

品質確保促進法は既存住宅状況調査、建替え等円滑化法、瑕疵担保責任とセットで整理すると理解が定着します。管業マスターの過去問・実践演習で品確法・建替円滑化法等フィルタを使い、関連問題を解き直してください。","<table class=""seo-info-table""><thead><tr><th>比較</th><th>品質確保促進法</th><th>既存住宅状況調査</th></tr></thead><tbody><tr><th>覚え方</th><td>品質確保促進法の定義・要件・効果を条文・規約根拠と対応づける</td><td>関連ページで対比</td></tr></tbody></table>",品質確保促進法の定義・要件・効果を条文・規約根拠と対応づける;品質確保促進法の根拠を明示できる;関連語（既存住宅状況調査、建替え等円滑化法、瑕疵担保責任）との違いを説明できる,品質確保促進法を類似語と同一視する;要件の一部だけ暗記して判断する;最新の改正・規約改定を見落とす。,品質確保促進法＝品質確保促進法。既存住宅状況調査と表で対比。,品質確保促進法に関する次の記述のうち、最も適切でないものはどれか。,品質確保促進法の定義・要件・効果を条文・規約根拠と対応づける。品質確保促進法を類似語と同一視するとする記述が誤りになりやすい。,品質確保促進法の定義を試験用に一言で言うと？,「品質確保促進法の定義を試験用に一言で言うと？」への答え：住宅品質確保促進法。既存住宅調査・瑕疵担保等。根拠は品質確保促進法。条文番号と要件をメモに書き出して確認する。条文番号と要件をメモに書き出して確認する。条文番号と要件をメモに書き出して確認する。公式テキスト該当章を開く。,品質確保促進法と混同しやすい論点は？,試験の出方：品質確保促進法の根拠を明示できる。四択では条件の主語と効果を分離して読む。過去問で出題形式と正答率を週1回チェックする。過去問で出題形式と正答率を週1回チェックする。過去問で出題形式と正答率を週1回チェックする。過去問で出題形式と正答率を週1回チェックする。過去問1問で正答率を記録する。,誤答の典型：品質確保促進法を類似語と同一視する;要件の一部だけ暗記して判断する;最新の改正・規約改定を見落とす。一語差の選択肢に注意。誤答肢のパターンを比較表に整理して復習する。誤答肢のパターンを比較表に整理して復習する。誤答肢のパターンを比較表に整理して復習する。誤答肢を比較表に書き出す。,品質確保促進法とは何ですか？,学習の次段：「既存住宅状況調査」と比較表で整理し、numbers / compare から過去問へ。関連用語ハブと比較ページへ進んで定着を確認する。関連用語ハブと比較ページへ進んで定着を確認する。関連用語ハブと比較ページへ進んで定着を確認する。用語ハブ compare へ進む。,品質確保促進法とは何ですか？
団地,区分所有法,区分所有法;横断,団地は区分所有法分野では区分所有法に関する重要概念です。,団地は、団地は区分所有法分野では区分所有法に関する重要概念です。マンション等の区分所有関係を定める基本法。専用部分・共用部分・管理組合が柱。,専有部分;共用部分;管理組合,区分所有法,B,過去問では団地の定義・要件・効果を条文・規約根拠と対応づけるが問われます。団地を類似語と同一視する選択肢に注意してください。団地は区分所有法分野では区分所有法に関する重要概念です。管理業務主任者試験。,団地とは？管理業務主任者試験で押さえる意味と試験ポイント,団地の意味と管理業務主任者試験での判定ポイントを、区分所有法の文脈で整理します。団地は、団地は区分所有法分野では区分所有法に関する重要概念です。マンション等の区分所有関係を定める基本法。専用部分・共用部分・管理組合が柱。,"団地は区分所有法分野では区分所有法に関する重要概念です。管理業務主任者試験では、区分所有法を根拠に定義・要件・効果を問う問題が出ます。

実務・試験ともに「団地の定義・要件・効果を条文・規約根拠と対応づける」が判断の軸になります。選択肢では団地を類似語と同一視する肢が多いため、要件の欠けた肢を消去する思考が有効です。

団地は専有部分、共用部分、管理組合とセットで整理すると理解が定着します。管業マスターの過去問・実践演習で区分所有法フィルタを使い、関連問題を解き直してください。","<table class=""seo-info-table""><thead><tr><th>比較</th><th>団地</th><th>専有部分</th></tr></thead><tbody><tr><th>覚え方</th><td>団地の定義・要件・効果を条文・規約根拠と対応づける</td><td>関連ページで対比</td></tr></tbody></table>",団地の定義・要件・効果を条文・規約根拠と対応づける;区分所有法の根拠を明示できる;関連語（専有部分、共用部分、管理組合）との違いを説明できる,団地を類似語と同一視する;要件の一部だけ暗記して判断する;最新の改正・規約改定を見落とす。,団地＝区分所有法。専有部分と表で対比。（関連用語とセットで暗記）。,団地に関する次の記述のうち、最も適切でないものはどれか。,団地の定義・要件と照らし、条件を満たさない選択肢を選ぶ。,団地の定義を試験用に一言で言うと？,「団地の定義を試験用に一言で言うと？」への答え：団地は区分所有法分野では区分所有法に関する重要概念です。根拠は区分所有法。条文番号と要件をメモに書き出して確認する。条文番号と要件をメモに書き出して確認する。条文番号と要件をメモに書き出して確認する。公式テキスト該当章を開く。,団地と混同しやすい論点は？,試験の出方：区分所有法の根拠を明示できる。四択では条件の主語と効果を分離して読む。過去問で出題形式と正答率を週1回チェックする。過去問で出題形式と正答率を週1回チェックする。過去問で出題形式と正答率を週1回チェックする。過去問で出題形式と正答率を週1回チェックする。過去問1問で正答率を記録する。,誤答の典型：団地を類似語と同一視する;要件の一部だけ暗記して判断する;最新の改正・規約改定を見落とす。一語差の選択肢に注意。誤答肢のパターンを比較表に整理して復習する。誤答肢のパターンを比較表に整理して復習する。誤答肢のパターンを比較表に整理して復習する。誤答肢を比較表に書き出す。,団地とは何ですか？,学習の次段：「専有部分」と比較表で整理し、numbers / compare から過去問へ。関連用語ハブと比較ページへ進んで定着を確認する。関連用語ハブと比較ページへ進んで定着を確認する。関連用語ハブと比較ページへ進んで定着を確認する。関連用語ハブと比較ページへ進んで定着を確認する。用語ハブ compare へ進む。,団地とは何ですか？
地上権,民法・借地借家法,民法・借地借家法;物権,他人の土地に工作物・竹木を所有するため土地を使用する物権（民法265条）。,地上権は、他人の土地に工作物・竹木を所有するため土地を使用する物権（民法265条）。民法・借地借家法の重要論点。,同時履行の抗弁;催告解除;無催告解除,民法第265条,B,過去問では物権性・対抗が問われます。賃借権と混同選択肢に注意してください。他人の土地に工作物・竹木を所有するため土地を使用する物権（民法265条）。管理 学習時は一次情報と照合してください。,地上権とは？管理業務主任者試験で押さえる意味と試験ポイント,地上権の意味と管理業務主任者試験での判定ポイントを、民法第265条の文脈で整理します。地上権は、他人の土地に工作物・竹木を所有するため土地を使用する物権（民法265条）。民法・借地借家法の重要論点。,"他人の土地に工作物・竹木を所有するため土地を使用する物権（民法265条）。管理業務主任者試験では、民法第265条を根拠に定義・要件・効果を問う問題が出ます。

実務・試験ともに「物権性・対抗」が判断の軸になります。選択肢では賃借権と混同肢が多いため、要件の欠けた肢を消去する思考が有効です。

地上権は同時履行の抗弁、催告解除、無催告解除とセットで整理すると理解が定着します。管業マスターの過去問・実践演習で民法・借地借家法フィルタを使い、関連問題を解き直してください。",,物権性・対抗 （試験要点）;民法第265条の根拠を明示できる;関連語（同時履行の抗弁、催告解除、無催告解除）との違いを説明できる,賃借権と混同;要件の一部だけ暗記して判断する;最新の改正・規約改定を見落とす （過去問で要注意）。,地上権＝民法第265条。地役権と表で対比。（関連用語とセットで暗記）。,地上権に関する次の記述のうち、最も適切でないものはどれか。,地上権の定義・要件と照らし、条件を満たさない選択肢を選ぶ。,地上権の定義を試験用に一言で言うと？,「地上権の定義を試験用に一言で言うと？」への答え：他人の土地に工作物・竹木を所有するため土地を使用する物権（民法265条）。根拠は民法第265条。条文番号と要件をメモに書き出して確認する。条文番号と要件をメモに書き出して確認する。条文番号と要件をメモに書き出して確認する。公式テキスト該当章を開く。,地上権と混同しやすい論点は？,試験の出方：民法第265条の根拠を明示できる。四択では条件の主語と効果を分離して読む。過去問で出題形式と正答率を週1回チェックする。過去問で出題形式と正答率を週1回チェックする。過去問で出題形式と正答率を週1回チェックする。過去問で出題形式と正答率を週1回チェックする。過去問1問で正答率を記録する。,誤答の典型：賃借権と混同;要件の一部だけ暗記して判断する;最新の改正・規約改定を見落とす （過去問で要注意）。一語差の選択肢に注意。誤答肢のパターンを比較表に整理して復習する。誤答肢のパターンを比較表に整理して復習する。誤答肢のパターンを比較表に整理して復習する。誤答肢を比較表に書き出す。,地上権とは何ですか？,学習の次段：「同時履行の抗弁」と比較表で整理し、numbers / compare から過去問へ。関連用語ハブと比較ページへ進んで定着を確認する。関連用語ハブと比較ページへ進んで定着を確認する。関連用語ハブと比較ページへ進んで定着を確認する。用語ハブ compare へ進む。,地上権とは何ですか？
地役権,民法・借地借家法,民法・借地借家法;物権,他人の土地を自己の土地の便益のために使用する物権（民法280条）。,地役権は、他人の土地を自己の土地の便益のために使用する物権（民法280条）。民法・借地借家法の重要論点。,同時履行の抗弁;催告解除;無催告解除,民法第280条,B,過去問では要役地・承役地が問われます。地上権と混同選択肢に注意してください。他人の土地を自己の土地の便益のために使用する物権（民法280条）。管理業務主任 学習時は一次情報と照合してください。,地役権とは？管理業務主任者試験で押さえる意味と試験ポイント,地役権の意味と管理業務主任者試験での判定ポイントを、民法第280条の文脈で整理します。地役権は、他人の土地を自己の土地の便益のために使用する物権（民法280条）。民法・借地借家法の重要論点。,"他人の土地を自己の土地の便益のために使用する物権（民法280条）。管理業務主任者試験では、民法第280条を根拠に定義・要件・効果を問う問題が出ます。

実務・試験ともに「要役地・承役地」が判断の軸になります。選択肢では地上権と混同肢が多いため、要件の欠けた肢を消去する思考が有効です。

地役権は同時履行の抗弁、催告解除、無催告解除とセットで整理すると理解が定着します。管業マスターの過去問・実践演習で民法・借地借家法フィルタを使い、関連問題を解き直してください。",,要役地・承役地 （試験要点）;民法第280条の根拠を明示できる;関連語（同時履行の抗弁、催告解除、無催告解除）との違いを説明できる,地上権と混同;要件の一部だけ暗記して判断する;最新の改正・規約改定を見落とす （過去問で要注意）。,地役権＝民法第280条。地上権と表で対比。（関連用語とセットで暗記）。,地役権に関する次の記述のうち、最も適切でないものはどれか。,地役権の定義・要件と照らし、条件を満たさない選択肢を選ぶ。,地役権の定義を試験用に一言で言うと？,「地役権の定義を試験用に一言で言うと？」への答え：他人の土地を自己の土地の便益のために使用する物権（民法280条）。根拠は民法第280条。条文番号と要件をメモに書き出して確認する。条文番号と要件をメモに書き出して確認する。条文番号と要件をメモに書き出して確認する。公式テキスト該当章を開く。,地役権と混同しやすい論点は？,試験の出方：民法第280条の根拠を明示できる。四択では条件の主語と効果を分離して読む。過去問で出題形式と正答率を週1回チェックする。過去問で出題形式と正答率を週1回チェックする。過去問で出題形式と正答率を週1回チェックする。過去問で出題形式と正答率を週1回チェックする。過去問1問で正答率を記録する。,誤答の典型：地上権と混同;要件の一部だけ暗記して判断する;最新の改正・規約改定を見落とす （過去問で要注意）。一語差の選択肢に注意。誤答肢のパターンを比較表に整理して復習する。誤答肢のパターンを比較表に整理して復習する。誤答肢のパターンを比較表に整理して復習する。誤答肢を比較表に書き出す。,地役権とは何ですか？,学習の次段：「同時履行の抗弁」と比較表で整理し、numbers / compare から過去問へ。関連用語ハブと比較ページへ進んで定着を確認する。関連用語ハブと比較ページへ進んで定着を確認する。関連用語ハブと比較ページへ進んで定着を確認する。用語ハブ compare へ進む。,地役権とは何ですか？
夜間急変取扱,標準管理委託契約書・指針,標準管理委託契約書・指針;実務,夜間急変取扱は標準管理委託契約書・指針分野では標準管理委託契約書に関する重要概念です。,夜間急変取扱は、夜間急変取扱は標準管理委託契約書・指針分野では標準管理委託契約書に関する重要概念です。管理委託契約の標準条項。委託費・業務範囲・再委託。,マンション標準管理委託契約書;定額委託業務費;臨時委託業務,標準管理委託契約書,B,過去問では夜間急変取扱の定義・要件・効果を条文・規約根拠と対応づけるが問われます。夜間急変取扱を類似語と同一視する選択肢に注意してください。夜間急変取扱は標準管理委託契約書・指針分野では標準管理委託契約書に関する重要。,夜間急変取扱とは？管理業務主任者試験で押さえる意味と試験ポイント,夜間急変取扱の意味と管理業務主任者試験での判定ポイントを、標準管理委託契約書の文脈で整理します。夜間急変取扱は、夜間急変取扱は標準管理委託契約書・指針分野では標準管理委託契約書に関する重要概念です。管理委託契約の標準条項。委託費・業務範囲・再委託。,"夜間急変取扱は標準管理委託契約書・指針分野では標準管理委託契約書に関する重要概念です。管理業務主任者試験では、標準管理委託契約書を根拠に定義・要件・効果を問う問題が出ます。

実務・試験ともに「夜間急変取扱の定義・要件・効果を条文・規約根拠と対応づける」が判断の軸になります。選択肢では夜間急変取扱を類似語と同一視する肢が多いため、要件の欠けた肢を消去する思考が有効です。

夜間急変取扱はマンション標準管理委託契約書、定額委託業務費、臨時委託業務とセットで整理すると理解が定着します。管業マスターの過去問・実践演習で標準管理委託契約書・指針フィルタを使い、関連問題を解き直してください。","<table class=""seo-info-table""><thead><tr><th>比較</th><th>夜間急変取扱</th><th>マンション標準管理委託契約書</th></tr></thead><tbody><tr><th>覚え方</th><td>夜間急変取扱の定義・要件・効果を条文・規約根拠と対応づける</td><td>関連ページで対比</td></tr></tbody></table>",夜間急変取扱の定義・要件・効果を条文・規約根拠と対応づける;標準管理委託契約書の根拠を明示できる;関連語（マンション標準管理委託契約書、定額委託業務費、臨時委託業務）との違いを説明できる,夜間急変取扱を類似語と同一視する;要件の一部だけ暗記して判断する;最新の改正・規約改定を見落とす。,夜間急変取扱＝標準管理委託契約書。マンション標準管理委託契約書と表で対比。,夜間急変取扱に関する記述として最も不適切なものを選べ。,標準管理委託契約書・指針の原則に照らし、主体・時期・要件のいずれかを欠く選択肢を誤りとして判定する。,夜間急変取扱の定義を試験用に一言で言うと？,「夜間急変取扱の定義を試験用に一言で言うと？」への答え：夜間急変取扱は標準管理委託契約書・指針分野では標準管理委託契約書に関する重要概念です。根拠は標準管理委託契約書。条文番号と要件をメモに書き出して確認する。条文番号と要件をメモに書き出して確認する。公式テキスト該当章を開く。,夜間急変取扱と混同しやすい論点は？,試験の出方：標準管理委託契約書の根拠を明示できる。四択では条件の主語と効果を分離して読む。過去問で出題形式と正答率を週1回チェックする。過去問で出題形式と正答率を週1回チェックする。過去問で出題形式と正答率を週1回チェックする。過去問で出題形式と正答率を週1回チェックする。過去問1問で正答率を記録する。,誤答の典型：夜間急変取扱を類似語と同一視する;要件の一部だけ暗記して判断する;最新の改正・規約改定を見落とす。一語差の選択肢に注意。誤答肢のパターンを比較表に整理して復習する。誤答肢のパターンを比較表に整理して復習する。誤答肢のパターンを比較表に整理して復習する。誤答肢を比較表に書き出す。,夜間急変取扱とは何ですか？,学習の次段：「マンション標準管理委託契約書」と比較表で整理し、numbers / compare から過去問へ。関連用語ハブと比較ページへ進んで定着を確認する。関連用語ハブと比較ページへ進んで定着を確認する。関連用語ハブと比較ページへ進んで定着を確認する。用語ハブ compare へ進む。,夜間急変取扱とは何ですか？
契約の更新,標準管理委託契約書・指針,標準管理委託契約書・指針;契約,契約の更新は標準管理委託契約書・指針分野では標準管理委託契約書に関する重要概念です。,契約の更新は、契約の更新は標準管理委託契約書・指針分野では標準管理委託契約書に関する重要概念です。管理委託契約の標準条項。委託費・業務範囲・再委託。,マンション標準管理委託契約書;定額委託業務費;臨時委託業務,標準管理委託契約書,B,過去問では契約の更新の定義・要件・効果を条文・規約根拠と対応づけるが問われます。契約の更新を類似語と同一視する選択肢に注意してください。契約の更新は標準管理委託契約書・指針分野では標準管理委託契約書に関する重要概。,契約の更新とは？管理業務主任者試験で押さえる意味と試験ポイント,契約の更新の意味と管理業務主任者試験での判定ポイントを、標準管理委託契約書の文脈で整理します。契約の更新は、契約の更新は標準管理委託契約書・指針分野では標準管理委託契約書に関する重要概念です。管理委託契約の標準条項。委託費・業務範囲・再委託。,"契約の更新は標準管理委託契約書・指針分野では標準管理委託契約書に関する重要概念です。管理業務主任者試験では、標準管理委託契約書を根拠に定義・要件・効果を問う問題が出ます。

実務・試験ともに「契約の更新の定義・要件・効果を条文・規約根拠と対応づける」が判断の軸になります。選択肢では契約の更新を類似語と同一視する肢が多いため、要件の欠けた肢を消去する思考が有効です。

契約の更新はマンション標準管理委託契約書、定額委託業務費、臨時委託業務とセットで整理すると理解が定着します。管業マスターの過去問・実践演習で標準管理委託契約書・指針フィルタを使い、関連問題を解き直してください。","<table class=""seo-info-table""><thead><tr><th>比較</th><th>契約の更新</th><th>マンション標準管理委託契約書</th></tr></thead><tbody><tr><th>覚え方</th><td>契約の更新の定義・要件・効果を条文・規約根拠と対応づける</td><td>関連ページで対比</td></tr></tbody></table>",契約の更新の定義・要件・効果を条文・規約根拠と対応づける;標準管理委託契約書の根拠を明示できる;関連語（マンション標準管理委託契約書、定額委託業務費、臨時委託業務）との違いを説明できる,契約の更新を類似語と同一視する;要件の一部だけ暗記して判断する;最新の改正・規約改定を見落とす。,契約の更新＝標準管理委託契約書。マンション標準管理委託契約書と表で対比。,契約の更新に関する記述として最も不適切なものを選べ。,標準管理委託契約書・指針の原則に照らし、主体・時期・要件のいずれかを欠く選択肢を誤りとして判定する。,契約の更新の定義を試験用に一言で言うと？,「契約の更新の定義を試験用に一言で言うと？」への答え：契約の更新は標準管理委託契約書・指針分野では標準管理委託契約書に関する重要概念です。根拠は標準管理委託契約書。条文番号と要件をメモに書き出して確認する。条文番号と要件をメモに書き出して確認する。公式テキスト該当章を開く。,契約の更新と混同しやすい論点は？,試験の出方：標準管理委託契約書の根拠を明示できる。四択では条件の主語と効果を分離して読む。過去問で出題形式と正答率を週1回チェックする。過去問で出題形式と正答率を週1回チェックする。過去問で出題形式と正答率を週1回チェックする。過去問で出題形式と正答率を週1回チェックする。過去問1問で正答率を記録する。,誤答の典型：契約の更新を類似語と同一視する;要件の一部だけ暗記して判断する;最新の改正・規約改定を見落とす。一語差の選択肢に注意。誤答肢のパターンを比較表に整理して復習する。誤答肢のパターンを比較表に整理して復習する。誤答肢のパターンを比較表に整理して復習する。誤答肢を比較表に書き出す。,契約の更新とは何ですか？,学習の次段：「マンション標準管理委託契約書」と比較表で整理し、numbers / compare から過去問へ。関連用語ハブと比較ページへ進んで定着を確認する。関連用語ハブと比較ページへ進んで定着を確認する。関連用語ハブと比較ページへ進んで定着を確認する。用語ハブ compare へ進む。,契約の更新とは何ですか？
契約の解除,民法・借地借家法,民法・借地借家法;頻出,契約関係を将来に向かって消滅させる制度（民法540条）。,"契約の解除は、契約関係を将来に向かって消滅させる制度（民法540条）。民法・借地借家法の重要論点。契約関係を将来に向かって消滅させる制度（民法540条）。管理業務主任者試験では、民法第540条を根拠に定義・要件・効果を問う問題が出ます。

実務・試験ともに「解除原因・解除権者・解除意思表示」が判断の軸になります。選択肢では解除と損害賠。",同時履行の抗弁;催告解除;無催告解除,民法第540条,A,過去問では解除原因・解除権者・解除意思表示が問われます。解除と損害賠償請求が排他と誤解選択肢に注意してください。契約関係を将来に向かって消滅させる制度（民法540条）。管理業務主任者試験では。,契約の解除とは？管理業務主任者試験で押さえる意味と試験ポイント,"契約の解除の意味と管理業務主任者試験での判定ポイントを、民法第540条の文脈で整理します。契約の解除は、契約関係を将来に向かって消滅させる制度（民法540条）。民法・借地借家法の重要論点。契約関係を将来に向かって消滅させる制度（民法540条）。管理業務主任者試験では、民法第540条を根拠に定義・要件・効果を問う問題が出ます。

実務・試験ともに「解除原因・解除権者・解除意思表示」が判断の軸になります。選択肢では解除と損害賠。","契約関係を将来に向かって消滅させる制度（民法540条）。管理業務主任者試験では、民法第540条を根拠に定義・要件・効果を問う問題が出ます。

実務・試験ともに「解除原因・解除権者・解除意思表示」が判断の軸になります。選択肢では解除と損害賠償請求が排他と誤解肢が多いため、要件の欠けた肢を消去する思考が有効です。

契約の解除は同時履行の抗弁、催告解除、無催告解除とセットで整理すると理解が定着します。管業マスターの過去問・実践演習で民法・借地借家法フィルタを使い、関連問題を解き直してください。","<table class=""seo-info-table""><thead><tr><th>比較</th><th>契約の解除</th><th>催告解除</th></tr></thead><tbody><tr><th>覚え方</th><td>解除原因・解除権者・解除意思表示</td><td>関連ページで対比</td></tr></tbody></table>",解除原因・解除権者・解除意思表示;民法第540条の根拠を明示できる;関連語（同時履行の抗弁、催告解除、無催告解除）との違いを説明できる,解除と損害賠償請求が排他と誤解;要件の一部だけ暗記して判断する;最新の改正・規約改定を見落とす。,契約の解除＝民法第540条。催告解除と表で対比。（関連用語とセットで暗記）。,契約の解除に関する次の記述のうち、最も適切でないものはどれか。,解除原因・解除権者・解除意思表示。解除と損害賠償請求が排他と誤解とする記述が誤りになりやすい。,契約の解除の定義を試験用に一言で言うと？,「契約の解除の定義を試験用に一言で言うと？」への答え：契約関係を将来に向かって消滅させる制度（民法540条）。根拠は民法第540条。条文番号と要件をメモに書き出して確認する。条文番号と要件をメモに書き出して確認する。条文番号と要件をメモに書き出して確認する。公式テキスト該当章を開く。,契約の解除と混同しやすい論点は？,試験の出方：民法第540条の根拠を明示できる。四択では条件の主語と効果を分離して読む。過去問で出題形式と正答率を週1回チェックする。過去問で出題形式と正答率を週1回チェックする。過去問で出題形式と正答率を週1回チェックする。過去問で出題形式と正答率を週1回チェックする。過去問1問で正答率を記録する。,誤答の典型：解除と損害賠償請求が排他と誤解;要件の一部だけ暗記して判断する;最新の改正・規約改定を見落とす。一語差の選択肢に注意。誤答肢のパターンを比較表に整理して復習する。誤答肢のパターンを比較表に整理して復習する。誤答肢のパターンを比較表に整理して復習する。誤答肢を比較表に書き出す。,契約の解除とは何ですか？,学習の次段：「同時履行の抗弁」と比較表で整理し、numbers / compare から過去問へ。関連用語ハブと比較ページへ進んで定着を確認する。関連用語ハブと比較ページへ進んで定着を確認する。関連用語ハブと比較ページへ進んで定着を確認する。用語ハブ compare へ進む。,契約の解除とは何ですか？
契約不適合責任,民法・借地借家法,民法・借地借家法;頻出;瑕疵,引渡し時に種類・品質・数量が契約内容に適合しない場合の責任（民法562条）。,契約不適合責任は、引渡し時に種類・品質・数量が契約内容に適合しない場合の責任（民法562条）。民法・借地借家法の重要論点。,同時履行の抗弁;催告解除;無催告解除,民法第562条,A,過去問では追完・減額・解除が問われます。瑕疵担保と旧称混同のみ選択肢に注意してください。引渡し時に種類・品質・数量が契約内容に適合しない場合の責任（民法562条）。管。,契約不適合責任とは？管理業務主任者試験で押さえる意味と試験ポイント,契約不適合責任の意味と管理業務主任者試験での判定ポイントを、民法第562条の文脈で整理します。契約不適合責任は、引渡し時に種類・品質・数量が契約内容に適合しない場合の責任（民法562条）。民法・借地借家法の重要論点。,"引渡し時に種類・品質・数量が契約内容に適合しない場合の責任（民法562条）。管理業務主任者試験では、民法第562条を根拠に定義・要件・効果を問う問題が出ます。

実務・試験ともに「追完・減額・解除」が判断の軸になります。選択肢では瑕疵担保と旧称混同のみ肢が多いため、要件の欠けた肢を消去する思考が有効です。

契約不適合責任は同時履行の抗弁、催告解除、無催告解除とセットで整理すると理解が定着します。管業マスターの過去問・実践演習で民法・借地借家法フィルタを使い、関連問題を解き直してください。",,追完・減額・解除;民法第562条の根拠を明示できる;関連語（同時履行の抗弁、催告解除、無催告解除）との違いを説明できる,瑕疵担保と旧称混同のみ;要件の一部だけ暗記して判断する;最新の改正・規約改定を見落とす。,契約不適合責任＝民法第562条。損害賠償と表で対比。,契約不適合責任に関する次の記述のうち、最も適切でないものはどれか。,追完・減額・解除。瑕疵担保と旧称混同のみとする記述が誤りになりやすい。,契約不適合責任の定義を試験用に一言で言うと？,「契約不適合責任の定義を試験用に一言で言うと？」への答え：引渡し時に種類・品質・数量が契約内容に適合しない場合の責任（民法562条）。根拠は民法第562条。条文番号と要件をメモに書き出して確認する。条文番号と要件をメモに書き出して確認する。公式テキスト該当章を開く。,契約不適合責任と混同しやすい論点は？,試験の出方：民法第562条の根拠を明示できる。四択では条件の主語と効果を分離して読む。過去問で出題形式と正答率を週1回チェックする。過去問で出題形式と正答率を週1回チェックする。過去問で出題形式と正答率を週1回チェックする。過去問で出題形式と正答率を週1回チェックする。過去問1問で正答率を記録する。,誤答の典型：瑕疵担保と旧称混同のみ;要件の一部だけ暗記して判断する;最新の改正・規約改定を見落とす。一語差の選択肢に注意。誤答肢のパターンを比較表に整理して復習する。誤答肢のパターンを比較表に整理して復習する。誤答肢のパターンを比較表に整理して復習する。誤答肢を比較表に書き出す。,契約不適合責任とは何ですか？,学習の次段：「同時履行の抗弁」と比較表で整理し、numbers / compare から過去問へ。関連用語ハブと比較ページへ進んで定着を確認する。関連用語ハブと比較ページへ進んで定着を確認する。関連用語ハブと比較ページへ進んで定着を確認する。用語ハブ compare へ進む。,契約不適合責任とは何ですか？
契約成立時書面,管理適正化法,管理適正化法;頻出;書面,73条書面。委託契約成立時の交付。,契約成立時書面は、73条書面。委託契約成立時の交付。マンション管理の適正化を推進する法律。資格・73条書面・管理計画。,マンション等の管理の適正化の推進に関する法律;管理計画認定制度;管理業務主任者,管理適正化法,A,過去問では契約成立時書面の定義・要件・効果を条文・規約根拠と対応づけるが問われます。契約成立時書面を類似語と同一視する選択肢に注意してください。73条書面。委託契約成立時の交付。管理業務主任者試験では、管理適正化法を根拠に。,契約成立時書面とは？管理業務主任者で押さえる意味と試験ポイント,契約成立時書面の意味と管理業務主任者試験での判定ポイントを、管理適正化法の文脈で整理します。契約成立時書面は、73条書面。委託契約成立時の交付。マンション管理の適正化を推進する法律。資格・73条書面・管理計画。,"73条書面。委託契約成立時の交付。管理業務主任者試験では、管理適正化法を根拠に定義・要件・効果を問う問題が出ます。

実務・試験ともに「契約成立時書面の定義・要件・効果を条文・規約根拠と対応づける」が判断の軸になります。選択肢では契約成立時書面を類似語と同一視する肢が多いため、要件の欠けた肢を消去する思考が有効です。

契約成立時書面はマンション等の管理の適正化の推進に関する法律、管理計画認定制度、管理業務主任者とセットで整理すると理解が定着します。管業マスターの過去問・実践演習で管理適正化法フィルタを使い、関連問題を解き直してください。","<table class=""seo-info-table""><thead><tr><th>比較</th><th>契約成立時書面</th><th>マンション等の管理の適正化の推進に関する法律</th></tr></thead><tbody><tr><th>覚え方</th><td>契約成立時書面の定義・要件・効果を条文・規約根拠と対応づける</td><td>関連ページで対比</td></tr></tbody></table>",契約成立時書面の定義・要件・効果を条文・規約根拠と対応づける;管理適正化法の根拠を明示できる;関連語（マンション等の管理の適正化の推進に関する法律、管理計画認定制度、管理業務主任者）との違いを説明できる,契約成立時書面を類似語と同一視する;要件の一部だけ暗記して判断する;最新の改正・規約改定を見落とす。,契約成立時書面＝管理適正化法。マンション等の管理の適正化の推進に関する法律と表で対比。,契約成立時書面に関する次の記述のうち、最も適切でないものはどれか。,契約成立時書面の定義・要件・効果を条文・規約根拠と対応づける。契約成立時書面を類似語と同一視するとする記述が誤りになりやすい。,契約成立時書面の定義を試験用に一言で言うと？,「契約成立時書面の定義を試験用に一言で言うと？」への答え：73条書面。委託契約成立時の交付。根拠は管理適正化法。条文番号と要件をメモに書き出して確認する。条文番号と要件をメモに書き出して確認する。条文番号と要件をメモに書き出して確認する。条文番号と要件をメモに書き出して確認する。公式テキスト該当章を開く。,契約成立時書面と混同しやすい論点は？,試験の出方：管理適正化法の根拠を明示できる。四択では条件の主語と効果を分離して読む。過去問で出題形式と正答率を週1回チェックする。過去問で出題形式と正答率を週1回チェックする。過去問で出題形式と正答率を週1回チェックする。過去問で出題形式と正答率を週1回チェックする。過去問1問で正答率を記録する。,誤答の典型：契約成立時書面を類似語と同一視する;要件の一部だけ暗記して判断する;最新の改正・規約改定を見落とす。一語差の選択肢に注意。誤答肢のパターンを比較表に整理して復習する。誤答肢のパターンを比較表に整理して復習する。誤答肢のパターンを比較表に整理して復習する。誤答肢を比較表に書き出す。,契約成立時書面とは何ですか？,学習の次段：「マンション等の管理の適正化の推進に関する法律」と比較表で整理し、numbers / compare から過去問へ。関連用語ハブと比較ページへ進んで定着を確認する。関連用語ハブと比較ページへ進んで定着を確認する。関連用語ハブと比較ページへ進んで定着を確認する。用語ハブ compare へ進む。,契約成立時書面とは何ですか？
契約類型の区別,判例・横断総合,判例・横断総合;頻出;横断,請負・委任・寄託・組合の4類型比較が横断論点。,契約類型の区別は、請負・委任・寄託・組合の4類型比較が横断論点。判例・複数分野を横断する論点。比較整理が得点の鍵。,主徴費;管理不全;組合の法人格,民法,A,過去問では契約類型の区別の定義・要件・効果を条文・規約根拠と対応づけるが問われます。契約類型の区別を類似語と同一視する選択肢に注意してください。請負・委任・寄託・組合の4類型比較が横断論点。管理業務主任者試験では、民法を根。,契約類型の区別とは？管理業務主任者試験で押さえる意味と試験ポイント,契約類型の区別の意味と管理業務主任者試験での判定ポイントを、民法の文脈で整理します。契約類型の区別は、請負・委任・寄託・組合の4類型比較が横断論点。判例・複数分野を横断する論点。比較整理が得点の鍵。,"請負・委任・寄託・組合の4類型比較が横断論点。管理業務主任者試験では、民法を根拠に定義・要件・効果を問う問題が出ます。

実務・試験ともに「契約類型の区別の定義・要件・効果を条文・規約根拠と対応づける」が判断の軸になります。選択肢では契約類型の区別を類似語と同一視する肢が多いため、要件の欠けた肢を消去する思考が有効です。

契約類型の区別は主徴費、管理不全、組合の法人格とセットで整理すると理解が定着します。管業マスターの過去問・実践演習で判例・横断総合フィルタを使い、関連問題を解き直してください。","<table class=""seo-info-table""><thead><tr><th>比較</th><th>契約類型の区別</th><th>主徴費</th></tr></thead><tbody><tr><th>覚え方</th><td>契約類型の区別の定義・要件・効果を条文・規約根拠と対応づける</td><td>関連ページで対比</td></tr></tbody></table>",契約類型の区別の定義・要件・効果を条文・規約根拠と対応づける;民法の根拠を明示できる;関連語（主徴費、管理不全、組合の法人格）との違いを説明できる,契約類型の区別を類似語と同一視する;要件の一部だけ暗記して判断する;最新の改正・規約改定を見落とす。,契約類型の区別＝民法。主徴費と表で対比。（関連用語とセットで暗記）。,契約類型の区別に関する次の記述のうち、最も適切でないものはどれか。,契約類型の区別の定義・要件・効果を条文・規約根拠と対応づける。契約類型の区別を類似語と同一視するとする記述が誤りになりやすい。,契約類型の区別の定義を試験用に一言で言うと？,「契約類型の区別の定義を試験用に一言で言うと？」への答え：請負・委任・寄託・組合の4類型比較が横断論点。根拠は民法。条文番号と要件をメモに書き出して確認する。条文番号と要件をメモに書き出して確認する。条文番号と要件をメモに書き出して確認する。公式テキスト該当章を開く。,契約類型の区別と混同しやすい論点は？,試験の出方：民法の根拠を明示できる。四択では条件の主語と効果を分離して読む。過去問で出題形式と正答率を週1回チェックする。過去問で出題形式と正答率を週1回チェックする。過去問で出題形式と正答率を週1回チェックする。過去問で出題形式と正答率を週1回チェックする。過去問1問で正答率を記録する。,誤答の典型：契約類型の区別を類似語と同一視する;要件の一部だけ暗記して判断する;最新の改正・規約改定を見落とす。一語差の選択肢に注意。誤答肢のパターンを比較表に整理して復習する。誤答肢のパターンを比較表に整理して復習する。誤答肢のパターンを比較表に整理して復習する。誤答肢を比較表に書き出す。,契約類型の区別とは何ですか？,学習の次段：「主徴費」と比較表で整理し、numbers / compare から過去問へ。関連用語ハブと比較ページへ進んで定着を確認する。関連用語ハブと比較ページへ進んで定着を確認する。関連用語ハブと比較ページへ進んで定着を確認する。関連用語ハブと比較ページへ進んで定着を確認する。用語ハブ compare へ進む。,契約類型の区別とは何ですか？
契約類型の対応,判例・横断総合,判例・横断総合;横断,契約類型の対応は複数分野にまたがる論点で、比較表で整理すると得点しやすくなります。,契約類型の対応は、契約類型の対応は複数分野にまたがる論点で、比較表で整理すると得点しやすくなります。判例・複数分野を横断する論点。比較整理が得点の鍵。,主徴費;管理不全;組合の法人格,民法,B,過去問では契約類型の対応の定義・要件・効果を条文・規約根拠と対応づけるが問われます。契約類型の対応を類似語と同一視する選択肢に注意してください。契約類型の対応は複数分野にまたがる論点で、比較表で整理すると得点しやすくなります。,契約類型の対応とは？管理業務主任者試験で押さえる意味と試験ポイント,契約類型の対応の意味と管理業務主任者試験での判定ポイントを、民法の文脈で整理します。契約類型の対応は、契約類型の対応は複数分野にまたがる論点で、比較表で整理すると得点しやすくなります。判例・複数分野を横断する論点。比較整理が得点の鍵。,"契約類型の対応は複数分野にまたがる論点で、比較表で整理すると得点しやすくなります。管理業務主任者試験では、民法を根拠に定義・要件・効果を問う問題が出ます。

実務・試験ともに「契約類型の対応の定義・要件・効果を条文・規約根拠と対応づける」が判断の軸になります。選択肢では契約類型の対応を類似語と同一視する肢が多いため、要件の欠けた肢を消去する思考が有効です。

契約類型の対応は主徴費、管理不全、組合の法人格とセットで整理すると理解が定着します。管業マスターの過去問・実践演習で判例・横断総合フィルタを使い、関連問題を解き直してください。","<table class=""seo-info-table""><thead><tr><th>比較</th><th>契約類型の対応</th><th>主徴費</th></tr></thead><tbody><tr><th>覚え方</th><td>契約類型の対応の定義・要件・効果を条文・規約根拠と対応づける</td><td>関連ページで対比</td></tr></tbody></table>",契約類型の対応の定義・要件・効果を条文・規約根拠と対応づける;民法の根拠を明示できる;関連語（主徴費、管理不全、組合の法人格）との違いを説明できる,契約類型の対応を類似語と同一視する;要件の一部だけ暗記して判断する;最新の改正・規約改定を見落とす。,契約類型の対応＝民法。主徴費と表で対比。（関連用語とセットで暗記）。,契約類型の対応に関する次の記述のうち、最も適切でないものはどれか。,契約類型の対応の定義・要件と照らし、条件を満たさない選択肢を選ぶ。,契約類型の対応の定義を試験用に一言で言うと？,「契約類型の対応の定義を試験用に一言で言うと？」への答え：契約類型の対応は複数分野にまたがる論点で、比較表で整理すると得点しやすくなります。根拠は民法。条文番号と要件をメモに書き出して確認する。条文番号と要件をメモに書き出して確認する。条文番号と要件をメモに書き出して確認する。公式テキスト該当章を開く。,契約類型の対応と混同しやすい論点は？,試験の出方：民法の根拠を明示できる。四択では条件の主語と効果を分離して読む。過去問で出題形式と正答率を週1回チェックする。過去問で出題形式と正答率を週1回チェックする。過去問で出題形式と正答率を週1回チェックする。過去問で出題形式と正答率を週1回チェックする。過去問1問で正答率を記録する。,誤答の典型：契約類型の対応を類似語と同一視する;要件の一部だけ暗記して判断する;最新の改正・規約改定を見落とす。一語差の選択肢に注意。誤答肢のパターンを比較表に整理して復習する。誤答肢のパターンを比較表に整理して復習する。誤答肢のパターンを比較表に整理して復習する。誤答肢を比較表に書き出す。,契約類型の対応とは何ですか？,学習の次段：「主徴費」と比較表で整理し、numbers / compare から過去問へ。関連用語ハブと比較ページへ進んで定着を確認する。関連用語ハブと比較ページへ進んで定着を確認する。関連用語ハブと比較ページへ進んで定着を確認する。関連用語ハブと比較ページへ進んで定着を確認する。用語ハブ compare へ進む。,契約類型の対応とは何ですか？
委任契約,民法・借地借家法,民法・借地借家法;契約類型,法律行為を委託し報酬を受ける契約（民法643条）。,"委任契約は、法律行為を委託し報酬を受ける契約（民法643条）。民法・借地借家法の重要論点。法律行為を委託し報酬を受ける契約（民法643条）。管理業務主任者試験では、民法第643条を根拠に定義・要件・効果を問う問題が出ます。

実務・試験ともに「法律行為・任意性」が判断の軸になります。選択肢では請負・組合と混同肢が多いため、要件。",同時履行の抗弁;催告解除;無催告解除,民法第643条,B,過去問では法律行為・任意性が問われます。請負・組合と混同選択肢に注意してください。法律行為を委託し報酬を受ける契約（民法643条）。管理業務主任者試験では、民法。,委任契約とは？管理業務主任者試験で押さえる意味と試験ポイント,"委任契約の意味と管理業務主任者試験での判定ポイントを、民法第643条の文脈で整理します。委任契約は、法律行為を委託し報酬を受ける契約（民法643条）。民法・借地借家法の重要論点。法律行為を委託し報酬を受ける契約（民法643条）。管理業務主任者試験では、民法第643条を根拠に定義・要件・効果を問う問題が出ます。

実務・試験ともに「法律行為・任意性」が判断の軸になります。選択肢では請負・組合と混同肢が多いため、要件。","法律行為を委託し報酬を受ける契約（民法643条）。管理業務主任者試験では、民法第643条を根拠に定義・要件・効果を問う問題が出ます。

実務・試験ともに「法律行為・任意性」が判断の軸になります。選択肢では請負・組合と混同肢が多いため、要件の欠けた肢を消去する思考が有効です。

委任契約は同時履行の抗弁、催告解除、無催告解除とセットで整理すると理解が定着します。管業マスターの過去問・実践演習で民法・借地借家法フィルタを使い、関連問題を解き直してください。","<table class=""seo-info-table""><thead><tr><th>比較項目</th><th>委任契約</th><th>請負契約</th></tr></thead><tbody><tr><th>目的</th><td>事務処理</td><td>仕事の完成</td></tr><tr><th>責任論</th><td>善管注意義務違反</td><td>契約不適合責任</td></tr></tbody></table>",法律行為・任意性;民法第643条の根拠を明示できる;関連語（同時履行の抗弁、催告解除、無催告解除）との違いを説明できる,請負・組合と混同;要件の一部だけ暗記して判断する;最新の改正・規約改定を見落とす。,委任契約＝民法第643条。請負契約と表で対比。（関連用語とセットで暗記）。,委任契約に関する次の記述のうち、最も適切でないものはどれか。,委任契約の定義・要件と照らし、条件を満たさない選択肢を選ぶ。,委任契約の定義を試験用に一言で言うと？,「委任契約の定義を試験用に一言で言うと？」への答え：法律行為を委託し報酬を受ける契約（民法643条）。根拠は民法第643条。条文番号と要件をメモに書き出して確認する。条文番号と要件をメモに書き出して確認する。条文番号と要件をメモに書き出して確認する。公式テキスト該当章を開く。,委任契約と混同しやすい論点は？,試験の出方：民法第643条の根拠を明示できる。四択では条件の主語と効果を分離して読む。過去問で出題形式と正答率を週1回チェックする。過去問で出題形式と正答率を週1回チェックする。過去問で出題形式と正答率を週1回チェックする。過去問で出題形式と正答率を週1回チェックする。過去問1問で正答率を記録する。,誤答の典型：請負・組合と混同;要件の一部だけ暗記して判断する;最新の改正・規約改定を見落とす。一語差の選択肢に注意。誤答肢のパターンを比較表に整理して復習する。誤答肢のパターンを比較表に整理して復習する。誤答肢のパターンを比較表に整理して復習する。誤答肢を比較表に書き出す。,委任契約とは何ですか？,学習の次段：「同時履行の抗弁」と比較表で整理し、numbers / compare から過去問へ。関連用語ハブと比較ページへ進んで定着を確認する。関連用語ハブと比較ページへ進んで定着を確認する。関連用語ハブと比較ページへ進んで定着を確認する。用語ハブ compare へ進む。,委任契約とは何ですか？
委託契約の変更,標準管理委託契約書・指針,標準管理委託契約書・指針;契約,委託契約の変更は標準管理委託契約書・指針分野では標準管理委託契約書に関する重要概念です。,委託契約の変更は、委託契約の変更は標準管理委託契約書・指針分野では標準管理委託契約書に関する重要概念です。管理委託契約の標準条項。委託費・業務範囲・再委託。,マンション標準管理委託契約書;定額委託業務費;臨時委託業務,標準管理委託契約書,B,過去問では委託契約の変更の定義・要件・効果を条文・規約根拠と対応づけるが問われます。委託契約の変更を類似語と同一視する選択肢に注意してください。委託契約の変更は標準管理委託契約書・指針分野では標準管理委託契約書に関する重。,委託契約の変更とは？管理業務主任者試験で押さえる意味と試験ポイント,委託契約の変更の意味と管理業務主任者試験での判定ポイントを、標準管理委託契約書の文脈で整理します。委託契約の変更は、委託契約の変更は標準管理委託契約書・指針分野では標準管理委託契約書に関する重要概念です。管理委託契約の標準条項。委託費・業務範囲・再委託。,"委託契約の変更は標準管理委託契約書・指針分野では標準管理委託契約書に関する重要概念です。管理業務主任者試験では、標準管理委託契約書を根拠に定義・要件・効果を問う問題が出ます。

実務・試験ともに「委託契約の変更の定義・要件・効果を条文・規約根拠と対応づける」が判断の軸になります。選択肢では委託契約の変更を類似語と同一視する肢が多いため、要件の欠けた肢を消去する思考が有効です。

委託契約の変更はマンション標準管理委託契約書、定額委託業務費、臨時委託業務とセットで整理すると理解が定着します。管業マスターの過去問・実践演習で標準管理委託契約書・指針フィルタを使い、関連問題を解き直してください。","<table class=""seo-info-table""><thead><tr><th>比較</th><th>委託契約の変更</th><th>マンション標準管理委託契約書</th></tr></thead><tbody><tr><th>覚え方</th><td>委託契約の変更の定義・要件・効果を条文・規約根拠と対応づける</td><td>関連ページで対比</td></tr></tbody></table>",委託契約の変更の定義・要件・効果を条文・規約根拠と対応づける;標準管理委託契約書の根拠を明示できる;関連語（マンション標準管理委託契約書、定額委託業務費、臨時委託業務）との違いを説明できる,委託契約の変更を類似語と同一視する;要件の一部だけ暗記して判断する;最新の改正・規約改定を見落とす。,委託契約の変更＝標準管理委託契約書。マンション標準管理委託契約書と表で対比。,委託契約の変更に関する記述として最も不適切なものを選べ。,標準管理委託契約書・指針の原則に照らし、主体・時期・要件のいずれかを欠く選択肢を誤りとして判定する。,委託契約の変更の定義を試験用に一言で言うと？,「委託契約の変更の定義を試験用に一言で言うと？」への答え：委託契約の変更は標準管理委託契約書・指針分野では標準管理委託契約書に関する重要概念です。根拠は標準管理委託契約書。条文番号と要件をメモに書き出して確認する。条文番号と要件をメモに書き出して確認する。公式テキスト該当章を開く。,委託契約の変更と混同しやすい論点は？,試験の出方：標準管理委託契約書の根拠を明示できる。四択では条件の主語と効果を分離して読む。過去問で出題形式と正答率を週1回チェックする。過去問で出題形式と正答率を週1回チェックする。過去問で出題形式と正答率を週1回チェックする。過去問で出題形式と正答率を週1回チェックする。過去問1問で正答率を記録する。,誤答の典型：委託契約の変更を類似語と同一視する;要件の一部だけ暗記して判断する;最新の改正・規約改定を見落とす。一語差の選択肢に注意。誤答肢のパターンを比較表に整理して復習する。誤答肢のパターンを比較表に整理して復習する。誤答肢のパターンを比較表に整理して復習する。誤答肢を比較表に書き出す。,委託契約の変更とは何ですか？,学習の次段：「マンション標準管理委託契約書」と比較表で整理し、numbers / compare から過去問へ。関連用語ハブと比較ページへ進んで定着を確認する。関連用語ハブと比較ページへ進んで定着を確認する。関連用語ハブと比較ページへ進んで定着を確認する。用語ハブ compare へ進む。,委託契約の変更とは何ですか？
委託契約の解除,標準管理委託契約書・指針,標準管理委託契約書・指針;契約,委託契約の解除は標準管理委託契約書・指針分野では標準管理委託契約書に関する重要概念です。,委託契約の解除は、委託契約の解除は標準管理委託契約書・指針分野では標準管理委託契約書に関する重要概念です。管理委託契約の標準条項。委託費・業務範囲・再委託。,マンション標準管理委託契約書;定額委託業務費;臨時委託業務,標準管理委託契約書,B,過去問では委託契約の解除の定義・要件・効果を条文・規約根拠と対応づけるが問われます。委託契約の解除を類似語と同一視する選択肢に注意してください。委託契約の解除は標準管理委託契約書・指針分野では標準管理委託契約書に関する重。,委託契約の解除とは？管理業務主任者試験で押さえる意味と試験ポイント,委託契約の解除の意味と管理業務主任者試験での判定ポイントを、標準管理委託契約書の文脈で整理します。委託契約の解除は、委託契約の解除は標準管理委託契約書・指針分野では標準管理委託契約書に関する重要概念です。管理委託契約の標準条項。委託費・業務範囲・再委託。,"委託契約の解除は標準管理委託契約書・指針分野では標準管理委託契約書に関する重要概念です。管理業務主任者試験では、標準管理委託契約書を根拠に定義・要件・効果を問う問題が出ます。

実務・試験ともに「委託契約の解除の定義・要件・効果を条文・規約根拠と対応づける」が判断の軸になります。選択肢では委託契約の解除を類似語と同一視する肢が多いため、要件の欠けた肢を消去する思考が有効です。

委託契約の解除はマンション標準管理委託契約書、定額委託業務費、臨時委託業務とセットで整理すると理解が定着します。管業マスターの過去問・実践演習で標準管理委託契約書・指針フィルタを使い、関連問題を解き直してください。","<table class=""seo-info-table""><thead><tr><th>比較</th><th>委託契約の解除</th><th>マンション標準管理委託契約書</th></tr></thead><tbody><tr><th>覚え方</th><td>委託契約の解除の定義・要件・効果を条文・規約根拠と対応づける</td><td>関連ページで対比</td></tr></tbody></table>",委託契約の解除の定義・要件・効果を条文・規約根拠と対応づける;標準管理委託契約書の根拠を明示できる;関連語（マンション標準管理委託契約書、定額委託業務費、臨時委託業務）との違いを説明できる,委託契約の解除を類似語と同一視する;要件の一部だけ暗記して判断する;最新の改正・規約改定を見落とす。,委託契約の解除＝標準管理委託契約書。マンション標準管理委託契約書と表で対比。,委託契約の解除に関する記述として最も不適切なものを選べ。,標準管理委託契約書・指針の原則に照らし、主体・時期・要件のいずれかを欠く選択肢を誤りとして判定する。,委託契約の解除の定義を試験用に一言で言うと？,「委託契約の解除の定義を試験用に一言で言うと？」への答え：委託契約の解除は標準管理委託契約書・指針分野では標準管理委託契約書に関する重要概念です。根拠は標準管理委託契約書。条文番号と要件をメモに書き出して確認する。条文番号と要件をメモに書き出して確認する。公式テキスト該当章を開く。,委託契約の解除と混同しやすい論点は？,試験の出方：標準管理委託契約書の根拠を明示できる。四択では条件の主語と効果を分離して読む。過去問で出題形式と正答率を週1回チェックする。過去問で出題形式と正答率を週1回チェックする。過去問で出題形式と正答率を週1回チェックする。過去問で出題形式と正答率を週1回チェックする。過去問1問で正答率を記録する。,誤答の典型：委託契約の解除を類似語と同一視する;要件の一部だけ暗記して判断する;最新の改正・規約改定を見落とす。一語差の選択肢に注意。誤答肢のパターンを比較表に整理して復習する。誤答肢のパターンを比較表に整理して復習する。誤答肢のパターンを比較表に整理して復習する。誤答肢を比較表に書き出す。,委託契約の解除とは何ですか？,学習の次段：「マンション標準管理委託契約書」と比較表で整理し、numbers / compare から過去問へ。関連用語ハブと比較ページへ進んで定着を確認する。関連用語ハブと比較ページへ進んで定着を確認する。関連用語ハブと比較ページへ進んで定着を確認する。用語ハブ compare へ進む。,委託契約の解除とは何ですか？
委託業務の範囲,標準管理委託契約書・指針,標準管理委託契約書・指針;契約,委託業務の範囲は標準管理委託契約書・指針分野では標準管理委託契約書に関する重要概念です。,委託業務の範囲は、委託業務の範囲は標準管理委託契約書・指針分野では標準管理委託契約書に関する重要概念です。管理委託契約の標準条項。委託費・業務範囲・再委託。,マンション標準管理委託契約書;定額委託業務費;臨時委託業務,標準管理委託契約書,B,過去問では委託業務の範囲の定義・要件・効果を条文・規約根拠と対応づけるが問われます。委託業務の範囲を類似語と同一視する選択肢に注意してください。委託業務の範囲は標準管理委託契約書・指針分野では標準管理委託契約書に関する重。,委託業務の範囲とは？管理業務主任者試験で押さえる意味と試験ポイント,委託業務の範囲の意味と管理業務主任者試験での判定ポイントを、標準管理委託契約書の文脈で整理します。委託業務の範囲は、委託業務の範囲は標準管理委託契約書・指針分野では標準管理委託契約書に関する重要概念です。管理委託契約の標準条項。委託費・業務範囲・再委託。,"委託業務の範囲は標準管理委託契約書・指針分野では標準管理委託契約書に関する重要概念です。管理業務主任者試験では、標準管理委託契約書を根拠に定義・要件・効果を問う問題が出ます。

実務・試験ともに「委託業務の範囲の定義・要件・効果を条文・規約根拠と対応づける」が判断の軸になります。選択肢では委託業務の範囲を類似語と同一視する肢が多いため、要件の欠けた肢を消去する思考が有効です。

委託業務の範囲はマンション標準管理委託契約書、定額委託業務費、臨時委託業務とセットで整理すると理解が定着します。管業マスターの過去問・実践演習で標準管理委託契約書・指針フィルタを使い、関連問題を解き直してください。","<table class=""seo-info-table""><thead><tr><th>比較</th><th>委託業務の範囲</th><th>マンション標準管理委託契約書</th></tr></thead><tbody><tr><th>覚え方</th><td>委託業務の範囲の定義・要件・効果を条文・規約根拠と対応づける</td><td>関連ページで対比</td></tr></tbody></table>",委託業務の範囲の定義・要件・効果を条文・規約根拠と対応づける;標準管理委託契約書の根拠を明示できる;関連語（マンション標準管理委託契約書、定額委託業務費、臨時委託業務）との違いを説明できる,委託業務の範囲を類似語と同一視する;要件の一部だけ暗記して判断する;最新の改正・規約改定を見落とす。,委託業務の範囲＝標準管理委託契約書。マンション標準管理委託契約書と表で対比。,委託業務の範囲に関する記述として最も不適切なものを選べ。,標準管理委託契約書・指針の原則に照らし、主体・時期・要件のいずれかを欠く選択肢を誤りとして判定する。,委託業務の範囲の定義を試験用に一言で言うと？,「委託業務の範囲の定義を試験用に一言で言うと？」への答え：委託業務の範囲は標準管理委託契約書・指針分野では標準管理委託契約書に関する重要概念です。根拠は標準管理委託契約書。条文番号と要件をメモに書き出して確認する。条文番号と要件をメモに書き出して確認する。公式テキスト該当章を開く。,委託業務の範囲と混同しやすい論点は？,試験の出方：標準管理委託契約書の根拠を明示できる。四択では条件の主語と効果を分離して読む。過去問で出題形式と正答率を週1回チェックする。過去問で出題形式と正答率を週1回チェックする。過去問で出題形式と正答率を週1回チェックする。過去問で出題形式と正答率を週1回チェックする。過去問1問で正答率を記録する。,誤答の典型：委託業務の範囲を類似語と同一視する;要件の一部だけ暗記して判断する;最新の改正・規約改定を見落とす。一語差の選択肢に注意。誤答肢のパターンを比較表に整理して復習する。誤答肢のパターンを比較表に整理して復習する。誤答肢のパターンを比較表に整理して復習する。誤答肢を比較表に書き出す。,委託業務の範囲とは何ですか？,学習の次段：「マンション標準管理委託契約書」と比較表で整理し、numbers / compare から過去問へ。関連用語ハブと比較ページへ進んで定着を確認する。関連用語ハブと比較ページへ進んで定着を確認する。関連用語ハブと比較ページへ進んで定着を確認する。用語ハブ compare へ進む。,委託業務の範囲とは何ですか？
委託者の指示,標準管理委託契約書・指針,標準管理委託契約書・指針;契約,委託者の指示は標準管理委託契約書・指針分野では標準管理委託契約書に関する重要概念です。,委託者の指示は、委託者の指示は標準管理委託契約書・指針分野では標準管理委託契約書に関する重要概念です。管理委託契約の標準条項。委託費・業務範囲・再委託。,マンション標準管理委託契約書;定額委託業務費;臨時委託業務,標準管理委託契約書,B,過去問では委託者の指示の定義・要件・効果を条文・規約根拠と対応づけるが問われます。委託者の指示を類似語と同一視する選択肢に注意してください。委託者の指示は標準管理委託契約書・指針分野では標準管理委託契約書に関する重要。,委託者の指示とは？管理業務主任者試験で押さえる意味と試験ポイント,委託者の指示の意味と管理業務主任者試験での判定ポイントを、標準管理委託契約書の文脈で整理します。委託者の指示は、委託者の指示は標準管理委託契約書・指針分野では標準管理委託契約書に関する重要概念です。管理委託契約の標準条項。委託費・業務範囲・再委託。,"委託者の指示は標準管理委託契約書・指針分野では標準管理委託契約書に関する重要概念です。管理業務主任者試験では、標準管理委託契約書を根拠に定義・要件・効果を問う問題が出ます。

実務・試験ともに「委託者の指示の定義・要件・効果を条文・規約根拠と対応づける」が判断の軸になります。選択肢では委託者の指示を類似語と同一視する肢が多いため、要件の欠けた肢を消去する思考が有効です。

委託者の指示はマンション標準管理委託契約書、定額委託業務費、臨時委託業務とセットで整理すると理解が定着します。管業マスターの過去問・実践演習で標準管理委託契約書・指針フィルタを使い、関連問題を解き直してください。","<table class=""seo-info-table""><thead><tr><th>比較</th><th>委託者の指示</th><th>マンション標準管理委託契約書</th></tr></thead><tbody><tr><th>覚え方</th><td>委託者の指示の定義・要件・効果を条文・規約根拠と対応づける</td><td>関連ページで対比</td></tr></tbody></table>",委託者の指示の定義・要件・効果を条文・規約根拠と対応づける;標準管理委託契約書の根拠を明示できる;関連語（マンション標準管理委託契約書、定額委託業務費、臨時委託業務）との違いを説明できる,委託者の指示を類似語と同一視する;要件の一部だけ暗記して判断する;最新の改正・規約改定を見落とす。,委託者の指示＝標準管理委託契約書。マンション標準管理委託契約書と表で対比。,委託者の指示に関する記述として最も不適切なものを選べ。,標準管理委託契約書・指針の原則に照らし、主体・時期・要件のいずれかを欠く選択肢を誤りとして判定する。,委託者の指示の定義を試験用に一言で言うと？,「委託者の指示の定義を試験用に一言で言うと？」への答え：委託者の指示は標準管理委託契約書・指針分野では標準管理委託契約書に関する重要概念です。根拠は標準管理委託契約書。条文番号と要件をメモに書き出して確認する。条文番号と要件をメモに書き出して確認する。公式テキスト該当章を開く。,委託者の指示と混同しやすい論点は？,試験の出方：標準管理委託契約書の根拠を明示できる。四択では条件の主語と効果を分離して読む。過去問で出題形式と正答率を週1回チェックする。過去問で出題形式と正答率を週1回チェックする。過去問で出題形式と正答率を週1回チェックする。過去問で出題形式と正答率を週1回チェックする。過去問1問で正答率を記録する。,誤答の典型：委託者の指示を類似語と同一視する;要件の一部だけ暗記して判断する;最新の改正・規約改定を見落とす。一語差の選択肢に注意。誤答肢のパターンを比較表に整理して復習する。誤答肢のパターンを比較表に整理して復習する。誤答肢のパターンを比較表に整理して復習する。誤答肢を比較表に書き出す。,委託者の指示とは何ですか？,学習の次段：「マンション標準管理委託契約書」と比較表で整理し、numbers / compare から過去問へ。関連用語ハブと比較ページへ進んで定着を確認する。関連用語ハブと比較ページへ進んで定着を確認する。関連用語ハブと比較ページへ進んで定着を確認する。用語ハブ compare へ進む。,委託者の指示とは何ですか？
媒介契約,宅建業法,宅建業法;契約,媒介契約は宅建業法分野では宅地建物取引業法に関する重要概念です。,媒介契約は、媒介契約は宅建業法分野では宅地建物取引業法に関する重要概念です。不動産取引の規制。35条書面・重要事項説明。,宅地建物取引業;重要事項説明;35条書面,宅地建物取引業法,B,過去問では媒介契約の定義・要件・効果を条文・規約根拠と対応づけるが問われます。媒介契約を類似語と同一視する選択肢に注意してください。媒介契約は宅建業法分野では宅地建物取引業法に関する重要概念です。管理業務主。,媒介契約とは？管理業務主任者試験で押さえる意味と試験ポイント,媒介契約の意味と管理業務主任者試験での判定ポイントを、宅地建物取引業法の文脈で整理します。媒介契約は、媒介契約は宅建業法分野では宅地建物取引業法に関する重要概念です。不動産取引の規制。35条書面・重要事項説明。,"媒介契約は宅建業法分野では宅地建物取引業法に関する重要概念です。管理業務主任者試験では、宅地建物取引業法を根拠に定義・要件・効果を問う問題が出ます。

実務・試験ともに「媒介契約の定義・要件・効果を条文・規約根拠と対応づける」が判断の軸になります。選択肢では媒介契約を類似語と同一視する肢が多いため、要件の欠けた肢を消去する思考が有効です。

媒介契約は宅地建物取引業、重要事項説明、35条書面とセットで整理すると理解が定着します。管業マスターの過去問・実践演習で宅建業法フィルタを使い、関連問題を解き直してください。","<table class=""seo-info-table""><thead><tr><th>比較</th><th>媒介契約</th><th>宅地建物取引業</th></tr></thead><tbody><tr><th>覚え方</th><td>媒介契約の定義・要件・効果を条文・規約根拠と対応づける</td><td>関連ページで対比</td></tr></tbody></table>",媒介契約の定義・要件・効果を条文・規約根拠と対応づける;宅地建物取引業法の根拠を明示できる;関連語（宅地建物取引業、重要事項説明、35条書面）との違いを説明できる,媒介契約を類似語と同一視する;要件の一部だけ暗記して判断する;最新の改正・規約改定を見落とす。,媒介契約＝宅地建物取引業法。宅地建物取引業と表で対比。,媒介契約に関する記述として最も不適切なものを選べ。,宅建業法の原則に照らし、主体・時期・要件のいずれかを欠く選択肢を誤りとして判定する。,媒介契約の定義を試験用に一言で言うと？,「媒介契約の定義を試験用に一言で言うと？」への答え：媒介契約は宅建業法分野では宅地建物取引業法に関する重要概念です。根拠は宅地建物取引業法。条文番号と要件をメモに書き出して確認する。条文番号と要件をメモに書き出して確認する。条文番号と要件をメモに書き出して確認する。公式テキスト該当章を開く。,媒介契約と混同しやすい論点は？,試験の出方：宅地建物取引業法の根拠を明示できる。四択では条件の主語と効果を分離して読む。過去問で出題形式と正答率を週1回チェックする。過去問で出題形式と正答率を週1回チェックする。過去問で出題形式と正答率を週1回チェックする。過去問で出題形式と正答率を週1回チェックする。過去問1問で正答率を記録する。,誤答の典型：媒介契約を類似語と同一視する;要件の一部だけ暗記して判断する;最新の改正・規約改定を見落とす。一語差の選択肢に注意。誤答肢のパターンを比較表に整理して復習する。誤答肢のパターンを比較表に整理して復習する。誤答肢のパターンを比較表に整理して復習する。誤答肢を比較表に書き出す。,媒介契約とは何ですか？,学習の次段：「宅地建物取引業」と比較表で整理し、numbers / compare から過去問へ。関連用語ハブと比較ページへ進んで定着を確認する。関連用語ハブと比較ページへ進んで定着を確認する。関連用語ハブと比較ページへ進んで定着を確認する。用語ハブ compare へ進む。,媒介契約とは何ですか？
媒介契約書,宅建業法,宅建業法;契約,媒介契約書は宅建業法分野では宅地建物取引業法に関する重要概念です。,媒介契約書は、媒介契約書は宅建業法分野では宅地建物取引業法に関する重要概念です。不動産取引の規制。35条書面・重要事項説明。,宅地建物取引業;重要事項説明;35条書面,宅地建物取引業法,B,過去問では媒介契約書の定義・要件・効果を条文・規約根拠と対応づけるが問われます。媒介契約書を類似語と同一視する選択肢に注意してください。媒介契約書は宅建業法分野では宅地建物取引業法に関する重要概念です。管理業務。,媒介契約書とは？管理業務主任者試験で押さえる意味と試験ポイント,媒介契約書の意味と管理業務主任者試験での判定ポイントを、宅地建物取引業法の文脈で整理します。媒介契約書は、媒介契約書は宅建業法分野では宅地建物取引業法に関する重要概念です。不動産取引の規制。35条書面・重要事項説明。,"媒介契約書は宅建業法分野では宅地建物取引業法に関する重要概念です。管理業務主任者試験では、宅地建物取引業法を根拠に定義・要件・効果を問う問題が出ます。

実務・試験ともに「媒介契約書の定義・要件・効果を条文・規約根拠と対応づける」が判断の軸になります。選択肢では媒介契約書を類似語と同一視する肢が多いため、要件の欠けた肢を消去する思考が有効です。

媒介契約書は宅地建物取引業、重要事項説明、35条書面とセットで整理すると理解が定着します。管業マスターの過去問・実践演習で宅建業法フィルタを使い、関連問題を解き直してください。","<table class=""seo-info-table""><thead><tr><th>比較</th><th>媒介契約書</th><th>宅地建物取引業</th></tr></thead><tbody><tr><th>覚え方</th><td>媒介契約書の定義・要件・効果を条文・規約根拠と対応づける</td><td>関連ページで対比</td></tr></tbody></table>",媒介契約書の定義・要件・効果を条文・規約根拠と対応づける;宅地建物取引業法の根拠を明示できる;関連語（宅地建物取引業、重要事項説明、35条書面）との違いを説明できる,媒介契約書を類似語と同一視する;要件の一部だけ暗記して判断する;最新の改正・規約改定を見落とす。,媒介契約書＝宅地建物取引業法。宅地建物取引業と表で対比。,媒介契約書に関する記述として最も不適切なものを選べ。,宅建業法の原則に照らし、主体・時期・要件のいずれかを欠く選択肢を誤りとして判定する。,媒介契約書の定義を試験用に一言で言うと？,「媒介契約書の定義を試験用に一言で言うと？」への答え：媒介契約書は宅建業法分野では宅地建物取引業法に関する重要概念です。根拠は宅地建物取引業法。条文番号と要件をメモに書き出して確認する。条文番号と要件をメモに書き出して確認する。条文番号と要件をメモに書き出して確認する。公式テキスト該当章を開く。,媒介契約書と混同しやすい論点は？,試験の出方：宅地建物取引業法の根拠を明示できる。四択では条件の主語と効果を分離して読む。過去問で出題形式と正答率を週1回チェックする。過去問で出題形式と正答率を週1回チェックする。過去問で出題形式と正答率を週1回チェックする。過去問で出題形式と正答率を週1回チェックする。過去問1問で正答率を記録する。,誤答の典型：媒介契約書を類似語と同一視する;要件の一部だけ暗記して判断する;最新の改正・規約改定を見落とす。一語差の選択肢に注意。誤答肢のパターンを比較表に整理して復習する。誤答肢のパターンを比較表に整理して復習する。誤答肢のパターンを比較表に整理して復習する。誤答肢を比較表に書き出す。,媒介契約書とは何ですか？,学習の次段：「宅地建物取引業」と比較表で整理し、numbers / compare から過去問へ。関連用語ハブと比較ページへ進んで定着を確認する。関連用語ハブと比較ページへ進んで定着を確認する。関連用語ハブと比較ページへ進んで定着を確認する。用語ハブ compare へ進む。,媒介契約書とは何ですか？
宅地建物取引士,宅建業法,宅建業法;資格,宅地建物取引士は宅建業法分野では宅地建物取引業法に関する重要概念です。,宅地建物取引士は、宅地建物取引士は宅建業法分野では宅地建物取引業法に関する重要概念です。不動産取引の規制。35条書面・重要事項説明。,宅地建物取引業;重要事項説明;35条書面,宅地建物取引業法,B,過去問では宅地建物取引士の定義・要件・効果を条文・規約根拠と対応づけるが問われます。宅地建物取引士を類似語と同一視する選択肢に注意してください。宅地建物取引士は宅建業法分野では宅地建物取引業法に関する重要概念です。管理。,宅地建物取引士とは？管理業務主任者試験で押さえる意味と試験ポイント,宅地建物取引士の意味と管理業務主任者試験での判定ポイントを、宅地建物取引業法の文脈で整理します。宅地建物取引士は、宅地建物取引士は宅建業法分野では宅地建物取引業法に関する重要概念です。不動産取引の規制。35条書面・重要事項説明。,"宅地建物取引士は宅建業法分野では宅地建物取引業法に関する重要概念です。管理業務主任者試験では、宅地建物取引業法を根拠に定義・要件・効果を問う問題が出ます。

実務・試験ともに「宅地建物取引士の定義・要件・効果を条文・規約根拠と対応づける」が判断の軸になります。選択肢では宅地建物取引士を類似語と同一視する肢が多いため、要件の欠けた肢を消去する思考が有効です。

宅地建物取引士は宅地建物取引業、重要事項説明、35条書面とセットで整理すると理解が定着します。管業マスターの過去問・実践演習で宅建業法フィルタを使い、関連問題を解き直してください。","<table class=""seo-info-table""><thead><tr><th>比較</th><th>宅地建物取引士</th><th>宅地建物取引業</th></tr></thead><tbody><tr><th>覚え方</th><td>宅地建物取引士の定義・要件・効果を条文・規約根拠と対応づける</td><td>関連ページで対比</td></tr></tbody></table>",宅地建物取引士の定義・要件・効果を条文・規約根拠と対応づける;宅地建物取引業法の根拠を明示できる;関連語（宅地建物取引業、重要事項説明、35条書面）との違いを説明できる,宅地建物取引士を類似語と同一視する;要件の一部だけ暗記して判断する;最新の改正・規約改定を見落とす。,宅地建物取引士＝宅地建物取引業法。宅地建物取引業と表で対比。,宅地建物取引士に関する記述として最も不適切なものを選べ。,宅建業法の原則に照らし、主体・時期・要件のいずれかを欠く選択肢を誤りとして判定する。,宅地建物取引士の定義を試験用に一言で言うと？,「宅地建物取引士の定義を試験用に一言で言うと？」への答え：宅地建物取引士は宅建業法分野では宅地建物取引業法に関する重要概念です。根拠は宅地建物取引業法。条文番号と要件をメモに書き出して確認する。条文番号と要件をメモに書き出して確認する。条文番号と要件をメモに書き出して確認する。公式テキスト該当章を開く。,宅地建物取引士と混同しやすい論点は？,試験の出方：宅地建物取引業法の根拠を明示できる。四択では条件の主語と効果を分離して読む。過去問で出題形式と正答率を週1回チェックする。過去問で出題形式と正答率を週1回チェックする。過去問で出題形式と正答率を週1回チェックする。過去問で出題形式と正答率を週1回チェックする。過去問1問で正答率を記録する。,誤答の典型：宅地建物取引士を類似語と同一視する;要件の一部だけ暗記して判断する;最新の改正・規約改定を見落とす。一語差の選択肢に注意。誤答肢のパターンを比較表に整理して復習する。誤答肢のパターンを比較表に整理して復習する。誤答肢のパターンを比較表に整理して復習する。誤答肢を比較表に書き出す。,宅地建物取引士とは何ですか？,学習の次段：「宅地建物取引業」と比較表で整理し、numbers / compare から過去問へ。関連用語ハブと比較ページへ進んで定着を確認する。関連用語ハブと比較ページへ進んで定着を確認する。関連用語ハブと比較ページへ進んで定着を確認する。用語ハブ compare へ進む。,宅地建物取引士とは何ですか？
宅地建物取引業,宅建業法,宅建業法;法令,宅建業法に基づく不動産取引業。35条・37条書面。,宅地建物取引業は、宅建業法に基づく不動産取引業。35条・37条書面。不動産取引の規制。35条書面・重要事項説明。,重要事項説明;35条書面;37条書面,宅地建物取引業法,A,過去問では宅地建物取引業の定義・要件・効果を条文・規約根拠と対応づけるが問われます。宅地建物取引業を類似語と同一視する選択肢に注意してください。宅建業法に基づく不動産取引業。35条・37条書面。管理業務主任者試験では、宅地。,宅地建物取引業とは？管理業務主任者試験で押さえる意味と試験ポイント,宅地建物取引業の意味と管理業務主任者試験での判定ポイントを、宅地建物取引業法の文脈で整理します。宅地建物取引業は、宅建業法に基づく不動産取引業。35条・37条書面。不動産取引の規制。35条書面・重要事項説明。,"宅建業法に基づく不動産取引業。35条・37条書面。管理業務主任者試験では、宅地建物取引業法を根拠に定義・要件・効果を問う問題が出ます。

実務・試験ともに「宅地建物取引業の定義・要件・効果を条文・規約根拠と対応づける」が判断の軸になります。選択肢では宅地建物取引業を類似語と同一視する肢が多いため、要件の欠けた肢を消去する思考が有効です。

宅地建物取引業は重要事項説明、35条書面、37条書面とセットで整理すると理解が定着します。管業マスターの過去問・実践演習で宅建業法フィルタを使い、関連問題を解き直してください。","<table class=""seo-info-table""><thead><tr><th>比較</th><th>宅地建物取引業</th><th>重要事項説明</th></tr></thead><tbody><tr><th>覚え方</th><td>宅地建物取引業の定義・要件・効果を条文・規約根拠と対応づける</td><td>関連ページで対比</td></tr></tbody></table>",宅地建物取引業の定義・要件・効果を条文・規約根拠と対応づける;宅地建物取引業法の根拠を明示できる;関連語（重要事項説明、35条書面、37条書面）との違いを説明できる,宅地建物取引業を類似語と同一視する;要件の一部だけ暗記して判断する;最新の改正・規約改定を見落とす。,宅地建物取引業＝宅地建物取引業法。重要事項説明と表で対比。,宅地建物取引業に関する次の記述のうち、最も適切でないものはどれか。,宅地建物取引業の定義・要件・効果を条文・規約根拠と対応づける。宅地建物取引業を類似語と同一視するとする記述が誤りになりやすい。,宅地建物取引業の定義を試験用に一言で言うと？,「宅地建物取引業の定義を試験用に一言で言うと？」への答え：宅建業法に基づく不動産取引業。35条・37条書面。根拠は宅地建物取引業法。条文番号と要件をメモに書き出して確認する。条文番号と要件をメモに書き出して確認する。条文番号と要件をメモに書き出して確認する。公式テキスト該当章を開く。,宅地建物取引業と混同しやすい論点は？,試験の出方：宅地建物取引業法の根拠を明示できる。四択では条件の主語と効果を分離して読む。過去問で出題形式と正答率を週1回チェックする。過去問で出題形式と正答率を週1回チェックする。過去問で出題形式と正答率を週1回チェックする。過去問で出題形式と正答率を週1回チェックする。過去問1問で正答率を記録する。,誤答の典型：宅地建物取引業を類似語と同一視する;要件の一部だけ暗記して判断する;最新の改正・規約改定を見落とす。一語差の選択肢に注意。誤答肢のパターンを比較表に整理して復習する。誤答肢のパターンを比較表に整理して復習する。誤答肢のパターンを比較表に整理して復習する。誤答肢を比較表に書き出す。,宅地建物取引業とは何ですか？,学習の次段：「重要事項説明」と比較表で整理し、numbers / compare から過去問へ。関連用語ハブと比較ページへ進んで定着を確認する。関連用語ハブと比較ページへ進んで定着を確認する。関連用語ハブと比較ページへ進んで定着を確認する。用語ハブ compare へ進む。,宅地建物取引業とは何ですか？
宅地建物取引業法,宅建業法,宅建業法;法令;基本,宅建業法の正式名称。35条・37条。,宅地建物取引業法は、宅建業法の正式名称。35条・37条。不動産取引の規制。35条書面・重要事項説明。,宅地建物取引業;重要事項説明;35条書面,宅地建物取引業法,A,過去問では宅地建物取引業法の定義・要件・効果を条文・規約根拠と対応づけるが問われます。宅地建物取引業法を類似語と同一視する選択肢に注意してください。宅建業法の正式名称。35条・37条。管理業務主任者試験では、宅地建物取引業法を。,宅地建物取引業法とは？管理業務主任者試験で押さえる意味と試験ポイント,宅地建物取引業法の意味と管理業務主任者試験での判定ポイントを、宅地建物取引業法の文脈で整理します。宅地建物取引業法は、宅建業法の正式名称。35条・37条。不動産取引の規制。35条書面・重要事項説明。,"宅建業法の正式名称。35条・37条。管理業務主任者試験では、宅地建物取引業法を根拠に定義・要件・効果を問う問題が出ます。

実務・試験ともに「宅地建物取引業法の定義・要件・効果を条文・規約根拠と対応づける」が判断の軸になります。選択肢では宅地建物取引業法を類似語と同一視する肢が多いため、要件の欠けた肢を消去する思考が有効です。

宅地建物取引業法は宅地建物取引業、重要事項説明、35条書面とセットで整理すると理解が定着します。管業マスターの過去問・実践演習で宅建業法フィルタを使い、関連問題を解き直してください。","<table class=""seo-info-table""><thead><tr><th>比較</th><th>宅地建物取引業法</th><th>宅地建物取引業</th></tr></thead><tbody><tr><th>覚え方</th><td>宅地建物取引業法の定義・要件・効果を条文・規約根拠と対応づける</td><td>関連ページで対比</td></tr></tbody></table>",宅地建物取引業法の定義・要件・効果を条文・規約根拠と対応づける;宅地建物取引業法の根拠を明示できる;関連語（宅地建物取引業、重要事項説明、35条書面）との違いを説明できる,宅地建物取引業法を類似語と同一視する;要件の一部だけ暗記して判断する;最新の改正・規約改定を見落とす。,宅地建物取引業法＝宅地建物取引業法。宅地建物取引業と表で対比。,宅地建物取引業法に関する次の記述のうち、最も適切でないものはどれか。,宅地建物取引業法の定義・要件・効果を条文・規約根拠と対応づける。宅地建物取引業法を類似語と同一視するとする記述が誤りになりやすい。,宅地建物取引業法の定義を試験用に一言で言うと？,「宅地建物取引業法の定義を試験用に一言で言うと？」への答え：宅建業法の正式名称。35条・37条。根拠は宅地建物取引業法。条文番号と要件をメモに書き出して確認する。条文番号と要件をメモに書き出して確認する。条文番号と要件をメモに書き出して確認する。公式テキスト該当章を開く。,宅地建物取引業法と混同しやすい論点は？,試験の出方：宅地建物取引業法の根拠を明示できる。四択では条件の主語と効果を分離して読む。過去問で出題形式と正答率を週1回チェックする。過去問で出題形式と正答率を週1回チェックする。過去問で出題形式と正答率を週1回チェックする。過去問で出題形式と正答率を週1回チェックする。過去問1問で正答率を記録する。,誤答の典型：宅地建物取引業法を類似語と同一視する;要件の一部だけ暗記して判断する;最新の改正・規約改定を見落とす。一語差の選択肢に注意。誤答肢のパターンを比較表に整理して復習する。誤答肢のパターンを比較表に整理して復習する。誤答肢のパターンを比較表に整理して復習する。誤答肢を比較表に書き出す。,宅地建物取引業法とは何ですか？,学習の次段：「宅地建物取引業」と比較表で整理し、numbers / compare から過去問へ。関連用語ハブと比較ページへ進んで定着を確認する。関連用語ハブと比較ページへ進んで定着を確認する。関連用語ハブと比較ページへ進んで定着を確認する。用語ハブ compare へ進む。,宅地建物取引業法とは何ですか？
宅建業者,宅建業法,宅建業法;業者,宅建業者は宅建業法分野では宅地建物取引業法に関する重要概念です。,宅建業者は、宅建業者は宅建業法分野では宅地建物取引業法に関する重要概念です。不動産取引の規制。35条書面・重要事項説明。,宅地建物取引業;重要事項説明;35条書面,宅地建物取引業法,B,過去問では宅建業者の定義・要件・効果を条文・規約根拠と対応づけるが問われます。宅建業者を類似語と同一視する選択肢に注意してください。宅建業者は宅建業法分野では宅地建物取引業法に関する重要概念です。管理業務主。,宅建業者とは？管理業務主任者試験で押さえる意味と試験ポイント,宅建業者の意味と管理業務主任者試験での判定ポイントを、宅地建物取引業法の文脈で整理します。宅建業者は、宅建業者は宅建業法分野では宅地建物取引業法に関する重要概念です。不動産取引の規制。35条書面・重要事項説明。,"宅建業者は宅建業法分野では宅地建物取引業法に関する重要概念です。管理業務主任者試験では、宅地建物取引業法を根拠に定義・要件・効果を問う問題が出ます。

実務・試験ともに「宅建業者の定義・要件・効果を条文・規約根拠と対応づける」が判断の軸になります。選択肢では宅建業者を類似語と同一視する肢が多いため、要件の欠けた肢を消去する思考が有効です。

宅建業者は宅地建物取引業、重要事項説明、35条書面とセットで整理すると理解が定着します。管業マスターの過去問・実践演習で宅建業法フィルタを使い、関連問題を解き直してください。","<table class=""seo-info-table""><thead><tr><th>比較</th><th>宅建業者</th><th>宅地建物取引業</th></tr></thead><tbody><tr><th>覚え方</th><td>宅建業者の定義・要件・効果を条文・規約根拠と対応づける</td><td>関連ページで対比</td></tr></tbody></table>",宅建業者の定義・要件・効果を条文・規約根拠と対応づける;宅地建物取引業法の根拠を明示できる;関連語（宅地建物取引業、重要事項説明、35条書面）との違いを説明できる,宅建業者を類似語と同一視する;要件の一部だけ暗記して判断する;最新の改正・規約改定を見落とす。,宅建業者＝宅地建物取引業法。宅地建物取引業と表で対比。,宅建業者に関する記述として最も不適切なものを選べ。,宅建業法の原則に照らし、主体・時期・要件のいずれかを欠く選択肢を誤りとして判定する。,宅建業者の定義を試験用に一言で言うと？,「宅建業者の定義を試験用に一言で言うと？」への答え：宅建業者は宅建業法分野では宅地建物取引業法に関する重要概念です。根拠は宅地建物取引業法。条文番号と要件をメモに書き出して確認する。条文番号と要件をメモに書き出して確認する。条文番号と要件をメモに書き出して確認する。公式テキスト該当章を開く。,宅建業者と混同しやすい論点は？,試験の出方：宅地建物取引業法の根拠を明示できる。四択では条件の主語と効果を分離して読む。過去問で出題形式と正答率を週1回チェックする。過去問で出題形式と正答率を週1回チェックする。過去問で出題形式と正答率を週1回チェックする。過去問で出題形式と正答率を週1回チェックする。過去問1問で正答率を記録する。,誤答の典型：宅建業者を類似語と同一視する;要件の一部だけ暗記して判断する;最新の改正・規約改定を見落とす。一語差の選択肢に注意。誤答肢のパターンを比較表に整理して復習する。誤答肢のパターンを比較表に整理して復習する。誤答肢のパターンを比較表に整理して復習する。誤答肢を比較表に書き出す。,宅建業者とは何ですか？,学習の次段：「宅地建物取引業」と比較表で整理し、numbers / compare から過去問へ。関連用語ハブと比較ページへ進んで定着を確認する。関連用語ハブと比較ページへ進んで定着を確認する。関連用語ハブと比較ページへ進んで定着を確認する。用語ハブ compare へ進む。,宅建業者とは何ですか？
定期建物賃貸借,民法・借地借家法,民法・借地借家法;頻出;賃貸借,更新がなく期間満了で終了する建物賃貸借（借地借家法38条）。,定期建物賃貸借は、更新がなく期間満了で終了する建物賃貸借（借地借家法38条）。民法・借地借家法の重要論点。,同時履行の抗弁;催告解除;無催告解除,借地借家法第38条,A,過去問では更新なし・事前説明が問われます。普通借家と混同選択肢に注意してください。更新がなく期間満了で終了する建物賃貸借（借地借家法38条）。管理業務主任者試験。,定期建物賃貸借とは？管理業務主任者試験で押さえる意味と試験ポイント,定期建物賃貸借の意味と管理業務主任者試験での判定ポイントを、借地借家法第38条の文脈で整理します。定期建物賃貸借は、更新がなく期間満了で終了する建物賃貸借（借地借家法38条）。民法・借地借家法の重要論点。,"更新がなく期間満了で終了する建物賃貸借（借地借家法38条）。管理業務主任者試験では、借地借家法第38条を根拠に定義・要件・効果を問う問題が出ます。

実務・試験ともに「更新なし・事前説明」が判断の軸になります。選択肢では普通借家と混同肢が多いため、要件の欠けた肢を消去する思考が有効です。

定期建物賃貸借は同時履行の抗弁、催告解除、無催告解除とセットで整理すると理解が定着します。管業マスターの過去問・実践演習で民法・借地借家法フィルタを使い、関連問題を解き直してください。",,更新なし・事前説明;借地借家法第38条の根拠を明示できる;関連語（同時履行の抗弁、催告解除、無催告解除）との違いを説明できる,普通借家と混同;要件の一部だけ暗記して判断する;最新の改正・規約改定を見落とす （過去問で要注意）。,定期建物賃貸借＝借地借家法第38条。賃貸借契約と表で対比。,定期建物賃貸借に関する次の記述のうち、最も適切でないものはどれか。,更新なし・事前説明。普通借家と混同とする記述が誤りになりやすい。,定期建物賃貸借の定義を試験用に一言で言うと？,「定期建物賃貸借の定義を試験用に一言で言うと？」への答え：更新がなく期間満了で終了する建物賃貸借（借地借家法38条）。根拠は借地借家法第38条。条文番号と要件をメモに書き出して確認する。条文番号と要件をメモに書き出して確認する。条文番号と要件をメモに書き出して確認する。公式テキスト該当章を開く。,定期建物賃貸借と混同しやすい論点は？,試験の出方：借地借家法第38条の根拠を明示できる。四択では条件の主語と効果を分離して読む。過去問で出題形式と正答率を週1回チェックする。過去問で出題形式と正答率を週1回チェックする。過去問で出題形式と正答率を週1回チェックする。過去問で出題形式と正答率を週1回チェックする。過去問1問で正答率を記録する。,誤答の典型：普通借家と混同;要件の一部だけ暗記して判断する;最新の改正・規約改定を見落とす （過去問で要注意）。一語差の選択肢に注意。誤答肢のパターンを比較表に整理して復習する。誤答肢のパターンを比較表に整理して復習する。誤答肢のパターンを比較表に整理して復習する。誤答肢を比較表に書き出す。,定期建物賃貸借とは何ですか？,学習の次段：「同時履行の抗弁」と比較表で整理し、numbers / compare から過去問へ。関連用語ハブと比較ページへ進んで定着を確認する。関連用語ハブと比較ページへ進んで定着を確認する。関連用語ハブと比較ページへ進んで定着を確認する。用語ハブ compare へ進む。,定期建物賃貸借とは何ですか？
定額委託業務,標準管理委託契約書・指針,標準管理委託契約書・指針;頻出,定例委託業務の範囲と委託費。,"定額委託業務は、定例委託業務の範囲と委託費。管理委託契約の標準条項。委託費・業務範囲・再委託。定例委託業務の範囲と委託費。管理業務主任者試験では、標準管理委託契約書を根拠に定義・要件・効果を問う問題が出ます。

実務・試験ともに「定額委託業務の定義・要件・効果を条文・規約根拠と対応づける」が判断の軸になります。選択肢では定額委託業。",マンション標準管理委託契約書;定額委託業務費;臨時委託業務,標準管理委託契約書,A,過去問では定額委託業務の定義・要件・効果を条文・規約根拠と対応づけるが問われます。定額委託業務を類似語と同一視する選択肢に注意してください。定例委託業務の範囲と委託費。管理業務主任者試験では、標準管理委託契約書を根拠に。,定額委託業務とは？管理業務主任者試験で押さえる意味と試験ポイント,"定額委託業務の意味と管理業務主任者試験での判定ポイントを、標準管理委託契約書の文脈で整理します。定額委託業務は、定例委託業務の範囲と委託費。管理委託契約の標準条項。委託費・業務範囲・再委託。定例委託業務の範囲と委託費。管理業務主任者試験では、標準管理委託契約書を根拠に定義・要件・効果を問う問題が出ます。

実務・試験ともに「定額委託業務の定義・要件・効果を条文・規約根拠と対応づける」が判断の軸になります。選択肢では定額委託業。","定例委託業務の範囲と委託費。管理業務主任者試験では、標準管理委託契約書を根拠に定義・要件・効果を問う問題が出ます。

実務・試験ともに「定額委託業務の定義・要件・効果を条文・規約根拠と対応づける」が判断の軸になります。選択肢では定額委託業務を類似語と同一視する肢が多いため、要件の欠けた肢を消去する思考が有効です。

定額委託業務はマンション標準管理委託契約書、定額委託業務費、臨時委託業務とセットで整理すると理解が定着します。管業マスターの過去問・実践演習で標準管理委託契約書・指針フィルタを使い、関連問題を解き直してください。","<table class=""seo-info-table""><thead><tr><th>比較</th><th>定額委託業務</th><th>マンション標準管理委託契約書</th></tr></thead><tbody><tr><th>覚え方</th><td>定額委託業務の定義・要件・効果を条文・規約根拠と対応づける</td><td>関連ページで対比</td></tr></tbody></table>",定額委託業務の定義・要件・効果を条文・規約根拠と対応づける;標準管理委託契約書の根拠を明示できる;関連語（マンション標準管理委託契約書、定額委託業務費、臨時委託業務）との違いを説明できる,定額委託業務を類似語と同一視する;要件の一部だけ暗記して判断する;最新の改正・規約改定を見落とす。,定額委託業務＝標準管理委託契約書。マンション標準管理委託契約書と表で対比。,定額委託業務に関する次の記述のうち、最も適切でないものはどれか。,定額委託業務の定義・要件・効果を条文・規約根拠と対応づける。定額委託業務を類似語と同一視するとする記述が誤りになりやすい。,定額委託業務の定義を試験用に一言で言うと？,「定額委託業務の定義を試験用に一言で言うと？」への答え：定例委託業務の範囲と委託費。根拠は標準管理委託契約書。条文番号と要件をメモに書き出して確認する。条文番号と要件をメモに書き出して確認する。条文番号と要件をメモに書き出して確認する。条文番号と要件をメモに書き出して確認する。公式テキスト該当章を開く。,定額委託業務と混同しやすい論点は？,試験の出方：標準管理委託契約書の根拠を明示できる。四択では条件の主語と効果を分離して読む。過去問で出題形式と正答率を週1回チェックする。過去問で出題形式と正答率を週1回チェックする。過去問で出題形式と正答率を週1回チェックする。過去問で出題形式と正答率を週1回チェックする。過去問1問で正答率を記録する。,誤答の典型：定額委託業務を類似語と同一視する;要件の一部だけ暗記して判断する;最新の改正・規約改定を見落とす。一語差の選択肢に注意。誤答肢のパターンを比較表に整理して復習する。誤答肢のパターンを比較表に整理して復習する。誤答肢のパターンを比較表に整理して復習する。誤答肢を比較表に書き出す。,定額委託業務とは何ですか？,学習の次段：「マンション標準管理委託契約書」と比較表で整理し、numbers / compare から過去問へ。関連用語ハブと比較ページへ進んで定着を確認する。関連用語ハブと比較ページへ進んで定着を確認する。関連用語ハブと比較ページへ進んで定着を確認する。用語ハブ compare へ進む。,定額委託業務とは何ですか？
定額委託業務費,標準管理委託契約書・指針,標準管理委託契約書・指針;頻出;会計,定例の管理委託料。臨時委託業務費と区分。,定額委託業務費は、定例の管理委託料。臨時委託業務費と区分。管理委託契約の標準条項。委託費・業務範囲・再委託。,マンション標準管理委託契約書;臨時委託業務;アフターサービス,標準管理委託契約書,A,過去問では定額委託業務費の定義・要件・効果を条文・規約根拠と対応づけるが問われます。定額委託業務費を類似語と同一視する選択肢に注意してください。定例の管理委託料。臨時委託業務費と区分。管理業務主任者試験では、標準管理委託契。,定額委託業務費とは？管理業務主任者試験で押さえる意味と試験ポイント,定額委託業務費の意味と管理業務主任者試験での判定ポイントを、標準管理委託契約書の文脈で整理します。定額委託業務費は、定例の管理委託料。臨時委託業務費と区分。管理委託契約の標準条項。委託費・業務範囲・再委託。,"定例の管理委託料。臨時委託業務費と区分。管理業務主任者試験では、標準管理委託契約書を根拠に定義・要件・効果を問う問題が出ます。

実務・試験ともに「定額委託業務費の定義・要件・効果を条文・規約根拠と対応づける」が判断の軸になります。選択肢では定額委託業務費を類似語と同一視する肢が多いため、要件の欠けた肢を消去する思考が有効です。

定額委託業務費はマンション標準管理委託契約書、臨時委託業務、アフターサービスとセットで整理すると理解が定着します。管業マスターの過去問・実践演習で標準管理委託契約書・指針フィルタを使い、関連問題を解き直してください。","<table class=""seo-info-table""><thead><tr><th>比較</th><th>定額委託業務費</th><th>マンション標準管理委託契約書</th></tr></thead><tbody><tr><th>覚え方</th><td>定額委託業務費の定義・要件・効果を条文・規約根拠と対応づける</td><td>関連ページで対比</td></tr></tbody></table>",定額委託業務費の定義・要件・効果を条文・規約根拠と対応づける;標準管理委託契約書の根拠を明示できる;関連語（マンション標準管理委託契約書、臨時委託業務、アフターサービス）との違いを説明できる,定額委託業務費を類似語と同一視する;要件の一部だけ暗記して判断する;最新の改正・規約改定を見落とす。,定額委託業務費＝標準管理委託契約書。マンション標準管理委託契約書と表で対比。,定額委託業務費に関する次の記述のうち、最も適切でないものはどれか。,定額委託業務費の定義・要件・効果を条文・規約根拠と対応づける。定額委託業務費を類似語と同一視するとする記述が誤りになりやすい。,定額委託業務費の定義を試験用に一言で言うと？,「定額委託業務費の定義を試験用に一言で言うと？」への答え：定例の管理委託料。臨時委託業務費と区分。根拠は標準管理委託契約書。条文番号と要件をメモに書き出して確認する。条文番号と要件をメモに書き出して確認する。条文番号と要件をメモに書き出して確認する。公式テキスト該当章を開く。,定額委託業務費と混同しやすい論点は？,試験の出方：標準管理委託契約書の根拠を明示できる。四択では条件の主語と効果を分離して読む。過去問で出題形式と正答率を週1回チェックする。過去問で出題形式と正答率を週1回チェックする。過去問で出題形式と正答率を週1回チェックする。過去問で出題形式と正答率を週1回チェックする。過去問1問で正答率を記録する。,誤答の典型：定額委託業務費を類似語と同一視する;要件の一部だけ暗記して判断する;最新の改正・規約改定を見落とす。一語差の選択肢に注意。誤答肢のパターンを比較表に整理して復習する。誤答肢のパターンを比較表に整理して復習する。誤答肢のパターンを比較表に整理して復習する。誤答肢を比較表に書き出す。,定額委託業務費とは何ですか？,学習の次段：「マンション標準管理委託契約書」と比較表で整理し、numbers / compare から過去問へ。関連用語ハブと比較ページへ進んで定着を確認する。関連用語ハブと比較ページへ進んで定着を確認する。関連用語ハブと比較ページへ進んで定着を確認する。用語ハブ compare へ進む。,定額委託業務費とは何ですか？
容積率,建築・設備,建築・設備;数値,容積率は建築・設備分野では建築基準法に関する重要概念です。,容積率は、容積率は建築・設備分野では建築基準法に関する重要概念です。建築基準法・消防法・昇降機規則等に基づく建物・設備の安全と維持。,建築基準法;エレベーター;昇降機,建築基準法,B,過去問では容積率の定義・要件・効果を条文・規約根拠と対応づけるが問われます。容積率を類似語と同一視する選択肢に注意してください。容積率は建築・設備分野では建築基準法に関する重要概念です。管理業務主任者試。,容積率とは？管理業務主任者で押さえる意味と試験ポイント,容積率の意味と管理業務主任者試験での判定ポイントを、建築基準法の文脈で整理します。容積率は、容積率は建築・設備分野では建築基準法に関する重要概念です。建築基準法・消防法・昇降機規則等に基づく建物・設備の安全と維持。,"容積率は建築・設備分野では建築基準法に関する重要概念です。管理業務主任者試験では、建築基準法を根拠に定義・要件・効果を問う問題が出ます。

実務・試験ともに「容積率の定義・要件・効果を条文・規約根拠と対応づける」が判断の軸になります。選択肢では容積率を類似語と同一視する肢が多いため、要件の欠けた肢を消去する思考が有効です。

容積率は建築基準法、エレベーター、昇降機とセットで整理すると理解が定着します。管業マスターの過去問・実践演習で建築・設備フィルタを使い、関連問題を解き直してください。","<table class=""seo-info-table""><thead><tr><th>比較</th><th>容積率</th><th>建築基準法</th></tr></thead><tbody><tr><th>覚え方</th><td>容積率の定義・要件・効果を条文・規約根拠と対応づける</td><td>関連ページで対比</td></tr></tbody></table>",容積率の定義・要件・効果を条文・規約根拠と対応づける;建築基準法の根拠を明示できる;関連語（建築基準法、エレベーター、昇降機）との違いを説明できる,容積率を類似語と同一視する;要件の一部だけ暗記して判断する;最新の改正・規約改定を見落とす。,容積率＝建築基準法。建築基準法と表で対比。（関連用語とセットで暗記）。,容積率に関する次の記述のうち、最も適切でないものはどれか。,容積率の定義・要件と照らし、条件を満たさない選択肢を選ぶ。,容積率の定義を試験用に一言で言うと？,「容積率の定義を試験用に一言で言うと？」への答え：容積率は建築・設備分野では建築基準法に関する重要概念です。根拠は建築基準法。条文番号と要件をメモに書き出して確認する。条文番号と要件をメモに書き出して確認する。条文番号と要件をメモに書き出して確認する。公式テキスト該当章を開く。,容積率と混同しやすい論点は？,試験の出方：建築基準法の根拠を明示できる。四択では条件の主語と効果を分離して読む。過去問で出題形式と正答率を週1回チェックする。過去問で出題形式と正答率を週1回チェックする。過去問で出題形式と正答率を週1回チェックする。過去問で出題形式と正答率を週1回チェックする。過去問1問で正答率を記録する。,誤答の典型：容積率を類似語と同一視する;要件の一部だけ暗記して判断する;最新の改正・規約改定を見落とす。一語差の選択肢に注意。誤答肢のパターンを比較表に整理して復習する。誤答肢のパターンを比較表に整理して復習する。誤答肢のパターンを比較表に整理して復習する。誤答肢を比較表に書き出す。,容積率とは何ですか？,学習の次段：「建築基準法」と比較表で整理し、numbers / compare から過去問へ。関連用語ハブと比較ページへ進んで定着を確認する。関連用語ハブと比較ページへ進んで定着を確認する。関連用語ハブと比較ページへ進んで定着を確認する。関連用語ハブと比較ページへ進んで定着を確認する。用語ハブ compare へ進む。,容積率とは何ですか？
寄託と組合の区別,判例・横断総合,判例・横断総合;契約,寄託と組合の区別は複数分野にまたがる論点で、比較表で整理すると得点しやすくなります。,寄託と組合の区別は、寄託と組合の区別は複数分野にまたがる論点で、比較表で整理すると得点しやすくなります。判例・複数分野を横断する論点。比較整理が得点の鍵。,主徴費;管理不全;組合の法人格,民法,B,過去問では寄託と組合の区別の定義・要件・効果を条文・規約根拠と対応づけるが問われます。寄託と組合の区別を類似語と同一視する選択肢に注意してください。寄託と組合の区別は複数分野にまたがる論点で、比較表で整理すると得点しやすくなりま。,寄託と組合の区別とは？管理業務主任者試験で押さえる意味と試験ポイント,寄託と組合の区別の意味と管理業務主任者試験での判定ポイントを、民法の文脈で整理します。寄託と組合の区別は、寄託と組合の区別は複数分野にまたがる論点で、比較表で整理すると得点しやすくなります。判例・複数分野を横断する論点。比較整理が得点の鍵。,"寄託と組合の区別は複数分野にまたがる論点で、比較表で整理すると得点しやすくなります。管理業務主任者試験では、民法を根拠に定義・要件・効果を問う問題が出ます。

実務・試験ともに「寄託と組合の区別の定義・要件・効果を条文・規約根拠と対応づける」が判断の軸になります。選択肢では寄託と組合の区別を類似語と同一視する肢が多いため、要件の欠けた肢を消去する思考が有効です。

寄託と組合の区別は主徴費、管理不全、組合の法人格とセットで整理すると理解が定着します。管業マスターの過去問・実践演習で判例・横断総合フィルタを使い、関連問題を解き直してください。","<table class=""seo-info-table""><thead><tr><th>比較</th><th>寄託と組合の区別</th><th>主徴費</th></tr></thead><tbody><tr><th>覚え方</th><td>寄託と組合の区別の定義・要件・効果を条文・規約根拠と対応づける</td><td>関連ページで対比</td></tr></tbody></table>",寄託と組合の区別の定義・要件・効果を条文・規約根拠と対応づける;民法の根拠を明示できる;関連語（主徴費、管理不全、組合の法人格）との違いを説明できる,寄託と組合の区別を類似語と同一視する;要件の一部だけ暗記して判断する;最新の改正・規約改定を見落とす。,寄託と組合の区別＝民法。主徴費と表で対比。（関連用語とセットで暗記）。,寄託と組合の区別に関する次の記述のうち、最も適切でないものはどれか。,寄託と組合の区別の定義・要件と照らし、条件を満たさない選択肢を選ぶ。,寄託と組合の区別の定義を試験用に一言で言うと？,「寄託と組合の区別の定義を試験用に一言で言うと？」への答え：寄託と組合の区別は複数分野にまたがる論点で、比較表で整理すると得点しやすくなります。根拠は民法。条文番号と要件をメモに書き出して確認する。条文番号と要件をメモに書き出して確認する。公式テキスト該当章を開く。,寄託と組合の区別と混同しやすい論点は？,試験の出方：民法の根拠を明示できる。四択では条件の主語と効果を分離して読む。過去問で出題形式と正答率を週1回チェックする。過去問で出題形式と正答率を週1回チェックする。過去問で出題形式と正答率を週1回チェックする。過去問で出題形式と正答率を週1回チェックする。過去問1問で正答率を記録する。,誤答の典型：寄託と組合の区別を類似語と同一視する;要件の一部だけ暗記して判断する;最新の改正・規約改定を見落とす。一語差の選択肢に注意。誤答肢のパターンを比較表に整理して復習する。誤答肢のパターンを比較表に整理して復習する。誤答肢のパターンを比較表に整理して復習する。誤答肢を比較表に書き出す。,寄託と組合の区別とは何ですか？,学習の次段：「主徴費」と比較表で整理し、numbers / compare から過去問へ。関連用語ハブと比較ページへ進んで定着を確認する。関連用語ハブと比較ページへ進んで定着を確認する。関連用語ハブと比較ページへ進んで定着を確認する。関連用語ハブと比較ページへ進んで定着を確認する。用語ハブ compare へ進む。,寄託と組合の区別とは何ですか？
寄託契約,民法・借地借家法,民法・借地借家法;契約類型,物の保管を委託する契約（民法657条）。,"寄託契約は、物の保管を委託する契約（民法657条）。民法・借地借家法の重要論点。物の保管を委託する契約（民法657条）。管理業務主任者試験では、民法第657条を根拠に定義・要件・効果を問う問題が出ます。

実務・試験ともに「保管・返還義務」が判断の軸になります。選択肢では組合契約と混同肢が多いため、要件の欠けた肢を消。",同時履行の抗弁;催告解除;無催告解除,民法第657条,B,過去問では保管・返還義務が問われます。組合契約と混同選択肢に注意してください。物の保管を委託する契約（民法657条）。管理業務主任者試験では、民法第657条。物の保管を委託する契約（民法657条）。管理業務主任者試験では、民法第657条を。,寄託契約とは？管理業務主任者試験で押さえる意味と試験ポイント,"寄託契約の意味と管理業務主任者試験での判定ポイントを、民法第657条の文脈で整理します。寄託契約は、物の保管を委託する契約（民法657条）。民法・借地借家法の重要論点。物の保管を委託する契約（民法657条）。管理業務主任者試験では、民法第657条を根拠に定義・要件・効果を問う問題が出ます。

実務・試験ともに「保管・返還義務」が判断の軸になります。選択肢では組合契約と混同肢が多いため、要件の欠けた肢を消。","物の保管を委託する契約（民法657条）。管理業務主任者試験では、民法第657条を根拠に定義・要件・効果を問う問題が出ます。

実務・試験ともに「保管・返還義務」が判断の軸になります。選択肢では組合契約と混同肢が多いため、要件の欠けた肢を消去する思考が有効です。

寄託契約は同時履行の抗弁、催告解除、無催告解除とセットで整理すると理解が定着します。管業マスターの過去問・実践演習で民法・借地借家法フィルタを使い、関連問題を解き直してください。",,保管・返還義務 （試験要点）;民法第657条の根拠を明示できる;関連語（同時履行の抗弁、催告解除、無催告解除）との違いを説明できる,組合契約と混同;要件の一部だけ暗記して判断する;最新の改正・規約改定を見落とす （過去問で要注意）。,寄託契約＝民法第657条。組合契約と表で対比。（関連用語とセットで暗記）。,寄託契約に関する次の記述のうち、最も適切でないものはどれか。,寄託契約の定義・要件と照らし、条件を満たさない選択肢を選ぶ。,寄託契約の定義を試験用に一言で言うと？,「寄託契約の定義を試験用に一言で言うと？」への答え：物の保管を委託する契約（民法657条）。根拠は民法第657条。条文番号と要件をメモに書き出して確認する。条文番号と要件をメモに書き出して確認する。条文番号と要件をメモに書き出して確認する。公式テキスト該当章を開く。,寄託契約と混同しやすい論点は？,試験の出方：民法第657条の根拠を明示できる。四択では条件の主語と効果を分離して読む。過去問で出題形式と正答率を週1回チェックする。過去問で出題形式と正答率を週1回チェックする。過去問で出題形式と正答率を週1回チェックする。過去問で出題形式と正答率を週1回チェックする。過去問1問で正答率を記録する。,誤答の典型：組合契約と混同;要件の一部だけ暗記して判断する;最新の改正・規約改定を見落とす （過去問で要注意）。一語差の選択肢に注意。誤答肢のパターンを比較表に整理して復習する。誤答肢のパターンを比較表に整理して復習する。誤答肢のパターンを比較表に整理して復習する。誤答肢を比較表に書き出す。,寄託契約とは何ですか？,学習の次段：「同時履行の抗弁」と比較表で整理し、numbers / compare から過去問へ。関連用語ハブと比較ページへ進んで定着を確認する。関連用語ハブと比較ページへ進んで定着を確認する。関連用語ハブと比較ページへ進んで定着を確認する。用語ハブ compare へ進む。,寄託契約とは何ですか？
専有部分,区分所有法,区分所有法;頻出;基本,区分所有者が単独で所有権を行使し、自由に使用・収益できる部分（区法2条1項5号）。,専有部分は、区分所有者が単独で所有権を行使し、自由に使用・収益できる部分（区法2条1項5号）。マンション等の区分所有関係を定める基本法。専用部分・共用部分・管理組合が柱。,共用部分;管理組合;理事会,区分所有法第2条,A,過去問では専用部分と共用部分の区分が問われます。バルコニー等を常に専有部分とする選択肢に注意してください。区分所有者が単独で所有権を行使し、自由に使用・収益できる部分（区法2条1項5号）。,専有部分とは？管理業務主任者試験で押さえる意味と試験ポイント,専有部分の意味と管理業務主任者試験での判定ポイントを、区分所有法第2条の文脈で整理します。専有部分は、区分所有者が単独で所有権を行使し、自由に使用・収益できる部分（区法2条1項5号）。マンション等の区分所有関係を定める基本法。専用部分・共用部分・管理組合が柱。,"区分所有者が単独で所有権を行使し、自由に使用・収益できる部分（区法2条1項5号）。管理業務主任者試験では、区分所有法第2条を根拠に定義・要件・効果を問う問題が出ます。

実務・試験ともに「専用部分と共用部分の区分」が判断の軸になります。選択肢ではバルコニー等を常に専有部分とする肢が多いため、要件の欠けた肢を消去する思考が有効です。

専有部分は共用部分、管理組合、理事会とセットで整理すると理解が定着します。管業マスターの過去問・実践演習で区分所有法フィルタを使い、関連問題を解き直してください。","<table class=""seo-info-table""><thead><tr><th>比較</th><th>専有部分</th><th>共用部分</th></tr></thead><tbody><tr><th>覚え方</th><td>専用部分と共用部分の区分</td><td>関連ページで対比</td></tr></tbody></table>",専用部分と共用部分の区分;区分所有法第2条の根拠を明示できる;関連語（共用部分、管理組合、理事会）との違いを説明できる,バルコニー等を常に専有部分とする;要件の一部だけ暗記して判断する;最新の改正・規約改定を見落とす。,専有部分＝区分所有法第2条。共用部分と表で対比。（関連用語とセットで暗記）。,専有部分に関する次の記述のうち、最も適切でないものはどれか。,専用部分と共用部分の区分。バルコニー等を常に専有部分とするとする記述が誤りになりやすい。,専有部分の定義を試験用に一言で言うと？,「専有部分の定義を試験用に一言で言うと？」への答え：区分所有者が単独で所有権を行使し、自由に使用・収益できる部分（区法2条1項5号）。根拠は区分所有法第2条。条文番号と要件をメモに書き出して確認する。条文番号と要件をメモに書き出して確認する。公式テキスト該当章を開く。,専有部分と混同しやすい論点は？,試験の出方：区分所有法第2条の根拠を明示できる。四択では条件の主語と効果を分離して読む。過去問で出題形式と正答率を週1回チェックする。過去問で出題形式と正答率を週1回チェックする。過去問で出題形式と正答率を週1回チェックする。過去問で出題形式と正答率を週1回チェックする。過去問1問で正答率を記録する。,誤答の典型：バルコニー等を常に専有部分とする;要件の一部だけ暗記して判断する;最新の改正・規約改定を見落とす。一語差の選択肢に注意。誤答肢のパターンを比較表に整理して復習する。誤答肢のパターンを比較表に整理して復習する。誤答肢のパターンを比較表に整理して復習する。誤答肢を比較表に書き出す。,専有部分とは何ですか？,学習の次段：「共用部分」と比較表で整理し、numbers / compare から過去問へ。関連用語ハブと比較ページへ進んで定着を確認する。関連用語ハブと比較ページへ進んで定着を確認する。関連用語ハブと比較ページへ進んで定着を確認する。関連用語ハブと比較ページへ進んで定着を確認する。用語ハブ compare へ進む。,専有部分とは何ですか？
専有部分と共用部分,判例・横断総合,判例・横断総合;頻出;基本,区法2条の基本区分。負担・修繕・権限が異なる。,専有部分と共用部分は、区法2条の基本区分。負担・修繕・権限が異なる。判例・複数分野を横断する論点。比較整理が得点の鍵。,主徴費;管理不全;組合の法人格,区分所有法,A,過去問では専有部分と共用部分の定義・要件・効果を条文・規約根拠と対応づけるが問われます。専有部分と共用部分を類似語と同一視する選択肢に注意してください。区法2条の基本区分。負担・修繕・権限が異なる。管理業務主任者試験では、区分所有。,専有部分と共用部分とは？管理業務主任者試験で押さえる意味と試験ポイント,専有部分と共用部分の意味と管理業務主任者試験での判定ポイントを、区分所有法の文脈で整理します。専有部分と共用部分は、区法2条の基本区分。負担・修繕・権限が異なる。判例・複数分野を横断する論点。比較整理が得点の鍵。,"区法2条の基本区分。負担・修繕・権限が異なる。管理業務主任者試験では、区分所有法を根拠に定義・要件・効果を問う問題が出ます。

実務・試験ともに「専有部分と共用部分の定義・要件・効果を条文・規約根拠と対応づける」が判断の軸になります。選択肢では専有部分と共用部分を類似語と同一視する肢が多いため、要件の欠けた肢を消去する思考が有効です。

専有部分と共用部分は主徴費、管理不全、組合の法人格とセットで整理すると理解が定着します。管業マスターの過去問・実践演習で判例・横断総合フィルタを使い、関連問題を解き直してください。","<table class=""seo-info-table""><thead><tr><th>比較</th><th>専有部分と共用部分</th><th>主徴費</th></tr></thead><tbody><tr><th>覚え方</th><td>専有部分と共用部分の定義・要件・効果を条文・規約根拠と対応づける</td><td>関連ページで対比</td></tr></tbody></table>",専有部分と共用部分の定義・要件・効果を条文・規約根拠と対応づける;区分所有法の根拠を明示できる;関連語（主徴費、管理不全、組合の法人格）との違いを説明できる,専有部分と共用部分を類似語と同一視する;要件の一部だけ暗記して判断する;最新の改正・規約改定を見落とす。,専有部分と共用部分＝区分所有法。主徴費と表で対比。,専有部分と共用部分に関する次の記述のうち、最も適切でないものはどれか。,専有部分と共用部分の定義・要件・効果を条文・規約根拠と対応づける。専有部分と共用部分を類似語と同一視するとする記述が誤りになりやすい。,専有部分と共用部分の定義を試験用に一言で言うと？,「専有部分と共用部分の定義を試験用に一言で言うと？」への答え：区法2条の基本区分。負担・修繕・権限が異なる。根拠は区分所有法。条文番号と要件をメモに書き出して確認する。条文番号と要件をメモに書き出して確認する。条文番号と要件をメモに書き出して確認する。公式テキスト該当章を開く。,専有部分と共用部分と混同しやすい論点は？,試験の出方：区分所有法の根拠を明示できる。四択では条件の主語と効果を分離して読む。過去問で出題形式と正答率を週1回チェックする。過去問で出題形式と正答率を週1回チェックする。過去問で出題形式と正答率を週1回チェックする。過去問で出題形式と正答率を週1回チェックする。過去問1問で正答率を記録する。,誤答の典型：専有部分と共用部分を類似語と同一視する;要件の一部だけ暗記して判断する;最新の改正・規約改定を見落とす。一語差の選択肢に注意。誤答肢のパターンを比較表に整理して復習する。誤答肢のパターンを比較表に整理して復習する。誤答肢のパターンを比較表に整理して復習する。誤答肢を比較表に書き出す。,専有部分と共用部分とは何ですか？,学習の次段：「主徴費」と比較表で整理し、numbers / compare から過去問へ。関連用語ハブと比較ページへ進んで定着を確認する。関連用語ハブと比較ページへ進んで定着を確認する。関連用語ハブと比較ページへ進んで定着を確認する。関連用語ハブと比較ページへ進んで定着を確認する。用語ハブ compare へ進む。,専有部分と共用部分とは何ですか？
専有部分の売買,宅建業法,宅建業法;取引,専有部分の売買は宅建業法分野では宅地建物取引業法に関する重要概念です。,専有部分の売買は、専有部分の売買は宅建業法分野では宅地建物取引業法に関する重要概念です。不動産取引の規制。35条書面・重要事項説明。,宅地建物取引業;重要事項説明;35条書面,宅地建物取引業法,B,過去問では専有部分の売買の定義・要件・効果を条文・規約根拠と対応づけるが問われます。専有部分の売買を類似語と同一視する選択肢に注意してください。専有部分の売買は宅建業法分野では宅地建物取引業法に関する重要概念です。管理。,専有部分の売買とは？管理業務主任者試験で押さえる意味と試験ポイント,専有部分の売買の意味と管理業務主任者試験での判定ポイントを、宅地建物取引業法の文脈で整理します。専有部分の売買は、専有部分の売買は宅建業法分野では宅地建物取引業法に関する重要概念です。不動産取引の規制。35条書面・重要事項説明。,"専有部分の売買は宅建業法分野では宅地建物取引業法に関する重要概念です。管理業務主任者試験では、宅地建物取引業法を根拠に定義・要件・効果を問う問題が出ます。

実務・試験ともに「専有部分の売買の定義・要件・効果を条文・規約根拠と対応づける」が判断の軸になります。選択肢では専有部分の売買を類似語と同一視する肢が多いため、要件の欠けた肢を消去する思考が有効です。

専有部分の売買は宅地建物取引業、重要事項説明、35条書面とセットで整理すると理解が定着します。管業マスターの過去問・実践演習で宅建業法フィルタを使い、関連問題を解き直してください。","<table class=""seo-info-table""><thead><tr><th>比較</th><th>専有部分の売買</th><th>宅地建物取引業</th></tr></thead><tbody><tr><th>覚え方</th><td>専有部分の売買の定義・要件・効果を条文・規約根拠と対応づける</td><td>関連ページで対比</td></tr></tbody></table>",専有部分の売買の定義・要件・効果を条文・規約根拠と対応づける;宅地建物取引業法の根拠を明示できる;関連語（宅地建物取引業、重要事項説明、35条書面）との違いを説明できる,専有部分の売買を類似語と同一視する;要件の一部だけ暗記して判断する;最新の改正・規約改定を見落とす。,専有部分の売買＝宅地建物取引業法。宅地建物取引業と表で対比。,専有部分の売買に関する記述として最も不適切なものを選べ。,宅建業法の原則に照らし、主体・時期・要件のいずれかを欠く選択肢を誤りとして判定する。,専有部分の売買の定義を試験用に一言で言うと？,「専有部分の売買の定義を試験用に一言で言うと？」への答え：専有部分の売買は宅建業法分野では宅地建物取引業法に関する重要概念です。根拠は宅地建物取引業法。条文番号と要件をメモに書き出して確認する。条文番号と要件をメモに書き出して確認する。条文番号と要件をメモに書き出して確認する。公式テキスト該当章を開く。,専有部分の売買と混同しやすい論点は？,試験の出方：宅地建物取引業法の根拠を明示できる。四択では条件の主語と効果を分離して読む。過去問で出題形式と正答率を週1回チェックする。過去問で出題形式と正答率を週1回チェックする。過去問で出題形式と正答率を週1回チェックする。過去問で出題形式と正答率を週1回チェックする。過去問1問で正答率を記録する。,誤答の典型：専有部分の売買を類似語と同一視する;要件の一部だけ暗記して判断する;最新の改正・規約改定を見落とす。一語差の選択肢に注意。誤答肢のパターンを比較表に整理して復習する。誤答肢のパターンを比較表に整理して復習する。誤答肢のパターンを比較表に整理して復習する。誤答肢を比較表に書き出す。,専有部分の売買とは何ですか？,学習の次段：「宅地建物取引業」と比較表で整理し、numbers / compare から過去問へ。関連用語ハブと比較ページへ進んで定着を確認する。関連用語ハブと比較ページへ進んで定着を確認する。関連用語ハブと比較ページへ進んで定着を確認する。用語ハブ compare へ進む。,専有部分の売買とは何ですか？
専有部分への立入り,区分所有法,区分所有法;頻出;立入,管理・修繕のための立入り（区法64条）。,専有部分への立入りは、管理・修繕のための立入り（区法64条）。マンション等の区分所有関係を定める基本法。専用部分・共用部分・管理組合が柱。,専有部分;共用部分;管理組合,区分所有法第64条,A,過去問では専有部分への立入りの定義・要件・効果を条文・規約根拠と対応づけるが問われます。専有部分への立入りを類似語と同一視する選択肢に注意してください。管理・修繕のための立入り（区法64条）。管理業務主任者試験では、区分所有法第6。,専有部分への立入りとは？管理業務主任者試験で押さえる意味と試験ポイント,専有部分への立入りの意味と管理業務主任者試験での判定ポイントを、区分所有法第64条の文脈で整理します。専有部分への立入りは、管理・修繕のための立入り（区法64条）。マンション等の区分所有関係を定める基本法。専用部分・共用部分・管理組合が柱。,"管理・修繕のための立入り（区法64条）。管理業務主任者試験では、区分所有法第64条を根拠に定義・要件・効果を問う問題が出ます。

実務・試験ともに「専有部分への立入りの定義・要件・効果を条文・規約根拠と対応づける」が判断の軸になります。選択肢では専有部分への立入りを類似語と同一視する肢が多いため、要件の欠けた肢を消去する思考が有効です。

専有部分への立入りは専有部分、共用部分、管理組合とセットで整理すると理解が定着します。管業マスターの過去問・実践演習で区分所有法フィルタを使い、関連問題を解き直してください。","<table class=""seo-info-table""><thead><tr><th>比較</th><th>専有部分への立入り</th><th>専有部分</th></tr></thead><tbody><tr><th>覚え方</th><td>専有部分への立入りの定義・要件・効果を条文・規約根拠と対応づける</td><td>関連ページで対比</td></tr></tbody></table>",専有部分への立入りの定義・要件・効果を条文・規約根拠と対応づける;区分所有法第64条の根拠を明示できる;関連語（専有部分、共用部分、管理組合）との違いを説明できる,専有部分への立入りを類似語と同一視する;要件の一部だけ暗記して判断する;最新の改正・規約改定を見落とす。,専有部分への立入り＝区分所有法第64条。専有部分と表で対比。,専有部分への立入りに関する次の記述のうち、最も適切でないものはどれか。,専有部分への立入りの定義・要件・効果を条文・規約根拠と対応づける。専有部分への立入りを類似語と同一視するとする記述が誤りになりやすい。,専有部分への立入りの定義を試験用に一言で言うと？,「専有部分への立入りの定義を試験用に一言で言うと？」への答え：管理・修繕のための立入り（区法64条）。根拠は区分所有法第64条。条文番号と要件をメモに書き出して確認する。条文番号と要件をメモに書き出して確認する。条文番号と要件をメモに書き出して確認する。公式テキスト該当章を開く。,専有部分への立入りと混同しやすい論点は？,試験の出方：区分所有法第64条の根拠を明示できる。四択では条件の主語と効果を分離して読む。過去問で出題形式と正答率を週1回チェックする。過去問で出題形式と正答率を週1回チェックする。過去問で出題形式と正答率を週1回チェックする。過去問で出題形式と正答率を週1回チェックする。過去問1問で正答率を記録する。,誤答の典型：専有部分への立入りを類似語と同一視する;要件の一部だけ暗記して判断する;最新の改正・規約改定を見落とす。一語差の選択肢に注意。誤答肢のパターンを比較表に整理して復習する。誤答肢のパターンを比較表に整理して復習する。誤答肢のパターンを比較表に整理して復習する。誤答肢を比較表に書き出す。,専有部分への立入りとは何ですか？,学習の次段：「専有部分」と比較表で整理し、numbers / compare から過去問へ。関連用語ハブと比較ページへ進んで定着を確認する。関連用語ハブと比較ページへ進んで定着を確認する。関連用語ハブと比較ページへ進んで定着を確認する。関連用語ハブと比較ページへ進んで定着を確認する。用語ハブ compare へ進む。,専有部分への立入りとは何ですか？
専用使用,標準管理規約,標準管理規約;頻出,共用部分を特定者が専用する制度。規約・総会決議で定める（標準管理規約）。,専用使用は、共用部分を特定者が専用する制度。規約・総会決議で定める（標準管理規約）。管理組合の運営ルールのモデル。総会・理事会・決議要件が頻出。,マンション標準管理規約;理事長;総会決議,標準管理規約,A,過去問では専用使用の定義・要件・効果を条文・規約根拠と対応づけるが問われます。専用使用を類似語と同一視する選択肢に注意してください。共用部分を特定者が専用する制度。規約・総会決議で定める（標準管理規約）。管理業。,専用使用とは？管理業務主任者試験で押さえる意味と試験ポイント,専用使用の意味と管理業務主任者試験での判定ポイントを、標準管理規約の文脈で整理します。専用使用は、共用部分を特定者が専用する制度。規約・総会決議で定める（標準管理規約）。管理組合の運営ルールのモデル。総会・理事会・決議要件が頻出。,"共用部分を特定者が専用する制度。規約・総会決議で定める（標準管理規約）。管理業務主任者試験では、標準管理規約を根拠に定義・要件・効果を問う問題が出ます。

実務・試験ともに「専用使用の定義・要件・効果を条文・規約根拠と対応づける」が判断の軸になります。選択肢では専用使用を類似語と同一視する肢が多いため、要件の欠けた肢を消去する思考が有効です。

専用使用はマンション標準管理規約、理事長、総会決議とセットで整理すると理解が定着します。管業マスターの過去問・実践演習で標準管理規約フィルタを使い、関連問題を解き直してください。","<table class=""seo-info-table""><thead><tr><th>比較</th><th>専用使用</th><th>マンション標準管理規約</th></tr></thead><tbody><tr><th>覚え方</th><td>専用使用の定義・要件・効果を条文・規約根拠と対応づける</td><td>関連ページで対比</td></tr></tbody></table>",専用使用の定義・要件・効果を条文・規約根拠と対応づける;標準管理規約の根拠を明示できる;関連語（マンション標準管理規約、理事長、総会決議）との違いを説明できる,専用使用を類似語と同一視する;要件の一部だけ暗記して判断する;最新の改正・規約改定を見落とす。,専用使用＝標準管理規約。マンション標準管理規約と表で対比。,専用使用に関する次の記述のうち、最も適切でないものはどれか。,専用使用の定義・要件・効果を条文・規約根拠と対応づける。専用使用を類似語と同一視するとする記述が誤りになりやすい。,専用使用の定義を試験用に一言で言うと？,「専用使用の定義を試験用に一言で言うと？」への答え：共用部分を特定者が専用する制度。規約・総会決議で定める（標準管理規約）。根拠は標準管理規約。条文番号と要件をメモに書き出して確認する。条文番号と要件をメモに書き出して確認する。条文番号と要件をメモに書き出して確認する。公式テキスト該当章を開く。,専用使用と混同しやすい論点は？,試験の出方：標準管理規約の根拠を明示できる。四択では条件の主語と効果を分離して読む。過去問で出題形式と正答率を週1回チェックする。過去問で出題形式と正答率を週1回チェックする。過去問で出題形式と正答率を週1回チェックする。過去問で出題形式と正答率を週1回チェックする。過去問1問で正答率を記録する。,誤答の典型：専用使用を類似語と同一視する;要件の一部だけ暗記して判断する;最新の改正・規約改定を見落とす。一語差の選択肢に注意。誤答肢のパターンを比較表に整理して復習する。誤答肢のパターンを比較表に整理して復習する。誤答肢のパターンを比較表に整理して復習する。誤答肢を比較表に書き出す。,専用使用とは何ですか？,学習の次段：「マンション標準管理規約」と比較表で整理し、numbers / compare から過去問へ。関連用語ハブと比較ページへ進んで定着を確認する。関連用語ハブと比較ページへ進んで定着を確認する。関連用語ハブと比較ページへ進んで定着を確認する。用語ハブ compare へ進む。,専用使用とは何ですか？
専用使用の申出,標準管理規約,標準管理規約;専用使用,専用使用の申出は標準管理規約分野では標準管理規約に関する重要概念です。,専用使用の申出は、専用使用の申出は標準管理規約分野では標準管理規約に関する重要概念です。管理組合の運営ルールのモデル。総会・理事会・決議要件が頻出。,マンション標準管理規約;理事長;総会決議,標準管理規約,B,過去問では専用使用の申出の定義・要件・効果を条文・規約根拠と対応づけるが問われます。専用使用の申出を類似語と同一視する選択肢に注意してください。専用使用の申出は標準管理規約分野では標準管理規約に関する重要概念です。管理。,専用使用の申出とは？管理業務主任者試験で押さえる意味と試験ポイント,専用使用の申出の意味と管理業務主任者試験での判定ポイントを、標準管理規約の文脈で整理します。専用使用の申出は、専用使用の申出は標準管理規約分野では標準管理規約に関する重要概念です。管理組合の運営ルールのモデル。総会・理事会・決議要件が頻出。,"専用使用の申出は標準管理規約分野では標準管理規約に関する重要概念です。管理業務主任者試験では、標準管理規約を根拠に定義・要件・効果を問う問題が出ます。

実務・試験ともに「専用使用の申出の定義・要件・効果を条文・規約根拠と対応づける」が判断の軸になります。選択肢では専用使用の申出を類似語と同一視する肢が多いため、要件の欠けた肢を消去する思考が有効です。

専用使用の申出はマンション標準管理規約、理事長、総会決議とセットで整理すると理解が定着します。管業マスターの過去問・実践演習で標準管理規約フィルタを使い、関連問題を解き直してください。","<table class=""seo-info-table""><thead><tr><th>比較</th><th>専用使用の申出</th><th>マンション標準管理規約</th></tr></thead><tbody><tr><th>覚え方</th><td>専用使用の申出の定義・要件・効果を条文・規約根拠と対応づける</td><td>関連ページで対比</td></tr></tbody></table>",専用使用の申出の定義・要件・効果を条文・規約根拠と対応づける;標準管理規約の根拠を明示できる;関連語（マンション標準管理規約、理事長、総会決議）との違いを説明できる,専用使用の申出を類似語と同一視する;要件の一部だけ暗記して判断する;最新の改正・規約改定を見落とす。,専用使用の申出＝標準管理規約。マンション標準管理規約と表で対比。,専用使用の申出に関する次の記述のうち、最も適切でないものはどれか。,専用使用の申出の定義・要件と照らし、条件を満たさない選択肢を選ぶ。,専用使用の申出の定義を試験用に一言で言うと？,「専用使用の申出の定義を試験用に一言で言うと？」への答え：専用使用の申出は標準管理規約分野では標準管理規約に関する重要概念です。根拠は標準管理規約。条文番号と要件をメモに書き出して確認する。条文番号と要件をメモに書き出して確認する。条文番号と要件をメモに書き出して確認する。公式テキスト該当章を開く。,専用使用の申出と混同しやすい論点は？,試験の出方：標準管理規約の根拠を明示できる。四択では条件の主語と効果を分離して読む。過去問で出題形式と正答率を週1回チェックする。過去問で出題形式と正答率を週1回チェックする。過去問で出題形式と正答率を週1回チェックする。過去問で出題形式と正答率を週1回チェックする。過去問1問で正答率を記録する。,誤答の典型：専用使用の申出を類似語と同一視する;要件の一部だけ暗記して判断する;最新の改正・規約改定を見落とす。一語差の選択肢に注意。誤答肢のパターンを比較表に整理して復習する。誤答肢のパターンを比較表に整理して復習する。誤答肢のパターンを比較表に整理して復習する。誤答肢を比較表に書き出す。,専用使用の申出とは何ですか？,学習の次段：「マンション標準管理規約」と比較表で整理し、numbers / compare から過去問へ。関連用語ハブと比較ページへ進んで定着を確認する。関連用語ハブと比較ページへ進んで定着を確認する。関連用語ハブと比較ページへ進んで定着を確認する。用語ハブ compare へ進む。,専用使用の申出とは何ですか？
専用使用権,区分所有法,区分所有法;頻出,共用部分のうち特定者の専用を定める権利（区法22条）。,専用使用権は、共用部分のうち特定者の専用を定める権利（区法22条）。マンション等の区分所有関係を定める基本法。専用部分・共用部分・管理組合が柱。,専有部分;共用部分;管理組合,区分所有法第22条,A,過去問では専用使用権の定義・要件・効果を条文・規約根拠と対応づけるが問われます。専用使用権を類似語と同一視する選択肢に注意してください。共用部分のうち特定者の専用を定める権利（区法22条）。管理業務主任者試験では、。,専用使用権とは？管理業務主任者試験で押さえる意味と試験ポイント,専用使用権の意味と管理業務主任者試験での判定ポイントを、区分所有法第22条の文脈で整理します。専用使用権は、共用部分のうち特定者の専用を定める権利（区法22条）。マンション等の区分所有関係を定める基本法。専用部分・共用部分・管理組合が柱。,"共用部分のうち特定者の専用を定める権利（区法22条）。管理業務主任者試験では、区分所有法第22条を根拠に定義・要件・効果を問う問題が出ます。

実務・試験ともに「専用使用権の定義・要件・効果を条文・規約根拠と対応づける」が判断の軸になります。選択肢では専用使用権を類似語と同一視する肢が多いため、要件の欠けた肢を消去する思考が有効です。

専用使用権は専有部分、共用部分、管理組合とセットで整理すると理解が定着します。管業マスターの過去問・実践演習で区分所有法フィルタを使い、関連問題を解き直してください。","<table class=""seo-info-table""><thead><tr><th>比較</th><th>専用使用権</th><th>専有部分</th></tr></thead><tbody><tr><th>覚え方</th><td>専用使用権の定義・要件・効果を条文・規約根拠と対応づける</td><td>関連ページで対比</td></tr></tbody></table>",専用使用権の定義・要件・効果を条文・規約根拠と対応づける;区分所有法第22条の根拠を明示できる;関連語（専有部分、共用部分、管理組合）との違いを説明できる,専用使用権を類似語と同一視する;要件の一部だけ暗記して判断する;最新の改正・規約改定を見落とす。,専用使用権＝区分所有法第22条。専有部分と表で対比。,専用使用権に関する次の記述のうち、最も適切でないものはどれか。,専用使用権の定義・要件・効果を条文・規約根拠と対応づける。専用使用権を類似語と同一視するとする記述が誤りになりやすい。,専用使用権の定義を試験用に一言で言うと？,「専用使用権の定義を試験用に一言で言うと？」への答え：共用部分のうち特定者の専用を定める権利（区法22条）。根拠は区分所有法第22条。条文番号と要件をメモに書き出して確認する。条文番号と要件をメモに書き出して確認する。条文番号と要件をメモに書き出して確認する。公式テキスト該当章を開く。,専用使用権と混同しやすい論点は？,試験の出方：区分所有法第22条の根拠を明示できる。四択では条件の主語と効果を分離して読む。過去問で出題形式と正答率を週1回チェックする。過去問で出題形式と正答率を週1回チェックする。過去問で出題形式と正答率を週1回チェックする。過去問で出題形式と正答率を週1回チェックする。過去問1問で正答率を記録する。,誤答の典型：専用使用権を類似語と同一視する;要件の一部だけ暗記して判断する;最新の改正・規約改定を見落とす。一語差の選択肢に注意。誤答肢のパターンを比較表に整理して復習する。誤答肢のパターンを比較表に整理して復習する。誤答肢のパターンを比較表に整理して復習する。誤答肢を比較表に書き出す。,専用使用権とは何ですか？,学習の次段：「専有部分」と比較表で整理し、numbers / compare から過去問へ。関連用語ハブと比較ページへ進んで定着を確認する。関連用語ハブと比較ページへ進んで定着を確認する。関連用語ハブと比較ページへ進んで定着を確認する。関連用語ハブと比較ページへ進んで定着を確認する。用語ハブ compare へ進む。,専用使用権とは何ですか？
履行不能,民法・借地借家法,民法・借地借家法;債務,物理的・法律的に履行が不能な状態。,"履行不能は、物理的・法律的に履行が不能な状態。民法・借地借家法の重要論点。物理的・法律的に履行が不能な状態。管理業務主任者試験では、民法を根拠に定義・要件・効果を問う問題が出ます。

実務・試験ともに「当初不能と嗣後不能」が判断の軸になります。選択肢ではすべて不能で解除不要肢が多いため、要件の欠けた肢を消去する。",同時履行の抗弁;催告解除;無催告解除,民法,B,過去問では当初不能と嗣後不能が問われます。すべて不能で解除不要選択肢に注意してください。物理的・法律的に履行が不能な状態。管理業務主任者試験では、民法を根拠に定義・要。試験では履行不能について条文・数値・条件の読み取りが問われます。,履行不能とは？管理業務主任者試験で押さえる意味と試験ポイント,"履行不能の意味と管理業務主任者試験での判定ポイントを、民法の文脈で整理します。履行不能は、物理的・法律的に履行が不能な状態。民法・借地借家法の重要論点。物理的・法律的に履行が不能な状態。管理業務主任者試験では、民法を根拠に定義・要件・効果を問う問題が出ます。

実務・試験ともに「当初不能と嗣後不能」が判断の軸になります。選択肢ではすべて不能で解除不要肢が多いため、要件の欠けた肢を消去する。","物理的・法律的に履行が不能な状態。管理業務主任者試験では、民法を根拠に定義・要件・効果を問う問題が出ます。

実務・試験ともに「当初不能と嗣後不能」が判断の軸になります。選択肢ではすべて不能で解除不要肢が多いため、要件の欠けた肢を消去する思考が有効です。

履行不能は同時履行の抗弁、催告解除、無催告解除とセットで整理すると理解が定着します。管業マスターの過去問・実践演習で民法・借地借家法フィルタを使い、関連問題を解き直してください。試験では履行不能について条文・数値・条件の読み取りが問われます。",,当初不能と嗣後不能;民法の根拠を明示できる;関連語（同時履行の抗弁、催告解除、無催告解除）との違いを説明できる,すべて不能で解除不要;要件の一部だけ暗記して判断する;最新の改正・規約改定を見落とす。,履行不能＝民法。履行遅滞と表で対比。（関連用語とセットで暗記）。,履行不能に関する次の記述のうち、最も適切でないものはどれか。,履行不能の定義・要件と照らし、条件を満たさない選択肢を選ぶ。,履行不能の定義を試験用に一言で言うと？,「履行不能の定義を試験用に一言で言うと？」への答え：物理的・法律的に履行が不能な状態。根拠は民法。条文番号と要件をメモに書き出して確認する。条文番号と要件をメモに書き出して確認する。条文番号と要件をメモに書き出して確認する。条文番号と要件をメモに書き出して確認する。公式テキスト該当章を開く。,履行不能と混同しやすい論点は？,試験の出方：民法の根拠を明示できる。四択では条件の主語と効果を分離して読む。過去問で出題形式と正答率を週1回チェックする。過去問で出題形式と正答率を週1回チェックする。過去問で出題形式と正答率を週1回チェックする。過去問で出題形式と正答率を週1回チェックする。過去問1問で正答率を記録する。,誤答の典型：すべて不能で解除不要;要件の一部だけ暗記して判断する;最新の改正・規約改定を見落とす。一語差の選択肢に注意。誤答肢のパターンを比較表に整理して復習する。誤答肢のパターンを比較表に整理して復習する。誤答肢のパターンを比較表に整理して復習する。誤答肢を比較表に書き出す。,履行不能とは何ですか？,学習の次段：「同時履行の抗弁」と比較表で整理し、numbers / compare から過去問へ。関連用語ハブと比較ページへ進んで定着を確認する。関連用語ハブと比較ページへ進んで定着を確認する。関連用語ハブと比較ページへ進んで定着を確認する。用語ハブ compare へ進む。,履行不能とは何ですか？
履行遅滞,民法・借地借家法,民法・借地借家法;頻出;債務,弁済期経過後も履行がない状態（民法412条）。,"履行遅滞は、弁済期経過後も履行がない状態（民法412条）。民法・借地借家法の重要論点。弁済期経過後も履行がない状態（民法412条）。管理業務主任者試験では、民法第412条を根拠に定義・要件・効果を問う問題が出ます。

実務・試験ともに「弁済期・催告の関係」が判断の軸になります。選択肢では遅滞ですぐ無催告解除肢が多いため、要。",同時履行の抗弁;催告解除;無催告解除,民法第412条,A,過去問では弁済期・催告の関係が問われます。遅滞ですぐ無催告解除選択肢に注意してください。弁済期経過後も履行がない状態（民法412条）。管理業務主任者試験では、民法第4。,履行遅滞とは？管理業務主任者試験で押さえる意味と試験ポイント,"履行遅滞の意味と管理業務主任者試験での判定ポイントを、民法第412条の文脈で整理します。履行遅滞は、弁済期経過後も履行がない状態（民法412条）。民法・借地借家法の重要論点。弁済期経過後も履行がない状態（民法412条）。管理業務主任者試験では、民法第412条を根拠に定義・要件・効果を問う問題が出ます。

実務・試験ともに「弁済期・催告の関係」が判断の軸になります。選択肢では遅滞ですぐ無催告解除肢が多いため、要。","弁済期経過後も履行がない状態（民法412条）。管理業務主任者試験では、民法第412条を根拠に定義・要件・効果を問う問題が出ます。

実務・試験ともに「弁済期・催告の関係」が判断の軸になります。選択肢では遅滞ですぐ無催告解除肢が多いため、要件の欠けた肢を消去する思考が有効です。

履行遅滞は同時履行の抗弁、催告解除、無催告解除とセットで整理すると理解が定着します。管業マスターの過去問・実践演習で民法・借地借家法フィルタを使い、関連問題を解き直してください。",,弁済期・催告の関係;民法第412条の根拠を明示できる;関連語（同時履行の抗弁、催告解除、無催告解除）との違いを説明できる,遅滞ですぐ無催告解除;要件の一部だけ暗記して判断する;最新の改正・規約改定を見落とす。,履行遅滞＝民法第412条。履行不能と表で対比。（関連用語とセットで暗記）。,履行遅滞に関する次の記述のうち、最も適切でないものはどれか。,弁済期・催告の関係。遅滞ですぐ無催告解除とする記述が誤りになりやすい。,履行遅滞の定義を試験用に一言で言うと？,「履行遅滞の定義を試験用に一言で言うと？」への答え：弁済期経過後も履行がない状態（民法412条）。根拠は民法第412条。条文番号と要件をメモに書き出して確認する。条文番号と要件をメモに書き出して確認する。条文番号と要件をメモに書き出して確認する。公式テキスト該当章を開く。,履行遅滞と混同しやすい論点は？,試験の出方：民法第412条の根拠を明示できる。四択では条件の主語と効果を分離して読む。過去問で出題形式と正答率を週1回チェックする。過去問で出題形式と正答率を週1回チェックする。過去問で出題形式と正答率を週1回チェックする。過去問で出題形式と正答率を週1回チェックする。過去問1問で正答率を記録する。,誤答の典型：遅滞ですぐ無催告解除;要件の一部だけ暗記して判断する;最新の改正・規約改定を見落とす。一語差の選択肢に注意。誤答肢のパターンを比較表に整理して復習する。誤答肢のパターンを比較表に整理して復習する。誤答肢のパターンを比較表に整理して復習する。誤答肢を比較表に書き出す。,履行遅滞とは何ですか？,学習の次段：「同時履行の抗弁」と比較表で整理し、numbers / compare から過去問へ。関連用語ハブと比較ページへ進んで定着を確認する。関連用語ハブと比較ページへ進んで定着を確認する。関連用語ハブと比較ページへ進んで定着を確認する。用語ハブ compare へ進む。,履行遅滞とは何ですか？
履行遅滞と解除,判例・横断総合,判例・横断総合;頻出;解除,履行遅滞と解除権行使の関係。,"履行遅滞と解除は、履行遅滞と解除権行使の関係。判例・複数分野を横断する論点。比較整理が得点の鍵。履行遅滞と解除権行使の関係。管理業務主任者試験では、民法を根拠に定義・要件・効果を問う問題が出ます。

実務・試験ともに「履行遅滞と解除の定義・要件・効果を条文・規約根拠と対応づける」が判断の軸になります。選択肢では履行遅滞と解除を類似語。",主徴費;管理不全;組合の法人格,民法,A,過去問では履行遅滞と解除の定義・要件・効果を条文・規約根拠と対応づけるが問われます。履行遅滞と解除を類似語と同一視する選択肢に注意してください。履行遅滞と解除権行使の関係。管理業務主任者試験では、民法を根拠に定義・要件・効。,履行遅滞と解除とは？管理業務主任者試験で押さえる意味と試験ポイント,"履行遅滞と解除の意味と管理業務主任者試験での判定ポイントを、民法の文脈で整理します。履行遅滞と解除は、履行遅滞と解除権行使の関係。判例・複数分野を横断する論点。比較整理が得点の鍵。履行遅滞と解除権行使の関係。管理業務主任者試験では、民法を根拠に定義・要件・効果を問う問題が出ます。

実務・試験ともに「履行遅滞と解除の定義・要件・効果を条文・規約根拠と対応づける」が判断の軸になります。選択肢では履行遅滞と解除を類似語。","履行遅滞と解除権行使の関係。管理業務主任者試験では、民法を根拠に定義・要件・効果を問う問題が出ます。

実務・試験ともに「履行遅滞と解除の定義・要件・効果を条文・規約根拠と対応づける」が判断の軸になります。選択肢では履行遅滞と解除を類似語と同一視する肢が多いため、要件の欠けた肢を消去する思考が有効です。

履行遅滞と解除は主徴費、管理不全、組合の法人格とセットで整理すると理解が定着します。管業マスターの過去問・実践演習で判例・横断総合フィルタを使い、関連問題を解き直してください。","<table class=""seo-info-table""><thead><tr><th>比較</th><th>履行遅滞と解除</th><th>主徴費</th></tr></thead><tbody><tr><th>覚え方</th><td>履行遅滞と解除の定義・要件・効果を条文・規約根拠と対応づける</td><td>関連ページで対比</td></tr></tbody></table>",履行遅滞と解除の定義・要件・効果を条文・規約根拠と対応づける;民法の根拠を明示できる;関連語（主徴費、管理不全、組合の法人格）との違いを説明できる,履行遅滞と解除を類似語と同一視する;要件の一部だけ暗記して判断する;最新の改正・規約改定を見落とす。,履行遅滞と解除＝民法。主徴費と表で対比。（関連用語とセットで暗記）。,履行遅滞と解除に関する次の記述のうち、最も適切でないものはどれか。,履行遅滞と解除の定義・要件・効果を条文・規約根拠と対応づける。履行遅滞と解除を類似語と同一視するとする記述が誤りになりやすい。,履行遅滞と解除の定義を試験用に一言で言うと？,「履行遅滞と解除の定義を試験用に一言で言うと？」への答え：履行遅滞と解除権行使の関係。根拠は民法。条文番号と要件をメモに書き出して確認する。条文番号と要件をメモに書き出して確認する。条文番号と要件をメモに書き出して確認する。条文番号と要件をメモに書き出して確認する。公式テキスト該当章を開く。,履行遅滞と解除と混同しやすい論点は？,試験の出方：民法の根拠を明示できる。四択では条件の主語と効果を分離して読む。過去問で出題形式と正答率を週1回チェックする。過去問で出題形式と正答率を週1回チェックする。過去問で出題形式と正答率を週1回チェックする。過去問で出題形式と正答率を週1回チェックする。過去問1問で正答率を記録する。,誤答の典型：履行遅滞と解除を類似語と同一視する;要件の一部だけ暗記して判断する;最新の改正・規約改定を見落とす。一語差の選択肢に注意。誤答肢のパターンを比較表に整理して復習する。誤答肢のパターンを比較表に整理して復習する。誤答肢のパターンを比較表に整理して復習する。誤答肢を比較表に書き出す。,履行遅滞と解除とは何ですか？,学習の次段：「主徴費」と比較表で整理し、numbers / compare から過去問へ。関連用語ハブと比較ページへ進んで定着を確認する。関連用語ハブと比較ページへ進んで定着を確認する。関連用語ハブと比較ページへ進んで定着を確認する。関連用語ハブと比較ページへ進んで定着を確認する。用語ハブ compare へ進む。,履行遅滞と解除とは何ですか？
帳簿備付け,管理適正化法,管理適正化法;実務,帳簿備付けは管理適正化法分野では管理適正化法に関する重要概念です。,帳簿備付けは、帳簿備付けは管理適正化法分野では管理適正化法に関する重要概念です。マンション管理の適正化を推進する法律。資格・73条書面・管理計画。,マンション等の管理の適正化の推進に関する法律;管理計画認定制度;管理業務主任者,管理適正化法,B,過去問では帳簿備付けの定義・要件・効果を条文・規約根拠と対応づけるが問われます。帳簿備付けを類似語と同一視する選択肢に注意してください。帳簿備付けは管理適正化法分野では管理適正化法に関する重要概念です。管理業務。,帳簿備付けとは？管理業務主任者で押さえる意味と試験ポイント,帳簿備付けの意味と管理業務主任者試験での判定ポイントを、管理適正化法の文脈で整理します。帳簿備付けは、帳簿備付けは管理適正化法分野では管理適正化法に関する重要概念です。マンション管理の適正化を推進する法律。資格・73条書面・管理計画。,"帳簿備付けは管理適正化法分野では管理適正化法に関する重要概念です。管理業務主任者試験では、管理適正化法を根拠に定義・要件・効果を問う問題が出ます。

実務・試験ともに「帳簿備付けの定義・要件・効果を条文・規約根拠と対応づける」が判断の軸になります。選択肢では帳簿備付けを類似語と同一視する肢が多いため、要件の欠けた肢を消去する思考が有効です。

帳簿備付けはマンション等の管理の適正化の推進に関する法律、管理計画認定制度、管理業務主任者とセットで整理すると理解が定着します。管業マスターの過去問・実践演習で管理適正化法フィルタを使い、関連問題を解き直してください。","<table class=""seo-info-table""><thead><tr><th>比較</th><th>帳簿備付け</th><th>マンション等の管理の適正化の推進に関する法律</th></tr></thead><tbody><tr><th>覚え方</th><td>帳簿備付けの定義・要件・効果を条文・規約根拠と対応づける</td><td>関連ページで対比</td></tr></tbody></table>",帳簿備付けの定義・要件・効果を条文・規約根拠と対応づける;管理適正化法の根拠を明示できる;関連語（マンション等の管理の適正化の推進に関する法律、管理計画認定制度、管理業務主任者）との違いを説明できる,帳簿備付けを類似語と同一視する;要件の一部だけ暗記して判断する;最新の改正・規約改定を見落とす。,帳簿備付け＝管理適正化法。マンション等の管理の適正化の推進に関する法律と表で対比。,帳簿備付けに関する次の記述のうち、最も適切でないものはどれか。,帳簿備付けの定義・要件と照らし、条件を満たさない選択肢を選ぶ。,帳簿備付けの定義を試験用に一言で言うと？,「帳簿備付けの定義を試験用に一言で言うと？」への答え：帳簿備付けは管理適正化法分野では管理適正化法に関する重要概念です。根拠は管理適正化法。条文番号と要件をメモに書き出して確認する。条文番号と要件をメモに書き出して確認する。条文番号と要件をメモに書き出して確認する。公式テキスト該当章を開く。,帳簿備付けと混同しやすい論点は？,試験の出方：管理適正化法の根拠を明示できる。四択では条件の主語と効果を分離して読む。過去問で出題形式と正答率を週1回チェックする。過去問で出題形式と正答率を週1回チェックする。過去問で出題形式と正答率を週1回チェックする。過去問で出題形式と正答率を週1回チェックする。過去問1問で正答率を記録する。,誤答の典型：帳簿備付けを類似語と同一視する;要件の一部だけ暗記して判断する;最新の改正・規約改定を見落とす。一語差の選択肢に注意。誤答肢のパターンを比較表に整理して復習する。誤答肢のパターンを比較表に整理して復習する。誤答肢のパターンを比較表に整理して復習する。誤答肢を比較表に書き出す。,帳簿備付けとは何ですか？,学習の次段：「マンション等の管理の適正化の推進に関する法律」と比較表で整理し、numbers / compare から過去問へ。関連用語ハブと比較ページへ進んで定着を確認する。関連用語ハブと比較ページへ進んで定着を確認する。関連用語ハブと比較ページへ進んで定着を確認する。用語ハブ compare へ進む。,帳簿備付けとは何ですか？
延べ面積,建築・設備,建築・設備;数値,延べ面積は建築・設備分野では建築基準法に関する重要概念です。,延べ面積は、延べ面積は建築・設備分野では建築基準法に関する重要概念です。建築基準法・消防法・昇降機規則等に基づく建物・設備の安全と維持。,建築基準法;エレベーター;昇降機,建築基準法,B,過去問では延べ面積の定義・要件・効果を条文・規約根拠と対応づけるが問われます。延べ面積を類似語と同一視する選択肢に注意してください。延べ面積は建築・設備分野では建築基準法に関する重要概念です。管理業務主任者。,延べ面積とは？管理業務主任者で押さえる意味と試験ポイント,延べ面積の意味と管理業務主任者試験での判定ポイントを、建築基準法の文脈で整理します。延べ面積は、延べ面積は建築・設備分野では建築基準法に関する重要概念です。建築基準法・消防法・昇降機規則等に基づく建物・設備の安全と維持。,"延べ面積は建築・設備分野では建築基準法に関する重要概念です。管理業務主任者試験では、建築基準法を根拠に定義・要件・効果を問う問題が出ます。

実務・試験ともに「延べ面積の定義・要件・効果を条文・規約根拠と対応づける」が判断の軸になります。選択肢では延べ面積を類似語と同一視する肢が多いため、要件の欠けた肢を消去する思考が有効です。

延べ面積は建築基準法、エレベーター、昇降機とセットで整理すると理解が定着します。管業マスターの過去問・実践演習で建築・設備フィルタを使い、関連問題を解き直してください。","<table class=""seo-info-table""><thead><tr><th>比較</th><th>延べ面積</th><th>建築基準法</th></tr></thead><tbody><tr><th>覚え方</th><td>延べ面積の定義・要件・効果を条文・規約根拠と対応づける</td><td>関連ページで対比</td></tr></tbody></table>",延べ面積の定義・要件・効果を条文・規約根拠と対応づける;建築基準法の根拠を明示できる;関連語（建築基準法、エレベーター、昇降機）との違いを説明できる,延べ面積を類似語と同一視する;要件の一部だけ暗記して判断する;最新の改正・規約改定を見落とす。,延べ面積＝建築基準法。建築基準法と表で対比。（関連用語とセットで暗記）。,延べ面積に関する次の記述のうち、最も適切でないものはどれか。,延べ面積の定義・要件と照らし、条件を満たさない選択肢を選ぶ。,延べ面積の定義を試験用に一言で言うと？,「延べ面積の定義を試験用に一言で言うと？」への答え：延べ面積は建築・設備分野では建築基準法に関する重要概念です。根拠は建築基準法。条文番号と要件をメモに書き出して確認する。条文番号と要件をメモに書き出して確認する。条文番号と要件をメモに書き出して確認する。公式テキスト該当章を開く。,延べ面積と混同しやすい論点は？,試験の出方：建築基準法の根拠を明示できる。四択では条件の主語と効果を分離して読む。過去問で出題形式と正答率を週1回チェックする。過去問で出題形式と正答率を週1回チェックする。過去問で出題形式と正答率を週1回チェックする。過去問で出題形式と正答率を週1回チェックする。過去問1問で正答率を記録する。,誤答の典型：延べ面積を類似語と同一視する;要件の一部だけ暗記して判断する;最新の改正・規約改定を見落とす。一語差の選択肢に注意。誤答肢のパターンを比較表に整理して復習する。誤答肢のパターンを比較表に整理して復習する。誤答肢のパターンを比較表に整理して復習する。誤答肢を比較表に書き出す。,延べ面積とは何ですか？,学習の次段：「建築基準法」と比較表で整理し、numbers / compare から過去問へ。関連用語ハブと比較ページへ進んで定着を確認する。関連用語ハブと比較ページへ進んで定着を確認する。関連用語ハブと比較ページへ進んで定着を確認する。関連用語ハブと比較ページへ進んで定着を確認する。用語ハブ compare へ進む。,延べ面積とは何ですか？
建替え,区分所有法,区分所有法;頻出,老朽化等により建物を建て替えること。4分の3等の特別決議（区法62条）。,建替えは、老朽化等により建物を建て替えること。4分の3等の特別決議（区法62条）。マンション等の区分所有関係を定める基本法。専用部分・共用部分・管理組合が柱。,専有部分;共用部分;管理組合,区分所有法第62条,A,過去問では建替えの定義・要件・効果を条文・規約根拠と対応づけるが問われます。建替えを類似語と同一視する選択肢に注意してください。老朽化等により建物を建て替えること。4分の3等の特別決議（区法62条）。管理業。,建替えとは？管理業務主任者試験で押さえる意味と試験ポイント,建替えの意味と管理業務主任者試験での判定ポイントを、区分所有法第62条の文脈で整理します。建替えは、老朽化等により建物を建て替えること。4分の3等の特別決議（区法62条）。マンション等の区分所有関係を定める基本法。専用部分・共用部分・管理組合が柱。,"老朽化等により建物を建て替えること。4分の3等の特別決議（区法62条）。管理業務主任者試験では、区分所有法第62条を根拠に定義・要件・効果を問う問題が出ます。

実務・試験ともに「建替えの定義・要件・効果を条文・規約根拠と対応づける」が判断の軸になります。選択肢では建替えを類似語と同一視する肢が多いため、要件の欠けた肢を消去する思考が有効です。

建替えは専有部分、共用部分、管理組合とセットで整理すると理解が定着します。管業マスターの過去問・実践演習で区分所有法フィルタを使い、関連問題を解き直してください。","<table class=""seo-info-table""><thead><tr><th>比較</th><th>建替え</th><th>専有部分</th></tr></thead><tbody><tr><th>覚え方</th><td>建替えの定義・要件・効果を条文・規約根拠と対応づける</td><td>関連ページで対比</td></tr></tbody></table>",建替えの定義・要件・効果を条文・規約根拠と対応づける;区分所有法第62条の根拠を明示できる;関連語（専有部分、共用部分、管理組合）との違いを説明できる,建替えを類似語と同一視する;要件の一部だけ暗記して判断する;最新の改正・規約改定を見落とす。,建替え＝区分所有法第62条。専有部分と表で対比。（関連用語とセットで暗記）。,建替えに関する次の記述のうち、最も適切でないものはどれか。,建替えの定義・要件・効果を条文・規約根拠と対応づける。建替えを類似語と同一視するとする記述が誤りになりやすい。,建替えの定義を試験用に一言で言うと？,「建替えの定義を試験用に一言で言うと？」への答え：老朽化等により建物を建て替えること。4分の3等の特別決議（区法62条）。根拠は区分所有法第62条。条文番号と要件をメモに書き出して確認する。条文番号と要件をメモに書き出して確認する。条文番号と要件をメモに書き出して確認する。公式テキスト該当章を開く。,建替えと混同しやすい論点は？,試験の出方：区分所有法第62条の根拠を明示できる。四択では条件の主語と効果を分離して読む。過去問で出題形式と正答率を週1回チェックする。過去問で出題形式と正答率を週1回チェックする。過去問で出題形式と正答率を週1回チェックする。過去問で出題形式と正答率を週1回チェックする。過去問1問で正答率を記録する。,誤答の典型：建替えを類似語と同一視する;要件の一部だけ暗記して判断する;最新の改正・規約改定を見落とす。一語差の選択肢に注意。誤答肢のパターンを比較表に整理して復習する。誤答肢のパターンを比較表に整理して復習する。誤答肢のパターンを比較表に整理して復習する。誤答肢を比較表に書き出す。,建替えとは何ですか？,学習の次段：「専有部分」と比較表で整理し、numbers / compare から過去問へ。関連用語ハブと比較ページへ進んで定着を確認する。関連用語ハブと比較ページへ進んで定着を確認する。関連用語ハブと比較ページへ進んで定着を確認する。関連用語ハブと比較ページへ進んで定着を確認する。用語ハブ compare へ進む。,建替えとは何ですか？
建替えの合意,品確法・建替円滑化法等,品確法・建替円滑化法等;建替え,建替えの合意は品確法・建替円滑化法等分野では建替え等円滑化法に関する重要概念です。,建替えの合意は、建替えの合意は品確法・建替円滑化法等分野では建替え等円滑化法に関する重要概念です。住宅品質確保と建替え手続の関連法令。,品質確保促進法;既存住宅状況調査;建替え等円滑化法,建替え等円滑化法,B,過去問では建替えの合意の定義・要件・効果を条文・規約根拠と対応づけるが問われます。建替えの合意を類似語と同一視する選択肢に注意してください。建替えの合意は品確法・建替円滑化法等分野では建替え等円滑化法に関する重要概念。,建替えの合意とは？管理業務主任者試験で押さえる意味と試験ポイント,建替えの合意の意味と管理業務主任者試験での判定ポイントを、建替え等円滑化法の文脈で整理します。建替えの合意は、建替えの合意は品確法・建替円滑化法等分野では建替え等円滑化法に関する重要概念です。住宅品質確保と建替え手続の関連法令。,"建替えの合意は品確法・建替円滑化法等分野では建替え等円滑化法に関する重要概念です。管理業務主任者試験では、建替え等円滑化法を根拠に定義・要件・効果を問う問題が出ます。

実務・試験ともに「建替えの合意の定義・要件・効果を条文・規約根拠と対応づける」が判断の軸になります。選択肢では建替えの合意を類似語と同一視する肢が多いため、要件の欠けた肢を消去する思考が有効です。

建替えの合意は品質確保促進法、既存住宅状況調査、建替え等円滑化法とセットで整理すると理解が定着します。管業マスターの過去問・実践演習で品確法・建替円滑化法等フィルタを使い、関連問題を解き直してください。","<table class=""seo-info-table""><thead><tr><th>比較</th><th>建替えの合意</th><th>品質確保促進法</th></tr></thead><tbody><tr><th>覚え方</th><td>建替えの合意の定義・要件・効果を条文・規約根拠と対応づける</td><td>関連ページで対比</td></tr></tbody></table>",建替えの合意の定義・要件・効果を条文・規約根拠と対応づける;建替え等円滑化法の根拠を明示できる;関連語（品質確保促進法、既存住宅状況調査、建替え等円滑化法）との違いを説明できる,建替えの合意を類似語と同一視する;要件の一部だけ暗記して判断する;最新の改正・規約改定を見落とす。,建替えの合意＝建替え等円滑化法。品質確保促進法と表で対比。,建替えの合意に関する記述として最も不適切なものを選べ。,品確法・建替円滑化法等の原則に照らし、主体・時期・要件のいずれかを欠く選択肢を誤りとして判定する。,建替えの合意の定義を試験用に一言で言うと？,「建替えの合意の定義を試験用に一言で言うと？」への答え：建替えの合意は品確法・建替円滑化法等分野では建替え等円滑化法に関する重要概念です。根拠は建替え等円滑化法。条文番号と要件をメモに書き出して確認する。条文番号と要件をメモに書き出して確認する。公式テキスト該当章を開く。,建替えの合意と混同しやすい論点は？,試験の出方：建替え等円滑化法の根拠を明示できる。四択では条件の主語と効果を分離して読む。過去問で出題形式と正答率を週1回チェックする。過去問で出題形式と正答率を週1回チェックする。過去問で出題形式と正答率を週1回チェックする。過去問で出題形式と正答率を週1回チェックする。過去問1問で正答率を記録する。,誤答の典型：建替えの合意を類似語と同一視する;要件の一部だけ暗記して判断する;最新の改正・規約改定を見落とす。一語差の選択肢に注意。誤答肢のパターンを比較表に整理して復習する。誤答肢のパターンを比較表に整理して復習する。誤答肢のパターンを比較表に整理して復習する。誤答肢を比較表に書き出す。,建替えの合意とは何ですか？,学習の次段：「品質確保促進法」と比較表で整理し、numbers / compare から過去問へ。関連用語ハブと比較ページへ進んで定着を確認する。関連用語ハブと比較ページへ進んで定着を確認する。関連用語ハブと比較ページへ進んで定着を確認する。用語ハブ compare へ進む。,建替えの合意とは何ですか？
建替えの手続,品確法・建替円滑化法等,品確法・建替円滑化法等;頻出;建替え,建替え等円滑化法・区法の手続。,"建替えの手続は、建替え等円滑化法・区法の手続。住宅品質確保と建替え手続の関連法令。建替え等円滑化法・区法の手続。管理業務主任者試験では、建替え等円滑化法を根拠に定義・要件・効果を問う問題が出ます。

実務・試験ともに「建替えの手続の定義・要件・効果を条文・規約根拠と対応づける」が判断の軸になります。選択肢では建替えの手。",品質確保促進法;既存住宅状況調査;建替え等円滑化法,建替え等円滑化法,A,過去問では建替えの手続の定義・要件・効果を条文・規約根拠と対応づけるが問われます。建替えの手続を類似語と同一視する選択肢に注意してください。建替え等円滑化法・区法の手続。管理業務主任者試験では、建替え等円滑化法を根拠に。,建替えの手続とは？管理業務主任者試験で押さえる意味と試験ポイント,"建替えの手続の意味と管理業務主任者試験での判定ポイントを、建替え等円滑化法の文脈で整理します。建替えの手続は、建替え等円滑化法・区法の手続。住宅品質確保と建替え手続の関連法令。建替え等円滑化法・区法の手続。管理業務主任者試験では、建替え等円滑化法を根拠に定義・要件・効果を問う問題が出ます。

実務・試験ともに「建替えの手続の定義・要件・効果を条文・規約根拠と対応づける」が判断の軸になります。選択肢では建替えの手。","建替え等円滑化法・区法の手続。管理業務主任者試験では、建替え等円滑化法を根拠に定義・要件・効果を問う問題が出ます。

実務・試験ともに「建替えの手続の定義・要件・効果を条文・規約根拠と対応づける」が判断の軸になります。選択肢では建替えの手続を類似語と同一視する肢が多いため、要件の欠けた肢を消去する思考が有効です。

建替えの手続は品質確保促進法、既存住宅状況調査、建替え等円滑化法とセットで整理すると理解が定着します。管業マスターの過去問・実践演習で品確法・建替円滑化法等フィルタを使い、関連問題を解き直してください。","<table class=""seo-info-table""><thead><tr><th>比較</th><th>建替えの手続</th><th>品質確保促進法</th></tr></thead><tbody><tr><th>覚え方</th><td>建替えの手続の定義・要件・効果を条文・規約根拠と対応づける</td><td>関連ページで対比</td></tr></tbody></table>",建替えの手続の定義・要件・効果を条文・規約根拠と対応づける;建替え等円滑化法の根拠を明示できる;関連語（品質確保促進法、既存住宅状況調査、建替え等円滑化法）との違いを説明できる,建替えの手続を類似語と同一視する;要件の一部だけ暗記して判断する;最新の改正・規約改定を見落とす。,建替えの手続＝建替え等円滑化法。品質確保促進法と表で対比。,建替えの手続に関する次の記述のうち、最も適切でないものはどれか。,建替えの手続の定義・要件・効果を条文・規約根拠と対応づける。建替えの手続を類似語と同一視するとする記述が誤りになりやすい。,建替えの手続の定義を試験用に一言で言うと？,「建替えの手続の定義を試験用に一言で言うと？」への答え：建替え等円滑化法・区法の手続。根拠は建替え等円滑化法。条文番号と要件をメモに書き出して確認する。条文番号と要件をメモに書き出して確認する。条文番号と要件をメモに書き出して確認する。条文番号と要件をメモに書き出して確認する。公式テキスト該当章を開く。,建替えの手続と混同しやすい論点は？,試験の出方：建替え等円滑化法の根拠を明示できる。四択では条件の主語と効果を分離して読む。過去問で出題形式と正答率を週1回チェックする。過去問で出題形式と正答率を週1回チェックする。過去問で出題形式と正答率を週1回チェックする。過去問で出題形式と正答率を週1回チェックする。過去問1問で正答率を記録する。,誤答の典型：建替えの手続を類似語と同一視する;要件の一部だけ暗記して判断する;最新の改正・規約改定を見落とす。一語差の選択肢に注意。誤答肢のパターンを比較表に整理して復習する。誤答肢のパターンを比較表に整理して復習する。誤答肢のパターンを比較表に整理して復習する。誤答肢を比較表に書き出す。,建替えの手続とは何ですか？,学習の次段：「品質確保促進法」と比較表で整理し、numbers / compare から過去問へ。関連用語ハブと比較ページへ進んで定着を確認する。関連用語ハブと比較ページへ進んで定着を確認する。関連用語ハブと比較ページへ進んで定着を確認する。用語ハブ compare へ進む。,建替えの手続とは何ですか？
建替え決議,区分所有法,区分所有法;頻出;建替え,建替えのための4分の3特別決議等（区法62条）。,建替え決議は、建替えのための4分の3特別決議等（区法62条）。マンション等の区分所有関係を定める基本法。専用部分・共用部分・管理組合が柱。,専有部分;共用部分;管理組合,区分所有法第62条,A,過去問では建替え決議の定義・要件・効果を条文・規約根拠と対応づけるが問われます。建替え決議を類似語と同一視する選択肢に注意してください。建替えのための4分の3特別決議等（区法62条）。管理業務主任者試験では、区分所。,建替え決議とは？管理業務主任者試験で押さえる意味と試験ポイント,建替え決議の意味と管理業務主任者試験での判定ポイントを、区分所有法第62条の文脈で整理します。建替え決議は、建替えのための4分の3特別決議等（区法62条）。マンション等の区分所有関係を定める基本法。専用部分・共用部分・管理組合が柱。,"建替えのための4分の3特別決議等（区法62条）。管理業務主任者試験では、区分所有法第62条を根拠に定義・要件・効果を問う問題が出ます。

実務・試験ともに「建替え決議の定義・要件・効果を条文・規約根拠と対応づける」が判断の軸になります。選択肢では建替え決議を類似語と同一視する肢が多いため、要件の欠けた肢を消去する思考が有効です。

建替え決議は専有部分、共用部分、管理組合とセットで整理すると理解が定着します。管業マスターの過去問・実践演習で区分所有法フィルタを使い、関連問題を解き直してください。","<table class=""seo-info-table""><thead><tr><th>比較</th><th>建替え決議</th><th>専有部分</th></tr></thead><tbody><tr><th>覚え方</th><td>建替え決議の定義・要件・効果を条文・規約根拠と対応づける</td><td>関連ページで対比</td></tr></tbody></table>",建替え決議の定義・要件・効果を条文・規約根拠と対応づける;区分所有法第62条の根拠を明示できる;関連語（専有部分、共用部分、管理組合）との違いを説明できる,建替え決議を類似語と同一視する;要件の一部だけ暗記して判断する;最新の改正・規約改定を見落とす。,建替え決議＝区分所有法第62条。専有部分と表で対比。,建替え決議に関する次の記述のうち、最も適切でないものはどれか。,建替え決議の定義・要件・効果を条文・規約根拠と対応づける。建替え決議を類似語と同一視するとする記述が誤りになりやすい。,建替え決議の定義を試験用に一言で言うと？,「建替え決議の定義を試験用に一言で言うと？」への答え：建替えのための4分の3特別決議等（区法62条）。根拠は区分所有法第62条。条文番号と要件をメモに書き出して確認する。条文番号と要件をメモに書き出して確認する。条文番号と要件をメモに書き出して確認する。公式テキスト該当章を開く。,建替え決議と混同しやすい論点は？,試験の出方：区分所有法第62条の根拠を明示できる。四択では条件の主語と効果を分離して読む。過去問で出題形式と正答率を週1回チェックする。過去問で出題形式と正答率を週1回チェックする。過去問で出題形式と正答率を週1回チェックする。過去問で出題形式と正答率を週1回チェックする。過去問1問で正答率を記録する。,誤答の典型：建替え決議を類似語と同一視する;要件の一部だけ暗記して判断する;最新の改正・規約改定を見落とす。一語差の選択肢に注意。誤答肢のパターンを比較表に整理して復習する。誤答肢のパターンを比較表に整理して復習する。誤答肢のパターンを比較表に整理して復習する。誤答肢を比較表に書き出す。,建替え決議とは何ですか？,学習の次段：「専有部分」と比較表で整理し、numbers / compare から過去問へ。関連用語ハブと比較ページへ進んで定着を確認する。関連用語ハブと比較ページへ進んで定着を確認する。関連用語ハブと比較ページへ進んで定着を確認する。関連用語ハブと比較ページへ進んで定着を確認する。用語ハブ compare へ進む。,建替え決議とは何ですか？
建替え等円滑化法,品確法・建替円滑化法等,品確法・建替円滑化法等;法令;頻出,マンション建替えの手続円滑化。区分所有法と連動。,建替え等円滑化法は、マンション建替えの手続円滑化。区分所有法と連動。住宅品質確保と建替え手続の関連法令。,品質確保促進法;既存住宅状況調査;瑕疵担保責任,建替え等円滑化法,A,過去問では建替え等円滑化法の定義・要件・効果を条文・規約根拠と対応づけるが問われます。建替え等円滑化法を類似語と同一視する選択肢に注意してください。マンション建替えの手続円滑化。区分所有法と連動。管理業務主任者試験では、建替え。,建替え等円滑化法とは？管理業務主任者試験で押さえる意味と試験ポイント,建替え等円滑化法の意味と管理業務主任者試験での判定ポイントを、建替え等円滑化法の文脈で整理します。建替え等円滑化法は、マンション建替えの手続円滑化。区分所有法と連動。住宅品質確保と建替え手続の関連法令。,"マンション建替えの手続円滑化。区分所有法と連動。管理業務主任者試験では、建替え等円滑化法を根拠に定義・要件・効果を問う問題が出ます。

実務・試験ともに「建替え等円滑化法の定義・要件・効果を条文・規約根拠と対応づける」が判断の軸になります。選択肢では建替え等円滑化法を類似語と同一視する肢が多いため、要件の欠けた肢を消去する思考が有効です。

建替え等円滑化法は品質確保促進法、既存住宅状況調査、瑕疵担保責任とセットで整理すると理解が定着します。管業マスターの過去問・実践演習で品確法・建替円滑化法等フィルタを使い、関連問題を解き直してください。","<table class=""seo-info-table""><thead><tr><th>比較</th><th>建替え等円滑化法</th><th>品質確保促進法</th></tr></thead><tbody><tr><th>覚え方</th><td>建替え等円滑化法の定義・要件・効果を条文・規約根拠と対応づける</td><td>関連ページで対比</td></tr></tbody></table>",建替え等円滑化法の定義・要件・効果を条文・規約根拠と対応づける;建替え等円滑化法の根拠を明示できる;関連語（品質確保促進法、既存住宅状況調査、瑕疵担保責任）との違いを説明できる,建替え等円滑化法を類似語と同一視する;要件の一部だけ暗記して判断する;最新の改正・規約改定を見落とす。,建替え等円滑化法＝建替え等円滑化法。品質確保促進法と表で対比。,建替え等円滑化法に関する次の記述のうち、最も適切でないものはどれか。,建替え等円滑化法の定義・要件・効果を条文・規約根拠と対応づける。建替え等円滑化法を類似語と同一視するとする記述が誤りになりやすい。,建替え等円滑化法の定義を試験用に一言で言うと？,「建替え等円滑化法の定義を試験用に一言で言うと？」への答え：マンション建替えの手続円滑化。区分所有法と連動。根拠は建替え等円滑化法。条文番号と要件をメモに書き出して確認する。条文番号と要件をメモに書き出して確認する。条文番号と要件をメモに書き出して確認する。公式テキスト該当章を開く。,建替え等円滑化法と混同しやすい論点は？,試験の出方：建替え等円滑化法の根拠を明示できる。四択では条件の主語と効果を分離して読む。過去問で出題形式と正答率を週1回チェックする。過去問で出題形式と正答率を週1回チェックする。過去問で出題形式と正答率を週1回チェックする。過去問で出題形式と正答率を週1回チェックする。過去問1問で正答率を記録する。,誤答の典型：建替え等円滑化法を類似語と同一視する;要件の一部だけ暗記して判断する;最新の改正・規約改定を見落とす。一語差の選択肢に注意。誤答肢のパターンを比較表に整理して復習する。誤答肢のパターンを比較表に整理して復習する。誤答肢のパターンを比較表に整理して復習する。誤答肢を比較表に書き出す。,建替え等円滑化法とは何ですか？,学習の次段：「品質確保促進法」と比較表で整理し、numbers / compare から過去問へ。関連用語ハブと比較ページへ進んで定着を確認する。関連用語ハブと比較ページへ進んで定着を確認する。関連用語ハブと比較ページへ進んで定着を確認する。用語ハブ compare へ進む。,建替え等円滑化法とは何ですか？
建替え等円滑化法の手続,品確法・建替円滑化法等,品確法・建替円滑化法等;建替え,建替え等円滑化法の手続は品確法・建替円滑化法等分野では建替え等円滑化法に関する重要概念です。,建替え等円滑化法の手続は、建替え等円滑化法の手続は品確法・建替円滑化法等分野では建替え等円滑化法に関する重要概念です。住宅品質確保と建替え手続の関連法令。,品質確保促進法;既存住宅状況調査;建替え等円滑化法,建替え等円滑化法,B,過去問では建替え等円滑化法の手続の定義・要件・効果を条文・規約根拠と対応づけるが問われます。建替え等円滑化法の手続を類似語と同一視する選択肢に注意してください。,建替え等円滑化法の手続とは？管理業務主任者試験で押さえる意味と試験ポイント,建替え等円滑化法の手続の意味と管理業務主任者試験での判定ポイントを、建替え等円滑化法の文脈で整理します。建替え等円滑化法の手続は、建替え等円滑化法の手続は品確法・建替円滑化法等分野では建替え等円滑化法に関する重要概念です。住宅品質確保と建替え手続の関連法令。,"建替え等円滑化法の手続は品確法・建替円滑化法等分野では建替え等円滑化法に関する重要概念です。管理業務主任者試験では、建替え等円滑化法を根拠に定義・要件・効果を問う問題が出ます。

実務・試験ともに「建替え等円滑化法の手続の定義・要件・効果を条文・規約根拠と対応づける」が判断の軸になります。選択肢では建替え等円滑化法の手続を類似語と同一視する肢が多いため、要件の欠けた肢を消去する思考が有効です。

建替え等円滑化法の手続は品質確保促進法、既存住宅状況調査、建替え等円滑化法とセットで整理すると理解が定着します。管業マスターの過去問・実践演習で品確法・建替円滑化法等フィルタを使い、関連問題を解き直してください。","<table class=""seo-info-table""><thead><tr><th>比較</th><th>建替え等円滑化法の手続</th><th>品質確保促進法</th></tr></thead><tbody><tr><th>覚え方</th><td>建替え等円滑化法の手続の定義・要件・効果を条文・規約根拠と対応づける</td><td>関連ページで対比</td></tr></tbody></table>",建替え等円滑化法の手続の定義・要件・効果を条文・規約根拠と対応づける;建替え等円滑化法の根拠を明示できる;関連語（品質確保促進法、既存住宅状況調査、建替え等円滑化法）との違いを説明できる,建替え等円滑化法の手続を類似語と同一視する;要件の一部だけ暗記して判断する;最新の改正・規約改定を見落とす。,建替え等円滑化法の手続＝建替え等円滑化法。品質確保促進法と表で対比。,建替え等円滑化法の手続に関する記述として最も不適切なものを選べ。,品確法・建替円滑化法等の原則に照らし、主体・時期・要件のいずれかを欠く選択肢を誤りとして判定する。,建替え等円滑化法の手続の定義を試験用に一言で言うと？,「建替え等円滑化法の手続の定義を試験用に一言で言うと？」への答え：建替え等円滑化法の手続は品確法・建替円滑化法等分野では建替え等円滑化法に関する重要概念です。根拠は建替え等円滑化法。条文番号と要件をメモに書き出して確認する。条文番号と要件をメモに書き出して確認する。公式テキスト該当章を開く。,建替え等円滑化法の手続と混同しやすい論点は？,試験の出方：建替え等円滑化法の根拠を明示できる。四択では条件の主語と効果を分離して読む。過去問で出題形式と正答率を週1回チェックする。過去問で出題形式と正答率を週1回チェックする。過去問で出題形式と正答率を週1回チェックする。過去問で出題形式と正答率を週1回チェックする。過去問1問で正答率を記録する。,誤答の典型：建替え等円滑化法の手続を類似語と同一視する;要件の一部だけ暗記して判断する;最新の改正・規約改定を見落とす。一語差の選択肢に注意。誤答肢のパターンを比較表に整理して復習する。誤答肢のパターンを比較表に整理して復習する。誤答肢のパターンを比較表に整理して復習する。誤答肢を比較表に書き出す。,建替え等円滑化法の手続とは何ですか？,学習の次段：「品質確保促進法」と比較表で整理し、numbers / compare から過去問へ。関連用語ハブと比較ページへ進んで定着を確認する。関連用語ハブと比較ページへ進んで定着を確認する。関連用語ハブと比較ページへ進んで定着を確認する。用語ハブ compare へ進む。,建替え等円滑化法の手続とは何ですか？
建築基準法,建築・設備,建築・設備;法令;頻出,建築物の敷地・構造・設備等の最低基準を定める法律。,建築基準法は、建築物の敷地・構造・設備等の最低基準を定める法律。建築基準法・消防法・昇降機規則等に基づく建物・設備の安全と維持。,エレベーター;昇降機;消防法,建築基準法,A,過去問では建築基準法の定義・要件・効果を条文・規約根拠と対応づけるが問われます。建築基準法を類似語と同一視する選択肢に注意してください。建築物の敷地・構造・設備等の最低基準を定める法律。管理業務主任者試験では、建築。,建築基準法とは？管理業務主任者で押さえる意味と試験ポイント,建築基準法の意味と管理業務主任者試験での判定ポイントを、建築基準法の文脈で整理します。建築基準法は、建築物の敷地・構造・設備等の最低基準を定める法律。建築基準法・消防法・昇降機規則等に基づく建物・設備の安全と維持。,"建築物の敷地・構造・設備等の最低基準を定める法律。管理業務主任者試験では、建築基準法を根拠に定義・要件・効果を問う問題が出ます。

実務・試験ともに「建築基準法の定義・要件・効果を条文・規約根拠と対応づける」が判断の軸になります。選択肢では建築基準法を類似語と同一視する肢が多いため、要件の欠けた肢を消去する思考が有効です。

建築基準法はエレベーター、昇降機、消防法とセットで整理すると理解が定着します。管業マスターの過去問・実践演習で建築・設備フィルタを使い、関連問題を解き直してください。","<table class=""seo-info-table""><thead><tr><th>比較</th><th>建築基準法</th><th>エレベーター</th></tr></thead><tbody><tr><th>覚え方</th><td>建築基準法の定義・要件・効果を条文・規約根拠と対応づける</td><td>関連ページで対比</td></tr></tbody></table>",建築基準法の定義・要件・効果を条文・規約根拠と対応づける;建築基準法の根拠を明示できる;関連語（エレベーター、昇降機、消防法）との違いを説明できる,建築基準法を類似語と同一視する;要件の一部だけ暗記して判断する;最新の改正・規約改定を見落とす。,建築基準法＝建築基準法。エレベーターと表で対比。（関連用語とセットで暗記）。,建築基準法に関する次の記述のうち、最も適切でないものはどれか。,建築基準法の定義・要件・効果を条文・規約根拠と対応づける。建築基準法を類似語と同一視するとする記述が誤りになりやすい。,建築基準法の定義を試験用に一言で言うと？,「建築基準法の定義を試験用に一言で言うと？」への答え：建築物の敷地・構造・設備等の最低基準を定める法律。根拠は建築基準法。条文番号と要件をメモに書き出して確認する。条文番号と要件をメモに書き出して確認する。条文番号と要件をメモに書き出して確認する。公式テキスト該当章を開く。,建築基準法と混同しやすい論点は？,試験の出方：建築基準法の根拠を明示できる。四択では条件の主語と効果を分離して読む。過去問で出題形式と正答率を週1回チェックする。過去問で出題形式と正答率を週1回チェックする。過去問で出題形式と正答率を週1回チェックする。過去問で出題形式と正答率を週1回チェックする。過去問1問で正答率を記録する。,誤答の典型：建築基準法を類似語と同一視する;要件の一部だけ暗記して判断する;最新の改正・規約改定を見落とす。一語差の選択肢に注意。誤答肢のパターンを比較表に整理して復習する。誤答肢のパターンを比較表に整理して復習する。誤答肢のパターンを比較表に整理して復習する。誤答肢を比較表に書き出す。,建築基準法とは何ですか？,学習の次段：「エレベーター」と比較表で整理し、numbers / compare から過去問へ。関連用語ハブと比較ページへ進んで定着を確認する。関連用語ハブと比較ページへ進んで定着を確認する。関連用語ハブと比較ページへ進んで定着を確認する。用語ハブ compare へ進む。,建築基準法とは何ですか？
建築材料,建築・設備,建築・設備;構造,建築材料は建築・設備分野では建築基準法に関する重要概念です。,建築材料は、建築材料は建築・設備分野では建築基準法に関する重要概念です。建築基準法・消防法・昇降機規則等に基づく建物・設備の安全と維持。,建築基準法;エレベーター;昇降機,建築基準法,B,過去問では建築材料の定義・要件・効果を条文・規約根拠と対応づけるが問われます。建築材料を類似語と同一視する選択肢に注意してください。建築材料は建築・設備分野では建築基準法に関する重要概念です。管理業務主任者。,建築材料とは？管理業務主任者で押さえる意味と試験ポイント,建築材料の意味と管理業務主任者試験での判定ポイントを、建築基準法の文脈で整理します。建築材料は、建築材料は建築・設備分野では建築基準法に関する重要概念です。建築基準法・消防法・昇降機規則等に基づく建物・設備の安全と維持。,"建築材料は建築・設備分野では建築基準法に関する重要概念です。管理業務主任者試験では、建築基準法を根拠に定義・要件・効果を問う問題が出ます。

実務・試験ともに「建築材料の定義・要件・効果を条文・規約根拠と対応づける」が判断の軸になります。選択肢では建築材料を類似語と同一視する肢が多いため、要件の欠けた肢を消去する思考が有効です。

建築材料は建築基準法、エレベーター、昇降機とセットで整理すると理解が定着します。管業マスターの過去問・実践演習で建築・設備フィルタを使い、関連問題を解き直してください。","<table class=""seo-info-table""><thead><tr><th>比較</th><th>建築材料</th><th>建築基準法</th></tr></thead><tbody><tr><th>覚え方</th><td>建築材料の定義・要件・効果を条文・規約根拠と対応づける</td><td>関連ページで対比</td></tr></tbody></table>",建築材料の定義・要件・効果を条文・規約根拠と対応づける;建築基準法の根拠を明示できる;関連語（建築基準法、エレベーター、昇降機）との違いを説明できる,建築材料を類似語と同一視する;要件の一部だけ暗記して判断する;最新の改正・規約改定を見落とす。,建築材料＝建築基準法。建築基準法と表で対比。（関連用語とセットで暗記）。,建築材料に関する次の記述のうち、最も適切でないものはどれか。,建築材料の定義・要件と照らし、条件を満たさない選択肢を選ぶ。,建築材料の定義を試験用に一言で言うと？,「建築材料の定義を試験用に一言で言うと？」への答え：建築材料は建築・設備分野では建築基準法に関する重要概念です。根拠は建築基準法。条文番号と要件をメモに書き出して確認する。条文番号と要件をメモに書き出して確認する。条文番号と要件をメモに書き出して確認する。公式テキスト該当章を開く。,建築材料と混同しやすい論点は？,試験の出方：建築基準法の根拠を明示できる。四択では条件の主語と効果を分離して読む。過去問で出題形式と正答率を週1回チェックする。過去問で出題形式と正答率を週1回チェックする。過去問で出題形式と正答率を週1回チェックする。過去問で出題形式と正答率を週1回チェックする。過去問1問で正答率を記録する。,誤答の典型：建築材料を類似語と同一視する;要件の一部だけ暗記して判断する;最新の改正・規約改定を見落とす。一語差の選択肢に注意。誤答肢のパターンを比較表に整理して復習する。誤答肢のパターンを比較表に整理して復習する。誤答肢のパターンを比較表に整理して復習する。誤答肢を比較表に書き出す。,建築材料とは何ですか？,学習の次段：「建築基準法」と比較表で整理し、numbers / compare から過去問へ。関連用語ハブと比較ページへ進んで定着を確認する。関連用語ハブと比較ページへ進んで定着を確認する。関連用語ハブと比較ページへ進んで定着を確認する。関連用語ハブと比較ページへ進んで定着を確認する。用語ハブ compare へ進む。,建築材料とは何ですか？
建築物の構造,建築・設備,建築・設備;構造,建築物の構造は建築・設備分野では建築基準法に関する重要概念です。,建築物の構造は、建築物の構造は建築・設備分野では建築基準法に関する重要概念です。建築基準法・消防法・昇降機規則等に基づく建物・設備の安全と維持。,建築基準法;エレベーター;昇降機,建築基準法,B,過去問では建築物の構造の定義・要件・効果を条文・規約根拠と対応づけるが問われます。建築物の構造を類似語と同一視する選択肢に注意してください。建築物の構造は建築・設備分野では建築基準法に関する重要概念です。管理業務主。,建築物の構造とは？管理業務主任者で押さえる意味と試験ポイント,建築物の構造の意味と管理業務主任者試験での判定ポイントを、建築基準法の文脈で整理します。建築物の構造は、建築物の構造は建築・設備分野では建築基準法に関する重要概念です。建築基準法・消防法・昇降機規則等に基づく建物・設備の安全と維持。,"建築物の構造は建築・設備分野では建築基準法に関する重要概念です。管理業務主任者試験では、建築基準法を根拠に定義・要件・効果を問う問題が出ます。

実務・試験ともに「建築物の構造の定義・要件・効果を条文・規約根拠と対応づける」が判断の軸になります。選択肢では建築物の構造を類似語と同一視する肢が多いため、要件の欠けた肢を消去する思考が有効です。

建築物の構造は建築基準法、エレベーター、昇降機とセットで整理すると理解が定着します。管業マスターの過去問・実践演習で建築・設備フィルタを使い、関連問題を解き直してください。","<table class=""seo-info-table""><thead><tr><th>比較</th><th>建築物の構造</th><th>建築基準法</th></tr></thead><tbody><tr><th>覚え方</th><td>建築物の構造の定義・要件・効果を条文・規約根拠と対応づける</td><td>関連ページで対比</td></tr></tbody></table>",建築物の構造の定義・要件・効果を条文・規約根拠と対応づける;建築基準法の根拠を明示できる;関連語（建築基準法、エレベーター、昇降機）との違いを説明できる,建築物の構造を類似語と同一視する;要件の一部だけ暗記して判断する;最新の改正・規約改定を見落とす。,建築物の構造＝建築基準法。建築基準法と表で対比。（関連用語とセットで暗記）。,建築物の構造に関する次の記述のうち、最も適切でないものはどれか。,建築物の構造の定義・要件と照らし、条件を満たさない選択肢を選ぶ。,建築物の構造の定義を試験用に一言で言うと？,「建築物の構造の定義を試験用に一言で言うと？」への答え：建築物の構造は建築・設備分野では建築基準法に関する重要概念です。根拠は建築基準法。条文番号と要件をメモに書き出して確認する。条文番号と要件をメモに書き出して確認する。条文番号と要件をメモに書き出して確認する。公式テキスト該当章を開く。,建築物の構造と混同しやすい論点は？,試験の出方：建築基準法の根拠を明示できる。四択では条件の主語と効果を分離して読む。過去問で出題形式と正答率を週1回チェックする。過去問で出題形式と正答率を週1回チェックする。過去問で出題形式と正答率を週1回チェックする。過去問で出題形式と正答率を週1回チェックする。過去問1問で正答率を記録する。,誤答の典型：建築物の構造を類似語と同一視する;要件の一部だけ暗記して判断する;最新の改正・規約改定を見落とす。一語差の選択肢に注意。誤答肢のパターンを比較表に整理して復習する。誤答肢のパターンを比較表に整理して復習する。誤答肢のパターンを比較表に整理して復習する。誤答肢を比較表に書き出す。,建築物の構造とは何ですか？,学習の次段：「建築基準法」と比較表で整理し、numbers / compare から過去問へ。関連用語ハブと比較ページへ進んで定着を確認する。関連用語ハブと比較ページへ進んで定着を確認する。関連用語ハブと比較ページへ進んで定着を確認する。関連用語ハブと比較ページへ進んで定着を確認する。用語ハブ compare へ進む。,建築物の構造とは何ですか？
建築確認,建築・設備,建築・設備;手続,建築確認は建築・設備分野では建築基準法に関する重要概念です。,建築確認は、建築確認は建築・設備分野では建築基準法に関する重要概念です。建築基準法・消防法・昇降機規則等に基づく建物・設備の安全と維持。,建築基準法;エレベーター;昇降機,建築基準法,B,過去問では建築確認の定義・要件・効果を条文・規約根拠と対応づけるが問われます。建築確認を類似語と同一視する選択肢に注意してください。建築確認は建築・設備分野では建築基準法に関する重要概念です。管理業務主任者。,建築確認とは？管理業務主任者で押さえる意味と試験ポイント,建築確認の意味と管理業務主任者試験での判定ポイントを、建築基準法の文脈で整理します。建築確認は、建築確認は建築・設備分野では建築基準法に関する重要概念です。建築基準法・消防法・昇降機規則等に基づく建物・設備の安全と維持。,"建築確認は建築・設備分野では建築基準法に関する重要概念です。管理業務主任者試験では、建築基準法を根拠に定義・要件・効果を問う問題が出ます。

実務・試験ともに「建築確認の定義・要件・効果を条文・規約根拠と対応づける」が判断の軸になります。選択肢では建築確認を類似語と同一視する肢が多いため、要件の欠けた肢を消去する思考が有効です。

建築確認は建築基準法、エレベーター、昇降機とセットで整理すると理解が定着します。管業マスターの過去問・実践演習で建築・設備フィルタを使い、関連問題を解き直してください。","<table class=""seo-info-table""><thead><tr><th>比較</th><th>建築確認</th><th>建築基準法</th></tr></thead><tbody><tr><th>覚え方</th><td>建築確認の定義・要件・効果を条文・規約根拠と対応づける</td><td>関連ページで対比</td></tr></tbody></table>",建築確認の定義・要件・効果を条文・規約根拠と対応づける;建築基準法の根拠を明示できる;関連語（建築基準法、エレベーター、昇降機）との違いを説明できる,建築確認を類似語と同一視する;要件の一部だけ暗記して判断する;最新の改正・規約改定を見落とす。,建築確認＝建築基準法。建築基準法と表で対比。（関連用語とセットで暗記）。,建築確認に関する次の記述のうち、最も適切でないものはどれか。,建築確認の定義・要件と照らし、条件を満たさない選択肢を選ぶ。,建築確認の定義を試験用に一言で言うと？,「建築確認の定義を試験用に一言で言うと？」への答え：建築確認は建築・設備分野では建築基準法に関する重要概念です。根拠は建築基準法。条文番号と要件をメモに書き出して確認する。条文番号と要件をメモに書き出して確認する。条文番号と要件をメモに書き出して確認する。公式テキスト該当章を開く。,建築確認と混同しやすい論点は？,試験の出方：建築基準法の根拠を明示できる。四択では条件の主語と効果を分離して読む。過去問で出題形式と正答率を週1回チェックする。過去問で出題形式と正答率を週1回チェックする。過去問で出題形式と正答率を週1回チェックする。過去問で出題形式と正答率を週1回チェックする。過去問1問で正答率を記録する。,誤答の典型：建築確認を類似語と同一視する;要件の一部だけ暗記して判断する;最新の改正・規約改定を見落とす。一語差の選択肢に注意。誤答肢のパターンを比較表に整理して復習する。誤答肢のパターンを比較表に整理して復習する。誤答肢のパターンを比較表に整理して復習する。誤答肢を比較表に書き出す。,建築確認とは何ですか？,学習の次段：「建築基準法」と比較表で整理し、numbers / compare から過去問へ。関連用語ハブと比較ページへ進んで定着を確認する。関連用語ハブと比較ページへ進んで定着を確認する。関連用語ハブと比較ページへ進んで定着を確認する。関連用語ハブと比較ページへ進んで定着を確認する。用語ハブ compare へ進む。,建築確認とは何ですか？
弁済期,民法・借地借家法,民法・借地借家法;債権,債務の履行をすべき時期（民法475条）。,"弁済期は、債務の履行をすべき時期（民法475条）。民法・借地借家法の重要論点。債務の履行をすべき時期（民法475条）。管理業務主任者試験では、民法第475条を根拠に定義・要件・効果を問う問題が出ます。

実務・試験ともに「弁済期と同時履行の抗弁」が判断の軸になります。選択肢では期限の利益喪失と混同肢が多いため、要件。",同時履行の抗弁;催告解除;無催告解除,民法第475条,B,過去問では弁済期と同時履行の抗弁が問われます。期限の利益喪失と混同選択肢に注意してください。債務の履行をすべき時期（民法475条）。管理業務主任者試験では、民法第475条。,弁済期とは？管理業務主任者試験で押さえる意味と試験ポイント,"弁済期の意味と管理業務主任者試験での判定ポイントを、民法第475条の文脈で整理します。弁済期は、債務の履行をすべき時期（民法475条）。民法・借地借家法の重要論点。債務の履行をすべき時期（民法475条）。管理業務主任者試験では、民法第475条を根拠に定義・要件・効果を問う問題が出ます。

実務・試験ともに「弁済期と同時履行の抗弁」が判断の軸になります。選択肢では期限の利益喪失と混同肢が多いため、要件。","債務の履行をすべき時期（民法475条）。管理業務主任者試験では、民法第475条を根拠に定義・要件・効果を問う問題が出ます。

実務・試験ともに「弁済期と同時履行の抗弁」が判断の軸になります。選択肢では期限の利益喪失と混同肢が多いため、要件の欠けた肢を消去する思考が有効です。

弁済期は同時履行の抗弁、催告解除、無催告解除とセットで整理すると理解が定着します。管業マスターの過去問・実践演習で民法・借地借家法フィルタを使い、関連問題を解き直してください。",,弁済期と同時履行の抗弁;民法第475条の根拠を明示できる;関連語（同時履行の抗弁、催告解除、無催告解除）との違いを説明できる,期限の利益喪失と混同;要件の一部だけ暗記して判断する;最新の改正・規約改定を見落とす。,弁済期＝民法第475条。履行遅滞と表で対比。（関連用語とセットで暗記）。,弁済期に関する次の記述のうち、最も適切でないものはどれか。,弁済期の定義・要件と照らし、条件を満たさない選択肢を選ぶ。,弁済期の定義を試験用に一言で言うと？,「弁済期の定義を試験用に一言で言うと？」への答え：債務の履行をすべき時期（民法475条）。根拠は民法第475条。条文番号と要件をメモに書き出して確認する。条文番号と要件をメモに書き出して確認する。条文番号と要件をメモに書き出して確認する。条文番号と要件をメモに書き出して確認する。公式テキスト該当章を開く。,弁済期と混同しやすい論点は？,試験の出方：民法第475条の根拠を明示できる。四択では条件の主語と効果を分離して読む。過去問で出題形式と正答率を週1回チェックする。過去問で出題形式と正答率を週1回チェックする。過去問で出題形式と正答率を週1回チェックする。過去問で出題形式と正答率を週1回チェックする。過去問1問で正答率を記録する。,誤答の典型：期限の利益喪失と混同;要件の一部だけ暗記して判断する;最新の改正・規約改定を見落とす。一語差の選択肢に注意。誤答肢のパターンを比較表に整理して復習する。誤答肢のパターンを比較表に整理して復習する。誤答肢のパターンを比較表に整理して復習する。誤答肢を比較表に書き出す。,弁済期とは何ですか？,学習の次段：「同時履行の抗弁」と比較表で整理し、numbers / compare から過去問へ。関連用語ハブと比較ページへ進んで定着を確認する。関連用語ハブと比較ページへ進んで定着を確認する。関連用語ハブと比較ページへ進んで定着を確認する。用語ハブ compare へ進む。,弁済期とは何ですか？
役員の任務,標準管理規約,標準管理規約;頻出;理事会,理事・監事の義務。善管注意・忠実義務。,役員の任務は、理事・監事の義務。善管注意・忠実義務。管理組合の運営ルールのモデル。総会・理事会・決議要件が頻出。,マンション標準管理規約;理事長;総会決議,標準管理規約,A,過去問では役員の任務の定義・要件・効果を条文・規約根拠と対応づけるが問われます。役員の任務を類似語と同一視する選択肢に注意してください。理事・監事の義務。善管注意・忠実義務。管理業務主任者試験では、標準管理規約を根。,役員の任務とは？管理業務主任者試験で押さえる意味と試験ポイント,役員の任務の意味と管理業務主任者試験での判定ポイントを、標準管理規約の文脈で整理します。役員の任務は、理事・監事の義務。善管注意・忠実義務。管理組合の運営ルールのモデル。総会・理事会・決議要件が頻出。,"理事・監事の義務。善管注意・忠実義務。管理業務主任者試験では、標準管理規約を根拠に定義・要件・効果を問う問題が出ます。

実務・試験ともに「役員の任務の定義・要件・効果を条文・規約根拠と対応づける」が判断の軸になります。選択肢では役員の任務を類似語と同一視する肢が多いため、要件の欠けた肢を消去する思考が有効です。

役員の任務はマンション標準管理規約、理事長、総会決議とセットで整理すると理解が定着します。管業マスターの過去問・実践演習で標準管理規約フィルタを使い、関連問題を解き直してください。","<table class=""seo-info-table""><thead><tr><th>比較</th><th>役員の任務</th><th>マンション標準管理規約</th></tr></thead><tbody><tr><th>覚え方</th><td>役員の任務の定義・要件・効果を条文・規約根拠と対応づける</td><td>関連ページで対比</td></tr></tbody></table>",役員の任務の定義・要件・効果を条文・規約根拠と対応づける;標準管理規約の根拠を明示できる;関連語（マンション標準管理規約、理事長、総会決議）との違いを説明できる,役員の任務を類似語と同一視する;要件の一部だけ暗記して判断する;最新の改正・規約改定を見落とす。,役員の任務＝標準管理規約。マンション標準管理規約と表で対比。,役員の任務に関する次の記述のうち、最も適切でないものはどれか。,役員の任務の定義・要件・効果を条文・規約根拠と対応づける。役員の任務を類似語と同一視するとする記述が誤りになりやすい。,役員の任務の定義を試験用に一言で言うと？,「役員の任務の定義を試験用に一言で言うと？」への答え：理事・監事の義務。善管注意・忠実義務。根拠は標準管理規約。条文番号と要件をメモに書き出して確認する。条文番号と要件をメモに書き出して確認する。条文番号と要件をメモに書き出して確認する。条文番号と要件をメモに書き出して確認する。公式テキスト該当章を開く。,役員の任務と混同しやすい論点は？,試験の出方：標準管理規約の根拠を明示できる。四択では条件の主語と効果を分離して読む。過去問で出題形式と正答率を週1回チェックする。過去問で出題形式と正答率を週1回チェックする。過去問で出題形式と正答率を週1回チェックする。過去問で出題形式と正答率を週1回チェックする。過去問1問で正答率を記録する。,誤答の典型：役員の任務を類似語と同一視する;要件の一部だけ暗記して判断する;最新の改正・規約改定を見落とす。一語差の選択肢に注意。誤答肢のパターンを比較表に整理して復習する。誤答肢のパターンを比較表に整理して復習する。誤答肢のパターンを比較表に整理して復習する。誤答肢を比較表に書き出す。,役員の任務とは何ですか？,学習の次段：「マンション標準管理規約」と比較表で整理し、numbers / compare から過去問へ。関連用語ハブと比較ページへ進んで定着を確認する。関連用語ハブと比較ページへ進んで定着を確認する。関連用語ハブと比較ページへ進んで定着を確認する。用語ハブ compare へ進む。,役員の任務とは何ですか？
復旧,区分所有法,区分所有法;頻出;修繕,復旧は区分所有法分野では区分所有法に関する重要概念です。,復旧は、復旧は区分所有法分野では区分所有法に関する重要概念です。マンション等の区分所有関係を定める基本法。専用部分・共用部分・管理組合が柱。,専有部分;共用部分;管理組合,区分所有法,A,過去問では復旧の定義・要件・効果を条文・規約根拠と対応づけるが問われます。復旧を類似語と同一視する選択肢に注意してください。復旧は区分所有法分野では区分所有法に関する重要概念です。管理業務主任者試験。,復旧とは？管理業務主任者試験で押さえる意味と試験ポイント,復旧の意味と管理業務主任者試験での判定ポイントを、区分所有法の文脈で整理します。復旧は、復旧は区分所有法分野では区分所有法に関する重要概念です。マンション等の区分所有関係を定める基本法。専用部分・共用部分・管理組合が柱。,"復旧は区分所有法分野では区分所有法に関する重要概念です。管理業務主任者試験では、区分所有法を根拠に定義・要件・効果を問う問題が出ます。

実務・試験ともに「復旧の定義・要件・効果を条文・規約根拠と対応づける」が判断の軸になります。選択肢では復旧を類似語と同一視する肢が多いため、要件の欠けた肢を消去する思考が有効です。

復旧は専有部分、共用部分、管理組合とセットで整理すると理解が定着します。管業マスターの過去問・実践演習で区分所有法フィルタを使い、関連問題を解き直してください。","<table class=""seo-info-table""><thead><tr><th>比較</th><th>復旧</th><th>専有部分</th></tr></thead><tbody><tr><th>覚え方</th><td>復旧の定義・要件・効果を条文・規約根拠と対応づける</td><td>関連ページで対比</td></tr></tbody></table>",復旧の定義・要件・効果を条文・規約根拠と対応づける;区分所有法の根拠を明示できる;関連語（専有部分、共用部分、管理組合）との違いを説明できる,復旧を類似語と同一視する;要件の一部だけ暗記して判断する;最新の改正・規約改定を見落とす。,復旧＝区分所有法。専有部分と表で対比。（関連用語とセットで暗記）。,復旧に関する次の記述のうち、最も適切でないものはどれか。,復旧の定義・要件・効果を条文・規約根拠と対応づける。復旧を類似語と同一視するとする記述が誤りになりやすい。,復旧の定義を試験用に一言で言うと？,「復旧の定義を試験用に一言で言うと？」への答え：復旧は区分所有法分野では区分所有法に関する重要概念です。根拠は区分所有法。条文番号と要件をメモに書き出して確認する。条文番号と要件をメモに書き出して確認する。条文番号と要件をメモに書き出して確認する。公式テキスト該当章を開く。,復旧と混同しやすい論点は？,試験の出方：区分所有法の根拠を明示できる。四択では条件の主語と効果を分離して読む。過去問で出題形式と正答率を週1回チェックする。過去問で出題形式と正答率を週1回チェックする。過去問で出題形式と正答率を週1回チェックする。過去問で出題形式と正答率を週1回チェックする。過去問1問で正答率を記録する。,誤答の典型：復旧を類似語と同一視する;要件の一部だけ暗記して判断する;最新の改正・規約改定を見落とす。一語差の選択肢に注意。誤答肢のパターンを比較表に整理して復習する。誤答肢のパターンを比較表に整理して復習する。誤答肢のパターンを比較表に整理して復習する。誤答肢を比較表に書き出す。,復旧とは何ですか？,学習の次段：「専有部分」と比較表で整理し、numbers / compare から過去問へ。関連用語ハブと比較ページへ進んで定着を確認する。関連用語ハブと比較ページへ進んで定着を確認する。関連用語ハブと比較ページへ進んで定着を確認する。関連用語ハブと比較ページへ進んで定着を確認する。用語ハブ compare へ進む。,復旧とは何ですか？
復旧決議,区分所有法,区分所有法;頻出;総会,滅失後の復旧に関する総会決議。,復旧決議は、滅失後の復旧に関する総会決議。マンション等の区分所有関係を定める基本法。専用部分・共用部分・管理組合が柱。,専有部分;共用部分;管理組合,区分所有法,A,過去問では復旧決議の定義・要件・効果を条文・規約根拠と対応づけるが問われます。復旧決議を類似語と同一視する選択肢に注意してください。滅失後の復旧に関する総会決議。管理業務主任者試験では、区分所有法を根拠に定義・。,復旧決議とは？管理業務主任者試験で押さえる意味と試験ポイント,復旧決議の意味と管理業務主任者試験での判定ポイントを、区分所有法の文脈で整理します。復旧決議は、滅失後の復旧に関する総会決議。マンション等の区分所有関係を定める基本法。専用部分・共用部分・管理組合が柱。,"滅失後の復旧に関する総会決議。管理業務主任者試験では、区分所有法を根拠に定義・要件・効果を問う問題が出ます。

実務・試験ともに「復旧決議の定義・要件・効果を条文・規約根拠と対応づける」が判断の軸になります。選択肢では復旧決議を類似語と同一視する肢が多いため、要件の欠けた肢を消去する思考が有効です。

復旧決議は専有部分、共用部分、管理組合とセットで整理すると理解が定着します。管業マスターの過去問・実践演習で区分所有法フィルタを使い、関連問題を解き直してください。","<table class=""seo-info-table""><thead><tr><th>比較</th><th>復旧決議</th><th>専有部分</th></tr></thead><tbody><tr><th>覚え方</th><td>復旧決議の定義・要件・効果を条文・規約根拠と対応づける</td><td>関連ページで対比</td></tr></tbody></table>",復旧決議の定義・要件・効果を条文・規約根拠と対応づける;区分所有法の根拠を明示できる;関連語（専有部分、共用部分、管理組合）との違いを説明できる,復旧決議を類似語と同一視する;要件の一部だけ暗記して判断する;最新の改正・規約改定を見落とす。,復旧決議＝区分所有法。専有部分と表で対比。（関連用語とセットで暗記）。,復旧決議に関する次の記述のうち、最も適切でないものはどれか。,復旧決議の定義・要件・効果を条文・規約根拠と対応づける。復旧決議を類似語と同一視するとする記述が誤りになりやすい。,復旧決議の定義を試験用に一言で言うと？,「復旧決議の定義を試験用に一言で言うと？」への答え：滅失後の復旧に関する総会決議。根拠は区分所有法。条文番号と要件をメモに書き出して確認する。条文番号と要件をメモに書き出して確認する。条文番号と要件をメモに書き出して確認する。条文番号と要件をメモに書き出して確認する。公式テキスト該当章を開く。,復旧決議と混同しやすい論点は？,試験の出方：区分所有法の根拠を明示できる。四択では条件の主語と効果を分離して読む。過去問で出題形式と正答率を週1回チェックする。過去問で出題形式と正答率を週1回チェックする。過去問で出題形式と正答率を週1回チェックする。過去問で出題形式と正答率を週1回チェックする。過去問1問で正答率を記録する。,誤答の典型：復旧決議を類似語と同一視する;要件の一部だけ暗記して判断する;最新の改正・規約改定を見落とす。一語差の選択肢に注意。誤答肢のパターンを比較表に整理して復習する。誤答肢のパターンを比較表に整理して復習する。誤答肢のパターンを比較表に整理して復習する。誤答肢を比較表に書き出す。,復旧決議とは何ですか？,学習の次段：「専有部分」と比較表で整理し、numbers / compare から過去問へ。関連用語ハブと比較ページへ進んで定着を確認する。関連用語ハブと比較ページへ進んで定着を確認する。関連用語ハブと比較ページへ進んで定着を確認する。関連用語ハブと比較ページへ進んで定着を確認する。用語ハブ compare へ進む。,復旧決議とは何ですか？
手付金,宅建業法,宅建業法;取引,手付金は宅建業法分野では宅地建物取引業法に関する重要概念です。,手付金は、手付金は宅建業法分野では宅地建物取引業法に関する重要概念です。不動産取引の規制。35条書面・重要事項説明。,宅地建物取引業;重要事項説明;35条書面,宅地建物取引業法,B,過去問では手付金の定義・要件・効果を条文・規約根拠と対応づけるが問われます。手付金を類似語と同一視する選択肢に注意してください。手付金は宅建業法分野では宅地建物取引業法に関する重要概念です。管理業務主任。,手付金とは？管理業務主任者試験で押さえる意味と試験ポイント,手付金の意味と管理業務主任者試験での判定ポイントを、宅地建物取引業法の文脈で整理します。手付金は、手付金は宅建業法分野では宅地建物取引業法に関する重要概念です。不動産取引の規制。35条書面・重要事項説明。,"手付金は宅建業法分野では宅地建物取引業法に関する重要概念です。管理業務主任者試験では、宅地建物取引業法を根拠に定義・要件・効果を問う問題が出ます。

実務・試験ともに「手付金の定義・要件・効果を条文・規約根拠と対応づける」が判断の軸になります。選択肢では手付金を類似語と同一視する肢が多いため、要件の欠けた肢を消去する思考が有効です。

手付金は宅地建物取引業、重要事項説明、35条書面とセットで整理すると理解が定着します。管業マスターの過去問・実践演習で宅建業法フィルタを使い、関連問題を解き直してください。","<table class=""seo-info-table""><thead><tr><th>比較</th><th>手付金</th><th>宅地建物取引業</th></tr></thead><tbody><tr><th>覚え方</th><td>手付金の定義・要件・効果を条文・規約根拠と対応づける</td><td>関連ページで対比</td></tr></tbody></table>",手付金の定義・要件・効果を条文・規約根拠と対応づける;宅地建物取引業法の根拠を明示できる;関連語（宅地建物取引業、重要事項説明、35条書面）との違いを説明できる,手付金を類似語と同一視する;要件の一部だけ暗記して判断する;最新の改正・規約改定を見落とす。,手付金＝宅地建物取引業法。宅地建物取引業と表で対比。,手付金に関する記述として最も不適切なものを選べ。,宅建業法の原則に照らし、主体・時期・要件のいずれかを欠く選択肢を誤りとして判定する。,手付金の定義を試験用に一言で言うと？,「手付金の定義を試験用に一言で言うと？」への答え：手付金は宅建業法分野では宅地建物取引業法に関する重要概念です。根拠は宅地建物取引業法。条文番号と要件をメモに書き出して確認する。条文番号と要件をメモに書き出して確認する。条文番号と要件をメモに書き出して確認する。公式テキスト該当章を開く。,手付金と混同しやすい論点は？,試験の出方：宅地建物取引業法の根拠を明示できる。四択では条件の主語と効果を分離して読む。過去問で出題形式と正答率を週1回チェックする。過去問で出題形式と正答率を週1回チェックする。過去問で出題形式と正答率を週1回チェックする。過去問で出題形式と正答率を週1回チェックする。過去問1問で正答率を記録する。,誤答の典型：手付金を類似語と同一視する;要件の一部だけ暗記して判断する;最新の改正・規約改定を見落とす。一語差の選択肢に注意。誤答肢のパターンを比較表に整理して復習する。誤答肢のパターンを比較表に整理して復習する。誤答肢のパターンを比較表に整理して復習する。誤答肢を比較表に書き出す。,手付金とは何ですか？,学習の次段：「宅地建物取引業」と比較表で整理し、numbers / compare から過去問へ。関連用語ハブと比較ページへ進んで定着を確認する。関連用語ハブと比較ページへ進んで定着を確認する。関連用語ハブと比較ページへ進んで定着を確認する。用語ハブ compare へ進む。,手付金とは何ですか？
指針,標準管理委託契約書・指針,標準管理委託契約書・指針;基本,指針は標準管理委託契約書・指針分野ではマンション管理業務指針に関する重要概念です。,指針は、指針は標準管理委託契約書・指針分野ではマンション管理業務指針に関する重要概念です。管理委託契約の標準条項。委託費・業務範囲・再委託。,マンション標準管理委託契約書;定額委託業務費;臨時委託業務,マンション管理業務指針,B,過去問では指針の定義・要件・効果を条文・規約根拠と対応づけるが問われます。指針を類似語と同一視する選択肢に注意してください。指針は標準管理委託契約書・指針分野ではマンション管理業務指針に関する重要概念。,指針とは？管理業務主任者試験で押さえる意味と試験ポイント,指針の意味と管理業務主任者試験での判定ポイントを、マンション管理業務指針の文脈で整理します。指針は、指針は標準管理委託契約書・指針分野ではマンション管理業務指針に関する重要概念です。管理委託契約の標準条項。委託費・業務範囲・再委託。,"指針は標準管理委託契約書・指針分野ではマンション管理業務指針に関する重要概念です。管理業務主任者試験では、マンション管理業務指針を根拠に定義・要件・効果を問う問題が出ます。

実務・試験ともに「指針の定義・要件・効果を条文・規約根拠と対応づける」が判断の軸になります。選択肢では指針を類似語と同一視する肢が多いため、要件の欠けた肢を消去する思考が有効です。

指針はマンション標準管理委託契約書、定額委託業務費、臨時委託業務とセットで整理すると理解が定着します。管業マスターの過去問・実践演習で標準管理委託契約書・指針フィルタを使い、関連問題を解き直してください。","<table class=""seo-info-table""><thead><tr><th>比較</th><th>指針</th><th>マンション標準管理委託契約書</th></tr></thead><tbody><tr><th>覚え方</th><td>指針の定義・要件・効果を条文・規約根拠と対応づける</td><td>関連ページで対比</td></tr></tbody></table>",指針の定義・要件・効果を条文・規約根拠と対応づける;マンション管理業務指針の根拠を明示できる;関連語（マンション標準管理委託契約書、定額委託業務費、臨時委託業務）との違いを説明できる,指針を類似語と同一視する;要件の一部だけ暗記して判断する;最新の改正・規約改定を見落とす。,指針＝マンション管理業務指針。マンション標準管理委託契約書と表で対比。,指針に関する記述として最も不適切なものを選べ。,標準管理委託契約書・指針の原則に照らし、主体・時期・要件のいずれかを欠く選択肢を誤りとして判定する。,指針の定義を試験用に一言で言うと？,「指針の定義を試験用に一言で言うと？」への答え：指針は標準管理委託契約書・指針分野ではマンション管理業務指針に関する重要概念です。根拠はマンション管理業務指針。条文番号と要件をメモに書き出して確認する。条文番号と要件をメモに書き出して確認する。公式テキスト該当章を開く。,指針と混同しやすい論点は？,試験の出方：マンション管理業務指針の根拠を明示できる。四択では条件の主語と効果を分離して読む。過去問で出題形式と正答率を週1回チェックする。過去問で出題形式と正答率を週1回チェックする。過去問で出題形式と正答率を週1回チェックする。過去問で出題形式と正答率を週1回チェックする。過去問1問で正答率を記録する。,誤答の典型：指針を類似語と同一視する;要件の一部だけ暗記して判断する;最新の改正・規約改定を見落とす。一語差の選択肢に注意。誤答肢のパターンを比較表に整理して復習する。誤答肢のパターンを比較表に整理して復習する。誤答肢のパターンを比較表に整理して復習する。誤答肢を比較表に書き出す。,指針とは何ですか？,学習の次段：「マンション標準管理委託契約書」と比較表で整理し、numbers / compare から過去問へ。関連用語ハブと比較ページへ進んで定着を確認する。関連用語ハブと比較ページへ進んで定着を確認する。関連用語ハブと比較ページへ進んで定着を確認する。用語ハブ compare へ進む。,指針とは何ですか？
排水設備,建築・設備,建築・設備;頻出;設備,汚水・雑排水の処理設備。維持管理義務。,排水設備は、汚水・雑排水の処理設備。維持管理義務。建築基準法・消防法・昇降機規則等に基づく建物・設備の安全と維持。,建築基準法;エレベーター;昇降機,建築基準法,A,過去問では排水設備の定義・要件・効果を条文・規約根拠と対応づけるが問われます。排水設備を類似語と同一視する選択肢に注意してください。汚水・雑排水の処理設備。維持管理義務。管理業務主任者試験では、建築基準法を根拠。,排水設備とは？管理業務主任者で押さえる意味と試験ポイント,排水設備の意味と管理業務主任者試験での判定ポイントを、建築基準法の文脈で整理します。排水設備は、汚水・雑排水の処理設備。維持管理義務。建築基準法・消防法・昇降機規則等に基づく建物・設備の安全と維持。,"汚水・雑排水の処理設備。維持管理義務。管理業務主任者試験では、建築基準法を根拠に定義・要件・効果を問う問題が出ます。

実務・試験ともに「排水設備の定義・要件・効果を条文・規約根拠と対応づける」が判断の軸になります。選択肢では排水設備を類似語と同一視する肢が多いため、要件の欠けた肢を消去する思考が有効です。

排水設備は建築基準法、エレベーター、昇降機とセットで整理すると理解が定着します。管業マスターの過去問・実践演習で建築・設備フィルタを使い、関連問題を解き直してください。","<table class=""seo-info-table""><thead><tr><th>比較</th><th>排水設備</th><th>建築基準法</th></tr></thead><tbody><tr><th>覚え方</th><td>排水設備の定義・要件・効果を条文・規約根拠と対応づける</td><td>関連ページで対比</td></tr></tbody></table>",排水設備の定義・要件・効果を条文・規約根拠と対応づける;建築基準法の根拠を明示できる;関連語（建築基準法、エレベーター、昇降機）との違いを説明できる,排水設備を類似語と同一視する;要件の一部だけ暗記して判断する;最新の改正・規約改定を見落とす。,排水設備＝建築基準法。建築基準法と表で対比。（関連用語とセットで暗記）。,排水設備に関する次の記述のうち、最も適切でないものはどれか。,排水設備の定義・要件・効果を条文・規約根拠と対応づける。排水設備を類似語と同一視するとする記述が誤りになりやすい。,排水設備の定義を試験用に一言で言うと？,「排水設備の定義を試験用に一言で言うと？」への答え：汚水・雑排水の処理設備。維持管理義務。根拠は建築基準法。条文番号と要件をメモに書き出して確認する。条文番号と要件をメモに書き出して確認する。条文番号と要件をメモに書き出して確認する。条文番号と要件をメモに書き出して確認する。公式テキスト該当章を開く。,排水設備と混同しやすい論点は？,試験の出方：建築基準法の根拠を明示できる。四択では条件の主語と効果を分離して読む。過去問で出題形式と正答率を週1回チェックする。過去問で出題形式と正答率を週1回チェックする。過去問で出題形式と正答率を週1回チェックする。過去問で出題形式と正答率を週1回チェックする。過去問1問で正答率を記録する。,誤答の典型：排水設備を類似語と同一視する;要件の一部だけ暗記して判断する;最新の改正・規約改定を見落とす。一語差の選択肢に注意。誤答肢のパターンを比較表に整理して復習する。誤答肢のパターンを比較表に整理して復習する。誤答肢のパターンを比較表に整理して復習する。誤答肢を比較表に書き出す。,排水設備とは何ですか？,学習の次段：「建築基準法」と比較表で整理し、numbers / compare から過去問へ。関連用語ハブと比較ページへ進んで定着を確認する。関連用語ハブと比較ページへ進んで定着を確認する。関連用語ハブと比較ページへ進んで定着を確認する。関連用語ハブと比較ページへ進んで定着を確認する。用語ハブ compare へ進む。,排水設備とは何ですか？
換気設備,建築・設備,建築・設備;設備,換気設備は建築・設備分野では建築基準法に関する重要概念です。,換気設備は、換気設備は建築・設備分野では建築基準法に関する重要概念です。建築基準法・消防法・昇降機規則等に基づく建物・設備の安全と維持。,建築基準法;エレベーター;昇降機,建築基準法,B,過去問では換気設備の定義・要件・効果を条文・規約根拠と対応づけるが問われます。換気設備を類似語と同一視する選択肢に注意してください。換気設備は建築・設備分野では建築基準法に関する重要概念です。管理業務主任者。,換気設備とは？管理業務主任者で押さえる意味と試験ポイント,換気設備の意味と管理業務主任者試験での判定ポイントを、建築基準法の文脈で整理します。換気設備は、換気設備は建築・設備分野では建築基準法に関する重要概念です。建築基準法・消防法・昇降機規則等に基づく建物・設備の安全と維持。,"換気設備は建築・設備分野では建築基準法に関する重要概念です。管理業務主任者試験では、建築基準法を根拠に定義・要件・効果を問う問題が出ます。

実務・試験ともに「換気設備の定義・要件・効果を条文・規約根拠と対応づける」が判断の軸になります。選択肢では換気設備を類似語と同一視する肢が多いため、要件の欠けた肢を消去する思考が有効です。

換気設備は建築基準法、エレベーター、昇降機とセットで整理すると理解が定着します。管業マスターの過去問・実践演習で建築・設備フィルタを使い、関連問題を解き直してください。","<table class=""seo-info-table""><thead><tr><th>比較</th><th>換気設備</th><th>建築基準法</th></tr></thead><tbody><tr><th>覚え方</th><td>換気設備の定義・要件・効果を条文・規約根拠と対応づける</td><td>関連ページで対比</td></tr></tbody></table>",換気設備の定義・要件・効果を条文・規約根拠と対応づける;建築基準法の根拠を明示できる;関連語（建築基準法、エレベーター、昇降機）との違いを説明できる,換気設備を類似語と同一視する;要件の一部だけ暗記して判断する;最新の改正・規約改定を見落とす。,換気設備＝建築基準法。建築基準法と表で対比。（関連用語とセットで暗記）。,換気設備に関する次の記述のうち、最も適切でないものはどれか。,換気設備の定義・要件と照らし、条件を満たさない選択肢を選ぶ。,換気設備の定義を試験用に一言で言うと？,「換気設備の定義を試験用に一言で言うと？」への答え：換気設備は建築・設備分野では建築基準法に関する重要概念です。根拠は建築基準法。条文番号と要件をメモに書き出して確認する。条文番号と要件をメモに書き出して確認する。条文番号と要件をメモに書き出して確認する。公式テキスト該当章を開く。,換気設備と混同しやすい論点は？,試験の出方：建築基準法の根拠を明示できる。四択では条件の主語と効果を分離して読む。過去問で出題形式と正答率を週1回チェックする。過去問で出題形式と正答率を週1回チェックする。過去問で出題形式と正答率を週1回チェックする。過去問で出題形式と正答率を週1回チェックする。過去問1問で正答率を記録する。,誤答の典型：換気設備を類似語と同一視する;要件の一部だけ暗記して判断する;最新の改正・規約改定を見落とす。一語差の選択肢に注意。誤答肢のパターンを比較表に整理して復習する。誤答肢のパターンを比較表に整理して復習する。誤答肢のパターンを比較表に整理して復習する。誤答肢を比較表に書き出す。,換気設備とは何ですか？,学習の次段：「建築基準法」と比較表で整理し、numbers / compare から過去問へ。関連用語ハブと比較ページへ進んで定着を確認する。関連用語ハブと比較ページへ進んで定着を確認する。関連用語ハブと比較ページへ進んで定着を確認する。関連用語ハブと比較ページへ進んで定着を確認する。用語ハブ compare へ進む。,換気設備とは何ですか？
損害賠償,民法・借地借家法,民法・借地借家法;頻出,債務不履行等により生じた損害を金銭で填補する制度（民法415条ほか）。,損害賠償は、債務不履行等により生じた損害を金銭で填補する制度（民法415条ほか）。民法・借地借家法の重要論点。,同時履行の抗弁;催告解除;無催告解除,民法第415条,A,過去問では損害・因果関係・相当因果関係が問われます。同時履行の抗弁と混同して請求権が消滅すると誤解選択肢に注意してください。債務不履行等により生じた損害を金銭で填補する制度（民法415条ほか）。管理業務。,損害賠償とは？管理業務主任者試験で押さえる意味と試験ポイント,損害賠償の意味と管理業務主任者試験での判定ポイントを、民法第415条の文脈で整理します。損害賠償は、債務不履行等により生じた損害を金銭で填補する制度（民法415条ほか）。民法・借地借家法の重要論点。,"債務不履行等により生じた損害を金銭で填補する制度（民法415条ほか）。管理業務主任者試験では、民法第415条を根拠に定義・要件・効果を問う問題が出ます。

実務・試験ともに「損害・因果関係・相当因果関係」が判断の軸になります。選択肢では同時履行の抗弁と混同して請求権が消滅すると誤解肢が多いため、要件の欠けた肢を消去する思考が有効です。

損害賠償は同時履行の抗弁、催告解除、無催告解除とセットで整理すると理解が定着します。管業マスターの過去問・実践演習で民法・借地借家法フィルタを使い、関連問題を解き直してください。",,損害・因果関係・相当因果関係;民法第415条の根拠を明示できる;関連語（同時履行の抗弁、催告解除、無催告解除）との違いを説明できる,同時履行の抗弁と混同して請求権が消滅すると誤解;要件の一部だけ暗記して判断する;最新の改正・規約改定を見落とす。,損害賠償＝民法第415条。契約の解除と表で対比。（関連用語とセットで暗記）。,損害賠償に関する次の記述のうち、最も適切でないものはどれか。,損害・因果関係・相当因果関係。同時履行の抗弁と混同して請求権が消滅すると誤解とする記述が誤りになりやすい。,損害賠償の定義を試験用に一言で言うと？,「損害賠償の定義を試験用に一言で言うと？」への答え：債務不履行等により生じた損害を金銭で填補する制度（民法415条ほか）。根拠は民法第415条。条文番号と要件をメモに書き出して確認する。条文番号と要件をメモに書き出して確認する。条文番号と要件をメモに書き出して確認する。公式テキスト該当章を開く。,損害賠償と混同しやすい論点は？,試験の出方：民法第415条の根拠を明示できる。四択では条件の主語と効果を分離して読む。過去問で出題形式と正答率を週1回チェックする。過去問で出題形式と正答率を週1回チェックする。過去問で出題形式と正答率を週1回チェックする。過去問で出題形式と正答率を週1回チェックする。過去問1問で正答率を記録する。,誤答の典型：同時履行の抗弁と混同して請求権が消滅すると誤解;要件の一部だけ暗記して判断する;最新の改正・規約改定を見落とす。一語差の選択肢に注意。誤答肢のパターンを比較表に整理して復習する。誤答肢のパターンを比較表に整理して復習する。誤答肢のパターンを比較表に整理して復習する。誤答肢を比較表に書き出す。,損害賠償とは何ですか？,学習の次段：「同時履行の抗弁」と比較表で整理し、numbers / compare から過去問へ。関連用語ハブと比較ページへ進んで定着を確認する。関連用語ハブと比較ページへ進んで定着を確認する。関連用語ハブと比較ページへ進んで定着を確認する。用語ハブ compare へ進む。,損害賠償とは何ですか？
損害賠償責任,標準管理委託契約書・指針,標準管理委託契約書・指針;責任,損害賠償責任は標準管理委託契約書・指針分野では標準管理委託契約書に関する重要概念です。,損害賠償責任は、損害賠償責任は標準管理委託契約書・指針分野では標準管理委託契約書に関する重要概念です。管理委託契約の標準条項。委託費・業務範囲・再委託。,マンション標準管理委託契約書;定額委託業務費;臨時委託業務,標準管理委託契約書,B,過去問では損害賠償責任の定義・要件・効果を条文・規約根拠と対応づけるが問われます。損害賠償責任を類似語と同一視する選択肢に注意してください。損害賠償責任は標準管理委託契約書・指針分野では標準管理委託契約書に関する重要。,損害賠償責任とは？管理業務主任者試験で押さえる意味と試験ポイント,損害賠償責任の意味と管理業務主任者試験での判定ポイントを、標準管理委託契約書の文脈で整理します。損害賠償責任は、損害賠償責任は標準管理委託契約書・指針分野では標準管理委託契約書に関する重要概念です。管理委託契約の標準条項。委託費・業務範囲・再委託。,"損害賠償責任は標準管理委託契約書・指針分野では標準管理委託契約書に関する重要概念です。管理業務主任者試験では、標準管理委託契約書を根拠に定義・要件・効果を問う問題が出ます。

実務・試験ともに「損害賠償責任の定義・要件・効果を条文・規約根拠と対応づける」が判断の軸になります。選択肢では損害賠償責任を類似語と同一視する肢が多いため、要件の欠けた肢を消去する思考が有効です。

損害賠償責任はマンション標準管理委託契約書、定額委託業務費、臨時委託業務とセットで整理すると理解が定着します。管業マスターの過去問・実践演習で標準管理委託契約書・指針フィルタを使い、関連問題を解き直してください。","<table class=""seo-info-table""><thead><tr><th>比較</th><th>損害賠償責任</th><th>マンション標準管理委託契約書</th></tr></thead><tbody><tr><th>覚え方</th><td>損害賠償責任の定義・要件・効果を条文・規約根拠と対応づける</td><td>関連ページで対比</td></tr></tbody></table>",損害賠償責任の定義・要件・効果を条文・規約根拠と対応づける;標準管理委託契約書の根拠を明示できる;関連語（マンション標準管理委託契約書、定額委託業務費、臨時委託業務）との違いを説明できる,損害賠償責任を類似語と同一視する;要件の一部だけ暗記して判断する;最新の改正・規約改定を見落とす。,損害賠償責任＝標準管理委託契約書。マンション標準管理委託契約書と表で対比。,損害賠償責任に関する記述として最も不適切なものを選べ。,標準管理委託契約書・指針の原則に照らし、主体・時期・要件のいずれかを欠く選択肢を誤りとして判定する。,損害賠償責任の定義を試験用に一言で言うと？,「損害賠償責任の定義を試験用に一言で言うと？」への答え：損害賠償責任は標準管理委託契約書・指針分野では標準管理委託契約書に関する重要概念です。根拠は標準管理委託契約書。条文番号と要件をメモに書き出して確認する。条文番号と要件をメモに書き出して確認する。公式テキスト該当章を開く。,損害賠償責任と混同しやすい論点は？,試験の出方：標準管理委託契約書の根拠を明示できる。四択では条件の主語と効果を分離して読む。過去問で出題形式と正答率を週1回チェックする。過去問で出題形式と正答率を週1回チェックする。過去問で出題形式と正答率を週1回チェックする。過去問で出題形式と正答率を週1回チェックする。過去問1問で正答率を記録する。,誤答の典型：損害賠償責任を類似語と同一視する;要件の一部だけ暗記して判断する;最新の改正・規約改定を見落とす。一語差の選択肢に注意。誤答肢のパターンを比較表に整理して復習する。誤答肢のパターンを比較表に整理して復習する。誤答肢のパターンを比較表に整理して復習する。誤答肢を比較表に書き出す。,損害賠償責任とは何ですか？,学習の次段：「マンション標準管理委託契約書」と比較表で整理し、numbers / compare から過去問へ。関連用語ハブと比較ページへ進んで定着を確認する。関連用語ハブと比較ページへ進んで定着を確認する。関連用語ハブと比較ページへ進んで定着を確認する。用語ハブ compare へ進む。,損害賠償責任とは何ですか？
敷地利用権,区分所有法,区分所有法;権利,敷地利用権は区分所有法分野では区分所有法に関する重要概念です。,敷地利用権は、敷地利用権は区分所有法分野では区分所有法に関する重要概念です。マンション等の区分所有関係を定める基本法。専用部分・共用部分・管理組合が柱。,専有部分;共用部分;管理組合,区分所有法,B,過去問では敷地利用権の定義・要件・効果を条文・規約根拠と対応づけるが問われます。敷地利用権を類似語と同一視する選択肢に注意してください。敷地利用権は区分所有法分野では区分所有法に関する重要概念です。管理業務主任。,敷地利用権とは？管理業務主任者試験で押さえる意味と試験ポイント,敷地利用権の意味と管理業務主任者試験での判定ポイントを、区分所有法の文脈で整理します。敷地利用権は、敷地利用権は区分所有法分野では区分所有法に関する重要概念です。マンション等の区分所有関係を定める基本法。専用部分・共用部分・管理組合が柱。,"敷地利用権は区分所有法分野では区分所有法に関する重要概念です。管理業務主任者試験では、区分所有法を根拠に定義・要件・効果を問う問題が出ます。

実務・試験ともに「敷地利用権の定義・要件・効果を条文・規約根拠と対応づける」が判断の軸になります。選択肢では敷地利用権を類似語と同一視する肢が多いため、要件の欠けた肢を消去する思考が有効です。

敷地利用権は専有部分、共用部分、管理組合とセットで整理すると理解が定着します。管業マスターの過去問・実践演習で区分所有法フィルタを使い、関連問題を解き直してください。","<table class=""seo-info-table""><thead><tr><th>比較</th><th>敷地利用権</th><th>専有部分</th></tr></thead><tbody><tr><th>覚え方</th><td>敷地利用権の定義・要件・効果を条文・規約根拠と対応づける</td><td>関連ページで対比</td></tr></tbody></table>",敷地利用権の定義・要件・効果を条文・規約根拠と対応づける;区分所有法の根拠を明示できる;関連語（専有部分、共用部分、管理組合）との違いを説明できる,敷地利用権を類似語と同一視する;要件の一部だけ暗記して判断する;最新の改正・規約改定を見落とす。,敷地利用権＝区分所有法。専有部分と表で対比。（関連用語とセットで暗記）。,敷地利用権に関する次の記述のうち、最も適切でないものはどれか。,敷地利用権の定義・要件と照らし、条件を満たさない選択肢を選ぶ。,敷地利用権の定義を試験用に一言で言うと？,「敷地利用権の定義を試験用に一言で言うと？」への答え：敷地利用権は区分所有法分野では区分所有法に関する重要概念です。根拠は区分所有法。条文番号と要件をメモに書き出して確認する。条文番号と要件をメモに書き出して確認する。条文番号と要件をメモに書き出して確認する。公式テキスト該当章を開く。,敷地利用権と混同しやすい論点は？,試験の出方：区分所有法の根拠を明示できる。四択では条件の主語と効果を分離して読む。過去問で出題形式と正答率を週1回チェックする。過去問で出題形式と正答率を週1回チェックする。過去問で出題形式と正答率を週1回チェックする。過去問で出題形式と正答率を週1回チェックする。過去問1問で正答率を記録する。,誤答の典型：敷地利用権を類似語と同一視する;要件の一部だけ暗記して判断する;最新の改正・規約改定を見落とす。一語差の選択肢に注意。誤答肢のパターンを比較表に整理して復習する。誤答肢のパターンを比較表に整理して復習する。誤答肢のパターンを比較表に整理して復習する。誤答肢を比較表に書き出す。,敷地利用権とは何ですか？,学習の次段：「専有部分」と比較表で整理し、numbers / compare から過去問へ。関連用語ハブと比較ページへ進んで定着を確認する。関連用語ハブと比較ページへ進んで定着を確認する。関連用語ハブと比較ページへ進んで定着を確認する。関連用語ハブと比較ページへ進んで定着を確認する。用語ハブ compare へ進む。,敷地利用権とは何ですか？
敷地利用権と分離処分,判例・横断総合,判例・横断総合;敷地利用権,敷地利用権と分離処分は複数分野にまたがる論点で、比較表で整理すると得点しやすくなります。,敷地利用権と分離処分は、敷地利用権と分離処分は複数分野にまたがる論点で、比較表で整理すると得点しやすくなります。判例・複数分野を横断する論点。比較整理が得点の鍵。,主徴費;管理不全;組合の法人格,区分所有法,B,過去問では敷地利用権と分離処分の定義・要件・効果を条文・規約根拠と対応づけるが問われます。敷地利用権と分離処分を類似語と同一視する選択肢に注意してください。敷地利用権と分離処分は複数分野にまたがる論点で、比較表で整理すると得点しやすくな。,敷地利用権と分離処分とは？管理業務主任者試験で押さえる意味と試験ポイント,敷地利用権と分離処分の意味と管理業務主任者試験での判定ポイントを、区分所有法の文脈で整理します。敷地利用権と分離処分は、敷地利用権と分離処分は複数分野にまたがる論点で、比較表で整理すると得点しやすくなります。判例・複数分野を横断する論点。比較整理が得点の鍵。,"敷地利用権と分離処分は複数分野にまたがる論点で、比較表で整理すると得点しやすくなります。管理業務主任者試験では、区分所有法を根拠に定義・要件・効果を問う問題が出ます。

実務・試験ともに「敷地利用権と分離処分の定義・要件・効果を条文・規約根拠と対応づける」が判断の軸になります。選択肢では敷地利用権と分離処分を類似語と同一視する肢が多いため、要件の欠けた肢を消去する思考が有効です。

敷地利用権と分離処分は主徴費、管理不全、組合の法人格とセットで整理すると理解が定着します。管業マスターの過去問・実践演習で判例・横断総合フィルタを使い、関連問題を解き直してください。","<table class=""seo-info-table""><thead><tr><th>比較</th><th>敷地利用権と分離処分</th><th>主徴費</th></tr></thead><tbody><tr><th>覚え方</th><td>敷地利用権と分離処分の定義・要件・効果を条文・規約根拠と対応づける</td><td>関連ページで対比</td></tr></tbody></table>",敷地利用権と分離処分の定義・要件・効果を条文・規約根拠と対応づける;区分所有法の根拠を明示できる;関連語（主徴費、管理不全、組合の法人格）との違いを説明できる,敷地利用権と分離処分を類似語と同一視する;要件の一部だけ暗記して判断する;最新の改正・規約改定を見落とす。,敷地利用権と分離処分＝区分所有法。主徴費と表で対比。,敷地利用権と分離処分に関する次の記述のうち、最も適切でないものはどれか。,敷地利用権と分離処分の定義・要件と照らし、条件を満たさない選択肢を選ぶ。,敷地利用権と分離処分の定義を試験用に一言で言うと？,「敷地利用権と分離処分の定義を試験用に一言で言うと？」への答え：敷地利用権と分離処分は複数分野にまたがる論点で、比較表で整理すると得点しやすくなります。根拠は区分所有法。条文番号と要件をメモに書き出して確認する。条文番号と要件をメモに書き出して確認する。公式テキスト該当章を開く。,敷地利用権と分離処分と混同しやすい論点は？,試験の出方：区分所有法の根拠を明示できる。四択では条件の主語と効果を分離して読む。過去問で出題形式と正答率を週1回チェックする。過去問で出題形式と正答率を週1回チェックする。過去問で出題形式と正答率を週1回チェックする。過去問で出題形式と正答率を週1回チェックする。過去問1問で正答率を記録する。,誤答の典型：敷地利用権と分離処分を類似語と同一視する;要件の一部だけ暗記して判断する;最新の改正・規約改定を見落とす。一語差の選択肢に注意。誤答肢のパターンを比較表に整理して復習する。誤答肢のパターンを比較表に整理して復習する。誤答肢のパターンを比較表に整理して復習する。誤答肢を比較表に書き出す。,敷地利用権と分離処分とは何ですか？,学習の次段：「主徴費」と比較表で整理し、numbers / compare から過去問へ。関連用語ハブと比較ページへ進んで定着を確認する。関連用語ハブと比較ページへ進んで定着を確認する。関連用語ハブと比較ページへ進んで定着を確認する。関連用語ハブと比較ページへ進んで定着を確認する。用語ハブ compare へ進む。,敷地利用権と分離処分とは何ですか？
敷金,民法・借地借家法,民法・借地借家法;賃貸借;頻出,賃料等の担保として預けられる金銭。返還・控除のルールが問題化。,"敷金は、賃料等の担保として預けられる金銭。返還・控除のルールが問題化。民法・借地借家法の重要論点。賃料等の担保として預けられる金銭。返還・控除のルールが問題化。管理業務主任者試験では、民法を根拠に定義・要件・効果を問う問題が出ます。

実務・試験ともに「返還時期・控除範囲」が判断の軸になります。選択肢では敷金は賃料と同一視肢が多いため。",同時履行の抗弁;催告解除;無催告解除,民法,A,過去問では返還時期・控除範囲が問われます。敷金は賃料と同一視選択肢に注意してください。賃料等の担保として預けられる金銭。返還・控除のルールが問題化。管理業務主任者試。試験では敷金について条文・数値・条件の読み取りが問われます。,敷金とは？管理業務主任者試験で押さえる意味と試験ポイント,"敷金の意味と管理業務主任者試験での判定ポイントを、民法の文脈で整理します。敷金は、賃料等の担保として預けられる金銭。返還・控除のルールが問題化。民法・借地借家法の重要論点。賃料等の担保として預けられる金銭。返還・控除のルールが問題化。管理業務主任者試験では、民法を根拠に定義・要件・効果を問う問題が出ます。

実務・試験ともに「返還時期・控除範囲」が判断の軸になります。選択肢では敷金は賃料と同一視肢が多いため。","賃料等の担保として預けられる金銭。返還・控除のルールが問題化。管理業務主任者試験では、民法を根拠に定義・要件・効果を問う問題が出ます。

実務・試験ともに「返還時期・控除範囲」が判断の軸になります。選択肢では敷金は賃料と同一視肢が多いため、要件の欠けた肢を消去する思考が有効です。

敷金は同時履行の抗弁、催告解除、無催告解除とセットで整理すると理解が定着します。管業マスターの過去問・実践演習で民法・借地借家法フィルタを使い、関連問題を解き直してください。試験では敷金について条文・数値・条件の読み取りが問われます。",,返還時期・控除範囲;民法の根拠を明示できる;関連語（同時履行の抗弁、催告解除、無催告解除）との違いを説明できる,敷金は賃料と同一視;要件の一部だけ暗記して判断する;最新の改正・規約改定を見落とす。,敷金＝民法。預り金と表で対比。（関連用語とセットで暗記）。,敷金に関する次の記述のうち、最も適切でないものはどれか。,返還時期・控除範囲。敷金は賃料と同一視とする記述が誤りになりやすい。,敷金の定義を試験用に一言で言うと？,「敷金の定義を試験用に一言で言うと？」への答え：賃料等の担保として預けられる金銭。返還・控除のルールが問題化。根拠は民法。条文番号と要件をメモに書き出して確認する。条文番号と要件をメモに書き出して確認する。条文番号と要件をメモに書き出して確認する。公式テキスト該当章を開く。,敷金と混同しやすい論点は？,試験の出方：民法の根拠を明示できる。四択では条件の主語と効果を分離して読む。過去問で出題形式と正答率を週1回チェックする。過去問で出題形式と正答率を週1回チェックする。過去問で出題形式と正答率を週1回チェックする。過去問で出題形式と正答率を週1回チェックする。過去問1問で正答率を記録する。,誤答の典型：敷金は賃料と同一視;要件の一部だけ暗記して判断する;最新の改正・規約改定を見落とす。一語差の選択肢に注意。誤答肢のパターンを比較表に整理して復習する。誤答肢のパターンを比較表に整理して復習する。誤答肢のパターンを比較表に整理して復習する。誤答肢を比較表に書き出す。,敷金とは何ですか？,学習の次段：「同時履行の抗弁」と比較表で整理し、numbers / compare から過去問へ。関連用語ハブと比較ページへ進んで定着を確認する。関連用語ハブと比較ページへ進んで定着を確認する。関連用語ハブと比較ページへ進んで定着を確認する。用語ハブ compare へ進む。,敷金とは何ですか？
断熱結露,建築・設備,建築・設備;設備,断熱結露は建築・設備分野では建築基準法に関する重要概念です。,断熱結露は、断熱結露は建築・設備分野では建築基準法に関する重要概念です。建築基準法・消防法・昇降機規則等に基づく建物・設備の安全と維持。,建築基準法;エレベーター;昇降機,建築基準法,B,過去問では断熱結露の定義・要件・効果を条文・規約根拠と対応づけるが問われます。断熱結露を類似語と同一視する選択肢に注意してください。断熱結露は建築・設備分野では建築基準法に関する重要概念です。管理業務主任者。,断熱結露とは？管理業務主任者で押さえる意味と試験ポイント,断熱結露の意味と管理業務主任者試験での判定ポイントを、建築基準法の文脈で整理します。断熱結露は、断熱結露は建築・設備分野では建築基準法に関する重要概念です。建築基準法・消防法・昇降機規則等に基づく建物・設備の安全と維持。,"断熱結露は建築・設備分野では建築基準法に関する重要概念です。管理業務主任者試験では、建築基準法を根拠に定義・要件・効果を問う問題が出ます。

実務・試験ともに「断熱結露の定義・要件・効果を条文・規約根拠と対応づける」が判断の軸になります。選択肢では断熱結露を類似語と同一視する肢が多いため、要件の欠けた肢を消去する思考が有効です。

断熱結露は建築基準法、エレベーター、昇降機とセットで整理すると理解が定着します。管業マスターの過去問・実践演習で建築・設備フィルタを使い、関連問題を解き直してください。","<table class=""seo-info-table""><thead><tr><th>比較</th><th>断熱結露</th><th>建築基準法</th></tr></thead><tbody><tr><th>覚え方</th><td>断熱結露の定義・要件・効果を条文・規約根拠と対応づける</td><td>関連ページで対比</td></tr></tbody></table>",断熱結露の定義・要件・効果を条文・規約根拠と対応づける;建築基準法の根拠を明示できる;関連語（建築基準法、エレベーター、昇降機）との違いを説明できる,断熱結露を類似語と同一視する;要件の一部だけ暗記して判断する;最新の改正・規約改定を見落とす。,断熱結露＝建築基準法。建築基準法と表で対比。（関連用語とセットで暗記）。,断熱結露に関する次の記述のうち、最も適切でないものはどれか。,断熱結露の定義・要件と照らし、条件を満たさない選択肢を選ぶ。,断熱結露の定義を試験用に一言で言うと？,「断熱結露の定義を試験用に一言で言うと？」への答え：断熱結露は建築・設備分野では建築基準法に関する重要概念です。根拠は建築基準法。条文番号と要件をメモに書き出して確認する。条文番号と要件をメモに書き出して確認する。条文番号と要件をメモに書き出して確認する。公式テキスト該当章を開く。,断熱結露と混同しやすい論点は？,試験の出方：建築基準法の根拠を明示できる。四択では条件の主語と効果を分離して読む。過去問で出題形式と正答率を週1回チェックする。過去問で出題形式と正答率を週1回チェックする。過去問で出題形式と正答率を週1回チェックする。過去問で出題形式と正答率を週1回チェックする。過去問1問で正答率を記録する。,誤答の典型：断熱結露を類似語と同一視する;要件の一部だけ暗記して判断する;最新の改正・規約改定を見落とす。一語差の選択肢に注意。誤答肢のパターンを比較表に整理して復習する。誤答肢のパターンを比較表に整理して復習する。誤答肢のパターンを比較表に整理して復習する。誤答肢を比較表に書き出す。,断熱結露とは何ですか？,学習の次段：「建築基準法」と比較表で整理し、numbers / compare から過去問へ。関連用語ハブと比較ページへ進んで定着を確認する。関連用語ハブと比較ページへ進んで定着を確認する。関連用語ハブと比較ページへ進んで定着を確認する。関連用語ハブと比較ページへ進んで定着を確認する。用語ハブ compare へ進む。,断熱結露とは何ですか？
既存不適格,品確法・建替円滑化法等,品確法・建替円滑化法等;建築,既存不適格は品確法・建替円滑化法等分野では建築基準法に関する重要概念です。,既存不適格は、既存不適格は品確法・建替円滑化法等分野では建築基準法に関する重要概念です。住宅品質確保と建替え手続の関連法令。,品質確保促進法;既存住宅状況調査;建替え等円滑化法,建築基準法,B,過去問では既存不適格の定義・要件・効果を条文・規約根拠と対応づけるが問われます。既存不適格を類似語と同一視する選択肢に注意してください。既存不適格は品確法・建替円滑化法等分野では建築基準法に関する重要概念です。,既存不適格とは？管理業務主任者試験で押さえる意味と試験ポイント,既存不適格の意味と管理業務主任者試験での判定ポイントを、建築基準法の文脈で整理します。既存不適格は、既存不適格は品確法・建替円滑化法等分野では建築基準法に関する重要概念です。住宅品質確保と建替え手続の関連法令。,"既存不適格は品確法・建替円滑化法等分野では建築基準法に関する重要概念です。管理業務主任者試験では、建築基準法を根拠に定義・要件・効果を問う問題が出ます。

実務・試験ともに「既存不適格の定義・要件・効果を条文・規約根拠と対応づける」が判断の軸になります。選択肢では既存不適格を類似語と同一視する肢が多いため、要件の欠けた肢を消去する思考が有効です。

既存不適格は品質確保促進法、既存住宅状況調査、建替え等円滑化法とセットで整理すると理解が定着します。管業マスターの過去問・実践演習で品確法・建替円滑化法等フィルタを使い、関連問題を解き直してください。","<table class=""seo-info-table""><thead><tr><th>比較</th><th>既存不適格</th><th>品質確保促進法</th></tr></thead><tbody><tr><th>覚え方</th><td>既存不適格の定義・要件・効果を条文・規約根拠と対応づける</td><td>関連ページで対比</td></tr></tbody></table>",既存不適格の定義・要件・効果を条文・規約根拠と対応づける;建築基準法の根拠を明示できる;関連語（品質確保促進法、既存住宅状況調査、建替え等円滑化法）との違いを説明できる,既存不適格を類似語と同一視する;要件の一部だけ暗記して判断する;最新の改正・規約改定を見落とす。,既存不適格＝建築基準法。品質確保促進法と表で対比。,既存不適格に関する記述として最も不適切なものを選べ。,品確法・建替円滑化法等の原則に照らし、主体・時期・要件のいずれかを欠く選択肢を誤りとして判定する。,既存不適格の定義を試験用に一言で言うと？,「既存不適格の定義を試験用に一言で言うと？」への答え：既存不適格は品確法・建替円滑化法等分野では建築基準法に関する重要概念です。根拠は建築基準法。条文番号と要件をメモに書き出して確認する。条文番号と要件をメモに書き出して確認する。条文番号と要件をメモに書き出して確認する。公式テキスト該当章を開く。,既存不適格と混同しやすい論点は？,試験の出方：建築基準法の根拠を明示できる。四択では条件の主語と効果を分離して読む。過去問で出題形式と正答率を週1回チェックする。過去問で出題形式と正答率を週1回チェックする。過去問で出題形式と正答率を週1回チェックする。過去問で出題形式と正答率を週1回チェックする。過去問1問で正答率を記録する。,誤答の典型：既存不適格を類似語と同一視する;要件の一部だけ暗記して判断する;最新の改正・規約改定を見落とす。一語差の選択肢に注意。誤答肢のパターンを比較表に整理して復習する。誤答肢のパターンを比較表に整理して復習する。誤答肢のパターンを比較表に整理して復習する。誤答肢を比較表に書き出す。,既存不適格とは何ですか？,学習の次段：「品質確保促進法」と比較表で整理し、numbers / compare から過去問へ。関連用語ハブと比較ページへ進んで定着を確認する。関連用語ハブと比較ページへ進んで定着を確認する。関連用語ハブと比較ページへ進んで定着を確認する。用語ハブ compare へ進む。,既存不適格とは何ですか？
既存住宅売買,品確法・建替円滑化法等,品確法・建替円滑化法等;取引,既存住宅売買は品確法・建替円滑化法等分野では品質確保促進法に関する重要概念です。,既存住宅売買は、既存住宅売買は品確法・建替円滑化法等分野では品質確保促進法に関する重要概念です。住宅品質確保と建替え手続の関連法令。,品質確保促進法;既存住宅状況調査;建替え等円滑化法,品質確保促進法,B,過去問では既存住宅売買の定義・要件・効果を条文・規約根拠と対応づけるが問われます。既存住宅売買を類似語と同一視する選択肢に注意してください。既存住宅売買は品確法・建替円滑化法等分野では品質確保促進法に関する重要概念で。,既存住宅売買とは？管理業務主任者試験で押さえる意味と試験ポイント,既存住宅売買の意味と管理業務主任者試験での判定ポイントを、品質確保促進法の文脈で整理します。既存住宅売買は、既存住宅売買は品確法・建替円滑化法等分野では品質確保促進法に関する重要概念です。住宅品質確保と建替え手続の関連法令。,"既存住宅売買は品確法・建替円滑化法等分野では品質確保促進法に関する重要概念です。管理業務主任者試験では、品質確保促進法を根拠に定義・要件・効果を問う問題が出ます。

実務・試験ともに「既存住宅売買の定義・要件・効果を条文・規約根拠と対応づける」が判断の軸になります。選択肢では既存住宅売買を類似語と同一視する肢が多いため、要件の欠けた肢を消去する思考が有効です。

既存住宅売買は品質確保促進法、既存住宅状況調査、建替え等円滑化法とセットで整理すると理解が定着します。管業マスターの過去問・実践演習で品確法・建替円滑化法等フィルタを使い、関連問題を解き直してください。","<table class=""seo-info-table""><thead><tr><th>比較</th><th>既存住宅売買</th><th>品質確保促進法</th></tr></thead><tbody><tr><th>覚え方</th><td>既存住宅売買の定義・要件・効果を条文・規約根拠と対応づける</td><td>関連ページで対比</td></tr></tbody></table>",既存住宅売買の定義・要件・効果を条文・規約根拠と対応づける;品質確保促進法の根拠を明示できる;関連語（品質確保促進法、既存住宅状況調査、建替え等円滑化法）との違いを説明できる,既存住宅売買を類似語と同一視する;要件の一部だけ暗記して判断する;最新の改正・規約改定を見落とす。,既存住宅売買＝品質確保促進法。品質確保促進法と表で対比。,既存住宅売買に関する記述として最も不適切なものを選べ。,品確法・建替円滑化法等の原則に照らし、主体・時期・要件のいずれかを欠く選択肢を誤りとして判定する。,既存住宅売買の定義を試験用に一言で言うと？,「既存住宅売買の定義を試験用に一言で言うと？」への答え：既存住宅売買は品確法・建替円滑化法等分野では品質確保促進法に関する重要概念です。根拠は品質確保促進法。条文番号と要件をメモに書き出して確認する。条文番号と要件をメモに書き出して確認する。公式テキスト該当章を開く。,既存住宅売買と混同しやすい論点は？,試験の出方：品質確保促進法の根拠を明示できる。四択では条件の主語と効果を分離して読む。過去問で出題形式と正答率を週1回チェックする。過去問で出題形式と正答率を週1回チェックする。過去問で出題形式と正答率を週1回チェックする。過去問で出題形式と正答率を週1回チェックする。過去問1問で正答率を記録する。,誤答の典型：既存住宅売買を類似語と同一視する;要件の一部だけ暗記して判断する;最新の改正・規約改定を見落とす。一語差の選択肢に注意。誤答肢のパターンを比較表に整理して復習する。誤答肢のパターンを比較表に整理して復習する。誤答肢のパターンを比較表に整理して復習する。誤答肢を比較表に書き出す。,既存住宅売買とは何ですか？,学習の次段：「品質確保促進法」と比較表で整理し、numbers / compare から過去問へ。関連用語ハブと比較ページへ進んで定着を確認する。関連用語ハブと比較ページへ進んで定着を確認する。関連用語ハブと比較ページへ進んで定着を確認する。用語ハブ compare へ進む。,既存住宅売買とは何ですか？
既存住宅状況調査,品確法・建替円滑化法等,品確法・建替円滑化法等;調査,既存住宅状況調査は品確法・建替円滑化法等分野では品質確保促進法に関する重要概念です。,既存住宅状況調査は、既存住宅状況調査は品確法・建替円滑化法等分野では品質確保促進法に関する重要概念です。住宅品質確保と建替え手続の関連法令。,品質確保促進法;建替え等円滑化法;瑕疵担保責任,品質確保促進法,B,過去問では既存住宅状況調査の定義・要件・効果を条文・規約根拠と対応づけるが問われます。既存住宅状況調査を類似語と同一視する選択肢に注意してください。既存住宅状況調査は品確法・建替円滑化法等分野では品質確保促進法に関する重要概。,既存住宅状況調査とは？管理業務主任者試験で押さえる意味と試験ポイント,既存住宅状況調査の意味と管理業務主任者試験での判定ポイントを、品質確保促進法の文脈で整理します。既存住宅状況調査は、既存住宅状況調査は品確法・建替円滑化法等分野では品質確保促進法に関する重要概念です。住宅品質確保と建替え手続の関連法令。,"既存住宅状況調査は品確法・建替円滑化法等分野では品質確保促進法に関する重要概念です。管理業務主任者試験では、品質確保促進法を根拠に定義・要件・効果を問う問題が出ます。

実務・試験ともに「既存住宅状況調査の定義・要件・効果を条文・規約根拠と対応づける」が判断の軸になります。選択肢では既存住宅状況調査を類似語と同一視する肢が多いため、要件の欠けた肢を消去する思考が有効です。

既存住宅状況調査は品質確保促進法、建替え等円滑化法、瑕疵担保責任とセットで整理すると理解が定着します。管業マスターの過去問・実践演習で品確法・建替円滑化法等フィルタを使い、関連問題を解き直してください。","<table class=""seo-info-table""><thead><tr><th>比較</th><th>既存住宅状況調査</th><th>品質確保促進法</th></tr></thead><tbody><tr><th>覚え方</th><td>既存住宅状況調査の定義・要件・効果を条文・規約根拠と対応づける</td><td>関連ページで対比</td></tr></tbody></table>",既存住宅状況調査の定義・要件・効果を条文・規約根拠と対応づける;品質確保促進法の根拠を明示できる;関連語（品質確保促進法、建替え等円滑化法、瑕疵担保責任）との違いを説明できる,既存住宅状況調査を類似語と同一視する;要件の一部だけ暗記して判断する;最新の改正・規約改定を見落とす。,既存住宅状況調査＝品質確保促進法。品質確保促進法と表で対比。,既存住宅状況調査に関する記述として最も不適切なものを選べ。,品確法・建替円滑化法等の原則に照らし、主体・時期・要件のいずれかを欠く選択肢を誤りとして判定する。,既存住宅状況調査の定義を試験用に一言で言うと？,「既存住宅状況調査の定義を試験用に一言で言うと？」への答え：既存住宅状況調査は品確法・建替円滑化法等分野では品質確保促進法に関する重要概念です。根拠は品質確保促進法。条文番号と要件をメモに書き出して確認する。条文番号と要件をメモに書き出して確認する。公式テキスト該当章を開く。,既存住宅状況調査と混同しやすい論点は？,試験の出方：品質確保促進法の根拠を明示できる。四択では条件の主語と効果を分離して読む。過去問で出題形式と正答率を週1回チェックする。過去問で出題形式と正答率を週1回チェックする。過去問で出題形式と正答率を週1回チェックする。過去問で出題形式と正答率を週1回チェックする。過去問1問で正答率を記録する。,誤答の典型：既存住宅状況調査を類似語と同一視する;要件の一部だけ暗記して判断する;最新の改正・規約改定を見落とす。一語差の選択肢に注意。誤答肢のパターンを比較表に整理して復習する。誤答肢のパターンを比較表に整理して復習する。誤答肢のパターンを比較表に整理して復習する。誤答肢を比較表に書き出す。,既存住宅状況調査とは何ですか？,学習の次段：「品質確保促進法」と比較表で整理し、numbers / compare から過去問へ。関連用語ハブと比較ページへ進んで定着を確認する。関連用語ハブと比較ページへ進んで定着を確認する。関連用語ハブと比較ページへ進んで定着を確認する。用語ハブ compare へ進む。,既存住宅状況調査とは何ですか？
既存住宅状況調査技術者,品確法・建替円滑化法等,品確法・建替円滑化法等;調査,既存住宅状況調査技術者は品確法・建替円滑化法等分野では品質確保促進法に関する重要概念です。,既存住宅状況調査技術者は、既存住宅状況調査技術者は品確法・建替円滑化法等分野では品質確保促進法に関する重要概念です。住宅品質確保と建替え手続の関連法令。,品質確保促進法;既存住宅状況調査;建替え等円滑化法,品質確保促進法,B,過去問では既存住宅状況調査技術者の定義・要件・効果を条文・規約根拠と対応づけるが問われます。既存住宅状況調査技術者を類似語と同一視する選択肢に注意してください。,既存住宅状況調査技術者とは？管理業務主任者試験で押さえる意味と試験ポイント,既存住宅状況調査技術者の意味と管理業務主任者試験での判定ポイントを、品質確保促進法の文脈で整理します。既存住宅状況調査技術者は、既存住宅状況調査技術者は品確法・建替円滑化法等分野では品質確保促進法に関する重要概念です。住宅品質確保と建替え手続の関連法令。,"既存住宅状況調査技術者は品確法・建替円滑化法等分野では品質確保促進法に関する重要概念です。管理業務主任者試験では、品質確保促進法を根拠に定義・要件・効果を問う問題が出ます。

実務・試験ともに「既存住宅状況調査技術者の定義・要件・効果を条文・規約根拠と対応づける」が判断の軸になります。選択肢では既存住宅状況調査技術者を類似語と同一視する肢が多いため、要件の欠けた肢を消去する思考が有効です。

既存住宅状況調査技術者は品質確保促進法、既存住宅状況調査、建替え等円滑化法とセットで整理すると理解が定着します。管業マスターの過去問・実践演習で品確法・建替円滑化法等フィルタを使い、関連問題を解き直してください。","<table class=""seo-info-table""><thead><tr><th>比較</th><th>既存住宅状況調査技術者</th><th>品質確保促進法</th></tr></thead><tbody><tr><th>覚え方</th><td>既存住宅状況調査技術者の定義・要件・効果を条文・規約根拠と対応づける</td><td>関連ページで対比</td></tr></tbody></table>",既存住宅状況調査技術者の定義・要件・効果を条文・規約根拠と対応づける;品質確保促進法の根拠を明示できる;関連語（品質確保促進法、既存住宅状況調査、建替え等円滑化法）との違いを説明できる,既存住宅状況調査技術者を類似語と同一視する;要件の一部だけ暗記して判断する;最新の改正・規約改定を見落とす。,既存住宅状況調査技術者＝品質確保促進法。品質確保促進法と表で対比。,既存住宅状況調査技術者に関する記述として最も不適切なものを選べ。,品確法・建替円滑化法等の原則に照らし、主体・時期・要件のいずれかを欠く選択肢を誤りとして判定する。,既存住宅状況調査技術者の定義を試験用に一言で言うと？,「既存住宅状況調査技術者の定義を試験用に一言で言うと？」への答え：既存住宅状況調査技術者は品確法・建替円滑化法等分野では品質確保促進法に関する重要概念です。根拠は品質確保促進法。条文番号と要件をメモに書き出して確認する。条文番号と要件をメモに書き出して確認する。公式テキスト該当章を開く。,既存住宅状況調査技術者と混同しやすい論点は？,試験の出方：品質確保促進法の根拠を明示できる。四択では条件の主語と効果を分離して読む。過去問で出題形式と正答率を週1回チェックする。過去問で出題形式と正答率を週1回チェックする。過去問で出題形式と正答率を週1回チェックする。過去問で出題形式と正答率を週1回チェックする。過去問1問で正答率を記録する。,誤答の典型：既存住宅状況調査技術者を類似語と同一視する;要件の一部だけ暗記して判断する;最新の改正・規約改定を見落とす。一語差の選択肢に注意。誤答肢のパターンを比較表に整理して復習する。誤答肢のパターンを比較表に整理して復習する。誤答肢のパターンを比較表に整理して復習する。誤答肢を比較表に書き出す。,既存住宅状況調査技術者とは何ですか？,学習の次段：「品質確保促進法」と比較表で整理し、numbers / compare から過去問へ。関連用語ハブと比較ページへ進んで定着を確認する。関連用語ハブと比較ページへ進んで定着を確認する。関連用語ハブと比較ページへ進んで定着を確認する。用語ハブ compare へ進む。,既存住宅状況調査技術者とは何ですか？
昇降機,建築・設備,建築・設備;設備,昇降機は建築・設備分野では昇降機安全規則に関する重要概念です。,昇降機は、昇降機は建築・設備分野では昇降機安全規則に関する重要概念です。建築基準法・消防法・昇降機規則等に基づく建物・設備の安全と維持。,建築基準法;エレベーター;消防法,昇降機安全規則,A,過去問では昇降機の定義・要件・効果を条文・規約根拠と対応づけるが問われます。昇降機を類似語と同一視する選択肢に注意してください。昇降機は建築・設備分野では昇降機安全規則に関する重要概念です。管理業務主任。,昇降機とは？管理業務主任者で押さえる意味と試験ポイント,昇降機の意味と管理業務主任者試験での判定ポイントを、昇降機安全規則の文脈で整理します。昇降機は、昇降機は建築・設備分野では昇降機安全規則に関する重要概念です。建築基準法・消防法・昇降機規則等に基づく建物・設備の安全と維持。,"昇降機は建築・設備分野では昇降機安全規則に関する重要概念です。管理業務主任者試験では、昇降機安全規則を根拠に定義・要件・効果を問う問題が出ます。

実務・試験ともに「昇降機の定義・要件・効果を条文・規約根拠と対応づける」が判断の軸になります。選択肢では昇降機を類似語と同一視する肢が多いため、要件の欠けた肢を消去する思考が有効です。

昇降機は建築基準法、エレベーター、消防法とセットで整理すると理解が定着します。管業マスターの過去問・実践演習で建築・設備フィルタを使い、関連問題を解き直してください。","<table class=""seo-info-table""><thead><tr><th>比較</th><th>昇降機</th><th>建築基準法</th></tr></thead><tbody><tr><th>覚え方</th><td>昇降機の定義・要件・効果を条文・規約根拠と対応づける</td><td>関連ページで対比</td></tr></tbody></table>",昇降機の定義・要件・効果を条文・規約根拠と対応づける;昇降機安全規則の根拠を明示できる;関連語（建築基準法、エレベーター、消防法）との違いを説明できる,昇降機を類似語と同一視する;要件の一部だけ暗記して判断する;最新の改正・規約改定を見落とす。,昇降機＝昇降機安全規則。建築基準法と表で対比。（関連用語とセットで暗記）。,昇降機に関する次の記述のうち、最も適切でないものはどれか。,昇降機の定義・要件・効果を条文・規約根拠と対応づける。昇降機を類似語と同一視するとする記述が誤りになりやすい。,昇降機の定義を試験用に一言で言うと？,「昇降機の定義を試験用に一言で言うと？」への答え：昇降機は建築・設備分野では昇降機安全規則に関する重要概念です。根拠は昇降機安全規則。条文番号と要件をメモに書き出して確認する。条文番号と要件をメモに書き出して確認する。条文番号と要件をメモに書き出して確認する。公式テキスト該当章を開く。,昇降機と混同しやすい論点は？,試験の出方：昇降機安全規則の根拠を明示できる。四択では条件の主語と効果を分離して読む。過去問で出題形式と正答率を週1回チェックする。過去問で出題形式と正答率を週1回チェックする。過去問で出題形式と正答率を週1回チェックする。過去問で出題形式と正答率を週1回チェックする。過去問1問で正答率を記録する。,誤答の典型：昇降機を類似語と同一視する;要件の一部だけ暗記して判断する;最新の改正・規約改定を見落とす。一語差の選択肢に注意。誤答肢のパターンを比較表に整理して復習する。誤答肢のパターンを比較表に整理して復習する。誤答肢のパターンを比較表に整理して復習する。誤答肢を比較表に書き出す。,昇降機とは何ですか？,学習の次段：「建築基準法」と比較表で整理し、numbers / compare から過去問へ。関連用語ハブと比較ページへ進んで定着を確認する。関連用語ハブと比較ページへ進んで定着を確認する。関連用語ハブと比較ページへ進んで定着を確認する。関連用語ハブと比較ページへ進んで定着を確認する。用語ハブ compare へ進む。,昇降機とは何ですか？
昇降機の保守,建築・設備,建築・設備;頻出;検査,昇降機の保守は建築・設備分野では昇降機安全規則に関する重要概念です。,昇降機の保守は、昇降機の保守は建築・設備分野では昇降機安全規則に関する重要概念です。建築基準法・消防法・昇降機規則等に基づく建物・設備の安全と維持。,建築基準法;エレベーター;昇降機,昇降機安全規則,A,過去問では昇降機の保守の定義・要件・効果を条文・規約根拠と対応づけるが問われます。昇降機の保守を類似語と同一視する選択肢に注意してください。昇降機の保守は建築・設備分野では昇降機安全規則に関する重要概念です。管理業。,昇降機の保守とは？管理業務主任者で押さえる意味と試験ポイント,昇降機の保守の意味と管理業務主任者試験での判定ポイントを、昇降機安全規則の文脈で整理します。昇降機の保守は、昇降機の保守は建築・設備分野では昇降機安全規則に関する重要概念です。建築基準法・消防法・昇降機規則等に基づく建物・設備の安全と維持。,"昇降機の保守は建築・設備分野では昇降機安全規則に関する重要概念です。管理業務主任者試験では、昇降機安全規則を根拠に定義・要件・効果を問う問題が出ます。

実務・試験ともに「昇降機の保守の定義・要件・効果を条文・規約根拠と対応づける」が判断の軸になります。選択肢では昇降機の保守を類似語と同一視する肢が多いため、要件の欠けた肢を消去する思考が有効です。

昇降機の保守は建築基準法、エレベーター、昇降機とセットで整理すると理解が定着します。管業マスターの過去問・実践演習で建築・設備フィルタを使い、関連問題を解き直してください。","<table class=""seo-info-table""><thead><tr><th>比較</th><th>昇降機の保守</th><th>建築基準法</th></tr></thead><tbody><tr><th>覚え方</th><td>昇降機の保守の定義・要件・効果を条文・規約根拠と対応づける</td><td>関連ページで対比</td></tr></tbody></table>",昇降機の保守の定義・要件・効果を条文・規約根拠と対応づける;昇降機安全規則の根拠を明示できる;関連語（建築基準法、エレベーター、昇降機）との違いを説明できる,昇降機の保守を類似語と同一視する;要件の一部だけ暗記して判断する;最新の改正・規約改定を見落とす。,昇降機の保守＝昇降機安全規則。建築基準法と表で対比。,昇降機の保守に関する次の記述のうち、最も適切でないものはどれか。,昇降機の保守の定義・要件・効果を条文・規約根拠と対応づける。昇降機の保守を類似語と同一視するとする記述が誤りになりやすい。,昇降機の保守の定義を試験用に一言で言うと？,「昇降機の保守の定義を試験用に一言で言うと？」への答え：昇降機の保守は建築・設備分野では昇降機安全規則に関する重要概念です。根拠は昇降機安全規則。条文番号と要件をメモに書き出して確認する。条文番号と要件をメモに書き出して確認する。条文番号と要件をメモに書き出して確認する。公式テキスト該当章を開く。,昇降機の保守と混同しやすい論点は？,試験の出方：昇降機安全規則の根拠を明示できる。四択では条件の主語と効果を分離して読む。過去問で出題形式と正答率を週1回チェックする。過去問で出題形式と正答率を週1回チェックする。過去問で出題形式と正答率を週1回チェックする。過去問で出題形式と正答率を週1回チェックする。過去問1問で正答率を記録する。,誤答の典型：昇降機の保守を類似語と同一視する;要件の一部だけ暗記して判断する;最新の改正・規約改定を見落とす。一語差の選択肢に注意。誤答肢のパターンを比較表に整理して復習する。誤答肢のパターンを比較表に整理して復習する。誤答肢のパターンを比較表に整理して復習する。誤答肢を比較表に書き出す。,昇降機の保守とは何ですか？,学習の次段：「建築基準法」と比較表で整理し、numbers / compare から過去問へ。関連用語ハブと比較ページへ進んで定着を確認する。関連用語ハブと比較ページへ進んで定着を確認する。関連用語ハブと比較ページへ進んで定着を確認する。関連用語ハブと比較ページへ進んで定着を確認する。用語ハブ compare へ進む。,昇降機の保守とは何ですか？
昇降機の定期検査,建築・設備,建築・設備;頻出;検査,昇降機安全規則に基づく定期検査。管理業務主任者試験頻出。,昇降機の定期検査は、昇降機安全規則に基づく定期検査。管理業務主任者試験頻出。建築基準法・消防法・昇降機規則等に基づく建物・設備の安全と維持。,建築基準法;エレベーター;昇降機,昇降機安全規則,A,過去問では昇降機の定期検査の定義・要件・効果を条文・規約根拠と対応づけるが問われます。昇降機の定期検査を類似語と同一視する選択肢に注意してください。昇降機安全規則に基づく定期検査。管理業務主任者試験頻出。管理業務主任者試験では。,昇降機の定期検査とは？管理業務主任者で押さえる意味と試験ポイント,昇降機の定期検査の意味と管理業務主任者試験での判定ポイントを、昇降機安全規則の文脈で整理します。昇降機の定期検査は、昇降機安全規則に基づく定期検査。管理業務主任者試験頻出。建築基準法・消防法・昇降機規則等に基づく建物・設備の安全と維持。,"昇降機安全規則に基づく定期検査。管理業務主任者試験頻出。管理業務主任者試験では、昇降機安全規則を根拠に定義・要件・効果を問う問題が出ます。

実務・試験ともに「昇降機の定期検査の定義・要件・効果を条文・規約根拠と対応づける」が判断の軸になります。選択肢では昇降機の定期検査を類似語と同一視する肢が多いため、要件の欠けた肢を消去する思考が有効です。

昇降機の定期検査は建築基準法、エレベーター、昇降機とセットで整理すると理解が定着します。管業マスターの過去問・実践演習で建築・設備フィルタを使い、関連問題を解き直してください。","<table class=""seo-info-table""><thead><tr><th>比較</th><th>昇降機の定期検査</th><th>建築基準法</th></tr></thead><tbody><tr><th>覚え方</th><td>昇降機の定期検査の定義・要件・効果を条文・規約根拠と対応づける</td><td>関連ページで対比</td></tr></tbody></table>",昇降機の定期検査の定義・要件・効果を条文・規約根拠と対応づける;昇降機安全規則の根拠を明示できる;関連語（建築基準法、エレベーター、昇降機）との違いを説明できる,昇降機の定期検査を類似語と同一視する;要件の一部だけ暗記して判断する;最新の改正・規約改定を見落とす。,昇降機の定期検査＝昇降機安全規則。建築基準法と表で対比。,昇降機の定期検査に関する次の記述のうち、最も適切でないものはどれか。,昇降機の定期検査の定義・要件・効果を条文・規約根拠と対応づける。昇降機の定期検査を類似語と同一視するとする記述が誤りになりやすい。,昇降機の定期検査の定義を試験用に一言で言うと？,「昇降機の定期検査の定義を試験用に一言で言うと？」への答え：昇降機安全規則に基づく定期検査。管理業務主任者試験頻出。根拠は昇降機安全規則。条文番号と要件をメモに書き出して確認する。条文番号と要件をメモに書き出して確認する。条文番号と要件をメモに書き出して確認する。公式テキスト該当章を開く。,昇降機の定期検査と混同しやすい論点は？,試験の出方：昇降機安全規則の根拠を明示できる。四択では条件の主語と効果を分離して読む。過去問で出題形式と正答率を週1回チェックする。過去問で出題形式と正答率を週1回チェックする。過去問で出題形式と正答率を週1回チェックする。過去問で出題形式と正答率を週1回チェックする。過去問1問で正答率を記録する。,誤答の典型：昇降機の定期検査を類似語と同一視する;要件の一部だけ暗記して判断する;最新の改正・規約改定を見落とす。一語差の選択肢に注意。誤答肢のパターンを比較表に整理して復習する。誤答肢のパターンを比較表に整理して復習する。誤答肢のパターンを比較表に整理して復習する。誤答肢を比較表に書き出す。,昇降機の定期検査とは何ですか？,学習の次段：「建築基準法」と比較表で整理し、numbers / compare から過去問へ。関連用語ハブと比較ページへ進んで定着を確認する。関連用語ハブと比較ページへ進んで定着を確認する。関連用語ハブと比較ページへ進んで定着を確認する。関連用語ハブと比較ページへ進んで定着を確認する。用語ハブ compare へ進む。,昇降機の定期検査とは何ですか？
明渡し,民法・借地借家法,民法・借地借家法;頻出;賃貸借,賃貸借終了後に物件を明け渡す義務。,"明渡しは、賃貸借終了後に物件を明け渡す義務。民法・借地借家法の重要論点。賃貸借終了後に物件を明け渡す義務。管理業務主任者試験では、借地借家法を根拠に定義・要件・効果を問う問題が出ます。

実務・試験ともに「終了原因・期間」が判断の軸になります。選択肢では解除なしに明渡請求肢が多いため、要件の欠けた肢を消去する。",同時履行の抗弁;催告解除;無催告解除,借地借家法,A,過去問では終了原因・期間が問われます。解除なしに明渡請求選択肢に注意してください。賃貸借終了後に物件を明け渡す義務。管理業務主任者試験では、借地借家法を根拠に定。試験では明渡しについて条文・数値・条件の読み取りが問われます。,明渡しとは？管理業務主任者試験で押さえる意味と試験ポイント,"明渡しの意味と管理業務主任者試験での判定ポイントを、借地借家法の文脈で整理します。明渡しは、賃貸借終了後に物件を明け渡す義務。民法・借地借家法の重要論点。賃貸借終了後に物件を明け渡す義務。管理業務主任者試験では、借地借家法を根拠に定義・要件・効果を問う問題が出ます。

実務・試験ともに「終了原因・期間」が判断の軸になります。選択肢では解除なしに明渡請求肢が多いため、要件の欠けた肢を消去する。","賃貸借終了後に物件を明け渡す義務。管理業務主任者試験では、借地借家法を根拠に定義・要件・効果を問う問題が出ます。

実務・試験ともに「終了原因・期間」が判断の軸になります。選択肢では解除なしに明渡請求肢が多いため、要件の欠けた肢を消去する思考が有効です。

明渡しは同時履行の抗弁、催告解除、無催告解除とセットで整理すると理解が定着します。管業マスターの過去問・実践演習で民法・借地借家法フィルタを使い、関連問題を解き直してください。試験では明渡しについて条文・数値・条件の読み取りが問われます。",,終了原因・期間 （試験要点）;借地借家法の根拠を明示できる;関連語（同時履行の抗弁、催告解除、無催告解除）との違いを説明できる,解除なしに明渡請求;要件の一部だけ暗記して判断する;最新の改正・規約改定を見落とす。,明渡し＝借地借家法。原状回復と表で対比。（関連用語とセットで暗記）。,明渡しに関する次の記述のうち、最も適切でないものはどれか。,終了原因・期間。解除なしに明渡請求とする記述が誤りになりやすい。,明渡しの定義を試験用に一言で言うと？,「明渡しの定義を試験用に一言で言うと？」への答え：賃貸借終了後に物件を明け渡す義務。根拠は借地借家法。条文番号と要件をメモに書き出して確認する。条文番号と要件をメモに書き出して確認する。条文番号と要件をメモに書き出して確認する。条文番号と要件をメモに書き出して確認する。公式テキスト該当章を開く。,明渡しと混同しやすい論点は？,試験の出方：借地借家法の根拠を明示できる。四択では条件の主語と効果を分離して読む。過去問で出題形式と正答率を週1回チェックする。過去問で出題形式と正答率を週1回チェックする。過去問で出題形式と正答率を週1回チェックする。過去問で出題形式と正答率を週1回チェックする。過去問1問で正答率を記録する。,誤答の典型：解除なしに明渡請求;要件の一部だけ暗記して判断する;最新の改正・規約改定を見落とす。一語差の選択肢に注意。誤答肢のパターンを比較表に整理して復習する。誤答肢のパターンを比較表に整理して復習する。誤答肢のパターンを比較表に整理して復習する。誤答肢を比較表に書き出す。,明渡しとは何ですか？,学習の次段：「同時履行の抗弁」と比較表で整理し、numbers / compare から過去問へ。関連用語ハブと比較ページへ進んで定着を確認する。関連用語ハブと比較ページへ進んで定着を確認する。関連用語ハブと比較ページへ進んで定着を確認する。用語ハブ compare へ進む。,明渡しとは何ですか？
時効と承認,判例・横断総合,判例・横断総合;時効,時効と承認は複数分野にまたがる論点で、比較表で整理すると得点しやすくなります。,時効と承認は、時効と承認は複数分野にまたがる論点で、比較表で整理すると得点しやすくなります。判例・複数分野を横断する論点。比較整理が得点の鍵。,主徴費;管理不全;組合の法人格,民法,B,過去問では時効と承認の定義・要件・効果を条文・規約根拠と対応づけるが問われます。時効と承認を類似語と同一視する選択肢に注意してください。時効と承認は複数分野にまたがる論点で、比較表で整理すると得点しやすくなります。,時効と承認とは？管理業務主任者試験で押さえる意味と試験ポイント,時効と承認の意味と管理業務主任者試験での判定ポイントを、民法の文脈で整理します。時効と承認は、時効と承認は複数分野にまたがる論点で、比較表で整理すると得点しやすくなります。判例・複数分野を横断する論点。比較整理が得点の鍵。,"時効と承認は複数分野にまたがる論点で、比較表で整理すると得点しやすくなります。管理業務主任者試験では、民法を根拠に定義・要件・効果を問う問題が出ます。

実務・試験ともに「時効と承認の定義・要件・効果を条文・規約根拠と対応づける」が判断の軸になります。選択肢では時効と承認を類似語と同一視する肢が多いため、要件の欠けた肢を消去する思考が有効です。

時効と承認は主徴費、管理不全、組合の法人格とセットで整理すると理解が定着します。管業マスターの過去問・実践演習で判例・横断総合フィルタを使い、関連問題を解き直してください。","<table class=""seo-info-table""><thead><tr><th>比較</th><th>時効と承認</th><th>主徴費</th></tr></thead><tbody><tr><th>覚え方</th><td>時効と承認の定義・要件・効果を条文・規約根拠と対応づける</td><td>関連ページで対比</td></tr></tbody></table>",時効と承認の定義・要件・効果を条文・規約根拠と対応づける;民法の根拠を明示できる;関連語（主徴費、管理不全、組合の法人格）との違いを説明できる,時効と承認を類似語と同一視する;要件の一部だけ暗記して判断する;最新の改正・規約改定を見落とす。,時効と承認＝民法。主徴費と表で対比。（関連用語とセットで暗記）。,時効と承認に関する次の記述のうち、最も適切でないものはどれか。,時効と承認の定義・要件と照らし、条件を満たさない選択肢を選ぶ。,時効と承認の定義を試験用に一言で言うと？,「時効と承認の定義を試験用に一言で言うと？」への答え：時効と承認は複数分野にまたがる論点で、比較表で整理すると得点しやすくなります。根拠は民法。条文番号と要件をメモに書き出して確認する。条文番号と要件をメモに書き出して確認する。条文番号と要件をメモに書き出して確認する。公式テキスト該当章を開く。,時効と承認と混同しやすい論点は？,試験の出方：民法の根拠を明示できる。四択では条件の主語と効果を分離して読む。過去問で出題形式と正答率を週1回チェックする。過去問で出題形式と正答率を週1回チェックする。過去問で出題形式と正答率を週1回チェックする。過去問で出題形式と正答率を週1回チェックする。過去問1問で正答率を記録する。,誤答の典型：時効と承認を類似語と同一視する;要件の一部だけ暗記して判断する;最新の改正・規約改定を見落とす。一語差の選択肢に注意。誤答肢のパターンを比較表に整理して復習する。誤答肢のパターンを比較表に整理して復習する。誤答肢のパターンを比較表に整理して復習する。誤答肢を比較表に書き出す。,時効と承認とは何ですか？,学習の次段：「主徴費」と比較表で整理し、numbers / compare から過去問へ。関連用語ハブと比較ページへ進んで定着を確認する。関連用語ハブと比較ページへ進んで定着を確認する。関連用語ハブと比較ページへ進んで定着を確認する。関連用語ハブと比較ページへ進んで定着を確認する。用語ハブ compare へ進む。,時効と承認とは何ですか？
普通決議,標準管理規約,標準管理規約;頻出;総会,総会の通常決議。5分の1出席・過半数等（標準管理規約）。,普通決議は、総会の通常決議。5分の1出席・過半数等（標準管理規約）。管理組合の運営ルールのモデル。総会・理事会・決議要件が頻出。,マンション標準管理規約;理事長;総会決議,標準管理規約,A,過去問では普通決議の定義・要件・効果を条文・規約根拠と対応づけるが問われます。普通決議を類似語と同一視する選択肢に注意してください。総会の通常決議。5分の1出席・過半数等（標準管理規約）。管理業務主任者試験では。,普通決議とは？管理業務主任者試験で押さえる意味と試験ポイント,普通決議の意味と管理業務主任者試験での判定ポイントを、標準管理規約の文脈で整理します。普通決議は、総会の通常決議。5分の1出席・過半数等（標準管理規約）。管理組合の運営ルールのモデル。総会・理事会・決議要件が頻出。,"総会の通常決議。5分の1出席・過半数等（標準管理規約）。管理業務主任者試験では、標準管理規約を根拠に定義・要件・効果を問う問題が出ます。

実務・試験ともに「普通決議の定義・要件・効果を条文・規約根拠と対応づける」が判断の軸になります。選択肢では普通決議を類似語と同一視する肢が多いため、要件の欠けた肢を消去する思考が有効です。

普通決議はマンション標準管理規約、理事長、総会決議とセットで整理すると理解が定着します。管業マスターの過去問・実践演習で標準管理規約フィルタを使い、関連問題を解き直してください。","<table class=""seo-info-table""><thead><tr><th>決議種類</th><th>賛成割合</th><th>典型事項</th></tr></thead><tbody><tr><td>普通決議</td><td>過半数</td><td>予算・日常管理</td></tr><tr><td>特別決議</td><td>4分の3</td><td>規約変更・重要修繕</td></tr><tr><td>建替え決議</td><td>5分の4</td><td>建物の建替え</td></tr></tbody></table>",普通決議の定義・要件・効果を条文・規約根拠と対応づける;標準管理規約の根拠を明示できる;関連語（マンション標準管理規約、理事長、総会決議）との違いを説明できる,普通決議を類似語と同一視する;要件の一部だけ暗記して判断する;最新の改正・規約改定を見落とす。,普通決議＝標準管理規約。特別決議と表で対比。（関連用語とセットで暗記）。,普通決議に関する次の記述のうち、最も適切でないものはどれか。,普通決議の定義・要件・効果を条文・規約根拠と対応づける。普通決議を類似語と同一視するとする記述が誤りになりやすい。,普通決議の定義を試験用に一言で言うと？,「普通決議の定義を試験用に一言で言うと？」への答え：総会の通常決議。5分の1出席・過半数等（標準管理規約）。根拠は標準管理規約。条文番号と要件をメモに書き出して確認する。条文番号と要件をメモに書き出して確認する。条文番号と要件をメモに書き出して確認する。公式テキスト該当章を開く。,普通決議と混同しやすい論点は？,試験の出方：標準管理規約の根拠を明示できる。四択では条件の主語と効果を分離して読む。過去問で出題形式と正答率を週1回チェックする。過去問で出題形式と正答率を週1回チェックする。過去問で出題形式と正答率を週1回チェックする。過去問で出題形式と正答率を週1回チェックする。過去問1問で正答率を記録する。,誤答の典型：普通決議を類似語と同一視する;要件の一部だけ暗記して判断する;最新の改正・規約改定を見落とす。一語差の選択肢に注意。誤答肢のパターンを比較表に整理して復習する。誤答肢のパターンを比較表に整理して復習する。誤答肢のパターンを比較表に整理して復習する。誤答肢を比較表に書き出す。,普通決議とは何ですか？,学習の次段：「マンション標準管理規約」と比較表で整理し、numbers / compare から過去問へ。関連用語ハブと比較ページへ進んで定着を確認する。関連用語ハブと比較ページへ進んで定着を確認する。関連用語ハブと比較ページへ進んで定着を確認する。用語ハブ compare へ進む。,普通決議とは何ですか？
更新登録,管理適正化法,管理適正化法;資格,更新登録は管理適正化法分野では管理適正化法に関する重要概念です。,更新登録は、更新登録は管理適正化法分野では管理適正化法に関する重要概念です。マンション管理の適正化を推進する法律。資格・73条書面・管理計画。,マンション等の管理の適正化の推進に関する法律;管理計画認定制度;管理業務主任者,管理適正化法,B,過去問では更新登録の定義・要件・効果を条文・規約根拠と対応づけるが問われます。更新登録を類似語と同一視する選択肢に注意してください。更新登録は管理適正化法分野では管理適正化法に関する重要概念です。管理業務主。,更新登録とは？管理業務主任者で押さえる意味と試験ポイント,更新登録の意味と管理業務主任者試験での判定ポイントを、管理適正化法の文脈で整理します。更新登録は、更新登録は管理適正化法分野では管理適正化法に関する重要概念です。マンション管理の適正化を推進する法律。資格・73条書面・管理計画。,"更新登録は管理適正化法分野では管理適正化法に関する重要概念です。管理業務主任者試験では、管理適正化法を根拠に定義・要件・効果を問う問題が出ます。

実務・試験ともに「更新登録の定義・要件・効果を条文・規約根拠と対応づける」が判断の軸になります。選択肢では更新登録を類似語と同一視する肢が多いため、要件の欠けた肢を消去する思考が有効です。

更新登録はマンション等の管理の適正化の推進に関する法律、管理計画認定制度、管理業務主任者とセットで整理すると理解が定着します。管業マスターの過去問・実践演習で管理適正化法フィルタを使い、関連問題を解き直してください。","<table class=""seo-info-table""><thead><tr><th>比較</th><th>更新登録</th><th>マンション等の管理の適正化の推進に関する法律</th></tr></thead><tbody><tr><th>覚え方</th><td>更新登録の定義・要件・効果を条文・規約根拠と対応づける</td><td>関連ページで対比</td></tr></tbody></table>",更新登録の定義・要件・効果を条文・規約根拠と対応づける;管理適正化法の根拠を明示できる;関連語（マンション等の管理の適正化の推進に関する法律、管理計画認定制度、管理業務主任者）との違いを説明できる,更新登録を類似語と同一視する;要件の一部だけ暗記して判断する;最新の改正・規約改定を見落とす。,更新登録＝管理適正化法。マンション等の管理の適正化の推進に関する法律と表で対比。,更新登録に関する次の記述のうち、最も適切でないものはどれか。,更新登録の定義・要件と照らし、条件を満たさない選択肢を選ぶ。,更新登録の定義を試験用に一言で言うと？,「更新登録の定義を試験用に一言で言うと？」への答え：更新登録は管理適正化法分野では管理適正化法に関する重要概念です。根拠は管理適正化法。条文番号と要件をメモに書き出して確認する。条文番号と要件をメモに書き出して確認する。条文番号と要件をメモに書き出して確認する。公式テキスト該当章を開く。,更新登録と混同しやすい論点は？,試験の出方：管理適正化法の根拠を明示できる。四択では条件の主語と効果を分離して読む。過去問で出題形式と正答率を週1回チェックする。過去問で出題形式と正答率を週1回チェックする。過去問で出題形式と正答率を週1回チェックする。過去問で出題形式と正答率を週1回チェックする。過去問1問で正答率を記録する。,誤答の典型：更新登録を類似語と同一視する;要件の一部だけ暗記して判断する;最新の改正・規約改定を見落とす。一語差の選択肢に注意。誤答肢のパターンを比較表に整理して復習する。誤答肢のパターンを比較表に整理して復習する。誤答肢のパターンを比較表に整理して復習する。誤答肢を比較表に書き出す。,更新登録とは何ですか？,学習の次段：「マンション等の管理の適正化の推進に関する法律」と比較表で整理し、numbers / compare から過去問へ。関連用語ハブと比較ページへ進んで定着を確認する。関連用語ハブと比較ページへ進んで定着を確認する。関連用語ハブと比較ページへ進んで定着を確認する。用語ハブ compare へ進む。,更新登録とは何ですか？
未収入金,会計・税務,会計・税務;頻出;会計,未収の管理費等。貸借対照表上の科目。,"未収入金は、未収の管理費等。貸借対照表上の科目。管理組合の会計処理・財務報告・税務上の取扱い。未収の管理費等。貸借対照表上の科目。管理業務主任者試験では、標準管理規約を根拠に定義・要件・効果を問う問題が出ます。

実務・試験ともに「未収入金の定義・要件・効果を条文・規約根拠と対応づける」が判断の軸になります。選択肢では未収入金を類。",管理費等;前受金;預り金,標準管理規約,A,過去問では未収入金の定義・要件・効果を条文・規約根拠と対応づけるが問われます。未収入金を類似語と同一視する選択肢に注意してください。未収の管理費等。貸借対照表上の科目。管理業務主任者試験では、標準管理規約を根拠。,未収入金とは？管理業務主任者で押さえる意味と試験ポイント,"未収入金の意味と管理業務主任者試験での判定ポイントを、標準管理規約の文脈で整理します。未収入金は、未収の管理費等。貸借対照表上の科目。管理組合の会計処理・財務報告・税務上の取扱い。未収の管理費等。貸借対照表上の科目。管理業務主任者試験では、標準管理規約を根拠に定義・要件・効果を問う問題が出ます。

実務・試験ともに「未収入金の定義・要件・効果を条文・規約根拠と対応づける」が判断の軸になります。選択肢では未収入金を類。","未収の管理費等。貸借対照表上の科目。管理業務主任者試験では、標準管理規約を根拠に定義・要件・効果を問う問題が出ます。

実務・試験ともに「未収入金の定義・要件・効果を条文・規約根拠と対応づける」が判断の軸になります。選択肢では未収入金を類似語と同一視する肢が多いため、要件の欠けた肢を消去する思考が有効です。

未収入金は管理費等、前受金、預り金とセットで整理すると理解が定着します。管業マスターの過去問・実践演習で会計・税務フィルタを使い、関連問題を解き直してください。","<table class=""seo-info-table""><thead><tr><th>比較</th><th>未収入金</th><th>管理費等</th></tr></thead><tbody><tr><th>覚え方</th><td>未収入金の定義・要件・効果を条文・規約根拠と対応づける</td><td>関連ページで対比</td></tr></tbody></table>",未収入金の定義・要件・効果を条文・規約根拠と対応づける;標準管理規約の根拠を明示できる;関連語（管理費等、前受金、預り金）との違いを説明できる,未収入金を類似語と同一視する;要件の一部だけ暗記して判断する;最新の改正・規約改定を見落とす。,未収入金＝標準管理規約。管理費等と表で対比。（関連用語とセットで暗記）。,未収入金に関する次の記述のうち、最も適切でないものはどれか。,未収入金の定義・要件・効果を条文・規約根拠と対応づける。未収入金を類似語と同一視するとする記述が誤りになりやすい。,未収入金の定義を試験用に一言で言うと？,「未収入金の定義を試験用に一言で言うと？」への答え：未収の管理費等。貸借対照表上の科目。根拠は標準管理規約。条文番号と要件をメモに書き出して確認する。条文番号と要件をメモに書き出して確認する。条文番号と要件をメモに書き出して確認する。条文番号と要件をメモに書き出して確認する。公式テキスト該当章を開く。,未収入金と混同しやすい論点は？,試験の出方：標準管理規約の根拠を明示できる。四択では条件の主語と効果を分離して読む。過去問で出題形式と正答率を週1回チェックする。過去問で出題形式と正答率を週1回チェックする。過去問で出題形式と正答率を週1回チェックする。過去問で出題形式と正答率を週1回チェックする。過去問1問で正答率を記録する。,誤答の典型：未収入金を類似語と同一視する;要件の一部だけ暗記して判断する;最新の改正・規約改定を見落とす。一語差の選択肢に注意。誤答肢のパターンを比較表に整理して復習する。誤答肢のパターンを比較表に整理して復習する。誤答肢のパターンを比較表に整理して復習する。誤答肢を比較表に書き出す。,未収入金とは何ですか？,学習の次段：「管理費等」と比較表で整理し、numbers / compare から過去問へ。関連用語ハブと比較ページへ進んで定着を確認する。関連用語ハブと比較ページへ進んで定着を確認する。関連用語ハブと比較ページへ進んで定着を確認する。関連用語ハブと比較ページへ進んで定着を確認する。用語ハブ compare へ進む。,未収入金とは何ですか？
未払金,会計・税務,会計・税務;頻出;会計,支払期日経過後未払いの債務。会計上の処理。,"未払金は、支払期日経過後未払いの債務。会計上の処理。管理組合の会計処理・財務報告・税務上の取扱い。支払期日経過後未払いの債務。会計上の処理。管理業務主任者試験では、標準管理委託契約書を根拠に定義・要件・効果を問う問題が出ます。

実務・試験ともに「未払金の定義・要件・効果を条文・規約根拠と対応づける」が判断の軸になります。選択肢では未払。",管理費等;前受金;預り金,標準管理委託契約書,A,過去問では未払金の定義・要件・効果を条文・規約根拠と対応づけるが問われます。未払金を類似語と同一視する選択肢に注意してください。支払期日経過後未払いの債務。会計上の処理。管理業務主任者試験では、標準管理委託。,未払金とは？管理業務主任者で押さえる意味と試験ポイント,未払金の意味と管理業務主任者試験での判定ポイントを、標準管理委託契約書の文脈で整理します。未払金は、支払期日経過後未払いの債務。会計上の処理。管理組合の会計処理・財務報告・税務上の取扱い。,"支払期日経過後未払いの債務。会計上の処理。管理業務主任者試験では、標準管理委託契約書を根拠に定義・要件・効果を問う問題が出ます。

実務・試験ともに「未払金の定義・要件・効果を条文・規約根拠と対応づける」が判断の軸になります。選択肢では未払金を類似語と同一視する肢が多いため、要件の欠けた肢を消去する思考が有効です。

未払金は管理費等、前受金、預り金とセットで整理すると理解が定着します。管業マスターの過去問・実践演習で会計・税務フィルタを使い、関連問題を解き直してください。","<table class=""seo-info-table""><thead><tr><th>比較</th><th>未払金</th><th>管理費等</th></tr></thead><tbody><tr><th>覚え方</th><td>未払金の定義・要件・効果を条文・規約根拠と対応づける</td><td>関連ページで対比</td></tr></tbody></table>",未払金の定義・要件・効果を条文・規約根拠と対応づける;標準管理委託契約書の根拠を明示できる;関連語（管理費等、前受金、預り金）との違いを説明できる,未払金を類似語と同一視する;要件の一部だけ暗記して判断する;最新の改正・規約改定を見落とす。,未払金＝標準管理委託契約書。管理費等と表で対比。（関連用語とセットで暗記）。,未払金に関する次の記述のうち、最も適切でないものはどれか。,未払金の定義・要件・効果を条文・規約根拠と対応づける。未払金を類似語と同一視するとする記述が誤りになりやすい。,未払金の定義を試験用に一言で言うと？,「未払金の定義を試験用に一言で言うと？」への答え：支払期日経過後未払いの債務。会計上の処理。根拠は標準管理委託契約書。条文番号と要件をメモに書き出して確認する。条文番号と要件をメモに書き出して確認する。条文番号と要件をメモに書き出して確認する。公式テキスト該当章を開く。,未払金と混同しやすい論点は？,試験の出方：標準管理委託契約書の根拠を明示できる。四択では条件の主語と効果を分離して読む。過去問で出題形式と正答率を週1回チェックする。過去問で出題形式と正答率を週1回チェックする。過去問で出題形式と正答率を週1回チェックする。過去問で出題形式と正答率を週1回チェックする。過去問1問で正答率を記録する。,誤答の典型：未払金を類似語と同一視する;要件の一部だけ暗記して判断する;最新の改正・規約改定を見落とす。一語差の選択肢に注意。誤答肢のパターンを比較表に整理して復習する。誤答肢のパターンを比較表に整理して復習する。誤答肢のパターンを比較表に整理して復習する。誤答肢を比較表に書き出す。,未払金とは何ですか？,学習の次段：「管理費等」と比較表で整理し、numbers / compare から過去問へ。関連用語ハブと比較ページへ進んで定着を確認する。関連用語ハブと比較ページへ進んで定着を確認する。関連用語ハブと比較ページへ進んで定着を確認する。関連用語ハブと比較ページへ進んで定着を確認する。用語ハブ compare へ進む。,未払金とは何ですか？
未払金と前払費用,判例・横断総合,判例・横断総合;頻出;会計,負債・資産の期末処理。（用語）。,"未払金と前払費用は、負債・資産の期末処理。判例・複数分野を横断する論点。比較整理が得点の鍵。負債・資産の期末処理。管理業務主任者試験では、標準管理委託契約書を根拠に定義・要件・効果を問う問題が出ます。

実務・試験ともに「未払金と前払費用の定義・要件・効果を条文・規約根拠と対応づける」が判断の軸になります。選択肢では未払金と前払。",主徴費;管理不全;組合の法人格,標準管理委託契約書,A,過去問では未払金と前払費用の定義・要件・効果を条文・規約根拠と対応づけるが問われます。未払金と前払費用を類似語と同一視する選択肢に注意してください。負債・資産の期末処理。管理業務主任者試験では、標準管理委託契約書を根拠に定義・。,未払金と前払費用とは？管理業務主任者試験で押さえる意味と試験ポイント,"未払金と前払費用の意味と管理業務主任者試験での判定ポイントを、標準管理委託契約書の文脈で整理します。未払金と前払費用は、負債・資産の期末処理。判例・複数分野を横断する論点。比較整理が得点の鍵。負債・資産の期末処理。管理業務主任者試験では、標準管理委託契約書を根拠に定義・要件・効果を問う問題が出ます。

実務・試験ともに「未払金と前払費用の定義・要件・効果を条文・規約根拠と対応づける」が判断の軸になります。選択肢では未払金と前払。","負債・資産の期末処理。管理業務主任者試験では、標準管理委託契約書を根拠に定義・要件・効果を問う問題が出ます。

実務・試験ともに「未払金と前払費用の定義・要件・効果を条文・規約根拠と対応づける」が判断の軸になります。選択肢では未払金と前払費用を類似語と同一視する肢が多いため、要件の欠けた肢を消去する思考が有効です。

未払金と前払費用は主徴費、管理不全、組合の法人格とセットで整理すると理解が定着します。管業マスターの過去問・実践演習で判例・横断総合フィルタを使い、関連問題を解き直してください。","<table class=""seo-info-table""><thead><tr><th>比較</th><th>未払金と前払費用</th><th>主徴費</th></tr></thead><tbody><tr><th>覚え方</th><td>未払金と前払費用の定義・要件・効果を条文・規約根拠と対応づける</td><td>関連ページで対比</td></tr></tbody></table>",未払金と前払費用の定義・要件・効果を条文・規約根拠と対応づける;標準管理委託契約書の根拠を明示できる;関連語（主徴費、管理不全、組合の法人格）との違いを説明できる,未払金と前払費用を類似語と同一視する;要件の一部だけ暗記して判断する;最新の改正・規約改定を見落とす。,未払金と前払費用＝標準管理委託契約書。主徴費と表で対比。,未払金と前払費用に関する次の記述のうち、最も適切でないものはどれか。,未払金と前払費用の定義・要件・効果を条文・規約根拠と対応づける。未払金と前払費用を類似語と同一視するとする記述が誤りになりやすい。,未払金と前払費用の定義を試験用に一言で言うと？,「未払金と前払費用の定義を試験用に一言で言うと？」への答え：負債・資産の期末処理。（用語）。根拠は標準管理委託契約書。条文番号と要件をメモに書き出して確認する。条文番号と要件をメモに書き出して確認する。条文番号と要件をメモに書き出して確認する。公式テキスト該当章を開く。,未払金と前払費用と混同しやすい論点は？,試験の出方：標準管理委託契約書の根拠を明示できる。四択では条件の主語と効果を分離して読む。過去問で出題形式と正答率を週1回チェックする。過去問で出題形式と正答率を週1回チェックする。過去問で出題形式と正答率を週1回チェックする。過去問で出題形式と正答率を週1回チェックする。過去問1問で正答率を記録する。,誤答の典型：未払金と前払費用を類似語と同一視する;要件の一部だけ暗記して判断する;最新の改正・規約改定を見落とす。一語差の選択肢に注意。誤答肢のパターンを比較表に整理して復習する。誤答肢のパターンを比較表に整理して復習する。誤答肢のパターンを比較表に整理して復習する。誤答肢を比較表に書き出す。,未払金と前払費用とは何ですか？,学習の次段：「主徴費」と比較表で整理し、numbers / compare から過去問へ。関連用語ハブと比較ページへ進んで定着を確認する。関連用語ハブと比較ページへ進んで定着を確認する。関連用語ハブと比較ページへ進んで定着を確認する。関連用語ハブと比較ページへ進んで定着を確認する。用語ハブ compare へ進む。,未払金と前払費用とは何ですか？
検査済証,建築・設備,建築・設備;手続,検査済証は建築・設備分野では建築基準法に関する重要概念です。,検査済証は、検査済証は建築・設備分野では建築基準法に関する重要概念です。建築基準法・消防法・昇降機規則等に基づく建物・設備の安全と維持。,建築基準法;エレベーター;昇降機,建築基準法,B,過去問では検査済証の定義・要件・効果を条文・規約根拠と対応づけるが問われます。検査済証を類似語と同一視する選択肢に注意してください。検査済証は建築・設備分野では建築基準法に関する重要概念です。管理業務主任者。,検査済証とは？管理業務主任者で押さえる意味と試験ポイント,検査済証の意味と管理業務主任者試験での判定ポイントを、建築基準法の文脈で整理します。検査済証は、検査済証は建築・設備分野では建築基準法に関する重要概念です。建築基準法・消防法・昇降機規則等に基づく建物・設備の安全と維持。,"検査済証は建築・設備分野では建築基準法に関する重要概念です。管理業務主任者試験では、建築基準法を根拠に定義・要件・効果を問う問題が出ます。

実務・試験ともに「検査済証の定義・要件・効果を条文・規約根拠と対応づける」が判断の軸になります。選択肢では検査済証を類似語と同一視する肢が多いため、要件の欠けた肢を消去する思考が有効です。

検査済証は建築基準法、エレベーター、昇降機とセットで整理すると理解が定着します。管業マスターの過去問・実践演習で建築・設備フィルタを使い、関連問題を解き直してください。","<table class=""seo-info-table""><thead><tr><th>比較</th><th>検査済証</th><th>建築基準法</th></tr></thead><tbody><tr><th>覚え方</th><td>検査済証の定義・要件・効果を条文・規約根拠と対応づける</td><td>関連ページで対比</td></tr></tbody></table>",検査済証の定義・要件・効果を条文・規約根拠と対応づける;建築基準法の根拠を明示できる;関連語（建築基準法、エレベーター、昇降機）との違いを説明できる,検査済証を類似語と同一視する;要件の一部だけ暗記して判断する;最新の改正・規約改定を見落とす。,検査済証＝建築基準法。建築基準法と表で対比。（関連用語とセットで暗記）。,検査済証に関する次の記述のうち、最も適切でないものはどれか。,検査済証の定義・要件と照らし、条件を満たさない選択肢を選ぶ。,検査済証の定義を試験用に一言で言うと？,「検査済証の定義を試験用に一言で言うと？」への答え：検査済証は建築・設備分野では建築基準法に関する重要概念です。根拠は建築基準法。条文番号と要件をメモに書き出して確認する。条文番号と要件をメモに書き出して確認する。条文番号と要件をメモに書き出して確認する。公式テキスト該当章を開く。,検査済証と混同しやすい論点は？,試験の出方：建築基準法の根拠を明示できる。四択では条件の主語と効果を分離して読む。過去問で出題形式と正答率を週1回チェックする。過去問で出題形式と正答率を週1回チェックする。過去問で出題形式と正答率を週1回チェックする。過去問で出題形式と正答率を週1回チェックする。過去問1問で正答率を記録する。,誤答の典型：検査済証を類似語と同一視する;要件の一部だけ暗記して判断する;最新の改正・規約改定を見落とす。一語差の選択肢に注意。誤答肢のパターンを比較表に整理して復習する。誤答肢のパターンを比較表に整理して復習する。誤答肢のパターンを比較表に整理して復習する。誤答肢を比較表に書き出す。,検査済証とは何ですか？,学習の次段：「建築基準法」と比較表で整理し、numbers / compare から過去問へ。関連用語ハブと比較ページへ進んで定着を確認する。関連用語ハブと比較ページへ進んで定着を確認する。関連用語ハブと比較ページへ進んで定着を確認する。関連用語ハブと比較ページへ進んで定着を確認する。用語ハブ compare へ進む。,検査済証とは何ですか？
業務上の規制,宅建業法,宅建業法;規制,業務上の規制は宅建業法分野では宅地建物取引業法に関する重要概念です。,業務上の規制は、業務上の規制は宅建業法分野では宅地建物取引業法に関する重要概念です。不動産取引の規制。35条書面・重要事項説明。,宅地建物取引業;重要事項説明;35条書面,宅地建物取引業法,B,過去問では業務上の規制の定義・要件・効果を条文・規約根拠と対応づけるが問われます。業務上の規制を類似語と同一視する選択肢に注意してください。業務上の規制は宅建業法分野では宅地建物取引業法に関する重要概念です。管理業。,業務上の規制とは？管理業務主任者試験で押さえる意味と試験ポイント,業務上の規制の意味と管理業務主任者試験での判定ポイントを、宅地建物取引業法の文脈で整理します。業務上の規制は、業務上の規制は宅建業法分野では宅地建物取引業法に関する重要概念です。不動産取引の規制。35条書面・重要事項説明。,"業務上の規制は宅建業法分野では宅地建物取引業法に関する重要概念です。管理業務主任者試験では、宅地建物取引業法を根拠に定義・要件・効果を問う問題が出ます。

実務・試験ともに「業務上の規制の定義・要件・効果を条文・規約根拠と対応づける」が判断の軸になります。選択肢では業務上の規制を類似語と同一視する肢が多いため、要件の欠けた肢を消去する思考が有効です。

業務上の規制は宅地建物取引業、重要事項説明、35条書面とセットで整理すると理解が定着します。管業マスターの過去問・実践演習で宅建業法フィルタを使い、関連問題を解き直してください。","<table class=""seo-info-table""><thead><tr><th>比較</th><th>業務上の規制</th><th>宅地建物取引業</th></tr></thead><tbody><tr><th>覚え方</th><td>業務上の規制の定義・要件・効果を条文・規約根拠と対応づける</td><td>関連ページで対比</td></tr></tbody></table>",業務上の規制の定義・要件・効果を条文・規約根拠と対応づける;宅地建物取引業法の根拠を明示できる;関連語（宅地建物取引業、重要事項説明、35条書面）との違いを説明できる,業務上の規制を類似語と同一視する;要件の一部だけ暗記して判断する;最新の改正・規約改定を見落とす。,業務上の規制＝宅地建物取引業法。宅地建物取引業と表で対比。,業務上の規制に関する記述として最も不適切なものを選べ。,宅建業法の原則に照らし、主体・時期・要件のいずれかを欠く選択肢を誤りとして判定する。,業務上の規制の定義を試験用に一言で言うと？,「業務上の規制の定義を試験用に一言で言うと？」への答え：業務上の規制は宅建業法分野では宅地建物取引業法に関する重要概念です。根拠は宅地建物取引業法。条文番号と要件をメモに書き出して確認する。条文番号と要件をメモに書き出して確認する。条文番号と要件をメモに書き出して確認する。公式テキスト該当章を開く。,業務上の規制と混同しやすい論点は？,試験の出方：宅地建物取引業法の根拠を明示できる。四択では条件の主語と効果を分離して読む。過去問で出題形式と正答率を週1回チェックする。過去問で出題形式と正答率を週1回チェックする。過去問で出題形式と正答率を週1回チェックする。過去問で出題形式と正答率を週1回チェックする。過去問1問で正答率を記録する。,誤答の典型：業務上の規制を類似語と同一視する;要件の一部だけ暗記して判断する;最新の改正・規約改定を見落とす。一語差の選択肢に注意。誤答肢のパターンを比較表に整理して復習する。誤答肢のパターンを比較表に整理して復習する。誤答肢のパターンを比較表に整理して復習する。誤答肢を比較表に書き出す。,業務上の規制とは何ですか？,学習の次段：「宅地建物取引業」と比較表で整理し、numbers / compare から過去問へ。関連用語ハブと比較ページへ進んで定着を確認する。関連用語ハブと比較ページへ進んで定着を確認する。関連用語ハブと比較ページへ進んで定着を確認する。用語ハブ compare へ進む。,業務上の規制とは何ですか？
標識掲示,管理適正化法,管理適正化法;実務,標識掲示は管理適正化法分野では管理適正化法に関する重要概念です。,標識掲示は、標識掲示は管理適正化法分野では管理適正化法に関する重要概念です。マンション管理の適正化を推進する法律。資格・73条書面・管理計画。,マンション等の管理の適正化の推進に関する法律;管理計画認定制度;管理業務主任者,管理適正化法,B,過去問では標識掲示の定義・要件・効果を条文・規約根拠と対応づけるが問われます。標識掲示を類似語と同一視する選択肢に注意してください。標識掲示は管理適正化法分野では管理適正化法に関する重要概念です。管理業務主。,標識掲示とは？管理業務主任者で押さえる意味と試験ポイント,標識掲示の意味と管理業務主任者試験での判定ポイントを、管理適正化法の文脈で整理します。標識掲示は、標識掲示は管理適正化法分野では管理適正化法に関する重要概念です。マンション管理の適正化を推進する法律。資格・73条書面・管理計画。,"標識掲示は管理適正化法分野では管理適正化法に関する重要概念です。管理業務主任者試験では、管理適正化法を根拠に定義・要件・効果を問う問題が出ます。

実務・試験ともに「標識掲示の定義・要件・効果を条文・規約根拠と対応づける」が判断の軸になります。選択肢では標識掲示を類似語と同一視する肢が多いため、要件の欠けた肢を消去する思考が有効です。

標識掲示はマンション等の管理の適正化の推進に関する法律、管理計画認定制度、管理業務主任者とセットで整理すると理解が定着します。管業マスターの過去問・実践演習で管理適正化法フィルタを使い、関連問題を解き直してください。","<table class=""seo-info-table""><thead><tr><th>比較</th><th>標識掲示</th><th>マンション等の管理の適正化の推進に関する法律</th></tr></thead><tbody><tr><th>覚え方</th><td>標識掲示の定義・要件・効果を条文・規約根拠と対応づける</td><td>関連ページで対比</td></tr></tbody></table>",標識掲示の定義・要件・効果を条文・規約根拠と対応づける;管理適正化法の根拠を明示できる;関連語（マンション等の管理の適正化の推進に関する法律、管理計画認定制度、管理業務主任者）との違いを説明できる,標識掲示を類似語と同一視する;要件の一部だけ暗記して判断する;最新の改正・規約改定を見落とす。,標識掲示＝管理適正化法。マンション等の管理の適正化の推進に関する法律と表で対比。,標識掲示に関する次の記述のうち、最も適切でないものはどれか。,標識掲示の定義・要件と照らし、条件を満たさない選択肢を選ぶ。,標識掲示の定義を試験用に一言で言うと？,「標識掲示の定義を試験用に一言で言うと？」への答え：標識掲示は管理適正化法分野では管理適正化法に関する重要概念です。根拠は管理適正化法。条文番号と要件をメモに書き出して確認する。条文番号と要件をメモに書き出して確認する。条文番号と要件をメモに書き出して確認する。公式テキスト該当章を開く。,標識掲示と混同しやすい論点は？,試験の出方：管理適正化法の根拠を明示できる。四択では条件の主語と効果を分離して読む。過去問で出題形式と正答率を週1回チェックする。過去問で出題形式と正答率を週1回チェックする。過去問で出題形式と正答率を週1回チェックする。過去問で出題形式と正答率を週1回チェックする。過去問1問で正答率を記録する。,誤答の典型：標識掲示を類似語と同一視する;要件の一部だけ暗記して判断する;最新の改正・規約改定を見落とす。一語差の選択肢に注意。誤答肢のパターンを比較表に整理して復習する。誤答肢のパターンを比較表に整理して復習する。誤答肢のパターンを比較表に整理して復習する。誤答肢を比較表に書き出す。,標識掲示とは何ですか？,学習の次段：「マンション等の管理の適正化の推進に関する法律」と比較表で整理し、numbers / compare から過去問へ。関連用語ハブと比較ページへ進んで定着を確認する。関連用語ハブと比較ページへ進んで定着を確認する。関連用語ハブと比較ページへ進んで定着を確認する。用語ハブ compare へ進む。,標識掲示とは何ですか？
機械室レスエレベーター,建築・設備,建築・設備;設備,機械室レスエレベーターは建築・設備分野では昇降機安全規則に関する重要概念です。,機械室レスエレベーターは、機械室レスエレベーターは建築・設備分野では昇降機安全規則に関する重要概念です。建築基準法・消防法・昇降機規則等に基づく建物・設備の安全と維持。,建築基準法;エレベーター;昇降機,昇降機安全規則,B,過去問では機械室レスエレベーターの定義・要件・効果を条文・規約根拠と対応づけるが問われます。機械室レスエレベーターを類似語と同一視する選択肢に注意してください。,機械室レスエレベーターとは？管理業務主任者で押さえる意味と試験ポイント,機械室レスエレベーターの意味と管理業務主任者試験での判定ポイントを、昇降機安全規則の文脈で整理します。機械室レスエレベーターは、機械室レスエレベーターは建築・設備分野では昇降機安全規則に関する重要概念です。建築基準法・消防法・昇降機規則等に基づく建物・設備の安全と維持。,"機械室レスエレベーターは建築・設備分野では昇降機安全規則に関する重要概念です。管理業務主任者試験では、昇降機安全規則を根拠に定義・要件・効果を問う問題が出ます。

実務・試験ともに「機械室レスエレベーターの定義・要件・効果を条文・規約根拠と対応づける」が判断の軸になります。選択肢では機械室レスエレベーターを類似語と同一視する肢が多いため、要件の欠けた肢を消去する思考が有効です。

機械室レスエレベーターは建築基準法、エレベーター、昇降機とセットで整理すると理解が定着します。管業マスターの過去問・実践演習で建築・設備フィルタを使い、関連問題を解き直してください。","<table class=""seo-info-table""><thead><tr><th>比較</th><th>機械室レスエレベーター</th><th>建築基準法</th></tr></thead><tbody><tr><th>覚え方</th><td>機械室レスエレベーターの定義・要件・効果を条文・規約根拠と対応づける</td><td>関連ページで対比</td></tr></tbody></table>",機械室レスエレベーターの定義・要件・効果を条文・規約根拠と対応づける;昇降機安全規則の根拠を明示できる;関連語（建築基準法、エレベーター、昇降機）との違いを説明できる,機械室レスエレベーターを類似語と同一視する;要件の一部だけ暗記して判断する;最新の改正・規約改定を見落とす。,機械室レスエレベーター＝昇降機安全規則。建築基準法と表で対比。,機械室レスエレベーターに関する次の記述のうち、最も適切でないものはどれか。,機械室レスエレベーターの定義・要件と照らし、条件を満たさない選択肢を選ぶ。,機械室レスエレベーターの定義を試験用に一言で言うと？,「機械室レスエレベーターの定義を試験用に一言で言うと？」への答え：機械室レスエレベーターは建築・設備分野では昇降機安全規則に関する重要概念です。根拠は昇降機安全規則。条文番号と要件をメモに書き出して確認する。条文番号と要件をメモに書き出して確認する。公式テキスト該当章を開く。,機械室レスエレベーターと混同しやすい論点は？,試験の出方：昇降機安全規則の根拠を明示できる。四択では条件の主語と効果を分離して読む。過去問で出題形式と正答率を週1回チェックする。過去問で出題形式と正答率を週1回チェックする。過去問で出題形式と正答率を週1回チェックする。過去問で出題形式と正答率を週1回チェックする。過去問1問で正答率を記録する。,誤答の典型：機械室レスエレベーターを類似語と同一視する;要件の一部だけ暗記して判断する;最新の改正・規約改定を見落とす。一語差の選択肢に注意。誤答肢のパターンを比較表に整理して復習する。誤答肢のパターンを比較表に整理して復習する。誤答肢のパターンを比較表に整理して復習する。誤答肢を比較表に書き出す。,機械室レスエレベーターとは何ですか？,学習の次段：「建築基準法」と比較表で整理し、numbers / compare から過去問へ。関連用語ハブと比較ページへ進んで定着を確認する。関連用語ハブと比較ページへ進んで定着を確認する。関連用語ハブと比較ページへ進んで定着を確認する。関連用語ハブと比較ページへ進んで定着を確認する。用語ハブ compare へ進む。,機械室レスエレベーターとは何ですか？
機械式駐車場,建築・設備,建築・設備;設備,機械式駐車場は建築・設備分野では昇降機安全規則に関する重要概念です。,機械式駐車場は、機械式駐車場は建築・設備分野では昇降機安全規則に関する重要概念です。建築基準法・消防法・昇降機規則等に基づく建物・設備の安全と維持。,建築基準法;エレベーター;昇降機,昇降機安全規則,B,過去問では機械式駐車場の定義・要件・効果を条文・規約根拠と対応づけるが問われます。機械式駐車場を類似語と同一視する選択肢に注意してください。機械式駐車場は建築・設備分野では昇降機安全規則に関する重要概念です。管理業。,機械式駐車場とは？管理業務主任者で押さえる意味と試験ポイント,機械式駐車場の意味と管理業務主任者試験での判定ポイントを、昇降機安全規則の文脈で整理します。機械式駐車場は、機械式駐車場は建築・設備分野では昇降機安全規則に関する重要概念です。建築基準法・消防法・昇降機規則等に基づく建物・設備の安全と維持。,"機械式駐車場は建築・設備分野では昇降機安全規則に関する重要概念です。管理業務主任者試験では、昇降機安全規則を根拠に定義・要件・効果を問う問題が出ます。

実務・試験ともに「機械式駐車場の定義・要件・効果を条文・規約根拠と対応づける」が判断の軸になります。選択肢では機械式駐車場を類似語と同一視する肢が多いため、要件の欠けた肢を消去する思考が有効です。

機械式駐車場は建築基準法、エレベーター、昇降機とセットで整理すると理解が定着します。管業マスターの過去問・実践演習で建築・設備フィルタを使い、関連問題を解き直してください。","<table class=""seo-info-table""><thead><tr><th>比較</th><th>機械式駐車場</th><th>建築基準法</th></tr></thead><tbody><tr><th>覚え方</th><td>機械式駐車場の定義・要件・効果を条文・規約根拠と対応づける</td><td>関連ページで対比</td></tr></tbody></table>",機械式駐車場の定義・要件・効果を条文・規約根拠と対応づける;昇降機安全規則の根拠を明示できる;関連語（建築基準法、エレベーター、昇降機）との違いを説明できる,機械式駐車場を類似語と同一視する;要件の一部だけ暗記して判断する;最新の改正・規約改定を見落とす。,機械式駐車場＝昇降機安全規則。建築基準法と表で対比。,機械式駐車場に関する次の記述のうち、最も適切でないものはどれか。,機械式駐車場の定義・要件と照らし、条件を満たさない選択肢を選ぶ。,機械式駐車場の定義を試験用に一言で言うと？,「機械式駐車場の定義を試験用に一言で言うと？」への答え：機械式駐車場は建築・設備分野では昇降機安全規則に関する重要概念です。根拠は昇降機安全規則。条文番号と要件をメモに書き出して確認する。条文番号と要件をメモに書き出して確認する。条文番号と要件をメモに書き出して確認する。公式テキスト該当章を開く。,機械式駐車場と混同しやすい論点は？,試験の出方：昇降機安全規則の根拠を明示できる。四択では条件の主語と効果を分離して読む。過去問で出題形式と正答率を週1回チェックする。過去問で出題形式と正答率を週1回チェックする。過去問で出題形式と正答率を週1回チェックする。過去問で出題形式と正答率を週1回チェックする。過去問1問で正答率を記録する。,誤答の典型：機械式駐車場を類似語と同一視する;要件の一部だけ暗記して判断する;最新の改正・規約改定を見落とす。一語差の選択肢に注意。誤答肢のパターンを比較表に整理して復習する。誤答肢のパターンを比較表に整理して復習する。誤答肢のパターンを比較表に整理して復習する。誤答肢を比較表に書き出す。,機械式駐車場とは何ですか？,学習の次段：「建築基準法」と比較表で整理し、numbers / compare から過去問へ。関連用語ハブと比較ページへ進んで定着を確認する。関連用語ハブと比較ページへ進んで定着を確認する。関連用語ハブと比較ページへ進んで定着を確認する。関連用語ハブと比較ページへ進んで定着を確認する。用語ハブ compare へ進む。,機械式駐車場とは何ですか？
決算,会計・税務,会計・税務;頻出;会計,会計期間の収支確定。総会への報告・承認（標準管理規約）。,決算は、会計期間の収支確定。総会への報告・承認（標準管理規約）。管理組合の会計処理・財務報告・税務上の取扱い。,管理費等;前受金;預り金,標準管理規約,A,過去問では決算の定義・要件・効果を条文・規約根拠と対応づけるが問われます。決算を類似語と同一視する選択肢に注意してください。会計期間の収支確定。総会への報告・承認（標準管理規約）。管理業務主任者試験では。,決算とは？管理業務主任者で押さえる意味と試験ポイント,決算の意味と管理業務主任者試験での判定ポイントを、標準管理規約の文脈で整理します。決算は、会計期間の収支確定。総会への報告・承認（標準管理規約）。管理組合の会計処理・財務報告・税務上の取扱い。,"会計期間の収支確定。総会への報告・承認（標準管理規約）。管理業務主任者試験では、標準管理規約を根拠に定義・要件・効果を問う問題が出ます。

実務・試験ともに「決算の定義・要件・効果を条文・規約根拠と対応づける」が判断の軸になります。選択肢では決算を類似語と同一視する肢が多いため、要件の欠けた肢を消去する思考が有効です。

決算は管理費等、前受金、預り金とセットで整理すると理解が定着します。管業マスターの過去問・実践演習で会計・税務フィルタを使い、関連問題を解き直してください。","<table class=""seo-info-table""><thead><tr><th>比較</th><th>決算</th><th>管理費等</th></tr></thead><tbody><tr><th>覚え方</th><td>決算の定義・要件・効果を条文・規約根拠と対応づける</td><td>関連ページで対比</td></tr></tbody></table>",決算の定義・要件・効果を条文・規約根拠と対応づける;標準管理規約の根拠を明示できる;関連語（管理費等、前受金、預り金）との違いを説明できる,決算を類似語と同一視する;要件の一部だけ暗記して判断する;最新の改正・規約改定を見落とす。,決算＝標準管理規約。管理費等と表で対比。（関連用語とセットで暗記）。,決算に関する次の記述のうち、最も適切でないものはどれか。,決算の定義・要件・効果を条文・規約根拠と対応づける。決算を類似語と同一視するとする記述が誤りになりやすい。,決算の定義を試験用に一言で言うと？,「決算の定義を試験用に一言で言うと？」への答え：会計期間の収支確定。総会への報告・承認（標準管理規約）。根拠は標準管理規約。条文番号と要件をメモに書き出して確認する。条文番号と要件をメモに書き出して確認する。条文番号と要件をメモに書き出して確認する。公式テキスト該当章を開く。,決算と混同しやすい論点は？,試験の出方：標準管理規約の根拠を明示できる。四択では条件の主語と効果を分離して読む。過去問で出題形式と正答率を週1回チェックする。過去問で出題形式と正答率を週1回チェックする。過去問で出題形式と正答率を週1回チェックする。過去問で出題形式と正答率を週1回チェックする。過去問1問で正答率を記録する。,誤答の典型：決算を類似語と同一視する;要件の一部だけ暗記して判断する;最新の改正・規約改定を見落とす。一語差の選択肢に注意。誤答肢のパターンを比較表に整理して復習する。誤答肢のパターンを比較表に整理して復習する。誤答肢のパターンを比較表に整理して復習する。誤答肢を比較表に書き出す。,決算とは何ですか？,学習の次段：「管理費等」と比較表で整理し、numbers / compare から過去問へ。関連用語ハブと比較ページへ進んで定着を確認する。関連用語ハブと比較ページへ進んで定着を確認する。関連用語ハブと比較ページへ進んで定着を確認する。関連用語ハブと比較ページへ進んで定着を確認する。用語ハブ compare へ進む。,決算とは何ですか？
消滅時効,民法・借地借家法,民法・借地借家法;時効;頻出,一定期間権利を行使しないと消滅する制度（民法166条）。,"消滅時効は、一定期間権利を行使しないと消滅する制度（民法166条）。民法・借地借家法の重要論点。一定期間権利を行使しないと消滅する制度（民法166条）。管理業務主任者試験では、民法第166条を根拠に定義・要件・効果を問う問題が出ます。

実務・試験ともに「起算点・更新・完成」が判断の軸になります。選択肢ではすべての債権が2年で消滅す。",同時履行の抗弁;催告解除;無催告解除,民法第166条,A,過去問では起算点・更新・完成が問われます。すべての債権が2年で消滅すると誤解選択肢に注意してください。一定期間権利を行使しないと消滅する制度（民法166条）。管理業務主任者試験では。,消滅時効とは？管理業務主任者試験で押さえる意味と試験ポイント,"消滅時効の意味と管理業務主任者試験での判定ポイントを、民法第166条の文脈で整理します。消滅時効は、一定期間権利を行使しないと消滅する制度（民法166条）。民法・借地借家法の重要論点。一定期間権利を行使しないと消滅する制度（民法166条）。管理業務主任者試験では、民法第166条を根拠に定義・要件・効果を問う問題が出ます。

実務・試験ともに「起算点・更新・完成」が判断の軸になります。選択肢ではすべての債権が2年で消滅す。","一定期間権利を行使しないと消滅する制度（民法166条）。管理業務主任者試験では、民法第166条を根拠に定義・要件・効果を問う問題が出ます。

実務・試験ともに「起算点・更新・完成」が判断の軸になります。選択肢ではすべての債権が2年で消滅すると誤解肢が多いため、要件の欠けた肢を消去する思考が有効です。

消滅時効は同時履行の抗弁、催告解除、無催告解除とセットで整理すると理解が定着します。管業マスターの過去問・実践演習で民法・借地借家法フィルタを使い、関連問題を解き直してください。","<table class=""seo-info-table""><thead><tr><th>比較項目</th><th>消滅時効</th><th>債務の承認</th></tr></thead><tbody><tr><th>時効への影響</th><td>期間経過で権利行使制限</td><td>更新事由として時効進行に影響</td></tr><tr><th>出題の軸</th><td>起算点と完成時期</td><td>承認行為の該当性</td></tr></tbody></table>",起算点・更新・完成;民法第166条の根拠を明示できる;関連語（同時履行の抗弁、催告解除、無催告解除）との違いを説明できる,すべての債権が2年で消滅すると誤解;要件の一部だけ暗記して判断する;最新の改正・規約改定を見落とす。,消滅時効＝民法第166条。債務の承認と表で対比。（関連用語とセットで暗記）。,消滅時効に関する次の記述のうち、最も適切でないものはどれか。,起算点・更新・完成。すべての債権が2年で消滅すると誤解とする記述が誤りになりやすい。,消滅時効の定義を試験用に一言で言うと？,「消滅時効の定義を試験用に一言で言うと？」への答え：一定期間権利を行使しないと消滅する制度（民法166条）。根拠は民法第166条。条文番号と要件をメモに書き出して確認する。条文番号と要件をメモに書き出して確認する。条文番号と要件をメモに書き出して確認する。公式テキスト該当章を開く。,消滅時効と混同しやすい論点は？,試験の出方：民法第166条の根拠を明示できる。四択では条件の主語と効果を分離して読む。過去問で出題形式と正答率を週1回チェックする。過去問で出題形式と正答率を週1回チェックする。過去問で出題形式と正答率を週1回チェックする。過去問で出題形式と正答率を週1回チェックする。過去問1問で正答率を記録する。,誤答の典型：すべての債権が2年で消滅すると誤解;要件の一部だけ暗記して判断する;最新の改正・規約改定を見落とす。一語差の選択肢に注意。誤答肢のパターンを比較表に整理して復習する。誤答肢のパターンを比較表に整理して復習する。誤答肢のパターンを比較表に整理して復習する。誤答肢を比較表に書き出す。,消滅時効とは何ですか？,学習の次段：「同時履行の抗弁」と比較表で整理し、numbers / compare から過去問へ。関連用語ハブと比較ページへ進んで定着を確認する。関連用語ハブと比較ページへ進んで定着を確認する。関連用語ハブと比較ページへ進んで定着を確認する。用語ハブ compare へ進む。,消滅時効とは何ですか？
消費税,会計・税務,会計・税務;税務,消費税は会計・税務分野では消費税法に関する重要概念です。,消費税は、消費税は会計・税務分野では消費税法に関する重要概念です。管理組合の会計処理・財務報告・税務上の取扱い。,管理費等;前受金;預り金,消費税法,B,過去問では消費税の定義・要件・効果を条文・規約根拠と対応づけるが問われます。消費税を類似語と同一視する選択肢に注意してください。消費税は会計・税務分野では消費税法に関する重要概念です。管理業務主任者試験。,消費税とは？管理業務主任者で押さえる意味と試験ポイント,消費税の意味と管理業務主任者試験での判定ポイントを、消費税法の文脈で整理します。消費税は、消費税は会計・税務分野では消費税法に関する重要概念です。管理組合の会計処理・財務報告・税務上の取扱い。,"消費税は会計・税務分野では消費税法に関する重要概念です。管理業務主任者試験では、消費税法を根拠に定義・要件・効果を問う問題が出ます。

実務・試験ともに「消費税の定義・要件・効果を条文・規約根拠と対応づける」が判断の軸になります。選択肢では消費税を類似語と同一視する肢が多いため、要件の欠けた肢を消去する思考が有効です。

消費税は管理費等、前受金、預り金とセットで整理すると理解が定着します。管業マスターの過去問・実践演習で会計・税務フィルタを使い、関連問題を解き直してください。","<table class=""seo-info-table""><thead><tr><th>比較</th><th>消費税</th><th>管理費等</th></tr></thead><tbody><tr><th>覚え方</th><td>消費税の定義・要件・効果を条文・規約根拠と対応づける</td><td>関連ページで対比</td></tr></tbody></table>",消費税の定義・要件・効果を条文・規約根拠と対応づける;消費税法の根拠を明示できる;関連語（管理費等、前受金、預り金）との違いを説明できる,消費税を類似語と同一視する;要件の一部だけ暗記して判断する;最新の改正・規約改定を見落とす。,消費税＝消費税法。管理費等と表で対比。（関連用語とセットで暗記）。,消費税に関する次の記述のうち、最も適切でないものはどれか。,消費税の定義・要件と照らし、条件を満たさない選択肢を選ぶ。,消費税の定義を試験用に一言で言うと？,「消費税の定義を試験用に一言で言うと？」への答え：消費税は会計・税務分野では消費税法に関する重要概念です。根拠は消費税法。条文番号と要件をメモに書き出して確認する。条文番号と要件をメモに書き出して確認する。条文番号と要件をメモに書き出して確認する。公式テキスト該当章を開く。,消費税と混同しやすい論点は？,試験の出方：消費税法の根拠を明示できる。四択では条件の主語と効果を分離して読む。過去問で出題形式と正答率を週1回チェックする。過去問で出題形式と正答率を週1回チェックする。過去問で出題形式と正答率を週1回チェックする。過去問で出題形式と正答率を週1回チェックする。過去問1問で正答率を記録する。,誤答の典型：消費税を類似語と同一視する;要件の一部だけ暗記して判断する;最新の改正・規約改定を見落とす。一語差の選択肢に注意。誤答肢のパターンを比較表に整理して復習する。誤答肢のパターンを比較表に整理して復習する。誤答肢のパターンを比較表に整理して復習する。誤答肢を比較表に書き出す。,消費税とは何ですか？,学習の次段：「管理費等」と比較表で整理し、numbers / compare から過去問へ。関連用語ハブと比較ページへ進んで定着を確認する。関連用語ハブと比較ページへ進んで定着を確認する。関連用語ハブと比較ページへ進んで定着を確認する。関連用語ハブと比較ページへ進んで定着を確認する。用語ハブ compare へ進む。,消費税とは何ですか？
消防法,建築・設備,建築・設備;法令;頻出,火災予防・消防用設備等を定める法律。,消防法は、火災予防・消防用設備等を定める法律。建築基準法・消防法・昇降機規則等に基づく建物・設備の安全と維持。,建築基準法;エレベーター;昇降機,消防法,A,過去問では消防法の定義・要件・効果を条文・規約根拠と対応づけるが問われます。消防法を類似語と同一視する選択肢に注意してください。火災予防・消防用設備等を定める法律。管理業務主任者試験では、消防法を根拠に定義。,消防法とは？管理業務主任者で押さえる意味と試験ポイント,消防法の意味と管理業務主任者試験での判定ポイントを、消防法の文脈で整理します。消防法は、火災予防・消防用設備等を定める法律。建築基準法・消防法・昇降機規則等に基づく建物・設備の安全と維持。,"火災予防・消防用設備等を定める法律。管理業務主任者試験では、消防法を根拠に定義・要件・効果を問う問題が出ます。

実務・試験ともに「消防法の定義・要件・効果を条文・規約根拠と対応づける」が判断の軸になります。選択肢では消防法を類似語と同一視する肢が多いため、要件の欠けた肢を消去する思考が有効です。

消防法は建築基準法、エレベーター、昇降機とセットで整理すると理解が定着します。管業マスターの過去問・実践演習で建築・設備フィルタを使い、関連問題を解き直してください。","<table class=""seo-info-table""><thead><tr><th>比較</th><th>消防法</th><th>建築基準法</th></tr></thead><tbody><tr><th>覚え方</th><td>消防法の定義・要件・効果を条文・規約根拠と対応づける</td><td>関連ページで対比</td></tr></tbody></table>",消防法の定義・要件・効果を条文・規約根拠と対応づける;消防法の根拠を明示できる;関連語（建築基準法、エレベーター、昇降機）との違いを説明できる,消防法を類似語と同一視する;要件の一部だけ暗記して判断する;最新の改正・規約改定を見落とす。,消防法＝消防法。建築基準法と表で対比。（関連用語とセットで暗記）。,消防法に関する次の記述のうち、最も適切でないものはどれか。,消防法の定義・要件・効果を条文・規約根拠と対応づける。消防法を類似語と同一視するとする記述が誤りになりやすい。,消防法の定義を試験用に一言で言うと？,「消防法の定義を試験用に一言で言うと？」への答え：火災予防・消防用設備等を定める法律。根拠は消防法。条文番号と要件をメモに書き出して確認する。条文番号と要件をメモに書き出して確認する。条文番号と要件をメモに書き出して確認する。条文番号と要件をメモに書き出して確認する。公式テキスト該当章を開く。,消防法と混同しやすい論点は？,試験の出方：消防法の根拠を明示できる。四択では条件の主語と効果を分離して読む。過去問で出題形式と正答率を週1回チェックする。過去問で出題形式と正答率を週1回チェックする。過去問で出題形式と正答率を週1回チェックする。過去問で出題形式と正答率を週1回チェックする。過去問1問で正答率を記録する。,誤答の典型：消防法を類似語と同一視する;要件の一部だけ暗記して判断する;最新の改正・規約改定を見落とす。一語差の選択肢に注意。誤答肢のパターンを比較表に整理して復習する。誤答肢のパターンを比較表に整理して復習する。誤答肢のパターンを比較表に整理して復習する。誤答肢を比較表に書き出す。,消防法とは何ですか？,学習の次段：「建築基準法」と比較表で整理し、numbers / compare から過去問へ。関連用語ハブと比較ページへ進んで定着を確認する。関連用語ハブと比較ページへ進んで定着を確認する。関連用語ハブと比較ページへ進んで定着を確認する。関連用語ハブと比較ページへ進んで定着を確認する。用語ハブ compare へ進む。,消防法とは何ですか？
消防設備,建築・設備,建築・設備;頻出;設備,消火・警報・避難等の設備。点検・報告義務。,消防設備は、消火・警報・避難等の設備。点検・報告義務。建築基準法・消防法・昇降機規則等に基づく建物・設備の安全と維持。,建築基準法;エレベーター;昇降機,消防法,A,過去問では消防設備の定義・要件・効果を条文・規約根拠と対応づけるが問われます。消防設備を類似語と同一視する選択肢に注意してください。消火・警報・避難等の設備。点検・報告義務。管理業務主任者試験では、消防法を根拠。,消防設備とは？管理業務主任者で押さえる意味と試験ポイント,消防設備の意味と管理業務主任者試験での判定ポイントを、消防法の文脈で整理します。消防設備は、消火・警報・避難等の設備。点検・報告義務。建築基準法・消防法・昇降機規則等に基づく建物・設備の安全と維持。,"消火・警報・避難等の設備。点検・報告義務。管理業務主任者試験では、消防法を根拠に定義・要件・効果を問う問題が出ます。

実務・試験ともに「消防設備の定義・要件・効果を条文・規約根拠と対応づける」が判断の軸になります。選択肢では消防設備を類似語と同一視する肢が多いため、要件の欠けた肢を消去する思考が有効です。

消防設備は建築基準法、エレベーター、昇降機とセットで整理すると理解が定着します。管業マスターの過去問・実践演習で建築・設備フィルタを使い、関連問題を解き直してください。","<table class=""seo-info-table""><thead><tr><th>比較</th><th>消防設備</th><th>建築基準法</th></tr></thead><tbody><tr><th>覚え方</th><td>消防設備の定義・要件・効果を条文・規約根拠と対応づける</td><td>関連ページで対比</td></tr></tbody></table>",消防設備の定義・要件・効果を条文・規約根拠と対応づける;消防法の根拠を明示できる;関連語（建築基準法、エレベーター、昇降機）との違いを説明できる,消防設備を類似語と同一視する;要件の一部だけ暗記して判断する;最新の改正・規約改定を見落とす。,消防設備＝消防法。建築基準法と表で対比。（関連用語とセットで暗記）。,消防設備に関する次の記述のうち、最も適切でないものはどれか。,消防設備の定義・要件・効果を条文・規約根拠と対応づける。消防設備を類似語と同一視するとする記述が誤りになりやすい。,消防設備の定義を試験用に一言で言うと？,「消防設備の定義を試験用に一言で言うと？」への答え：消火・警報・避難等の設備。点検・報告義務。根拠は消防法。条文番号と要件をメモに書き出して確認する。条文番号と要件をメモに書き出して確認する。条文番号と要件をメモに書き出して確認する。条文番号と要件をメモに書き出して確認する。公式テキスト該当章を開く。,消防設備と混同しやすい論点は？,試験の出方：消防法の根拠を明示できる。四択では条件の主語と効果を分離して読む。過去問で出題形式と正答率を週1回チェックする。過去問で出題形式と正答率を週1回チェックする。過去問で出題形式と正答率を週1回チェックする。過去問で出題形式と正答率を週1回チェックする。過去問1問で正答率を記録する。,誤答の典型：消防設備を類似語と同一視する;要件の一部だけ暗記して判断する;最新の改正・規約改定を見落とす。一語差の選択肢に注意。誤答肢のパターンを比較表に整理して復習する。誤答肢のパターンを比較表に整理して復習する。誤答肢のパターンを比較表に整理して復習する。誤答肢を比較表に書き出す。,消防設備とは何ですか？,学習の次段：「建築基準法」と比較表で整理し、numbers / compare から過去問へ。関連用語ハブと比較ページへ進んで定着を確認する。関連用語ハブと比較ページへ進んで定着を確認する。関連用語ハブと比較ページへ進んで定着を確認する。関連用語ハブと比較ページへ進んで定着を確認する。用語ハブ compare へ進む。,消防設備とは何ですか？
清掃業務,標準管理委託契約書・指針,標準管理委託契約書・指針;委託,清掃業務は標準管理委託契約書・指針分野では標準管理委託契約書に関する重要概念です。,清掃業務は、清掃業務は標準管理委託契約書・指針分野では標準管理委託契約書に関する重要概念です。管理委託契約の標準条項。委託費・業務範囲・再委託。,マンション標準管理委託契約書;定額委託業務費;臨時委託業務,標準管理委託契約書,B,過去問では清掃業務の定義・要件・効果を条文・規約根拠と対応づけるが問われます。清掃業務を類似語と同一視する選択肢に注意してください。清掃業務は標準管理委託契約書・指針分野では標準管理委託契約書に関する重要概念。,清掃業務とは？管理業務主任者試験で押さえる意味と試験ポイント,清掃業務の意味と管理業務主任者試験での判定ポイントを、標準管理委託契約書の文脈で整理します。清掃業務は、清掃業務は標準管理委託契約書・指針分野では標準管理委託契約書に関する重要概念です。管理委託契約の標準条項。委託費・業務範囲・再委託。,"清掃業務は標準管理委託契約書・指針分野では標準管理委託契約書に関する重要概念です。管理業務主任者試験では、標準管理委託契約書を根拠に定義・要件・効果を問う問題が出ます。

実務・試験ともに「清掃業務の定義・要件・効果を条文・規約根拠と対応づける」が判断の軸になります。選択肢では清掃業務を類似語と同一視する肢が多いため、要件の欠けた肢を消去する思考が有効です。

清掃業務はマンション標準管理委託契約書、定額委託業務費、臨時委託業務とセットで整理すると理解が定着します。管業マスターの過去問・実践演習で標準管理委託契約書・指針フィルタを使い、関連問題を解き直してください。","<table class=""seo-info-table""><thead><tr><th>比較</th><th>清掃業務</th><th>マンション標準管理委託契約書</th></tr></thead><tbody><tr><th>覚え方</th><td>清掃業務の定義・要件・効果を条文・規約根拠と対応づける</td><td>関連ページで対比</td></tr></tbody></table>",清掃業務の定義・要件・効果を条文・規約根拠と対応づける;標準管理委託契約書の根拠を明示できる;関連語（マンション標準管理委託契約書、定額委託業務費、臨時委託業務）との違いを説明できる,清掃業務を類似語と同一視する;要件の一部だけ暗記して判断する;最新の改正・規約改定を見落とす。,清掃業務＝標準管理委託契約書。マンション標準管理委託契約書と表で対比。,清掃業務に関する記述として最も不適切なものを選べ。,標準管理委託契約書・指針の原則に照らし、主体・時期・要件のいずれかを欠く選択肢を誤りとして判定する。,清掃業務の定義を試験用に一言で言うと？,「清掃業務の定義を試験用に一言で言うと？」への答え：清掃業務は標準管理委託契約書・指針分野では標準管理委託契約書に関する重要概念です。根拠は標準管理委託契約書。条文番号と要件をメモに書き出して確認する。条文番号と要件をメモに書き出して確認する。公式テキスト該当章を開く。,清掃業務と混同しやすい論点は？,試験の出方：標準管理委託契約書の根拠を明示できる。四択では条件の主語と効果を分離して読む。過去問で出題形式と正答率を週1回チェックする。過去問で出題形式と正答率を週1回チェックする。過去問で出題形式と正答率を週1回チェックする。過去問で出題形式と正答率を週1回チェックする。過去問1問で正答率を記録する。,誤答の典型：清掃業務を類似語と同一視する;要件の一部だけ暗記して判断する;最新の改正・規約改定を見落とす。一語差の選択肢に注意。誤答肢のパターンを比較表に整理して復習する。誤答肢のパターンを比較表に整理して復習する。誤答肢のパターンを比較表に整理して復習する。誤答肢を比較表に書き出す。,清掃業務とは何ですか？,学習の次段：「マンション標準管理委託契約書」と比較表で整理し、numbers / compare から過去問へ。関連用語ハブと比較ページへ進んで定着を確認する。関連用語ハブと比較ページへ進んで定着を確認する。関連用語ハブと比較ページへ進んで定着を確認する。用語ハブ compare へ進む。,清掃業務とは何ですか？
減価償却,会計・税務,会計・税務;税務,減価償却は会計・税務分野では会計に関する重要概念です。,減価償却は、減価償却は会計・税務分野では会計に関する重要概念です。管理組合の会計処理・財務報告・税務上の取扱い。,管理費等;前受金;預り金,会計,B,過去問では減価償却の定義・要件・効果を条文・規約根拠と対応づけるが問われます。減価償却を類似語と同一視する選択肢に注意してください。減価償却は会計・税務分野では会計に関する重要概念です。管理業務主任者試験で。,減価償却とは？管理業務主任者で押さえる意味と試験ポイント,減価償却の意味と管理業務主任者試験での判定ポイントを、会計の文脈で整理します。減価償却は、減価償却は会計・税務分野では会計に関する重要概念です。管理組合の会計処理・財務報告・税務上の取扱い。,"減価償却は会計・税務分野では会計に関する重要概念です。管理業務主任者試験では、会計を根拠に定義・要件・効果を問う問題が出ます。

実務・試験ともに「減価償却の定義・要件・効果を条文・規約根拠と対応づける」が判断の軸になります。選択肢では減価償却を類似語と同一視する肢が多いため、要件の欠けた肢を消去する思考が有効です。

減価償却は管理費等、前受金、預り金とセットで整理すると理解が定着します。管業マスターの過去問・実践演習で会計・税務フィルタを使い、関連問題を解き直してください。","<table class=""seo-info-table""><thead><tr><th>比較</th><th>減価償却</th><th>管理費等</th></tr></thead><tbody><tr><th>覚え方</th><td>減価償却の定義・要件・効果を条文・規約根拠と対応づける</td><td>関連ページで対比</td></tr></tbody></table>",減価償却の定義・要件・効果を条文・規約根拠と対応づける;会計の根拠を明示できる;関連語（管理費等、前受金、預り金）との違いを説明できる,減価償却を類似語と同一視する;要件の一部だけ暗記して判断する;最新の改正・規約改定を見落とす。,減価償却＝会計。管理費等と表で対比。（関連用語とセットで暗記）。,減価償却に関する次の記述のうち、最も適切でないものはどれか。,減価償却の定義・要件と照らし、条件を満たさない選択肢を選ぶ。,減価償却の定義を試験用に一言で言うと？,「減価償却の定義を試験用に一言で言うと？」への答え：減価償却は会計・税務分野では会計に関する重要概念です。根拠は会計。条文番号と要件をメモに書き出して確認する。条文番号と要件をメモに書き出して確認する。条文番号と要件をメモに書き出して確認する。公式テキスト該当章を開く。,減価償却と混同しやすい論点は？,試験の出方：会計の根拠を明示できる。四択では条件の主語と効果を分離して読む。過去問で出題形式と正答率を週1回チェックする。過去問で出題形式と正答率を週1回チェックする。過去問で出題形式と正答率を週1回チェックする。過去問で出題形式と正答率を週1回チェックする。過去問1問で正答率を記録する。,誤答の典型：減価償却を類似語と同一視する;要件の一部だけ暗記して判断する;最新の改正・規約改定を見落とす。一語差の選択肢に注意。誤答肢のパターンを比較表に整理して復習する。誤答肢のパターンを比較表に整理して復習する。誤答肢のパターンを比較表に整理して復習する。誤答肢を比較表に書き出す。,減価償却とは何ですか？,学習の次段：「管理費等」と比較表で整理し、numbers / compare から過去問へ。関連用語ハブと比較ページへ進んで定着を確認する。関連用語ハブと比較ページへ進んで定着を確認する。関連用語ハブと比較ページへ進んで定着を確認する。関連用語ハブと比較ページへ進んで定着を確認する。用語ハブ compare へ進む。,減価償却とは何ですか？
源泉徴収,会計・税務,会計・税務;税務,源泉徴収は会計・税務分野では所得税法に関する重要概念です。,源泉徴収は、源泉徴収は会計・税務分野では所得税法に関する重要概念です。管理組合の会計処理・財務報告・税務上の取扱い。,管理費等;前受金;預り金,所得税法,B,過去問では源泉徴収の定義・要件・効果を条文・規約根拠と対応づけるが問われます。源泉徴収を類似語と同一視する選択肢に注意してください。源泉徴収は会計・税務分野では所得税法に関する重要概念です。管理業務主任者試。,源泉徴収とは？管理業務主任者で押さえる意味と試験ポイント,源泉徴収の意味と管理業務主任者試験での判定ポイントを、所得税法の文脈で整理します。源泉徴収は、源泉徴収は会計・税務分野では所得税法に関する重要概念です。管理組合の会計処理・財務報告・税務上の取扱い。,"源泉徴収は会計・税務分野では所得税法に関する重要概念です。管理業務主任者試験では、所得税法を根拠に定義・要件・効果を問う問題が出ます。

実務・試験ともに「源泉徴収の定義・要件・効果を条文・規約根拠と対応づける」が判断の軸になります。選択肢では源泉徴収を類似語と同一視する肢が多いため、要件の欠けた肢を消去する思考が有効です。

源泉徴収は管理費等、前受金、預り金とセットで整理すると理解が定着します。管業マスターの過去問・実践演習で会計・税務フィルタを使い、関連問題を解き直してください。","<table class=""seo-info-table""><thead><tr><th>比較</th><th>源泉徴収</th><th>管理費等</th></tr></thead><tbody><tr><th>覚え方</th><td>源泉徴収の定義・要件・効果を条文・規約根拠と対応づける</td><td>関連ページで対比</td></tr></tbody></table>",源泉徴収の定義・要件・効果を条文・規約根拠と対応づける;所得税法の根拠を明示できる;関連語（管理費等、前受金、預り金）との違いを説明できる,源泉徴収を類似語と同一視する;要件の一部だけ暗記して判断する;最新の改正・規約改定を見落とす。,源泉徴収＝所得税法。管理費等と表で対比。（関連用語とセットで暗記）。,源泉徴収に関する次の記述のうち、最も適切でないものはどれか。,源泉徴収の定義・要件と照らし、条件を満たさない選択肢を選ぶ。,源泉徴収の定義を試験用に一言で言うと？,「源泉徴収の定義を試験用に一言で言うと？」への答え：源泉徴収は会計・税務分野では所得税法に関する重要概念です。根拠は所得税法。条文番号と要件をメモに書き出して確認する。条文番号と要件をメモに書き出して確認する。条文番号と要件をメモに書き出して確認する。公式テキスト該当章を開く。,源泉徴収と混同しやすい論点は？,試験の出方：所得税法の根拠を明示できる。四択では条件の主語と効果を分離して読む。過去問で出題形式と正答率を週1回チェックする。過去問で出題形式と正答率を週1回チェックする。過去問で出題形式と正答率を週1回チェックする。過去問で出題形式と正答率を週1回チェックする。過去問1問で正答率を記録する。,誤答の典型：源泉徴収を類似語と同一視する;要件の一部だけ暗記して判断する;最新の改正・規約改定を見落とす。一語差の選択肢に注意。誤答肢のパターンを比較表に整理して復習する。誤答肢のパターンを比較表に整理して復習する。誤答肢のパターンを比較表に整理して復習する。誤答肢を比較表に書き出す。,源泉徴収とは何ですか？,学習の次段：「管理費等」と比較表で整理し、numbers / compare から過去問へ。関連用語ハブと比較ページへ進んで定着を確認する。関連用語ハブと比較ページへ進んで定着を確認する。関連用語ハブと比較ページへ進んで定着を確認する。関連用語ハブと比較ページへ進んで定着を確認する。用語ハブ compare へ進む。,源泉徴収とは何ですか？
滅失復旧と建替え,判例・横断総合,判例・横断総合;頻出;建替え,63条・62条の手続比較。,"滅失復旧と建替えは、63条・62条の手続比較。判例・複数分野を横断する論点。比較整理が得点の鍵。63条・62条の手続比較。管理業務主任者試験では、区分所有法を根拠に定義・要件・効果を問う問題が出ます。

実務・試験ともに「滅失復旧と建替えの定義・要件・効果を条文・規約根拠と対応づける」が判断の軸になります。選択肢では滅失復旧と建替え。",主徴費;管理不全;組合の法人格,区分所有法,A,過去問では滅失復旧と建替えの定義・要件・効果を条文・規約根拠と対応づけるが問われます。滅失復旧と建替えを類似語と同一視する選択肢に注意してください。63条・62条の手続比較。管理業務主任者試験では、区分所有法を根拠に定義・要件。,滅失復旧と建替えとは？管理業務主任者試験で押さえる意味と試験ポイント,"滅失復旧と建替えの意味と管理業務主任者試験での判定ポイントを、区分所有法の文脈で整理します。滅失復旧と建替えは、63条・62条の手続比較。判例・複数分野を横断する論点。比較整理が得点の鍵。63条・62条の手続比較。管理業務主任者試験では、区分所有法を根拠に定義・要件・効果を問う問題が出ます。

実務・試験ともに「滅失復旧と建替えの定義・要件・効果を条文・規約根拠と対応づける」が判断の軸になります。選択肢では滅失復旧と建替え。","63条・62条の手続比較。管理業務主任者試験では、区分所有法を根拠に定義・要件・効果を問う問題が出ます。

実務・試験ともに「滅失復旧と建替えの定義・要件・効果を条文・規約根拠と対応づける」が判断の軸になります。選択肢では滅失復旧と建替えを類似語と同一視する肢が多いため、要件の欠けた肢を消去する思考が有効です。

滅失復旧と建替えは主徴費、管理不全、組合の法人格とセットで整理すると理解が定着します。管業マスターの過去問・実践演習で判例・横断総合フィルタを使い、関連問題を解き直してください。","<table class=""seo-info-table""><thead><tr><th>比較</th><th>滅失復旧と建替え</th><th>主徴費</th></tr></thead><tbody><tr><th>覚え方</th><td>滅失復旧と建替えの定義・要件・効果を条文・規約根拠と対応づける</td><td>関連ページで対比</td></tr></tbody></table>",滅失復旧と建替えの定義・要件・効果を条文・規約根拠と対応づける;区分所有法の根拠を明示できる;関連語（主徴費、管理不全、組合の法人格）との違いを説明できる,滅失復旧と建替えを類似語と同一視する;要件の一部だけ暗記して判断する;最新の改正・規約改定を見落とす。,滅失復旧と建替え＝区分所有法。主徴費と表で対比。（関連用語とセットで暗記）。,滅失復旧と建替えに関する次の記述のうち、最も適切でないものはどれか。,滅失復旧と建替えの定義・要件・効果を条文・規約根拠と対応づける。滅失復旧と建替えを類似語と同一視するとする記述が誤りになりやすい。,滅失復旧と建替えの定義を試験用に一言で言うと？,「滅失復旧と建替えの定義を試験用に一言で言うと？」への答え：63条・62条の手続比較。根拠は区分所有法。条文番号と要件をメモに書き出して確認する。条文番号と要件をメモに書き出して確認する。条文番号と要件をメモに書き出して確認する。条文番号と要件をメモに書き出して確認する。公式テキスト該当章を開く。,滅失復旧と建替えと混同しやすい論点は？,試験の出方：区分所有法の根拠を明示できる。四択では条件の主語と効果を分離して読む。過去問で出題形式と正答率を週1回チェックする。過去問で出題形式と正答率を週1回チェックする。過去問で出題形式と正答率を週1回チェックする。過去問で出題形式と正答率を週1回チェックする。過去問1問で正答率を記録する。,誤答の典型：滅失復旧と建替えを類似語と同一視する;要件の一部だけ暗記して判断する;最新の改正・規約改定を見落とす。一語差の選択肢に注意。誤答肢のパターンを比較表に整理して復習する。誤答肢のパターンを比較表に整理して復習する。誤答肢のパターンを比較表に整理して復習する。誤答肢を比較表に書き出す。,滅失復旧と建替えとは何ですか？,学習の次段：「主徴費」と比較表で整理し、numbers / compare から過去問へ。関連用語ハブと比較ページへ進んで定着を確認する。関連用語ハブと比較ページへ進んで定着を確認する。関連用語ハブと比較ページへ進んで定着を確認する。関連用語ハブと比較ページへ進んで定着を確認する。用語ハブ compare へ進む。,滅失復旧と建替えとは何ですか？
滞納管理費,会計・税務,会計・税務;頻出;回収,管理費等の未納。催告・競売・主徴費が関連論点。,滞納管理費は、管理費等の未納。催告・競売・主徴費が関連論点。管理組合の会計処理・財務報告・税務上の取扱い。,管理費等;前受金;預り金,区分所有法,A,過去問では滞納管理費の定義・要件・効果を条文・規約根拠と対応づけるが問われます。滞納管理費を類似語と同一視する選択肢に注意してください。管理費等の未納。催告・競売・主徴費が関連論点。管理業務主任者試験では、区分所有。,滞納管理費とは？管理業務主任者で押さえる意味と試験ポイント,滞納管理費の意味と管理業務主任者試験での判定ポイントを、区分所有法の文脈で整理します。滞納管理費は、管理費等の未納。催告・競売・主徴費が関連論点。管理組合の会計処理・財務報告・税務上の取扱い。,"管理費等の未納。催告・競売・主徴費が関連論点。管理業務主任者試験では、区分所有法を根拠に定義・要件・効果を問う問題が出ます。

実務・試験ともに「滞納管理費の定義・要件・効果を条文・規約根拠と対応づける」が判断の軸になります。選択肢では滞納管理費を類似語と同一視する肢が多いため、要件の欠けた肢を消去する思考が有効です。

滞納管理費は管理費等、前受金、預り金とセットで整理すると理解が定着します。管業マスターの過去問・実践演習で会計・税務フィルタを使い、関連問題を解き直してください。","<table class=""seo-info-table""><thead><tr><th>比較</th><th>滞納管理費</th><th>管理費等</th></tr></thead><tbody><tr><th>覚え方</th><td>滞納管理費の定義・要件・効果を条文・規約根拠と対応づける</td><td>関連ページで対比</td></tr></tbody></table>",滞納管理費の定義・要件・効果を条文・規約根拠と対応づける;区分所有法の根拠を明示できる;関連語（管理費等、前受金、預り金）との違いを説明できる,滞納管理費を類似語と同一視する;要件の一部だけ暗記して判断する;最新の改正・規約改定を見落とす。,滞納管理費＝区分所有法。管理費等と表で対比。（関連用語とセットで暗記）。,滞納管理費に関する次の記述のうち、最も適切でないものはどれか。,滞納管理費の定義・要件・効果を条文・規約根拠と対応づける。滞納管理費を類似語と同一視するとする記述が誤りになりやすい。,滞納管理費の定義を試験用に一言で言うと？,「滞納管理費の定義を試験用に一言で言うと？」への答え：管理費等の未納。催告・競売・主徴費が関連論点。根拠は区分所有法。条文番号と要件をメモに書き出して確認する。条文番号と要件をメモに書き出して確認する。条文番号と要件をメモに書き出して確認する。公式テキスト該当章を開く。,滞納管理費と混同しやすい論点は？,試験の出方：区分所有法の根拠を明示できる。四択では条件の主語と効果を分離して読む。過去問で出題形式と正答率を週1回チェックする。過去問で出題形式と正答率を週1回チェックする。過去問で出題形式と正答率を週1回チェックする。過去問で出題形式と正答率を週1回チェックする。過去問1問で正答率を記録する。,誤答の典型：滞納管理費を類似語と同一視する;要件の一部だけ暗記して判断する;最新の改正・規約改定を見落とす。一語差の選択肢に注意。誤答肢のパターンを比較表に整理して復習する。誤答肢のパターンを比較表に整理して復習する。誤答肢のパターンを比較表に整理して復習する。誤答肢を比較表に書き出す。,滞納管理費とは何ですか？,学習の次段：「管理費等」と比較表で整理し、numbers / compare から過去問へ。関連用語ハブと比較ページへ進んで定着を確認する。関連用語ハブと比較ページへ進んで定着を確認する。関連用語ハブと比較ページへ進んで定着を確認する。関連用語ハブと比較ページへ進んで定着を確認する。用語ハブ compare へ進む。,滞納管理費とは何ですか？
滞納管理費の回収,判例・横断総合,判例・横断総合;頻出;滞納,催告・訴え・競売による回収（判例・規約）。,滞納管理費の回収は、催告・訴え・競売による回収（判例・規約）。判例・複数分野を横断する論点。比較整理が得点の鍵。,主徴費;管理不全;組合の法人格,判例,A,過去問では滞納管理費の回収の定義・要件・効果を条文・規約根拠と対応づけるが問われます。滞納管理費の回収を類似語と同一視する選択肢に注意してください。催告・訴え・競売による回収（判例・規約）。管理業務主任者試験では、判例を根拠に。,滞納管理費の回収とは？管理業務主任者試験で押さえる意味と試験ポイント,滞納管理費の回収の意味と管理業務主任者試験での判定ポイントを、判例の文脈で整理します。滞納管理費の回収は、催告・訴え・競売による回収（判例・規約）。判例・複数分野を横断する論点。比較整理が得点の鍵。,"催告・訴え・競売による回収（判例・規約）。管理業務主任者試験では、判例を根拠に定義・要件・効果を問う問題が出ます。

実務・試験ともに「滞納管理費の回収の定義・要件・効果を条文・規約根拠と対応づける」が判断の軸になります。選択肢では滞納管理費の回収を類似語と同一視する肢が多いため、要件の欠けた肢を消去する思考が有効です。

滞納管理費の回収は主徴費、管理不全、組合の法人格とセットで整理すると理解が定着します。管業マスターの過去問・実践演習で判例・横断総合フィルタを使い、関連問題を解き直してください。","<table class=""seo-info-table""><thead><tr><th>比較</th><th>滞納管理費の回収</th><th>主徴費</th></tr></thead><tbody><tr><th>覚え方</th><td>滞納管理費の回収の定義・要件・効果を条文・規約根拠と対応づける</td><td>関連ページで対比</td></tr></tbody></table>",滞納管理費の回収の定義・要件・効果を条文・規約根拠と対応づける;判例の根拠を明示できる;関連語（主徴費、管理不全、組合の法人格）との違いを説明できる,滞納管理費の回収を類似語と同一視する;要件の一部だけ暗記して判断する;最新の改正・規約改定を見落とす。,滞納管理費の回収＝判例。主徴費と表で対比。（関連用語とセットで暗記）。,滞納管理費の回収に関する次の記述のうち、最も適切でないものはどれか。,滞納管理費の回収の定義・要件・効果を条文・規約根拠と対応づける。滞納管理費の回収を類似語と同一視するとする記述が誤りになりやすい。,滞納管理費の回収の定義を試験用に一言で言うと？,「滞納管理費の回収の定義を試験用に一言で言うと？」への答え：催告・訴え・競売による回収（判例・規約）。根拠は判例。条文番号と要件をメモに書き出して確認する。条文番号と要件をメモに書き出して確認する。条文番号と要件をメモに書き出して確認する。公式テキスト該当章を開く。,滞納管理費の回収と混同しやすい論点は？,試験の出方：判例の根拠を明示できる。四択では条件の主語と効果を分離して読む。過去問で出題形式と正答率を週1回チェックする。過去問で出題形式と正答率を週1回チェックする。過去問で出題形式と正答率を週1回チェックする。過去問で出題形式と正答率を週1回チェックする。過去問1問で正答率を記録する。,誤答の典型：滞納管理費の回収を類似語と同一視する;要件の一部だけ暗記して判断する;最新の改正・規約改定を見落とす。一語差の選択肢に注意。誤答肢のパターンを比較表に整理して復習する。誤答肢のパターンを比較表に整理して復習する。誤答肢のパターンを比較表に整理して復習する。誤答肢を比較表に書き出す。,滞納管理費の回収とは何ですか？,学習の次段：「主徴費」と比較表で整理し、numbers / compare から過去問へ。関連用語ハブと比較ページへ進んで定着を確認する。関連用語ハブと比較ページへ進んで定着を確認する。関連用語ハブと比較ページへ進んで定着を確認する。関連用語ハブと比較ページへ進んで定着を確認する。用語ハブ compare へ進む。,滞納管理費の回収とは何ですか？
滞納管理費の回収手続,会計・税務,会計・税務;頻出;回収,催告・訴え・競売等の手続（標準管理規約・判例）。,滞納管理費の回収手続は、催告・訴え・競売等の手続（標準管理規約・判例）。管理組合の会計処理・財務報告・税務上の取扱い。,管理費等;前受金;預り金,標準管理規約,A,過去問では滞納管理費の回収手続の定義・要件・効果を条文・規約根拠と対応づけるが問われます。滞納管理費の回収手続を類似語と同一視する選択肢に注意してください。催告・訴え・競売等の手続（標準管理規約・判例）。管理業務主任者試験では、標準管。,滞納管理費の回収手続とは？管理業務主任者で押さえる意味と試験ポイント,滞納管理費の回収手続の意味と管理業務主任者試験での判定ポイントを、標準管理規約の文脈で整理します。滞納管理費の回収手続は、催告・訴え・競売等の手続（標準管理規約・判例）。管理組合の会計処理・財務報告・税務上の取扱い。,"催告・訴え・競売等の手続（標準管理規約・判例）。管理業務主任者試験では、標準管理規約を根拠に定義・要件・効果を問う問題が出ます。

実務・試験ともに「滞納管理費の回収手続の定義・要件・効果を条文・規約根拠と対応づける」が判断の軸になります。選択肢では滞納管理費の回収手続を類似語と同一視する肢が多いため、要件の欠けた肢を消去する思考が有効です。

滞納管理費の回収手続は管理費等、前受金、預り金とセットで整理すると理解が定着します。管業マスターの過去問・実践演習で会計・税務フィルタを使い、関連問題を解き直してください。","<table class=""seo-info-table""><thead><tr><th>比較</th><th>滞納管理費の回収手続</th><th>管理費等</th></tr></thead><tbody><tr><th>覚え方</th><td>滞納管理費の回収手続の定義・要件・効果を条文・規約根拠と対応づける</td><td>関連ページで対比</td></tr></tbody></table>",滞納管理費の回収手続の定義・要件・効果を条文・規約根拠と対応づける;標準管理規約の根拠を明示できる;関連語（管理費等、前受金、預り金）との違いを説明できる,滞納管理費の回収手続を類似語と同一視する;要件の一部だけ暗記して判断する;最新の改正・規約改定を見落とす。,滞納管理費の回収手続＝標準管理規約。管理費等と表で対比。,滞納管理費の回収手続に関する次の記述のうち、最も適切でないものはどれか。,滞納管理費の回収手続の定義・要件・効果を条文・規約根拠と対応づける。滞納管理費の回収手続を類似語と同一視するとする記述が誤りになりやすい。,滞納管理費の回収手続の定義を試験用に一言で言うと？,「滞納管理費の回収手続の定義を試験用に一言で言うと？」への答え：催告・訴え・競売等の手続（標準管理規約・判例）。根拠は標準管理規約。条文番号と要件をメモに書き出して確認する。条文番号と要件をメモに書き出して確認する。条文番号と要件をメモに書き出して確認する。公式テキスト該当章を開く。,滞納管理費の回収手続と混同しやすい論点は？,試験の出方：標準管理規約の根拠を明示できる。四択では条件の主語と効果を分離して読む。過去問で出題形式と正答率を週1回チェックする。過去問で出題形式と正答率を週1回チェックする。過去問で出題形式と正答率を週1回チェックする。過去問で出題形式と正答率を週1回チェックする。過去問1問で正答率を記録する。,誤答の典型：滞納管理費の回収手続を類似語と同一視する;要件の一部だけ暗記して判断する;最新の改正・規約改定を見落とす。一語差の選択肢に注意。誤答肢のパターンを比較表に整理して復習する。誤答肢のパターンを比較表に整理して復習する。誤答肢のパターンを比較表に整理して復習する。誤答肢を比較表に書き出す。,滞納管理費の回収手続とは何ですか？,学習の次段：「管理費等」と比較表で整理し、numbers / compare から過去問へ。関連用語ハブと比較ページへ進んで定着を確認する。関連用語ハブと比較ページへ進んで定着を確認する。関連用語ハブと比較ページへ進んで定着を確認する。関連用語ハブと比較ページへ進んで定着を確認する。用語ハブ compare へ進む。,滞納管理費の回収手続とは何ですか？
滞納管理費対応,会計・税務,会計・税務;頻出;滞納,催告・訴訟・競売等の実務対応。,"滞納管理費対応は、催告・訴訟・競売等の実務対応。管理組合の会計処理・財務報告・税務上の取扱い。催告・訴訟・競売等の実務対応。管理業務主任者試験では、標準管理規約を根拠に定義・要件・効果を問う問題が出ます。

実務・試験ともに「滞納管理費対応の定義・要件・効果を条文・規約根拠と対応づける」が判断の軸になります。選択肢では滞納管理費対。",管理費等;前受金;預り金,標準管理規約,A,過去問では滞納管理費対応の定義・要件・効果を条文・規約根拠と対応づけるが問われます。滞納管理費対応を類似語と同一視する選択肢に注意してください。催告・訴訟・競売等の実務対応。管理業務主任者試験では、標準管理規約を根拠に定義。,滞納管理費対応とは？管理業務主任者で押さえる意味と試験ポイント,"滞納管理費対応の意味と管理業務主任者試験での判定ポイントを、標準管理規約の文脈で整理します。滞納管理費対応は、催告・訴訟・競売等の実務対応。管理組合の会計処理・財務報告・税務上の取扱い。催告・訴訟・競売等の実務対応。管理業務主任者試験では、標準管理規約を根拠に定義・要件・効果を問う問題が出ます。

実務・試験ともに「滞納管理費対応の定義・要件・効果を条文・規約根拠と対応づける」が判断の軸になります。選択肢では滞納管理費対。","催告・訴訟・競売等の実務対応。管理業務主任者試験では、標準管理規約を根拠に定義・要件・効果を問う問題が出ます。

実務・試験ともに「滞納管理費対応の定義・要件・効果を条文・規約根拠と対応づける」が判断の軸になります。選択肢では滞納管理費対応を類似語と同一視する肢が多いため、要件の欠けた肢を消去する思考が有効です。

滞納管理費対応は管理費等、前受金、預り金とセットで整理すると理解が定着します。管業マスターの過去問・実践演習で会計・税務フィルタを使い、関連問題を解き直してください。","<table class=""seo-info-table""><thead><tr><th>比較</th><th>滞納管理費対応</th><th>管理費等</th></tr></thead><tbody><tr><th>覚え方</th><td>滞納管理費対応の定義・要件・効果を条文・規約根拠と対応づける</td><td>関連ページで対比</td></tr></tbody></table>",滞納管理費対応の定義・要件・効果を条文・規約根拠と対応づける;標準管理規約の根拠を明示できる;関連語（管理費等、前受金、預り金）との違いを説明できる,滞納管理費対応を類似語と同一視する;要件の一部だけ暗記して判断する;最新の改正・規約改定を見落とす。,滞納管理費対応＝標準管理規約。管理費等と表で対比。,滞納管理費対応に関する次の記述のうち、最も適切でないものはどれか。,滞納管理費対応の定義・要件・効果を条文・規約根拠と対応づける。滞納管理費対応を類似語と同一視するとする記述が誤りになりやすい。,滞納管理費対応の定義を試験用に一言で言うと？,「滞納管理費対応の定義を試験用に一言で言うと？」への答え：催告・訴訟・競売等の実務対応。根拠は標準管理規約。条文番号と要件をメモに書き出して確認する。条文番号と要件をメモに書き出して確認する。条文番号と要件をメモに書き出して確認する。条文番号と要件をメモに書き出して確認する。公式テキスト該当章を開く。,滞納管理費対応と混同しやすい論点は？,試験の出方：標準管理規約の根拠を明示できる。四択では条件の主語と効果を分離して読む。過去問で出題形式と正答率を週1回チェックする。過去問で出題形式と正答率を週1回チェックする。過去問で出題形式と正答率を週1回チェックする。過去問で出題形式と正答率を週1回チェックする。過去問1問で正答率を記録する。,誤答の典型：滞納管理費対応を類似語と同一視する;要件の一部だけ暗記して判断する;最新の改正・規約改定を見落とす。一語差の選択肢に注意。誤答肢のパターンを比較表に整理して復習する。誤答肢のパターンを比較表に整理して復習する。誤答肢のパターンを比較表に整理して復習する。誤答肢を比較表に書き出す。,滞納管理費対応とは何ですか？,学習の次段：「管理費等」と比較表で整理し、numbers / compare から過去問へ。関連用語ハブと比較ページへ進んで定着を確認する。関連用語ハブと比較ページへ進んで定着を確認する。関連用語ハブと比較ページへ進んで定着を確認する。関連用語ハブと比較ページへ進んで定着を確認する。用語ハブ compare へ進む。,滞納管理費対応とは何ですか？
滞納者への通知,標準管理規約,標準管理規約;頻出;滞納,管理費滞納時の催告・内容証明等。,滞納者への通知は、管理費滞納時の催告・内容証明等。管理組合の運営ルールのモデル。総会・理事会・決議要件が頻出。,マンション標準管理規約;理事長;総会決議,標準管理規約,A,過去問では滞納者への通知の定義・要件・効果を条文・規約根拠と対応づけるが問われます。滞納者への通知を類似語と同一視する選択肢に注意してください。管理費滞納時の催告・内容証明等。管理業務主任者試験では、標準管理規約を根拠に定。,滞納者への通知とは？管理業務主任者試験で押さえる意味と試験ポイント,滞納者への通知の意味と管理業務主任者試験での判定ポイントを、標準管理規約の文脈で整理します。滞納者への通知は、管理費滞納時の催告・内容証明等。管理組合の運営ルールのモデル。総会・理事会・決議要件が頻出。,"管理費滞納時の催告・内容証明等。管理業務主任者試験では、標準管理規約を根拠に定義・要件・効果を問う問題が出ます。

実務・試験ともに「滞納者への通知の定義・要件・効果を条文・規約根拠と対応づける」が判断の軸になります。選択肢では滞納者への通知を類似語と同一視する肢が多いため、要件の欠けた肢を消去する思考が有効です。

滞納者への通知はマンション標準管理規約、理事長、総会決議とセットで整理すると理解が定着します。管業マスターの過去問・実践演習で標準管理規約フィルタを使い、関連問題を解き直してください。","<table class=""seo-info-table""><thead><tr><th>比較</th><th>滞納者への通知</th><th>マンション標準管理規約</th></tr></thead><tbody><tr><th>覚え方</th><td>滞納者への通知の定義・要件・効果を条文・規約根拠と対応づける</td><td>関連ページで対比</td></tr></tbody></table>",滞納者への通知の定義・要件・効果を条文・規約根拠と対応づける;標準管理規約の根拠を明示できる;関連語（マンション標準管理規約、理事長、総会決議）との違いを説明できる,滞納者への通知を類似語と同一視する;要件の一部だけ暗記して判断する;最新の改正・規約改定を見落とす。,滞納者への通知＝標準管理規約。マンション標準管理規約と表で対比。,滞納者への通知に関する次の記述のうち、最も適切でないものはどれか。,滞納者への通知の定義・要件・効果を条文・規約根拠と対応づける。滞納者への通知を類似語と同一視するとする記述が誤りになりやすい。,滞納者への通知の定義を試験用に一言で言うと？,「滞納者への通知の定義を試験用に一言で言うと？」への答え：管理費滞納時の催告・内容証明等。根拠は標準管理規約。条文番号と要件をメモに書き出して確認する。条文番号と要件をメモに書き出して確認する。条文番号と要件をメモに書き出して確認する。条文番号と要件をメモに書き出して確認する。公式テキスト該当章を開く。,滞納者への通知と混同しやすい論点は？,試験の出方：標準管理規約の根拠を明示できる。四択では条件の主語と効果を分離して読む。過去問で出題形式と正答率を週1回チェックする。過去問で出題形式と正答率を週1回チェックする。過去問で出題形式と正答率を週1回チェックする。過去問で出題形式と正答率を週1回チェックする。過去問1問で正答率を記録する。,誤答の典型：滞納者への通知を類似語と同一視する;要件の一部だけ暗記して判断する;最新の改正・規約改定を見落とす。一語差の選択肢に注意。誤答肢のパターンを比較表に整理して復習する。誤答肢のパターンを比較表に整理して復習する。誤答肢のパターンを比較表に整理して復習する。誤答肢を比較表に書き出す。,滞納者への通知とは何ですか？,学習の次段：「マンション標準管理規約」と比較表で整理し、numbers / compare から過去問へ。関連用語ハブと比較ページへ進んで定着を確認する。関連用語ハブと比較ページへ進んで定着を確認する。関連用語ハブと比較ページへ進んで定着を確認する。用語ハブ compare へ進む。,滞納者への通知とは何ですか？
無催告解除,民法・借地借家法,民法・借地借家法;頻出;解除,催告を要せず直ちに解除できる法定事由がある場合の解除（民法542条各号）。,無催告解除は、催告を要せず直ちに解除できる法定事由がある場合の解除（民法542条各号）。民法・借地借家法の重要論点。,同時履行の抗弁;催告解除;双務契約,民法第542条,A,過去問では各号の法定事由に厳密に当てはめるが問われます。すべての不履行で無催告解除できるとする肢選択肢に注意してください。催告を要せず直ちに解除できる法定事由がある場合の解除（民法542条各号）。管理。,無催告解除とは？管理業務主任者試験で押さえる意味と試験ポイント,無催告解除の意味と管理業務主任者試験での判定ポイントを、民法第542条の文脈で整理します。無催告解除は、催告を要せず直ちに解除できる法定事由がある場合の解除（民法542条各号）。民法・借地借家法の重要論点。,"催告を要せず直ちに解除できる法定事由がある場合の解除（民法542条各号）。管理業務主任者試験では、民法第542条を根拠に定義・要件・効果を問う問題が出ます。

実務・試験ともに「各号の法定事由に厳密に当てはめる」が判断の軸になります。選択肢ではすべての不履行で無催告解除できるとする肢肢が多いため、要件の欠けた肢を消去する思考が有効です。

無催告解除は同時履行の抗弁、催告解除、双務契約とセットで整理すると理解が定着します。管業マスターの過去問・実践演習で民法・借地借家法フィルタを使い、関連問題を解き直してください。","<table class=""seo-info-table""><thead><tr><th>比較</th><th>無催告解除</th><th>催告解除</th></tr></thead><tbody><tr><th>覚え方</th><td>各号の法定事由に厳密に当てはめる</td><td>関連ページで対比</td></tr></tbody></table>",各号の法定事由に厳密に当てはめる;民法第542条の根拠を明示できる;関連語（同時履行の抗弁、催告解除、双務契約）との違いを説明できる,すべての不履行で無催告解除できるとする肢;要件の一部だけ暗記して判断する;最新の改正・規約改定を見落とす。,無催告解除＝民法第542条。催告解除と表で対比。（関連用語とセットで暗記）。,無催告解除に関する次の記述のうち、最も適切でないものはどれか。,各号の法定事由に厳密に当てはめる。すべての不履行で無催告解除できるとする肢とする記述が誤りになりやすい。,無催告解除の定義を試験用に一言で言うと？,「無催告解除の定義を試験用に一言で言うと？」への答え：催告を要せず直ちに解除できる法定事由がある場合の解除（民法542条各号）。根拠は民法第542条。条文番号と要件をメモに書き出して確認する。条文番号と要件をメモに書き出して確認する。条文番号と要件をメモに書き出して確認する。公式テキスト該当章を開く。,無催告解除と混同しやすい論点は？,試験の出方：民法第542条の根拠を明示できる。四択では条件の主語と効果を分離して読む。過去問で出題形式と正答率を週1回チェックする。過去問で出題形式と正答率を週1回チェックする。過去問で出題形式と正答率を週1回チェックする。過去問で出題形式と正答率を週1回チェックする。過去問1問で正答率を記録する。,誤答の典型：すべての不履行で無催告解除できるとする肢;要件の一部だけ暗記して判断する;最新の改正・規約改定を見落とす。一語差の選択肢に注意。誤答肢のパターンを比較表に整理して復習する。誤答肢のパターンを比較表に整理して復習する。誤答肢のパターンを比較表に整理して復習する。誤答肢を比較表に書き出す。,無催告解除とは何ですか？,学習の次段：「同時履行の抗弁」と比較表で整理し、numbers / compare から過去問へ。関連用語ハブと比較ページへ進んで定着を確認する。関連用語ハブと比較ページへ進んで定着を確認する。関連用語ハブと比較ページへ進んで定着を確認する。用語ハブ compare へ進む。,無催告解除とは何ですか？
無断転貸,民法・借地借家法,民法・借地借家法;賃貸借;頻出,賃借人が貸主の承諾なく第三者に転貸すること（民法612条）。,無断転貸は、賃借人が貸主の承諾なく第三者に転貸すること（民法612条）。民法・借地借家法の重要論点。,同時履行の抗弁;催告解除;無催告解除,民法第612条,A,過去問では承諾の有無・解除原因が問われます。転借人がいれば当然解除と誤解選択肢に注意してください。賃借人が貸主の承諾なく第三者に転貸すること（民法612条）。管理業務主任者試験。,無断転貸とは？管理業務主任者試験で押さえる意味と試験ポイント,無断転貸の意味と管理業務主任者試験での判定ポイントを、民法第612条の文脈で整理します。無断転貸は、賃借人が貸主の承諾なく第三者に転貸すること（民法612条）。民法・借地借家法の重要論点。,"賃借人が貸主の承諾なく第三者に転貸すること（民法612条）。管理業務主任者試験では、民法第612条を根拠に定義・要件・効果を問う問題が出ます。

実務・試験ともに「承諾の有無・解除原因」が判断の軸になります。選択肢では転借人がいれば当然解除と誤解肢が多いため、要件の欠けた肢を消去する思考が有効です。

無断転貸は同時履行の抗弁、催告解除、無催告解除とセットで整理すると理解が定着します。管業マスターの過去問・実践演習で民法・借地借家法フィルタを使い、関連問題を解き直してください。",,承諾の有無・解除原因;民法第612条の根拠を明示できる;関連語（同時履行の抗弁、催告解除、無催告解除）との違いを説明できる,転借人がいれば当然解除と誤解;要件の一部だけ暗記して判断する;最新の改正・規約改定を見落とす。,無断転貸＝民法第612条。賃貸借契約と表で対比。（関連用語とセットで暗記）。,無断転貸に関する次の記述のうち、最も適切でないものはどれか。,承諾の有無・解除原因。転借人がいれば当然解除と誤解とする記述が誤りになりやすい。,無断転貸の定義を試験用に一言で言うと？,「無断転貸の定義を試験用に一言で言うと？」への答え：賃借人が貸主の承諾なく第三者に転貸すること（民法612条）。根拠は民法第612条。条文番号と要件をメモに書き出して確認する。条文番号と要件をメモに書き出して確認する。条文番号と要件をメモに書き出して確認する。公式テキスト該当章を開く。,無断転貸と混同しやすい論点は？,試験の出方：民法第612条の根拠を明示できる。四択では条件の主語と効果を分離して読む。過去問で出題形式と正答率を週1回チェックする。過去問で出題形式と正答率を週1回チェックする。過去問で出題形式と正答率を週1回チェックする。過去問で出題形式と正答率を週1回チェックする。過去問1問で正答率を記録する。,誤答の典型：転借人がいれば当然解除と誤解;要件の一部だけ暗記して判断する;最新の改正・規約改定を見落とす。一語差の選択肢に注意。誤答肢のパターンを比較表に整理して復習する。誤答肢のパターンを比較表に整理して復習する。誤答肢のパターンを比較表に整理して復習する。誤答肢を比較表に書き出す。,無断転貸とは何ですか？,学習の次段：「同時履行の抗弁」と比較表で整理し、numbers / compare から過去問へ。関連用語ハブと比較ページへ進んで定着を確認する。関連用語ハブと比較ページへ進んで定着を確認する。関連用語ハブと比較ページへ進んで定着を確認する。用語ハブ compare へ進む。,無断転貸とは何ですか？
無断転貸と解除,判例・横断総合,判例・横断総合;頻出;賃貸借,無断転貸を原因とする賃貸借解除。,無断転貸と解除は、無断転貸を原因とする賃貸借解除。判例・複数分野を横断する論点。比較整理が得点の鍵。,主徴費;管理不全;組合の法人格,民法,A,過去問では無断転貸と解除の定義・要件・効果を条文・規約根拠と対応づけるが問われます。無断転貸と解除を類似語と同一視する選択肢に注意してください。無断転貸を原因とする賃貸借解除。管理業務主任者試験では、民法を根拠に定義・要件。,無断転貸と解除とは？管理業務主任者試験で押さえる意味と試験ポイント,無断転貸と解除の意味と管理業務主任者試験での判定ポイントを、民法の文脈で整理します。無断転貸と解除は、無断転貸を原因とする賃貸借解除。判例・複数分野を横断する論点。比較整理が得点の鍵。,"無断転貸を原因とする賃貸借解除。管理業務主任者試験では、民法を根拠に定義・要件・効果を問う問題が出ます。

実務・試験ともに「無断転貸と解除の定義・要件・効果を条文・規約根拠と対応づける」が判断の軸になります。選択肢では無断転貸と解除を類似語と同一視する肢が多いため、要件の欠けた肢を消去する思考が有効です。

無断転貸と解除は主徴費、管理不全、組合の法人格とセットで整理すると理解が定着します。管業マスターの過去問・実践演習で判例・横断総合フィルタを使い、関連問題を解き直してください。","<table class=""seo-info-table""><thead><tr><th>比較</th><th>無断転貸と解除</th><th>主徴費</th></tr></thead><tbody><tr><th>覚え方</th><td>無断転貸と解除の定義・要件・効果を条文・規約根拠と対応づける</td><td>関連ページで対比</td></tr></tbody></table>",無断転貸と解除の定義・要件・効果を条文・規約根拠と対応づける;民法の根拠を明示できる;関連語（主徴費、管理不全、組合の法人格）との違いを説明できる,無断転貸と解除を類似語と同一視する;要件の一部だけ暗記して判断する;最新の改正・規約改定を見落とす。,無断転貸と解除＝民法。主徴費と表で対比。（関連用語とセットで暗記）。,無断転貸と解除に関する次の記述のうち、最も適切でないものはどれか。,無断転貸と解除の定義・要件・効果を条文・規約根拠と対応づける。無断転貸と解除を類似語と同一視するとする記述が誤りになりやすい。,無断転貸と解除の定義を試験用に一言で言うと？,「無断転貸と解除の定義を試験用に一言で言うと？」への答え：無断転貸を原因とする賃貸借解除。根拠は民法。条文番号と要件をメモに書き出して確認する。条文番号と要件をメモに書き出して確認する。条文番号と要件をメモに書き出して確認する。条文番号と要件をメモに書き出して確認する。公式テキスト該当章を開く。,無断転貸と解除と混同しやすい論点は？,試験の出方：民法の根拠を明示できる。四択では条件の主語と効果を分離して読む。過去問で出題形式と正答率を週1回チェックする。過去問で出題形式と正答率を週1回チェックする。過去問で出題形式と正答率を週1回チェックする。過去問で出題形式と正答率を週1回チェックする。過去問1問で正答率を記録する。,誤答の典型：無断転貸と解除を類似語と同一視する;要件の一部だけ暗記して判断する;最新の改正・規約改定を見落とす。一語差の選択肢に注意。誤答肢のパターンを比較表に整理して復習する。誤答肢のパターンを比較表に整理して復習する。誤答肢のパターンを比較表に整理して復習する。誤答肢を比較表に書き出す。,無断転貸と解除とは何ですか？,学習の次段：「主徴費」と比較表で整理し、numbers / compare から過去問へ。関連用語ハブと比較ページへ進んで定着を確認する。関連用語ハブと比較ページへ進んで定着を確認する。関連用語ハブと比較ページへ進んで定着を確認する。関連用語ハブと比較ページへ進んで定着を確認する。用語ハブ compare へ進む。,無断転貸と解除とは何ですか？
無権代理,民法・借地借家法,民法・借地借家法;代理,代理権なしでなした代理（民法113条）。,"無権代理は、代理権なしでなした代理（民法113条）。民法・借地借家法の重要論点。代理権なしでなした代理（民法113条）。管理業務主任者試験では、民法第113条を根拠に定義・要件・効果を問う問題が出ます。

実務・試験ともに「追認・催告」が判断の軸になります。選択肢では表見代理と混同肢が多いため、要件の欠けた肢を消去す。",同時履行の抗弁;催告解除;無催告解除,民法第113条,B,過去問では追認・催告が問われます。表見代理と混同選択肢に注意してください。代理権なしでなした代理（民法113条）。管理業務主任者試験では、民法第113条 学習時は一次情報と照合してください。,無権代理とは？管理業務主任者試験で押さえる意味と試験ポイント,"無権代理の意味と管理業務主任者試験での判定ポイントを、民法第113条の文脈で整理します。無権代理は、代理権なしでなした代理（民法113条）。民法・借地借家法の重要論点。代理権なしでなした代理（民法113条）。管理業務主任者試験では、民法第113条を根拠に定義・要件・効果を問う問題が出ます。

実務・試験ともに「追認・催告」が判断の軸になります。選択肢では表見代理と混同肢が多いため、要件の欠けた肢を消去す。","代理権なしでなした代理（民法113条）。管理業務主任者試験では、民法第113条を根拠に定義・要件・効果を問う問題が出ます。

実務・試験ともに「追認・催告」が判断の軸になります。選択肢では表見代理と混同肢が多いため、要件の欠けた肢を消去する思考が有効です。

無権代理は同時履行の抗弁、催告解除、無催告解除とセットで整理すると理解が定着します。管業マスターの過去問・実践演習で民法・借地借家法フィルタを使い、関連問題を解き直してください。","<table class=""seo-info-table""><thead><tr><th>比較項目</th><th>無権代理</th><th>表見代理</th></tr></thead><tbody><tr><th>第三者保護</th><td>追認拒絶なら原則不保護</td><td>善意無過失なら保護され得る</td></tr><tr><th>本人の効果帰属</th><td>追認がない限り帰属しない</td><td>外観法理により帰属し得る</td></tr></tbody></table>",追認・催告 （試験要点）;民法第113条の根拠を明示できる;関連語（同時履行の抗弁、催告解除、無催告解除）との違いを説明できる,表見代理と混同;要件の一部だけ暗記して判断する;最新の改正・規約改定を見落とす （過去問で要注意）。,無権代理＝民法第113条。表見代理と表で対比。（関連用語とセットで暗記）。,無権代理に関する次の記述のうち、最も適切でないものはどれか。,無権代理の定義・要件と照らし、条件を満たさない選択肢を選ぶ。,無権代理の定義を試験用に一言で言うと？,「無権代理の定義を試験用に一言で言うと？」への答え：代理権なしでなした代理（民法113条）。根拠は民法第113条。条文番号と要件をメモに書き出して確認する。条文番号と要件をメモに書き出して確認する。条文番号と要件をメモに書き出して確認する。公式テキスト該当章を開く。,無権代理と混同しやすい論点は？,試験の出方：民法第113条の根拠を明示できる。四択では条件の主語と効果を分離して読む。過去問で出題形式と正答率を週1回チェックする。過去問で出題形式と正答率を週1回チェックする。過去問で出題形式と正答率を週1回チェックする。過去問で出題形式と正答率を週1回チェックする。過去問1問で正答率を記録する。,誤答の典型：表見代理と混同;要件の一部だけ暗記して判断する;最新の改正・規約改定を見落とす （過去問で要注意）。一語差の選択肢に注意。誤答肢のパターンを比較表に整理して復習する。誤答肢のパターンを比較表に整理して復習する。誤答肢のパターンを比較表に整理して復習する。誤答肢を比較表に書き出す。,無権代理とは何ですか？,学習の次段：「同時履行の抗弁」と比較表で整理し、numbers / compare から過去問へ。関連用語ハブと比較ページへ進んで定着を確認する。関連用語ハブと比較ページへ進んで定着を確認する。関連用語ハブと比較ページへ進んで定着を確認する。用語ハブ compare へ進む。,無権代理とは何ですか？
特例部分的建替え,区分所有法,区分所有法;頻出,共用部分の一部のみ建替える制度（区法68条）。,特例部分的建替えは、共用部分の一部のみ建替える制度（区法68条）。マンション等の区分所有関係を定める基本法。専用部分・共用部分・管理組合が柱。,専有部分;共用部分;管理組合,区分所有法第68条,A,過去問では特例部分的建替えの定義・要件・効果を条文・規約根拠と対応づけるが問われます。特例部分的建替えを類似語と同一視する選択肢に注意してください。共用部分の一部のみ建替える制度（区法68条）。管理業務主任者試験では、区分所有。,特例部分的建替えとは？管理業務主任者試験で押さえる意味と試験ポイント,特例部分的建替えの意味と管理業務主任者試験での判定ポイントを、区分所有法第68条の文脈で整理します。特例部分的建替えは、共用部分の一部のみ建替える制度（区法68条）。マンション等の区分所有関係を定める基本法。専用部分・共用部分・管理組合が柱。,"共用部分の一部のみ建替える制度（区法68条）。管理業務主任者試験では、区分所有法第68条を根拠に定義・要件・効果を問う問題が出ます。

実務・試験ともに「特例部分的建替えの定義・要件・効果を条文・規約根拠と対応づける」が判断の軸になります。選択肢では特例部分的建替えを類似語と同一視する肢が多いため、要件の欠けた肢を消去する思考が有効です。

特例部分的建替えは専有部分、共用部分、管理組合とセットで整理すると理解が定着します。管業マスターの過去問・実践演習で区分所有法フィルタを使い、関連問題を解き直してください。","<table class=""seo-info-table""><thead><tr><th>比較</th><th>特例部分的建替え</th><th>専有部分</th></tr></thead><tbody><tr><th>覚え方</th><td>特例部分的建替えの定義・要件・効果を条文・規約根拠と対応づける</td><td>関連ページで対比</td></tr></tbody></table>",特例部分的建替えの定義・要件・効果を条文・規約根拠と対応づける;区分所有法第68条の根拠を明示できる;関連語（専有部分、共用部分、管理組合）との違いを説明できる,特例部分的建替えを類似語と同一視する;要件の一部だけ暗記して判断する;最新の改正・規約改定を見落とす。,特例部分的建替え＝区分所有法第68条。専有部分と表で対比。,特例部分的建替えに関する次の記述のうち、最も適切でないものはどれか。,特例部分的建替えの定義・要件・効果を条文・規約根拠と対応づける。特例部分的建替えを類似語と同一視するとする記述が誤りになりやすい。,特例部分的建替えの定義を試験用に一言で言うと？,「特例部分的建替えの定義を試験用に一言で言うと？」への答え：共用部分の一部のみ建替える制度（区法68条）。根拠は区分所有法第68条。条文番号と要件をメモに書き出して確認する。条文番号と要件をメモに書き出して確認する。条文番号と要件をメモに書き出して確認する。公式テキスト該当章を開く。,特例部分的建替えと混同しやすい論点は？,試験の出方：区分所有法第68条の根拠を明示できる。四択では条件の主語と効果を分離して読む。過去問で出題形式と正答率を週1回チェックする。過去問で出題形式と正答率を週1回チェックする。過去問で出題形式と正答率を週1回チェックする。過去問で出題形式と正答率を週1回チェックする。過去問1問で正答率を記録する。,誤答の典型：特例部分的建替えを類似語と同一視する;要件の一部だけ暗記して判断する;最新の改正・規約改定を見落とす。一語差の選択肢に注意。誤答肢のパターンを比較表に整理して復習する。誤答肢のパターンを比較表に整理して復習する。誤答肢のパターンを比較表に整理して復習する。誤答肢を比較表に書き出す。,特例部分的建替えとは何ですか？,学習の次段：「専有部分」と比較表で整理し、numbers / compare から過去問へ。関連用語ハブと比較ページへ進んで定着を確認する。関連用語ハブと比較ページへ進んで定着を確認する。関連用語ハブと比較ページへ進んで定着を確認する。関連用語ハブと比較ページへ進んで定着を確認する。用語ハブ compare へ進む。,特例部分的建替えとは何ですか？
特別の影響,標準管理規約,標準管理規約;頻出;規約改正,規約改正が特定の区分所有者にのみ重大な不利益を与える状態（標準管理規約）。,特別の影響は、規約改正が特定の区分所有者にのみ重大な不利益を与える状態（標準管理規約）。管理組合の運営ルールのモデル。総会・理事会・決議要件が頻出。,マンション標準管理規約;理事長;総会決議,標準管理規約,A,過去問では規約改正時の同意・通知が問われます。特別の影響を類似語と同一視する選択肢に注意してください。規約改正が特定の区分所有者にのみ重大な不利益を与える状態（標準管理規約）。管理。試験では特別の影響について条文・数値・条件の読み取りが問われます。,特別の影響とは？管理業務主任者試験で押さえる意味と試験ポイント,特別の影響の意味と管理業務主任者試験での判定ポイントを、標準管理規約の文脈で整理します。特別の影響は、規約改正が特定の区分所有者にのみ重大な不利益を与える状態（標準管理規約）。管理組合の運営ルールのモデル。総会・理事会・決議要件が頻出。,"規約改正が特定の区分所有者にのみ重大な不利益を与える状態（標準管理規約）。管理業務主任者試験では、標準管理規約を根拠に定義・要件・効果を問う問題が出ます。

実務・試験ともに「規約改正時の同意・通知」が判断の軸になります。選択肢では特別の影響を類似語と同一視する肢が多いため、要件の欠けた肢を消去する思考が有効です。

特別の影響はマンション標準管理規約、理事長、総会決議とセットで整理すると理解が定着します。管業マスターの過去問・実践演習で標準管理規約フィルタを使い、関連問題を解き直してください。試験では特別の影響について条文・数値・条件の読み取りが問われます。","<table class=""seo-info-table""><thead><tr><th>比較</th><th>特別の影響</th><th>マンション標準管理規約</th></tr></thead><tbody><tr><th>覚え方</th><td>規約改正時の同意・通知</td><td>関連ページで対比</td></tr></tbody></table>",規約改正時の同意・通知;標準管理規約の根拠を明示できる;関連語（マンション標準管理規約、理事長、総会決議）との違いを説明できる,特別の影響を類似語と同一視する;要件の一部だけ暗記して判断する;最新の改正・規約改定を見落とす。,特別の影響＝標準管理規約。マンション標準管理規約と表で対比。,特別の影響に関する次の記述のうち、最も適切でないものはどれか。,規約改正時の同意・通知。特別の影響を類似語と同一視するとする記述が誤りになりやすい。,特別の影響の定義を試験用に一言で言うと？,「特別の影響の定義を試験用に一言で言うと？」への答え：規約改正が特定の区分所有者にのみ重大な不利益を与える状態（標準管理規約）。根拠は標準管理規約。条文番号と要件をメモに書き出して確認する。条文番号と要件をメモに書き出して確認する。条文番号と要件をメモに書き出して確認する。公式テキスト該当章を開く。,特別の影響と混同しやすい論点は？,試験の出方：標準管理規約の根拠を明示できる。四択では条件の主語と効果を分離して読む。過去問で出題形式と正答率を週1回チェックする。過去問で出題形式と正答率を週1回チェックする。過去問で出題形式と正答率を週1回チェックする。過去問で出題形式と正答率を週1回チェックする。過去問1問で正答率を記録する。,誤答の典型：特別の影響を類似語と同一視する;要件の一部だけ暗記して判断する;最新の改正・規約改定を見落とす。一語差の選択肢に注意。誤答肢のパターンを比較表に整理して復習する。誤答肢のパターンを比較表に整理して復習する。誤答肢のパターンを比較表に整理して復習する。誤答肢を比較表に書き出す。,特別の影響とは何ですか？,学習の次段：「マンション標準管理規約」と比較表で整理し、numbers / compare から過去問へ。関連用語ハブと比較ページへ進んで定着を確認する。関連用語ハブと比較ページへ進んで定着を確認する。関連用語ハブと比較ページへ進んで定着を確認する。用語ハブ compare へ進む。,特別の影響とは何ですか？
特別決議,標準管理規約,標準管理規約;頻出;総会,建替え等の重要事項。4分の3以上等の高い要件（区法・規約）。,特別決議は、建替え等の重要事項。4分の3以上等の高い要件（区法・規約）。管理組合の運営ルールのモデル。総会・理事会・決議要件が頻出。,マンション標準管理規約;理事長;総会決議,標準管理規約,A,過去問では特別決議の定義・要件・効果を条文・規約根拠と対応づけるが問われます。特別決議を類似語と同一視する選択肢に注意してください。建替え等の重要事項。4分の3以上等の高い要件（区法・規約）。管理業務主任者試験。,特別決議とは？管理業務主任者試験で押さえる意味と試験ポイント,特別決議の意味と管理業務主任者試験での判定ポイントを、標準管理規約の文脈で整理します。特別決議は、建替え等の重要事項。4分の3以上等の高い要件（区法・規約）。管理組合の運営ルールのモデル。総会・理事会・決議要件が頻出。,"建替え等の重要事項。4分の3以上等の高い要件（区法・規約）。管理業務主任者試験では、標準管理規約を根拠に定義・要件・効果を問う問題が出ます。

実務・試験ともに「特別決議の定義・要件・効果を条文・規約根拠と対応づける」が判断の軸になります。選択肢では特別決議を類似語と同一視する肢が多いため、要件の欠けた肢を消去する思考が有効です。

特別決議はマンション標準管理規約、理事長、総会決議とセットで整理すると理解が定着します。管業マスターの過去問・実践演習で標準管理規約フィルタを使い、関連問題を解き直してください。","<table class=""seo-info-table""><thead><tr><th>決議種類</th><th>賛成割合</th><th>典型事項</th></tr></thead><tbody><tr><td>普通決議</td><td>過半数</td><td>予算・日常管理</td></tr><tr><td>特別決議</td><td>4分の3</td><td>規約変更・重要修繕</td></tr><tr><td>建替え決議</td><td>5分の4</td><td>建物の建替え</td></tr></tbody></table>",特別決議の定義・要件・効果を条文・規約根拠と対応づける;標準管理規約の根拠を明示できる;関連語（マンション標準管理規約、理事長、総会決議）との違いを説明できる,特別決議を類似語と同一視する;要件の一部だけ暗記して判断する;最新の改正・規約改定を見落とす。,特別決議＝標準管理規約。普通決議と表で対比。（関連用語とセットで暗記）。,特別決議に関する次の記述のうち、最も適切でないものはどれか。,特別決議の定義・要件・効果を条文・規約根拠と対応づける。特別決議を類似語と同一視するとする記述が誤りになりやすい。,特別決議の定義を試験用に一言で言うと？,「特別決議の定義を試験用に一言で言うと？」への答え：建替え等の重要事項。4分の3以上等の高い要件（区法・規約）。根拠は標準管理規約。条文番号と要件をメモに書き出して確認する。条文番号と要件をメモに書き出して確認する。条文番号と要件をメモに書き出して確認する。公式テキスト該当章を開く。,特別決議と混同しやすい論点は？,試験の出方：標準管理規約の根拠を明示できる。四択では条件の主語と効果を分離して読む。過去問で出題形式と正答率を週1回チェックする。過去問で出題形式と正答率を週1回チェックする。過去問で出題形式と正答率を週1回チェックする。過去問で出題形式と正答率を週1回チェックする。過去問1問で正答率を記録する。,誤答の典型：特別決議を類似語と同一視する;要件の一部だけ暗記して判断する;最新の改正・規約改定を見落とす。一語差の選択肢に注意。誤答肢のパターンを比較表に整理して復習する。誤答肢のパターンを比較表に整理して復習する。誤答肢のパターンを比較表に整理して復習する。誤答肢を比較表に書き出す。,特別決議とは何ですか？,学習の次段：「マンション標準管理規約」と比較表で整理し、numbers / compare から過去問へ。関連用語ハブと比較ページへ進んで定着を確認する。関連用語ハブと比較ページへ進んで定着を確認する。関連用語ハブと比較ページへ進んで定着を確認する。用語ハブ compare へ進む。,特別決議とは何ですか？
特殊建築物,建築・設備,建築・設備;用途,特殊建築物は建築・設備分野では建築基準法に関する重要概念です。,特殊建築物は、特殊建築物は建築・設備分野では建築基準法に関する重要概念です。建築基準法・消防法・昇降機規則等に基づく建物・設備の安全と維持。,建築基準法;エレベーター;昇降機,建築基準法,B,過去問では特殊建築物の定義・要件・効果を条文・規約根拠と対応づけるが問われます。特殊建築物を類似語と同一視する選択肢に注意してください。特殊建築物は建築・設備分野では建築基準法に関する重要概念です。管理業務主任。,特殊建築物とは？管理業務主任者で押さえる意味と試験ポイント,特殊建築物の意味と管理業務主任者試験での判定ポイントを、建築基準法の文脈で整理します。特殊建築物は、特殊建築物は建築・設備分野では建築基準法に関する重要概念です。建築基準法・消防法・昇降機規則等に基づく建物・設備の安全と維持。,"特殊建築物は建築・設備分野では建築基準法に関する重要概念です。管理業務主任者試験では、建築基準法を根拠に定義・要件・効果を問う問題が出ます。

実務・試験ともに「特殊建築物の定義・要件・効果を条文・規約根拠と対応づける」が判断の軸になります。選択肢では特殊建築物を類似語と同一視する肢が多いため、要件の欠けた肢を消去する思考が有効です。

特殊建築物は建築基準法、エレベーター、昇降機とセットで整理すると理解が定着します。管業マスターの過去問・実践演習で建築・設備フィルタを使い、関連問題を解き直してください。","<table class=""seo-info-table""><thead><tr><th>比較</th><th>特殊建築物</th><th>建築基準法</th></tr></thead><tbody><tr><th>覚え方</th><td>特殊建築物の定義・要件・効果を条文・規約根拠と対応づける</td><td>関連ページで対比</td></tr></tbody></table>",特殊建築物の定義・要件・効果を条文・規約根拠と対応づける;建築基準法の根拠を明示できる;関連語（建築基準法、エレベーター、昇降機）との違いを説明できる,特殊建築物を類似語と同一視する;要件の一部だけ暗記して判断する;最新の改正・規約改定を見落とす。,特殊建築物＝建築基準法。建築基準法と表で対比。（関連用語とセットで暗記）。,特殊建築物に関する次の記述のうち、最も適切でないものはどれか。,特殊建築物の定義・要件と照らし、条件を満たさない選択肢を選ぶ。,特殊建築物の定義を試験用に一言で言うと？,「特殊建築物の定義を試験用に一言で言うと？」への答え：特殊建築物は建築・設備分野では建築基準法に関する重要概念です。根拠は建築基準法。条文番号と要件をメモに書き出して確認する。条文番号と要件をメモに書き出して確認する。条文番号と要件をメモに書き出して確認する。公式テキスト該当章を開く。,特殊建築物と混同しやすい論点は？,試験の出方：建築基準法の根拠を明示できる。四択では条件の主語と効果を分離して読む。過去問で出題形式と正答率を週1回チェックする。過去問で出題形式と正答率を週1回チェックする。過去問で出題形式と正答率を週1回チェックする。過去問で出題形式と正答率を週1回チェックする。過去問1問で正答率を記録する。,誤答の典型：特殊建築物を類似語と同一視する;要件の一部だけ暗記して判断する;最新の改正・規約改定を見落とす。一語差の選択肢に注意。誤答肢のパターンを比較表に整理して復習する。誤答肢のパターンを比較表に整理して復習する。誤答肢のパターンを比較表に整理して復習する。誤答肢を比較表に書き出す。,特殊建築物とは何ですか？,学習の次段：「建築基準法」と比較表で整理し、numbers / compare から過去問へ。関連用語ハブと比較ページへ進んで定着を確認する。関連用語ハブと比較ページへ進んで定着を確認する。関連用語ハブと比較ページへ進んで定着を確認する。関連用語ハブと比較ページへ進んで定着を確認する。用語ハブ compare へ進む。,特殊建築物とは何ですか？
理事会,区分所有法,区分所有法;頻出;組織,管理組合の執行機関。理事長・理事で構成（区法36条・標準管理規約）。,理事会は、管理組合の執行機関。理事長・理事で構成（区法36条・標準管理規約）。マンション等の区分所有関係を定める基本法。専用部分・共用部分・管理組合が柱。,専有部分;共用部分;管理組合,区分所有法第36条,A,過去問では理事会の定義・要件・効果を条文・規約根拠と対応づけるが問われます。理事会を類似語と同一視する選択肢に注意してください。管理組合の執行機関。理事長・理事で構成（区法36条・標準管理規約）。管理業務主。,理事会とは？管理業務主任者試験で押さえる意味と試験ポイント,理事会の意味と管理業務主任者試験での判定ポイントを、区分所有法第36条の文脈で整理します。理事会は、管理組合の執行機関。理事長・理事で構成（区法36条・標準管理規約）。マンション等の区分所有関係を定める基本法。専用部分・共用部分・管理組合が柱。,"管理組合の執行機関。理事長・理事で構成（区法36条・標準管理規約）。管理業務主任者試験では、区分所有法第36条を根拠に定義・要件・効果を問う問題が出ます。

実務・試験ともに「理事会の定義・要件・効果を条文・規約根拠と対応づける」が判断の軸になります。選択肢では理事会を類似語と同一視する肢が多いため、要件の欠けた肢を消去する思考が有効です。

理事会は専有部分、共用部分、管理組合とセットで整理すると理解が定着します。管業マスターの過去問・実践演習で区分所有法フィルタを使い、関連問題を解き直してください。","<table class=""seo-info-table""><thead><tr><th>比較</th><th>理事会</th><th>専有部分</th></tr></thead><tbody><tr><th>覚え方</th><td>理事会の定義・要件・効果を条文・規約根拠と対応づける</td><td>関連ページで対比</td></tr></tbody></table>",理事会の定義・要件・効果を条文・規約根拠と対応づける;区分所有法第36条の根拠を明示できる;関連語（専有部分、共用部分、管理組合）との違いを説明できる,理事会を類似語と同一視する;要件の一部だけ暗記して判断する;最新の改正・規約改定を見落とす。,理事会＝区分所有法第36条。専有部分と表で対比。（関連用語とセットで暗記）。,理事会に関する次の記述のうち、最も適切でないものはどれか。,理事会の定義・要件・効果を条文・規約根拠と対応づける。理事会を類似語と同一視するとする記述が誤りになりやすい。,理事会の定義を試験用に一言で言うと？,「理事会の定義を試験用に一言で言うと？」への答え：管理組合の執行機関。理事長・理事で構成（区法36条・標準管理規約）。根拠は区分所有法第36条。条文番号と要件をメモに書き出して確認する。条文番号と要件をメモに書き出して確認する。条文番号と要件をメモに書き出して確認する。公式テキスト該当章を開く。,理事会と混同しやすい論点は？,試験の出方：区分所有法第36条の根拠を明示できる。四択では条件の主語と効果を分離して読む。過去問で出題形式と正答率を週1回チェックする。過去問で出題形式と正答率を週1回チェックする。過去問で出題形式と正答率を週1回チェックする。過去問で出題形式と正答率を週1回チェックする。過去問1問で正答率を記録する。,誤答の典型：理事会を類似語と同一視する;要件の一部だけ暗記して判断する;最新の改正・規約改定を見落とす。一語差の選択肢に注意。誤答肢のパターンを比較表に整理して復習する。誤答肢のパターンを比較表に整理して復習する。誤答肢のパターンを比較表に整理して復習する。誤答肢を比較表に書き出す。,理事会とは何ですか？,学習の次段：「専有部分」と比較表で整理し、numbers / compare から過去問へ。関連用語ハブと比較ページへ進んで定着を確認する。関連用語ハブと比較ページへ進んで定着を確認する。関連用語ハブと比較ページへ進んで定着を確認する。関連用語ハブと比較ページへ進んで定着を確認する。用語ハブ compare へ進む。,理事会とは何ですか？
理事会の招集,標準管理規約,標準管理規約;理事会,理事会の招集は標準管理規約分野では標準管理規約に関する重要概念です。,理事会の招集は、理事会の招集は標準管理規約分野では標準管理規約に関する重要概念です。管理組合の運営ルールのモデル。総会・理事会・決議要件が頻出。,マンション標準管理規約;理事長;総会決議,標準管理規約,B,過去問では理事会の招集の定義・要件・効果を条文・規約根拠と対応づけるが問われます。理事会の招集を類似語と同一視する選択肢に注意してください。理事会の招集は標準管理規約分野では標準管理規約に関する重要概念です。管理業。,理事会の招集とは？管理業務主任者試験で押さえる意味と試験ポイント,理事会の招集の意味と管理業務主任者試験での判定ポイントを、標準管理規約の文脈で整理します。理事会の招集は、理事会の招集は標準管理規約分野では標準管理規約に関する重要概念です。管理組合の運営ルールのモデル。総会・理事会・決議要件が頻出。,"理事会の招集は標準管理規約分野では標準管理規約に関する重要概念です。管理業務主任者試験では、標準管理規約を根拠に定義・要件・効果を問う問題が出ます。

実務・試験ともに「理事会の招集の定義・要件・効果を条文・規約根拠と対応づける」が判断の軸になります。選択肢では理事会の招集を類似語と同一視する肢が多いため、要件の欠けた肢を消去する思考が有効です。

理事会の招集はマンション標準管理規約、理事長、総会決議とセットで整理すると理解が定着します。管業マスターの過去問・実践演習で標準管理規約フィルタを使い、関連問題を解き直してください。","<table class=""seo-info-table""><thead><tr><th>比較</th><th>理事会の招集</th><th>マンション標準管理規約</th></tr></thead><tbody><tr><th>覚え方</th><td>理事会の招集の定義・要件・効果を条文・規約根拠と対応づける</td><td>関連ページで対比</td></tr></tbody></table>",理事会の招集の定義・要件・効果を条文・規約根拠と対応づける;標準管理規約の根拠を明示できる;関連語（マンション標準管理規約、理事長、総会決議）との違いを説明できる,理事会の招集を類似語と同一視する;要件の一部だけ暗記して判断する;最新の改正・規約改定を見落とす。,理事会の招集＝標準管理規約。マンション標準管理規約と表で対比。,理事会の招集に関する次の記述のうち、最も適切でないものはどれか。,理事会の招集の定義・要件と照らし、条件を満たさない選択肢を選ぶ。,理事会の招集の定義を試験用に一言で言うと？,「理事会の招集の定義を試験用に一言で言うと？」への答え：理事会の招集は標準管理規約分野では標準管理規約に関する重要概念です。根拠は標準管理規約。条文番号と要件をメモに書き出して確認する。条文番号と要件をメモに書き出して確認する。条文番号と要件をメモに書き出して確認する。公式テキスト該当章を開く。,理事会の招集と混同しやすい論点は？,試験の出方：標準管理規約の根拠を明示できる。四択では条件の主語と効果を分離して読む。過去問で出題形式と正答率を週1回チェックする。過去問で出題形式と正答率を週1回チェックする。過去問で出題形式と正答率を週1回チェックする。過去問で出題形式と正答率を週1回チェックする。過去問1問で正答率を記録する。,誤答の典型：理事会の招集を類似語と同一視する;要件の一部だけ暗記して判断する;最新の改正・規約改定を見落とす。一語差の選択肢に注意。誤答肢のパターンを比較表に整理して復習する。誤答肢のパターンを比較表に整理して復習する。誤答肢のパターンを比較表に整理して復習する。誤答肢を比較表に書き出す。,理事会の招集とは何ですか？,学習の次段：「マンション標準管理規約」と比較表で整理し、numbers / compare から過去問へ。関連用語ハブと比較ページへ進んで定着を確認する。関連用語ハブと比較ページへ進んで定着を確認する。関連用語ハブと比較ページへ進んで定着を確認する。用語ハブ compare へ進む。,理事会の招集とは何ですか？
理事会の権限,標準管理規約,標準管理規約;頻出;理事会,管理組合の執行。専決事項と総会決議事項の区分。,理事会の権限は、管理組合の執行。専決事項と総会決議事項の区分。管理組合の運営ルールのモデル。総会・理事会・決議要件が頻出。,マンション標準管理規約;理事長;総会決議,標準管理規約,A,過去問では理事会の権限の定義・要件・効果を条文・規約根拠と対応づけるが問われます。理事会の権限を類似語と同一視する選択肢に注意してください。管理組合の執行。専決事項と総会決議事項の区分。管理業務主任者試験では、標準管理。,理事会の権限とは？管理業務主任者試験で押さえる意味と試験ポイント,理事会の権限の意味と管理業務主任者試験での判定ポイントを、標準管理規約の文脈で整理します。理事会の権限は、管理組合の執行。専決事項と総会決議事項の区分。管理組合の運営ルールのモデル。総会・理事会・決議要件が頻出。,"管理組合の執行。専決事項と総会決議事項の区分。管理業務主任者試験では、標準管理規約を根拠に定義・要件・効果を問う問題が出ます。

実務・試験ともに「理事会の権限の定義・要件・効果を条文・規約根拠と対応づける」が判断の軸になります。選択肢では理事会の権限を類似語と同一視する肢が多いため、要件の欠けた肢を消去する思考が有効です。

理事会の権限はマンション標準管理規約、理事長、総会決議とセットで整理すると理解が定着します。管業マスターの過去問・実践演習で標準管理規約フィルタを使い、関連問題を解き直してください。","<table class=""seo-info-table""><thead><tr><th>比較</th><th>理事会の権限</th><th>マンション標準管理規約</th></tr></thead><tbody><tr><th>覚え方</th><td>理事会の権限の定義・要件・効果を条文・規約根拠と対応づける</td><td>関連ページで対比</td></tr></tbody></table>",理事会の権限の定義・要件・効果を条文・規約根拠と対応づける;標準管理規約の根拠を明示できる;関連語（マンション標準管理規約、理事長、総会決議）との違いを説明できる,理事会の権限を類似語と同一視する;要件の一部だけ暗記して判断する;最新の改正・規約改定を見落とす。,理事会の権限＝標準管理規約。マンション標準管理規約と表で対比。,理事会の権限に関する次の記述のうち、最も適切でないものはどれか。,理事会の権限の定義・要件・効果を条文・規約根拠と対応づける。理事会の権限を類似語と同一視するとする記述が誤りになりやすい。,理事会の権限の定義を試験用に一言で言うと？,「理事会の権限の定義を試験用に一言で言うと？」への答え：管理組合の執行。専決事項と総会決議事項の区分。根拠は標準管理規約。条文番号と要件をメモに書き出して確認する。条文番号と要件をメモに書き出して確認する。条文番号と要件をメモに書き出して確認する。公式テキスト該当章を開く。,理事会の権限と混同しやすい論点は？,試験の出方：標準管理規約の根拠を明示できる。四択では条件の主語と効果を分離して読む。過去問で出題形式と正答率を週1回チェックする。過去問で出題形式と正答率を週1回チェックする。過去問で出題形式と正答率を週1回チェックする。過去問で出題形式と正答率を週1回チェックする。過去問1問で正答率を記録する。,誤答の典型：理事会の権限を類似語と同一視する;要件の一部だけ暗記して判断する;最新の改正・規約改定を見落とす。一語差の選択肢に注意。誤答肢のパターンを比較表に整理して復習する。誤答肢のパターンを比較表に整理して復習する。誤答肢のパターンを比較表に整理して復習する。誤答肢を比較表に書き出す。,理事会の権限とは何ですか？,学習の次段：「マンション標準管理規約」と比較表で整理し、numbers / compare から過去問へ。関連用語ハブと比較ページへ進んで定着を確認する。関連用語ハブと比較ページへ進んで定着を確認する。関連用語ハブと比較ページへ進んで定着を確認する。用語ハブ compare へ進む。,理事会の権限とは何ですか？
理事会の決議,標準管理規約,標準管理規約;理事会,理事会の決議は標準管理規約分野では標準管理規約に関する重要概念です。,理事会の決議は、理事会の決議は標準管理規約分野では標準管理規約に関する重要概念です。管理組合の運営ルールのモデル。総会・理事会・決議要件が頻出。,マンション標準管理規約;理事長;総会決議,標準管理規約,B,過去問では理事会の決議の定義・要件・効果を条文・規約根拠と対応づけるが問われます。理事会の決議を類似語と同一視する選択肢に注意してください。理事会の決議は標準管理規約分野では標準管理規約に関する重要概念です。管理業。,理事会の決議とは？管理業務主任者試験で押さえる意味と試験ポイント,理事会の決議の意味と管理業務主任者試験での判定ポイントを、標準管理規約の文脈で整理します。理事会の決議は、理事会の決議は標準管理規約分野では標準管理規約に関する重要概念です。管理組合の運営ルールのモデル。総会・理事会・決議要件が頻出。,"理事会の決議は標準管理規約分野では標準管理規約に関する重要概念です。管理業務主任者試験では、標準管理規約を根拠に定義・要件・効果を問う問題が出ます。

実務・試験ともに「理事会の決議の定義・要件・効果を条文・規約根拠と対応づける」が判断の軸になります。選択肢では理事会の決議を類似語と同一視する肢が多いため、要件の欠けた肢を消去する思考が有効です。

理事会の決議はマンション標準管理規約、理事長、総会決議とセットで整理すると理解が定着します。管業マスターの過去問・実践演習で標準管理規約フィルタを使い、関連問題を解き直してください。","<table class=""seo-info-table""><thead><tr><th>比較</th><th>理事会の決議</th><th>マンション標準管理規約</th></tr></thead><tbody><tr><th>覚え方</th><td>理事会の決議の定義・要件・効果を条文・規約根拠と対応づける</td><td>関連ページで対比</td></tr></tbody></table>",理事会の決議の定義・要件・効果を条文・規約根拠と対応づける;標準管理規約の根拠を明示できる;関連語（マンション標準管理規約、理事長、総会決議）との違いを説明できる,理事会の決議を類似語と同一視する;要件の一部だけ暗記して判断する;最新の改正・規約改定を見落とす。,理事会の決議＝標準管理規約。マンション標準管理規約と表で対比。,理事会の決議に関する次の記述のうち、最も適切でないものはどれか。,理事会の決議の定義・要件と照らし、条件を満たさない選択肢を選ぶ。,理事会の決議の定義を試験用に一言で言うと？,「理事会の決議の定義を試験用に一言で言うと？」への答え：理事会の決議は標準管理規約分野では標準管理規約に関する重要概念です。根拠は標準管理規約。条文番号と要件をメモに書き出して確認する。条文番号と要件をメモに書き出して確認する。条文番号と要件をメモに書き出して確認する。公式テキスト該当章を開く。,理事会の決議と混同しやすい論点は？,試験の出方：標準管理規約の根拠を明示できる。四択では条件の主語と効果を分離して読む。過去問で出題形式と正答率を週1回チェックする。過去問で出題形式と正答率を週1回チェックする。過去問で出題形式と正答率を週1回チェックする。過去問で出題形式と正答率を週1回チェックする。過去問1問で正答率を記録する。,誤答の典型：理事会の決議を類似語と同一視する;要件の一部だけ暗記して判断する;最新の改正・規約改定を見落とす。一語差の選択肢に注意。誤答肢のパターンを比較表に整理して復習する。誤答肢のパターンを比較表に整理して復習する。誤答肢のパターンを比較表に整理して復習する。誤答肢を比較表に書き出す。,理事会の決議とは何ですか？,学習の次段：「マンション標準管理規約」と比較表で整理し、numbers / compare から過去問へ。関連用語ハブと比較ページへ進んで定着を確認する。関連用語ハブと比較ページへ進んで定着を確認する。関連用語ハブと比較ページへ進んで定着を確認する。用語ハブ compare へ進む。,理事会の決議とは何ですか？
理事長,標準管理規約,標準管理規約;頻出;組織,理事会を代表し管理組合を代表する者。規約・総会決議で選任（標準管理規約）。,理事長は、理事会を代表し管理組合を代表する者。規約・総会決議で選任（標準管理規約）。管理組合の運営ルールのモデル。総会・理事会・決議要件が頻出。,マンション標準管理規約;総会決議;普通決議,標準管理規約,A,過去問では理事長の定義・要件・効果を条文・規約根拠と対応づけるが問われます。理事長を類似語と同一視する選択肢に注意してください。理事会を代表し管理組合を代表する者。規約・総会決議で選任（標準管理規約）。管理。,理事長とは？管理業務主任者試験で押さえる意味と試験ポイント,理事長の意味と管理業務主任者試験での判定ポイントを、標準管理規約の文脈で整理します。理事長は、理事会を代表し管理組合を代表する者。規約・総会決議で選任（標準管理規約）。管理組合の運営ルールのモデル。総会・理事会・決議要件が頻出。,"理事会を代表し管理組合を代表する者。規約・総会決議で選任（標準管理規約）。管理業務主任者試験では、標準管理規約を根拠に定義・要件・効果を問う問題が出ます。

実務・試験ともに「理事長の定義・要件・効果を条文・規約根拠と対応づける」が判断の軸になります。選択肢では理事長を類似語と同一視する肢が多いため、要件の欠けた肢を消去する思考が有効です。

理事長はマンション標準管理規約、総会決議、普通決議とセットで整理すると理解が定着します。管業マスターの過去問・実践演習で標準管理規約フィルタを使い、関連問題を解き直してください。","<table class=""seo-info-table""><thead><tr><th>比較</th><th>理事長</th><th>マンション標準管理規約</th></tr></thead><tbody><tr><th>覚え方</th><td>理事長の定義・要件・効果を条文・規約根拠と対応づける</td><td>関連ページで対比</td></tr></tbody></table>",理事長の定義・要件・効果を条文・規約根拠と対応づける;標準管理規約の根拠を明示できる;関連語（マンション標準管理規約、総会決議、普通決議）との違いを説明できる,理事長を類似語と同一視する;要件の一部だけ暗記して判断する;最新の改正・規約改定を見落とす。,理事長＝標準管理規約。マンション標準管理規約と表で対比。,理事長に関する次の記述のうち、最も適切でないものはどれか。,理事長の定義・要件・効果を条文・規約根拠と対応づける。理事長を類似語と同一視するとする記述が誤りになりやすい。,理事長の定義を試験用に一言で言うと？,「理事長の定義を試験用に一言で言うと？」への答え：理事会を代表し管理組合を代表する者。規約・総会決議で選任（標準管理規約）。根拠は標準管理規約。条文番号と要件をメモに書き出して確認する。条文番号と要件をメモに書き出して確認する。条文番号と要件をメモに書き出して確認する。公式テキスト該当章を開く。,理事長と混同しやすい論点は？,試験の出方：標準管理規約の根拠を明示できる。四択では条件の主語と効果を分離して読む。過去問で出題形式と正答率を週1回チェックする。過去問で出題形式と正答率を週1回チェックする。過去問で出題形式と正答率を週1回チェックする。過去問で出題形式と正答率を週1回チェックする。過去問1問で正答率を記録する。,誤答の典型：理事長を類似語と同一視する;要件の一部だけ暗記して判断する;最新の改正・規約改定を見落とす。一語差の選択肢に注意。誤答肢のパターンを比較表に整理して復習する。誤答肢のパターンを比較表に整理して復習する。誤答肢のパターンを比較表に整理して復習する。誤答肢を比較表に書き出す。,理事長とは何ですか？,学習の次段：「マンション標準管理規約」と比較表で整理し、numbers / compare から過去問へ。関連用語ハブと比較ページへ進んで定着を確認する。関連用語ハブと比較ページへ進んで定着を確認する。関連用語ハブと比較ページへ進んで定着を確認する。用語ハブ compare へ進む。,理事長とは何ですか？
理事長権限,標準管理規約,標準管理規約;頻出;理事長,理事会代表・管理組合代表の権限。,理事長権限は、理事会代表・管理組合代表の権限。管理組合の運営ルールのモデル。総会・理事会・決議要件が頻出。,マンション標準管理規約;理事長;総会決議,標準管理規約,A,過去問では理事長権限の定義・要件・効果を条文・規約根拠と対応づけるが問われます。理事長権限を類似語と同一視する選択肢に注意してください。理事会代表・管理組合代表の権限。管理業務主任者試験では、標準管理規約を根拠に定。,理事長権限とは？管理業務主任者試験で押さえる意味と試験ポイント,理事長権限の意味と管理業務主任者試験での判定ポイントを、標準管理規約の文脈で整理します。理事長権限は、理事会代表・管理組合代表の権限。管理組合の運営ルールのモデル。総会・理事会・決議要件が頻出。,"理事会代表・管理組合代表の権限。管理業務主任者試験では、標準管理規約を根拠に定義・要件・効果を問う問題が出ます。

実務・試験ともに「理事長権限の定義・要件・効果を条文・規約根拠と対応づける」が判断の軸になります。選択肢では理事長権限を類似語と同一視する肢が多いため、要件の欠けた肢を消去する思考が有効です。

理事長権限はマンション標準管理規約、理事長、総会決議とセットで整理すると理解が定着します。管業マスターの過去問・実践演習で標準管理規約フィルタを使い、関連問題を解き直してください。","<table class=""seo-info-table""><thead><tr><th>比較</th><th>理事長権限</th><th>マンション標準管理規約</th></tr></thead><tbody><tr><th>覚え方</th><td>理事長権限の定義・要件・効果を条文・規約根拠と対応づける</td><td>関連ページで対比</td></tr></tbody></table>",理事長権限の定義・要件・効果を条文・規約根拠と対応づける;標準管理規約の根拠を明示できる;関連語（マンション標準管理規約、理事長、総会決議）との違いを説明できる,理事長権限を類似語と同一視する;要件の一部だけ暗記して判断する;最新の改正・規約改定を見落とす。,理事長権限＝標準管理規約。マンション標準管理規約と表で対比。,理事長権限に関する次の記述のうち、最も適切でないものはどれか。,理事長権限の定義・要件・効果を条文・規約根拠と対応づける。理事長権限を類似語と同一視するとする記述が誤りになりやすい。,理事長権限の定義を試験用に一言で言うと？,「理事長権限の定義を試験用に一言で言うと？」への答え：理事会代表・管理組合代表の権限。根拠は標準管理規約。条文番号と要件をメモに書き出して確認する。条文番号と要件をメモに書き出して確認する。条文番号と要件をメモに書き出して確認する。条文番号と要件をメモに書き出して確認する。公式テキスト該当章を開く。,理事長権限と混同しやすい論点は？,試験の出方：標準管理規約の根拠を明示できる。四択では条件の主語と効果を分離して読む。過去問で出題形式と正答率を週1回チェックする。過去問で出題形式と正答率を週1回チェックする。過去問で出題形式と正答率を週1回チェックする。過去問で出題形式と正答率を週1回チェックする。過去問1問で正答率を記録する。,誤答の典型：理事長権限を類似語と同一視する;要件の一部だけ暗記して判断する;最新の改正・規約改定を見落とす。一語差の選択肢に注意。誤答肢のパターンを比較表に整理して復習する。誤答肢のパターンを比較表に整理して復習する。誤答肢のパターンを比較表に整理して復習する。誤答肢を比較表に書き出す。,理事長権限とは何ですか？,学習の次段：「マンション標準管理規約」と比較表で整理し、numbers / compare から過去問へ。関連用語ハブと比較ページへ進んで定着を確認する。関連用語ハブと比較ページへ進んで定着を確認する。関連用語ハブと比較ページへ進んで定着を確認する。用語ハブ compare へ進む。,理事長権限とは何ですか？
瑕疵担保責任,品確法・建替円滑化法等,品確法・建替円滑化法等;契約,瑕疵担保責任は品確法・建替円滑化法等分野では民法に関する重要概念です。,瑕疵担保責任は、瑕疵担保責任は品確法・建替円滑化法等分野では民法に関する重要概念です。住宅品質確保と建替え手続の関連法令。,品質確保促進法;既存住宅状況調査;建替え等円滑化法,民法,B,過去問では瑕疵担保責任の定義・要件・効果を条文・規約根拠と対応づけるが問われます。瑕疵担保責任を類似語と同一視する選択肢に注意してください。瑕疵担保責任は品確法・建替円滑化法等分野では民法に関する重要概念です。管理。,瑕疵担保責任とは？管理業務主任者試験で押さえる意味と試験ポイント,瑕疵担保責任の意味と管理業務主任者試験での判定ポイントを、民法の文脈で整理します。瑕疵担保責任は、瑕疵担保責任は品確法・建替円滑化法等分野では民法に関する重要概念です。住宅品質確保と建替え手続の関連法令。,"瑕疵担保責任は品確法・建替円滑化法等分野では民法に関する重要概念です。管理業務主任者試験では、民法を根拠に定義・要件・効果を問う問題が出ます。

実務・試験ともに「瑕疵担保責任の定義・要件・効果を条文・規約根拠と対応づける」が判断の軸になります。選択肢では瑕疵担保責任を類似語と同一視する肢が多いため、要件の欠けた肢を消去する思考が有効です。

瑕疵担保責任は品質確保促進法、既存住宅状況調査、建替え等円滑化法とセットで整理すると理解が定着します。管業マスターの過去問・実践演習で品確法・建替円滑化法等フィルタを使い、関連問題を解き直してください。","<table class=""seo-info-table""><thead><tr><th>比較</th><th>瑕疵担保責任</th><th>品質確保促進法</th></tr></thead><tbody><tr><th>覚え方</th><td>瑕疵担保責任の定義・要件・効果を条文・規約根拠と対応づける</td><td>関連ページで対比</td></tr></tbody></table>",瑕疵担保責任の定義・要件・効果を条文・規約根拠と対応づける;民法の根拠を明示できる;関連語（品質確保促進法、既存住宅状況調査、建替え等円滑化法）との違いを説明できる,瑕疵担保責任を類似語と同一視する;要件の一部だけ暗記して判断する;最新の改正・規約改定を見落とす。,瑕疵担保責任＝民法。品質確保促進法と表で対比。（関連用語とセットで暗記）。,瑕疵担保責任に関する記述として最も不適切なものを選べ。,品確法・建替円滑化法等の原則に照らし、主体・時期・要件のいずれかを欠く選択肢を誤りとして判定する。,瑕疵担保責任の定義を試験用に一言で言うと？,「瑕疵担保責任の定義を試験用に一言で言うと？」への答え：瑕疵担保責任は品確法・建替円滑化法等分野では民法に関する重要概念です。根拠は民法。条文番号と要件をメモに書き出して確認する。条文番号と要件をメモに書き出して確認する。条文番号と要件をメモに書き出して確認する。公式テキスト該当章を開く。,瑕疵担保責任と混同しやすい論点は？,試験の出方：民法の根拠を明示できる。四択では条件の主語と効果を分離して読む。過去問で出題形式と正答率を週1回チェックする。過去問で出題形式と正答率を週1回チェックする。過去問で出題形式と正答率を週1回チェックする。過去問で出題形式と正答率を週1回チェックする。過去問1問で正答率を記録する。,誤答の典型：瑕疵担保責任を類似語と同一視する;要件の一部だけ暗記して判断する;最新の改正・規約改定を見落とす。一語差の選択肢に注意。誤答肢のパターンを比較表に整理して復習する。誤答肢のパターンを比較表に整理して復習する。誤答肢のパターンを比較表に整理して復習する。誤答肢を比較表に書き出す。,瑕疵担保責任とは何ですか？,学習の次段：「品質確保促進法」と比較表で整理し、numbers / compare から過去問へ。関連用語ハブと比較ページへ進んで定着を確認する。関連用語ハブと比較ページへ進んで定着を確認する。関連用語ハブと比較ページへ進んで定着を確認する。用語ハブ compare へ進む。,瑕疵担保責任とは何ですか？
瑕疵担保責任の追完,品確法・建替円滑化法等,品確法・建替円滑化法等;瑕疵,瑕疵担保責任の追完は品確法・建替円滑化法等分野では品質確保促進法に関する重要概念です。,瑕疵担保責任の追完は、瑕疵担保責任の追完は品確法・建替円滑化法等分野では品質確保促進法に関する重要概念です。住宅品質確保と建替え手続の関連法令。,品質確保促進法;既存住宅状況調査;建替え等円滑化法,品質確保促進法,B,過去問では瑕疵担保責任の追完の定義・要件・効果を条文・規約根拠と対応づけるが問われます。瑕疵担保責任の追完を類似語と同一視する選択肢に注意してください。瑕疵担保責任の追完は品確法・建替円滑化法等分野では品質確保促進法に関する重要。,瑕疵担保責任の追完とは？管理業務主任者試験で押さえる意味と試験ポイント,瑕疵担保責任の追完の意味と管理業務主任者試験での判定ポイントを、品質確保促進法の文脈で整理します。瑕疵担保責任の追完は、瑕疵担保責任の追完は品確法・建替円滑化法等分野では品質確保促進法に関する重要概念です。住宅品質確保と建替え手続の関連法令。,"瑕疵担保責任の追完は品確法・建替円滑化法等分野では品質確保促進法に関する重要概念です。管理業務主任者試験では、品質確保促進法を根拠に定義・要件・効果を問う問題が出ます。

実務・試験ともに「瑕疵担保責任の追完の定義・要件・効果を条文・規約根拠と対応づける」が判断の軸になります。選択肢では瑕疵担保責任の追完を類似語と同一視する肢が多いため、要件の欠けた肢を消去する思考が有効です。

瑕疵担保責任の追完は品質確保促進法、既存住宅状況調査、建替え等円滑化法とセットで整理すると理解が定着します。管業マスターの過去問・実践演習で品確法・建替円滑化法等フィルタを使い、関連問題を解き直してください。","<table class=""seo-info-table""><thead><tr><th>比較</th><th>瑕疵担保責任の追完</th><th>品質確保促進法</th></tr></thead><tbody><tr><th>覚え方</th><td>瑕疵担保責任の追完の定義・要件・効果を条文・規約根拠と対応づける</td><td>関連ページで対比</td></tr></tbody></table>",瑕疵担保責任の追完の定義・要件・効果を条文・規約根拠と対応づける;品質確保促進法の根拠を明示できる;関連語（品質確保促進法、既存住宅状況調査、建替え等円滑化法）との違いを説明できる,瑕疵担保責任の追完を類似語と同一視する;要件の一部だけ暗記して判断する;最新の改正・規約改定を見落とす。,瑕疵担保責任の追完＝品質確保促進法。品質確保促進法と表で対比。,瑕疵担保責任の追完に関する記述として最も不適切なものを選べ。,品確法・建替円滑化法等の原則に照らし、主体・時期・要件のいずれかを欠く選択肢を誤りとして判定する。,瑕疵担保責任の追完の定義を試験用に一言で言うと？,「瑕疵担保責任の追完の定義を試験用に一言で言うと？」への答え：瑕疵担保責任の追完は品確法・建替円滑化法等分野では品質確保促進法に関する重要概念です。根拠は品質確保促進法。条文番号と要件をメモに書き出して確認する。条文番号と要件をメモに書き出して確認する。公式テキスト該当章を開く。,瑕疵担保責任の追完と混同しやすい論点は？,試験の出方：品質確保促進法の根拠を明示できる。四択では条件の主語と効果を分離して読む。過去問で出題形式と正答率を週1回チェックする。過去問で出題形式と正答率を週1回チェックする。過去問で出題形式と正答率を週1回チェックする。過去問で出題形式と正答率を週1回チェックする。過去問1問で正答率を記録する。,誤答の典型：瑕疵担保責任の追完を類似語と同一視する;要件の一部だけ暗記して判断する;最新の改正・規約改定を見落とす。一語差の選択肢に注意。誤答肢のパターンを比較表に整理して復習する。誤答肢のパターンを比較表に整理して復習する。誤答肢のパターンを比較表に整理して復習する。誤答肢を比較表に書き出す。,瑕疵担保責任の追完とは何ですか？,学習の次段：「品質確保促進法」と比較表で整理し、numbers / compare から過去問へ。関連用語ハブと比較ページへ進んで定着を確認する。関連用語ハブと比較ページへ進んで定着を確認する。関連用語ハブと比較ページへ進んで定着を確認する。用語ハブ compare へ進む。,瑕疵担保責任の追完とは何ですか？
用途地域,建築・設備,建築・設備;都市計画,用途地域は建築・設備分野では都市計画法に関する重要概念です。,用途地域は、用途地域は建築・設備分野では都市計画法に関する重要概念です。建築基準法・消防法・昇降機規則等に基づく建物・設備の安全と維持。,建築基準法;エレベーター;昇降機,都市計画法,B,過去問では用途地域の定義・要件・効果を条文・規約根拠と対応づけるが問われます。用途地域を類似語と同一視する選択肢に注意してください。用途地域は建築・設備分野では都市計画法に関する重要概念です。管理業務主任者。,用途地域とは？管理業務主任者で押さえる意味と試験ポイント,用途地域の意味と管理業務主任者試験での判定ポイントを、都市計画法の文脈で整理します。用途地域は、用途地域は建築・設備分野では都市計画法に関する重要概念です。建築基準法・消防法・昇降機規則等に基づく建物・設備の安全と維持。,"用途地域は建築・設備分野では都市計画法に関する重要概念です。管理業務主任者試験では、都市計画法を根拠に定義・要件・効果を問う問題が出ます。

実務・試験ともに「用途地域の定義・要件・効果を条文・規約根拠と対応づける」が判断の軸になります。選択肢では用途地域を類似語と同一視する肢が多いため、要件の欠けた肢を消去する思考が有効です。

用途地域は建築基準法、エレベーター、昇降機とセットで整理すると理解が定着します。管業マスターの過去問・実践演習で建築・設備フィルタを使い、関連問題を解き直してください。","<table class=""seo-info-table""><thead><tr><th>比較</th><th>用途地域</th><th>建築基準法</th></tr></thead><tbody><tr><th>覚え方</th><td>用途地域の定義・要件・効果を条文・規約根拠と対応づける</td><td>関連ページで対比</td></tr></tbody></table>",用途地域の定義・要件・効果を条文・規約根拠と対応づける;都市計画法の根拠を明示できる;関連語（建築基準法、エレベーター、昇降機）との違いを説明できる,用途地域を類似語と同一視する;要件の一部だけ暗記して判断する;最新の改正・規約改定を見落とす。,用途地域＝都市計画法。建築基準法と表で対比。（関連用語とセットで暗記）。,用途地域に関する次の記述のうち、最も適切でないものはどれか。,用途地域の定義・要件と照らし、条件を満たさない選択肢を選ぶ。,用途地域の定義を試験用に一言で言うと？,「用途地域の定義を試験用に一言で言うと？」への答え：用途地域は建築・設備分野では都市計画法に関する重要概念です。根拠は都市計画法。条文番号と要件をメモに書き出して確認する。条文番号と要件をメモに書き出して確認する。条文番号と要件をメモに書き出して確認する。公式テキスト該当章を開く。,用途地域と混同しやすい論点は？,試験の出方：都市計画法の根拠を明示できる。四択では条件の主語と効果を分離して読む。過去問で出題形式と正答率を週1回チェックする。過去問で出題形式と正答率を週1回チェックする。過去問で出題形式と正答率を週1回チェックする。過去問で出題形式と正答率を週1回チェックする。過去問1問で正答率を記録する。,誤答の典型：用途地域を類似語と同一視する;要件の一部だけ暗記して判断する;最新の改正・規約改定を見落とす。一語差の選択肢に注意。誤答肢のパターンを比較表に整理して復習する。誤答肢のパターンを比較表に整理して復習する。誤答肢のパターンを比較表に整理して復習する。誤答肢を比較表に書き出す。,用途地域とは何ですか？,学習の次段：「建築基準法」と比較表で整理し、numbers / compare から過去問へ。関連用語ハブと比較ページへ進んで定着を確認する。関連用語ハブと比較ページへ進んで定着を確認する。関連用語ハブと比較ページへ進んで定着を確認する。関連用語ハブと比較ページへ進んで定着を確認する。用語ハブ compare へ進む。,用途地域とは何ですか？
登録管理業務主任者,管理適正化法,管理適正化法;資格,登録管理業務主任者は管理適正化法分野では管理適正化法に関する重要概念です。,登録管理業務主任者は、登録管理業務主任者は管理適正化法分野では管理適正化法に関する重要概念です。マンション管理の適正化を推進する法律。資格・73条書面・管理計画。,マンション等の管理の適正化の推進に関する法律;管理計画認定制度;管理業務主任者,管理適正化法,B,過去問では登録管理業務主任者の定義・要件・効果を条文・規約根拠と対応づけるが問われます。登録管理業務主任者を類似語と同一視する選択肢に注意してください。登録管理業務主任者は管理適正化法分野では管理適正化法に関する重要概念です。,登録管理業務主任者とは？管理業務主任者で押さえる意味と試験ポイント,登録管理業務主任者の意味と管理業務主任者試験での判定ポイントを、管理適正化法の文脈で整理します。登録管理業務主任者は、登録管理業務主任者は管理適正化法分野では管理適正化法に関する重要概念です。マンション管理の適正化を推進する法律。資格・73条書面・管理計画。,"登録管理業務主任者は管理適正化法分野では管理適正化法に関する重要概念です。管理業務主任者試験では、管理適正化法を根拠に定義・要件・効果を問う問題が出ます。

実務・試験ともに「登録管理業務主任者の定義・要件・効果を条文・規約根拠と対応づける」が判断の軸になります。選択肢では登録管理業務主任者を類似語と同一視する肢が多いため、要件の欠けた肢を消去する思考が有効です。

登録管理業務主任者はマンション等の管理の適正化の推進に関する法律、管理計画認定制度、管理業務主任者とセットで整理すると理解が定着します。管業マスターの過去問・実践演習で管理適正化法フィルタを使い、関連問題を解き直してください。","<table class=""seo-info-table""><thead><tr><th>比較</th><th>登録管理業務主任者</th><th>マンション等の管理の適正化の推進に関する法律</th></tr></thead><tbody><tr><th>覚え方</th><td>登録管理業務主任者の定義・要件・効果を条文・規約根拠と対応づける</td><td>関連ページで対比</td></tr></tbody></table>",登録管理業務主任者の定義・要件・効果を条文・規約根拠と対応づける;管理適正化法の根拠を明示できる;関連語（マンション等の管理の適正化の推進に関する法律、管理計画認定制度、管理業務主任者）との違いを説明できる,登録管理業務主任者を類似語と同一視する;要件の一部だけ暗記して判断する;最新の改正・規約改定を見落とす。,登録管理業務主任者＝管理適正化法。マンション等の管理の適正化の推進に関する法律と表で対比。,登録管理業務主任者に関する次の記述のうち、最も適切でないものはどれか。,登録管理業務主任者の定義・要件と照らし、条件を満たさない選択肢を選ぶ。,登録管理業務主任者の定義を試験用に一言で言うと？,「登録管理業務主任者の定義を試験用に一言で言うと？」への答え：登録管理業務主任者は管理適正化法分野では管理適正化法に関する重要概念です。根拠は管理適正化法。条文番号と要件をメモに書き出して確認する。条文番号と要件をメモに書き出して確認する。公式テキスト該当章を開く。,登録管理業務主任者と混同しやすい論点は？,試験の出方：管理適正化法の根拠を明示できる。四択では条件の主語と効果を分離して読む。過去問で出題形式と正答率を週1回チェックする。過去問で出題形式と正答率を週1回チェックする。過去問で出題形式と正答率を週1回チェックする。過去問で出題形式と正答率を週1回チェックする。過去問1問で正答率を記録する。,誤答の典型：登録管理業務主任者を類似語と同一視する;要件の一部だけ暗記して判断する;最新の改正・規約改定を見落とす。一語差の選択肢に注意。誤答肢のパターンを比較表に整理して復習する。誤答肢のパターンを比較表に整理して復習する。誤答肢のパターンを比較表に整理して復習する。誤答肢を比較表に書き出す。,登録管理業務主任者とは何ですか？,学習の次段：「マンション等の管理の適正化の推進に関する法律」と比較表で整理し、numbers / compare から過去問へ。関連用語ハブと比較ページへ進んで定着を確認する。関連用語ハブと比較ページへ進んで定着を確認する。関連用語ハブと比較ページへ進んで定着を確認する。用語ハブ compare へ進む。,登録管理業務主任者とは何ですか？
監事,区分所有法,区分所有法;組織,監事は区分所有法分野では区分所有法第38条に関する重要概念です。,監事は、監事は区分所有法分野では区分所有法第38条に関する重要概念です。マンション等の区分所有関係を定める基本法。専用部分・共用部分・管理組合が柱。,専有部分;共用部分;管理組合,区分所有法第38条,B,過去問では監事の定義・要件・効果を条文・規約根拠と対応づけるが問われます。監事を類似語と同一視する選択肢に注意してください。監事は区分所有法分野では区分所有法第38条に関する重要概念です。管理業務主。,監事とは？管理業務主任者試験で押さえる意味と試験ポイント,監事の意味と管理業務主任者試験での判定ポイントを、区分所有法第38条の文脈で整理します。監事は、監事は区分所有法分野では区分所有法第38条に関する重要概念です。マンション等の区分所有関係を定める基本法。専用部分・共用部分・管理組合が柱。,"監事は区分所有法分野では区分所有法第38条に関する重要概念です。管理業務主任者試験では、区分所有法第38条を根拠に定義・要件・効果を問う問題が出ます。

実務・試験ともに「監事の定義・要件・効果を条文・規約根拠と対応づける」が判断の軸になります。選択肢では監事を類似語と同一視する肢が多いため、要件の欠けた肢を消去する思考が有効です。

監事は専有部分、共用部分、管理組合とセットで整理すると理解が定着します。管業マスターの過去問・実践演習で区分所有法フィルタを使い、関連問題を解き直してください。","<table class=""seo-info-table""><thead><tr><th>比較</th><th>監事</th><th>専有部分</th></tr></thead><tbody><tr><th>覚え方</th><td>監事の定義・要件・効果を条文・規約根拠と対応づける</td><td>関連ページで対比</td></tr></tbody></table>",監事の定義・要件・効果を条文・規約根拠と対応づける;区分所有法第38条の根拠を明示できる;関連語（専有部分、共用部分、管理組合）との違いを説明できる,監事を類似語と同一視する;要件の一部だけ暗記して判断する;最新の改正・規約改定を見落とす。,監事＝区分所有法第38条。専有部分と表で対比。（関連用語とセットで暗記）。,監事に関する次の記述のうち、最も適切でないものはどれか。,監事の定義・要件と照らし、条件を満たさない選択肢を選ぶ。,監事の定義を試験用に一言で言うと？,「監事の定義を試験用に一言で言うと？」への答え：監事は区分所有法分野では区分所有法第38条に関する重要概念です。根拠は区分所有法第38条。条文番号と要件をメモに書き出して確認する。条文番号と要件をメモに書き出して確認する。条文番号と要件をメモに書き出して確認する。公式テキスト該当章を開く。,監事と混同しやすい論点は？,試験の出方：区分所有法第38条の根拠を明示できる。四択では条件の主語と効果を分離して読む。過去問で出題形式と正答率を週1回チェックする。過去問で出題形式と正答率を週1回チェックする。過去問で出題形式と正答率を週1回チェックする。過去問で出題形式と正答率を週1回チェックする。過去問1問で正答率を記録する。,誤答の典型：監事を類似語と同一視する;要件の一部だけ暗記して判断する;最新の改正・規約改定を見落とす。一語差の選択肢に注意。誤答肢のパターンを比較表に整理して復習する。誤答肢のパターンを比較表に整理して復習する。誤答肢のパターンを比較表に整理して復習する。誤答肢を比較表に書き出す。,監事とは何ですか？,学習の次段：「専有部分」と比較表で整理し、numbers / compare から過去問へ。関連用語ハブと比較ページへ進んで定着を確認する。関連用語ハブと比較ページへ進んで定着を確認する。関連用語ハブと比較ページへ進んで定着を確認する。関連用語ハブと比較ページへ進んで定着を確認する。用語ハブ compare へ進む。,監事とは何ですか？
監事の権限,標準管理規約,標準管理規約;監事,監事の権限は標準管理規約分野では標準管理規約に関する重要概念です。,監事の権限は、監事の権限は標準管理規約分野では標準管理規約に関する重要概念です。管理組合の運営ルールのモデル。総会・理事会・決議要件が頻出。,マンション標準管理規約;理事長;総会決議,標準管理規約,B,過去問では監事の権限の定義・要件・効果を条文・規約根拠と対応づけるが問われます。監事の権限を類似語と同一視する選択肢に注意してください。監事の権限は標準管理規約分野では標準管理規約に関する重要概念です。管理業務。,監事の権限とは？管理業務主任者試験で押さえる意味と試験ポイント,監事の権限の意味と管理業務主任者試験での判定ポイントを、標準管理規約の文脈で整理します。監事の権限は、監事の権限は標準管理規約分野では標準管理規約に関する重要概念です。管理組合の運営ルールのモデル。総会・理事会・決議要件が頻出。,"監事の権限は標準管理規約分野では標準管理規約に関する重要概念です。管理業務主任者試験では、標準管理規約を根拠に定義・要件・効果を問う問題が出ます。

実務・試験ともに「監事の権限の定義・要件・効果を条文・規約根拠と対応づける」が判断の軸になります。選択肢では監事の権限を類似語と同一視する肢が多いため、要件の欠けた肢を消去する思考が有効です。

監事の権限はマンション標準管理規約、理事長、総会決議とセットで整理すると理解が定着します。管業マスターの過去問・実践演習で標準管理規約フィルタを使い、関連問題を解き直してください。","<table class=""seo-info-table""><thead><tr><th>比較</th><th>監事の権限</th><th>マンション標準管理規約</th></tr></thead><tbody><tr><th>覚え方</th><td>監事の権限の定義・要件・効果を条文・規約根拠と対応づける</td><td>関連ページで対比</td></tr></tbody></table>",監事の権限の定義・要件・効果を条文・規約根拠と対応づける;標準管理規約の根拠を明示できる;関連語（マンション標準管理規約、理事長、総会決議）との違いを説明できる,監事の権限を類似語と同一視する;要件の一部だけ暗記して判断する;最新の改正・規約改定を見落とす。,監事の権限＝標準管理規約。マンション標準管理規約と表で対比。,監事の権限に関する次の記述のうち、最も適切でないものはどれか。,監事の権限の定義・要件と照らし、条件を満たさない選択肢を選ぶ。,監事の権限の定義を試験用に一言で言うと？,「監事の権限の定義を試験用に一言で言うと？」への答え：監事の権限は標準管理規約分野では標準管理規約に関する重要概念です。根拠は標準管理規約。条文番号と要件をメモに書き出して確認する。条文番号と要件をメモに書き出して確認する。条文番号と要件をメモに書き出して確認する。公式テキスト該当章を開く。,監事の権限と混同しやすい論点は？,試験の出方：標準管理規約の根拠を明示できる。四択では条件の主語と効果を分離して読む。過去問で出題形式と正答率を週1回チェックする。過去問で出題形式と正答率を週1回チェックする。過去問で出題形式と正答率を週1回チェックする。過去問で出題形式と正答率を週1回チェックする。過去問1問で正答率を記録する。,誤答の典型：監事の権限を類似語と同一視する;要件の一部だけ暗記して判断する;最新の改正・規約改定を見落とす。一語差の選択肢に注意。誤答肢のパターンを比較表に整理して復習する。誤答肢のパターンを比較表に整理して復習する。誤答肢のパターンを比較表に整理して復習する。誤答肢を比較表に書き出す。,監事の権限とは何ですか？,学習の次段：「マンション標準管理規約」と比較表で整理し、numbers / compare から過去問へ。関連用語ハブと比較ページへ進んで定着を確認する。関連用語ハブと比較ページへ進んで定着を確認する。関連用語ハブと比較ページへ進んで定着を確認する。用語ハブ compare へ進む。,監事の権限とは何ですか？
監査,会計・税務,会計・税務;会計,監査は会計・税務分野では標準管理規約に関する重要概念です。,監査は、監査は会計・税務分野では標準管理規約に関する重要概念です。管理組合の会計処理・財務報告・税務上の取扱い。,管理費等;前受金;預り金,標準管理規約,B,過去問では監査の定義・要件・効果を条文・規約根拠と対応づけるが問われます。監査を類似語と同一視する選択肢に注意してください。監査は会計・税務分野では標準管理規約に関する重要概念です。管理業務主任者試。,監査とは？管理業務主任者で押さえる意味と試験ポイント,監査の意味と管理業務主任者試験での判定ポイントを、標準管理規約の文脈で整理します。監査は、監査は会計・税務分野では標準管理規約に関する重要概念です。管理組合の会計処理・財務報告・税務上の取扱い。,"監査は会計・税務分野では標準管理規約に関する重要概念です。管理業務主任者試験では、標準管理規約を根拠に定義・要件・効果を問う問題が出ます。

実務・試験ともに「監査の定義・要件・効果を条文・規約根拠と対応づける」が判断の軸になります。選択肢では監査を類似語と同一視する肢が多いため、要件の欠けた肢を消去する思考が有効です。

監査は管理費等、前受金、預り金とセットで整理すると理解が定着します。管業マスターの過去問・実践演習で会計・税務フィルタを使い、関連問題を解き直してください。","<table class=""seo-info-table""><thead><tr><th>比較</th><th>監査</th><th>管理費等</th></tr></thead><tbody><tr><th>覚え方</th><td>監査の定義・要件・効果を条文・規約根拠と対応づける</td><td>関連ページで対比</td></tr></tbody></table>",監査の定義・要件・効果を条文・規約根拠と対応づける;標準管理規約の根拠を明示できる;関連語（管理費等、前受金、預り金）との違いを説明できる,監査を類似語と同一視する;要件の一部だけ暗記して判断する;最新の改正・規約改定を見落とす。,監査＝標準管理規約。管理費等と表で対比。（関連用語とセットで暗記）。,監査に関する次の記述のうち、最も適切でないものはどれか。,監査の定義・要件と照らし、条件を満たさない選択肢を選ぶ。,監査の定義を試験用に一言で言うと？,「監査の定義を試験用に一言で言うと？」への答え：監査は会計・税務分野では標準管理規約に関する重要概念です。根拠は標準管理規約。条文番号と要件をメモに書き出して確認する。条文番号と要件をメモに書き出して確認する。条文番号と要件をメモに書き出して確認する。公式テキスト該当章を開く。,監査と混同しやすい論点は？,試験の出方：標準管理規約の根拠を明示できる。四択では条件の主語と効果を分離して読む。過去問で出題形式と正答率を週1回チェックする。過去問で出題形式と正答率を週1回チェックする。過去問で出題形式と正答率を週1回チェックする。過去問で出題形式と正答率を週1回チェックする。過去問1問で正答率を記録する。,誤答の典型：監査を類似語と同一視する;要件の一部だけ暗記して判断する;最新の改正・規約改定を見落とす。一語差の選択肢に注意。誤答肢のパターンを比較表に整理して復習する。誤答肢のパターンを比較表に整理して復習する。誤答肢のパターンを比較表に整理して復習する。誤答肢を比較表に書き出す。,監査とは何ですか？,学習の次段：「管理費等」と比較表で整理し、numbers / compare から過去問へ。関連用語ハブと比較ページへ進んで定着を確認する。関連用語ハブと比較ページへ進んで定着を確認する。関連用語ハブと比較ページへ進んで定着を確認する。関連用語ハブと比較ページへ進んで定着を確認する。用語ハブ compare へ進む。,監査とは何ですか？
監査報告,会計・税務,会計・税務;監査,監査報告は会計・税務分野では標準管理規約に関する重要概念です。,監査報告は、監査報告は会計・税務分野では標準管理規約に関する重要概念です。管理組合の会計処理・財務報告・税務上の取扱い。,管理費等;前受金;預り金,標準管理規約,B,過去問では監査報告の定義・要件・効果を条文・規約根拠と対応づけるが問われます。監査報告を類似語と同一視する選択肢に注意してください。監査報告は会計・税務分野では標準管理規約に関する重要概念です。管理業務主任。,監査報告とは？管理業務主任者で押さえる意味と試験ポイント,監査報告の意味と管理業務主任者試験での判定ポイントを、標準管理規約の文脈で整理します。監査報告は、監査報告は会計・税務分野では標準管理規約に関する重要概念です。管理組合の会計処理・財務報告・税務上の取扱い。,"監査報告は会計・税務分野では標準管理規約に関する重要概念です。管理業務主任者試験では、標準管理規約を根拠に定義・要件・効果を問う問題が出ます。

実務・試験ともに「監査報告の定義・要件・効果を条文・規約根拠と対応づける」が判断の軸になります。選択肢では監査報告を類似語と同一視する肢が多いため、要件の欠けた肢を消去する思考が有効です。

監査報告は管理費等、前受金、預り金とセットで整理すると理解が定着します。管業マスターの過去問・実践演習で会計・税務フィルタを使い、関連問題を解き直してください。","<table class=""seo-info-table""><thead><tr><th>比較</th><th>監査報告</th><th>管理費等</th></tr></thead><tbody><tr><th>覚え方</th><td>監査報告の定義・要件・効果を条文・規約根拠と対応づける</td><td>関連ページで対比</td></tr></tbody></table>",監査報告の定義・要件・効果を条文・規約根拠と対応づける;標準管理規約の根拠を明示できる;関連語（管理費等、前受金、預り金）との違いを説明できる,監査報告を類似語と同一視する;要件の一部だけ暗記して判断する;最新の改正・規約改定を見落とす。,監査報告＝標準管理規約。管理費等と表で対比。（関連用語とセットで暗記）。,監査報告に関する次の記述のうち、最も適切でないものはどれか。,監査報告の定義・要件と照らし、条件を満たさない選択肢を選ぶ。,監査報告の定義を試験用に一言で言うと？,「監査報告の定義を試験用に一言で言うと？」への答え：監査報告は会計・税務分野では標準管理規約に関する重要概念です。根拠は標準管理規約。条文番号と要件をメモに書き出して確認する。条文番号と要件をメモに書き出して確認する。条文番号と要件をメモに書き出して確認する。公式テキスト該当章を開く。,監査報告と混同しやすい論点は？,試験の出方：標準管理規約の根拠を明示できる。四択では条件の主語と効果を分離して読む。過去問で出題形式と正答率を週1回チェックする。過去問で出題形式と正答率を週1回チェックする。過去問で出題形式と正答率を週1回チェックする。過去問で出題形式と正答率を週1回チェックする。過去問1問で正答率を記録する。,誤答の典型：監査報告を類似語と同一視する;要件の一部だけ暗記して判断する;最新の改正・規約改定を見落とす。一語差の選択肢に注意。誤答肢のパターンを比較表に整理して復習する。誤答肢のパターンを比較表に整理して復習する。誤答肢のパターンを比較表に整理して復習する。誤答肢を比較表に書き出す。,監査報告とは何ですか？,学習の次段：「管理費等」と比較表で整理し、numbers / compare から過去問へ。関連用語ハブと比較ページへ進んで定着を確認する。関連用語ハブと比較ページへ進んで定着を確認する。関連用語ハブと比較ページへ進んで定着を確認する。関連用語ハブと比較ページへ進んで定着を確認する。用語ハブ compare へ進む。,監査報告とは何ですか？
直接請求,区分所有法,区分所有法;訴訟,直接請求は区分所有法分野では区分所有法に関する重要概念です。,直接請求は、直接請求は区分所有法分野では区分所有法に関する重要概念です。マンション等の区分所有関係を定める基本法。専用部分・共用部分・管理組合が柱。,専有部分;共用部分;管理組合,区分所有法,B,過去問では直接請求の定義・要件・効果を条文・規約根拠と対応づけるが問われます。直接請求を類似語と同一視する選択肢に注意してください。直接請求は区分所有法分野では区分所有法に関する重要概念です。管理業務主任者。,直接請求とは？管理業務主任者試験で押さえる意味と試験ポイント,直接請求の意味と管理業務主任者試験での判定ポイントを、区分所有法の文脈で整理します。直接請求は、直接請求は区分所有法分野では区分所有法に関する重要概念です。マンション等の区分所有関係を定める基本法。専用部分・共用部分・管理組合が柱。,"直接請求は区分所有法分野では区分所有法に関する重要概念です。管理業務主任者試験では、区分所有法を根拠に定義・要件・効果を問う問題が出ます。

実務・試験ともに「直接請求の定義・要件・効果を条文・規約根拠と対応づける」が判断の軸になります。選択肢では直接請求を類似語と同一視する肢が多いため、要件の欠けた肢を消去する思考が有効です。

直接請求は専有部分、共用部分、管理組合とセットで整理すると理解が定着します。管業マスターの過去問・実践演習で区分所有法フィルタを使い、関連問題を解き直してください。","<table class=""seo-info-table""><thead><tr><th>比較</th><th>直接請求</th><th>専有部分</th></tr></thead><tbody><tr><th>覚え方</th><td>直接請求の定義・要件・効果を条文・規約根拠と対応づける</td><td>関連ページで対比</td></tr></tbody></table>",直接請求の定義・要件・効果を条文・規約根拠と対応づける;区分所有法の根拠を明示できる;関連語（専有部分、共用部分、管理組合）との違いを説明できる,直接請求を類似語と同一視する;要件の一部だけ暗記して判断する;最新の改正・規約改定を見落とす。,直接請求＝区分所有法。専有部分と表で対比。（関連用語とセットで暗記）。,直接請求に関する次の記述のうち、最も適切でないものはどれか。,直接請求の定義・要件と照らし、条件を満たさない選択肢を選ぶ。,直接請求の定義を試験用に一言で言うと？,「直接請求の定義を試験用に一言で言うと？」への答え：直接請求は区分所有法分野では区分所有法に関する重要概念です。根拠は区分所有法。条文番号と要件をメモに書き出して確認する。条文番号と要件をメモに書き出して確認する。条文番号と要件をメモに書き出して確認する。公式テキスト該当章を開く。,直接請求と混同しやすい論点は？,試験の出方：区分所有法の根拠を明示できる。四択では条件の主語と効果を分離して読む。過去問で出題形式と正答率を週1回チェックする。過去問で出題形式と正答率を週1回チェックする。過去問で出題形式と正答率を週1回チェックする。過去問で出題形式と正答率を週1回チェックする。過去問1問で正答率を記録する。,誤答の典型：直接請求を類似語と同一視する;要件の一部だけ暗記して判断する;最新の改正・規約改定を見落とす。一語差の選択肢に注意。誤答肢のパターンを比較表に整理して復習する。誤答肢のパターンを比較表に整理して復習する。誤答肢のパターンを比較表に整理して復習する。誤答肢を比較表に書き出す。,直接請求とは何ですか？,学習の次段：「専有部分」と比較表で整理し、numbers / compare から過去問へ。関連用語ハブと比較ページへ進んで定着を確認する。関連用語ハブと比較ページへ進んで定着を確認する。関連用語ハブと比較ページへ進んで定着を確認する。関連用語ハブと比較ページへ進んで定着を確認する。用語ハブ compare へ進む。,直接請求とは何ですか？
相殺,民法・借地借家法,民法・借地借家法;頻出;債権,互いに同種の債権を有する場合に対等額で消滅させる制度（民法505条）。,相殺は、互いに同種の債権を有する場合に対等額で消滅させる制度（民法505条）。民法・借地借家法の重要論点。,同時履行の抗弁;催告解除;無催告解除,民法第505条,A,過去問では同種・対立・弁済期が問われます。任意相殺と混同選択肢に注意してください。互いに同種の債権を有する場合に対等額で消滅させる制度（民法505条）。管理業務。,相殺とは？管理業務主任者試験で押さえる意味と試験ポイント,相殺の意味と管理業務主任者試験での判定ポイントを、民法第505条の文脈で整理します。相殺は、互いに同種の債権を有する場合に対等額で消滅させる制度（民法505条）。民法・借地借家法の重要論点。,"互いに同種の債権を有する場合に対等額で消滅させる制度（民法505条）。管理業務主任者試験では、民法第505条を根拠に定義・要件・効果を問う問題が出ます。

実務・試験ともに「同種・対立・弁済期」が判断の軸になります。選択肢では任意相殺と混同肢が多いため、要件の欠けた肢を消去する思考が有効です。

相殺は同時履行の抗弁、催告解除、無催告解除とセットで整理すると理解が定着します。管業マスターの過去問・実践演習で民法・借地借家法フィルタを使い、関連問題を解き直してください。","<table class=""seo-info-table""><thead><tr><th>比較項目</th><th>相殺</th><th>代位弁済</th></tr></thead><tbody><tr><th>債務消滅の仕組み</th><td>対立債権の対当額で消滅</td><td>第三者弁済後に求償関係へ移行</td></tr><tr><th>出題の軸</th><td>相殺適状の有無</td><td>弁済者の法的地位</td></tr></tbody></table>",同種・対立・弁済期;民法第505条の根拠を明示できる;関連語（同時履行の抗弁、催告解除、無催告解除）との違いを説明できる,任意相殺と混同;要件の一部だけ暗記して判断する;最新の改正・規約改定を見落とす （過去問で要注意）。,相殺＝民法第505条。債権譲渡と表で対比。（関連用語とセットで暗記）。,相殺に関する次の記述のうち、最も適切でないものはどれか。,同種・対立・弁済期。任意相殺と混同とする記述が誤りになりやすい。,相殺の定義を試験用に一言で言うと？,「相殺の定義を試験用に一言で言うと？」への答え：互いに同種の債権を有する場合に対等額で消滅させる制度（民法505条）。根拠は民法第505条。条文番号と要件をメモに書き出して確認する。条文番号と要件をメモに書き出して確認する。条文番号と要件をメモに書き出して確認する。公式テキスト該当章を開く。,相殺と混同しやすい論点は？,試験の出方：民法第505条の根拠を明示できる。四択では条件の主語と効果を分離して読む。過去問で出題形式と正答率を週1回チェックする。過去問で出題形式と正答率を週1回チェックする。過去問で出題形式と正答率を週1回チェックする。過去問で出題形式と正答率を週1回チェックする。過去問1問で正答率を記録する。,誤答の典型：任意相殺と混同;要件の一部だけ暗記して判断する;最新の改正・規約改定を見落とす （過去問で要注意）。一語差の選択肢に注意。誤答肢のパターンを比較表に整理して復習する。誤答肢のパターンを比較表に整理して復習する。誤答肢のパターンを比較表に整理して復習する。誤答肢を比較表に書き出す。,相殺とは何ですか？,学習の次段：「同時履行の抗弁」と比較表で整理し、numbers / compare から過去問へ。関連用語ハブと比較ページへ進んで定着を確認する。関連用語ハブと比較ページへ進んで定着を確認する。関連用語ハブと比較ページへ進んで定着を確認する。用語ハブ compare へ進む。,相殺とは何ですか？
相続と区分所有,判例・横断総合,判例・横断総合;相続,相続と区分所有は複数分野にまたがる論点で、比較表で整理すると得点しやすくなります。,相続と区分所有は、相続と区分所有は複数分野にまたがる論点で、比較表で整理すると得点しやすくなります。判例・複数分野を横断する論点。比較整理が得点の鍵。,主徴費;管理不全;組合の法人格,区分所有法,B,過去問では相続と区分所有の定義・要件・効果を条文・規約根拠と対応づけるが問われます。相続と区分所有を類似語と同一視する選択肢に注意してください。相続と区分所有は複数分野にまたがる論点で、比較表で整理すると得点しやすくなります。,相続と区分所有とは？管理業務主任者試験で押さえる意味と試験ポイント,相続と区分所有の意味と管理業務主任者試験での判定ポイントを、区分所有法の文脈で整理します。相続と区分所有は、相続と区分所有は複数分野にまたがる論点で、比較表で整理すると得点しやすくなります。判例・複数分野を横断する論点。比較整理が得点の鍵。,"相続と区分所有は複数分野にまたがる論点で、比較表で整理すると得点しやすくなります。管理業務主任者試験では、区分所有法を根拠に定義・要件・効果を問う問題が出ます。

実務・試験ともに「相続と区分所有の定義・要件・効果を条文・規約根拠と対応づける」が判断の軸になります。選択肢では相続と区分所有を類似語と同一視する肢が多いため、要件の欠けた肢を消去する思考が有効です。

相続と区分所有は主徴費、管理不全、組合の法人格とセットで整理すると理解が定着します。管業マスターの過去問・実践演習で判例・横断総合フィルタを使い、関連問題を解き直してください。","<table class=""seo-info-table""><thead><tr><th>比較</th><th>相続と区分所有</th><th>主徴費</th></tr></thead><tbody><tr><th>覚え方</th><td>相続と区分所有の定義・要件・効果を条文・規約根拠と対応づける</td><td>関連ページで対比</td></tr></tbody></table>",相続と区分所有の定義・要件・効果を条文・規約根拠と対応づける;区分所有法の根拠を明示できる;関連語（主徴費、管理不全、組合の法人格）との違いを説明できる,相続と区分所有を類似語と同一視する;要件の一部だけ暗記して判断する;最新の改正・規約改定を見落とす。,相続と区分所有＝区分所有法。主徴費と表で対比。（関連用語とセットで暗記）。,相続と区分所有に関する次の記述のうち、最も適切でないものはどれか。,相続と区分所有の定義・要件と照らし、条件を満たさない選択肢を選ぶ。,相続と区分所有の定義を試験用に一言で言うと？,「相続と区分所有の定義を試験用に一言で言うと？」への答え：相続と区分所有は複数分野にまたがる論点で、比較表で整理すると得点しやすくなります。根拠は区分所有法。条文番号と要件をメモに書き出して確認する。条文番号と要件をメモに書き出して確認する。公式テキスト該当章を開く。,相続と区分所有と混同しやすい論点は？,試験の出方：区分所有法の根拠を明示できる。四択では条件の主語と効果を分離して読む。過去問で出題形式と正答率を週1回チェックする。過去問で出題形式と正答率を週1回チェックする。過去問で出題形式と正答率を週1回チェックする。過去問で出題形式と正答率を週1回チェックする。過去問1問で正答率を記録する。,誤答の典型：相続と区分所有を類似語と同一視する;要件の一部だけ暗記して判断する;最新の改正・規約改定を見落とす。一語差の選択肢に注意。誤答肢のパターンを比較表に整理して復習する。誤答肢のパターンを比較表に整理して復習する。誤答肢のパターンを比較表に整理して復習する。誤答肢を比較表に書き出す。,相続と区分所有とは何ですか？,学習の次段：「主徴費」と比較表で整理し、numbers / compare から過去問へ。関連用語ハブと比較ページへ進んで定着を確認する。関連用語ハブと比較ページへ進んで定着を確認する。関連用語ハブと比較ページへ進んで定着を確認する。関連用語ハブと比較ページへ進んで定着を確認する。用語ハブ compare へ進む。,相続と区分所有とは何ですか？
秘密保持,標準管理委託契約書・指針,標準管理委託契約書・指針;契約,秘密保持は標準管理委託契約書・指針分野では標準管理委託契約書に関する重要概念です。,秘密保持は、秘密保持は標準管理委託契約書・指針分野では標準管理委託契約書に関する重要概念です。管理委託契約の標準条項。委託費・業務範囲・再委託。,マンション標準管理委託契約書;定額委託業務費;臨時委託業務,標準管理委託契約書,B,過去問では秘密保持の定義・要件・効果を条文・規約根拠と対応づけるが問われます。秘密保持を類似語と同一視する選択肢に注意してください。秘密保持は標準管理委託契約書・指針分野では標準管理委託契約書に関する重要概念。,秘密保持とは？管理業務主任者試験で押さえる意味と試験ポイント,秘密保持の意味と管理業務主任者試験での判定ポイントを、標準管理委託契約書の文脈で整理します。秘密保持は、秘密保持は標準管理委託契約書・指針分野では標準管理委託契約書に関する重要概念です。管理委託契約の標準条項。委託費・業務範囲・再委託。,"秘密保持は標準管理委託契約書・指針分野では標準管理委託契約書に関する重要概念です。管理業務主任者試験では、標準管理委託契約書を根拠に定義・要件・効果を問う問題が出ます。

実務・試験ともに「秘密保持の定義・要件・効果を条文・規約根拠と対応づける」が判断の軸になります。選択肢では秘密保持を類似語と同一視する肢が多いため、要件の欠けた肢を消去する思考が有効です。

秘密保持はマンション標準管理委託契約書、定額委託業務費、臨時委託業務とセットで整理すると理解が定着します。管業マスターの過去問・実践演習で標準管理委託契約書・指針フィルタを使い、関連問題を解き直してください。","<table class=""seo-info-table""><thead><tr><th>比較</th><th>秘密保持</th><th>マンション標準管理委託契約書</th></tr></thead><tbody><tr><th>覚え方</th><td>秘密保持の定義・要件・効果を条文・規約根拠と対応づける</td><td>関連ページで対比</td></tr></tbody></table>",秘密保持の定義・要件・効果を条文・規約根拠と対応づける;標準管理委託契約書の根拠を明示できる;関連語（マンション標準管理委託契約書、定額委託業務費、臨時委託業務）との違いを説明できる,秘密保持を類似語と同一視する;要件の一部だけ暗記して判断する;最新の改正・規約改定を見落とす。,秘密保持＝標準管理委託契約書。マンション標準管理委託契約書と表で対比。,秘密保持に関する記述として最も不適切なものを選べ。,標準管理委託契約書・指針の原則に照らし、主体・時期・要件のいずれかを欠く選択肢を誤りとして判定する。,秘密保持の定義を試験用に一言で言うと？,「秘密保持の定義を試験用に一言で言うと？」への答え：秘密保持は標準管理委託契約書・指針分野では標準管理委託契約書に関する重要概念です。根拠は標準管理委託契約書。条文番号と要件をメモに書き出して確認する。条文番号と要件をメモに書き出して確認する。公式テキスト該当章を開く。,秘密保持と混同しやすい論点は？,試験の出方：標準管理委託契約書の根拠を明示できる。四択では条件の主語と効果を分離して読む。過去問で出題形式と正答率を週1回チェックする。過去問で出題形式と正答率を週1回チェックする。過去問で出題形式と正答率を週1回チェックする。過去問で出題形式と正答率を週1回チェックする。過去問1問で正答率を記録する。,誤答の典型：秘密保持を類似語と同一視する;要件の一部だけ暗記して判断する;最新の改正・規約改定を見落とす。一語差の選択肢に注意。誤答肢のパターンを比較表に整理して復習する。誤答肢のパターンを比較表に整理して復習する。誤答肢のパターンを比較表に整理して復習する。誤答肢を比較表に書き出す。,秘密保持とは何ですか？,学習の次段：「マンション標準管理委託契約書」と比較表で整理し、numbers / compare から過去問へ。関連用語ハブと比較ページへ進んで定着を確認する。関連用語ハブと比較ページへ進んで定着を確認する。関連用語ハブと比較ページへ進んで定着を確認する。用語ハブ compare へ進む。,秘密保持とは何ですか？
積立金の使途,会計・税務,会計・税務;頻出;修繕,修繕・建替え等に限定。流用禁止が原則。,積立金の使途は、修繕・建替え等に限定。流用禁止が原則。管理組合の会計処理・財務報告・税務上の取扱い。,管理費等;前受金;預り金,区分所有法,A,過去問では積立金の使途の定義・要件・効果を条文・規約根拠と対応づけるが問われます。積立金の使途を類似語と同一視する選択肢に注意してください。修繕・建替え等に限定。流用禁止が原則。管理業務主任者試験では、区分所有法を根拠。,積立金の使途とは？管理業務主任者で押さえる意味と試験ポイント,積立金の使途の意味と管理業務主任者試験での判定ポイントを、区分所有法の文脈で整理します。積立金の使途は、修繕・建替え等に限定。流用禁止が原則。管理組合の会計処理・財務報告・税務上の取扱い。,"修繕・建替え等に限定。流用禁止が原則。管理業務主任者試験では、区分所有法を根拠に定義・要件・効果を問う問題が出ます。

実務・試験ともに「積立金の使途の定義・要件・効果を条文・規約根拠と対応づける」が判断の軸になります。選択肢では積立金の使途を類似語と同一視する肢が多いため、要件の欠けた肢を消去する思考が有効です。

積立金の使途は管理費等、前受金、預り金とセットで整理すると理解が定着します。管業マスターの過去問・実践演習で会計・税務フィルタを使い、関連問題を解き直してください。","<table class=""seo-info-table""><thead><tr><th>比較</th><th>積立金の使途</th><th>管理費等</th></tr></thead><tbody><tr><th>覚え方</th><td>積立金の使途の定義・要件・効果を条文・規約根拠と対応づける</td><td>関連ページで対比</td></tr></tbody></table>",積立金の使途の定義・要件・効果を条文・規約根拠と対応づける;区分所有法の根拠を明示できる;関連語（管理費等、前受金、預り金）との違いを説明できる,積立金の使途を類似語と同一視する;要件の一部だけ暗記して判断する;最新の改正・規約改定を見落とす。,積立金の使途＝区分所有法。管理費等と表で対比。（関連用語とセットで暗記）。,積立金の使途に関する次の記述のうち、最も適切でないものはどれか。,積立金の使途の定義・要件・効果を条文・規約根拠と対応づける。積立金の使途を類似語と同一視するとする記述が誤りになりやすい。,積立金の使途の定義を試験用に一言で言うと？,「積立金の使途の定義を試験用に一言で言うと？」への答え：修繕・建替え等に限定。流用禁止が原則。根拠は区分所有法。条文番号と要件をメモに書き出して確認する。条文番号と要件をメモに書き出して確認する。条文番号と要件をメモに書き出して確認する。条文番号と要件をメモに書き出して確認する。公式テキスト該当章を開く。,積立金の使途と混同しやすい論点は？,試験の出方：区分所有法の根拠を明示できる。四択では条件の主語と効果を分離して読む。過去問で出題形式と正答率を週1回チェックする。過去問で出題形式と正答率を週1回チェックする。過去問で出題形式と正答率を週1回チェックする。過去問で出題形式と正答率を週1回チェックする。過去問1問で正答率を記録する。,誤答の典型：積立金の使途を類似語と同一視する;要件の一部だけ暗記して判断する;最新の改正・規約改定を見落とす。一語差の選択肢に注意。誤答肢のパターンを比較表に整理して復習する。誤答肢のパターンを比較表に整理して復習する。誤答肢のパターンを比較表に整理して復習する。誤答肢を比較表に書き出す。,積立金の使途とは何ですか？,学習の次段：「管理費等」と比較表で整理し、numbers / compare から過去問へ。関連用語ハブと比較ページへ進んで定着を確認する。関連用語ハブと比較ページへ進んで定着を確認する。関連用語ハブと比較ページへ進んで定着を確認する。関連用語ハブと比較ページへ進んで定着を確認する。用語ハブ compare へ進む。,積立金の使途とは何ですか？
積載荷重,建築・設備,建築・設備;数値,積載荷重は建築・設備分野では昇降機安全規則に関する重要概念です。,積載荷重は、積載荷重は建築・設備分野では昇降機安全規則に関する重要概念です。建築基準法・消防法・昇降機規則等に基づく建物・設備の安全と維持。,建築基準法;エレベーター;昇降機,昇降機安全規則,B,過去問では積載荷重の定義・要件・効果を条文・規約根拠と対応づけるが問われます。積載荷重を類似語と同一視する選択肢に注意してください。積載荷重は建築・設備分野では昇降機安全規則に関する重要概念です。管理業務主。,積載荷重とは？管理業務主任者で押さえる意味と試験ポイント,積載荷重の意味と管理業務主任者試験での判定ポイントを、昇降機安全規則の文脈で整理します。積載荷重は、積載荷重は建築・設備分野では昇降機安全規則に関する重要概念です。建築基準法・消防法・昇降機規則等に基づく建物・設備の安全と維持。,"積載荷重は建築・設備分野では昇降機安全規則に関する重要概念です。管理業務主任者試験では、昇降機安全規則を根拠に定義・要件・効果を問う問題が出ます。

実務・試験ともに「積載荷重の定義・要件・効果を条文・規約根拠と対応づける」が判断の軸になります。選択肢では積載荷重を類似語と同一視する肢が多いため、要件の欠けた肢を消去する思考が有効です。

積載荷重は建築基準法、エレベーター、昇降機とセットで整理すると理解が定着します。管業マスターの過去問・実践演習で建築・設備フィルタを使い、関連問題を解き直してください。","<table class=""seo-info-table""><thead><tr><th>比較</th><th>積載荷重</th><th>建築基準法</th></tr></thead><tbody><tr><th>覚え方</th><td>積載荷重の定義・要件・効果を条文・規約根拠と対応づける</td><td>関連ページで対比</td></tr></tbody></table>",積載荷重の定義・要件・効果を条文・規約根拠と対応づける;昇降機安全規則の根拠を明示できる;関連語（建築基準法、エレベーター、昇降機）との違いを説明できる,積載荷重を類似語と同一視する;要件の一部だけ暗記して判断する;最新の改正・規約改定を見落とす。,積載荷重＝昇降機安全規則。建築基準法と表で対比。（関連用語とセットで暗記）。,積載荷重に関する次の記述のうち、最も適切でないものはどれか。,積載荷重の定義・要件と照らし、条件を満たさない選択肢を選ぶ。,積載荷重の定義を試験用に一言で言うと？,「積載荷重の定義を試験用に一言で言うと？」への答え：積載荷重は建築・設備分野では昇降機安全規則に関する重要概念です。根拠は昇降機安全規則。条文番号と要件をメモに書き出して確認する。条文番号と要件をメモに書き出して確認する。条文番号と要件をメモに書き出して確認する。公式テキスト該当章を開く。,積載荷重と混同しやすい論点は？,試験の出方：昇降機安全規則の根拠を明示できる。四択では条件の主語と効果を分離して読む。過去問で出題形式と正答率を週1回チェックする。過去問で出題形式と正答率を週1回チェックする。過去問で出題形式と正答率を週1回チェックする。過去問で出題形式と正答率を週1回チェックする。過去問1問で正答率を記録する。,誤答の典型：積載荷重を類似語と同一視する;要件の一部だけ暗記して判断する;最新の改正・規約改定を見落とす。一語差の選択肢に注意。誤答肢のパターンを比較表に整理して復習する。誤答肢のパターンを比較表に整理して復習する。誤答肢のパターンを比較表に整理して復習する。誤答肢を比較表に書き出す。,積載荷重とは何ですか？,学習の次段：「建築基準法」と比較表で整理し、numbers / compare から過去問へ。関連用語ハブと比較ページへ進んで定着を確認する。関連用語ハブと比較ページへ進んで定着を確認する。関連用語ハブと比較ページへ進んで定着を確認する。関連用語ハブと比較ページへ進んで定着を確認する。用語ハブ compare へ進む。,積載荷重とは何ですか？
立会人,標準管理規約,標準管理規約;総会,立会人は標準管理規約分野では標準管理規約に関する重要概念です。,立会人は、立会人は標準管理規約分野では標準管理規約に関する重要概念です。管理組合の運営ルールのモデル。総会・理事会・決議要件が頻出。,マンション標準管理規約;理事長;総会決議,標準管理規約,B,過去問では立会人の定義・要件・効果を条文・規約根拠と対応づけるが問われます。立会人を類似語と同一視する選択肢に注意してください。立会人は標準管理規約分野では標準管理規約に関する重要概念です。管理業務主任。,立会人とは？管理業務主任者試験で押さえる意味と試験ポイント,立会人の意味と管理業務主任者試験での判定ポイントを、標準管理規約の文脈で整理します。立会人は、立会人は標準管理規約分野では標準管理規約に関する重要概念です。管理組合の運営ルールのモデル。総会・理事会・決議要件が頻出。,"立会人は標準管理規約分野では標準管理規約に関する重要概念です。管理業務主任者試験では、標準管理規約を根拠に定義・要件・効果を問う問題が出ます。

実務・試験ともに「立会人の定義・要件・効果を条文・規約根拠と対応づける」が判断の軸になります。選択肢では立会人を類似語と同一視する肢が多いため、要件の欠けた肢を消去する思考が有効です。

立会人はマンション標準管理規約、理事長、総会決議とセットで整理すると理解が定着します。管業マスターの過去問・実践演習で標準管理規約フィルタを使い、関連問題を解き直してください。","<table class=""seo-info-table""><thead><tr><th>比較</th><th>立会人</th><th>マンション標準管理規約</th></tr></thead><tbody><tr><th>覚え方</th><td>立会人の定義・要件・効果を条文・規約根拠と対応づける</td><td>関連ページで対比</td></tr></tbody></table>",立会人の定義・要件・効果を条文・規約根拠と対応づける;標準管理規約の根拠を明示できる;関連語（マンション標準管理規約、理事長、総会決議）との違いを説明できる,立会人を類似語と同一視する;要件の一部だけ暗記して判断する;最新の改正・規約改定を見落とす。,立会人＝標準管理規約。マンション標準管理規約と表で対比。,立会人に関する次の記述のうち、最も適切でないものはどれか。,立会人の定義・要件と照らし、条件を満たさない選択肢を選ぶ。,立会人の定義を試験用に一言で言うと？,「立会人の定義を試験用に一言で言うと？」への答え：立会人は標準管理規約分野では標準管理規約に関する重要概念です。根拠は標準管理規約。条文番号と要件をメモに書き出して確認する。条文番号と要件をメモに書き出して確認する。条文番号と要件をメモに書き出して確認する。公式テキスト該当章を開く。,立会人と混同しやすい論点は？,試験の出方：標準管理規約の根拠を明示できる。四択では条件の主語と効果を分離して読む。過去問で出題形式と正答率を週1回チェックする。過去問で出題形式と正答率を週1回チェックする。過去問で出題形式と正答率を週1回チェックする。過去問で出題形式と正答率を週1回チェックする。過去問1問で正答率を記録する。,誤答の典型：立会人を類似語と同一視する;要件の一部だけ暗記して判断する;最新の改正・規約改定を見落とす。一語差の選択肢に注意。誤答肢のパターンを比較表に整理して復習する。誤答肢のパターンを比較表に整理して復習する。誤答肢のパターンを比較表に整理して復習する。誤答肢を比較表に書き出す。,立会人とは何ですか？,学習の次段：「マンション標準管理規約」と比較表で整理し、numbers / compare から過去問へ。関連用語ハブと比較ページへ進んで定着を確認する。関連用語ハブと比較ページへ進んで定着を確認する。関連用語ハブと比較ページへ進んで定着を確認する。用語ハブ compare へ進む。,立会人とは何ですか？
競売請求,区分所有法,区分所有法;滞納;回収,競売請求は区分所有法分野では区分所有法に関する重要概念です。,競売請求は、競売請求は区分所有法分野では区分所有法に関する重要概念です。マンション等の区分所有関係を定める基本法。専用部分・共用部分・管理組合が柱。,専有部分;共用部分;管理組合,区分所有法,B,過去問では競売請求の定義・要件・効果を条文・規約根拠と対応づけるが問われます。競売請求を類似語と同一視する選択肢に注意してください。競売請求は区分所有法分野では区分所有法に関する重要概念です。管理業務主任者。,競売請求とは？管理業務主任者試験で押さえる意味と試験ポイント,競売請求の意味と管理業務主任者試験での判定ポイントを、区分所有法の文脈で整理します。競売請求は、競売請求は区分所有法分野では区分所有法に関する重要概念です。マンション等の区分所有関係を定める基本法。専用部分・共用部分・管理組合が柱。,"競売請求は区分所有法分野では区分所有法に関する重要概念です。管理業務主任者試験では、区分所有法を根拠に定義・要件・効果を問う問題が出ます。

実務・試験ともに「競売請求の定義・要件・効果を条文・規約根拠と対応づける」が判断の軸になります。選択肢では競売請求を類似語と同一視する肢が多いため、要件の欠けた肢を消去する思考が有効です。

競売請求は専有部分、共用部分、管理組合とセットで整理すると理解が定着します。管業マスターの過去問・実践演習で区分所有法フィルタを使い、関連問題を解き直してください。","<table class=""seo-info-table""><thead><tr><th>比較</th><th>競売請求</th><th>専有部分</th></tr></thead><tbody><tr><th>覚え方</th><td>競売請求の定義・要件・効果を条文・規約根拠と対応づける</td><td>関連ページで対比</td></tr></tbody></table>",競売請求の定義・要件・効果を条文・規約根拠と対応づける;区分所有法の根拠を明示できる;関連語（専有部分、共用部分、管理組合）との違いを説明できる,競売請求を類似語と同一視する;要件の一部だけ暗記して判断する;最新の改正・規約改定を見落とす。,競売請求＝区分所有法。専有部分と表で対比。（関連用語とセットで暗記）。,競売請求に関する次の記述のうち、最も適切でないものはどれか。,競売請求の定義・要件と照らし、条件を満たさない選択肢を選ぶ。,競売請求の定義を試験用に一言で言うと？,「競売請求の定義を試験用に一言で言うと？」への答え：競売請求は区分所有法分野では区分所有法に関する重要概念です。根拠は区分所有法。条文番号と要件をメモに書き出して確認する。条文番号と要件をメモに書き出して確認する。条文番号と要件をメモに書き出して確認する。公式テキスト該当章を開く。,競売請求と混同しやすい論点は？,試験の出方：区分所有法の根拠を明示できる。四択では条件の主語と効果を分離して読む。過去問で出題形式と正答率を週1回チェックする。過去問で出題形式と正答率を週1回チェックする。過去問で出題形式と正答率を週1回チェックする。過去問で出題形式と正答率を週1回チェックする。過去問1問で正答率を記録する。,誤答の典型：競売請求を類似語と同一視する;要件の一部だけ暗記して判断する;最新の改正・規約改定を見落とす。一語差の選択肢に注意。誤答肢のパターンを比較表に整理して復習する。誤答肢のパターンを比較表に整理して復習する。誤答肢のパターンを比較表に整理して復習する。誤答肢を比較表に書き出す。,競売請求とは何ですか？,学習の次段：「専有部分」と比較表で整理し、numbers / compare から過去問へ。関連用語ハブと比較ページへ進んで定着を確認する。関連用語ハブと比較ページへ進んで定着を確認する。関連用語ハブと比較ページへ進んで定着を確認する。関連用語ハブと比較ページへ進んで定着を確認する。用語ハブ compare へ進む。,競売請求とは何ですか？
管理不全,判例・横断総合,判例・横断総合;頻出,管理組合・管理業務が機能不全な状態。判例・適正化法。,管理不全は、管理組合・管理業務が機能不全な状態。判例・適正化法。判例・複数分野を横断する論点。比較整理が得点の鍵。,主徴費;組合の法人格;管理者,判例,A,過去問では管理不全の定義・要件・効果を条文・規約根拠と対応づけるが問われます。管理不全を類似語と同一視する選択肢に注意してください。管理組合・管理業務が機能不全な状態。判例・適正化法。管理業務主任者試験では、判。,管理不全とは？管理業務主任者試験で押さえる意味と試験ポイント,管理不全の意味と管理業務主任者試験での判定ポイントを、判例の文脈で整理します。管理不全は、管理組合・管理業務が機能不全な状態。判例・適正化法。判例・複数分野を横断する論点。比較整理が得点の鍵。,"管理組合・管理業務が機能不全な状態。判例・適正化法。管理業務主任者試験では、判例を根拠に定義・要件・効果を問う問題が出ます。

実務・試験ともに「管理不全の定義・要件・効果を条文・規約根拠と対応づける」が判断の軸になります。選択肢では管理不全を類似語と同一視する肢が多いため、要件の欠けた肢を消去する思考が有効です。

管理不全は主徴費、組合の法人格、管理者とセットで整理すると理解が定着します。管業マスターの過去問・実践演習で判例・横断総合フィルタを使い、関連問題を解き直してください。","<table class=""seo-info-table""><thead><tr><th>比較</th><th>管理不全</th><th>主徴費</th></tr></thead><tbody><tr><th>覚え方</th><td>管理不全の定義・要件・効果を条文・規約根拠と対応づける</td><td>関連ページで対比</td></tr></tbody></table>",管理不全の定義・要件・効果を条文・規約根拠と対応づける;判例の根拠を明示できる;関連語（主徴費、組合の法人格、管理者）との違いを説明できる,管理不全を類似語と同一視する;要件の一部だけ暗記して判断する;最新の改正・規約改定を見落とす。,管理不全＝判例。主徴費と表で対比。（関連用語とセットで暗記）。,管理不全に関する次の記述のうち、最も適切でないものはどれか。,管理不全の定義・要件・効果を条文・規約根拠と対応づける。管理不全を類似語と同一視するとする記述が誤りになりやすい。,管理不全の定義を試験用に一言で言うと？,「管理不全の定義を試験用に一言で言うと？」への答え：管理組合・管理業務が機能不全な状態。判例・適正化法。根拠は判例。条文番号と要件をメモに書き出して確認する。条文番号と要件をメモに書き出して確認する。条文番号と要件をメモに書き出して確認する。公式テキスト該当章を開く。,管理不全と混同しやすい論点は？,試験の出方：判例の根拠を明示できる。四択では条件の主語と効果を分離して読む。過去問で出題形式と正答率を週1回チェックする。過去問で出題形式と正答率を週1回チェックする。過去問で出題形式と正答率を週1回チェックする。過去問で出題形式と正答率を週1回チェックする。過去問1問で正答率を記録する。,誤答の典型：管理不全を類似語と同一視する;要件の一部だけ暗記して判断する;最新の改正・規約改定を見落とす。一語差の選択肢に注意。誤答肢のパターンを比較表に整理して復習する。誤答肢のパターンを比較表に整理して復習する。誤答肢のパターンを比較表に整理して復習する。誤答肢を比較表に書き出す。,管理不全とは何ですか？,学習の次段：「主徴費」と比較表で整理し、numbers / compare から過去問へ。関連用語ハブと比較ページへ進んで定着を確認する。関連用語ハブと比較ページへ進んで定着を確認する。関連用語ハブと比較ページへ進んで定着を確認する。関連用語ハブと比較ページへ進んで定着を確認する。用語ハブ compare へ進む。,管理不全とは何ですか？
管理不全への対応,判例・横断総合,判例・横断総合;頻出;実務,適正化法・市区町村の支援。,"管理不全への対応は、適正化法・市区町村の支援。判例・複数分野を横断する論点。比較整理が得点の鍵。適正化法・市区町村の支援。管理業務主任者試験では、管理適正化法を根拠に定義・要件・効果を問う問題が出ます。

実務・試験ともに「管理不全への対応の定義・要件・効果を条文・規約根拠と対応づける」が判断の軸になります。選択肢では管理不全への対。",主徴費;管理不全;組合の法人格,管理適正化法,A,過去問では管理不全への対応の定義・要件・効果を条文・規約根拠と対応づけるが問われます。管理不全への対応を類似語と同一視する選択肢に注意してください。適正化法・市区町村の支援。管理業務主任者試験では、管理適正化法を根拠に定義・要。,管理不全への対応とは？管理業務主任者試験で押さえる意味と試験ポイント,"管理不全への対応の意味と管理業務主任者試験での判定ポイントを、管理適正化法の文脈で整理します。管理不全への対応は、適正化法・市区町村の支援。判例・複数分野を横断する論点。比較整理が得点の鍵。適正化法・市区町村の支援。管理業務主任者試験では、管理適正化法を根拠に定義・要件・効果を問う問題が出ます。

実務・試験ともに「管理不全への対応の定義・要件・効果を条文・規約根拠と対応づける」が判断の軸になります。選択肢では管理不全への対。","適正化法・市区町村の支援。管理業務主任者試験では、管理適正化法を根拠に定義・要件・効果を問う問題が出ます。

実務・試験ともに「管理不全への対応の定義・要件・効果を条文・規約根拠と対応づける」が判断の軸になります。選択肢では管理不全への対応を類似語と同一視する肢が多いため、要件の欠けた肢を消去する思考が有効です。

管理不全への対応は主徴費、管理不全、組合の法人格とセットで整理すると理解が定着します。管業マスターの過去問・実践演習で判例・横断総合フィルタを使い、関連問題を解き直してください。","<table class=""seo-info-table""><thead><tr><th>比較</th><th>管理不全への対応</th><th>主徴費</th></tr></thead><tbody><tr><th>覚え方</th><td>管理不全への対応の定義・要件・効果を条文・規約根拠と対応づける</td><td>関連ページで対比</td></tr></tbody></table>",管理不全への対応の定義・要件・効果を条文・規約根拠と対応づける;管理適正化法の根拠を明示できる;関連語（主徴費、管理不全、組合の法人格）との違いを説明できる,管理不全への対応を類似語と同一視する;要件の一部だけ暗記して判断する;最新の改正・規約改定を見落とす。,管理不全への対応＝管理適正化法。主徴費と表で対比。,管理不全への対応に関する次の記述のうち、最も適切でないものはどれか。,管理不全への対応の定義・要件・効果を条文・規約根拠と対応づける。管理不全への対応を類似語と同一視するとする記述が誤りになりやすい。,管理不全への対応の定義を試験用に一言で言うと？,「管理不全への対応の定義を試験用に一言で言うと？」への答え：適正化法・市区町村の支援。根拠は管理適正化法。条文番号と要件をメモに書き出して確認する。条文番号と要件をメモに書き出して確認する。条文番号と要件をメモに書き出して確認する。条文番号と要件をメモに書き出して確認する。公式テキスト該当章を開く。,管理不全への対応と混同しやすい論点は？,試験の出方：管理適正化法の根拠を明示できる。四択では条件の主語と効果を分離して読む。過去問で出題形式と正答率を週1回チェックする。過去問で出題形式と正答率を週1回チェックする。過去問で出題形式と正答率を週1回チェックする。過去問で出題形式と正答率を週1回チェックする。過去問1問で正答率を記録する。,誤答の典型：管理不全への対応を類似語と同一視する;要件の一部だけ暗記して判断する;最新の改正・規約改定を見落とす。一語差の選択肢に注意。誤答肢のパターンを比較表に整理して復習する。誤答肢のパターンを比較表に整理して復習する。誤答肢のパターンを比較表に整理して復習する。誤答肢を比較表に書き出す。,管理不全への対応とは何ですか？,学習の次段：「主徴費」と比較表で整理し、numbers / compare から過去問へ。関連用語ハブと比較ページへ進んで定着を確認する。関連用語ハブと比較ページへ進んで定着を確認する。関連用語ハブと比較ページへ進んで定着を確認する。関連用語ハブと比較ページへ進んで定着を確認する。用語ハブ compare へ進む。,管理不全への対応とは何ですか？
管理不全マンション,区分所有法,区分所有法;判例;実務,管理不全マンションは区分所有法分野では区分所有法に関する重要概念です。,管理不全マンションは、管理不全マンションは区分所有法分野では区分所有法に関する重要概念です。マンション等の区分所有関係を定める基本法。専用部分・共用部分・管理組合が柱。,専有部分;共用部分;管理組合,区分所有法,B,過去問では管理不全マンションの定義・要件・効果を条文・規約根拠と対応づけるが問われます。管理不全マンションを類似語と同一視する選択肢に注意してください。管理不全マンションは区分所有法分野では区分所有法に関する重要概念です。管理。,管理不全マンションとは？管理業務主任者試験で押さえる意味と試験ポイント,管理不全マンションの意味と管理業務主任者試験での判定ポイントを、区分所有法の文脈で整理します。管理不全マンションは、管理不全マンションは区分所有法分野では区分所有法に関する重要概念です。マンション等の区分所有関係を定める基本法。専用部分・共用部分・管理組合が柱。,"管理不全マンションは区分所有法分野では区分所有法に関する重要概念です。管理業務主任者試験では、区分所有法を根拠に定義・要件・効果を問う問題が出ます。

実務・試験ともに「管理不全マンションの定義・要件・効果を条文・規約根拠と対応づける」が判断の軸になります。選択肢では管理不全マンションを類似語と同一視する肢が多いため、要件の欠けた肢を消去する思考が有効です。

管理不全マンションは専有部分、共用部分、管理組合とセットで整理すると理解が定着します。管業マスターの過去問・実践演習で区分所有法フィルタを使い、関連問題を解き直してください。","<table class=""seo-info-table""><thead><tr><th>比較</th><th>管理不全マンション</th><th>専有部分</th></tr></thead><tbody><tr><th>覚え方</th><td>管理不全マンションの定義・要件・効果を条文・規約根拠と対応づける</td><td>関連ページで対比</td></tr></tbody></table>",管理不全マンションの定義・要件・効果を条文・規約根拠と対応づける;区分所有法の根拠を明示できる;関連語（専有部分、共用部分、管理組合）との違いを説明できる,管理不全マンションを類似語と同一視する;要件の一部だけ暗記して判断する;最新の改正・規約改定を見落とす。,管理不全マンション＝区分所有法。専有部分と表で対比。,管理不全マンションに関する次の記述のうち、最も適切でないものはどれか。,管理不全マンションの定義・要件と照らし、条件を満たさない選択肢を選ぶ。,管理不全マンションの定義を試験用に一言で言うと？,「管理不全マンションの定義を試験用に一言で言うと？」への答え：管理不全マンションは区分所有法分野では区分所有法に関する重要概念です。根拠は区分所有法。条文番号と要件をメモに書き出して確認する。条文番号と要件をメモに書き出して確認する。条文番号と要件をメモに書き出して確認する。公式テキスト該当章を開く。,管理不全マンションと混同しやすい論点は？,試験の出方：区分所有法の根拠を明示できる。四択では条件の主語と効果を分離して読む。過去問で出題形式と正答率を週1回チェックする。過去問で出題形式と正答率を週1回チェックする。過去問で出題形式と正答率を週1回チェックする。過去問で出題形式と正答率を週1回チェックする。過去問1問で正答率を記録する。,誤答の典型：管理不全マンションを類似語と同一視する;要件の一部だけ暗記して判断する;最新の改正・規約改定を見落とす。一語差の選択肢に注意。誤答肢のパターンを比較表に整理して復習する。誤答肢のパターンを比較表に整理して復習する。誤答肢のパターンを比較表に整理して復習する。誤答肢を比較表に書き出す。,管理不全マンションとは何ですか？,学習の次段：「専有部分」と比較表で整理し、numbers / compare から過去問へ。関連用語ハブと比較ページへ進んで定着を確認する。関連用語ハブと比較ページへ進んで定着を確認する。関連用語ハブと比較ページへ進んで定着を確認する。関連用語ハブと比較ページへ進んで定着を確認する。用語ハブ compare へ進む。,管理不全マンションとは何ですか？
管理不全マンションの指定,管理適正化法,管理適正化法;制度,管理不全マンションの指定は管理適正化法分野では管理適正化法に関する重要概念です。,管理不全マンションの指定は、管理不全マンションの指定は管理適正化法分野では管理適正化法に関する重要概念です。マンション管理の適正化を推進する法律。資格・73条書面・管理計画。,マンション等の管理の適正化の推進に関する法律;管理計画認定制度;管理業務主任者,管理適正化法,B,過去問では管理不全マンションの指定の定義・要件・効果を条文・規約根拠と対応づけるが問われます。管理不全マンションの指定を類似語と同一視する選択肢に注意してください。,管理不全マンションの指定とは？管理業務主任者で押さえる意味と試験ポイント,管理不全マンションの指定の意味と管理業務主任者試験での判定ポイントを、管理適正化法の文脈で整理します。管理不全マンションの指定は、管理不全マンションの指定は管理適正化法分野では管理適正化法に関する重要概念です。マンション管理の適正化を推進する法律。資格・73条書面・管理計画。,"管理不全マンションの指定は管理適正化法分野では管理適正化法に関する重要概念です。管理業務主任者試験では、管理適正化法を根拠に定義・要件・効果を問う問題が出ます。

実務・試験ともに「管理不全マンションの指定の定義・要件・効果を条文・規約根拠と対応づける」が判断の軸になります。選択肢では管理不全マンションの指定を類似語と同一視する肢が多いため、要件の欠けた肢を消去する思考が有効です。

管理不全マンションの指定はマンション等の管理の適正化の推進に関する法律、管理計画認定制度、管理業務主任者とセットで整理すると理解が定着します。管業マスターの過去問・実践演習で管理適正化法フィルタを使い、関連問題を解き直してください。","<table class=""seo-info-table""><thead><tr><th>比較</th><th>管理不全マンションの指定</th><th>マンション等の管理の適正化の推進に関する法律</th></tr></thead><tbody><tr><th>覚え方</th><td>管理不全マンションの指定の定義・要件・効果を条文・規約根拠と対応づける</td><td>関連ページで対比</td></tr></tbody></table>",管理不全マンションの指定の定義・要件・効果を条文・規約根拠と対応づける;管理適正化法の根拠を明示できる;関連語（マンション等の管理の適正化の推進に関する法律、管理計画認定制度、管理業務主任者）との違いを説明できる,管理不全マンションの指定を類似語と同一視する;要件の一部だけ暗記して判断する;最新の改正・規約改定を見落とす。,管理不全マンションの指定＝管理適正化法。マンション等の管理の適正化の推進に関する法律と表で対比。,管理不全マンションの指定に関する次の記述のうち、最も適切でないものはどれか。,管理不全マンションの指定の定義・要件と照らし、条件を満たさない選択肢を選ぶ。,管理不全マンションの指定の定義を試験用に一言で言うと？,「管理不全マンションの指定の定義を試験用に一言で言うと？」への答え：管理不全マンションの指定は管理適正化法分野では管理適正化法に関する重要概念です。根拠は管理適正化法。条文番号と要件をメモに書き出して確認する。条文番号と要件をメモに書き出して確認する。公式テキスト該当章を開く。,管理不全マンションの指定と混同しやすい論点は？,試験の出方：管理適正化法の根拠を明示できる。四択では条件の主語と効果を分離して読む。過去問で出題形式と正答率を週1回チェックする。過去問で出題形式と正答率を週1回チェックする。過去問で出題形式と正答率を週1回チェックする。過去問で出題形式と正答率を週1回チェックする。過去問1問で正答率を記録する。,誤答の典型：管理不全マンションの指定を類似語と同一視する;要件の一部だけ暗記して判断する;最新の改正・規約改定を見落とす。一語差の選択肢に注意。誤答肢のパターンを比較表に整理して復習する。誤答肢のパターンを比較表に整理して復習する。誤答肢のパターンを比較表に整理して復習する。誤答肢を比較表に書き出す。,管理不全マンションの指定とは何ですか？,学習の次段：「マンション等の管理の適正化の推進に関する法律」と比較表で整理し、numbers / compare から過去問へ。関連用語ハブと比較ページへ進んで定着を確認する。関連用語ハブと比較ページへ進んで定着を確認する。関連用語ハブと比較ページへ進んで定着を確認する。用語ハブ compare へ進む。,管理不全マンションの指定とは何ですか？
管理事務,標準管理委託契約書・指針,標準管理委託契約書・指針;頻出,清掃・会計・総会支援等の日常管理。,"管理事務は、清掃・会計・総会支援等の日常管理。管理委託契約の標準条項。委託費・業務範囲・再委託。清掃・会計・総会支援等の日常管理。管理業務主任者試験では、標準管理委託契約書を根拠に定義・要件・効果を問う問題が出ます。

実務・試験ともに「管理事務の定義・要件・効果を条文・規約根拠と対応づける」が判断の軸になります。選択肢では管理事務。",マンション標準管理委託契約書;定額委託業務費;臨時委託業務,標準管理委託契約書,A,過去問では管理事務の定義・要件・効果を条文・規約根拠と対応づけるが問われます。管理事務を類似語と同一視する選択肢に注意してください。清掃・会計・総会支援等の日常管理。管理業務主任者試験では、標準管理委託契約書を。,管理事務とは？管理業務主任者試験で押さえる意味と試験ポイント,"管理事務の意味と管理業務主任者試験での判定ポイントを、標準管理委託契約書の文脈で整理します。管理事務は、清掃・会計・総会支援等の日常管理。管理委託契約の標準条項。委託費・業務範囲・再委託。清掃・会計・総会支援等の日常管理。管理業務主任者試験では、標準管理委託契約書を根拠に定義・要件・効果を問う問題が出ます。

実務・試験ともに「管理事務の定義・要件・効果を条文・規約根拠と対応づける」が判断の軸になります。選択肢では管理事務。","清掃・会計・総会支援等の日常管理。管理業務主任者試験では、標準管理委託契約書を根拠に定義・要件・効果を問う問題が出ます。

実務・試験ともに「管理事務の定義・要件・効果を条文・規約根拠と対応づける」が判断の軸になります。選択肢では管理事務を類似語と同一視する肢が多いため、要件の欠けた肢を消去する思考が有効です。

管理事務はマンション標準管理委託契約書、定額委託業務費、臨時委託業務とセットで整理すると理解が定着します。管業マスターの過去問・実践演習で標準管理委託契約書・指針フィルタを使い、関連問題を解き直してください。","<table class=""seo-info-table""><thead><tr><th>比較</th><th>管理事務</th><th>マンション標準管理委託契約書</th></tr></thead><tbody><tr><th>覚え方</th><td>管理事務の定義・要件・効果を条文・規約根拠と対応づける</td><td>関連ページで対比</td></tr></tbody></table>",管理事務の定義・要件・効果を条文・規約根拠と対応づける;標準管理委託契約書の根拠を明示できる;関連語（マンション標準管理委託契約書、定額委託業務費、臨時委託業務）との違いを説明できる,管理事務を類似語と同一視する;要件の一部だけ暗記して判断する;最新の改正・規約改定を見落とす。,管理事務＝標準管理委託契約書。マンション標準管理委託契約書と表で対比。,管理事務に関する次の記述のうち、最も適切でないものはどれか。,管理事務の定義・要件・効果を条文・規約根拠と対応づける。管理事務を類似語と同一視するとする記述が誤りになりやすい。,管理事務の定義を試験用に一言で言うと？,「管理事務の定義を試験用に一言で言うと？」への答え：清掃・会計・総会支援等の日常管理。根拠は標準管理委託契約書。条文番号と要件をメモに書き出して確認する。条文番号と要件をメモに書き出して確認する。条文番号と要件をメモに書き出して確認する。条文番号と要件をメモに書き出して確認する。公式テキスト該当章を開く。,管理事務と混同しやすい論点は？,試験の出方：標準管理委託契約書の根拠を明示できる。四択では条件の主語と効果を分離して読む。過去問で出題形式と正答率を週1回チェックする。過去問で出題形式と正答率を週1回チェックする。過去問で出題形式と正答率を週1回チェックする。過去問で出題形式と正答率を週1回チェックする。過去問1問で正答率を記録する。,誤答の典型：管理事務を類似語と同一視する;要件の一部だけ暗記して判断する;最新の改正・規約改定を見落とす。一語差の選択肢に注意。誤答肢のパターンを比較表に整理して復習する。誤答肢のパターンを比較表に整理して復習する。誤答肢のパターンを比較表に整理して復習する。誤答肢を比較表に書き出す。,管理事務とは何ですか？,学習の次段：「マンション標準管理委託契約書」と比較表で整理し、numbers / compare から過去問へ。関連用語ハブと比較ページへ進んで定着を確認する。関連用語ハブと比較ページへ進んで定着を確認する。関連用語ハブと比較ページへ進んで定着を確認する。用語ハブ compare へ進む。,管理事務とは何ですか？
管理事務の委託,標準管理規約,標準管理規約;頻出;委託,管理組合が管理業者に事務を委託すること。73条書面・委託契約書がセット。,管理事務の委託は、管理組合が管理業者に事務を委託すること。73条書面・委託契約書がセット。管理組合の運営ルールのモデル。総会・理事会・決議要件が頻出。,マンション標準管理規約;理事長;総会決議,標準管理規約,A,過去問では管理事務の委託の定義・要件・効果を条文・規約根拠と対応づけるが問われます。管理事務の委託を類似語と同一視する選択肢に注意してください。管理組合が管理業者に事務を委託すること。73条書面・委託契約書がセット。管理業。,管理事務の委託とは？管理業務主任者試験で押さえる意味と試験ポイント,管理事務の委託の意味と管理業務主任者試験での判定ポイントを、標準管理規約の文脈で整理します。管理事務の委託は、管理組合が管理業者に事務を委託すること。73条書面・委託契約書がセット。管理組合の運営ルールのモデル。総会・理事会・決議要件が頻出。,"管理組合が管理業者に事務を委託すること。73条書面・委託契約書がセット。管理業務主任者試験では、標準管理規約を根拠に定義・要件・効果を問う問題が出ます。

実務・試験ともに「管理事務の委託の定義・要件・効果を条文・規約根拠と対応づける」が判断の軸になります。選択肢では管理事務の委託を類似語と同一視する肢が多いため、要件の欠けた肢を消去する思考が有効です。

管理事務の委託はマンション標準管理規約、理事長、総会決議とセットで整理すると理解が定着します。管業マスターの過去問・実践演習で標準管理規約フィルタを使い、関連問題を解き直してください。","<table class=""seo-info-table""><thead><tr><th>比較</th><th>管理事務の委託</th><th>マンション標準管理規約</th></tr></thead><tbody><tr><th>覚え方</th><td>管理事務の委託の定義・要件・効果を条文・規約根拠と対応づける</td><td>関連ページで対比</td></tr></tbody></table>",管理事務の委託の定義・要件・効果を条文・規約根拠と対応づける;標準管理規約の根拠を明示できる;関連語（マンション標準管理規約、理事長、総会決議）との違いを説明できる,管理事務の委託を類似語と同一視する;要件の一部だけ暗記して判断する;最新の改正・規約改定を見落とす。,管理事務の委託＝標準管理規約。マンション標準管理規約と表で対比。,管理事務の委託に関する次の記述のうち、最も適切でないものはどれか。,管理事務の委託の定義・要件・効果を条文・規約根拠と対応づける。管理事務の委託を類似語と同一視するとする記述が誤りになりやすい。,管理事務の委託の定義を試験用に一言で言うと？,「管理事務の委託の定義を試験用に一言で言うと？」への答え：管理組合が管理業者に事務を委託すること。73条書面・委託契約書がセット。根拠は標準管理規約。条文番号と要件をメモに書き出して確認する。条文番号と要件をメモに書き出して確認する。条文番号と要件をメモに書き出して確認する。公式テキスト該当章を開く。,管理事務の委託と混同しやすい論点は？,試験の出方：標準管理規約の根拠を明示できる。四択では条件の主語と効果を分離して読む。過去問で出題形式と正答率を週1回チェックする。過去問で出題形式と正答率を週1回チェックする。過去問で出題形式と正答率を週1回チェックする。過去問で出題形式と正答率を週1回チェックする。過去問1問で正答率を記録する。,誤答の典型：管理事務の委託を類似語と同一視する;要件の一部だけ暗記して判断する;最新の改正・規約改定を見落とす。一語差の選択肢に注意。誤答肢のパターンを比較表に整理して復習する。誤答肢のパターンを比較表に整理して復習する。誤答肢のパターンを比較表に整理して復習する。誤答肢を比較表に書き出す。,管理事務の委託とは何ですか？,学習の次段：「マンション標準管理規約」と比較表で整理し、numbers / compare から過去問へ。関連用語ハブと比較ページへ進んで定着を確認する。関連用語ハブと比較ページへ進んで定着を確認する。関連用語ハブと比較ページへ進んで定着を確認する。用語ハブ compare へ進む。,管理事務の委託とは何ですか？
管理人室をめぐる判例,判例・横断総合,判例・横断総合;頻出;判例,管理人室の専用/共用に関する判例。,管理人室をめぐる判例は、管理人室の専用/共用に関する判例。判例・複数分野を横断する論点。比較整理が得点の鍵。,主徴費;管理不全;組合の法人格,判例,A,過去問では管理人室をめぐる判例の定義・要件・効果を条文・規約根拠と対応づけるが問われます。管理人室をめぐる判例を類似語と同一視する選択肢に注意してください。管理人室の専用/共用に関する判例。管理業務主任者試験では、判例を根拠に定義・要。,管理人室をめぐる判例とは？管理業務主任者試験で押さえる意味と試験ポイント,管理人室をめぐる判例の意味と管理業務主任者試験での判定ポイントを、判例の文脈で整理します。管理人室をめぐる判例は、管理人室の専用/共用に関する判例。判例・複数分野を横断する論点。比較整理が得点の鍵。,"管理人室の専用/共用に関する判例。管理業務主任者試験では、判例を根拠に定義・要件・効果を問う問題が出ます。

実務・試験ともに「管理人室をめぐる判例の定義・要件・効果を条文・規約根拠と対応づける」が判断の軸になります。選択肢では管理人室をめぐる判例を類似語と同一視する肢が多いため、要件の欠けた肢を消去する思考が有効です。

管理人室をめぐる判例は主徴費、管理不全、組合の法人格とセットで整理すると理解が定着します。管業マスターの過去問・実践演習で判例・横断総合フィルタを使い、関連問題を解き直してください。","<table class=""seo-info-table""><thead><tr><th>比較</th><th>管理人室をめぐる判例</th><th>主徴費</th></tr></thead><tbody><tr><th>覚え方</th><td>管理人室をめぐる判例の定義・要件・効果を条文・規約根拠と対応づける</td><td>関連ページで対比</td></tr></tbody></table>",管理人室をめぐる判例の定義・要件・効果を条文・規約根拠と対応づける;判例の根拠を明示できる;関連語（主徴費、管理不全、組合の法人格）との違いを説明できる,管理人室をめぐる判例を類似語と同一視する;要件の一部だけ暗記して判断する;最新の改正・規約改定を見落とす。,管理人室をめぐる判例＝判例。主徴費と表で対比。（関連用語とセットで暗記）。,管理人室をめぐる判例に関する次の記述のうち、最も適切でないものはどれか。,管理人室をめぐる判例の定義・要件・効果を条文・規約根拠と対応づける。管理人室をめぐる判例を類似語と同一視するとする記述が誤りになりやすい。,管理人室をめぐる判例の定義を試験用に一言で言うと？,「管理人室をめぐる判例の定義を試験用に一言で言うと？」への答え：管理人室の専用/共用に関する判例。根拠は判例。条文番号と要件をメモに書き出して確認する。条文番号と要件をメモに書き出して確認する。条文番号と要件をメモに書き出して確認する。条文番号と要件をメモに書き出して確認する。公式テキスト該当章を開く。,管理人室をめぐる判例と混同しやすい論点は？,試験の出方：判例の根拠を明示できる。四択では条件の主語と効果を分離して読む。過去問で出題形式と正答率を週1回チェックする。過去問で出題形式と正答率を週1回チェックする。過去問で出題形式と正答率を週1回チェックする。過去問で出題形式と正答率を週1回チェックする。過去問1問で正答率を記録する。,誤答の典型：管理人室をめぐる判例を類似語と同一視する;要件の一部だけ暗記して判断する;最新の改正・規約改定を見落とす。一語差の選択肢に注意。誤答肢のパターンを比較表に整理して復習する。誤答肢のパターンを比較表に整理して復習する。誤答肢のパターンを比較表に整理して復習する。誤答肢を比較表に書き出す。,管理人室をめぐる判例とは何ですか？,学習の次段：「主徴費」と比較表で整理し、numbers / compare から過去問へ。関連用語ハブと比較ページへ進んで定着を確認する。関連用語ハブと比較ページへ進んで定着を確認する。関連用語ハブと比較ページへ進んで定着を確認する。関連用語ハブと比較ページへ進んで定着を確認する。用語ハブ compare へ進む。,管理人室をめぐる判例とは何ですか？
管理員,標準管理規約,標準管理規約;実務,管理員は標準管理規約分野では標準管理規約に関する重要概念です。,管理員は、管理員は標準管理規約分野では標準管理規約に関する重要概念です。管理組合の運営ルールのモデル。総会・理事会・決議要件が頻出。,マンション標準管理規約;理事長;総会決議,標準管理規約,B,過去問では管理員の定義・要件・効果を条文・規約根拠と対応づけるが問われます。管理員を類似語と同一視する選択肢に注意してください。管理員は標準管理規約分野では標準管理規約に関する重要概念です。管理業務主任。,管理員とは？管理業務主任者試験で押さえる意味と試験ポイント,管理員の意味と管理業務主任者試験での判定ポイントを、標準管理規約の文脈で整理します。管理員は、管理員は標準管理規約分野では標準管理規約に関する重要概念です。管理組合の運営ルールのモデル。総会・理事会・決議要件が頻出。,"管理員は標準管理規約分野では標準管理規約に関する重要概念です。管理業務主任者試験では、標準管理規約を根拠に定義・要件・効果を問う問題が出ます。

実務・試験ともに「管理員の定義・要件・効果を条文・規約根拠と対応づける」が判断の軸になります。選択肢では管理員を類似語と同一視する肢が多いため、要件の欠けた肢を消去する思考が有効です。

管理員はマンション標準管理規約、理事長、総会決議とセットで整理すると理解が定着します。管業マスターの過去問・実践演習で標準管理規約フィルタを使い、関連問題を解き直してください。","<table class=""seo-info-table""><thead><tr><th>比較</th><th>管理員</th><th>マンション標準管理規約</th></tr></thead><tbody><tr><th>覚え方</th><td>管理員の定義・要件・効果を条文・規約根拠と対応づける</td><td>関連ページで対比</td></tr></tbody></table>",管理員の定義・要件・効果を条文・規約根拠と対応づける;標準管理規約の根拠を明示できる;関連語（マンション標準管理規約、理事長、総会決議）との違いを説明できる,管理員を類似語と同一視する;要件の一部だけ暗記して判断する;最新の改正・規約改定を見落とす。,管理員＝標準管理規約。マンション標準管理規約と表で対比。,管理員に関する次の記述のうち、最も適切でないものはどれか。,管理員の定義・要件と照らし、条件を満たさない選択肢を選ぶ。,管理員の定義を試験用に一言で言うと？,「管理員の定義を試験用に一言で言うと？」への答え：管理員は標準管理規約分野では標準管理規約に関する重要概念です。根拠は標準管理規約。条文番号と要件をメモに書き出して確認する。条文番号と要件をメモに書き出して確認する。条文番号と要件をメモに書き出して確認する。公式テキスト該当章を開く。,管理員と混同しやすい論点は？,試験の出方：標準管理規約の根拠を明示できる。四択では条件の主語と効果を分離して読む。過去問で出題形式と正答率を週1回チェックする。過去問で出題形式と正答率を週1回チェックする。過去問で出題形式と正答率を週1回チェックする。過去問で出題形式と正答率を週1回チェックする。過去問1問で正答率を記録する。,誤答の典型：管理員を類似語と同一視する;要件の一部だけ暗記して判断する;最新の改正・規約改定を見落とす。一語差の選択肢に注意。誤答肢のパターンを比較表に整理して復習する。誤答肢のパターンを比較表に整理して復習する。誤答肢のパターンを比較表に整理して復習する。誤答肢を比較表に書き出す。,管理員とは何ですか？,学習の次段：「マンション標準管理規約」と比較表で整理し、numbers / compare から過去問へ。関連用語ハブと比較ページへ進んで定着を確認する。関連用語ハブと比較ページへ進んで定着を確認する。関連用語ハブと比較ページへ進んで定着を確認する。用語ハブ compare へ進む。,管理員とは何ですか？
管理員の配置,標準管理委託契約書・指針,標準管理委託契約書・指針;実務,管理員の配置は標準管理委託契約書・指針分野では標準管理委託契約書に関する重要概念です。,管理員の配置は、管理員の配置は標準管理委託契約書・指針分野では標準管理委託契約書に関する重要概念です。管理委託契約の標準条項。委託費・業務範囲・再委託。,マンション標準管理委託契約書;定額委託業務費;臨時委託業務,標準管理委託契約書,B,過去問では管理員の配置の定義・要件・効果を条文・規約根拠と対応づけるが問われます。管理員の配置を類似語と同一視する選択肢に注意してください。管理員の配置は標準管理委託契約書・指針分野では標準管理委託契約書に関する重要。,管理員の配置とは？管理業務主任者試験で押さえる意味と試験ポイント,管理員の配置の意味と管理業務主任者試験での判定ポイントを、標準管理委託契約書の文脈で整理します。管理員の配置は、管理員の配置は標準管理委託契約書・指針分野では標準管理委託契約書に関する重要概念です。管理委託契約の標準条項。委託費・業務範囲・再委託。,"管理員の配置は標準管理委託契約書・指針分野では標準管理委託契約書に関する重要概念です。管理業務主任者試験では、標準管理委託契約書を根拠に定義・要件・効果を問う問題が出ます。

実務・試験ともに「管理員の配置の定義・要件・効果を条文・規約根拠と対応づける」が判断の軸になります。選択肢では管理員の配置を類似語と同一視する肢が多いため、要件の欠けた肢を消去する思考が有効です。

管理員の配置はマンション標準管理委託契約書、定額委託業務費、臨時委託業務とセットで整理すると理解が定着します。管業マスターの過去問・実践演習で標準管理委託契約書・指針フィルタを使い、関連問題を解き直してください。","<table class=""seo-info-table""><thead><tr><th>比較</th><th>管理員の配置</th><th>マンション標準管理委託契約書</th></tr></thead><tbody><tr><th>覚え方</th><td>管理員の配置の定義・要件・効果を条文・規約根拠と対応づける</td><td>関連ページで対比</td></tr></tbody></table>",管理員の配置の定義・要件・効果を条文・規約根拠と対応づける;標準管理委託契約書の根拠を明示できる;関連語（マンション標準管理委託契約書、定額委託業務費、臨時委託業務）との違いを説明できる,管理員の配置を類似語と同一視する;要件の一部だけ暗記して判断する;最新の改正・規約改定を見落とす。,管理員の配置＝標準管理委託契約書。マンション標準管理委託契約書と表で対比。,管理員の配置に関する記述として最も不適切なものを選べ。,標準管理委託契約書・指針の原則に照らし、主体・時期・要件のいずれかを欠く選択肢を誤りとして判定する。,管理員の配置の定義を試験用に一言で言うと？,「管理員の配置の定義を試験用に一言で言うと？」への答え：管理員の配置は標準管理委託契約書・指針分野では標準管理委託契約書に関する重要概念です。根拠は標準管理委託契約書。条文番号と要件をメモに書き出して確認する。条文番号と要件をメモに書き出して確認する。公式テキスト該当章を開く。,管理員の配置と混同しやすい論点は？,試験の出方：標準管理委託契約書の根拠を明示できる。四択では条件の主語と効果を分離して読む。過去問で出題形式と正答率を週1回チェックする。過去問で出題形式と正答率を週1回チェックする。過去問で出題形式と正答率を週1回チェックする。過去問で出題形式と正答率を週1回チェックする。過去問1問で正答率を記録する。,誤答の典型：管理員の配置を類似語と同一視する;要件の一部だけ暗記して判断する;最新の改正・規約改定を見落とす。一語差の選択肢に注意。誤答肢のパターンを比較表に整理して復習する。誤答肢のパターンを比較表に整理して復習する。誤答肢のパターンを比較表に整理して復習する。誤答肢を比較表に書き出す。,管理員の配置とは何ですか？,学習の次段：「マンション標準管理委託契約書」と比較表で整理し、numbers / compare から過去問へ。関連用語ハブと比較ページへ進んで定着を確認する。関連用語ハブと比較ページへ進んで定着を確認する。関連用語ハブと比較ページへ進んで定着を確認する。用語ハブ compare へ進む。,管理員の配置とは何ですか？
管理員室,標準管理委託契約書・指針,標準管理委託契約書・指針;設備,管理員室は標準管理委託契約書・指針分野では標準管理委託契約書に関する重要概念です。,管理員室は、管理員室は標準管理委託契約書・指針分野では標準管理委託契約書に関する重要概念です。管理委託契約の標準条項。委託費・業務範囲・再委託。,マンション標準管理委託契約書;定額委託業務費;臨時委託業務,標準管理委託契約書,B,過去問では管理員室の定義・要件・効果を条文・規約根拠と対応づけるが問われます。管理員室を類似語と同一視する選択肢に注意してください。管理員室は標準管理委託契約書・指針分野では標準管理委託契約書に関する重要概念。,管理員室とは？管理業務主任者試験で押さえる意味と試験ポイント,管理員室の意味と管理業務主任者試験での判定ポイントを、標準管理委託契約書の文脈で整理します。管理員室は、管理員室は標準管理委託契約書・指針分野では標準管理委託契約書に関する重要概念です。管理委託契約の標準条項。委託費・業務範囲・再委託。,"管理員室は標準管理委託契約書・指針分野では標準管理委託契約書に関する重要概念です。管理業務主任者試験では、標準管理委託契約書を根拠に定義・要件・効果を問う問題が出ます。

実務・試験ともに「管理員室の定義・要件・効果を条文・規約根拠と対応づける」が判断の軸になります。選択肢では管理員室を類似語と同一視する肢が多いため、要件の欠けた肢を消去する思考が有効です。

管理員室はマンション標準管理委託契約書、定額委託業務費、臨時委託業務とセットで整理すると理解が定着します。管業マスターの過去問・実践演習で標準管理委託契約書・指針フィルタを使い、関連問題を解き直してください。","<table class=""seo-info-table""><thead><tr><th>比較</th><th>管理員室</th><th>マンション標準管理委託契約書</th></tr></thead><tbody><tr><th>覚え方</th><td>管理員室の定義・要件・効果を条文・規約根拠と対応づける</td><td>関連ページで対比</td></tr></tbody></table>",管理員室の定義・要件・効果を条文・規約根拠と対応づける;標準管理委託契約書の根拠を明示できる;関連語（マンション標準管理委託契約書、定額委託業務費、臨時委託業務）との違いを説明できる,管理員室を類似語と同一視する;要件の一部だけ暗記して判断する;最新の改正・規約改定を見落とす。,管理員室＝標準管理委託契約書。マンション標準管理委託契約書と表で対比。,管理員室に関する記述として最も不適切なものを選べ。,標準管理委託契約書・指針の原則に照らし、主体・時期・要件のいずれかを欠く選択肢を誤りとして判定する。,管理員室の定義を試験用に一言で言うと？,「管理員室の定義を試験用に一言で言うと？」への答え：管理員室は標準管理委託契約書・指針分野では標準管理委託契約書に関する重要概念です。根拠は標準管理委託契約書。条文番号と要件をメモに書き出して確認する。条文番号と要件をメモに書き出して確認する。公式テキスト該当章を開く。,管理員室と混同しやすい論点は？,試験の出方：標準管理委託契約書の根拠を明示できる。四択では条件の主語と効果を分離して読む。過去問で出題形式と正答率を週1回チェックする。過去問で出題形式と正答率を週1回チェックする。過去問で出題形式と正答率を週1回チェックする。過去問で出題形式と正答率を週1回チェックする。過去問1問で正答率を記録する。,誤答の典型：管理員室を類似語と同一視する;要件の一部だけ暗記して判断する;最新の改正・規約改定を見落とす。一語差の選択肢に注意。誤答肢のパターンを比較表に整理して復習する。誤答肢のパターンを比較表に整理して復習する。誤答肢のパターンを比較表に整理して復習する。誤答肢を比較表に書き出す。,管理員室とは何ですか？,学習の次段：「マンション標準管理委託契約書」と比較表で整理し、numbers / compare から過去問へ。関連用語ハブと比較ページへ進んで定着を確認する。関連用語ハブと比較ページへ進んで定着を確認する。関連用語ハブと比較ページへ進んで定着を確認する。用語ハブ compare へ進む。,管理員室とは何ですか？
管理委託費,会計・税務,会計・税務;頻出;会計,管理委託契約の対価。定額委託業務費・臨時費用。,管理委託費は、管理委託契約の対価。定額委託業務費・臨時費用。管理組合の会計処理・財務報告・税務上の取扱い。,管理費等;前受金;預り金,標準管理委託契約書,A,過去問では管理委託費の定義・要件・効果を条文・規約根拠と対応づけるが問われます。管理委託費を類似語と同一視する選択肢に注意してください。管理委託契約の対価。定額委託業務費・臨時費用。管理業務主任者試験では、標準管理。,管理委託費とは？管理業務主任者で押さえる意味と試験ポイント,管理委託費の意味と管理業務主任者試験での判定ポイントを、標準管理委託契約書の文脈で整理します。管理委託費は、管理委託契約の対価。定額委託業務費・臨時費用。管理組合の会計処理・財務報告・税務上の取扱い。,"管理委託契約の対価。定額委託業務費・臨時費用。管理業務主任者試験では、標準管理委託契約書を根拠に定義・要件・効果を問う問題が出ます。

実務・試験ともに「管理委託費の定義・要件・効果を条文・規約根拠と対応づける」が判断の軸になります。選択肢では管理委託費を類似語と同一視する肢が多いため、要件の欠けた肢を消去する思考が有効です。

管理委託費は管理費等、前受金、預り金とセットで整理すると理解が定着します。管業マスターの過去問・実践演習で会計・税務フィルタを使い、関連問題を解き直してください。","<table class=""seo-info-table""><thead><tr><th>比較</th><th>管理委託費</th><th>管理費等</th></tr></thead><tbody><tr><th>覚え方</th><td>管理委託費の定義・要件・効果を条文・規約根拠と対応づける</td><td>関連ページで対比</td></tr></tbody></table>",管理委託費の定義・要件・効果を条文・規約根拠と対応づける;標準管理委託契約書の根拠を明示できる;関連語（管理費等、前受金、預り金）との違いを説明できる,管理委託費を類似語と同一視する;要件の一部だけ暗記して判断する;最新の改正・規約改定を見落とす。,管理委託費＝標準管理委託契約書。管理費等と表で対比。,管理委託費に関する次の記述のうち、最も適切でないものはどれか。,管理委託費の定義・要件・効果を条文・規約根拠と対応づける。管理委託費を類似語と同一視するとする記述が誤りになりやすい。,管理委託費の定義を試験用に一言で言うと？,「管理委託費の定義を試験用に一言で言うと？」への答え：管理委託契約の対価。定額委託業務費・臨時費用。根拠は標準管理委託契約書。条文番号と要件をメモに書き出して確認する。条文番号と要件をメモに書き出して確認する。条文番号と要件をメモに書き出して確認する。公式テキスト該当章を開く。,管理委託費と混同しやすい論点は？,試験の出方：標準管理委託契約書の根拠を明示できる。四択では条件の主語と効果を分離して読む。過去問で出題形式と正答率を週1回チェックする。過去問で出題形式と正答率を週1回チェックする。過去問で出題形式と正答率を週1回チェックする。過去問で出題形式と正答率を週1回チェックする。過去問1問で正答率を記録する。,誤答の典型：管理委託費を類似語と同一視する;要件の一部だけ暗記して判断する;最新の改正・規約改定を見落とす。一語差の選択肢に注意。誤答肢のパターンを比較表に整理して復習する。誤答肢のパターンを比較表に整理して復習する。誤答肢のパターンを比較表に整理して復習する。誤答肢を比較表に書き出す。,管理委託費とは何ですか？,学習の次段：「管理費等」と比較表で整理し、numbers / compare から過去問へ。関連用語ハブと比較ページへ進んで定着を確認する。関連用語ハブと比較ページへ進んで定着を確認する。関連用語ハブと比較ページへ進んで定着を確認する。関連用語ハブと比較ページへ進んで定着を確認する。用語ハブ compare へ進む。,管理委託費とは何ですか？
管理業務,管理適正化法,管理適正化法;基本,管理適正化法上の管理業務の定義。再委託制限。,管理業務は、管理適正化法上の管理業務の定義。再委託制限。マンション管理の適正化を推進する法律。資格・73条書面・管理計画。,マンション等の管理の適正化の推進に関する法律;管理計画認定制度;管理業務主任者,管理適正化法,A,過去問では管理業務の定義・要件・効果を条文・規約根拠と対応づけるが問われます。管理業務を類似語と同一視する選択肢に注意してください。管理適正化法上の管理業務の定義。再委託制限。管理業務主任者試験では、管理適正化。,管理業務とは？管理業務主任者で押さえる意味と試験ポイント,管理業務の意味と管理業務主任者試験での判定ポイントを、管理適正化法の文脈で整理します。管理業務は、管理適正化法上の管理業務の定義。再委託制限。マンション管理の適正化を推進する法律。資格・73条書面・管理計画。,"管理適正化法上の管理業務の定義。再委託制限。管理業務主任者試験では、管理適正化法を根拠に定義・要件・効果を問う問題が出ます。

実務・試験ともに「管理業務の定義・要件・効果を条文・規約根拠と対応づける」が判断の軸になります。選択肢では管理業務を類似語と同一視する肢が多いため、要件の欠けた肢を消去する思考が有効です。

管理業務はマンション等の管理の適正化の推進に関する法律、管理計画認定制度、管理業務主任者とセットで整理すると理解が定着します。管業マスターの過去問・実践演習で管理適正化法フィルタを使い、関連問題を解き直してください。","<table class=""seo-info-table""><thead><tr><th>比較</th><th>管理業務</th><th>マンション等の管理の適正化の推進に関する法律</th></tr></thead><tbody><tr><th>覚え方</th><td>管理業務の定義・要件・効果を条文・規約根拠と対応づける</td><td>関連ページで対比</td></tr></tbody></table>",管理業務の定義・要件・効果を条文・規約根拠と対応づける;管理適正化法の根拠を明示できる;関連語（マンション等の管理の適正化の推進に関する法律、管理計画認定制度、管理業務主任者）との違いを説明できる,管理業務を類似語と同一視する;要件の一部だけ暗記して判断する;最新の改正・規約改定を見落とす。,管理業務＝管理適正化法。マンション等の管理の適正化の推進に関する法律と表で対比。,管理業務に関する次の記述のうち、最も適切でないものはどれか。,管理業務の定義・要件・効果を条文・規約根拠と対応づける。管理業務を類似語と同一視するとする記述が誤りになりやすい。,管理業務の定義を試験用に一言で言うと？,「管理業務の定義を試験用に一言で言うと？」への答え：管理適正化法上の管理業務の定義。再委託制限。根拠は管理適正化法。条文番号と要件をメモに書き出して確認する。条文番号と要件をメモに書き出して確認する。条文番号と要件をメモに書き出して確認する。公式テキスト該当章を開く。,管理業務と混同しやすい論点は？,試験の出方：管理適正化法の根拠を明示できる。四択では条件の主語と効果を分離して読む。過去問で出題形式と正答率を週1回チェックする。過去問で出題形式と正答率を週1回チェックする。過去問で出題形式と正答率を週1回チェックする。過去問で出題形式と正答率を週1回チェックする。過去問1問で正答率を記録する。,誤答の典型：管理業務を類似語と同一視する;要件の一部だけ暗記して判断する;最新の改正・規約改定を見落とす。一語差の選択肢に注意。誤答肢のパターンを比較表に整理して復習する。誤答肢のパターンを比較表に整理して復習する。誤答肢のパターンを比較表に整理して復習する。誤答肢を比較表に書き出す。,管理業務とは何ですか？,学習の次段：「マンション等の管理の適正化の推進に関する法律」と比較表で整理し、numbers / compare から過去問へ。関連用語ハブと比較ページへ進んで定着を確認する。関連用語ハブと比較ページへ進んで定着を確認する。関連用語ハブと比較ページへ進んで定着を確認する。用語ハブ compare へ進む。,管理業務とは何ですか？
管理業務の再委託,管理適正化法,管理適正化法;頻出;委託,原則禁止。例外要件。（用語）。,管理業務の再委託は、原則禁止。例外要件。マンション管理の適正化を推進する法律。資格・73条書面・管理計画。,マンション等の管理の適正化の推進に関する法律;管理計画認定制度;管理業務主任者,管理適正化法,A,過去問では管理業務の再委託の定義・要件・効果を条文・規約根拠と対応づけるが問われます。管理業務の再委託を類似語と同一視する選択肢に注意してください。原則禁止。例外要件。管理業務主任者試験では、管理適正化法を根拠に定義・要件・効。,管理業務の再委託とは？管理業務主任者で押さえる意味と試験ポイント,管理業務の再委託の意味と管理業務主任者試験での判定ポイントを、管理適正化法の文脈で整理します。管理業務の再委託は、原則禁止。例外要件。マンション管理の適正化を推進する法律。資格・73条書面・管理計画。,"原則禁止。例外要件。管理業務主任者試験では、管理適正化法を根拠に定義・要件・効果を問う問題が出ます。

実務・試験ともに「管理業務の再委託の定義・要件・効果を条文・規約根拠と対応づける」が判断の軸になります。選択肢では管理業務の再委託を類似語と同一視する肢が多いため、要件の欠けた肢を消去する思考が有効です。

管理業務の再委託はマンション等の管理の適正化の推進に関する法律、管理計画認定制度、管理業務主任者とセットで整理すると理解が定着します。管業マスターの過去問・実践演習で管理適正化法フィルタを使い、関連問題を解き直してください。","<table class=""seo-info-table""><thead><tr><th>比較</th><th>管理業務の再委託</th><th>マンション等の管理の適正化の推進に関する法律</th></tr></thead><tbody><tr><th>覚え方</th><td>管理業務の再委託の定義・要件・効果を条文・規約根拠と対応づける</td><td>関連ページで対比</td></tr></tbody></table>",管理業務の再委託の定義・要件・効果を条文・規約根拠と対応づける;管理適正化法の根拠を明示できる;関連語（マンション等の管理の適正化の推進に関する法律、管理計画認定制度、管理業務主任者）との違いを説明できる,管理業務の再委託を類似語と同一視する;要件の一部だけ暗記して判断する;最新の改正・規約改定を見落とす。,管理業務の再委託＝管理適正化法。マンション等の管理の適正化の推進に関する法律と表で対比。,管理業務の再委託に関する次の記述のうち、最も適切でないものはどれか。,管理業務の再委託の定義・要件・効果を条文・規約根拠と対応づける。管理業務の再委託を類似語と同一視するとする記述が誤りになりやすい。,管理業務の再委託の定義を試験用に一言で言うと？,「管理業務の再委託の定義を試験用に一言で言うと？」への答え：原則禁止。例外要件。（用語）。根拠は管理適正化法。条文番号と要件をメモに書き出して確認する。条文番号と要件をメモに書き出して確認する。条文番号と要件をメモに書き出して確認する。条文番号と要件をメモに書き出して確認する。公式テキスト該当章を開く。,管理業務の再委託と混同しやすい論点は？,試験の出方：管理適正化法の根拠を明示できる。四択では条件の主語と効果を分離して読む。過去問で出題形式と正答率を週1回チェックする。過去問で出題形式と正答率を週1回チェックする。過去問で出題形式と正答率を週1回チェックする。過去問で出題形式と正答率を週1回チェックする。過去問1問で正答率を記録する。,誤答の典型：管理業務の再委託を類似語と同一視する;要件の一部だけ暗記して判断する;最新の改正・規約改定を見落とす。一語差の選択肢に注意。誤答肢のパターンを比較表に整理して復習する。誤答肢のパターンを比較表に整理して復習する。誤答肢のパターンを比較表に整理して復習する。誤答肢を比較表に書き出す。,管理業務の再委託とは何ですか？,学習の次段：「マンション等の管理の適正化の推進に関する法律」と比較表で整理し、numbers / compare から過去問へ。関連用語ハブと比較ページへ進んで定着を確認する。関連用語ハブと比較ページへ進んで定着を確認する。関連用語ハブと比較ページへ進んで定着を確認する。用語ハブ compare へ進む。,管理業務の再委託とは何ですか？
管理業務の報告,標準管理委託契約書・指針,標準管理委託契約書・指針;頻出;報告,委託者への定期報告。委託契約書。,管理業務の報告は、委託者への定期報告。委託契約書。管理委託契約の標準条項。委託費・業務範囲・再委託。,マンション標準管理委託契約書;定額委託業務費;臨時委託業務,標準管理委託契約書,A,過去問では管理業務の報告の定義・要件・効果を条文・規約根拠と対応づけるが問われます。管理業務の報告を類似語と同一視する選択肢に注意してください。委託者への定期報告。委託契約書。管理業務主任者試験では、標準管理委託契約書を根。,管理業務の報告とは？管理業務主任者試験で押さえる意味と試験ポイント,管理業務の報告の意味と管理業務主任者試験での判定ポイントを、標準管理委託契約書の文脈で整理します。管理業務の報告は、委託者への定期報告。委託契約書。管理委託契約の標準条項。委託費・業務範囲・再委託。,"委託者への定期報告。委託契約書。管理業務主任者試験では、標準管理委託契約書を根拠に定義・要件・効果を問う問題が出ます。

実務・試験ともに「管理業務の報告の定義・要件・効果を条文・規約根拠と対応づける」が判断の軸になります。選択肢では管理業務の報告を類似語と同一視する肢が多いため、要件の欠けた肢を消去する思考が有効です。

管理業務の報告はマンション標準管理委託契約書、定額委託業務費、臨時委託業務とセットで整理すると理解が定着します。管業マスターの過去問・実践演習で標準管理委託契約書・指針フィルタを使い、関連問題を解き直してください。","<table class=""seo-info-table""><thead><tr><th>比較</th><th>管理業務の報告</th><th>マンション標準管理委託契約書</th></tr></thead><tbody><tr><th>覚え方</th><td>管理業務の報告の定義・要件・効果を条文・規約根拠と対応づける</td><td>関連ページで対比</td></tr></tbody></table>",管理業務の報告の定義・要件・効果を条文・規約根拠と対応づける;標準管理委託契約書の根拠を明示できる;関連語（マンション標準管理委託契約書、定額委託業務費、臨時委託業務）との違いを説明できる,管理業務の報告を類似語と同一視する;要件の一部だけ暗記して判断する;最新の改正・規約改定を見落とす。,管理業務の報告＝標準管理委託契約書。マンション標準管理委託契約書と表で対比。,管理業務の報告に関する次の記述のうち、最も適切でないものはどれか。,管理業務の報告の定義・要件・効果を条文・規約根拠と対応づける。管理業務の報告を類似語と同一視するとする記述が誤りになりやすい。,管理業務の報告の定義を試験用に一言で言うと？,「管理業務の報告の定義を試験用に一言で言うと？」への答え：委託者への定期報告。委託契約書。根拠は標準管理委託契約書。条文番号と要件をメモに書き出して確認する。条文番号と要件をメモに書き出して確認する。条文番号と要件をメモに書き出して確認する。公式テキスト該当章を開く。,管理業務の報告と混同しやすい論点は？,試験の出方：標準管理委託契約書の根拠を明示できる。四択では条件の主語と効果を分離して読む。過去問で出題形式と正答率を週1回チェックする。過去問で出題形式と正答率を週1回チェックする。過去問で出題形式と正答率を週1回チェックする。過去問で出題形式と正答率を週1回チェックする。過去問1問で正答率を記録する。,誤答の典型：管理業務の報告を類似語と同一視する;要件の一部だけ暗記して判断する;最新の改正・規約改定を見落とす。一語差の選択肢に注意。誤答肢のパターンを比較表に整理して復習する。誤答肢のパターンを比較表に整理して復習する。誤答肢のパターンを比較表に整理して復習する。誤答肢を比較表に書き出す。,管理業務の報告とは何ですか？,学習の次段：「マンション標準管理委託契約書」と比較表で整理し、numbers / compare から過去問へ。関連用語ハブと比較ページへ進んで定着を確認する。関連用語ハブと比較ページへ進んで定着を確認する。関連用語ハブと比較ページへ進んで定着を確認する。用語ハブ compare へ進む。,管理業務の報告とは何ですか？
管理業務の監査,標準管理委託契約書・指針,標準管理委託契約書・指針;監査,管理業務の監査は標準管理委託契約書・指針分野では標準管理委託契約書に関する重要概念です。,管理業務の監査は、管理業務の監査は標準管理委託契約書・指針分野では標準管理委託契約書に関する重要概念です。管理委託契約の標準条項。委託費・業務範囲・再委託。,マンション標準管理委託契約書;定額委託業務費;臨時委託業務,標準管理委託契約書,B,過去問では管理業務の監査の定義・要件・効果を条文・規約根拠と対応づけるが問われます。管理業務の監査を類似語と同一視する選択肢に注意してください。管理業務の監査は標準管理委託契約書・指針分野では標準管理委託契約書に関する重。,管理業務の監査とは？管理業務主任者試験で押さえる意味と試験ポイント,管理業務の監査の意味と管理業務主任者試験での判定ポイントを、標準管理委託契約書の文脈で整理します。管理業務の監査は、管理業務の監査は標準管理委託契約書・指針分野では標準管理委託契約書に関する重要概念です。管理委託契約の標準条項。委託費・業務範囲・再委託。,"管理業務の監査は標準管理委託契約書・指針分野では標準管理委託契約書に関する重要概念です。管理業務主任者試験では、標準管理委託契約書を根拠に定義・要件・効果を問う問題が出ます。

実務・試験ともに「管理業務の監査の定義・要件・効果を条文・規約根拠と対応づける」が判断の軸になります。選択肢では管理業務の監査を類似語と同一視する肢が多いため、要件の欠けた肢を消去する思考が有効です。

管理業務の監査はマンション標準管理委託契約書、定額委託業務費、臨時委託業務とセットで整理すると理解が定着します。管業マスターの過去問・実践演習で標準管理委託契約書・指針フィルタを使い、関連問題を解き直してください。","<table class=""seo-info-table""><thead><tr><th>比較</th><th>管理業務の監査</th><th>マンション標準管理委託契約書</th></tr></thead><tbody><tr><th>覚え方</th><td>管理業務の監査の定義・要件・効果を条文・規約根拠と対応づける</td><td>関連ページで対比</td></tr></tbody></table>",管理業務の監査の定義・要件・効果を条文・規約根拠と対応づける;標準管理委託契約書の根拠を明示できる;関連語（マンション標準管理委託契約書、定額委託業務費、臨時委託業務）との違いを説明できる,管理業務の監査を類似語と同一視する;要件の一部だけ暗記して判断する;最新の改正・規約改定を見落とす。,管理業務の監査＝標準管理委託契約書。マンション標準管理委託契約書と表で対比。,管理業務の監査に関する記述として最も不適切なものを選べ。,標準管理委託契約書・指針の原則に照らし、主体・時期・要件のいずれかを欠く選択肢を誤りとして判定する。,管理業務の監査の定義を試験用に一言で言うと？,「管理業務の監査の定義を試験用に一言で言うと？」への答え：管理業務の監査は標準管理委託契約書・指針分野では標準管理委託契約書に関する重要概念です。根拠は標準管理委託契約書。条文番号と要件をメモに書き出して確認する。条文番号と要件をメモに書き出して確認する。公式テキスト該当章を開く。,管理業務の監査と混同しやすい論点は？,試験の出方：標準管理委託契約書の根拠を明示できる。四択では条件の主語と効果を分離して読む。過去問で出題形式と正答率を週1回チェックする。過去問で出題形式と正答率を週1回チェックする。過去問で出題形式と正答率を週1回チェックする。過去問で出題形式と正答率を週1回チェックする。過去問1問で正答率を記録する。,誤答の典型：管理業務の監査を類似語と同一視する;要件の一部だけ暗記して判断する;最新の改正・規約改定を見落とす。一語差の選択肢に注意。誤答肢のパターンを比較表に整理して復習する。誤答肢のパターンを比較表に整理して復習する。誤答肢のパターンを比較表に整理して復習する。誤答肢を比較表に書き出す。,管理業務の監査とは何ですか？,学習の次段：「マンション標準管理委託契約書」と比較表で整理し、numbers / compare から過去問へ。関連用語ハブと比較ページへ進んで定着を確認する。関連用語ハブと比較ページへ進んで定着を確認する。関連用語ハブと比較ページへ進んで定着を確認する。用語ハブ compare へ進む。,管理業務の監査とは何ですか？
管理業務主任者,管理適正化法,管理適正化法;資格;頻出,管理業務を適正に実施するため選任される国家資格者（管理適正化法）。,管理業務主任者は、管理業務を適正に実施するため選任される国家資格者（管理適正化法）。マンション管理の適正化を推進する法律。資格・73条書面・管理計画。,マンション等の管理の適正化の推進に関する法律;管理計画認定制度;マンション管理士,管理適正化法,A,過去問では管理業務主任者の定義・要件・効果を条文・規約根拠と対応づけるが問われます。管理業務主任者を類似語と同一視する選択肢に注意してください。管理業務を適正に実施するため選任される国家資格者（管理適正化法）。管理業務主任。,管理業務主任者とは？管理業務主任者で押さえる意味と試験ポイント,管理業務主任者の意味と管理業務主任者試験での判定ポイントを、管理適正化法の文脈で整理します。管理業務主任者は、管理業務を適正に実施するため選任される国家資格者（管理適正化法）。マンション管理の適正化を推進する法律。資格・73条書面・管理計画。,"管理業務を適正に実施するため選任される国家資格者（管理適正化法）。管理業務主任者試験では、管理適正化法を根拠に定義・要件・効果を問う問題が出ます。

実務・試験ともに「管理業務主任者の定義・要件・効果を条文・規約根拠と対応づける」が判断の軸になります。選択肢では管理業務主任者を類似語と同一視する肢が多いため、要件の欠けた肢を消去する思考が有効です。

管理業務主任者はマンション等の管理の適正化の推進に関する法律、管理計画認定制度、マンション管理士とセットで整理すると理解が定着します。管業マスターの過去問・実践演習で管理適正化法フィルタを使い、関連問題を解き直してください。","<table class=""seo-info-table""><thead><tr><th>比較</th><th>管理業務主任者</th><th>マンション等の管理の適正化の推進に関する法律</th></tr></thead><tbody><tr><th>覚え方</th><td>管理業務主任者の定義・要件・効果を条文・規約根拠と対応づける</td><td>関連ページで対比</td></tr></tbody></table>",管理業務主任者の定義・要件・効果を条文・規約根拠と対応づける;管理適正化法の根拠を明示できる;関連語（マンション等の管理の適正化の推進に関する法律、管理計画認定制度、マンション管理士）との違いを説明できる,管理業務主任者を類似語と同一視する;要件の一部だけ暗記して判断する;最新の改正・規約改定を見落とす。,管理業務主任者＝管理適正化法。マンション等の管理の適正化の推進に関する法律と表で対比。,管理業務主任者に関する次の記述のうち、最も適切でないものはどれか。,管理業務主任者の定義・要件・効果を条文・規約根拠と対応づける。管理業務主任者を類似語と同一視するとする記述が誤りになりやすい。,管理業務主任者の定義を試験用に一言で言うと？,「管理業務主任者の定義を試験用に一言で言うと？」への答え：管理業務を適正に実施するため選任される国家資格者（管理適正化法）。根拠は管理適正化法。条文番号と要件をメモに書き出して確認する。条文番号と要件をメモに書き出して確認する。条文番号と要件をメモに書き出して確認する。公式テキスト該当章を開く。,管理業務主任者と混同しやすい論点は？,試験の出方：管理適正化法の根拠を明示できる。四択では条件の主語と効果を分離して読む。過去問で出題形式と正答率を週1回チェックする。過去問で出題形式と正答率を週1回チェックする。過去問で出題形式と正答率を週1回チェックする。過去問で出題形式と正答率を週1回チェックする。過去問1問で正答率を記録する。,誤答の典型：管理業務主任者を類似語と同一視する;要件の一部だけ暗記して判断する;最新の改正・規約改定を見落とす。一語差の選択肢に注意。誤答肢のパターンを比較表に整理して復習する。誤答肢のパターンを比較表に整理して復習する。誤答肢のパターンを比較表に整理して復習する。誤答肢を比較表に書き出す。,管理業務主任者とは何ですか？,学習の次段：「マンション等の管理の適正化の推進に関する法律」と比較表で整理し、numbers / compare から過去問へ。関連用語ハブと比較ページへ進んで定着を確認する。関連用語ハブと比較ページへ進んで定着を確認する。関連用語ハブと比較ページへ進んで定着を確認する。用語ハブ compare へ進む。,管理業務主任者とは何ですか？
管理業務主任者の届出,管理適正化法,管理適正化法;資格,管理業務主任者の届出は管理適正化法分野では管理適正化法に関する重要概念です。,管理業務主任者の届出は、管理業務主任者の届出は管理適正化法分野では管理適正化法に関する重要概念です。マンション管理の適正化を推進する法律。資格・73条書面・管理計画。,マンション等の管理の適正化の推進に関する法律;管理計画認定制度;管理業務主任者,管理適正化法,B,過去問では管理業務主任者の届出の定義・要件・効果を条文・規約根拠と対応づけるが問われます。管理業務主任者の届出を類似語と同一視する選択肢に注意してください。管理業務主任者の届出は管理適正化法分野では管理適正化法に関する重要概念です。,管理業務主任者の届出とは？管理業務主任者で押さえる意味と試験ポイント,管理業務主任者の届出の意味と管理業務主任者試験での判定ポイントを、管理適正化法の文脈で整理します。管理業務主任者の届出は、管理業務主任者の届出は管理適正化法分野では管理適正化法に関する重要概念です。マンション管理の適正化を推進する法律。資格・73条書面・管理計画。,"管理業務主任者の届出は管理適正化法分野では管理適正化法に関する重要概念です。管理業務主任者試験では、管理適正化法を根拠に定義・要件・効果を問う問題が出ます。

実務・試験ともに「管理業務主任者の届出の定義・要件・効果を条文・規約根拠と対応づける」が判断の軸になります。選択肢では管理業務主任者の届出を類似語と同一視する肢が多いため、要件の欠けた肢を消去する思考が有効です。

管理業務主任者の届出はマンション等の管理の適正化の推進に関する法律、管理計画認定制度、管理業務主任者とセットで整理すると理解が定着します。管業マスターの過去問・実践演習で管理適正化法フィルタを使い、関連問題を解き直してください。","<table class=""seo-info-table""><thead><tr><th>比較</th><th>管理業務主任者の届出</th><th>マンション等の管理の適正化の推進に関する法律</th></tr></thead><tbody><tr><th>覚え方</th><td>管理業務主任者の届出の定義・要件・効果を条文・規約根拠と対応づける</td><td>関連ページで対比</td></tr></tbody></table>",管理業務主任者の届出の定義・要件・効果を条文・規約根拠と対応づける;管理適正化法の根拠を明示できる;関連語（マンション等の管理の適正化の推進に関する法律、管理計画認定制度、管理業務主任者）との違いを説明できる,管理業務主任者の届出を類似語と同一視する;要件の一部だけ暗記して判断する;最新の改正・規約改定を見落とす。,管理業務主任者の届出＝管理適正化法。マンション等の管理の適正化の推進に関する法律と表で対比。,管理業務主任者の届出に関する次の記述のうち、最も適切でないものはどれか。,管理業務主任者の届出の定義・要件と照らし、条件を満たさない選択肢を選ぶ。,管理業務主任者の届出の定義を試験用に一言で言うと？,「管理業務主任者の届出の定義を試験用に一言で言うと？」への答え：管理業務主任者の届出は管理適正化法分野では管理適正化法に関する重要概念です。根拠は管理適正化法。条文番号と要件をメモに書き出して確認する。条文番号と要件をメモに書き出して確認する。公式テキスト該当章を開く。,管理業務主任者の届出と混同しやすい論点は？,試験の出方：管理適正化法の根拠を明示できる。四択では条件の主語と効果を分離して読む。過去問で出題形式と正答率を週1回チェックする。過去問で出題形式と正答率を週1回チェックする。過去問で出題形式と正答率を週1回チェックする。過去問で出題形式と正答率を週1回チェックする。過去問1問で正答率を記録する。,誤答の典型：管理業務主任者の届出を類似語と同一視する;要件の一部だけ暗記して判断する;最新の改正・規約改定を見落とす。一語差の選択肢に注意。誤答肢のパターンを比較表に整理して復習する。誤答肢のパターンを比較表に整理して復習する。誤答肢のパターンを比較表に整理して復習する。誤答肢を比較表に書き出す。,管理業務主任者の届出とは何ですか？,学習の次段：「マンション等の管理の適正化の推進に関する法律」と比較表で整理し、numbers / compare から過去問へ。関連用語ハブと比較ページへ進んで定着を確認する。関連用語ハブと比較ページへ進んで定着を確認する。関連用語ハブと比較ページへ進んで定着を確認する。用語ハブ compare へ進む。,管理業務主任者の届出とは何ですか？
管理業務主任者の業務,管理適正化法,管理適正化法;頻出;業務,管理業務の適正実施・報告等。,管理業務主任者の業務は、管理業務の適正実施・報告等。マンション管理の適正化を推進する法律。資格・73条書面・管理計画。,マンション等の管理の適正化の推進に関する法律;管理計画認定制度;管理業務主任者,管理適正化法,A,過去問では管理業務主任者の業務の定義・要件・効果を条文・規約根拠と対応づけるが問われます。管理業務主任者の業務を類似語と同一視する選択肢に注意してください。管理業務の適正実施・報告等。管理業務主任者試験では、管理適正化法を根拠に定義・。,管理業務主任者の業務とは？管理業務主任者で押さえる意味と試験ポイント,管理業務主任者の業務の意味と管理業務主任者試験での判定ポイントを、管理適正化法の文脈で整理します。管理業務主任者の業務は、管理業務の適正実施・報告等。マンション管理の適正化を推進する法律。資格・73条書面・管理計画。,"管理業務の適正実施・報告等。管理業務主任者試験では、管理適正化法を根拠に定義・要件・効果を問う問題が出ます。

実務・試験ともに「管理業務主任者の業務の定義・要件・効果を条文・規約根拠と対応づける」が判断の軸になります。選択肢では管理業務主任者の業務を類似語と同一視する肢が多いため、要件の欠けた肢を消去する思考が有効です。

管理業務主任者の業務はマンション等の管理の適正化の推進に関する法律、管理計画認定制度、管理業務主任者とセットで整理すると理解が定着します。管業マスターの過去問・実践演習で管理適正化法フィルタを使い、関連問題を解き直してください。","<table class=""seo-info-table""><thead><tr><th>比較</th><th>管理業務主任者の業務</th><th>マンション等の管理の適正化の推進に関する法律</th></tr></thead><tbody><tr><th>覚え方</th><td>管理業務主任者の業務の定義・要件・効果を条文・規約根拠と対応づける</td><td>関連ページで対比</td></tr></tbody></table>",管理業務主任者の業務の定義・要件・効果を条文・規約根拠と対応づける;管理適正化法の根拠を明示できる;関連語（マンション等の管理の適正化の推進に関する法律、管理計画認定制度、管理業務主任者）との違いを説明できる,管理業務主任者の業務を類似語と同一視する;要件の一部だけ暗記して判断する;最新の改正・規約改定を見落とす。,管理業務主任者の業務＝管理適正化法。マンション等の管理の適正化の推進に関する法律と表で対比。,管理業務主任者の業務に関する次の記述のうち、最も適切でないものはどれか。,管理業務主任者の業務の定義・要件・効果を条文・規約根拠と対応づける。管理業務主任者の業務を類似語と同一視するとする記述が誤りになりやすい。,管理業務主任者の業務の定義を試験用に一言で言うと？,「管理業務主任者の業務の定義を試験用に一言で言うと？」への答え：管理業務の適正実施・報告等。根拠は管理適正化法。条文番号と要件をメモに書き出して確認する。条文番号と要件をメモに書き出して確認する。条文番号と要件をメモに書き出して確認する。条文番号と要件をメモに書き出して確認する。公式テキスト該当章を開く。,管理業務主任者の業務と混同しやすい論点は？,試験の出方：管理適正化法の根拠を明示できる。四択では条件の主語と効果を分離して読む。過去問で出題形式と正答率を週1回チェックする。過去問で出題形式と正答率を週1回チェックする。過去問で出題形式と正答率を週1回チェックする。過去問で出題形式と正答率を週1回チェックする。過去問1問で正答率を記録する。,誤答の典型：管理業務主任者の業務を類似語と同一視する;要件の一部だけ暗記して判断する;最新の改正・規約改定を見落とす。一語差の選択肢に注意。誤答肢のパターンを比較表に整理して復習する。誤答肢のパターンを比較表に整理して復習する。誤答肢のパターンを比較表に整理して復習する。誤答肢を比較表に書き出す。,管理業務主任者の業務とは何ですか？,学習の次段：「マンション等の管理の適正化の推進に関する法律」と比較表で整理し、numbers / compare から過去問へ。関連用語ハブと比較ページへ進んで定着を確認する。関連用語ハブと比較ページへ進んで定着を確認する。関連用語ハブと比較ページへ進んで定着を確認する。用語ハブ compare へ進む。,管理業務主任者の業務とは何ですか？
管理業務主任者の欠格事由,管理適正化法,管理適正化法;資格,管理業務主任者の欠格事由は管理適正化法分野では管理適正化法に関する重要概念です。,管理業務主任者の欠格事由は、管理業務主任者の欠格事由は管理適正化法分野では管理適正化法に関する重要概念です。マンション管理の適正化を推進する法律。資格・73条書面・管理計画。,マンション等の管理の適正化の推進に関する法律;管理計画認定制度;管理業務主任者,管理適正化法,B,過去問では管理業務主任者の欠格事由の定義・要件・効果を条文・規約根拠と対応づけるが問われます。管理業務主任者の欠格事由を類似語と同一視する選択肢に注意してください。,管理業務主任者の欠格事由とは？管理業務主任者で押さえる意味と試験ポイント,管理業務主任者の欠格事由の意味と管理業務主任者試験での判定ポイントを、管理適正化法の文脈で整理します。管理業務主任者の欠格事由は、管理業務主任者の欠格事由は管理適正化法分野では管理適正化法に関する重要概念です。マンション管理の適正化を推進する法律。資格・73条書面・管理計画。,"管理業務主任者の欠格事由は管理適正化法分野では管理適正化法に関する重要概念です。管理業務主任者試験では、管理適正化法を根拠に定義・要件・効果を問う問題が出ます。

実務・試験ともに「管理業務主任者の欠格事由の定義・要件・効果を条文・規約根拠と対応づける」が判断の軸になります。選択肢では管理業務主任者の欠格事由を類似語と同一視する肢が多いため、要件の欠けた肢を消去する思考が有効です。

管理業務主任者の欠格事由はマンション等の管理の適正化の推進に関する法律、管理計画認定制度、管理業務主任者とセットで整理すると理解が定着します。管業マスターの過去問・実践演習で管理適正化法フィルタを使い、関連問題を解き直してください。","<table class=""seo-info-table""><thead><tr><th>比較</th><th>管理業務主任者の欠格事由</th><th>マンション等の管理の適正化の推進に関する法律</th></tr></thead><tbody><tr><th>覚え方</th><td>管理業務主任者の欠格事由の定義・要件・効果を条文・規約根拠と対応づける</td><td>関連ページで対比</td></tr></tbody></table>",管理業務主任者の欠格事由の定義・要件・効果を条文・規約根拠と対応づける;管理適正化法の根拠を明示できる;関連語（マンション等の管理の適正化の推進に関する法律、管理計画認定制度、管理業務主任者）との違いを説明できる,管理業務主任者の欠格事由を類似語と同一視する;要件の一部だけ暗記して判断する;最新の改正・規約改定を見落とす。,管理業務主任者の欠格事由＝管理適正化法。マンション等の管理の適正化の推進に関する法律と表で対比。,管理業務主任者の欠格事由に関する次の記述のうち、最も適切でないものはどれか。,管理業務主任者の欠格事由の定義・要件と照らし、条件を満たさない選択肢を選ぶ。,管理業務主任者の欠格事由の定義を試験用に一言で言うと？,「管理業務主任者の欠格事由の定義を試験用に一言で言うと？」への答え：管理業務主任者の欠格事由は管理適正化法分野では管理適正化法に関する重要概念です。根拠は管理適正化法。条文番号と要件をメモに書き出して確認する。条文番号と要件をメモに書き出して確認する。公式テキスト該当章を開く。,管理業務主任者の欠格事由と混同しやすい論点は？,試験の出方：管理適正化法の根拠を明示できる。四択では条件の主語と効果を分離して読む。過去問で出題形式と正答率を週1回チェックする。過去問で出題形式と正答率を週1回チェックする。過去問で出題形式と正答率を週1回チェックする。過去問で出題形式と正答率を週1回チェックする。過去問1問で正答率を記録する。,誤答の典型：管理業務主任者の欠格事由を類似語と同一視する;要件の一部だけ暗記して判断する;最新の改正・規約改定を見落とす。一語差の選択肢に注意。誤答肢のパターンを比較表に整理して復習する。誤答肢のパターンを比較表に整理して復習する。誤答肢のパターンを比較表に整理して復習する。誤答肢を比較表に書き出す。,管理業務主任者の欠格事由とは何ですか？,学習の次段：「マンション等の管理の適正化の推進に関する法律」と比較表で整理し、numbers / compare から過去問へ。関連用語ハブと比較ページへ進んで定着を確認する。関連用語ハブと比較ページへ進んで定着を確認する。関連用語ハブと比較ページへ進んで定着を確認する。用語ハブ compare へ進む。,管理業務主任者の欠格事由とは何ですか？
管理業務主任者の登録,管理適正化法,管理適正化法;頻出;資格,国家資格の登録・更新。（用語）。,管理業務主任者の登録は、国家資格の登録・更新。マンション管理の適正化を推進する法律。資格・73条書面・管理計画。,マンション等の管理の適正化の推進に関する法律;管理計画認定制度;管理業務主任者,管理適正化法,A,過去問では管理業務主任者の登録の定義・要件・効果を条文・規約根拠と対応づけるが問われます。管理業務主任者の登録を類似語と同一視する選択肢に注意してください。国家資格の登録・更新。管理業務主任者試験では、管理適正化法を根拠に定義・要件・。,管理業務主任者の登録とは？管理業務主任者で押さえる意味と試験ポイント,管理業務主任者の登録の意味と管理業務主任者試験での判定ポイントを、管理適正化法の文脈で整理します。管理業務主任者の登録は、国家資格の登録・更新。マンション管理の適正化を推進する法律。資格・73条書面・管理計画。,"国家資格の登録・更新。管理業務主任者試験では、管理適正化法を根拠に定義・要件・効果を問う問題が出ます。

実務・試験ともに「管理業務主任者の登録の定義・要件・効果を条文・規約根拠と対応づける」が判断の軸になります。選択肢では管理業務主任者の登録を類似語と同一視する肢が多いため、要件の欠けた肢を消去する思考が有効です。

管理業務主任者の登録はマンション等の管理の適正化の推進に関する法律、管理計画認定制度、管理業務主任者とセットで整理すると理解が定着します。管業マスターの過去問・実践演習で管理適正化法フィルタを使い、関連問題を解き直してください。","<table class=""seo-info-table""><thead><tr><th>比較</th><th>管理業務主任者の登録</th><th>マンション等の管理の適正化の推進に関する法律</th></tr></thead><tbody><tr><th>覚え方</th><td>管理業務主任者の登録の定義・要件・効果を条文・規約根拠と対応づける</td><td>関連ページで対比</td></tr></tbody></table>",管理業務主任者の登録の定義・要件・効果を条文・規約根拠と対応づける;管理適正化法の根拠を明示できる;関連語（マンション等の管理の適正化の推進に関する法律、管理計画認定制度、管理業務主任者）との違いを説明できる,管理業務主任者の登録を類似語と同一視する;要件の一部だけ暗記して判断する;最新の改正・規約改定を見落とす。,管理業務主任者の登録＝管理適正化法。マンション等の管理の適正化の推進に関する法律と表で対比。,管理業務主任者の登録に関する次の記述のうち、最も適切でないものはどれか。,管理業務主任者の登録の定義・要件・効果を条文・規約根拠と対応づける。管理業務主任者の登録を類似語と同一視するとする記述が誤りになりやすい。,管理業務主任者の登録の定義を試験用に一言で言うと？,「管理業務主任者の登録の定義を試験用に一言で言うと？」への答え：国家資格の登録・更新。（用語）。根拠は管理適正化法。条文番号と要件をメモに書き出して確認する。条文番号と要件をメモに書き出して確認する。条文番号と要件をメモに書き出して確認する。公式テキスト該当章を開く。,管理業務主任者の登録と混同しやすい論点は？,試験の出方：管理適正化法の根拠を明示できる。四択では条件の主語と効果を分離して読む。過去問で出題形式と正答率を週1回チェックする。過去問で出題形式と正答率を週1回チェックする。過去問で出題形式と正答率を週1回チェックする。過去問で出題形式と正答率を週1回チェックする。過去問1問で正答率を記録する。,誤答の典型：管理業務主任者の登録を類似語と同一視する;要件の一部だけ暗記して判断する;最新の改正・規約改定を見落とす。一語差の選択肢に注意。誤答肢のパターンを比較表に整理して復習する。誤答肢のパターンを比較表に整理して復習する。誤答肢のパターンを比較表に整理して復習する。誤答肢を比較表に書き出す。,管理業務主任者の登録とは何ですか？,学習の次段：「マンション等の管理の適正化の推進に関する法律」と比較表で整理し、numbers / compare から過去問へ。関連用語ハブと比較ページへ進んで定着を確認する。関連用語ハブと比較ページへ進んで定着を確認する。関連用語ハブと比較ページへ進んで定着を確認する。用語ハブ compare へ進む。,管理業務主任者の登録とは何ですか？
管理業務主任者の研修,管理適正化法,管理適正化法;資格,管理業務主任者の研修は管理適正化法分野では管理適正化法に関する重要概念です。,管理業務主任者の研修は、管理業務主任者の研修は管理適正化法分野では管理適正化法に関する重要概念です。マンション管理の適正化を推進する法律。資格・73条書面・管理計画。,マンション等の管理の適正化の推進に関する法律;管理計画認定制度;管理業務主任者,管理適正化法,B,過去問では管理業務主任者の研修の定義・要件・効果を条文・規約根拠と対応づけるが問われます。管理業務主任者の研修を類似語と同一視する選択肢に注意してください。管理業務主任者の研修は管理適正化法分野では管理適正化法に関する重要概念です。,管理業務主任者の研修とは？管理業務主任者で押さえる意味と試験ポイント,管理業務主任者の研修の意味と管理業務主任者試験での判定ポイントを、管理適正化法の文脈で整理します。管理業務主任者の研修は、管理業務主任者の研修は管理適正化法分野では管理適正化法に関する重要概念です。マンション管理の適正化を推進する法律。資格・73条書面・管理計画。,"管理業務主任者の研修は管理適正化法分野では管理適正化法に関する重要概念です。管理業務主任者試験では、管理適正化法を根拠に定義・要件・効果を問う問題が出ます。

実務・試験ともに「管理業務主任者の研修の定義・要件・効果を条文・規約根拠と対応づける」が判断の軸になります。選択肢では管理業務主任者の研修を類似語と同一視する肢が多いため、要件の欠けた肢を消去する思考が有効です。

管理業務主任者の研修はマンション等の管理の適正化の推進に関する法律、管理計画認定制度、管理業務主任者とセットで整理すると理解が定着します。管業マスターの過去問・実践演習で管理適正化法フィルタを使い、関連問題を解き直してください。","<table class=""seo-info-table""><thead><tr><th>比較</th><th>管理業務主任者の研修</th><th>マンション等の管理の適正化の推進に関する法律</th></tr></thead><tbody><tr><th>覚え方</th><td>管理業務主任者の研修の定義・要件・効果を条文・規約根拠と対応づける</td><td>関連ページで対比</td></tr></tbody></table>",管理業務主任者の研修の定義・要件・効果を条文・規約根拠と対応づける;管理適正化法の根拠を明示できる;関連語（マンション等の管理の適正化の推進に関する法律、管理計画認定制度、管理業務主任者）との違いを説明できる,管理業務主任者の研修を類似語と同一視する;要件の一部だけ暗記して判断する;最新の改正・規約改定を見落とす。,管理業務主任者の研修＝管理適正化法。マンション等の管理の適正化の推進に関する法律と表で対比。,管理業務主任者の研修に関する次の記述のうち、最も適切でないものはどれか。,管理業務主任者の研修の定義・要件と照らし、条件を満たさない選択肢を選ぶ。,管理業務主任者の研修の定義を試験用に一言で言うと？,「管理業務主任者の研修の定義を試験用に一言で言うと？」への答え：管理業務主任者の研修は管理適正化法分野では管理適正化法に関する重要概念です。根拠は管理適正化法。条文番号と要件をメモに書き出して確認する。条文番号と要件をメモに書き出して確認する。公式テキスト該当章を開く。,管理業務主任者の研修と混同しやすい論点は？,試験の出方：管理適正化法の根拠を明示できる。四択では条件の主語と効果を分離して読む。過去問で出題形式と正答率を週1回チェックする。過去問で出題形式と正答率を週1回チェックする。過去問で出題形式と正答率を週1回チェックする。過去問で出題形式と正答率を週1回チェックする。過去問1問で正答率を記録する。,誤答の典型：管理業務主任者の研修を類似語と同一視する;要件の一部だけ暗記して判断する;最新の改正・規約改定を見落とす。一語差の選択肢に注意。誤答肢のパターンを比較表に整理して復習する。誤答肢のパターンを比較表に整理して復習する。誤答肢のパターンを比較表に整理して復習する。誤答肢を比較表に書き出す。,管理業務主任者の研修とは何ですか？,学習の次段：「マンション等の管理の適正化の推進に関する法律」と比較表で整理し、numbers / compare から過去問へ。関連用語ハブと比較ページへ進んで定着を確認する。関連用語ハブと比較ページへ進んで定着を確認する。関連用語ハブと比較ページへ進んで定着を確認する。用語ハブ compare へ進む。,管理業務主任者の研修とは何ですか？
管理業務主任者の解任,管理適正化法,管理適正化法;資格,管理業務主任者の解任は管理適正化法分野では管理適正化法に関する重要概念です。,管理業務主任者の解任は、管理業務主任者の解任は管理適正化法分野では管理適正化法に関する重要概念です。マンション管理の適正化を推進する法律。資格・73条書面・管理計画。,マンション等の管理の適正化の推進に関する法律;管理計画認定制度;管理業務主任者,管理適正化法,B,過去問では管理業務主任者の解任の定義・要件・効果を条文・規約根拠と対応づけるが問われます。管理業務主任者の解任を類似語と同一視する選択肢に注意してください。管理業務主任者の解任は管理適正化法分野では管理適正化法に関する重要概念です。,管理業務主任者の解任とは？管理業務主任者で押さえる意味と試験ポイント,管理業務主任者の解任の意味と管理業務主任者試験での判定ポイントを、管理適正化法の文脈で整理します。管理業務主任者の解任は、管理業務主任者の解任は管理適正化法分野では管理適正化法に関する重要概念です。マンション管理の適正化を推進する法律。資格・73条書面・管理計画。,"管理業務主任者の解任は管理適正化法分野では管理適正化法に関する重要概念です。管理業務主任者試験では、管理適正化法を根拠に定義・要件・効果を問う問題が出ます。

実務・試験ともに「管理業務主任者の解任の定義・要件・効果を条文・規約根拠と対応づける」が判断の軸になります。選択肢では管理業務主任者の解任を類似語と同一視する肢が多いため、要件の欠けた肢を消去する思考が有効です。

管理業務主任者の解任はマンション等の管理の適正化の推進に関する法律、管理計画認定制度、管理業務主任者とセットで整理すると理解が定着します。管業マスターの過去問・実践演習で管理適正化法フィルタを使い、関連問題を解き直してください。","<table class=""seo-info-table""><thead><tr><th>比較</th><th>管理業務主任者の解任</th><th>マンション等の管理の適正化の推進に関する法律</th></tr></thead><tbody><tr><th>覚え方</th><td>管理業務主任者の解任の定義・要件・効果を条文・規約根拠と対応づける</td><td>関連ページで対比</td></tr></tbody></table>",管理業務主任者の解任の定義・要件・効果を条文・規約根拠と対応づける;管理適正化法の根拠を明示できる;関連語（マンション等の管理の適正化の推進に関する法律、管理計画認定制度、管理業務主任者）との違いを説明できる,管理業務主任者の解任を類似語と同一視する;要件の一部だけ暗記して判断する;最新の改正・規約改定を見落とす。,管理業務主任者の解任＝管理適正化法。マンション等の管理の適正化の推進に関する法律と表で対比。,管理業務主任者の解任に関する次の記述のうち、最も適切でないものはどれか。,管理業務主任者の解任の定義・要件と照らし、条件を満たさない選択肢を選ぶ。,管理業務主任者の解任の定義を試験用に一言で言うと？,「管理業務主任者の解任の定義を試験用に一言で言うと？」への答え：管理業務主任者の解任は管理適正化法分野では管理適正化法に関する重要概念です。根拠は管理適正化法。条文番号と要件をメモに書き出して確認する。条文番号と要件をメモに書き出して確認する。公式テキスト該当章を開く。,管理業務主任者の解任と混同しやすい論点は？,試験の出方：管理適正化法の根拠を明示できる。四択では条件の主語と効果を分離して読む。過去問で出題形式と正答率を週1回チェックする。過去問で出題形式と正答率を週1回チェックする。過去問で出題形式と正答率を週1回チェックする。過去問で出題形式と正答率を週1回チェックする。過去問1問で正答率を記録する。,誤答の典型：管理業務主任者の解任を類似語と同一視する;要件の一部だけ暗記して判断する;最新の改正・規約改定を見落とす。一語差の選択肢に注意。誤答肢のパターンを比較表に整理して復習する。誤答肢のパターンを比較表に整理して復習する。誤答肢のパターンを比較表に整理して復習する。誤答肢を比較表に書き出す。,管理業務主任者の解任とは何ですか？,学習の次段：「マンション等の管理の適正化の推進に関する法律」と比較表で整理し、numbers / compare から過去問へ。関連用語ハブと比較ページへ進んで定着を確認する。関連用語ハブと比較ページへ進んで定着を確認する。関連用語ハブと比較ページへ進んで定着を確認する。用語ハブ compare へ進む。,管理業務主任者の解任とは何ですか？
管理業務主任者の選任,管理適正化法,管理適正化法;頻出;資格,一定規模以上で選任義務。,管理業務主任者の選任は、一定規模以上で選任義務。マンション管理の適正化を推進する法律。資格・73条書面・管理計画。,マンション等の管理の適正化の推進に関する法律;管理計画認定制度;管理業務主任者,管理適正化法,A,過去問では管理業務主任者の選任の定義・要件・効果を条文・規約根拠と対応づけるが問われます。管理業務主任者の選任を類似語と同一視する選択肢に注意してください。一定規模以上で選任義務。管理業務主任者試験では、管理適正化法を根拠に定義・要件。,管理業務主任者の選任とは？管理業務主任者で押さえる意味と試験ポイント,管理業務主任者の選任の意味と管理業務主任者試験での判定ポイントを、管理適正化法の文脈で整理します。管理業務主任者の選任は、一定規模以上で選任義務。マンション管理の適正化を推進する法律。資格・73条書面・管理計画。,"一定規模以上で選任義務。管理業務主任者試験では、管理適正化法を根拠に定義・要件・効果を問う問題が出ます。

実務・試験ともに「管理業務主任者の選任の定義・要件・効果を条文・規約根拠と対応づける」が判断の軸になります。選択肢では管理業務主任者の選任を類似語と同一視する肢が多いため、要件の欠けた肢を消去する思考が有効です。

管理業務主任者の選任はマンション等の管理の適正化の推進に関する法律、管理計画認定制度、管理業務主任者とセットで整理すると理解が定着します。管業マスターの過去問・実践演習で管理適正化法フィルタを使い、関連問題を解き直してください。","<table class=""seo-info-table""><thead><tr><th>比較</th><th>管理業務主任者の選任</th><th>マンション等の管理の適正化の推進に関する法律</th></tr></thead><tbody><tr><th>覚え方</th><td>管理業務主任者の選任の定義・要件・効果を条文・規約根拠と対応づける</td><td>関連ページで対比</td></tr></tbody></table>",管理業務主任者の選任の定義・要件・効果を条文・規約根拠と対応づける;管理適正化法の根拠を明示できる;関連語（マンション等の管理の適正化の推進に関する法律、管理計画認定制度、管理業務主任者）との違いを説明できる,管理業務主任者の選任を類似語と同一視する;要件の一部だけ暗記して判断する;最新の改正・規約改定を見落とす。,管理業務主任者の選任＝管理適正化法。マンション等の管理の適正化の推進に関する法律と表で対比。,管理業務主任者の選任に関する次の記述のうち、最も適切でないものはどれか。,管理業務主任者の選任の定義・要件・効果を条文・規約根拠と対応づける。管理業務主任者の選任を類似語と同一視するとする記述が誤りになりやすい。,管理業務主任者の選任の定義を試験用に一言で言うと？,「管理業務主任者の選任の定義を試験用に一言で言うと？」への答え：一定規模以上で選任義務。根拠は管理適正化法。条文番号と要件をメモに書き出して確認する。条文番号と要件をメモに書き出して確認する。条文番号と要件をメモに書き出して確認する。条文番号と要件をメモに書き出して確認する。公式テキスト該当章を開く。,管理業務主任者の選任と混同しやすい論点は？,試験の出方：管理適正化法の根拠を明示できる。四択では条件の主語と効果を分離して読む。過去問で出題形式と正答率を週1回チェックする。過去問で出題形式と正答率を週1回チェックする。過去問で出題形式と正答率を週1回チェックする。過去問で出題形式と正答率を週1回チェックする。過去問1問で正答率を記録する。,誤答の典型：管理業務主任者の選任を類似語と同一視する;要件の一部だけ暗記して判断する;最新の改正・規約改定を見落とす。一語差の選択肢に注意。誤答肢のパターンを比較表に整理して復習する。誤答肢のパターンを比較表に整理して復習する。誤答肢のパターンを比較表に整理して復習する。誤答肢を比較表に書き出す。,管理業務主任者の選任とは何ですか？,学習の次段：「マンション等の管理の適正化の推進に関する法律」と比較表で整理し、numbers / compare から過去問へ。関連用語ハブと比較ページへ進んで定着を確認する。関連用語ハブと比較ページへ進んで定着を確認する。関連用語ハブと比較ページへ進んで定着を確認する。用語ハブ compare へ進む。,管理業務主任者の選任とは何ですか？
管理業務主任者試験,管理適正化法,管理適正化法;試験,管理業務主任者試験は管理適正化法分野では管理適正化法に関する重要概念です。,管理業務主任者試験は、管理業務主任者試験は管理適正化法分野では管理適正化法に関する重要概念です。マンション管理の適正化を推進する法律。資格・73条書面・管理計画。,マンション等の管理の適正化の推進に関する法律;管理計画認定制度;管理業務主任者,管理適正化法,B,過去問では管理業務主任者試験の定義・要件・効果を条文・規約根拠と対応づけるが問われます。管理業務主任者試験を類似語と同一視する選択肢に注意してください。管理業務主任者試験は管理適正化法分野では管理適正化法に関する重要概念です。,管理業務主任者試験とは？管理業務主任者で押さえる意味と試験ポイント,管理業務主任者試験の意味と管理業務主任者試験での判定ポイントを、管理適正化法の文脈で整理します。管理業務主任者試験は、管理業務主任者試験は管理適正化法分野では管理適正化法に関する重要概念です。マンション管理の適正化を推進する法律。資格・73条書面・管理計画。,"管理業務主任者試験は管理適正化法分野では管理適正化法に関する重要概念です。管理業務主任者試験では、管理適正化法を根拠に定義・要件・効果を問う問題が出ます。

実務・試験ともに「管理業務主任者試験の定義・要件・効果を条文・規約根拠と対応づける」が判断の軸になります。選択肢では管理業務主任者試験を類似語と同一視する肢が多いため、要件の欠けた肢を消去する思考が有効です。

管理業務主任者試験はマンション等の管理の適正化の推進に関する法律、管理計画認定制度、管理業務主任者とセットで整理すると理解が定着します。管業マスターの過去問・実践演習で管理適正化法フィルタを使い、関連問題を解き直してください。","<table class=""seo-info-table""><thead><tr><th>比較</th><th>管理業務主任者試験</th><th>マンション等の管理の適正化の推進に関する法律</th></tr></thead><tbody><tr><th>覚え方</th><td>管理業務主任者試験の定義・要件・効果を条文・規約根拠と対応づける</td><td>関連ページで対比</td></tr></tbody></table>",管理業務主任者試験の定義・要件・効果を条文・規約根拠と対応づける;管理適正化法の根拠を明示できる;関連語（マンション等の管理の適正化の推進に関する法律、管理計画認定制度、管理業務主任者）との違いを説明できる,管理業務主任者試験を類似語と同一視する;要件の一部だけ暗記して判断する;最新の改正・規約改定を見落とす。,管理業務主任者試験＝管理適正化法。マンション等の管理の適正化の推進に関する法律と表で対比。,管理業務主任者試験に関する次の記述のうち、最も適切でないものはどれか。,管理業務主任者試験の定義・要件と照らし、条件を満たさない選択肢を選ぶ。,管理業務主任者試験の定義を試験用に一言で言うと？,「管理業務主任者試験の定義を試験用に一言で言うと？」への答え：管理業務主任者試験は管理適正化法分野では管理適正化法に関する重要概念です。根拠は管理適正化法。条文番号と要件をメモに書き出して確認する。条文番号と要件をメモに書き出して確認する。公式テキスト該当章を開く。,管理業務主任者試験と混同しやすい論点は？,試験の出方：管理適正化法の根拠を明示できる。四択では条件の主語と効果を分離して読む。過去問で出題形式と正答率を週1回チェックする。過去問で出題形式と正答率を週1回チェックする。過去問で出題形式と正答率を週1回チェックする。過去問で出題形式と正答率を週1回チェックする。過去問1問で正答率を記録する。,誤答の典型：管理業務主任者試験を類似語と同一視する;要件の一部だけ暗記して判断する;最新の改正・規約改定を見落とす。一語差の選択肢に注意。誤答肢のパターンを比較表に整理して復習する。誤答肢のパターンを比較表に整理して復習する。誤答肢のパターンを比較表に整理して復習する。誤答肢を比較表に書き出す。,管理業務主任者試験とは何ですか？,学習の次段：「マンション等の管理の適正化の推進に関する法律」と比較表で整理し、numbers / compare から過去問へ。関連用語ハブと比較ページへ進んで定着を確認する。関連用語ハブと比較ページへ進んで定着を確認する。関連用語ハブと比較ページへ進んで定着を確認する。用語ハブ compare へ進む。,管理業務主任者試験とは何ですか？
管理組合,区分所有法,区分所有法;頻出;基本,区分所有者全員で構成される団体で、共用部分の管理・規約の設定等を行う（区法3条）。,管理組合は、区分所有者全員で構成される団体で、共用部分の管理・規約の設定等を行う（区法3条）。マンション等の区分所有関係を定める基本法。専用部分・共用部分・管理組合が柱。,専有部分;共用部分;理事会,区分所有法第3条,A,過去問では管理組合の定義・要件・効果を条文・規約根拠と対応づけるが問われます。管理組合を類似語と同一視する選択肢に注意してください。区分所有者全員で構成される団体で、共用部分の管理・規約の設定等を行う（区法3条）。,管理組合とは？管理業務主任者試験で押さえる意味と試験ポイント,管理組合の意味と管理業務主任者試験での判定ポイントを、区分所有法第3条の文脈で整理します。管理組合は、区分所有者全員で構成される団体で、共用部分の管理・規約の設定等を行う（区法3条）。マンション等の区分所有関係を定める基本法。専用部分・共用部分・管理組合が柱。,"区分所有者全員で構成される団体で、共用部分の管理・規約の設定等を行う（区法3条）。管理業務主任者試験では、区分所有法第3条を根拠に定義・要件・効果を問う問題が出ます。

実務・試験ともに「管理組合の定義・要件・効果を条文・規約根拠と対応づける」が判断の軸になります。選択肢では管理組合を類似語と同一視する肢が多いため、要件の欠けた肢を消去する思考が有効です。

管理組合は専有部分、共用部分、理事会とセットで整理すると理解が定着します。管業マスターの過去問・実践演習で区分所有法フィルタを使い、関連問題を解き直してください。","<table class=""seo-info-table""><thead><tr><th>比較</th><th>管理組合</th><th>専有部分</th></tr></thead><tbody><tr><th>覚え方</th><td>管理組合の定義・要件・効果を条文・規約根拠と対応づける</td><td>関連ページで対比</td></tr></tbody></table>",管理組合の定義・要件・効果を条文・規約根拠と対応づける;区分所有法第3条の根拠を明示できる;関連語（専有部分、共用部分、理事会）との違いを説明できる,管理組合を類似語と同一視する;要件の一部だけ暗記して判断する;最新の改正・規約改定を見落とす。,管理組合＝区分所有法第3条。専有部分と表で対比。（関連用語とセットで暗記）。,管理組合に関する次の記述のうち、最も適切でないものはどれか。,管理組合の定義・要件・効果を条文・規約根拠と対応づける。管理組合を類似語と同一視するとする記述が誤りになりやすい。,管理組合の定義を試験用に一言で言うと？,「管理組合の定義を試験用に一言で言うと？」への答え：区分所有者全員で構成される団体で、共用部分の管理・規約の設定等を行う（区法3条）。根拠は区分所有法第3条。条文番号と要件をメモに書き出して確認する。条文番号と要件をメモに書き出して確認する。公式テキスト該当章を開く。,管理組合と混同しやすい論点は？,試験の出方：区分所有法第3条の根拠を明示できる。四択では条件の主語と効果を分離して読む。過去問で出題形式と正答率を週1回チェックする。過去問で出題形式と正答率を週1回チェックする。過去問で出題形式と正答率を週1回チェックする。過去問で出題形式と正答率を週1回チェックする。過去問1問で正答率を記録する。,誤答の典型：管理組合を類似語と同一視する;要件の一部だけ暗記して判断する;最新の改正・規約改定を見落とす。一語差の選択肢に注意。誤答肢のパターンを比較表に整理して復習する。誤答肢のパターンを比較表に整理して復習する。誤答肢のパターンを比較表に整理して復習する。誤答肢を比較表に書き出す。,管理組合とは何ですか？,学習の次段：「専有部分」と比較表で整理し、numbers / compare から過去問へ。関連用語ハブと比較ページへ進んで定着を確認する。関連用語ハブと比較ページへ進んで定着を確認する。関連用語ハブと比較ページへ進んで定着を確認する。関連用語ハブと比較ページへ進んで定着を確認する。用語ハブ compare へ進む。,管理組合とは何ですか？
管理組合の代表,標準管理規約,標準管理規約;組織,管理組合の代表は標準管理規約分野では標準管理規約に関する重要概念です。,管理組合の代表は、管理組合の代表は標準管理規約分野では標準管理規約に関する重要概念です。管理組合の運営ルールのモデル。総会・理事会・決議要件が頻出。,マンション標準管理規約;理事長;総会決議,標準管理規約,B,過去問では管理組合の代表の定義・要件・効果を条文・規約根拠と対応づけるが問われます。管理組合の代表を類似語と同一視する選択肢に注意してください。管理組合の代表は標準管理規約分野では標準管理規約に関する重要概念です。管理。,管理組合の代表とは？管理業務主任者試験で押さえる意味と試験ポイント,管理組合の代表の意味と管理業務主任者試験での判定ポイントを、標準管理規約の文脈で整理します。管理組合の代表は、管理組合の代表は標準管理規約分野では標準管理規約に関する重要概念です。管理組合の運営ルールのモデル。総会・理事会・決議要件が頻出。,"管理組合の代表は標準管理規約分野では標準管理規約に関する重要概念です。管理業務主任者試験では、標準管理規約を根拠に定義・要件・効果を問う問題が出ます。

実務・試験ともに「管理組合の代表の定義・要件・効果を条文・規約根拠と対応づける」が判断の軸になります。選択肢では管理組合の代表を類似語と同一視する肢が多いため、要件の欠けた肢を消去する思考が有効です。

管理組合の代表はマンション標準管理規約、理事長、総会決議とセットで整理すると理解が定着します。管業マスターの過去問・実践演習で標準管理規約フィルタを使い、関連問題を解き直してください。","<table class=""seo-info-table""><thead><tr><th>比較</th><th>管理組合の代表</th><th>マンション標準管理規約</th></tr></thead><tbody><tr><th>覚え方</th><td>管理組合の代表の定義・要件・効果を条文・規約根拠と対応づける</td><td>関連ページで対比</td></tr></tbody></table>",管理組合の代表の定義・要件・効果を条文・規約根拠と対応づける;標準管理規約の根拠を明示できる;関連語（マンション標準管理規約、理事長、総会決議）との違いを説明できる,管理組合の代表を類似語と同一視する;要件の一部だけ暗記して判断する;最新の改正・規約改定を見落とす。,管理組合の代表＝標準管理規約。マンション標準管理規約と表で対比。,管理組合の代表に関する次の記述のうち、最も適切でないものはどれか。,管理組合の代表の定義・要件と照らし、条件を満たさない選択肢を選ぶ。,管理組合の代表の定義を試験用に一言で言うと？,「管理組合の代表の定義を試験用に一言で言うと？」への答え：管理組合の代表は標準管理規約分野では標準管理規約に関する重要概念です。根拠は標準管理規約。条文番号と要件をメモに書き出して確認する。条文番号と要件をメモに書き出して確認する。条文番号と要件をメモに書き出して確認する。公式テキスト該当章を開く。,管理組合の代表と混同しやすい論点は？,試験の出方：標準管理規約の根拠を明示できる。四択では条件の主語と効果を分離して読む。過去問で出題形式と正答率を週1回チェックする。過去問で出題形式と正答率を週1回チェックする。過去問で出題形式と正答率を週1回チェックする。過去問で出題形式と正答率を週1回チェックする。過去問1問で正答率を記録する。,誤答の典型：管理組合の代表を類似語と同一視する;要件の一部だけ暗記して判断する;最新の改正・規約改定を見落とす。一語差の選択肢に注意。誤答肢のパターンを比較表に整理して復習する。誤答肢のパターンを比較表に整理して復習する。誤答肢のパターンを比較表に整理して復習する。誤答肢を比較表に書き出す。,管理組合の代表とは何ですか？,学習の次段：「マンション標準管理規約」と比較表で整理し、numbers / compare から過去問へ。関連用語ハブと比較ページへ進んで定着を確認する。関連用語ハブと比較ページへ進んで定着を確認する。関連用語ハブと比較ページへ進んで定着を確認する。用語ハブ compare へ進む。,管理組合の代表とは何ですか？
管理組合の存続,区分所有法,区分所有法;組織,管理組合の存続は区分所有法分野では区分所有法に関する重要概念です。,管理組合の存続は、管理組合の存続は区分所有法分野では区分所有法に関する重要概念です。マンション等の区分所有関係を定める基本法。専用部分・共用部分・管理組合が柱。,専有部分;共用部分;管理組合,区分所有法,B,過去問では管理組合の存続の定義・要件・効果を条文・規約根拠と対応づけるが問われます。管理組合の存続を類似語と同一視する選択肢に注意してください。管理組合の存続は区分所有法分野では区分所有法に関する重要概念です。管理業務。,管理組合の存続とは？管理業務主任者試験で押さえる意味と試験ポイント,管理組合の存続の意味と管理業務主任者試験での判定ポイントを、区分所有法の文脈で整理します。管理組合の存続は、管理組合の存続は区分所有法分野では区分所有法に関する重要概念です。マンション等の区分所有関係を定める基本法。専用部分・共用部分・管理組合が柱。,"管理組合の存続は区分所有法分野では区分所有法に関する重要概念です。管理業務主任者試験では、区分所有法を根拠に定義・要件・効果を問う問題が出ます。

実務・試験ともに「管理組合の存続の定義・要件・効果を条文・規約根拠と対応づける」が判断の軸になります。選択肢では管理組合の存続を類似語と同一視する肢が多いため、要件の欠けた肢を消去する思考が有効です。

管理組合の存続は専有部分、共用部分、管理組合とセットで整理すると理解が定着します。管業マスターの過去問・実践演習で区分所有法フィルタを使い、関連問題を解き直してください。","<table class=""seo-info-table""><thead><tr><th>比較</th><th>管理組合の存続</th><th>専有部分</th></tr></thead><tbody><tr><th>覚え方</th><td>管理組合の存続の定義・要件・効果を条文・規約根拠と対応づける</td><td>関連ページで対比</td></tr></tbody></table>",管理組合の存続の定義・要件・効果を条文・規約根拠と対応づける;区分所有法の根拠を明示できる;関連語（専有部分、共用部分、管理組合）との違いを説明できる,管理組合の存続を類似語と同一視する;要件の一部だけ暗記して判断する;最新の改正・規約改定を見落とす。,管理組合の存続＝区分所有法。専有部分と表で対比。（関連用語とセットで暗記）。,管理組合の存続に関する次の記述のうち、最も適切でないものはどれか。,管理組合の存続の定義・要件と照らし、条件を満たさない選択肢を選ぶ。,管理組合の存続の定義を試験用に一言で言うと？,「管理組合の存続の定義を試験用に一言で言うと？」への答え：管理組合の存続は区分所有法分野では区分所有法に関する重要概念です。根拠は区分所有法。条文番号と要件をメモに書き出して確認する。条文番号と要件をメモに書き出して確認する。条文番号と要件をメモに書き出して確認する。公式テキスト該当章を開く。,管理組合の存続と混同しやすい論点は？,試験の出方：区分所有法の根拠を明示できる。四択では条件の主語と効果を分離して読む。過去問で出題形式と正答率を週1回チェックする。過去問で出題形式と正答率を週1回チェックする。過去問で出題形式と正答率を週1回チェックする。過去問で出題形式と正答率を週1回チェックする。過去問1問で正答率を記録する。,誤答の典型：管理組合の存続を類似語と同一視する;要件の一部だけ暗記して判断する;最新の改正・規約改定を見落とす。一語差の選択肢に注意。誤答肢のパターンを比較表に整理して復習する。誤答肢のパターンを比較表に整理して復習する。誤答肢のパターンを比較表に整理して復習する。誤答肢を比較表に書き出す。,管理組合の存続とは何ですか？,学習の次段：「専有部分」と比較表で整理し、numbers / compare から過去問へ。関連用語ハブと比較ページへ進んで定着を確認する。関連用語ハブと比較ページへ進んで定着を確認する。関連用語ハブと比較ページへ進んで定着を確認する。関連用語ハブと比較ページへ進んで定着を確認する。用語ハブ compare へ進む。,管理組合の存続とは何ですか？
管理組合の表示,標準管理規約,標準管理規約;登記,管理組合の表示は標準管理規約分野では標準管理規約に関する重要概念です。,管理組合の表示は、管理組合の表示は標準管理規約分野では標準管理規約に関する重要概念です。管理組合の運営ルールのモデル。総会・理事会・決議要件が頻出。,マンション標準管理規約;理事長;総会決議,標準管理規約,B,過去問では管理組合の表示の定義・要件・効果を条文・規約根拠と対応づけるが問われます。管理組合の表示を類似語と同一視する選択肢に注意してください。管理組合の表示は標準管理規約分野では標準管理規約に関する重要概念です。管理。,管理組合の表示とは？管理業務主任者試験で押さえる意味と試験ポイント,管理組合の表示の意味と管理業務主任者試験での判定ポイントを、標準管理規約の文脈で整理します。管理組合の表示は、管理組合の表示は標準管理規約分野では標準管理規約に関する重要概念です。管理組合の運営ルールのモデル。総会・理事会・決議要件が頻出。,"管理組合の表示は標準管理規約分野では標準管理規約に関する重要概念です。管理業務主任者試験では、標準管理規約を根拠に定義・要件・効果を問う問題が出ます。

実務・試験ともに「管理組合の表示の定義・要件・効果を条文・規約根拠と対応づける」が判断の軸になります。選択肢では管理組合の表示を類似語と同一視する肢が多いため、要件の欠けた肢を消去する思考が有効です。

管理組合の表示はマンション標準管理規約、理事長、総会決議とセットで整理すると理解が定着します。管業マスターの過去問・実践演習で標準管理規約フィルタを使い、関連問題を解き直してください。","<table class=""seo-info-table""><thead><tr><th>比較</th><th>管理組合の表示</th><th>マンション標準管理規約</th></tr></thead><tbody><tr><th>覚え方</th><td>管理組合の表示の定義・要件・効果を条文・規約根拠と対応づける</td><td>関連ページで対比</td></tr></tbody></table>",管理組合の表示の定義・要件・効果を条文・規約根拠と対応づける;標準管理規約の根拠を明示できる;関連語（マンション標準管理規約、理事長、総会決議）との違いを説明できる,管理組合の表示を類似語と同一視する;要件の一部だけ暗記して判断する;最新の改正・規約改定を見落とす。,管理組合の表示＝標準管理規約。マンション標準管理規約と表で対比。,管理組合の表示に関する次の記述のうち、最も適切でないものはどれか。,管理組合の表示の定義・要件と照らし、条件を満たさない選択肢を選ぶ。,管理組合の表示の定義を試験用に一言で言うと？,「管理組合の表示の定義を試験用に一言で言うと？」への答え：管理組合の表示は標準管理規約分野では標準管理規約に関する重要概念です。根拠は標準管理規約。条文番号と要件をメモに書き出して確認する。条文番号と要件をメモに書き出して確認する。条文番号と要件をメモに書き出して確認する。公式テキスト該当章を開く。,管理組合の表示と混同しやすい論点は？,試験の出方：標準管理規約の根拠を明示できる。四択では条件の主語と効果を分離して読む。過去問で出題形式と正答率を週1回チェックする。過去問で出題形式と正答率を週1回チェックする。過去問で出題形式と正答率を週1回チェックする。過去問で出題形式と正答率を週1回チェックする。過去問1問で正答率を記録する。,誤答の典型：管理組合の表示を類似語と同一視する;要件の一部だけ暗記して判断する;最新の改正・規約改定を見落とす。一語差の選択肢に注意。誤答肢のパターンを比較表に整理して復習する。誤答肢のパターンを比較表に整理して復習する。誤答肢のパターンを比較表に整理して復習する。誤答肢を比較表に書き出す。,管理組合の表示とは何ですか？,学習の次段：「マンション標準管理規約」と比較表で整理し、numbers / compare から過去問へ。関連用語ハブと比較ページへ進んで定着を確認する。関連用語ハブと比較ページへ進んで定着を確認する。関連用語ハブと比較ページへ進んで定着を確認する。用語ハブ compare へ進む。,管理組合の表示とは何ですか？
管理組合の表示登記,標準管理規約,標準管理規約;登記,管理組合の表示登記は標準管理規約分野では標準管理規約に関する重要概念です。,管理組合の表示登記は、管理組合の表示登記は標準管理規約分野では標準管理規約に関する重要概念です。管理組合の運営ルールのモデル。総会・理事会・決議要件が頻出。,マンション標準管理規約;理事長;総会決議,標準管理規約,B,過去問では管理組合の表示登記の定義・要件・効果を条文・規約根拠と対応づけるが問われます。管理組合の表示登記を類似語と同一視する選択肢に注意してください。管理組合の表示登記は標準管理規約分野では標準管理規約に関する重要概念です。,管理組合の表示登記とは？管理業務主任者試験で押さえる意味と試験ポイント,管理組合の表示登記の意味と管理業務主任者試験での判定ポイントを、標準管理規約の文脈で整理します。管理組合の表示登記は、管理組合の表示登記は標準管理規約分野では標準管理規約に関する重要概念です。管理組合の運営ルールのモデル。総会・理事会・決議要件が頻出。,"管理組合の表示登記は標準管理規約分野では標準管理規約に関する重要概念です。管理業務主任者試験では、標準管理規約を根拠に定義・要件・効果を問う問題が出ます。

実務・試験ともに「管理組合の表示登記の定義・要件・効果を条文・規約根拠と対応づける」が判断の軸になります。選択肢では管理組合の表示登記を類似語と同一視する肢が多いため、要件の欠けた肢を消去する思考が有効です。

管理組合の表示登記はマンション標準管理規約、理事長、総会決議とセットで整理すると理解が定着します。管業マスターの過去問・実践演習で標準管理規約フィルタを使い、関連問題を解き直してください。","<table class=""seo-info-table""><thead><tr><th>比較</th><th>管理組合の表示登記</th><th>マンション標準管理規約</th></tr></thead><tbody><tr><th>覚え方</th><td>管理組合の表示登記の定義・要件・効果を条文・規約根拠と対応づける</td><td>関連ページで対比</td></tr></tbody></table>",管理組合の表示登記の定義・要件・効果を条文・規約根拠と対応づける;標準管理規約の根拠を明示できる;関連語（マンション標準管理規約、理事長、総会決議）との違いを説明できる,管理組合の表示登記を類似語と同一視する;要件の一部だけ暗記して判断する;最新の改正・規約改定を見落とす。,管理組合の表示登記＝標準管理規約。マンション標準管理規約と表で対比。,管理組合の表示登記に関する次の記述のうち、最も適切でないものはどれか。,管理組合の表示登記の定義・要件と照らし、条件を満たさない選択肢を選ぶ。,管理組合の表示登記の定義を試験用に一言で言うと？,「管理組合の表示登記の定義を試験用に一言で言うと？」への答え：管理組合の表示登記は標準管理規約分野では標準管理規約に関する重要概念です。根拠は標準管理規約。条文番号と要件をメモに書き出して確認する。条文番号と要件をメモに書き出して確認する。公式テキスト該当章を開く。,管理組合の表示登記と混同しやすい論点は？,試験の出方：標準管理規約の根拠を明示できる。四択では条件の主語と効果を分離して読む。過去問で出題形式と正答率を週1回チェックする。過去問で出題形式と正答率を週1回チェックする。過去問で出題形式と正答率を週1回チェックする。過去問で出題形式と正答率を週1回チェックする。過去問1問で正答率を記録する。,誤答の典型：管理組合の表示登記を類似語と同一視する;要件の一部だけ暗記して判断する;最新の改正・規約改定を見落とす。一語差の選択肢に注意。誤答肢のパターンを比較表に整理して復習する。誤答肢のパターンを比較表に整理して復習する。誤答肢のパターンを比較表に整理して復習する。誤答肢を比較表に書き出す。,管理組合の表示登記とは何ですか？,学習の次段：「マンション標準管理規約」と比較表で整理し、numbers / compare から過去問へ。関連用語ハブと比較ページへ進んで定着を確認する。関連用語ハブと比較ページへ進んで定着を確認する。関連用語ハブと比較ページへ進んで定着を確認する。用語ハブ compare へ進む。,管理組合の表示登記とは何ですか？
管理組合会計,会計・税務,会計・税務;頻出;会計,管理組合の会計処理全体。二区分会計。,"管理組合会計は、管理組合の会計処理全体。二区分会計。管理組合の会計処理・財務報告・税務上の取扱い。管理組合の会計処理全体。二区分会計。管理業務主任者試験では、区分所有法を根拠に定義・要件・効果を問う問題が出ます。

実務・試験ともに「管理組合会計の定義・要件・効果を条文・規約根拠と対応づける」が判断の軸になります。選択肢では管理組合会計。",管理費等;前受金;預り金,区分所有法,A,過去問では管理組合会計の定義・要件・効果を条文・規約根拠と対応づけるが問われます。管理組合会計を類似語と同一視する選択肢に注意してください。管理組合の会計処理全体。二区分会計。管理業務主任者試験では、区分所有法を根拠に。,管理組合会計とは？管理業務主任者で押さえる意味と試験ポイント,管理組合会計の意味と管理業務主任者試験での判定ポイントを、区分所有法の文脈で整理します。管理組合会計は、管理組合の会計処理全体。二区分会計。管理組合の会計処理・財務報告・税務上の取扱い。,"管理組合の会計処理全体。二区分会計。管理業務主任者試験では、区分所有法を根拠に定義・要件・効果を問う問題が出ます。

実務・試験ともに「管理組合会計の定義・要件・効果を条文・規約根拠と対応づける」が判断の軸になります。選択肢では管理組合会計を類似語と同一視する肢が多いため、要件の欠けた肢を消去する思考が有効です。

管理組合会計は管理費等、前受金、預り金とセットで整理すると理解が定着します。管業マスターの過去問・実践演習で会計・税務フィルタを使い、関連問題を解き直してください。","<table class=""seo-info-table""><thead><tr><th>比較</th><th>管理組合会計</th><th>管理費等</th></tr></thead><tbody><tr><th>覚え方</th><td>管理組合会計の定義・要件・効果を条文・規約根拠と対応づける</td><td>関連ページで対比</td></tr></tbody></table>",管理組合会計の定義・要件・効果を条文・規約根拠と対応づける;区分所有法の根拠を明示できる;関連語（管理費等、前受金、預り金）との違いを説明できる,管理組合会計を類似語と同一視する;要件の一部だけ暗記して判断する;最新の改正・規約改定を見落とす。,管理組合会計＝区分所有法。管理費等と表で対比。（関連用語とセットで暗記）。,管理組合会計に関する次の記述のうち、最も適切でないものはどれか。,管理組合会計の定義・要件・効果を条文・規約根拠と対応づける。管理組合会計を類似語と同一視するとする記述が誤りになりやすい。,管理組合会計の定義を試験用に一言で言うと？,「管理組合会計の定義を試験用に一言で言うと？」への答え：管理組合の会計処理全体。二区分会計。根拠は区分所有法。条文番号と要件をメモに書き出して確認する。条文番号と要件をメモに書き出して確認する。条文番号と要件をメモに書き出して確認する。条文番号と要件をメモに書き出して確認する。公式テキスト該当章を開く。,管理組合会計と混同しやすい論点は？,試験の出方：区分所有法の根拠を明示できる。四択では条件の主語と効果を分離して読む。過去問で出題形式と正答率を週1回チェックする。過去問で出題形式と正答率を週1回チェックする。過去問で出題形式と正答率を週1回チェックする。過去問で出題形式と正答率を週1回チェックする。過去問1問で正答率を記録する。,誤答の典型：管理組合会計を類似語と同一視する;要件の一部だけ暗記して判断する;最新の改正・規約改定を見落とす。一語差の選択肢に注意。誤答肢のパターンを比較表に整理して復習する。誤答肢のパターンを比較表に整理して復習する。誤答肢のパターンを比較表に整理して復習する。誤答肢を比較表に書き出す。,管理組合会計とは何ですか？,学習の次段：「管理費等」と比較表で整理し、numbers / compare から過去問へ。関連用語ハブと比較ページへ進んで定着を確認する。関連用語ハブと比較ページへ進んで定着を確認する。関連用語ハブと比較ページへ進んで定着を確認する。関連用語ハブと比較ページへ進んで定着を確認する。用語ハブ compare へ進む。,管理組合会計とは何ですか？
管理者,判例・横断総合,判例・横断総合;実務,管理者は複数分野にまたがる論点で、比較表で整理すると得点しやすくなります。,管理者は、管理者は複数分野にまたがる論点で、比較表で整理すると得点しやすくなります。判例・複数分野を横断する論点。比較整理が得点の鍵。,主徴費;管理不全;組合の法人格,区分所有法,B,過去問では管理者の定義・要件・効果を条文・規約根拠と対応づけるが問われます。管理者を類似語と同一視する選択肢に注意してください。管理者は複数分野にまたがる論点で、比較表で整理すると得点しやすくなります。管理。,管理者とは？管理業務主任者試験で押さえる意味と試験ポイント,管理者の意味と管理業務主任者試験での判定ポイントを、区分所有法の文脈で整理します。管理者は、管理者は複数分野にまたがる論点で、比較表で整理すると得点しやすくなります。判例・複数分野を横断する論点。比較整理が得点の鍵。,"管理者は複数分野にまたがる論点で、比較表で整理すると得点しやすくなります。管理業務主任者試験では、区分所有法を根拠に定義・要件・効果を問う問題が出ます。

実務・試験ともに「管理者の定義・要件・効果を条文・規約根拠と対応づける」が判断の軸になります。選択肢では管理者を類似語と同一視する肢が多いため、要件の欠けた肢を消去する思考が有効です。

管理者は主徴費、管理不全、組合の法人格とセットで整理すると理解が定着します。管業マスターの過去問・実践演習で判例・横断総合フィルタを使い、関連問題を解き直してください。","<table class=""seo-info-table""><thead><tr><th>比較</th><th>管理者</th><th>主徴費</th></tr></thead><tbody><tr><th>覚え方</th><td>管理者の定義・要件・効果を条文・規約根拠と対応づける</td><td>関連ページで対比</td></tr></tbody></table>",管理者の定義・要件・効果を条文・規約根拠と対応づける;区分所有法の根拠を明示できる;関連語（主徴費、管理不全、組合の法人格）との違いを説明できる,管理者を類似語と同一視する;要件の一部だけ暗記して判断する;最新の改正・規約改定を見落とす。,管理者＝区分所有法。主徴費と表で対比。（関連用語とセットで暗記）。,管理者に関する次の記述のうち、最も適切でないものはどれか。,管理者の定義・要件と照らし、条件を満たさない選択肢を選ぶ。,管理者の定義を試験用に一言で言うと？,「管理者の定義を試験用に一言で言うと？」への答え：管理者は複数分野にまたがる論点で、比較表で整理すると得点しやすくなります。根拠は区分所有法。条文番号と要件をメモに書き出して確認する。条文番号と要件をメモに書き出して確認する。条文番号と要件をメモに書き出して確認する。公式テキスト該当章を開く。,管理者と混同しやすい論点は？,試験の出方：区分所有法の根拠を明示できる。四択では条件の主語と効果を分離して読む。過去問で出題形式と正答率を週1回チェックする。過去問で出題形式と正答率を週1回チェックする。過去問で出題形式と正答率を週1回チェックする。過去問で出題形式と正答率を週1回チェックする。過去問1問で正答率を記録する。,誤答の典型：管理者を類似語と同一視する;要件の一部だけ暗記して判断する;最新の改正・規約改定を見落とす。一語差の選択肢に注意。誤答肢のパターンを比較表に整理して復習する。誤答肢のパターンを比較表に整理して復習する。誤答肢のパターンを比較表に整理して復習する。誤答肢を比較表に書き出す。,管理者とは何ですか？,学習の次段：「主徴費」と比較表で整理し、numbers / compare から過去問へ。関連用語ハブと比較ページへ進んで定着を確認する。関連用語ハブと比較ページへ進んで定着を確認する。関連用語ハブと比較ページへ進んで定着を確認する。関連用語ハブと比較ページへ進んで定着を確認する。用語ハブ compare へ進む。,管理者とは何ですか？
管理規約,区分所有法,区分所有法;頻出,区分所有関係の基本ルール。設定・変更に一定の決議が必要（区法13条）。,管理規約は、区分所有関係の基本ルール。設定・変更に一定の決議が必要（区法13条）。マンション等の区分所有関係を定める基本法。専用部分・共用部分・管理組合が柱。,専有部分;共用部分;管理組合,区分所有法第13条,A,過去問では管理規約の定義・要件・効果を条文・規約根拠と対応づけるが問われます。管理規約を類似語と同一視する選択肢に注意してください。区分所有関係の基本ルール。設定・変更に一定の決議が必要（区法13条）。管理業務。,管理規約とは？管理業務主任者試験で押さえる意味と試験ポイント,管理規約の意味と管理業務主任者試験での判定ポイントを、区分所有法第13条の文脈で整理します。管理規約は、区分所有関係の基本ルール。設定・変更に一定の決議が必要（区法13条）。マンション等の区分所有関係を定める基本法。専用部分・共用部分・管理組合が柱。,"区分所有関係の基本ルール。設定・変更に一定の決議が必要（区法13条）。管理業務主任者試験では、区分所有法第13条を根拠に定義・要件・効果を問う問題が出ます。

実務・試験ともに「管理規約の定義・要件・効果を条文・規約根拠と対応づける」が判断の軸になります。選択肢では管理規約を類似語と同一視する肢が多いため、要件の欠けた肢を消去する思考が有効です。

管理規約は専有部分、共用部分、管理組合とセットで整理すると理解が定着します。管業マスターの過去問・実践演習で区分所有法フィルタを使い、関連問題を解き直してください。","<table class=""seo-info-table""><thead><tr><th>比較</th><th>管理規約</th><th>専有部分</th></tr></thead><tbody><tr><th>覚え方</th><td>管理規約の定義・要件・効果を条文・規約根拠と対応づける</td><td>関連ページで対比</td></tr></tbody></table>",管理規約の定義・要件・効果を条文・規約根拠と対応づける;区分所有法第13条の根拠を明示できる;関連語（専有部分、共用部分、管理組合）との違いを説明できる,管理規約を類似語と同一視する;要件の一部だけ暗記して判断する;最新の改正・規約改定を見落とす。,管理規約＝区分所有法第13条。専有部分と表で対比。,管理規約に関する次の記述のうち、最も適切でないものはどれか。,管理規約の定義・要件・効果を条文・規約根拠と対応づける。管理規約を類似語と同一視するとする記述が誤りになりやすい。,管理規約の定義を試験用に一言で言うと？,「管理規約の定義を試験用に一言で言うと？」への答え：区分所有関係の基本ルール。設定・変更に一定の決議が必要（区法13条）。根拠は区分所有法第13条。条文番号と要件をメモに書き出して確認する。条文番号と要件をメモに書き出して確認する。条文番号と要件をメモに書き出して確認する。公式テキスト該当章を開く。,管理規約と混同しやすい論点は？,試験の出方：区分所有法第13条の根拠を明示できる。四択では条件の主語と効果を分離して読む。過去問で出題形式と正答率を週1回チェックする。過去問で出題形式と正答率を週1回チェックする。過去問で出題形式と正答率を週1回チェックする。過去問で出題形式と正答率を週1回チェックする。過去問1問で正答率を記録する。,誤答の典型：管理規約を類似語と同一視する;要件の一部だけ暗記して判断する;最新の改正・規約改定を見落とす。一語差の選択肢に注意。誤答肢のパターンを比較表に整理して復習する。誤答肢のパターンを比較表に整理して復習する。誤答肢のパターンを比較表に整理して復習する。誤答肢を比較表に書き出す。,管理規約とは何ですか？,学習の次段：「専有部分」と比較表で整理し、numbers / compare から過去問へ。関連用語ハブと比較ページへ進んで定着を確認する。関連用語ハブと比較ページへ進んで定着を確認する。関連用語ハブと比較ページへ進んで定着を確認する。関連用語ハブと比較ページへ進んで定着を確認する。用語ハブ compare へ進む。,管理規約とは何ですか？
管理規約の説明,宅建業法,宅建業法;頻出;実務,分譲時の管理規約説明義務（宅建）。,"管理規約の説明は、分譲時の管理規約説明義務（宅建）。不動産取引の規制。35条書面・重要事項説明。分譲時の管理規約説明義務（宅建）。管理業務主任者試験では、宅地建物取引業法を根拠に定義・要件・効果を問う問題が出ます。

実務・試験ともに「管理規約の説明の定義・要件・効果を条文・規約根拠と対応づける」が判断の軸になります。選択肢では管理。",宅地建物取引業;重要事項説明;35条書面,宅地建物取引業法,A,過去問では管理規約の説明の定義・要件・効果を条文・規約根拠と対応づけるが問われます。管理規約の説明を類似語と同一視する選択肢に注意してください。分譲時の管理規約説明義務（宅建）。管理業務主任者試験では、宅地建物取引業法を根。,管理規約の説明とは？管理業務主任者試験で押さえる意味と試験ポイント,"管理規約の説明の意味と管理業務主任者試験での判定ポイントを、宅地建物取引業法の文脈で整理します。管理規約の説明は、分譲時の管理規約説明義務（宅建）。不動産取引の規制。35条書面・重要事項説明。分譲時の管理規約説明義務（宅建）。管理業務主任者試験では、宅地建物取引業法を根拠に定義・要件・効果を問う問題が出ます。

実務・試験ともに「管理規約の説明の定義・要件・効果を条文・規約根拠と対応づける」が判断の軸になります。選択肢では管理。","分譲時の管理規約説明義務（宅建）。管理業務主任者試験では、宅地建物取引業法を根拠に定義・要件・効果を問う問題が出ます。

実務・試験ともに「管理規約の説明の定義・要件・効果を条文・規約根拠と対応づける」が判断の軸になります。選択肢では管理規約の説明を類似語と同一視する肢が多いため、要件の欠けた肢を消去する思考が有効です。

管理規約の説明は宅地建物取引業、重要事項説明、35条書面とセットで整理すると理解が定着します。管業マスターの過去問・実践演習で宅建業法フィルタを使い、関連問題を解き直してください。","<table class=""seo-info-table""><thead><tr><th>比較</th><th>管理規約の説明</th><th>宅地建物取引業</th></tr></thead><tbody><tr><th>覚え方</th><td>管理規約の説明の定義・要件・効果を条文・規約根拠と対応づける</td><td>関連ページで対比</td></tr></tbody></table>",管理規約の説明の定義・要件・効果を条文・規約根拠と対応づける;宅地建物取引業法の根拠を明示できる;関連語（宅地建物取引業、重要事項説明、35条書面）との違いを説明できる,管理規約の説明を類似語と同一視する;要件の一部だけ暗記して判断する;最新の改正・規約改定を見落とす。,管理規約の説明＝宅地建物取引業法。宅地建物取引業と表で対比。,管理規約の説明に関する次の記述のうち、最も適切でないものはどれか。,管理規約の説明の定義・要件・効果を条文・規約根拠と対応づける。管理規約の説明を類似語と同一視するとする記述が誤りになりやすい。,管理規約の説明の定義を試験用に一言で言うと？,「管理規約の説明の定義を試験用に一言で言うと？」への答え：分譲時の管理規約説明義務（宅建）。根拠は宅地建物取引業法。条文番号と要件をメモに書き出して確認する。条文番号と要件をメモに書き出して確認する。条文番号と要件をメモに書き出して確認する。公式テキスト該当章を開く。,管理規約の説明と混同しやすい論点は？,試験の出方：宅地建物取引業法の根拠を明示できる。四択では条件の主語と効果を分離して読む。過去問で出題形式と正答率を週1回チェックする。過去問で出題形式と正答率を週1回チェックする。過去問で出題形式と正答率を週1回チェックする。過去問で出題形式と正答率を週1回チェックする。過去問1問で正答率を記録する。,誤答の典型：管理規約の説明を類似語と同一視する;要件の一部だけ暗記して判断する;最新の改正・規約改定を見落とす。一語差の選択肢に注意。誤答肢のパターンを比較表に整理して復習する。誤答肢のパターンを比較表に整理して復習する。誤答肢のパターンを比較表に整理して復習する。誤答肢を比較表に書き出す。,管理規約の説明とは何ですか？,学習の次段：「宅地建物取引業」と比較表で整理し、numbers / compare から過去問へ。関連用語ハブと比較ページへ進んで定着を確認する。関連用語ハブと比較ページへ進んで定着を確認する。関連用語ハブと比較ページへ進んで定着を確認する。用語ハブ compare へ進む。,管理規約の説明とは何ですか？
管理計画,管理適正化法,管理適正化法;頻出,認定を受ける管理の計画。認定要件・変更手続。,管理計画は、認定を受ける管理の計画。認定要件・変更手続。マンション管理の適正化を推進する法律。資格・73条書面・管理計画。,マンション等の管理の適正化の推進に関する法律;管理計画認定制度;管理業務主任者,管理適正化法,A,過去問では管理計画の定義・要件・効果を条文・規約根拠と対応づけるが問われます。管理計画を類似語と同一視する選択肢に注意してください。認定を受ける管理の計画。認定要件・変更手続。管理業務主任者試験では、管理適正化。,管理計画とは？管理業務主任者で押さえる意味と試験ポイント,管理計画の意味と管理業務主任者試験での判定ポイントを、管理適正化法の文脈で整理します。管理計画は、認定を受ける管理の計画。認定要件・変更手続。マンション管理の適正化を推進する法律。資格・73条書面・管理計画。,"認定を受ける管理の計画。認定要件・変更手続。管理業務主任者試験では、管理適正化法を根拠に定義・要件・効果を問う問題が出ます。

実務・試験ともに「管理計画の定義・要件・効果を条文・規約根拠と対応づける」が判断の軸になります。選択肢では管理計画を類似語と同一視する肢が多いため、要件の欠けた肢を消去する思考が有効です。

管理計画はマンション等の管理の適正化の推進に関する法律、管理計画認定制度、管理業務主任者とセットで整理すると理解が定着します。管業マスターの過去問・実践演習で管理適正化法フィルタを使い、関連問題を解き直してください。","<table class=""seo-info-table""><thead><tr><th>比較</th><th>管理計画</th><th>マンション等の管理の適正化の推進に関する法律</th></tr></thead><tbody><tr><th>覚え方</th><td>管理計画の定義・要件・効果を条文・規約根拠と対応づける</td><td>関連ページで対比</td></tr></tbody></table>",管理計画の定義・要件・効果を条文・規約根拠と対応づける;管理適正化法の根拠を明示できる;関連語（マンション等の管理の適正化の推進に関する法律、管理計画認定制度、管理業務主任者）との違いを説明できる,管理計画を類似語と同一視する;要件の一部だけ暗記して判断する;最新の改正・規約改定を見落とす。,管理計画＝管理適正化法。マンション等の管理の適正化の推進に関する法律と表で対比。,管理計画に関する次の記述のうち、最も適切でないものはどれか。,管理計画の定義・要件・効果を条文・規約根拠と対応づける。管理計画を類似語と同一視するとする記述が誤りになりやすい。,管理計画の定義を試験用に一言で言うと？,「管理計画の定義を試験用に一言で言うと？」への答え：認定を受ける管理の計画。認定要件・変更手続。根拠は管理適正化法。条文番号と要件をメモに書き出して確認する。条文番号と要件をメモに書き出して確認する。条文番号と要件をメモに書き出して確認する。公式テキスト該当章を開く。,管理計画と混同しやすい論点は？,試験の出方：管理適正化法の根拠を明示できる。四択では条件の主語と効果を分離して読む。過去問で出題形式と正答率を週1回チェックする。過去問で出題形式と正答率を週1回チェックする。過去問で出題形式と正答率を週1回チェックする。過去問で出題形式と正答率を週1回チェックする。過去問1問で正答率を記録する。,誤答の典型：管理計画を類似語と同一視する;要件の一部だけ暗記して判断する;最新の改正・規約改定を見落とす。一語差の選択肢に注意。誤答肢のパターンを比較表に整理して復習する。誤答肢のパターンを比較表に整理して復習する。誤答肢のパターンを比較表に整理して復習する。誤答肢を比較表に書き出す。,管理計画とは何ですか？,学習の次段：「マンション等の管理の適正化の推進に関する法律」と比較表で整理し、numbers / compare から過去問へ。関連用語ハブと比較ページへ進んで定着を確認する。関連用語ハブと比較ページへ進んで定着を確認する。関連用語ハブと比較ページへ進んで定着を確認する。用語ハブ compare へ進む。,管理計画とは何ですか？
管理計画の変更,管理適正化法,管理適正化法;制度,管理計画の変更は管理適正化法分野では管理適正化法に関する重要概念です。,管理計画の変更は、管理計画の変更は管理適正化法分野では管理適正化法に関する重要概念です。マンション管理の適正化を推進する法律。資格・73条書面・管理計画。,マンション等の管理の適正化の推進に関する法律;管理計画認定制度;管理業務主任者,管理適正化法,B,過去問では管理計画の変更の定義・要件・効果を条文・規約根拠と対応づけるが問われます。管理計画の変更を類似語と同一視する選択肢に注意してください。管理計画の変更は管理適正化法分野では管理適正化法に関する重要概念です。管理。,管理計画の変更とは？管理業務主任者で押さえる意味と試験ポイント,管理計画の変更の意味と管理業務主任者試験での判定ポイントを、管理適正化法の文脈で整理します。管理計画の変更は、管理計画の変更は管理適正化法分野では管理適正化法に関する重要概念です。マンション管理の適正化を推進する法律。資格・73条書面・管理計画。,"管理計画の変更は管理適正化法分野では管理適正化法に関する重要概念です。管理業務主任者試験では、管理適正化法を根拠に定義・要件・効果を問う問題が出ます。

実務・試験ともに「管理計画の変更の定義・要件・効果を条文・規約根拠と対応づける」が判断の軸になります。選択肢では管理計画の変更を類似語と同一視する肢が多いため、要件の欠けた肢を消去する思考が有効です。

管理計画の変更はマンション等の管理の適正化の推進に関する法律、管理計画認定制度、管理業務主任者とセットで整理すると理解が定着します。管業マスターの過去問・実践演習で管理適正化法フィルタを使い、関連問題を解き直してください。","<table class=""seo-info-table""><thead><tr><th>比較</th><th>管理計画の変更</th><th>マンション等の管理の適正化の推進に関する法律</th></tr></thead><tbody><tr><th>覚え方</th><td>管理計画の変更の定義・要件・効果を条文・規約根拠と対応づける</td><td>関連ページで対比</td></tr></tbody></table>",管理計画の変更の定義・要件・効果を条文・規約根拠と対応づける;管理適正化法の根拠を明示できる;関連語（マンション等の管理の適正化の推進に関する法律、管理計画認定制度、管理業務主任者）との違いを説明できる,管理計画の変更を類似語と同一視する;要件の一部だけ暗記して判断する;最新の改正・規約改定を見落とす。,管理計画の変更＝管理適正化法。マンション等の管理の適正化の推進に関する法律と表で対比。,管理計画の変更に関する次の記述のうち、最も適切でないものはどれか。,管理計画の変更の定義・要件と照らし、条件を満たさない選択肢を選ぶ。,管理計画の変更の定義を試験用に一言で言うと？,「管理計画の変更の定義を試験用に一言で言うと？」への答え：管理計画の変更は管理適正化法分野では管理適正化法に関する重要概念です。根拠は管理適正化法。条文番号と要件をメモに書き出して確認する。条文番号と要件をメモに書き出して確認する。条文番号と要件をメモに書き出して確認する。公式テキスト該当章を開く。,管理計画の変更と混同しやすい論点は？,試験の出方：管理適正化法の根拠を明示できる。四択では条件の主語と効果を分離して読む。過去問で出題形式と正答率を週1回チェックする。過去問で出題形式と正答率を週1回チェックする。過去問で出題形式と正答率を週1回チェックする。過去問で出題形式と正答率を週1回チェックする。過去問1問で正答率を記録する。,誤答の典型：管理計画の変更を類似語と同一視する;要件の一部だけ暗記して判断する;最新の改正・規約改定を見落とす。一語差の選択肢に注意。誤答肢のパターンを比較表に整理して復習する。誤答肢のパターンを比較表に整理して復習する。誤答肢のパターンを比較表に整理して復習する。誤答肢を比較表に書き出す。,管理計画の変更とは何ですか？,学習の次段：「マンション等の管理の適正化の推進に関する法律」と比較表で整理し、numbers / compare から過去問へ。関連用語ハブと比較ページへ進んで定着を確認する。関連用語ハブと比較ページへ進んで定着を確認する。関連用語ハブと比較ページへ進んで定着を確認する。用語ハブ compare へ進む。,管理計画の変更とは何ですか？
管理計画の認定,管理適正化法,管理適正化法;頻出;制度,認定申請・要件・効力。（用語）。,管理計画の認定は、認定申請・要件・効力。マンション管理の適正化を推進する法律。資格・73条書面・管理計画。,マンション等の管理の適正化の推進に関する法律;管理計画認定制度;管理業務主任者,管理適正化法,A,過去問では管理計画の認定の定義・要件・効果を条文・規約根拠と対応づけるが問われます。管理計画の認定を類似語と同一視する選択肢に注意してください。認定申請・要件・効力。管理業務主任者試験では、管理適正化法を根拠に定義・要件・。,管理計画の認定とは？管理業務主任者で押さえる意味と試験ポイント,管理計画の認定の意味と管理業務主任者試験での判定ポイントを、管理適正化法の文脈で整理します。管理計画の認定は、認定申請・要件・効力。マンション管理の適正化を推進する法律。資格・73条書面・管理計画。,"認定申請・要件・効力。管理業務主任者試験では、管理適正化法を根拠に定義・要件・効果を問う問題が出ます。

実務・試験ともに「管理計画の認定の定義・要件・効果を条文・規約根拠と対応づける」が判断の軸になります。選択肢では管理計画の認定を類似語と同一視する肢が多いため、要件の欠けた肢を消去する思考が有効です。

管理計画の認定はマンション等の管理の適正化の推進に関する法律、管理計画認定制度、管理業務主任者とセットで整理すると理解が定着します。管業マスターの過去問・実践演習で管理適正化法フィルタを使い、関連問題を解き直してください。","<table class=""seo-info-table""><thead><tr><th>比較</th><th>管理計画の認定</th><th>マンション等の管理の適正化の推進に関する法律</th></tr></thead><tbody><tr><th>覚え方</th><td>管理計画の認定の定義・要件・効果を条文・規約根拠と対応づける</td><td>関連ページで対比</td></tr></tbody></table>",管理計画の認定の定義・要件・効果を条文・規約根拠と対応づける;管理適正化法の根拠を明示できる;関連語（マンション等の管理の適正化の推進に関する法律、管理計画認定制度、管理業務主任者）との違いを説明できる,管理計画の認定を類似語と同一視する;要件の一部だけ暗記して判断する;最新の改正・規約改定を見落とす。,管理計画の認定＝管理適正化法。マンション等の管理の適正化の推進に関する法律と表で対比。,管理計画の認定に関する次の記述のうち、最も適切でないものはどれか。,管理計画の認定の定義・要件・効果を条文・規約根拠と対応づける。管理計画の認定を類似語と同一視するとする記述が誤りになりやすい。,管理計画の認定の定義を試験用に一言で言うと？,「管理計画の認定の定義を試験用に一言で言うと？」への答え：認定申請・要件・効力。（用語）。根拠は管理適正化法。条文番号と要件をメモに書き出して確認する。条文番号と要件をメモに書き出して確認する。条文番号と要件をメモに書き出して確認する。条文番号と要件をメモに書き出して確認する。公式テキスト該当章を開く。,管理計画の認定と混同しやすい論点は？,試験の出方：管理適正化法の根拠を明示できる。四択では条件の主語と効果を分離して読む。過去問で出題形式と正答率を週1回チェックする。過去問で出題形式と正答率を週1回チェックする。過去問で出題形式と正答率を週1回チェックする。過去問で出題形式と正答率を週1回チェックする。過去問1問で正答率を記録する。,誤答の典型：管理計画の認定を類似語と同一視する;要件の一部だけ暗記して判断する;最新の改正・規約改定を見落とす。一語差の選択肢に注意。誤答肢のパターンを比較表に整理して復習する。誤答肢のパターンを比較表に整理して復習する。誤答肢のパターンを比較表に整理して復習する。誤答肢を比較表に書き出す。,管理計画の認定とは何ですか？,学習の次段：「マンション等の管理の適正化の推進に関する法律」と比較表で整理し、numbers / compare から過去問へ。関連用語ハブと比較ページへ進んで定着を確認する。関連用語ハブと比較ページへ進んで定着を確認する。関連用語ハブと比較ページへ進んで定着を確認する。用語ハブ compare へ進む。,管理計画の認定とは何ですか？
管理計画認定制度,管理適正化法,管理適正化法;頻出;制度,管理計画の認定・変更。管理士・主任者の関与。,管理計画認定制度は、管理計画の認定・変更。管理士・主任者の関与。マンション管理の適正化を推進する法律。資格・73条書面・管理計画。,マンション等の管理の適正化の推進に関する法律;管理業務主任者;マンション管理士,管理適正化法,A,過去問では管理計画認定制度の定義・要件・効果を条文・規約根拠と対応づけるが問われます。管理計画認定制度を類似語と同一視する選択肢に注意してください。管理計画の認定・変更。管理士・主任者の関与。管理業務主任者試験では、管理適正化。,管理計画認定制度とは？管理業務主任者で押さえる意味と試験ポイント,管理計画認定制度の意味と管理業務主任者試験での判定ポイントを、管理適正化法の文脈で整理します。管理計画認定制度は、管理計画の認定・変更。管理士・主任者の関与。マンション管理の適正化を推進する法律。資格・73条書面・管理計画。,"管理計画の認定・変更。管理士・主任者の関与。管理業務主任者試験では、管理適正化法を根拠に定義・要件・効果を問う問題が出ます。

実務・試験ともに「管理計画認定制度の定義・要件・効果を条文・規約根拠と対応づける」が判断の軸になります。選択肢では管理計画認定制度を類似語と同一視する肢が多いため、要件の欠けた肢を消去する思考が有効です。

管理計画認定制度はマンション等の管理の適正化の推進に関する法律、管理業務主任者、マンション管理士とセットで整理すると理解が定着します。管業マスターの過去問・実践演習で管理適正化法フィルタを使い、関連問題を解き直してください。","<table class=""seo-info-table""><thead><tr><th>比較</th><th>管理計画認定制度</th><th>マンション等の管理の適正化の推進に関する法律</th></tr></thead><tbody><tr><th>覚え方</th><td>管理計画認定制度の定義・要件・効果を条文・規約根拠と対応づける</td><td>関連ページで対比</td></tr></tbody></table>",管理計画認定制度の定義・要件・効果を条文・規約根拠と対応づける;管理適正化法の根拠を明示できる;関連語（マンション等の管理の適正化の推進に関する法律、管理業務主任者、マンション管理士）との違いを説明できる,管理計画認定制度を類似語と同一視する;要件の一部だけ暗記して判断する;最新の改正・規約改定を見落とす。,管理計画認定制度＝管理適正化法。マンション等の管理の適正化の推進に関する法律と表で対比。,管理計画認定制度に関する次の記述のうち、最も適切でないものはどれか。,管理計画認定制度の定義・要件・効果を条文・規約根拠と対応づける。管理計画認定制度を類似語と同一視するとする記述が誤りになりやすい。,管理計画認定制度の定義を試験用に一言で言うと？,「管理計画認定制度の定義を試験用に一言で言うと？」への答え：管理計画の認定・変更。管理士・主任者の関与。根拠は管理適正化法。条文番号と要件をメモに書き出して確認する。条文番号と要件をメモに書き出して確認する。条文番号と要件をメモに書き出して確認する。公式テキスト該当章を開く。,管理計画認定制度と混同しやすい論点は？,試験の出方：管理適正化法の根拠を明示できる。四択では条件の主語と効果を分離して読む。過去問で出題形式と正答率を週1回チェックする。過去問で出題形式と正答率を週1回チェックする。過去問で出題形式と正答率を週1回チェックする。過去問で出題形式と正答率を週1回チェックする。過去問1問で正答率を記録する。,誤答の典型：管理計画認定制度を類似語と同一視する;要件の一部だけ暗記して判断する;最新の改正・規約改定を見落とす。一語差の選択肢に注意。誤答肢のパターンを比較表に整理して復習する。誤答肢のパターンを比較表に整理して復習する。誤答肢のパターンを比較表に整理して復習する。誤答肢を比較表に書き出す。,管理計画認定制度とは何ですか？,学習の次段：「マンション等の管理の適正化の推進に関する法律」と比較表で整理し、numbers / compare から過去問へ。関連用語ハブと比較ページへ進んで定着を確認する。関連用語ハブと比較ページへ進んで定着を確認する。関連用語ハブと比較ページへ進んで定着を確認する。用語ハブ compare へ進む。,管理計画認定制度とは何ですか？
管理費,区分所有法,区分所有法;頻出;会計,共用部分の管理に必要な費用を区分所有者が分担する負担金。,管理費は、共用部分の管理に必要な費用を区分所有者が分担する負担金。マンション等の区分所有関係を定める基本法。専用部分・共用部分・管理組合が柱。,専有部分;共用部分;管理組合,区分所有法第61条,A,過去問では管理費の定義・要件・効果を条文・規約根拠と対応づけるが問われます。管理費を類似語と同一視する選択肢に注意してください。共用部分の管理に必要な費用を区分所有者が分担する負担金。管理業務主任者試験では。,管理費とは？管理業務主任者試験で押さえる意味と試験ポイント,管理費の意味と管理業務主任者試験での判定ポイントを、区分所有法第61条の文脈で整理します。管理費は、共用部分の管理に必要な費用を区分所有者が分担する負担金。マンション等の区分所有関係を定める基本法。専用部分・共用部分・管理組合が柱。,"共用部分の管理に必要な費用を区分所有者が分担する負担金。管理業務主任者試験では、区分所有法第61条を根拠に定義・要件・効果を問う問題が出ます。

実務・試験ともに「管理費の定義・要件・効果を条文・規約根拠と対応づける」が判断の軸になります。選択肢では管理費を類似語と同一視する肢が多いため、要件の欠けた肢を消去する思考が有効です。

管理費は専有部分、共用部分、管理組合とセットで整理すると理解が定着します。管業マスターの過去問・実践演習で区分所有法フィルタを使い、関連問題を解き直してください。","<table class=""seo-info-table""><thead><tr><th>比較</th><th>管理費</th><th>専有部分</th></tr></thead><tbody><tr><th>覚え方</th><td>管理費の定義・要件・効果を条文・規約根拠と対応づける</td><td>関連ページで対比</td></tr></tbody></table>",管理費の定義・要件・効果を条文・規約根拠と対応づける;区分所有法第61条の根拠を明示できる;関連語（専有部分、共用部分、管理組合）との違いを説明できる,管理費を類似語と同一視する;要件の一部だけ暗記して判断する;最新の改正・規約改定を見落とす。,管理費＝区分所有法第61条。専有部分と表で対比。（関連用語とセットで暗記）。,管理費に関する次の記述のうち、最も適切でないものはどれか。,管理費の定義・要件・効果を条文・規約根拠と対応づける。管理費を類似語と同一視するとする記述が誤りになりやすい。,管理費の定義を試験用に一言で言うと？,「管理費の定義を試験用に一言で言うと？」への答え：共用部分の管理に必要な費用を区分所有者が分担する負担金。根拠は区分所有法第61条。条文番号と要件をメモに書き出して確認する。条文番号と要件をメモに書き出して確認する。条文番号と要件をメモに書き出して確認する。公式テキスト該当章を開く。,管理費と混同しやすい論点は？,試験の出方：区分所有法第61条の根拠を明示できる。四択では条件の主語と効果を分離して読む。過去問で出題形式と正答率を週1回チェックする。過去問で出題形式と正答率を週1回チェックする。過去問で出題形式と正答率を週1回チェックする。過去問で出題形式と正答率を週1回チェックする。過去問1問で正答率を記録する。,誤答の典型：管理費を類似語と同一視する;要件の一部だけ暗記して判断する;最新の改正・規約改定を見落とす。一語差の選択肢に注意。誤答肢のパターンを比較表に整理して復習する。誤答肢のパターンを比較表に整理して復習する。誤答肢のパターンを比較表に整理して復習する。誤答肢を比較表に書き出す。,管理費とは何ですか？,学習の次段：「専有部分」と比較表で整理し、numbers / compare から過去問へ。関連用語ハブと比較ページへ進んで定着を確認する。関連用語ハブと比較ページへ進んで定着を確認する。関連用語ハブと比較ページへ進んで定着を確認する。関連用語ハブと比較ページへ進んで定着を確認する。用語ハブ compare へ進む。,管理費とは何ですか？
管理費と修繕積立金の使途,標準管理規約,標準管理規約;頻出;会計,管理費は通常管理、積立金は修繕・建替え等に充てる。,管理費と修繕積立金の使途は、管理費は通常管理、積立金は修繕・建替え等に充てる。管理組合の運営ルールのモデル。総会・理事会・決議要件が頻出。,マンション標準管理規約;理事長;総会決議,標準管理規約,A,過去問では管理費と修繕積立金の使途の定義・要件・効果を条文・規約根拠と対応づけるが問われます。管理費と修繕積立金の使途を類似語と同一視する選択肢に注意してください。,管理費と修繕積立金の使途とは？管理業務主任者試験で押さえる意味と試験ポイント,管理費と修繕積立金の使途の意味と管理業務主任者試験での判定ポイントを、標準管理規約の文脈で整理します。管理費と修繕積立金の使途は、管理費は通常管理、積立金は修繕・建替え等に充てる。管理組合の運営ルールのモデル。総会・理事会・決議要件が頻出。,"管理費は通常管理、積立金は修繕・建替え等に充てる。管理業務主任者試験では、標準管理規約を根拠に定義・要件・効果を問う問題が出ます。

実務・試験ともに「管理費と修繕積立金の使途の定義・要件・効果を条文・規約根拠と対応づける」が判断の軸になります。選択肢では管理費と修繕積立金の使途を類似語と同一視する肢が多いため、要件の欠けた肢を消去する思考が有効です。

管理費と修繕積立金の使途はマンション標準管理規約、理事長、総会決議とセットで整理すると理解が定着します。管業マスターの過去問・実践演習で標準管理規約フィルタを使い、関連問題を解き直してください。","<table class=""seo-info-table""><thead><tr><th>比較</th><th>管理費と修繕積立金の使途</th><th>マンション標準管理規約</th></tr></thead><tbody><tr><th>覚え方</th><td>管理費と修繕積立金の使途の定義・要件・効果を条文・規約根拠と対応づける</td><td>関連ページで対比</td></tr></tbody></table>",管理費と修繕積立金の使途の定義・要件・効果を条文・規約根拠と対応づける;標準管理規約の根拠を明示できる;関連語（マンション標準管理規約、理事長、総会決議）との違いを説明できる,管理費と修繕積立金の使途を類似語と同一視する;要件の一部だけ暗記して判断する;最新の改正・規約改定を見落とす。,管理費と修繕積立金の使途＝標準管理規約。マンション標準管理規約と表で対比。,管理費と修繕積立金の使途に関する次の記述のうち、最も適切でないものはどれか。,管理費と修繕積立金の使途の定義・要件・効果を条文・規約根拠と対応づける。管理費と修繕積立金の使途を類似語と同一視するとする記述が誤りになりやすい。,管理費と修繕積立金の使途の定義を試験用に一言で言うと？,「管理費と修繕積立金の使途の定義を試験用に一言で言うと？」への答え：管理費は通常管理、積立金は修繕・建替え等に充てる。根拠は標準管理規約。条文番号と要件をメモに書き出して確認する。条文番号と要件をメモに書き出して確認する。条文番号と要件をメモに書き出して確認する。公式テキスト該当章を開く。,管理費と修繕積立金の使途と混同しやすい論点は？,試験の出方：標準管理規約の根拠を明示できる。四択では条件の主語と効果を分離して読む。過去問で出題形式と正答率を週1回チェックする。過去問で出題形式と正答率を週1回チェックする。過去問で出題形式と正答率を週1回チェックする。過去問で出題形式と正答率を週1回チェックする。過去問1問で正答率を記録する。,誤答の典型：管理費と修繕積立金の使途を類似語と同一視する;要件の一部だけ暗記して判断する;最新の改正・規約改定を見落とす。一語差の選択肢に注意。誤答肢のパターンを比較表に整理して復習する。誤答肢のパターンを比較表に整理して復習する。誤答肢のパターンを比較表に整理して復習する。誤答肢を比較表に書き出す。,管理費と修繕積立金の使途とは何ですか？,学習の次段：「マンション標準管理規約」と比較表で整理し、numbers / compare から過去問へ。関連用語ハブと比較ページへ進んで定着を確認する。関連用語ハブと比較ページへ進んで定着を確認する。関連用語ハブと比較ページへ進んで定着を確認する。用語ハブ compare へ進む。,管理費と修繕積立金の使途とは何ですか？
管理費収入,会計・税務,会計・税務;会計,管理費収入は会計・税務分野では標準管理規約に関する重要概念です。,管理費収入は、管理費収入は会計・税務分野では標準管理規約に関する重要概念です。管理組合の会計処理・財務報告・税務上の取扱い。,管理費等;前受金;預り金,標準管理規約,B,過去問では管理費収入の定義・要件・効果を条文・規約根拠と対応づけるが問われます。管理費収入を類似語と同一視する選択肢に注意してください。管理費収入は会計・税務分野では標準管理規約に関する重要概念です。管理業務主。,管理費収入とは？管理業務主任者で押さえる意味と試験ポイント,管理費収入の意味と管理業務主任者試験での判定ポイントを、標準管理規約の文脈で整理します。管理費収入は、管理費収入は会計・税務分野では標準管理規約に関する重要概念です。管理組合の会計処理・財務報告・税務上の取扱い。,"管理費収入は会計・税務分野では標準管理規約に関する重要概念です。管理業務主任者試験では、標準管理規約を根拠に定義・要件・効果を問う問題が出ます。

実務・試験ともに「管理費収入の定義・要件・効果を条文・規約根拠と対応づける」が判断の軸になります。選択肢では管理費収入を類似語と同一視する肢が多いため、要件の欠けた肢を消去する思考が有効です。

管理費収入は管理費等、前受金、預り金とセットで整理すると理解が定着します。管業マスターの過去問・実践演習で会計・税務フィルタを使い、関連問題を解き直してください。","<table class=""seo-info-table""><thead><tr><th>比較</th><th>管理費収入</th><th>管理費等</th></tr></thead><tbody><tr><th>覚え方</th><td>管理費収入の定義・要件・効果を条文・規約根拠と対応づける</td><td>関連ページで対比</td></tr></tbody></table>",管理費収入の定義・要件・効果を条文・規約根拠と対応づける;標準管理規約の根拠を明示できる;関連語（管理費等、前受金、預り金）との違いを説明できる,管理費収入を類似語と同一視する;要件の一部だけ暗記して判断する;最新の改正・規約改定を見落とす。,管理費収入＝標準管理規約。管理費等と表で対比。（関連用語とセットで暗記）。,管理費収入に関する次の記述のうち、最も適切でないものはどれか。,管理費収入の定義・要件と照らし、条件を満たさない選択肢を選ぶ。,管理費収入の定義を試験用に一言で言うと？,「管理費収入の定義を試験用に一言で言うと？」への答え：管理費収入は会計・税務分野では標準管理規約に関する重要概念です。根拠は標準管理規約。条文番号と要件をメモに書き出して確認する。条文番号と要件をメモに書き出して確認する。条文番号と要件をメモに書き出して確認する。公式テキスト該当章を開く。,管理費収入と混同しやすい論点は？,試験の出方：標準管理規約の根拠を明示できる。四択では条件の主語と効果を分離して読む。過去問で出題形式と正答率を週1回チェックする。過去問で出題形式と正答率を週1回チェックする。過去問で出題形式と正答率を週1回チェックする。過去問で出題形式と正答率を週1回チェックする。過去問1問で正答率を記録する。,誤答の典型：管理費収入を類似語と同一視する;要件の一部だけ暗記して判断する;最新の改正・規約改定を見落とす。一語差の選択肢に注意。誤答肢のパターンを比較表に整理して復習する。誤答肢のパターンを比較表に整理して復習する。誤答肢のパターンを比較表に整理して復習する。誤答肢を比較表に書き出す。,管理費収入とは何ですか？,学習の次段：「管理費等」と比較表で整理し、numbers / compare から過去問へ。関連用語ハブと比較ページへ進んで定着を確認する。関連用語ハブと比較ページへ進んで定着を確認する。関連用語ハブと比較ページへ進んで定着を確認する。関連用語ハブと比較ページへ進んで定着を確認する。用語ハブ compare へ進む。,管理費収入とは何ですか？
管理費等,会計・税務,会計・税務;頻出;会計,管理費・修繕積立金等を総称する負担金。,"管理費等は、管理費・修繕積立金等を総称する負担金。管理組合の会計処理・財務報告・税務上の取扱い。管理費・修繕積立金等を総称する負担金。管理業務主任者試験では、区分所有法を根拠に定義・要件・効果を問う問題が出ます。

実務・試験ともに「管理費等の定義・要件・効果を条文・規約根拠と対応づける」が判断の軸になります。選択肢では管理費等を類。",前受金;預り金;決算,区分所有法,A,過去問では管理費等の定義・要件・効果を条文・規約根拠と対応づけるが問われます。管理費等を類似語と同一視する選択肢に注意してください。管理費・修繕積立金等を総称する負担金。管理業務主任者試験では、区分所有法を根拠。,管理費等とは？管理業務主任者で押さえる意味と試験ポイント,"管理費等の意味と管理業務主任者試験での判定ポイントを、区分所有法の文脈で整理します。管理費等は、管理費・修繕積立金等を総称する負担金。管理組合の会計処理・財務報告・税務上の取扱い。管理費・修繕積立金等を総称する負担金。管理業務主任者試験では、区分所有法を根拠に定義・要件・効果を問う問題が出ます。

実務・試験ともに「管理費等の定義・要件・効果を条文・規約根拠と対応づける」が判断の軸になります。選択肢では管理費等を類。","管理費・修繕積立金等を総称する負担金。管理業務主任者試験では、区分所有法を根拠に定義・要件・効果を問う問題が出ます。

実務・試験ともに「管理費等の定義・要件・効果を条文・規約根拠と対応づける」が判断の軸になります。選択肢では管理費等を類似語と同一視する肢が多いため、要件の欠けた肢を消去する思考が有効です。

管理費等は前受金、預り金、決算とセットで整理すると理解が定着します。管業マスターの過去問・実践演習で会計・税務フィルタを使い、関連問題を解き直してください。","<table class=""seo-info-table""><thead><tr><th>比較</th><th>管理費等</th><th>前受金</th></tr></thead><tbody><tr><th>覚え方</th><td>管理費等の定義・要件・効果を条文・規約根拠と対応づける</td><td>関連ページで対比</td></tr></tbody></table>",管理費等の定義・要件・効果を条文・規約根拠と対応づける;区分所有法の根拠を明示できる;関連語（前受金、預り金、決算）との違いを説明できる,管理費等を類似語と同一視する;要件の一部だけ暗記して判断する;最新の改正・規約改定を見落とす。,管理費等＝区分所有法。前受金と表で対比。（関連用語とセットで暗記）。,管理費等に関する次の記述のうち、最も適切でないものはどれか。,管理費等の定義・要件・効果を条文・規約根拠と対応づける。管理費等を類似語と同一視するとする記述が誤りになりやすい。,管理費等の定義を試験用に一言で言うと？,「管理費等の定義を試験用に一言で言うと？」への答え：管理費・修繕積立金等を総称する負担金。根拠は区分所有法。条文番号と要件をメモに書き出して確認する。条文番号と要件をメモに書き出して確認する。条文番号と要件をメモに書き出して確認する。条文番号と要件をメモに書き出して確認する。公式テキスト該当章を開く。,管理費等と混同しやすい論点は？,試験の出方：区分所有法の根拠を明示できる。四択では条件の主語と効果を分離して読む。過去問で出題形式と正答率を週1回チェックする。過去問で出題形式と正答率を週1回チェックする。過去問で出題形式と正答率を週1回チェックする。過去問で出題形式と正答率を週1回チェックする。過去問1問で正答率を記録する。,誤答の典型：管理費等を類似語と同一視する;要件の一部だけ暗記して判断する;最新の改正・規約改定を見落とす。一語差の選択肢に注意。誤答肢のパターンを比較表に整理して復習する。誤答肢のパターンを比較表に整理して復習する。誤答肢のパターンを比較表に整理して復習する。誤答肢を比較表に書き出す。,管理費等とは何ですか？,学習の次段：「前受金」と比較表で整理し、numbers / compare から過去問へ。関連用語ハブと比較ページへ進んで定着を確認する。関連用語ハブと比較ページへ進んで定着を確認する。関連用語ハブと比較ページへ進んで定着を確認する。関連用語ハブと比較ページへ進んで定着を確認する。用語ハブ compare へ進む。,管理費等とは何ですか？
組合の法人格,判例・横断総合,判例・横断総合;組織,組合の法人格は複数分野にまたがる論点で、比較表で整理すると得点しやすくなります。,組合の法人格は、組合の法人格は複数分野にまたがる論点で、比較表で整理すると得点しやすくなります。判例・複数分野を横断する論点。比較整理が得点の鍵。,主徴費;管理不全;管理者,区分所有法,B,過去問では組合の法人格の定義・要件・効果を条文・規約根拠と対応づけるが問われます。組合の法人格を類似語と同一視する選択肢に注意してください。組合の法人格は複数分野にまたがる論点で、比較表で整理すると得点しやすくなります。,組合の法人格とは？管理業務主任者試験で押さえる意味と試験ポイント,組合の法人格の意味と管理業務主任者試験での判定ポイントを、区分所有法の文脈で整理します。組合の法人格は、組合の法人格は複数分野にまたがる論点で、比較表で整理すると得点しやすくなります。判例・複数分野を横断する論点。比較整理が得点の鍵。,"組合の法人格は複数分野にまたがる論点で、比較表で整理すると得点しやすくなります。管理業務主任者試験では、区分所有法を根拠に定義・要件・効果を問う問題が出ます。

実務・試験ともに「組合の法人格の定義・要件・効果を条文・規約根拠と対応づける」が判断の軸になります。選択肢では組合の法人格を類似語と同一視する肢が多いため、要件の欠けた肢を消去する思考が有効です。

組合の法人格は主徴費、管理不全、管理者とセットで整理すると理解が定着します。管業マスターの過去問・実践演習で判例・横断総合フィルタを使い、関連問題を解き直してください。","<table class=""seo-info-table""><thead><tr><th>比較</th><th>組合の法人格</th><th>主徴費</th></tr></thead><tbody><tr><th>覚え方</th><td>組合の法人格の定義・要件・効果を条文・規約根拠と対応づける</td><td>関連ページで対比</td></tr></tbody></table>",組合の法人格の定義・要件・効果を条文・規約根拠と対応づける;区分所有法の根拠を明示できる;関連語（主徴費、管理不全、管理者）との違いを説明できる,組合の法人格を類似語と同一視する;要件の一部だけ暗記して判断する;最新の改正・規約改定を見落とす。,組合の法人格＝区分所有法。主徴費と表で対比。（関連用語とセットで暗記）。,組合の法人格に関する次の記述のうち、最も適切でないものはどれか。,組合の法人格の定義・要件と照らし、条件を満たさない選択肢を選ぶ。,組合の法人格の定義を試験用に一言で言うと？,「組合の法人格の定義を試験用に一言で言うと？」への答え：組合の法人格は複数分野にまたがる論点で、比較表で整理すると得点しやすくなります。根拠は区分所有法。条文番号と要件をメモに書き出して確認する。条文番号と要件をメモに書き出して確認する。条文番号と要件をメモに書き出して確認する。公式テキスト該当章を開く。,組合の法人格と混同しやすい論点は？,試験の出方：区分所有法の根拠を明示できる。四択では条件の主語と効果を分離して読む。過去問で出題形式と正答率を週1回チェックする。過去問で出題形式と正答率を週1回チェックする。過去問で出題形式と正答率を週1回チェックする。過去問で出題形式と正答率を週1回チェックする。過去問1問で正答率を記録する。,誤答の典型：組合の法人格を類似語と同一視する;要件の一部だけ暗記して判断する;最新の改正・規約改定を見落とす。一語差の選択肢に注意。誤答肢のパターンを比較表に整理して復習する。誤答肢のパターンを比較表に整理して復習する。誤答肢のパターンを比較表に整理して復習する。誤答肢を比較表に書き出す。,組合の法人格とは何ですか？,学習の次段：「主徴費」と比較表で整理し、numbers / compare から過去問へ。関連用語ハブと比較ページへ進んで定着を確認する。関連用語ハブと比較ページへ進んで定着を確認する。関連用語ハブと比較ページへ進んで定着を確認する。関連用語ハブと比較ページへ進んで定着を確認する。用語ハブ compare へ進む。,組合の法人格とは何ですか？
組合契約,民法・借地借家法,民法・借地借家法;契約類型,共同事業の利益を分配する契約（民法675条）。,"組合契約は、共同事業の利益を分配する契約（民法675条）。民法・借地借家法の重要論点。共同事業の利益を分配する契約（民法675条）。管理業務主任者試験では、民法第675条を根拠に定義・要件・効果を問う問題が出ます。

実務・試験ともに「共同事業・利益分配」が判断の軸になります。選択肢では委任・請負と混同肢が多いため、要件の。",同時履行の抗弁;催告解除;無催告解除,民法第675条,B,過去問では共同事業・利益分配が問われます。委任・請負と混同選択肢に注意してください。共同事業の利益を分配する契約（民法675条）。管理業務主任者試験では、民法第6。,組合契約とは？管理業務主任者試験で押さえる意味と試験ポイント,"組合契約の意味と管理業務主任者試験での判定ポイントを、民法第675条の文脈で整理します。組合契約は、共同事業の利益を分配する契約（民法675条）。民法・借地借家法の重要論点。共同事業の利益を分配する契約（民法675条）。管理業務主任者試験では、民法第675条を根拠に定義・要件・効果を問う問題が出ます。

実務・試験ともに「共同事業・利益分配」が判断の軸になります。選択肢では委任・請負と混同肢が多いため、要件の。","共同事業の利益を分配する契約（民法675条）。管理業務主任者試験では、民法第675条を根拠に定義・要件・効果を問う問題が出ます。

実務・試験ともに「共同事業・利益分配」が判断の軸になります。選択肢では委任・請負と混同肢が多いため、要件の欠けた肢を消去する思考が有効です。

組合契約は同時履行の抗弁、催告解除、無催告解除とセットで整理すると理解が定着します。管業マスターの過去問・実践演習で民法・借地借家法フィルタを使い、関連問題を解き直してください。",,共同事業・利益分配;民法第675条の根拠を明示できる;関連語（同時履行の抗弁、催告解除、無催告解除）との違いを説明できる,委任・請負と混同;要件の一部だけ暗記して判断する;最新の改正・規約改定を見落とす。,組合契約＝民法第675条。委任契約と表で対比。（関連用語とセットで暗記）。,組合契約に関する次の記述のうち、最も適切でないものはどれか。,組合契約の定義・要件と照らし、条件を満たさない選択肢を選ぶ。,組合契約の定義を試験用に一言で言うと？,「組合契約の定義を試験用に一言で言うと？」への答え：共同事業の利益を分配する契約（民法675条）。根拠は民法第675条。条文番号と要件をメモに書き出して確認する。条文番号と要件をメモに書き出して確認する。条文番号と要件をメモに書き出して確認する。公式テキスト該当章を開く。,組合契約と混同しやすい論点は？,試験の出方：民法第675条の根拠を明示できる。四択では条件の主語と効果を分離して読む。過去問で出題形式と正答率を週1回チェックする。過去問で出題形式と正答率を週1回チェックする。過去問で出題形式と正答率を週1回チェックする。過去問で出題形式と正答率を週1回チェックする。過去問1問で正答率を記録する。,誤答の典型：委任・請負と混同;要件の一部だけ暗記して判断する;最新の改正・規約改定を見落とす。一語差の選択肢に注意。誤答肢のパターンを比較表に整理して復習する。誤答肢のパターンを比較表に整理して復習する。誤答肢のパターンを比較表に整理して復習する。誤答肢を比較表に書き出す。,組合契約とは何ですか？,学習の次段：「同時履行の抗弁」と比較表で整理し、numbers / compare から過去問へ。関連用語ハブと比較ページへ進んで定着を確認する。関連用語ハブと比較ページへ進んで定着を確認する。関連用語ハブと比較ページへ進んで定着を確認する。用語ハブ compare へ進む。,組合契約とは何ですか？
給排水衛生設備,建築・設備,建築・設備;頻出;設備,給排水・衛生に関する設備。建築基準法・条例。,給排水衛生設備は、給排水・衛生に関する設備。建築基準法・条例。建築基準法・消防法・昇降機規則等に基づく建物・設備の安全と維持。,建築基準法;エレベーター;昇降機,建築基準法,A,過去問では給排水衛生設備の定義・要件・効果を条文・規約根拠と対応づけるが問われます。給排水衛生設備を類似語と同一視する選択肢に注意してください。給排水・衛生に関する設備。建築基準法・条例。管理業務主任者試験では、建築基準法。,給排水衛生設備とは？管理業務主任者で押さえる意味と試験ポイント,給排水衛生設備の意味と管理業務主任者試験での判定ポイントを、建築基準法の文脈で整理します。給排水衛生設備は、給排水・衛生に関する設備。建築基準法・条例。建築基準法・消防法・昇降機規則等に基づく建物・設備の安全と維持。,"給排水・衛生に関する設備。建築基準法・条例。管理業務主任者試験では、建築基準法を根拠に定義・要件・効果を問う問題が出ます。

実務・試験ともに「給排水衛生設備の定義・要件・効果を条文・規約根拠と対応づける」が判断の軸になります。選択肢では給排水衛生設備を類似語と同一視する肢が多いため、要件の欠けた肢を消去する思考が有効です。

給排水衛生設備は建築基準法、エレベーター、昇降機とセットで整理すると理解が定着します。管業マスターの過去問・実践演習で建築・設備フィルタを使い、関連問題を解き直してください。","<table class=""seo-info-table""><thead><tr><th>比較</th><th>給排水衛生設備</th><th>建築基準法</th></tr></thead><tbody><tr><th>覚え方</th><td>給排水衛生設備の定義・要件・効果を条文・規約根拠と対応づける</td><td>関連ページで対比</td></tr></tbody></table>",給排水衛生設備の定義・要件・効果を条文・規約根拠と対応づける;建築基準法の根拠を明示できる;関連語（建築基準法、エレベーター、昇降機）との違いを説明できる,給排水衛生設備を類似語と同一視する;要件の一部だけ暗記して判断する;最新の改正・規約改定を見落とす。,給排水衛生設備＝建築基準法。建築基準法と表で対比。,給排水衛生設備に関する次の記述のうち、最も適切でないものはどれか。,給排水衛生設備の定義・要件・効果を条文・規約根拠と対応づける。給排水衛生設備を類似語と同一視するとする記述が誤りになりやすい。,給排水衛生設備の定義を試験用に一言で言うと？,「給排水衛生設備の定義を試験用に一言で言うと？」への答え：給排水・衛生に関する設備。建築基準法・条例。根拠は建築基準法。条文番号と要件をメモに書き出して確認する。条文番号と要件をメモに書き出して確認する。条文番号と要件をメモに書き出して確認する。公式テキスト該当章を開く。,給排水衛生設備と混同しやすい論点は？,試験の出方：建築基準法の根拠を明示できる。四択では条件の主語と効果を分離して読む。過去問で出題形式と正答率を週1回チェックする。過去問で出題形式と正答率を週1回チェックする。過去問で出題形式と正答率を週1回チェックする。過去問で出題形式と正答率を週1回チェックする。過去問1問で正答率を記録する。,誤答の典型：給排水衛生設備を類似語と同一視する;要件の一部だけ暗記して判断する;最新の改正・規約改定を見落とす。一語差の選択肢に注意。誤答肢のパターンを比較表に整理して復習する。誤答肢のパターンを比較表に整理して復習する。誤答肢のパターンを比較表に整理して復習する。誤答肢を比較表に書き出す。,給排水衛生設備とは何ですか？,学習の次段：「建築基準法」と比較表で整理し、numbers / compare から過去問へ。関連用語ハブと比較ページへ進んで定着を確認する。関連用語ハブと比較ページへ進んで定着を確認する。関連用語ハブと比較ページへ進んで定着を確認する。関連用語ハブと比較ページへ進んで定着を確認する。用語ハブ compare へ進む。,給排水衛生設備とは何ですか？
給排水設備,建築・設備,建築・設備;設備,給排水設備は建築・設備分野では建築基準法に関する重要概念です。,給排水設備は、給排水設備は建築・設備分野では建築基準法に関する重要概念です。建築基準法・消防法・昇降機規則等に基づく建物・設備の安全と維持。,建築基準法;エレベーター;昇降機,建築基準法,B,過去問では給排水設備の定義・要件・効果を条文・規約根拠と対応づけるが問われます。給排水設備を類似語と同一視する選択肢に注意してください。給排水設備は建築・設備分野では建築基準法に関する重要概念です。管理業務主任。,給排水設備とは？管理業務主任者で押さえる意味と試験ポイント,給排水設備の意味と管理業務主任者試験での判定ポイントを、建築基準法の文脈で整理します。給排水設備は、給排水設備は建築・設備分野では建築基準法に関する重要概念です。建築基準法・消防法・昇降機規則等に基づく建物・設備の安全と維持。,"給排水設備は建築・設備分野では建築基準法に関する重要概念です。管理業務主任者試験では、建築基準法を根拠に定義・要件・効果を問う問題が出ます。

実務・試験ともに「給排水設備の定義・要件・効果を条文・規約根拠と対応づける」が判断の軸になります。選択肢では給排水設備を類似語と同一視する肢が多いため、要件の欠けた肢を消去する思考が有効です。

給排水設備は建築基準法、エレベーター、昇降機とセットで整理すると理解が定着します。管業マスターの過去問・実践演習で建築・設備フィルタを使い、関連問題を解き直してください。","<table class=""seo-info-table""><thead><tr><th>比較</th><th>給排水設備</th><th>建築基準法</th></tr></thead><tbody><tr><th>覚え方</th><td>給排水設備の定義・要件・効果を条文・規約根拠と対応づける</td><td>関連ページで対比</td></tr></tbody></table>",給排水設備の定義・要件・効果を条文・規約根拠と対応づける;建築基準法の根拠を明示できる;関連語（建築基準法、エレベーター、昇降機）との違いを説明できる,給排水設備を類似語と同一視する;要件の一部だけ暗記して判断する;最新の改正・規約改定を見落とす。,給排水設備＝建築基準法。建築基準法と表で対比。（関連用語とセットで暗記）。,給排水設備に関する次の記述のうち、最も適切でないものはどれか。,給排水設備の定義・要件と照らし、条件を満たさない選択肢を選ぶ。,給排水設備の定義を試験用に一言で言うと？,「給排水設備の定義を試験用に一言で言うと？」への答え：給排水設備は建築・設備分野では建築基準法に関する重要概念です。根拠は建築基準法。条文番号と要件をメモに書き出して確認する。条文番号と要件をメモに書き出して確認する。条文番号と要件をメモに書き出して確認する。公式テキスト該当章を開く。,給排水設備と混同しやすい論点は？,試験の出方：建築基準法の根拠を明示できる。四択では条件の主語と効果を分離して読む。過去問で出題形式と正答率を週1回チェックする。過去問で出題形式と正答率を週1回チェックする。過去問で出題形式と正答率を週1回チェックする。過去問で出題形式と正答率を週1回チェックする。過去問1問で正答率を記録する。,誤答の典型：給排水設備を類似語と同一視する;要件の一部だけ暗記して判断する;最新の改正・規約改定を見落とす。一語差の選択肢に注意。誤答肢のパターンを比較表に整理して復習する。誤答肢のパターンを比較表に整理して復習する。誤答肢のパターンを比較表に整理して復習する。誤答肢を比較表に書き出す。,給排水設備とは何ですか？,学習の次段：「建築基準法」と比較表で整理し、numbers / compare から過去問へ。関連用語ハブと比較ページへ進んで定着を確認する。関連用語ハブと比較ページへ進んで定着を確認する。関連用語ハブと比較ページへ進んで定着を確認する。関連用語ハブと比較ページへ進んで定着を確認する。用語ハブ compare へ進む。,給排水設備とは何ですか？
給水タンク,建築・設備,建築・設備;頻出;設備,給水設備の一種。清掃・点検・法定検査。,給水タンクは、給水設備の一種。清掃・点検・法定検査。建築基準法・消防法・昇降機規則等に基づく建物・設備の安全と維持。,建築基準法;エレベーター;昇降機,建築基準法,A,過去問では給水タンクの定義・要件・効果を条文・規約根拠と対応づけるが問われます。給水タンクを類似語と同一視する選択肢に注意してください。給水設備の一種。清掃・点検・法定検査。管理業務主任者試験では、建築基準法を根拠。,給水タンクとは？管理業務主任者で押さえる意味と試験ポイント,給水タンクの意味と管理業務主任者試験での判定ポイントを、建築基準法の文脈で整理します。給水タンクは、給水設備の一種。清掃・点検・法定検査。建築基準法・消防法・昇降機規則等に基づく建物・設備の安全と維持。,"給水設備の一種。清掃・点検・法定検査。管理業務主任者試験では、建築基準法を根拠に定義・要件・効果を問う問題が出ます。

実務・試験ともに「給水タンクの定義・要件・効果を条文・規約根拠と対応づける」が判断の軸になります。選択肢では給水タンクを類似語と同一視する肢が多いため、要件の欠けた肢を消去する思考が有効です。

給水タンクは建築基準法、エレベーター、昇降機とセットで整理すると理解が定着します。管業マスターの過去問・実践演習で建築・設備フィルタを使い、関連問題を解き直してください。","<table class=""seo-info-table""><thead><tr><th>比較</th><th>給水タンク</th><th>建築基準法</th></tr></thead><tbody><tr><th>覚え方</th><td>給水タンクの定義・要件・効果を条文・規約根拠と対応づける</td><td>関連ページで対比</td></tr></tbody></table>",給水タンクの定義・要件・効果を条文・規約根拠と対応づける;建築基準法の根拠を明示できる;関連語（建築基準法、エレベーター、昇降機）との違いを説明できる,給水タンクを類似語と同一視する;要件の一部だけ暗記して判断する;最新の改正・規約改定を見落とす。,給水タンク＝建築基準法。建築基準法と表で対比。（関連用語とセットで暗記）。,給水タンクに関する次の記述のうち、最も適切でないものはどれか。,給水タンクの定義・要件・効果を条文・規約根拠と対応づける。給水タンクを類似語と同一視するとする記述が誤りになりやすい。,給水タンクの定義を試験用に一言で言うと？,「給水タンクの定義を試験用に一言で言うと？」への答え：給水設備の一種。清掃・点検・法定検査。根拠は建築基準法。条文番号と要件をメモに書き出して確認する。条文番号と要件をメモに書き出して確認する。条文番号と要件をメモに書き出して確認する。条文番号と要件をメモに書き出して確認する。公式テキスト該当章を開く。,給水タンクと混同しやすい論点は？,試験の出方：建築基準法の根拠を明示できる。四択では条件の主語と効果を分離して読む。過去問で出題形式と正答率を週1回チェックする。過去問で出題形式と正答率を週1回チェックする。過去問で出題形式と正答率を週1回チェックする。過去問で出題形式と正答率を週1回チェックする。過去問1問で正答率を記録する。,誤答の典型：給水タンクを類似語と同一視する;要件の一部だけ暗記して判断する;最新の改正・規約改定を見落とす。一語差の選択肢に注意。誤答肢のパターンを比較表に整理して復習する。誤答肢のパターンを比較表に整理して復習する。誤答肢のパターンを比較表に整理して復習する。誤答肢を比較表に書き出す。,給水タンクとは何ですか？,学習の次段：「建築基準法」と比較表で整理し、numbers / compare から過去問へ。関連用語ハブと比較ページへ進んで定着を確認する。関連用語ハブと比較ページへ進んで定着を確認する。関連用語ハブと比較ページへ進んで定着を確認する。関連用語ハブと比較ページへ進んで定着を確認する。用語ハブ compare へ進む。,給水タンクとは何ですか？
総会,区分所有法,区分所有法;頻出;組織,管理組合の意思決定機関。区分所有者が議決権を行使（区法31条）。,総会は、管理組合の意思決定機関。区分所有者が議決権を行使（区法31条）。マンション等の区分所有関係を定める基本法。専用部分・共用部分・管理組合が柱。,専有部分;共用部分;管理組合,区分所有法第31条,A,過去問では総会の定義・要件・効果を条文・規約根拠と対応づけるが問われます。総会を類似語と同一視する選択肢に注意してください。管理組合の意思決定機関。区分所有者が議決権を行使（区法31条）。管理業務主任者。,総会とは？管理業務主任者試験で押さえる意味と試験ポイント,総会の意味と管理業務主任者試験での判定ポイントを、区分所有法第31条の文脈で整理します。総会は、管理組合の意思決定機関。区分所有者が議決権を行使（区法31条）。マンション等の区分所有関係を定める基本法。専用部分・共用部分・管理組合が柱。,"管理組合の意思決定機関。区分所有者が議決権を行使（区法31条）。管理業務主任者試験では、区分所有法第31条を根拠に定義・要件・効果を問う問題が出ます。

実務・試験ともに「総会の定義・要件・効果を条文・規約根拠と対応づける」が判断の軸になります。選択肢では総会を類似語と同一視する肢が多いため、要件の欠けた肢を消去する思考が有効です。

総会は専有部分、共用部分、管理組合とセットで整理すると理解が定着します。管業マスターの過去問・実践演習で区分所有法フィルタを使い、関連問題を解き直してください。","<table class=""seo-info-table""><thead><tr><th>比較</th><th>総会</th><th>専有部分</th></tr></thead><tbody><tr><th>覚え方</th><td>総会の定義・要件・効果を条文・規約根拠と対応づける</td><td>関連ページで対比</td></tr></tbody></table>",総会の定義・要件・効果を条文・規約根拠と対応づける;区分所有法第31条の根拠を明示できる;関連語（専有部分、共用部分、管理組合）との違いを説明できる,総会を類似語と同一視する;要件の一部だけ暗記して判断する;最新の改正・規約改定を見落とす。,総会＝区分所有法第31条。専有部分と表で対比。（関連用語とセットで暗記）。,総会に関する次の記述のうち、最も適切でないものはどれか。,総会の定義・要件・効果を条文・規約根拠と対応づける。総会を類似語と同一視するとする記述が誤りになりやすい。,総会の定義を試験用に一言で言うと？,「総会の定義を試験用に一言で言うと？」への答え：管理組合の意思決定機関。区分所有者が議決権を行使（区法31条）。根拠は区分所有法第31条。条文番号と要件をメモに書き出して確認する。条文番号と要件をメモに書き出して確認する。条文番号と要件をメモに書き出して確認する。公式テキスト該当章を開く。,総会と混同しやすい論点は？,試験の出方：区分所有法第31条の根拠を明示できる。四択では条件の主語と効果を分離して読む。過去問で出題形式と正答率を週1回チェックする。過去問で出題形式と正答率を週1回チェックする。過去問で出題形式と正答率を週1回チェックする。過去問で出題形式と正答率を週1回チェックする。過去問1問で正答率を記録する。,誤答の典型：総会を類似語と同一視する;要件の一部だけ暗記して判断する;最新の改正・規約改定を見落とす。一語差の選択肢に注意。誤答肢のパターンを比較表に整理して復習する。誤答肢のパターンを比較表に整理して復習する。誤答肢のパターンを比較表に整理して復習する。誤答肢を比較表に書き出す。,総会とは何ですか？,学習の次段：「専有部分」と比較表で整理し、numbers / compare から過去問へ。関連用語ハブと比較ページへ進んで定着を確認する。関連用語ハブと比較ページへ進んで定着を確認する。関連用語ハブと比較ページへ進んで定着を確認する。関連用語ハブと比較ページへ進んで定着を確認する。用語ハブ compare へ進む。,総会とは何ですか？
総会の招集,標準管理規約,標準管理規約;総会,理事会が招集。通知期限・議事録・議長が論点（標準管理規約）。,総会の招集は、理事会が招集。通知期限・議事録・議長が論点（標準管理規約）。管理組合の運営ルールのモデル。総会・理事会・決議要件が頻出。,マンション標準管理規約;理事長;総会決議,標準管理規約,A,過去問では総会の招集の定義・要件・効果を条文・規約根拠と対応づけるが問われます。総会の招集を類似語と同一視する選択肢に注意してください。理事会が招集。通知期限・議事録・議長が論点（標準管理規約）。管理業務主任者試験。,総会の招集とは？管理業務主任者試験で押さえる意味と試験ポイント,総会の招集の意味と管理業務主任者試験での判定ポイントを、標準管理規約の文脈で整理します。総会の招集は、理事会が招集。通知期限・議事録・議長が論点（標準管理規約）。管理組合の運営ルールのモデル。総会・理事会・決議要件が頻出。,"理事会が招集。通知期限・議事録・議長が論点（標準管理規約）。管理業務主任者試験では、標準管理規約を根拠に定義・要件・効果を問う問題が出ます。

実務・試験ともに「総会の招集の定義・要件・効果を条文・規約根拠と対応づける」が判断の軸になります。選択肢では総会の招集を類似語と同一視する肢が多いため、要件の欠けた肢を消去する思考が有効です。

総会の招集はマンション標準管理規約、理事長、総会決議とセットで整理すると理解が定着します。管業マスターの過去問・実践演習で標準管理規約フィルタを使い、関連問題を解き直してください。","<table class=""seo-info-table""><thead><tr><th>比較</th><th>総会の招集</th><th>マンション標準管理規約</th></tr></thead><tbody><tr><th>覚え方</th><td>総会の招集の定義・要件・効果を条文・規約根拠と対応づける</td><td>関連ページで対比</td></tr></tbody></table>",総会の招集の定義・要件・効果を条文・規約根拠と対応づける;標準管理規約の根拠を明示できる;関連語（マンション標準管理規約、理事長、総会決議）との違いを説明できる,総会の招集を類似語と同一視する;要件の一部だけ暗記して判断する;最新の改正・規約改定を見落とす。,総会の招集＝標準管理規約。マンション標準管理規約と表で対比。,総会の招集に関する次の記述のうち、最も適切でないものはどれか。,総会の招集の定義・要件・効果を条文・規約根拠と対応づける。総会の招集を類似語と同一視するとする記述が誤りになりやすい。,総会の招集の定義を試験用に一言で言うと？,「総会の招集の定義を試験用に一言で言うと？」への答え：理事会が招集。通知期限・議事録・議長が論点（標準管理規約）。根拠は標準管理規約。条文番号と要件をメモに書き出して確認する。条文番号と要件をメモに書き出して確認する。条文番号と要件をメモに書き出して確認する。公式テキスト該当章を開く。,総会の招集と混同しやすい論点は？,試験の出方：標準管理規約の根拠を明示できる。四択では条件の主語と効果を分離して読む。過去問で出題形式と正答率を週1回チェックする。過去問で出題形式と正答率を週1回チェックする。過去問で出題形式と正答率を週1回チェックする。過去問で出題形式と正答率を週1回チェックする。過去問1問で正答率を記録する。,誤答の典型：総会の招集を類似語と同一視する;要件の一部だけ暗記して判断する;最新の改正・規約改定を見落とす。一語差の選択肢に注意。誤答肢のパターンを比較表に整理して復習する。誤答肢のパターンを比較表に整理して復習する。誤答肢のパターンを比較表に整理して復習する。誤答肢を比較表に書き出す。,総会の招集とは何ですか？,学習の次段：「マンション標準管理規約」と比較表で整理し、numbers / compare から過去問へ。関連用語ハブと比較ページへ進んで定着を確認する。関連用語ハブと比較ページへ進んで定着を確認する。関連用語ハブと比較ページへ進んで定着を確認する。用語ハブ compare へ進む。,総会の招集とは何ですか？
総会の決議,標準管理規約,標準管理規約;頻出;総会,総会の決議は標準管理規約分野では標準管理規約に関する重要概念です。,総会の決議は、総会の決議は標準管理規約分野では標準管理規約に関する重要概念です。管理組合の運営ルールのモデル。総会・理事会・決議要件が頻出。,マンション標準管理規約;理事長;総会決議,標準管理規約,A,過去問では総会の決議の定義・要件・効果を条文・規約根拠と対応づけるが問われます。総会の決議を類似語と同一視する選択肢に注意してください。総会の決議は標準管理規約分野では標準管理規約に関する重要概念です。管理業務。,総会の決議とは？管理業務主任者試験で押さえる意味と試験ポイント,総会の決議の意味と管理業務主任者試験での判定ポイントを、標準管理規約の文脈で整理します。総会の決議は、総会の決議は標準管理規約分野では標準管理規約に関する重要概念です。管理組合の運営ルールのモデル。総会・理事会・決議要件が頻出。,"総会の決議は標準管理規約分野では標準管理規約に関する重要概念です。管理業務主任者試験では、標準管理規約を根拠に定義・要件・効果を問う問題が出ます。

実務・試験ともに「総会の決議の定義・要件・効果を条文・規約根拠と対応づける」が判断の軸になります。選択肢では総会の決議を類似語と同一視する肢が多いため、要件の欠けた肢を消去する思考が有効です。

総会の決議はマンション標準管理規約、理事長、総会決議とセットで整理すると理解が定着します。管業マスターの過去問・実践演習で標準管理規約フィルタを使い、関連問題を解き直してください。","<table class=""seo-info-table""><thead><tr><th>比較</th><th>総会の決議</th><th>マンション標準管理規約</th></tr></thead><tbody><tr><th>覚え方</th><td>総会の決議の定義・要件・効果を条文・規約根拠と対応づける</td><td>関連ページで対比</td></tr></tbody></table>",総会の決議の定義・要件・効果を条文・規約根拠と対応づける;標準管理規約の根拠を明示できる;関連語（マンション標準管理規約、理事長、総会決議）との違いを説明できる,総会の決議を類似語と同一視する;要件の一部だけ暗記して判断する;最新の改正・規約改定を見落とす。,総会の決議＝標準管理規約。マンション標準管理規約と表で対比。,総会の決議に関する次の記述のうち、最も適切でないものはどれか。,総会の決議の定義・要件・効果を条文・規約根拠と対応づける。総会の決議を類似語と同一視するとする記述が誤りになりやすい。,総会の決議の定義を試験用に一言で言うと？,「総会の決議の定義を試験用に一言で言うと？」への答え：総会の決議は標準管理規約分野では標準管理規約に関する重要概念です。根拠は標準管理規約。条文番号と要件をメモに書き出して確認する。条文番号と要件をメモに書き出して確認する。条文番号と要件をメモに書き出して確認する。公式テキスト該当章を開く。,総会の決議と混同しやすい論点は？,試験の出方：標準管理規約の根拠を明示できる。四択では条件の主語と効果を分離して読む。過去問で出題形式と正答率を週1回チェックする。過去問で出題形式と正答率を週1回チェックする。過去問で出題形式と正答率を週1回チェックする。過去問で出題形式と正答率を週1回チェックする。過去問1問で正答率を記録する。,誤答の典型：総会の決議を類似語と同一視する;要件の一部だけ暗記して判断する;最新の改正・規約改定を見落とす。一語差の選択肢に注意。誤答肢のパターンを比較表に整理して復習する。誤答肢のパターンを比較表に整理して復習する。誤答肢のパターンを比較表に整理して復習する。誤答肢を比較表に書き出す。,総会の決議とは何ですか？,学習の次段：「マンション標準管理規約」と比較表で整理し、numbers / compare から過去問へ。関連用語ハブと比較ページへ進んで定着を確認する。関連用語ハブと比較ページへ進んで定着を確認する。関連用語ハブと比較ページへ進んで定着を確認する。用語ハブ compare へ進む。,総会の決議とは何ですか？
総会出席と代理,標準管理規約,標準管理規約;頻出;総会,出席要件と代理人の資格・議決権行使（標準管理規約）。,総会出席と代理は、出席要件と代理人の資格・議決権行使（標準管理規約）。管理組合の運営ルールのモデル。総会・理事会・決議要件が頻出。,マンション標準管理規約;理事長;総会決議,標準管理規約,A,過去問では総会出席と代理の定義・要件・効果を条文・規約根拠と対応づけるが問われます。総会出席と代理を類似語と同一視する選択肢に注意してください。出席要件と代理人の資格・議決権行使（標準管理規約）。管理業務主任者試験では、標。,総会出席と代理とは？管理業務主任者試験で押さえる意味と試験ポイント,総会出席と代理の意味と管理業務主任者試験での判定ポイントを、標準管理規約の文脈で整理します。総会出席と代理は、出席要件と代理人の資格・議決権行使（標準管理規約）。管理組合の運営ルールのモデル。総会・理事会・決議要件が頻出。,"出席要件と代理人の資格・議決権行使（標準管理規約）。管理業務主任者試験では、標準管理規約を根拠に定義・要件・効果を問う問題が出ます。

実務・試験ともに「総会出席と代理の定義・要件・効果を条文・規約根拠と対応づける」が判断の軸になります。選択肢では総会出席と代理を類似語と同一視する肢が多いため、要件の欠けた肢を消去する思考が有効です。

総会出席と代理はマンション標準管理規約、理事長、総会決議とセットで整理すると理解が定着します。管業マスターの過去問・実践演習で標準管理規約フィルタを使い、関連問題を解き直してください。","<table class=""seo-info-table""><thead><tr><th>比較</th><th>総会出席と代理</th><th>マンション標準管理規約</th></tr></thead><tbody><tr><th>覚え方</th><td>総会出席と代理の定義・要件・効果を条文・規約根拠と対応づける</td><td>関連ページで対比</td></tr></tbody></table>",総会出席と代理の定義・要件・効果を条文・規約根拠と対応づける;標準管理規約の根拠を明示できる;関連語（マンション標準管理規約、理事長、総会決議）との違いを説明できる,総会出席と代理を類似語と同一視する;要件の一部だけ暗記して判断する;最新の改正・規約改定を見落とす。,総会出席と代理＝標準管理規約。マンション標準管理規約と表で対比。,総会出席と代理に関する次の記述のうち、最も適切でないものはどれか。,総会出席と代理の定義・要件・効果を条文・規約根拠と対応づける。総会出席と代理を類似語と同一視するとする記述が誤りになりやすい。,総会出席と代理の定義を試験用に一言で言うと？,「総会出席と代理の定義を試験用に一言で言うと？」への答え：出席要件と代理人の資格・議決権行使（標準管理規約）。根拠は標準管理規約。条文番号と要件をメモに書き出して確認する。条文番号と要件をメモに書き出して確認する。条文番号と要件をメモに書き出して確認する。公式テキスト該当章を開く。,総会出席と代理と混同しやすい論点は？,試験の出方：標準管理規約の根拠を明示できる。四択では条件の主語と効果を分離して読む。過去問で出題形式と正答率を週1回チェックする。過去問で出題形式と正答率を週1回チェックする。過去問で出題形式と正答率を週1回チェックする。過去問で出題形式と正答率を週1回チェックする。過去問1問で正答率を記録する。,誤答の典型：総会出席と代理を類似語と同一視する;要件の一部だけ暗記して判断する;最新の改正・規約改定を見落とす。一語差の選択肢に注意。誤答肢のパターンを比較表に整理して復習する。誤答肢のパターンを比較表に整理して復習する。誤答肢のパターンを比較表に整理して復習する。誤答肢を比較表に書き出す。,総会出席と代理とは何ですか？,学習の次段：「マンション標準管理規約」と比較表で整理し、numbers / compare から過去問へ。関連用語ハブと比較ページへ進んで定着を確認する。関連用語ハブと比較ページへ進んで定着を確認する。関連用語ハブと比較ページへ進んで定着を確認する。用語ハブ compare へ進む。,総会出席と代理とは何ですか？
総会決議,標準管理規約,標準管理規約;頻出;総会,総会における意思決定。普通決議・特別決議・例外決議の区分が頻出。,総会決議は、総会における意思決定。普通決議・特別決議・例外決議の区分が頻出。管理組合の運営ルールのモデル。総会・理事会・決議要件が頻出。,マンション標準管理規約;理事長;普通決議,標準管理規約,A,過去問では総会決議の定義・要件・効果を条文・規約根拠と対応づけるが問われます。総会決議を類似語と同一視する選択肢に注意してください。総会における意思決定。普通決議・特別決議・例外決議の区分が頻出。管理業務主任者。,総会決議とは？管理業務主任者試験で押さえる意味と試験ポイント,総会決議の意味と管理業務主任者試験での判定ポイントを、標準管理規約の文脈で整理します。総会決議は、総会における意思決定。普通決議・特別決議・例外決議の区分が頻出。管理組合の運営ルールのモデル。総会・理事会・決議要件が頻出。,"総会における意思決定。普通決議・特別決議・例外決議の区分が頻出。管理業務主任者試験では、標準管理規約を根拠に定義・要件・効果を問う問題が出ます。

実務・試験ともに「総会決議の定義・要件・効果を条文・規約根拠と対応づける」が判断の軸になります。選択肢では総会決議を類似語と同一視する肢が多いため、要件の欠けた肢を消去する思考が有効です。

総会決議はマンション標準管理規約、理事長、普通決議とセットで整理すると理解が定着します。管業マスターの過去問・実践演習で標準管理規約フィルタを使い、関連問題を解き直してください。","<table class=""seo-info-table""><thead><tr><th>比較</th><th>総会決議</th><th>マンション標準管理規約</th></tr></thead><tbody><tr><th>覚え方</th><td>総会決議の定義・要件・効果を条文・規約根拠と対応づける</td><td>関連ページで対比</td></tr></tbody></table>",総会決議の定義・要件・効果を条文・規約根拠と対応づける;標準管理規約の根拠を明示できる;関連語（マンション標準管理規約、理事長、普通決議）との違いを説明できる,総会決議を類似語と同一視する;要件の一部だけ暗記して判断する;最新の改正・規約改定を見落とす。,総会決議＝標準管理規約。マンション標準管理規約と表で対比。,総会決議に関する次の記述のうち、最も適切でないものはどれか。,総会決議の定義・要件・効果を条文・規約根拠と対応づける。総会決議を類似語と同一視するとする記述が誤りになりやすい。,総会決議の定義を試験用に一言で言うと？,「総会決議の定義を試験用に一言で言うと？」への答え：総会における意思決定。普通決議・特別決議・例外決議の区分が頻出。根拠は標準管理規約。条文番号と要件をメモに書き出して確認する。条文番号と要件をメモに書き出して確認する。条文番号と要件をメモに書き出して確認する。公式テキスト該当章を開く。,総会決議と混同しやすい論点は？,試験の出方：標準管理規約の根拠を明示できる。四択では条件の主語と効果を分離して読む。過去問で出題形式と正答率を週1回チェックする。過去問で出題形式と正答率を週1回チェックする。過去問で出題形式と正答率を週1回チェックする。過去問で出題形式と正答率を週1回チェックする。過去問1問で正答率を記録する。,誤答の典型：総会決議を類似語と同一視する;要件の一部だけ暗記して判断する;最新の改正・規約改定を見落とす。一語差の選択肢に注意。誤答肢のパターンを比較表に整理して復習する。誤答肢のパターンを比較表に整理して復習する。誤答肢のパターンを比較表に整理して復習する。誤答肢を比較表に書き出す。,総会決議とは何ですか？,学習の次段：「マンション標準管理規約」と比較表で整理し、numbers / compare から過去問へ。関連用語ハブと比較ページへ進んで定着を確認する。関連用語ハブと比較ページへ進んで定着を確認する。関連用語ハブと比較ページへ進んで定着を確認する。用語ハブ compare へ進む。,総会決議とは何ですか？
総会決議事項,標準管理規約,標準管理規約;頻出;総会,総会のみ決議する事項と理事会専決の区分。,総会決議事項は、総会のみ決議する事項と理事会専決の区分。管理組合の運営ルールのモデル。総会・理事会・決議要件が頻出。,マンション標準管理規約;理事長;総会決議,標準管理規約,A,過去問では総会決議事項の定義・要件・効果を条文・規約根拠と対応づけるが問われます。総会決議事項を類似語と同一視する選択肢に注意してください。総会のみ決議する事項と理事会専決の区分。管理業務主任者試験では、標準管理規約を。,総会決議事項とは？管理業務主任者試験で押さえる意味と試験ポイント,総会決議事項の意味と管理業務主任者試験での判定ポイントを、標準管理規約の文脈で整理します。総会決議事項は、総会のみ決議する事項と理事会専決の区分。管理組合の運営ルールのモデル。総会・理事会・決議要件が頻出。,"総会のみ決議する事項と理事会専決の区分。管理業務主任者試験では、標準管理規約を根拠に定義・要件・効果を問う問題が出ます。

実務・試験ともに「総会決議事項の定義・要件・効果を条文・規約根拠と対応づける」が判断の軸になります。選択肢では総会決議事項を類似語と同一視する肢が多いため、要件の欠けた肢を消去する思考が有効です。

総会決議事項はマンション標準管理規約、理事長、総会決議とセットで整理すると理解が定着します。管業マスターの過去問・実践演習で標準管理規約フィルタを使い、関連問題を解き直してください。","<table class=""seo-info-table""><thead><tr><th>比較</th><th>総会決議事項</th><th>マンション標準管理規約</th></tr></thead><tbody><tr><th>覚え方</th><td>総会決議事項の定義・要件・効果を条文・規約根拠と対応づける</td><td>関連ページで対比</td></tr></tbody></table>",総会決議事項の定義・要件・効果を条文・規約根拠と対応づける;標準管理規約の根拠を明示できる;関連語（マンション標準管理規約、理事長、総会決議）との違いを説明できる,総会決議事項を類似語と同一視する;要件の一部だけ暗記して判断する;最新の改正・規約改定を見落とす。,総会決議事項＝標準管理規約。マンション標準管理規約と表で対比。,総会決議事項に関する次の記述のうち、最も適切でないものはどれか。,総会決議事項の定義・要件・効果を条文・規約根拠と対応づける。総会決議事項を類似語と同一視するとする記述が誤りになりやすい。,総会決議事項の定義を試験用に一言で言うと？,「総会決議事項の定義を試験用に一言で言うと？」への答え：総会のみ決議する事項と理事会専決の区分。根拠は標準管理規約。条文番号と要件をメモに書き出して確認する。条文番号と要件をメモに書き出して確認する。条文番号と要件をメモに書き出して確認する。公式テキスト該当章を開く。,総会決議事項と混同しやすい論点は？,試験の出方：標準管理規約の根拠を明示できる。四択では条件の主語と効果を分離して読む。過去問で出題形式と正答率を週1回チェックする。過去問で出題形式と正答率を週1回チェックする。過去問で出題形式と正答率を週1回チェックする。過去問で出題形式と正答率を週1回チェックする。過去問1問で正答率を記録する。,誤答の典型：総会決議事項を類似語と同一視する;要件の一部だけ暗記して判断する;最新の改正・規約改定を見落とす。一語差の選択肢に注意。誤答肢のパターンを比較表に整理して復習する。誤答肢のパターンを比較表に整理して復習する。誤答肢のパターンを比較表に整理して復習する。誤答肢を比較表に書き出す。,総会決議事項とは何ですか？,学習の次段：「マンション標準管理規約」と比較表で整理し、numbers / compare から過去問へ。関連用語ハブと比較ページへ進んで定着を確認する。関連用語ハブと比較ページへ進んで定着を確認する。関連用語ハブと比較ページへ進んで定着を確認する。用語ハブ compare へ進む。,総会決議事項とは何ですか？
総会決議要件,標準管理規約,標準管理規約;頻出;総会,5分の1・4分の3・5分の4等、事項ごとの要件整理が必須。,総会決議要件は、5分の1・4分の3・5分の4等、事項ごとの要件整理が必須。管理組合の運営ルールのモデル。総会・理事会・決議要件が頻出。,マンション標準管理規約;理事長;総会決議,標準管理規約,A,過去問では総会決議要件の定義・要件・効果を条文・規約根拠と対応づけるが問われます。総会決議要件を類似語と同一視する選択肢に注意してください。5分の1・4分の3・5分の4等、事項ごとの要件整理が必須。管理業務主任者試験で。,総会決議要件とは？管理業務主任者試験で押さえる意味と試験ポイント,総会決議要件の意味と管理業務主任者試験での判定ポイントを、標準管理規約の文脈で整理します。総会決議要件は、5分の1・4分の3・5分の4等、事項ごとの要件整理が必須。管理組合の運営ルールのモデル。総会・理事会・決議要件が頻出。,"5分の1・4分の3・5分の4等、事項ごとの要件整理が必須。管理業務主任者試験では、標準管理規約を根拠に定義・要件・効果を問う問題が出ます。

実務・試験ともに「総会決議要件の定義・要件・効果を条文・規約根拠と対応づける」が判断の軸になります。選択肢では総会決議要件を類似語と同一視する肢が多いため、要件の欠けた肢を消去する思考が有効です。

総会決議要件はマンション標準管理規約、理事長、総会決議とセットで整理すると理解が定着します。管業マスターの過去問・実践演習で標準管理規約フィルタを使い、関連問題を解き直してください。","<table class=""seo-info-table""><thead><tr><th>比較</th><th>総会決議要件</th><th>マンション標準管理規約</th></tr></thead><tbody><tr><th>覚え方</th><td>総会決議要件の定義・要件・効果を条文・規約根拠と対応づける</td><td>関連ページで対比</td></tr></tbody></table>",総会決議要件の定義・要件・効果を条文・規約根拠と対応づける;標準管理規約の根拠を明示できる;関連語（マンション標準管理規約、理事長、総会決議）との違いを説明できる,総会決議要件を類似語と同一視する;要件の一部だけ暗記して判断する;最新の改正・規約改定を見落とす。,総会決議要件＝標準管理規約。マンション標準管理規約と表で対比。,総会決議要件に関する次の記述のうち、最も適切でないものはどれか。,総会決議要件の定義・要件・効果を条文・規約根拠と対応づける。総会決議要件を類似語と同一視するとする記述が誤りになりやすい。,総会決議要件の定義を試験用に一言で言うと？,「総会決議要件の定義を試験用に一言で言うと？」への答え：5分の1・4分の3・5分の4等、事項ごとの要件整理が必須。根拠は標準管理規約。条文番号と要件をメモに書き出して確認する。条文番号と要件をメモに書き出して確認する。条文番号と要件をメモに書き出して確認する。公式テキスト該当章を開く。,総会決議要件と混同しやすい論点は？,試験の出方：標準管理規約の根拠を明示できる。四択では条件の主語と効果を分離して読む。過去問で出題形式と正答率を週1回チェックする。過去問で出題形式と正答率を週1回チェックする。過去問で出題形式と正答率を週1回チェックする。過去問で出題形式と正答率を週1回チェックする。過去問1問で正答率を記録する。,誤答の典型：総会決議要件を類似語と同一視する;要件の一部だけ暗記して判断する;最新の改正・規約改定を見落とす。一語差の選択肢に注意。誤答肢のパターンを比較表に整理して復習する。誤答肢のパターンを比較表に整理して復習する。誤答肢のパターンを比較表に整理して復習する。誤答肢を比較表に書き出す。,総会決議要件とは何ですか？,学習の次段：「マンション標準管理規約」と比較表で整理し、numbers / compare から過去問へ。関連用語ハブと比較ページへ進んで定着を確認する。関連用語ハブと比較ページへ進んで定着を確認する。関連用語ハブと比較ページへ進んで定着を確認する。用語ハブ compare へ進む。,総会決議要件とは何ですか？
義務違反者への措置,標準管理規約,標準管理規約;頻出;実務,規約違反者への警告・損害賠償請求等。,義務違反者への措置は、規約違反者への警告・損害賠償請求等。管理組合の運営ルールのモデル。総会・理事会・決議要件が頻出。,マンション標準管理規約;理事長;総会決議,標準管理規約,A,過去問では義務違反者への措置の定義・要件・効果を条文・規約根拠と対応づけるが問われます。義務違反者への措置を類似語と同一視する選択肢に注意してください。規約違反者への警告・損害賠償請求等。管理業務主任者試験では、標準管理規約を根拠。,義務違反者への措置とは？管理業務主任者試験で押さえる意味と試験ポイント,義務違反者への措置の意味と管理業務主任者試験での判定ポイントを、標準管理規約の文脈で整理します。義務違反者への措置は、規約違反者への警告・損害賠償請求等。管理組合の運営ルールのモデル。総会・理事会・決議要件が頻出。,"規約違反者への警告・損害賠償請求等。管理業務主任者試験では、標準管理規約を根拠に定義・要件・効果を問う問題が出ます。

実務・試験ともに「義務違反者への措置の定義・要件・効果を条文・規約根拠と対応づける」が判断の軸になります。選択肢では義務違反者への措置を類似語と同一視する肢が多いため、要件の欠けた肢を消去する思考が有効です。

義務違反者への措置はマンション標準管理規約、理事長、総会決議とセットで整理すると理解が定着します。管業マスターの過去問・実践演習で標準管理規約フィルタを使い、関連問題を解き直してください。","<table class=""seo-info-table""><thead><tr><th>比較</th><th>義務違反者への措置</th><th>マンション標準管理規約</th></tr></thead><tbody><tr><th>覚え方</th><td>義務違反者への措置の定義・要件・効果を条文・規約根拠と対応づける</td><td>関連ページで対比</td></tr></tbody></table>",義務違反者への措置の定義・要件・効果を条文・規約根拠と対応づける;標準管理規約の根拠を明示できる;関連語（マンション標準管理規約、理事長、総会決議）との違いを説明できる,義務違反者への措置を類似語と同一視する;要件の一部だけ暗記して判断する;最新の改正・規約改定を見落とす。,義務違反者への措置＝標準管理規約。マンション標準管理規約と表で対比。,義務違反者への措置に関する次の記述のうち、最も適切でないものはどれか。,義務違反者への措置の定義・要件・効果を条文・規約根拠と対応づける。義務違反者への措置を類似語と同一視するとする記述が誤りになりやすい。,義務違反者への措置の定義を試験用に一言で言うと？,「義務違反者への措置の定義を試験用に一言で言うと？」への答え：規約違反者への警告・損害賠償請求等。根拠は標準管理規約。条文番号と要件をメモに書き出して確認する。条文番号と要件をメモに書き出して確認する。条文番号と要件をメモに書き出して確認する。公式テキスト該当章を開く。,義務違反者への措置と混同しやすい論点は？,試験の出方：標準管理規約の根拠を明示できる。四択では条件の主語と効果を分離して読む。過去問で出題形式と正答率を週1回チェックする。過去問で出題形式と正答率を週1回チェックする。過去問で出題形式と正答率を週1回チェックする。過去問で出題形式と正答率を週1回チェックする。過去問1問で正答率を記録する。,誤答の典型：義務違反者への措置を類似語と同一視する;要件の一部だけ暗記して判断する;最新の改正・規約改定を見落とす。一語差の選択肢に注意。誤答肢のパターンを比較表に整理して復習する。誤答肢のパターンを比較表に整理して復習する。誤答肢のパターンを比較表に整理して復習する。誤答肢を比較表に書き出す。,義務違反者への措置とは何ですか？,学習の次段：「マンション標準管理規約」と比較表で整理し、numbers / compare から過去問へ。関連用語ハブと比較ページへ進んで定着を確認する。関連用語ハブと比較ページへ進んで定着を確認する。関連用語ハブと比較ページへ進んで定着を確認する。用語ハブ compare へ進む。,義務違反者への措置とは何ですか？
耐震基準,建築・設備,建築・設備;構造,耐震基準は建築・設備分野では建築基準法に関する重要概念です。,耐震基準は、耐震基準は建築・設備分野では建築基準法に関する重要概念です。建築基準法・消防法・昇降機規則等に基づく建物・設備の安全と維持。,建築基準法;エレベーター;昇降機,建築基準法,B,過去問では耐震基準の定義・要件・効果を条文・規約根拠と対応づけるが問われます。耐震基準を類似語と同一視する選択肢に注意してください。耐震基準は建築・設備分野では建築基準法に関する重要概念です。管理業務主任者。,耐震基準とは？管理業務主任者で押さえる意味と試験ポイント,耐震基準の意味と管理業務主任者試験での判定ポイントを、建築基準法の文脈で整理します。耐震基準は、耐震基準は建築・設備分野では建築基準法に関する重要概念です。建築基準法・消防法・昇降機規則等に基づく建物・設備の安全と維持。,"耐震基準は建築・設備分野では建築基準法に関する重要概念です。管理業務主任者試験では、建築基準法を根拠に定義・要件・効果を問う問題が出ます。

実務・試験ともに「耐震基準の定義・要件・効果を条文・規約根拠と対応づける」が判断の軸になります。選択肢では耐震基準を類似語と同一視する肢が多いため、要件の欠けた肢を消去する思考が有効です。

耐震基準は建築基準法、エレベーター、昇降機とセットで整理すると理解が定着します。管業マスターの過去問・実践演習で建築・設備フィルタを使い、関連問題を解き直してください。","<table class=""seo-info-table""><thead><tr><th>比較</th><th>耐震基準</th><th>建築基準法</th></tr></thead><tbody><tr><th>覚え方</th><td>耐震基準の定義・要件・効果を条文・規約根拠と対応づける</td><td>関連ページで対比</td></tr></tbody></table>",耐震基準の定義・要件・効果を条文・規約根拠と対応づける;建築基準法の根拠を明示できる;関連語（建築基準法、エレベーター、昇降機）との違いを説明できる,耐震基準を類似語と同一視する;要件の一部だけ暗記して判断する;最新の改正・規約改定を見落とす。,耐震基準＝建築基準法。建築基準法と表で対比。（関連用語とセットで暗記）。,耐震基準に関する次の記述のうち、最も適切でないものはどれか。,耐震基準の定義・要件と照らし、条件を満たさない選択肢を選ぶ。,耐震基準の定義を試験用に一言で言うと？,「耐震基準の定義を試験用に一言で言うと？」への答え：耐震基準は建築・設備分野では建築基準法に関する重要概念です。根拠は建築基準法。条文番号と要件をメモに書き出して確認する。条文番号と要件をメモに書き出して確認する。条文番号と要件をメモに書き出して確認する。公式テキスト該当章を開く。,耐震基準と混同しやすい論点は？,試験の出方：建築基準法の根拠を明示できる。四択では条件の主語と効果を分離して読む。過去問で出題形式と正答率を週1回チェックする。過去問で出題形式と正答率を週1回チェックする。過去問で出題形式と正答率を週1回チェックする。過去問で出題形式と正答率を週1回チェックする。過去問1問で正答率を記録する。,誤答の典型：耐震基準を類似語と同一視する;要件の一部だけ暗記して判断する;最新の改正・規約改定を見落とす。一語差の選択肢に注意。誤答肢のパターンを比較表に整理して復習する。誤答肢のパターンを比較表に整理して復習する。誤答肢のパターンを比較表に整理して復習する。誤答肢を比較表に書き出す。,耐震基準とは何ですか？,学習の次段：「建築基準法」と比較表で整理し、numbers / compare から過去問へ。関連用語ハブと比較ページへ進んで定着を確認する。関連用語ハブと比較ページへ進んで定着を確認する。関連用語ハブと比較ページへ進んで定着を確認する。関連用語ハブと比較ページへ進んで定着を確認する。用語ハブ compare へ進む。,耐震基準とは何ですか？
耐震対策,建築・設備,建築・設備;頻出;耐震,耐震診断・補強。建替え判断の材料。,耐震対策は、耐震診断・補強。建替え判断の材料。建築基準法・消防法・昇降機規則等に基づく建物・設備の安全と維持。,建築基準法;エレベーター;昇降機,建築基準法,A,過去問では耐震対策の定義・要件・効果を条文・規約根拠と対応づけるが問われます。耐震対策を類似語と同一視する選択肢に注意してください。耐震診断・補強。建替え判断の材料。管理業務主任者試験では、建築基準法を根拠に定。,耐震対策とは？管理業務主任者で押さえる意味と試験ポイント,耐震対策の意味と管理業務主任者試験での判定ポイントを、建築基準法の文脈で整理します。耐震対策は、耐震診断・補強。建替え判断の材料。建築基準法・消防法・昇降機規則等に基づく建物・設備の安全と維持。,"耐震診断・補強。建替え判断の材料。管理業務主任者試験では、建築基準法を根拠に定義・要件・効果を問う問題が出ます。

実務・試験ともに「耐震対策の定義・要件・効果を条文・規約根拠と対応づける」が判断の軸になります。選択肢では耐震対策を類似語と同一視する肢が多いため、要件の欠けた肢を消去する思考が有効です。

耐震対策は建築基準法、エレベーター、昇降機とセットで整理すると理解が定着します。管業マスターの過去問・実践演習で建築・設備フィルタを使い、関連問題を解き直してください。","<table class=""seo-info-table""><thead><tr><th>比較</th><th>耐震対策</th><th>建築基準法</th></tr></thead><tbody><tr><th>覚え方</th><td>耐震対策の定義・要件・効果を条文・規約根拠と対応づける</td><td>関連ページで対比</td></tr></tbody></table>",耐震対策の定義・要件・効果を条文・規約根拠と対応づける;建築基準法の根拠を明示できる;関連語（建築基準法、エレベーター、昇降機）との違いを説明できる,耐震対策を類似語と同一視する;要件の一部だけ暗記して判断する;最新の改正・規約改定を見落とす。,耐震対策＝建築基準法。建築基準法と表で対比。（関連用語とセットで暗記）。,耐震対策に関する次の記述のうち、最も適切でないものはどれか。,耐震対策の定義・要件・効果を条文・規約根拠と対応づける。耐震対策を類似語と同一視するとする記述が誤りになりやすい。,耐震対策の定義を試験用に一言で言うと？,「耐震対策の定義を試験用に一言で言うと？」への答え：耐震診断・補強。建替え判断の材料。根拠は建築基準法。条文番号と要件をメモに書き出して確認する。条文番号と要件をメモに書き出して確認する。条文番号と要件をメモに書き出して確認する。条文番号と要件をメモに書き出して確認する。公式テキスト該当章を開く。,耐震対策と混同しやすい論点は？,試験の出方：建築基準法の根拠を明示できる。四択では条件の主語と効果を分離して読む。過去問で出題形式と正答率を週1回チェックする。過去問で出題形式と正答率を週1回チェックする。過去問で出題形式と正答率を週1回チェックする。過去問で出題形式と正答率を週1回チェックする。過去問1問で正答率を記録する。,誤答の典型：耐震対策を類似語と同一視する;要件の一部だけ暗記して判断する;最新の改正・規約改定を見落とす。一語差の選択肢に注意。誤答肢のパターンを比較表に整理して復習する。誤答肢のパターンを比較表に整理して復習する。誤答肢のパターンを比較表に整理して復習する。誤答肢を比較表に書き出す。,耐震対策とは何ですか？,学習の次段：「建築基準法」と比較表で整理し、numbers / compare から過去問へ。関連用語ハブと比較ページへ進んで定着を確認する。関連用語ハブと比較ページへ進んで定着を確認する。関連用語ハブと比較ページへ進んで定着を確認する。関連用語ハブと比較ページへ進んで定着を確認する。用語ハブ compare へ進む。,耐震対策とは何ですか？
臨時委託業務,標準管理委託契約書・指針,標準管理委託契約書・指針;頻出,定例外の委託業務。事前協議・費用負担。,臨時委託業務は、定例外の委託業務。事前協議・費用負担。管理委託契約の標準条項。委託費・業務範囲・再委託。,マンション標準管理委託契約書;定額委託業務費;アフターサービス,標準管理委託契約書,A,過去問では臨時委託業務の定義・要件・効果を条文・規約根拠と対応づけるが問われます。臨時委託業務を類似語と同一視する選択肢に注意してください。定例外の委託業務。事前協議・費用負担。管理業務主任者試験では、標準管理委託契約。,臨時委託業務とは？管理業務主任者試験で押さえる意味と試験ポイント,臨時委託業務の意味と管理業務主任者試験での判定ポイントを、標準管理委託契約書の文脈で整理します。臨時委託業務は、定例外の委託業務。事前協議・費用負担。管理委託契約の標準条項。委託費・業務範囲・再委託。,"定例外の委託業務。事前協議・費用負担。管理業務主任者試験では、標準管理委託契約書を根拠に定義・要件・効果を問う問題が出ます。

実務・試験ともに「臨時委託業務の定義・要件・効果を条文・規約根拠と対応づける」が判断の軸になります。選択肢では臨時委託業務を類似語と同一視する肢が多いため、要件の欠けた肢を消去する思考が有効です。

臨時委託業務はマンション標準管理委託契約書、定額委託業務費、アフターサービスとセットで整理すると理解が定着します。管業マスターの過去問・実践演習で標準管理委託契約書・指針フィルタを使い、関連問題を解き直してください。","<table class=""seo-info-table""><thead><tr><th>比較</th><th>臨時委託業務</th><th>マンション標準管理委託契約書</th></tr></thead><tbody><tr><th>覚え方</th><td>臨時委託業務の定義・要件・効果を条文・規約根拠と対応づける</td><td>関連ページで対比</td></tr></tbody></table>",臨時委託業務の定義・要件・効果を条文・規約根拠と対応づける;標準管理委託契約書の根拠を明示できる;関連語（マンション標準管理委託契約書、定額委託業務費、アフターサービス）との違いを説明できる,臨時委託業務を類似語と同一視する;要件の一部だけ暗記して判断する;最新の改正・規約改定を見落とす。,臨時委託業務＝標準管理委託契約書。マンション標準管理委託契約書と表で対比。,臨時委託業務に関する次の記述のうち、最も適切でないものはどれか。,臨時委託業務の定義・要件・効果を条文・規約根拠と対応づける。臨時委託業務を類似語と同一視するとする記述が誤りになりやすい。,臨時委託業務の定義を試験用に一言で言うと？,「臨時委託業務の定義を試験用に一言で言うと？」への答え：定例外の委託業務。事前協議・費用負担。根拠は標準管理委託契約書。条文番号と要件をメモに書き出して確認する。条文番号と要件をメモに書き出して確認する。条文番号と要件をメモに書き出して確認する。公式テキスト該当章を開く。,臨時委託業務と混同しやすい論点は？,試験の出方：標準管理委託契約書の根拠を明示できる。四択では条件の主語と効果を分離して読む。過去問で出題形式と正答率を週1回チェックする。過去問で出題形式と正答率を週1回チェックする。過去問で出題形式と正答率を週1回チェックする。過去問で出題形式と正答率を週1回チェックする。過去問1問で正答率を記録する。,誤答の典型：臨時委託業務を類似語と同一視する;要件の一部だけ暗記して判断する;最新の改正・規約改定を見落とす。一語差の選択肢に注意。誤答肢のパターンを比較表に整理して復習する。誤答肢のパターンを比較表に整理して復習する。誤答肢のパターンを比較表に整理して復習する。誤答肢を比較表に書き出す。,臨時委託業務とは何ですか？,学習の次段：「マンション標準管理委託契約書」と比較表で整理し、numbers / compare から過去問へ。関連用語ハブと比較ページへ進んで定着を確認する。関連用語ハブと比較ページへ進んで定着を確認する。関連用語ハブと比較ページへ進んで定着を確認する。用語ハブ compare へ進む。,臨時委託業務とは何ですか？
臨時委託業務費,標準管理委託契約書・指針,標準管理委託契約書・指針;頻出;会計,臨時業務の対価。事前協議。,"臨時委託業務費は、臨時業務の対価。事前協議。管理委託契約の標準条項。委託費・業務範囲・再委託。臨時業務の対価。事前協議。管理業務主任者試験では、標準管理委託契約書を根拠に定義・要件・効果を問う問題が出ます。

実務・試験ともに「臨時委託業務費の定義・要件・効果を条文・規約根拠と対応づける」が判断の軸になります。選択肢では臨時委託業。",マンション標準管理委託契約書;定額委託業務費;臨時委託業務,標準管理委託契約書,A,過去問では臨時委託業務費の定義・要件・効果を条文・規約根拠と対応づけるが問われます。臨時委託業務費を類似語と同一視する選択肢に注意してください。臨時業務の対価。事前協議。管理業務主任者試験では、標準管理委託契約書を根拠に定。,臨時委託業務費とは？管理業務主任者試験で押さえる意味と試験ポイント,"臨時委託業務費の意味と管理業務主任者試験での判定ポイントを、標準管理委託契約書の文脈で整理します。臨時委託業務費は、臨時業務の対価。事前協議。管理委託契約の標準条項。委託費・業務範囲・再委託。臨時業務の対価。事前協議。管理業務主任者試験では、標準管理委託契約書を根拠に定義・要件・効果を問う問題が出ます。

実務・試験ともに「臨時委託業務費の定義・要件・効果を条文・規約根拠と対応づける」が判断の軸になります。選択肢では臨時委託業。","臨時業務の対価。事前協議。管理業務主任者試験では、標準管理委託契約書を根拠に定義・要件・効果を問う問題が出ます。

実務・試験ともに「臨時委託業務費の定義・要件・効果を条文・規約根拠と対応づける」が判断の軸になります。選択肢では臨時委託業務費を類似語と同一視する肢が多いため、要件の欠けた肢を消去する思考が有効です。

臨時委託業務費はマンション標準管理委託契約書、定額委託業務費、臨時委託業務とセットで整理すると理解が定着します。管業マスターの過去問・実践演習で標準管理委託契約書・指針フィルタを使い、関連問題を解き直してください。","<table class=""seo-info-table""><thead><tr><th>比較</th><th>臨時委託業務費</th><th>マンション標準管理委託契約書</th></tr></thead><tbody><tr><th>覚え方</th><td>臨時委託業務費の定義・要件・効果を条文・規約根拠と対応づける</td><td>関連ページで対比</td></tr></tbody></table>",臨時委託業務費の定義・要件・効果を条文・規約根拠と対応づける;標準管理委託契約書の根拠を明示できる;関連語（マンション標準管理委託契約書、定額委託業務費、臨時委託業務）との違いを説明できる,臨時委託業務費を類似語と同一視する;要件の一部だけ暗記して判断する;最新の改正・規約改定を見落とす。,臨時委託業務費＝標準管理委託契約書。マンション標準管理委託契約書と表で対比。,臨時委託業務費に関する次の記述のうち、最も適切でないものはどれか。,臨時委託業務費の定義・要件・効果を条文・規約根拠と対応づける。臨時委託業務費を類似語と同一視するとする記述が誤りになりやすい。,臨時委託業務費の定義を試験用に一言で言うと？,「臨時委託業務費の定義を試験用に一言で言うと？」への答え：臨時業務の対価。事前協議。根拠は標準管理委託契約書。条文番号と要件をメモに書き出して確認する。条文番号と要件をメモに書き出して確認する。条文番号と要件をメモに書き出して確認する。条文番号と要件をメモに書き出して確認する。公式テキスト該当章を開く。,臨時委託業務費と混同しやすい論点は？,試験の出方：標準管理委託契約書の根拠を明示できる。四択では条件の主語と効果を分離して読む。過去問で出題形式と正答率を週1回チェックする。過去問で出題形式と正答率を週1回チェックする。過去問で出題形式と正答率を週1回チェックする。過去問で出題形式と正答率を週1回チェックする。過去問1問で正答率を記録する。,誤答の典型：臨時委託業務費を類似語と同一視する;要件の一部だけ暗記して判断する;最新の改正・規約改定を見落とす。一語差の選択肢に注意。誤答肢のパターンを比較表に整理して復習する。誤答肢のパターンを比較表に整理して復習する。誤答肢のパターンを比較表に整理して復習する。誤答肢を比較表に書き出す。,臨時委託業務費とは何ですか？,学習の次段：「マンション標準管理委託契約書」と比較表で整理し、numbers / compare から過去問へ。関連用語ハブと比較ページへ進んで定着を確認する。関連用語ハブと比較ページへ進んで定着を確認する。関連用語ハブと比較ページへ進んで定着を確認する。用語ハブ compare へ進む。,臨時委託業務費とは何ですか？
表見代理,民法・借地借家法,民法・借地借家法;代理,無権代理でも見た目から有権と信じさせた場合の効果（民法109条）。,表見代理は、無権代理でも見た目から有権と信じさせた場合の効果（民法109条）。民法・借地借家法の重要論点。,同時履行の抗弁;催告解除;無催告解除,民法第109条,B,過去問では基本表見・権限授与表見が問われます。無権代理と混同選択肢に注意してください。無権代理でも見た目から有権と信じさせた場合の効果（民法109条）。管理業務主任。,表見代理とは？管理業務主任者試験で押さえる意味と試験ポイント,表見代理の意味と管理業務主任者試験での判定ポイントを、民法第109条の文脈で整理します。表見代理は、無権代理でも見た目から有権と信じさせた場合の効果（民法109条）。民法・借地借家法の重要論点。,"無権代理でも見た目から有権と信じさせた場合の効果（民法109条）。管理業務主任者試験では、民法第109条を根拠に定義・要件・効果を問う問題が出ます。

実務・試験ともに「基本表見・権限授与表見」が判断の軸になります。選択肢では無権代理と混同肢が多いため、要件の欠けた肢を消去する思考が有効です。

表見代理は同時履行の抗弁、催告解除、無催告解除とセットで整理すると理解が定着します。管業マスターの過去問・実践演習で民法・借地借家法フィルタを使い、関連問題を解き直してください。","<table class=""seo-info-table""><thead><tr><th>比較項目</th><th>表見代理</th><th>無権代理</th></tr></thead><tbody><tr><th>第三者保護</th><td>善意無過失の第三者を保護</td><td>原則として本人は責任を負わない</td></tr><tr><th>本人の効果帰属</th><td>外観作出責任により帰属</td><td>追認がない限り帰属しない</td></tr></tbody></table>",基本表見・権限授与表見;民法第109条の根拠を明示できる;関連語（同時履行の抗弁、催告解除、無催告解除）との違いを説明できる,無権代理と混同;要件の一部だけ暗記して判断する;最新の改正・規約改定を見落とす （過去問で要注意）。,表見代理＝民法第109条。無権代理と表で対比。（関連用語とセットで暗記）。,表見代理に関する次の記述のうち、最も適切でないものはどれか。,表見代理の定義・要件と照らし、条件を満たさない選択肢を選ぶ。,表見代理の定義を試験用に一言で言うと？,「表見代理の定義を試験用に一言で言うと？」への答え：無権代理でも見た目から有権と信じさせた場合の効果（民法109条）。根拠は民法第109条。条文番号と要件をメモに書き出して確認する。条文番号と要件をメモに書き出して確認する。条文番号と要件をメモに書き出して確認する。公式テキスト該当章を開く。,表見代理と混同しやすい論点は？,試験の出方：民法第109条の根拠を明示できる。四択では条件の主語と効果を分離して読む。過去問で出題形式と正答率を週1回チェックする。過去問で出題形式と正答率を週1回チェックする。過去問で出題形式と正答率を週1回チェックする。過去問で出題形式と正答率を週1回チェックする。過去問1問で正答率を記録する。,誤答の典型：無権代理と混同;要件の一部だけ暗記して判断する;最新の改正・規約改定を見落とす （過去問で要注意）。一語差の選択肢に注意。誤答肢のパターンを比較表に整理して復習する。誤答肢のパターンを比較表に整理して復習する。誤答肢のパターンを比較表に整理して復習する。誤答肢を比較表に書き出す。,表見代理とは何ですか？,学習の次段：「同時履行の抗弁」と比較表で整理し、numbers / compare から過去問へ。関連用語ハブと比較ページへ進んで定着を確認する。関連用語ハブと比較ページへ進んで定着を確認する。関連用語ハブと比較ページへ進んで定着を確認する。用語ハブ compare へ進む。,表見代理とは何ですか？
規約の効力,標準管理規約,標準管理規約;基本,規約の効力は標準管理規約分野では標準管理規約に関する重要概念です。,規約の効力は、規約の効力は標準管理規約分野では標準管理規約に関する重要概念です。管理組合の運営ルールのモデル。総会・理事会・決議要件が頻出。,マンション標準管理規約;理事長;総会決議,標準管理規約,B,過去問では規約の効力の定義・要件・効果を条文・規約根拠と対応づけるが問われます。規約の効力を類似語と同一視する選択肢に注意してください。規約の効力は標準管理規約分野では標準管理規約に関する重要概念です。管理業務。,規約の効力とは？管理業務主任者試験で押さえる意味と試験ポイント,規約の効力の意味と管理業務主任者試験での判定ポイントを、標準管理規約の文脈で整理します。規約の効力は、規約の効力は標準管理規約分野では標準管理規約に関する重要概念です。管理組合の運営ルールのモデル。総会・理事会・決議要件が頻出。,"規約の効力は標準管理規約分野では標準管理規約に関する重要概念です。管理業務主任者試験では、標準管理規約を根拠に定義・要件・効果を問う問題が出ます。

実務・試験ともに「規約の効力の定義・要件・効果を条文・規約根拠と対応づける」が判断の軸になります。選択肢では規約の効力を類似語と同一視する肢が多いため、要件の欠けた肢を消去する思考が有効です。

規約の効力はマンション標準管理規約、理事長、総会決議とセットで整理すると理解が定着します。管業マスターの過去問・実践演習で標準管理規約フィルタを使い、関連問題を解き直してください。","<table class=""seo-info-table""><thead><tr><th>比較</th><th>規約の効力</th><th>マンション標準管理規約</th></tr></thead><tbody><tr><th>覚え方</th><td>規約の効力の定義・要件・効果を条文・規約根拠と対応づける</td><td>関連ページで対比</td></tr></tbody></table>",規約の効力の定義・要件・効果を条文・規約根拠と対応づける;標準管理規約の根拠を明示できる;関連語（マンション標準管理規約、理事長、総会決議）との違いを説明できる,規約の効力を類似語と同一視する;要件の一部だけ暗記して判断する;最新の改正・規約改定を見落とす。,規約の効力＝標準管理規約。マンション標準管理規約と表で対比。,規約の効力に関する次の記述のうち、最も適切でないものはどれか。,規約の効力の定義・要件と照らし、条件を満たさない選択肢を選ぶ。,規約の効力の定義を試験用に一言で言うと？,「規約の効力の定義を試験用に一言で言うと？」への答え：規約の効力は標準管理規約分野では標準管理規約に関する重要概念です。根拠は標準管理規約。条文番号と要件をメモに書き出して確認する。条文番号と要件をメモに書き出して確認する。条文番号と要件をメモに書き出して確認する。公式テキスト該当章を開く。,規約の効力と混同しやすい論点は？,試験の出方：標準管理規約の根拠を明示できる。四択では条件の主語と効果を分離して読む。過去問で出題形式と正答率を週1回チェックする。過去問で出題形式と正答率を週1回チェックする。過去問で出題形式と正答率を週1回チェックする。過去問で出題形式と正答率を週1回チェックする。過去問1問で正答率を記録する。,誤答の典型：規約の効力を類似語と同一視する;要件の一部だけ暗記して判断する;最新の改正・規約改定を見落とす。一語差の選択肢に注意。誤答肢のパターンを比較表に整理して復習する。誤答肢のパターンを比較表に整理して復習する。誤答肢のパターンを比較表に整理して復習する。誤答肢を比較表に書き出す。,規約の効力とは何ですか？,学習の次段：「マンション標準管理規約」と比較表で整理し、numbers / compare から過去問へ。関連用語ハブと比較ページへ進んで定着を確認する。関連用語ハブと比較ページへ進んで定着を確認する。関連用語ハブと比較ページへ進んで定着を確認する。用語ハブ compare へ進む。,規約の効力とは何ですか？
規約の変更,区分所有法,区分所有法;頻出,管理規約の変更。原則5分の4以上の議決権（区法13条2項）。,規約の変更は、管理規約の変更。原則5分の4以上の議決権（区法13条2項）。マンション等の区分所有関係を定める基本法。専用部分・共用部分・管理組合が柱。,専有部分;共用部分;管理組合,区分所有法第13条,A,過去問では規約の変更の定義・要件・効果を条文・規約根拠と対応づけるが問われます。規約の変更を類似語と同一視する選択肢に注意してください。管理規約の変更。原則5分の4以上の議決権（区法13条2項）。管理業務主任者試験。,規約の変更とは？管理業務主任者試験で押さえる意味と試験ポイント,規約の変更の意味と管理業務主任者試験での判定ポイントを、区分所有法第13条の文脈で整理します。規約の変更は、管理規約の変更。原則5分の4以上の議決権（区法13条2項）。マンション等の区分所有関係を定める基本法。専用部分・共用部分・管理組合が柱。,"管理規約の変更。原則5分の4以上の議決権（区法13条2項）。管理業務主任者試験では、区分所有法第13条を根拠に定義・要件・効果を問う問題が出ます。

実務・試験ともに「規約の変更の定義・要件・効果を条文・規約根拠と対応づける」が判断の軸になります。選択肢では規約の変更を類似語と同一視する肢が多いため、要件の欠けた肢を消去する思考が有効です。

規約の変更は専有部分、共用部分、管理組合とセットで整理すると理解が定着します。管業マスターの過去問・実践演習で区分所有法フィルタを使い、関連問題を解き直してください。","<table class=""seo-info-table""><thead><tr><th>比較</th><th>規約の変更</th><th>専有部分</th></tr></thead><tbody><tr><th>覚え方</th><td>規約の変更の定義・要件・効果を条文・規約根拠と対応づける</td><td>関連ページで対比</td></tr></tbody></table>",規約の変更の定義・要件・効果を条文・規約根拠と対応づける;区分所有法第13条の根拠を明示できる;関連語（専有部分、共用部分、管理組合）との違いを説明できる,規約の変更を類似語と同一視する;要件の一部だけ暗記して判断する;最新の改正・規約改定を見落とす。,規約の変更＝区分所有法第13条。専有部分と表で対比。,規約の変更に関する次の記述のうち、最も適切でないものはどれか。,規約の変更の定義・要件・効果を条文・規約根拠と対応づける。規約の変更を類似語と同一視するとする記述が誤りになりやすい。,規約の変更の定義を試験用に一言で言うと？,「規約の変更の定義を試験用に一言で言うと？」への答え：管理規約の変更。原則5分の4以上の議決権（区法13条2項）。根拠は区分所有法第13条。条文番号と要件をメモに書き出して確認する。条文番号と要件をメモに書き出して確認する。条文番号と要件をメモに書き出して確認する。公式テキスト該当章を開く。,規約の変更と混同しやすい論点は？,試験の出方：区分所有法第13条の根拠を明示できる。四択では条件の主語と効果を分離して読む。過去問で出題形式と正答率を週1回チェックする。過去問で出題形式と正答率を週1回チェックする。過去問で出題形式と正答率を週1回チェックする。過去問で出題形式と正答率を週1回チェックする。過去問1問で正答率を記録する。,誤答の典型：規約の変更を類似語と同一視する;要件の一部だけ暗記して判断する;最新の改正・規約改定を見落とす。一語差の選択肢に注意。誤答肢のパターンを比較表に整理して復習する。誤答肢のパターンを比較表に整理して復習する。誤答肢のパターンを比較表に整理して復習する。誤答肢を比較表に書き出す。,規約の変更とは何ですか？,学習の次段：「専有部分」と比較表で整理し、numbers / compare から過去問へ。関連用語ハブと比較ページへ進んで定着を確認する。関連用語ハブと比較ページへ進んで定着を確認する。関連用語ハブと比較ページへ進んで定着を確認する。関連用語ハブと比較ページへ進んで定着を確認する。用語ハブ compare へ進む。,規約の変更とは何ですか？
規約の設定,標準管理規約,標準管理規約;基本,初回の管理規約設定。区分所有者全員の書面同意等（区法13条1項）。,規約の設定は、初回の管理規約設定。区分所有者全員の書面同意等（区法13条1項）。管理組合の運営ルールのモデル。総会・理事会・決議要件が頻出。,マンション標準管理規約;理事長;総会決議,標準管理規約,A,過去問では規約の設定の定義・要件・効果を条文・規約根拠と対応づけるが問われます。規約の設定を類似語と同一視する選択肢に注意してください。初回の管理規約設定。区分所有者全員の書面同意等（区法13条1項）。管理業務主任。,規約の設定とは？管理業務主任者試験で押さえる意味と試験ポイント,規約の設定の意味と管理業務主任者試験での判定ポイントを、標準管理規約の文脈で整理します。規約の設定は、初回の管理規約設定。区分所有者全員の書面同意等（区法13条1項）。管理組合の運営ルールのモデル。総会・理事会・決議要件が頻出。,"初回の管理規約設定。区分所有者全員の書面同意等（区法13条1項）。管理業務主任者試験では、標準管理規約を根拠に定義・要件・効果を問う問題が出ます。

実務・試験ともに「規約の設定の定義・要件・効果を条文・規約根拠と対応づける」が判断の軸になります。選択肢では規約の設定を類似語と同一視する肢が多いため、要件の欠けた肢を消去する思考が有効です。

規約の設定はマンション標準管理規約、理事長、総会決議とセットで整理すると理解が定着します。管業マスターの過去問・実践演習で標準管理規約フィルタを使い、関連問題を解き直してください。","<table class=""seo-info-table""><thead><tr><th>比較</th><th>規約の設定</th><th>マンション標準管理規約</th></tr></thead><tbody><tr><th>覚え方</th><td>規約の設定の定義・要件・効果を条文・規約根拠と対応づける</td><td>関連ページで対比</td></tr></tbody></table>",規約の設定の定義・要件・効果を条文・規約根拠と対応づける;標準管理規約の根拠を明示できる;関連語（マンション標準管理規約、理事長、総会決議）との違いを説明できる,規約の設定を類似語と同一視する;要件の一部だけ暗記して判断する;最新の改正・規約改定を見落とす。,規約の設定＝標準管理規約。マンション標準管理規約と表で対比。,規約の設定に関する次の記述のうち、最も適切でないものはどれか。,規約の設定の定義・要件・効果を条文・規約根拠と対応づける。規約の設定を類似語と同一視するとする記述が誤りになりやすい。,規約の設定の定義を試験用に一言で言うと？,「規約の設定の定義を試験用に一言で言うと？」への答え：初回の管理規約設定。区分所有者全員の書面同意等（区法13条1項）。根拠は標準管理規約。条文番号と要件をメモに書き出して確認する。条文番号と要件をメモに書き出して確認する。条文番号と要件をメモに書き出して確認する。公式テキスト該当章を開く。,規約の設定と混同しやすい論点は？,試験の出方：標準管理規約の根拠を明示できる。四択では条件の主語と効果を分離して読む。過去問で出題形式と正答率を週1回チェックする。過去問で出題形式と正答率を週1回チェックする。過去問で出題形式と正答率を週1回チェックする。過去問で出題形式と正答率を週1回チェックする。過去問1問で正答率を記録する。,誤答の典型：規約の設定を類似語と同一視する;要件の一部だけ暗記して判断する;最新の改正・規約改定を見落とす。一語差の選択肢に注意。誤答肢のパターンを比較表に整理して復習する。誤答肢のパターンを比較表に整理して復習する。誤答肢のパターンを比較表に整理して復習する。誤答肢を比較表に書き出す。,規約の設定とは何ですか？,学習の次段：「マンション標準管理規約」と比較表で整理し、numbers / compare から過去問へ。関連用語ハブと比較ページへ進んで定着を確認する。関連用語ハブと比較ページへ進んで定着を確認する。関連用語ハブと比較ページへ進んで定着を確認する。用語ハブ compare へ進む。,規約の設定とは何ですか？
規約共用部分,区分所有法,区分所有法;頻出;基本,規約で共用と定めた部分。専有部分との関係（区法2条）。,規約共用部分は、規約で共用と定めた部分。専有部分との関係（区法2条）。マンション等の区分所有関係を定める基本法。専用部分・共用部分・管理組合が柱。,専有部分;共用部分;管理組合,区分所有法第2条,A,過去問では規約共用部分の定義・要件・効果を条文・規約根拠と対応づけるが問われます。規約共用部分を類似語と同一視する選択肢に注意してください。規約で共用と定めた部分。専有部分との関係（区法2条）。管理業務主任者試験では、。,規約共用部分とは？管理業務主任者試験で押さえる意味と試験ポイント,規約共用部分の意味と管理業務主任者試験での判定ポイントを、区分所有法第2条の文脈で整理します。規約共用部分は、規約で共用と定めた部分。専有部分との関係（区法2条）。マンション等の区分所有関係を定める基本法。専用部分・共用部分・管理組合が柱。,"規約で共用と定めた部分。専有部分との関係（区法2条）。管理業務主任者試験では、区分所有法第2条を根拠に定義・要件・効果を問う問題が出ます。

実務・試験ともに「規約共用部分の定義・要件・効果を条文・規約根拠と対応づける」が判断の軸になります。選択肢では規約共用部分を類似語と同一視する肢が多いため、要件の欠けた肢を消去する思考が有効です。

規約共用部分は専有部分、共用部分、管理組合とセットで整理すると理解が定着します。管業マスターの過去問・実践演習で区分所有法フィルタを使い、関連問題を解き直してください。","<table class=""seo-info-table""><thead><tr><th>比較</th><th>規約共用部分</th><th>専有部分</th></tr></thead><tbody><tr><th>覚え方</th><td>規約共用部分の定義・要件・効果を条文・規約根拠と対応づける</td><td>関連ページで対比</td></tr></tbody></table>",規約共用部分の定義・要件・効果を条文・規約根拠と対応づける;区分所有法第2条の根拠を明示できる;関連語（専有部分、共用部分、管理組合）との違いを説明できる,規約共用部分を類似語と同一視する;要件の一部だけ暗記して判断する;最新の改正・規約改定を見落とす。,規約共用部分＝区分所有法第2条。専有部分と表で対比。,規約共用部分に関する次の記述のうち、最も適切でないものはどれか。,規約共用部分の定義・要件・効果を条文・規約根拠と対応づける。規約共用部分を類似語と同一視するとする記述が誤りになりやすい。,規約共用部分の定義を試験用に一言で言うと？,「規約共用部分の定義を試験用に一言で言うと？」への答え：規約で共用と定めた部分。専有部分との関係（区法2条）。根拠は区分所有法第2条。条文番号と要件をメモに書き出して確認する。条文番号と要件をメモに書き出して確認する。条文番号と要件をメモに書き出して確認する。公式テキスト該当章を開く。,規約共用部分と混同しやすい論点は？,試験の出方：区分所有法第2条の根拠を明示できる。四択では条件の主語と効果を分離して読む。過去問で出題形式と正答率を週1回チェックする。過去問で出題形式と正答率を週1回チェックする。過去問で出題形式と正答率を週1回チェックする。過去問で出題形式と正答率を週1回チェックする。過去問1問で正答率を記録する。,誤答の典型：規約共用部分を類似語と同一視する;要件の一部だけ暗記して判断する;最新の改正・規約改定を見落とす。一語差の選択肢に注意。誤答肢のパターンを比較表に整理して復習する。誤答肢のパターンを比較表に整理して復習する。誤答肢のパターンを比較表に整理して復習する。誤答肢を比較表に書き出す。,規約共用部分とは何ですか？,学習の次段：「専有部分」と比較表で整理し、numbers / compare から過去問へ。関連用語ハブと比較ページへ進んで定着を確認する。関連用語ハブと比較ページへ進んで定着を確認する。関連用語ハブと比較ページへ進んで定着を確認する。関連用語ハブと比較ページへ進んで定着を確認する。用語ハブ compare へ進む。,規約共用部分とは何ですか？
規約改正,標準管理規約,標準管理規約;頻出,管理規約の変更。5分の4・特別の影響が論点。,規約改正は、管理規約の変更。5分の4・特別の影響が論点。管理組合の運営ルールのモデル。総会・理事会・決議要件が頻出。,マンション標準管理規約;理事長;総会決議,標準管理規約,A,過去問では規約改正の定義・要件・効果を条文・規約根拠と対応づけるが問われます。規約改正を類似語と同一視する選択肢に注意してください。管理規約の変更。5分の4・特別の影響が論点。管理業務主任者試験では、標準管理規。,規約改正とは？管理業務主任者試験で押さえる意味と試験ポイント,規約改正の意味と管理業務主任者試験での判定ポイントを、標準管理規約の文脈で整理します。規約改正は、管理規約の変更。5分の4・特別の影響が論点。管理組合の運営ルールのモデル。総会・理事会・決議要件が頻出。,"管理規約の変更。5分の4・特別の影響が論点。管理業務主任者試験では、標準管理規約を根拠に定義・要件・効果を問う問題が出ます。

実務・試験ともに「規約改正の定義・要件・効果を条文・規約根拠と対応づける」が判断の軸になります。選択肢では規約改正を類似語と同一視する肢が多いため、要件の欠けた肢を消去する思考が有効です。

規約改正はマンション標準管理規約、理事長、総会決議とセットで整理すると理解が定着します。管業マスターの過去問・実践演習で標準管理規約フィルタを使い、関連問題を解き直してください。","<table class=""seo-info-table""><thead><tr><th>比較</th><th>規約改正</th><th>マンション標準管理規約</th></tr></thead><tbody><tr><th>覚え方</th><td>規約改正の定義・要件・効果を条文・規約根拠と対応づける</td><td>関連ページで対比</td></tr></tbody></table>",規約改正の定義・要件・効果を条文・規約根拠と対応づける;標準管理規約の根拠を明示できる;関連語（マンション標準管理規約、理事長、総会決議）との違いを説明できる,規約改正を類似語と同一視する;要件の一部だけ暗記して判断する;最新の改正・規約改定を見落とす。,規約改正＝標準管理規約。マンション標準管理規約と表で対比。,規約改正に関する次の記述のうち、最も適切でないものはどれか。,規約改正の定義・要件・効果を条文・規約根拠と対応づける。規約改正を類似語と同一視するとする記述が誤りになりやすい。,規約改正の定義を試験用に一言で言うと？,「規約改正の定義を試験用に一言で言うと？」への答え：管理規約の変更。5分の4・特別の影響が論点。根拠は標準管理規約。条文番号と要件をメモに書き出して確認する。条文番号と要件をメモに書き出して確認する。条文番号と要件をメモに書き出して確認する。公式テキスト該当章を開く。,規約改正と混同しやすい論点は？,試験の出方：標準管理規約の根拠を明示できる。四択では条件の主語と効果を分離して読む。過去問で出題形式と正答率を週1回チェックする。過去問で出題形式と正答率を週1回チェックする。過去問で出題形式と正答率を週1回チェックする。過去問で出題形式と正答率を週1回チェックする。過去問1問で正答率を記録する。,誤答の典型：規約改正を類似語と同一視する;要件の一部だけ暗記して判断する;最新の改正・規約改定を見落とす。一語差の選択肢に注意。誤答肢のパターンを比較表に整理して復習する。誤答肢のパターンを比較表に整理して復習する。誤答肢のパターンを比較表に整理して復習する。誤答肢を比較表に書き出す。,規約改正とは何ですか？,学習の次段：「マンション標準管理規約」と比較表で整理し、numbers / compare から過去問へ。関連用語ハブと比較ページへ進んで定着を確認する。関連用語ハブと比較ページへ進んで定着を確認する。関連用語ハブと比較ページへ進んで定着を確認する。用語ハブ compare へ進む。,規約改正とは何ですか？
規約改正と特別の影響,判例・横断総合,判例・横断総合;頻出;規約,規約変更時の特別の影響と同意。,規約改正と特別の影響は、規約変更時の特別の影響と同意。判例・複数分野を横断する論点。比較整理が得点の鍵。,主徴費;管理不全;組合の法人格,標準管理規約,A,過去問では規約改正と特別の影響の定義・要件・効果を条文・規約根拠と対応づけるが問われます。規約改正と特別の影響を類似語と同一視する選択肢に注意してください。規約変更時の特別の影響と同意。管理業務主任者試験では、標準管理規約を根拠に定義。,規約改正と特別の影響とは？管理業務主任者試験で押さえる意味と試験ポイント,規約改正と特別の影響の意味と管理業務主任者試験での判定ポイントを、標準管理規約の文脈で整理します。規約改正と特別の影響は、規約変更時の特別の影響と同意。判例・複数分野を横断する論点。比較整理が得点の鍵。,"規約変更時の特別の影響と同意。管理業務主任者試験では、標準管理規約を根拠に定義・要件・効果を問う問題が出ます。

実務・試験ともに「規約改正と特別の影響の定義・要件・効果を条文・規約根拠と対応づける」が判断の軸になります。選択肢では規約改正と特別の影響を類似語と同一視する肢が多いため、要件の欠けた肢を消去する思考が有効です。

規約改正と特別の影響は主徴費、管理不全、組合の法人格とセットで整理すると理解が定着します。管業マスターの過去問・実践演習で判例・横断総合フィルタを使い、関連問題を解き直してください。","<table class=""seo-info-table""><thead><tr><th>比較</th><th>規約改正と特別の影響</th><th>主徴費</th></tr></thead><tbody><tr><th>覚え方</th><td>規約改正と特別の影響の定義・要件・効果を条文・規約根拠と対応づける</td><td>関連ページで対比</td></tr></tbody></table>",規約改正と特別の影響の定義・要件・効果を条文・規約根拠と対応づける;標準管理規約の根拠を明示できる;関連語（主徴費、管理不全、組合の法人格）との違いを説明できる,規約改正と特別の影響を類似語と同一視する;要件の一部だけ暗記して判断する;最新の改正・規約改定を見落とす。,規約改正と特別の影響＝標準管理規約。主徴費と表で対比。,規約改正と特別の影響に関する次の記述のうち、最も適切でないものはどれか。,規約改正と特別の影響の定義・要件・効果を条文・規約根拠と対応づける。規約改正と特別の影響を類似語と同一視するとする記述が誤りになりやすい。,規約改正と特別の影響の定義を試験用に一言で言うと？,「規約改正と特別の影響の定義を試験用に一言で言うと？」への答え：規約変更時の特別の影響と同意。根拠は標準管理規約。条文番号と要件をメモに書き出して確認する。条文番号と要件をメモに書き出して確認する。条文番号と要件をメモに書き出して確認する。公式テキスト該当章を開く。,規約改正と特別の影響と混同しやすい論点は？,試験の出方：標準管理規約の根拠を明示できる。四択では条件の主語と効果を分離して読む。過去問で出題形式と正答率を週1回チェックする。過去問で出題形式と正答率を週1回チェックする。過去問で出題形式と正答率を週1回チェックする。過去問で出題形式と正答率を週1回チェックする。過去問1問で正答率を記録する。,誤答の典型：規約改正と特別の影響を類似語と同一視する;要件の一部だけ暗記して判断する;最新の改正・規約改定を見落とす。一語差の選択肢に注意。誤答肢のパターンを比較表に整理して復習する。誤答肢のパターンを比較表に整理して復習する。誤答肢のパターンを比較表に整理して復習する。誤答肢を比較表に書き出す。,規約改正と特別の影響とは何ですか？,学習の次段：「主徴費」と比較表で整理し、numbers / compare から過去問へ。関連用語ハブと比較ページへ進んで定着を確認する。関連用語ハブと比較ページへ進んで定着を確認する。関連用語ハブと比較ページへ進んで定着を確認する。関連用語ハブと比較ページへ進んで定着を確認する。用語ハブ compare へ進む。,規約改正と特別の影響とは何ですか？
規約設定変更,標準管理規約,標準管理規約;頻出;規約,規約設定変更は標準管理規約分野では標準管理規約に関する重要概念です。,規約設定変更は、規約設定変更は標準管理規約分野では標準管理規約に関する重要概念です。管理組合の運営ルールのモデル。総会・理事会・決議要件が頻出。,マンション標準管理規約;理事長;総会決議,標準管理規約,A,過去問では規約設定変更の定義・要件・効果を条文・規約根拠と対応づけるが問われます。規約設定変更を類似語と同一視する選択肢に注意してください。規約設定変更は標準管理規約分野では標準管理規約に関する重要概念です。管理業。,規約設定変更とは？管理業務主任者試験で押さえる意味と試験ポイント,規約設定変更の意味と管理業務主任者試験での判定ポイントを、標準管理規約の文脈で整理します。規約設定変更は、規約設定変更は標準管理規約分野では標準管理規約に関する重要概念です。管理組合の運営ルールのモデル。総会・理事会・決議要件が頻出。,"規約設定変更は標準管理規約分野では標準管理規約に関する重要概念です。管理業務主任者試験では、標準管理規約を根拠に定義・要件・効果を問う問題が出ます。

実務・試験ともに「規約設定変更の定義・要件・効果を条文・規約根拠と対応づける」が判断の軸になります。選択肢では規約設定変更を類似語と同一視する肢が多いため、要件の欠けた肢を消去する思考が有効です。

規約設定変更はマンション標準管理規約、理事長、総会決議とセットで整理すると理解が定着します。管業マスターの過去問・実践演習で標準管理規約フィルタを使い、関連問題を解き直してください。","<table class=""seo-info-table""><thead><tr><th>比較</th><th>規約設定変更</th><th>マンション標準管理規約</th></tr></thead><tbody><tr><th>覚え方</th><td>規約設定変更の定義・要件・効果を条文・規約根拠と対応づける</td><td>関連ページで対比</td></tr></tbody></table>",規約設定変更の定義・要件・効果を条文・規約根拠と対応づける;標準管理規約の根拠を明示できる;関連語（マンション標準管理規約、理事長、総会決議）との違いを説明できる,規約設定変更を類似語と同一視する;要件の一部だけ暗記して判断する;最新の改正・規約改定を見落とす。,規約設定変更＝標準管理規約。マンション標準管理規約と表で対比。,規約設定変更に関する次の記述のうち、最も適切でないものはどれか。,規約設定変更の定義・要件・効果を条文・規約根拠と対応づける。規約設定変更を類似語と同一視するとする記述が誤りになりやすい。,規約設定変更の定義を試験用に一言で言うと？,「規約設定変更の定義を試験用に一言で言うと？」への答え：規約設定変更は標準管理規約分野では標準管理規約に関する重要概念です。根拠は標準管理規約。条文番号と要件をメモに書き出して確認する。条文番号と要件をメモに書き出して確認する。条文番号と要件をメモに書き出して確認する。公式テキスト該当章を開く。,規約設定変更と混同しやすい論点は？,試験の出方：標準管理規約の根拠を明示できる。四択では条件の主語と効果を分離して読む。過去問で出題形式と正答率を週1回チェックする。過去問で出題形式と正答率を週1回チェックする。過去問で出題形式と正答率を週1回チェックする。過去問で出題形式と正答率を週1回チェックする。過去問1問で正答率を記録する。,誤答の典型：規約設定変更を類似語と同一視する;要件の一部だけ暗記して判断する;最新の改正・規約改定を見落とす。一語差の選択肢に注意。誤答肢のパターンを比較表に整理して復習する。誤答肢のパターンを比較表に整理して復習する。誤答肢のパターンを比較表に整理して復習する。誤答肢を比較表に書き出す。,規約設定変更とは何ですか？,学習の次段：「マンション標準管理規約」と比較表で整理し、numbers / compare から過去問へ。関連用語ハブと比較ページへ進んで定着を確認する。関連用語ハブと比較ページへ進んで定着を確認する。関連用語ハブと比較ページへ進んで定着を確認する。用語ハブ compare へ進む。,規約設定変更とは何ですか？
解除と損害賠償,民法・借地借家法,民法・借地借家法;解除;頻出,解除後も損害賠償請求が可能な場合がある（民法545条）。,解除と損害賠償は、解除後も損害賠償請求が可能な場合がある（民法545条）。民法・借地借家法の重要論点。,同時履行の抗弁;催告解除;無催告解除,民法,B,過去問では解除と損害賠償の并存が問われます。解除すると賠償も消滅選択肢に注意してください。解除後も損害賠償請求が可能な場合がある（民法545条）。管理業務主任者試験では。,解除と損害賠償とは？管理業務主任者試験で押さえる意味と試験ポイント,解除と損害賠償の意味と管理業務主任者試験での判定ポイントを、民法の文脈で整理します。解除と損害賠償は、解除後も損害賠償請求が可能な場合がある（民法545条）。民法・借地借家法の重要論点。,"解除後も損害賠償請求が可能な場合がある（民法545条）。管理業務主任者試験では、民法を根拠に定義・要件・効果を問う問題が出ます。

実務・試験ともに「解除と損害賠償の并存」が判断の軸になります。選択肢では解除すると賠償も消滅肢が多いため、要件の欠けた肢を消去する思考が有効です。

解除と損害賠償は同時履行の抗弁、催告解除、無催告解除とセットで整理すると理解が定着します。管業マスターの過去問・実践演習で民法・借地借家法フィルタを使い、関連問題を解き直してください。",,解除と損害賠償の并存;民法の根拠を明示できる;関連語（同時履行の抗弁、催告解除、無催告解除）との違いを説明できる,解除すると賠償も消滅;要件の一部だけ暗記して判断する;最新の改正・規約改定を見落とす。,解除と損害賠償＝民法。損害賠償と表で対比。（関連用語とセットで暗記）。,解除と損害賠償に関する次の記述のうち、最も適切でないものはどれか。,解除と損害賠償の定義・要件と照らし、条件を満たさない選択肢を選ぶ。,解除と損害賠償の定義を試験用に一言で言うと？,「解除と損害賠償の定義を試験用に一言で言うと？」への答え：解除後も損害賠償請求が可能な場合がある（民法545条）。根拠は民法。条文番号と要件をメモに書き出して確認する。条文番号と要件をメモに書き出して確認する。条文番号と要件をメモに書き出して確認する。公式テキスト該当章を開く。,解除と損害賠償と混同しやすい論点は？,試験の出方：民法の根拠を明示できる。四択では条件の主語と効果を分離して読む。過去問で出題形式と正答率を週1回チェックする。過去問で出題形式と正答率を週1回チェックする。過去問で出題形式と正答率を週1回チェックする。過去問で出題形式と正答率を週1回チェックする。過去問1問で正答率を記録する。,誤答の典型：解除すると賠償も消滅;要件の一部だけ暗記して判断する;最新の改正・規約改定を見落とす。一語差の選択肢に注意。誤答肢のパターンを比較表に整理して復習する。誤答肢のパターンを比較表に整理して復習する。誤答肢のパターンを比較表に整理して復習する。誤答肢を比較表に書き出す。,解除と損害賠償とは何ですか？,学習の次段：「同時履行の抗弁」と比較表で整理し、numbers / compare から過去問へ。関連用語ハブと比較ページへ進んで定着を確認する。関連用語ハブと比較ページへ進んで定着を確認する。関連用語ハブと比較ページへ進んで定着を確認する。用語ハブ compare へ進む。,解除と損害賠償とは何ですか？
請負と委任の区別,判例・横断総合,判例・横断総合;頻出;契約,完成義務の有無が核心。修繕委託の類型判定で頻出。,請負と委任の区別は、完成義務の有無が核心。修繕委託の類型判定で頻出。判例・複数分野を横断する論点。比較整理が得点の鍵。,主徴費;管理不全;組合の法人格,民法,A,過去問では請負と委任の区別の定義・要件・効果を条文・規約根拠と対応づけるが問われます。請負と委任の区別を類似語と同一視する選択肢に注意してください。完成義務の有無が核心。修繕委託の類型判定で頻出。管理業務主任者試験では、民法を。,請負と委任の区別とは？管理業務主任者試験で押さえる意味と試験ポイント,請負と委任の区別の意味と管理業務主任者試験での判定ポイントを、民法の文脈で整理します。請負と委任の区別は、完成義務の有無が核心。修繕委託の類型判定で頻出。判例・複数分野を横断する論点。比較整理が得点の鍵。,"完成義務の有無が核心。修繕委託の類型判定で頻出。管理業務主任者試験では、民法を根拠に定義・要件・効果を問う問題が出ます。

実務・試験ともに「請負と委任の区別の定義・要件・効果を条文・規約根拠と対応づける」が判断の軸になります。選択肢では請負と委任の区別を類似語と同一視する肢が多いため、要件の欠けた肢を消去する思考が有効です。

請負と委任の区別は主徴費、管理不全、組合の法人格とセットで整理すると理解が定着します。管業マスターの過去問・実践演習で判例・横断総合フィルタを使い、関連問題を解き直してください。","<table class=""seo-info-table""><thead><tr><th>比較</th><th>請負と委任の区別</th><th>主徴費</th></tr></thead><tbody><tr><th>覚え方</th><td>請負と委任の区別の定義・要件・効果を条文・規約根拠と対応づける</td><td>関連ページで対比</td></tr></tbody></table>",請負と委任の区別の定義・要件・効果を条文・規約根拠と対応づける;民法の根拠を明示できる;関連語（主徴費、管理不全、組合の法人格）との違いを説明できる,請負と委任の区別を類似語と同一視する;要件の一部だけ暗記して判断する;最新の改正・規約改定を見落とす。,請負と委任の区別＝民法。主徴費と表で対比。（関連用語とセットで暗記）。,請負と委任の区別に関する次の記述のうち、最も適切でないものはどれか。,請負と委任の区別の定義・要件・効果を条文・規約根拠と対応づける。請負と委任の区別を類似語と同一視するとする記述が誤りになりやすい。,請負と委任の区別の定義を試験用に一言で言うと？,「請負と委任の区別の定義を試験用に一言で言うと？」への答え：完成義務の有無が核心。修繕委託の類型判定で頻出。根拠は民法。条文番号と要件をメモに書き出して確認する。条文番号と要件をメモに書き出して確認する。条文番号と要件をメモに書き出して確認する。公式テキスト該当章を開く。,請負と委任の区別と混同しやすい論点は？,試験の出方：民法の根拠を明示できる。四択では条件の主語と効果を分離して読む。過去問で出題形式と正答率を週1回チェックする。過去問で出題形式と正答率を週1回チェックする。過去問で出題形式と正答率を週1回チェックする。過去問で出題形式と正答率を週1回チェックする。過去問1問で正答率を記録する。,誤答の典型：請負と委任の区別を類似語と同一視する;要件の一部だけ暗記して判断する;最新の改正・規約改定を見落とす。一語差の選択肢に注意。誤答肢のパターンを比較表に整理して復習する。誤答肢のパターンを比較表に整理して復習する。誤答肢のパターンを比較表に整理して復習する。誤答肢を比較表に書き出す。,請負と委任の区別とは何ですか？,学習の次段：「主徴費」と比較表で整理し、numbers / compare から過去問へ。関連用語ハブと比較ページへ進んで定着を確認する。関連用語ハブと比較ページへ進んで定着を確認する。関連用語ハブと比較ページへ進んで定着を確認する。関連用語ハブと比較ページへ進んで定着を確認する。用語ハブ compare へ進む。,請負と委任の区別とは何ですか？
請負契約,民法・借地借家法,民法・借地借家法;契約類型,仕事の完成を約し報酬を受ける契約（民法632条）。,"請負契約は、仕事の完成を約し報酬を受ける契約（民法632条）。民法・借地借家法の重要論点。仕事の完成を約し報酬を受ける契約（民法632条）。管理業務主任者試験では、民法第632条を根拠に定義・要件・効果を問う問題が出ます。

実務・試験ともに「完成・目的物・報酬」が判断の軸になります。選択肢では委任・組合契約と混同肢が多いため。",同時履行の抗弁;催告解除;無催告解除,民法第632条,B,過去問では完成・目的物・報酬が問われます。委任・組合契約と混同選択肢に注意してください。仕事の完成を約し報酬を受ける契約（民法632条）。管理業務主任者試験では、民法。,請負契約とは？管理業務主任者試験で押さえる意味と試験ポイント,"請負契約の意味と管理業務主任者試験での判定ポイントを、民法第632条の文脈で整理します。請負契約は、仕事の完成を約し報酬を受ける契約（民法632条）。民法・借地借家法の重要論点。仕事の完成を約し報酬を受ける契約（民法632条）。管理業務主任者試験では、民法第632条を根拠に定義・要件・効果を問う問題が出ます。

実務・試験ともに「完成・目的物・報酬」が判断の軸になります。選択肢では委任・組合契約と混同肢が多いため。","仕事の完成を約し報酬を受ける契約（民法632条）。管理業務主任者試験では、民法第632条を根拠に定義・要件・効果を問う問題が出ます。

実務・試験ともに「完成・目的物・報酬」が判断の軸になります。選択肢では委任・組合契約と混同肢が多いため、要件の欠けた肢を消去する思考が有効です。

請負契約は同時履行の抗弁、催告解除、無催告解除とセットで整理すると理解が定着します。管業マスターの過去問・実践演習で民法・借地借家法フィルタを使い、関連問題を解き直してください。","<table class=""seo-info-table""><thead><tr><th>比較項目</th><th>請負契約</th><th>委任契約</th></tr></thead><tbody><tr><th>目的</th><td>仕事の完成</td><td>事務処理</td></tr><tr><th>瑕疵・不適合対応</th><td>契約不適合責任が中心</td><td>善管注意義務違反が中心</td></tr></tbody></table>",完成・目的物・報酬;民法第632条の根拠を明示できる;関連語（同時履行の抗弁、催告解除、無催告解除）との違いを説明できる,委任・組合契約と混同;要件の一部だけ暗記して判断する;最新の改正・規約改定を見落とす。,請負契約＝民法第632条。委任契約と表で対比。（関連用語とセットで暗記）。,請負契約に関する次の記述のうち、最も適切でないものはどれか。,請負契約の定義・要件と照らし、条件を満たさない選択肢を選ぶ。,請負契約の定義を試験用に一言で言うと？,「請負契約の定義を試験用に一言で言うと？」への答え：仕事の完成を約し報酬を受ける契約（民法632条）。根拠は民法第632条。条文番号と要件をメモに書き出して確認する。条文番号と要件をメモに書き出して確認する。条文番号と要件をメモに書き出して確認する。公式テキスト該当章を開く。,請負契約と混同しやすい論点は？,試験の出方：民法第632条の根拠を明示できる。四択では条件の主語と効果を分離して読む。過去問で出題形式と正答率を週1回チェックする。過去問で出題形式と正答率を週1回チェックする。過去問で出題形式と正答率を週1回チェックする。過去問で出題形式と正答率を週1回チェックする。過去問1問で正答率を記録する。,誤答の典型：委任・組合契約と混同;要件の一部だけ暗記して判断する;最新の改正・規約改定を見落とす。一語差の選択肢に注意。誤答肢のパターンを比較表に整理して復習する。誤答肢のパターンを比較表に整理して復習する。誤答肢のパターンを比較表に整理して復習する。誤答肢を比較表に書き出す。,請負契約とは何ですか？,学習の次段：「同時履行の抗弁」と比較表で整理し、numbers / compare から過去問へ。関連用語ハブと比較ページへ進んで定着を確認する。関連用語ハブと比較ページへ進んで定着を確認する。関連用語ハブと比較ページへ進んで定着を確認する。用語ハブ compare へ進む。,請負契約とは何ですか？
警備業務,標準管理委託契約書・指針,標準管理委託契約書・指針;委託,警備業務は標準管理委託契約書・指針分野では標準管理委託契約書に関する重要概念です。,警備業務は、警備業務は標準管理委託契約書・指針分野では標準管理委託契約書に関する重要概念です。管理委託契約の標準条項。委託費・業務範囲・再委託。,マンション標準管理委託契約書;定額委託業務費;臨時委託業務,標準管理委託契約書,B,過去問では警備業務の定義・要件・効果を条文・規約根拠と対応づけるが問われます。警備業務を類似語と同一視する選択肢に注意してください。警備業務は標準管理委託契約書・指針分野では標準管理委託契約書に関する重要概念。,警備業務とは？管理業務主任者試験で押さえる意味と試験ポイント,警備業務の意味と管理業務主任者試験での判定ポイントを、標準管理委託契約書の文脈で整理します。警備業務は、警備業務は標準管理委託契約書・指針分野では標準管理委託契約書に関する重要概念です。管理委託契約の標準条項。委託費・業務範囲・再委託。,"警備業務は標準管理委託契約書・指針分野では標準管理委託契約書に関する重要概念です。管理業務主任者試験では、標準管理委託契約書を根拠に定義・要件・効果を問う問題が出ます。

実務・試験ともに「警備業務の定義・要件・効果を条文・規約根拠と対応づける」が判断の軸になります。選択肢では警備業務を類似語と同一視する肢が多いため、要件の欠けた肢を消去する思考が有効です。

警備業務はマンション標準管理委託契約書、定額委託業務費、臨時委託業務とセットで整理すると理解が定着します。管業マスターの過去問・実践演習で標準管理委託契約書・指針フィルタを使い、関連問題を解き直してください。","<table class=""seo-info-table""><thead><tr><th>比較</th><th>警備業務</th><th>マンション標準管理委託契約書</th></tr></thead><tbody><tr><th>覚え方</th><td>警備業務の定義・要件・効果を条文・規約根拠と対応づける</td><td>関連ページで対比</td></tr></tbody></table>",警備業務の定義・要件・効果を条文・規約根拠と対応づける;標準管理委託契約書の根拠を明示できる;関連語（マンション標準管理委託契約書、定額委託業務費、臨時委託業務）との違いを説明できる,警備業務を類似語と同一視する;要件の一部だけ暗記して判断する;最新の改正・規約改定を見落とす。,警備業務＝標準管理委託契約書。マンション標準管理委託契約書と表で対比。,警備業務に関する記述として最も不適切なものを選べ。,標準管理委託契約書・指針の原則に照らし、主体・時期・要件のいずれかを欠く選択肢を誤りとして判定する。,警備業務の定義を試験用に一言で言うと？,「警備業務の定義を試験用に一言で言うと？」への答え：警備業務は標準管理委託契約書・指針分野では標準管理委託契約書に関する重要概念です。根拠は標準管理委託契約書。条文番号と要件をメモに書き出して確認する。条文番号と要件をメモに書き出して確認する。公式テキスト該当章を開く。,警備業務と混同しやすい論点は？,試験の出方：標準管理委託契約書の根拠を明示できる。四択では条件の主語と効果を分離して読む。過去問で出題形式と正答率を週1回チェックする。過去問で出題形式と正答率を週1回チェックする。過去問で出題形式と正答率を週1回チェックする。過去問で出題形式と正答率を週1回チェックする。過去問1問で正答率を記録する。,誤答の典型：警備業務を類似語と同一視する;要件の一部だけ暗記して判断する;最新の改正・規約改定を見落とす。一語差の選択肢に注意。誤答肢のパターンを比較表に整理して復習する。誤答肢のパターンを比較表に整理して復習する。誤答肢のパターンを比較表に整理して復習する。誤答肢を比較表に書き出す。,警備業務とは何ですか？,学習の次段：「マンション標準管理委託契約書」と比較表で整理し、numbers / compare から過去問へ。関連用語ハブと比較ページへ進んで定着を確認する。関連用語ハブと比較ページへ進んで定着を確認する。関連用語ハブと比較ページへ進んで定着を確認する。用語ハブ compare へ進む。,警備業務とは何ですか？
議事録,区分所有法,区分所有法;頻出;総会,総会・理事会の議事を記載。保存義務・記載事項。,議事録は、総会・理事会の議事を記載。保存義務・記載事項。マンション等の区分所有関係を定める基本法。専用部分・共用部分・管理組合が柱。,専有部分;共用部分;管理組合,区分所有法,A,過去問では議事録の定義・要件・効果を条文・規約根拠と対応づけるが問われます。議事録を類似語と同一視する選択肢に注意してください。総会・理事会の議事を記載。保存義務・記載事項。管理業務主任者試験では、区分所有。,議事録とは？管理業務主任者試験で押さえる意味と試験ポイント,議事録の意味と管理業務主任者試験での判定ポイントを、区分所有法の文脈で整理します。議事録は、総会・理事会の議事を記載。保存義務・記載事項。マンション等の区分所有関係を定める基本法。専用部分・共用部分・管理組合が柱。,"総会・理事会の議事を記載。保存義務・記載事項。管理業務主任者試験では、区分所有法を根拠に定義・要件・効果を問う問題が出ます。

実務・試験ともに「議事録の定義・要件・効果を条文・規約根拠と対応づける」が判断の軸になります。選択肢では議事録を類似語と同一視する肢が多いため、要件の欠けた肢を消去する思考が有効です。

議事録は専有部分、共用部分、管理組合とセットで整理すると理解が定着します。管業マスターの過去問・実践演習で区分所有法フィルタを使い、関連問題を解き直してください。","<table class=""seo-info-table""><thead><tr><th>比較</th><th>議事録</th><th>専有部分</th></tr></thead><tbody><tr><th>覚え方</th><td>議事録の定義・要件・効果を条文・規約根拠と対応づける</td><td>関連ページで対比</td></tr></tbody></table>",議事録の定義・要件・効果を条文・規約根拠と対応づける;区分所有法の根拠を明示できる;関連語（専有部分、共用部分、管理組合）との違いを説明できる,議事録を類似語と同一視する;要件の一部だけ暗記して判断する;最新の改正・規約改定を見落とす。,議事録＝区分所有法。専有部分と表で対比。（関連用語とセットで暗記）。,議事録に関する次の記述のうち、最も適切でないものはどれか。,議事録の定義・要件・効果を条文・規約根拠と対応づける。議事録を類似語と同一視するとする記述が誤りになりやすい。,議事録の定義を試験用に一言で言うと？,「議事録の定義を試験用に一言で言うと？」への答え：総会・理事会の議事を記載。保存義務・記載事項。根拠は区分所有法。条文番号と要件をメモに書き出して確認する。条文番号と要件をメモに書き出して確認する。条文番号と要件をメモに書き出して確認する。公式テキスト該当章を開く。,議事録と混同しやすい論点は？,試験の出方：区分所有法の根拠を明示できる。四択では条件の主語と効果を分離して読む。過去問で出題形式と正答率を週1回チェックする。過去問で出題形式と正答率を週1回チェックする。過去問で出題形式と正答率を週1回チェックする。過去問で出題形式と正答率を週1回チェックする。過去問1問で正答率を記録する。,誤答の典型：議事録を類似語と同一視する;要件の一部だけ暗記して判断する;最新の改正・規約改定を見落とす。一語差の選択肢に注意。誤答肢のパターンを比較表に整理して復習する。誤答肢のパターンを比較表に整理して復習する。誤答肢のパターンを比較表に整理して復習する。誤答肢を比較表に書き出す。,議事録とは何ですか？,学習の次段：「専有部分」と比較表で整理し、numbers / compare から過去問へ。関連用語ハブと比較ページへ進んで定着を確認する。関連用語ハブと比較ページへ進んで定着を確認する。関連用語ハブと比較ページへ進んで定着を確認する。関連用語ハブと比較ページへ進んで定着を確認する。用語ハブ compare へ進む。,議事録とは何ですか？
議決権,区分所有法,区分所有法;総会,総会における意思表示の権力。持分比例等（区法32条）。,議決権は、総会における意思表示の権力。持分比例等（区法32条）。マンション等の区分所有関係を定める基本法。専用部分・共用部分・管理組合が柱。,専有部分;共用部分;管理組合,区分所有法第32条,A,過去問では議決権の定義・要件・効果を条文・規約根拠と対応づけるが問われます。議決権を類似語と同一視する選択肢に注意してください。総会における意思表示の権力。持分比例等（区法32条）。管理業務主任者試験では、。,議決権とは？管理業務主任者試験で押さえる意味と試験ポイント,議決権の意味と管理業務主任者試験での判定ポイントを、区分所有法第32条の文脈で整理します。議決権は、総会における意思表示の権力。持分比例等（区法32条）。マンション等の区分所有関係を定める基本法。専用部分・共用部分・管理組合が柱。,"総会における意思表示の権力。持分比例等（区法32条）。管理業務主任者試験では、区分所有法第32条を根拠に定義・要件・効果を問う問題が出ます。

実務・試験ともに「議決権の定義・要件・効果を条文・規約根拠と対応づける」が判断の軸になります。選択肢では議決権を類似語と同一視する肢が多いため、要件の欠けた肢を消去する思考が有効です。

議決権は専有部分、共用部分、管理組合とセットで整理すると理解が定着します。管業マスターの過去問・実践演習で区分所有法フィルタを使い、関連問題を解き直してください。","<table class=""seo-info-table""><thead><tr><th>比較</th><th>議決権</th><th>専有部分</th></tr></thead><tbody><tr><th>覚え方</th><td>議決権の定義・要件・効果を条文・規約根拠と対応づける</td><td>関連ページで対比</td></tr></tbody></table>",議決権の定義・要件・効果を条文・規約根拠と対応づける;区分所有法第32条の根拠を明示できる;関連語（専有部分、共用部分、管理組合）との違いを説明できる,議決権を類似語と同一視する;要件の一部だけ暗記して判断する;最新の改正・規約改定を見落とす。,議決権＝区分所有法第32条。専有部分と表で対比。（関連用語とセットで暗記）。,議決権に関する次の記述のうち、最も適切でないものはどれか。,議決権の定義・要件・効果を条文・規約根拠と対応づける。議決権を類似語と同一視するとする記述が誤りになりやすい。,議決権の定義を試験用に一言で言うと？,「議決権の定義を試験用に一言で言うと？」への答え：総会における意思表示の権力。持分比例等（区法32条）。根拠は区分所有法第32条。条文番号と要件をメモに書き出して確認する。条文番号と要件をメモに書き出して確認する。条文番号と要件をメモに書き出して確認する。公式テキスト該当章を開く。,議決権と混同しやすい論点は？,試験の出方：区分所有法第32条の根拠を明示できる。四択では条件の主語と効果を分離して読む。過去問で出題形式と正答率を週1回チェックする。過去問で出題形式と正答率を週1回チェックする。過去問で出題形式と正答率を週1回チェックする。過去問で出題形式と正答率を週1回チェックする。過去問1問で正答率を記録する。,誤答の典型：議決権を類似語と同一視する;要件の一部だけ暗記して判断する;最新の改正・規約改定を見落とす。一語差の選択肢に注意。誤答肢のパターンを比較表に整理して復習する。誤答肢のパターンを比較表に整理して復習する。誤答肢のパターンを比較表に整理して復習する。誤答肢を比較表に書き出す。,議決権とは何ですか？,学習の次段：「専有部分」と比較表で整理し、numbers / compare から過去問へ。関連用語ハブと比較ページへ進んで定着を確認する。関連用語ハブと比較ページへ進んで定着を確認する。関連用語ハブと比較ページへ進んで定着を確認する。関連用語ハブと比較ページへ進んで定着を確認する。用語ハブ compare へ進む。,議決権とは何ですか？
議長,区分所有法,区分所有法;総会,議長は区分所有法分野では区分所有法に関する重要概念です。,議長は、議長は区分所有法分野では区分所有法に関する重要概念です。マンション等の区分所有関係を定める基本法。専用部分・共用部分・管理組合が柱。,専有部分;共用部分;管理組合,区分所有法,B,過去問では議長の定義・要件・効果を条文・規約根拠と対応づけるが問われます。議長を類似語と同一視する選択肢に注意してください。議長は区分所有法分野では区分所有法に関する重要概念です。管理業務主任者試験。,議長とは？管理業務主任者試験で押さえる意味と試験ポイント,議長の意味と管理業務主任者試験での判定ポイントを、区分所有法の文脈で整理します。議長は、議長は区分所有法分野では区分所有法に関する重要概念です。マンション等の区分所有関係を定める基本法。専用部分・共用部分・管理組合が柱。,"議長は区分所有法分野では区分所有法に関する重要概念です。管理業務主任者試験では、区分所有法を根拠に定義・要件・効果を問う問題が出ます。

実務・試験ともに「議長の定義・要件・効果を条文・規約根拠と対応づける」が判断の軸になります。選択肢では議長を類似語と同一視する肢が多いため、要件の欠けた肢を消去する思考が有効です。

議長は専有部分、共用部分、管理組合とセットで整理すると理解が定着します。管業マスターの過去問・実践演習で区分所有法フィルタを使い、関連問題を解き直してください。","<table class=""seo-info-table""><thead><tr><th>比較</th><th>議長</th><th>専有部分</th></tr></thead><tbody><tr><th>覚え方</th><td>議長の定義・要件・効果を条文・規約根拠と対応づける</td><td>関連ページで対比</td></tr></tbody></table>",議長の定義・要件・効果を条文・規約根拠と対応づける;区分所有法の根拠を明示できる;関連語（専有部分、共用部分、管理組合）との違いを説明できる,議長を類似語と同一視する;要件の一部だけ暗記して判断する;最新の改正・規約改定を見落とす。,議長＝区分所有法。専有部分と表で対比。（関連用語とセットで暗記）。,議長に関する次の記述のうち、最も適切でないものはどれか。,議長の定義・要件と照らし、条件を満たさない選択肢を選ぶ。,議長の定義を試験用に一言で言うと？,「議長の定義を試験用に一言で言うと？」への答え：議長は区分所有法分野では区分所有法に関する重要概念です。根拠は区分所有法。条文番号と要件をメモに書き出して確認する。条文番号と要件をメモに書き出して確認する。条文番号と要件をメモに書き出して確認する。公式テキスト該当章を開く。,議長と混同しやすい論点は？,試験の出方：区分所有法の根拠を明示できる。四択では条件の主語と効果を分離して読む。過去問で出題形式と正答率を週1回チェックする。過去問で出題形式と正答率を週1回チェックする。過去問で出題形式と正答率を週1回チェックする。過去問で出題形式と正答率を週1回チェックする。過去問1問で正答率を記録する。,誤答の典型：議長を類似語と同一視する;要件の一部だけ暗記して判断する;最新の改正・規約改定を見落とす。一語差の選択肢に注意。誤答肢のパターンを比較表に整理して復習する。誤答肢のパターンを比較表に整理して復習する。誤答肢のパターンを比較表に整理して復習する。誤答肢を比較表に書き出す。,議長とは何ですか？,学習の次段：「専有部分」と比較表で整理し、numbers / compare から過去問へ。関連用語ハブと比較ページへ進んで定着を確認する。関連用語ハブと比較ページへ進んで定着を確認する。関連用語ハブと比較ページへ進んで定着を確認する。関連用語ハブと比較ページへ進んで定着を確認する。用語ハブ compare へ進む。,議長とは何ですか？
財務報告,会計・税務,会計・税務;会計,財務報告は会計・税務分野では標準管理規約に関する重要概念です。,財務報告は、財務報告は会計・税務分野では標準管理規約に関する重要概念です。管理組合の会計処理・財務報告・税務上の取扱い。,管理費等;前受金;預り金,標準管理規約,B,過去問では財務報告の定義・要件・効果を条文・規約根拠と対応づけるが問われます。財務報告を類似語と同一視する選択肢に注意してください。財務報告は会計・税務分野では標準管理規約に関する重要概念です。管理業務主任。,財務報告とは？管理業務主任者で押さえる意味と試験ポイント,財務報告の意味と管理業務主任者試験での判定ポイントを、標準管理規約の文脈で整理します。財務報告は、財務報告は会計・税務分野では標準管理規約に関する重要概念です。管理組合の会計処理・財務報告・税務上の取扱い。,"財務報告は会計・税務分野では標準管理規約に関する重要概念です。管理業務主任者試験では、標準管理規約を根拠に定義・要件・効果を問う問題が出ます。

実務・試験ともに「財務報告の定義・要件・効果を条文・規約根拠と対応づける」が判断の軸になります。選択肢では財務報告を類似語と同一視する肢が多いため、要件の欠けた肢を消去する思考が有効です。

財務報告は管理費等、前受金、預り金とセットで整理すると理解が定着します。管業マスターの過去問・実践演習で会計・税務フィルタを使い、関連問題を解き直してください。","<table class=""seo-info-table""><thead><tr><th>比較</th><th>財務報告</th><th>管理費等</th></tr></thead><tbody><tr><th>覚え方</th><td>財務報告の定義・要件・効果を条文・規約根拠と対応づける</td><td>関連ページで対比</td></tr></tbody></table>",財務報告の定義・要件・効果を条文・規約根拠と対応づける;標準管理規約の根拠を明示できる;関連語（管理費等、前受金、預り金）との違いを説明できる,財務報告を類似語と同一視する;要件の一部だけ暗記して判断する;最新の改正・規約改定を見落とす。,財務報告＝標準管理規約。管理費等と表で対比。（関連用語とセットで暗記）。,財務報告に関する次の記述のうち、最も適切でないものはどれか。,財務報告の定義・要件と照らし、条件を満たさない選択肢を選ぶ。,財務報告の定義を試験用に一言で言うと？,「財務報告の定義を試験用に一言で言うと？」への答え：財務報告は会計・税務分野では標準管理規約に関する重要概念です。根拠は標準管理規約。条文番号と要件をメモに書き出して確認する。条文番号と要件をメモに書き出して確認する。条文番号と要件をメモに書き出して確認する。公式テキスト該当章を開く。,財務報告と混同しやすい論点は？,試験の出方：標準管理規約の根拠を明示できる。四択では条件の主語と効果を分離して読む。過去問で出題形式と正答率を週1回チェックする。過去問で出題形式と正答率を週1回チェックする。過去問で出題形式と正答率を週1回チェックする。過去問で出題形式と正答率を週1回チェックする。過去問1問で正答率を記録する。,誤答の典型：財務報告を類似語と同一視する;要件の一部だけ暗記して判断する;最新の改正・規約改定を見落とす。一語差の選択肢に注意。誤答肢のパターンを比較表に整理して復習する。誤答肢のパターンを比較表に整理して復習する。誤答肢のパターンを比較表に整理して復習する。誤答肢を比較表に書き出す。,財務報告とは何ですか？,学習の次段：「管理費等」と比較表で整理し、numbers / compare から過去問へ。関連用語ハブと比較ページへ進んで定着を確認する。関連用語ハブと比較ページへ進んで定着を確認する。関連用語ハブと比較ページへ進んで定着を確認する。関連用語ハブと比較ページへ進んで定着を確認する。用語ハブ compare へ進む。,財務報告とは何ですか？
財務諸表,会計・税務,会計・税務;頻出;会計,貸借対照表・収支報告書等の総称。,"財務諸表は、貸借対照表・収支報告書等の総称。管理組合の会計処理・財務報告・税務上の取扱い。貸借対照表・収支報告書等の総称。管理業務主任者試験では、標準管理規約を根拠に定義・要件・効果を問う問題が出ます。

実務・試験ともに「財務諸表の定義・要件・効果を条文・規約根拠と対応づける」が判断の軸になります。選択肢では財務諸表を類似語。",管理費等;前受金;預り金,標準管理規約,A,過去問では財務諸表の定義・要件・効果を条文・規約根拠と対応づけるが問われます。財務諸表を類似語と同一視する選択肢に注意してください。貸借対照表・収支報告書等の総称。管理業務主任者試験では、標準管理規約を根拠に定。,財務諸表とは？管理業務主任者で押さえる意味と試験ポイント,"財務諸表の意味と管理業務主任者試験での判定ポイントを、標準管理規約の文脈で整理します。財務諸表は、貸借対照表・収支報告書等の総称。管理組合の会計処理・財務報告・税務上の取扱い。貸借対照表・収支報告書等の総称。管理業務主任者試験では、標準管理規約を根拠に定義・要件・効果を問う問題が出ます。

実務・試験ともに「財務諸表の定義・要件・効果を条文・規約根拠と対応づける」が判断の軸になります。選択肢では財務諸表を類似語。","貸借対照表・収支報告書等の総称。管理業務主任者試験では、標準管理規約を根拠に定義・要件・効果を問う問題が出ます。

実務・試験ともに「財務諸表の定義・要件・効果を条文・規約根拠と対応づける」が判断の軸になります。選択肢では財務諸表を類似語と同一視する肢が多いため、要件の欠けた肢を消去する思考が有効です。

財務諸表は管理費等、前受金、預り金とセットで整理すると理解が定着します。管業マスターの過去問・実践演習で会計・税務フィルタを使い、関連問題を解き直してください。","<table class=""seo-info-table""><thead><tr><th>比較</th><th>財務諸表</th><th>管理費等</th></tr></thead><tbody><tr><th>覚え方</th><td>財務諸表の定義・要件・効果を条文・規約根拠と対応づける</td><td>関連ページで対比</td></tr></tbody></table>",財務諸表の定義・要件・効果を条文・規約根拠と対応づける;標準管理規約の根拠を明示できる;関連語（管理費等、前受金、預り金）との違いを説明できる,財務諸表を類似語と同一視する;要件の一部だけ暗記して判断する;最新の改正・規約改定を見落とす。,財務諸表＝標準管理規約。管理費等と表で対比。（関連用語とセットで暗記）。,財務諸表に関する次の記述のうち、最も適切でないものはどれか。,財務諸表の定義・要件・効果を条文・規約根拠と対応づける。財務諸表を類似語と同一視するとする記述が誤りになりやすい。,財務諸表の定義を試験用に一言で言うと？,「財務諸表の定義を試験用に一言で言うと？」への答え：貸借対照表・収支報告書等の総称。根拠は標準管理規約。条文番号と要件をメモに書き出して確認する。条文番号と要件をメモに書き出して確認する。条文番号と要件をメモに書き出して確認する。条文番号と要件をメモに書き出して確認する。公式テキスト該当章を開く。,財務諸表と混同しやすい論点は？,試験の出方：標準管理規約の根拠を明示できる。四択では条件の主語と効果を分離して読む。過去問で出題形式と正答率を週1回チェックする。過去問で出題形式と正答率を週1回チェックする。過去問で出題形式と正答率を週1回チェックする。過去問で出題形式と正答率を週1回チェックする。過去問1問で正答率を記録する。,誤答の典型：財務諸表を類似語と同一視する;要件の一部だけ暗記して判断する;最新の改正・規約改定を見落とす。一語差の選択肢に注意。誤答肢のパターンを比較表に整理して復習する。誤答肢のパターンを比較表に整理して復習する。誤答肢のパターンを比較表に整理して復習する。誤答肢を比較表に書き出す。,財務諸表とは何ですか？,学習の次段：「管理費等」と比較表で整理し、numbers / compare から過去問へ。関連用語ハブと比較ページへ進んで定着を確認する。関連用語ハブと比較ページへ進んで定着を確認する。関連用語ハブと比較ページへ進んで定着を確認する。関連用語ハブと比較ページへ進んで定着を確認する。用語ハブ compare へ進む。,財務諸表とは何ですか？
貸借対照表,会計・税務,会計・税務;頻出;会計,一定時点の資産・負債・純資産を示す財務諸表。,貸借対照表は、一定時点の資産・負債・純資産を示す財務諸表。管理組合の会計処理・財務報告・税務上の取扱い。,管理費等;前受金;預り金,標準管理規約,A,過去問では貸借対照表の定義・要件・効果を条文・規約根拠と対応づけるが問われます。貸借対照表を類似語と同一視する選択肢に注意してください。一定時点の資産・負債・純資産を示す財務諸表。管理業務主任者試験では、標準管理規。,貸借対照表とは？管理業務主任者で押さえる意味と試験ポイント,貸借対照表の意味と管理業務主任者試験での判定ポイントを、標準管理規約の文脈で整理します。貸借対照表は、一定時点の資産・負債・純資産を示す財務諸表。管理組合の会計処理・財務報告・税務上の取扱い。,"一定時点の資産・負債・純資産を示す財務諸表。管理業務主任者試験では、標準管理規約を根拠に定義・要件・効果を問う問題が出ます。

実務・試験ともに「貸借対照表の定義・要件・効果を条文・規約根拠と対応づける」が判断の軸になります。選択肢では貸借対照表を類似語と同一視する肢が多いため、要件の欠けた肢を消去する思考が有効です。

貸借対照表は管理費等、前受金、預り金とセットで整理すると理解が定着します。管業マスターの過去問・実践演習で会計・税務フィルタを使い、関連問題を解き直してください。","<table class=""seo-info-table""><thead><tr><th>比較</th><th>貸借対照表</th><th>管理費等</th></tr></thead><tbody><tr><th>覚え方</th><td>貸借対照表の定義・要件・効果を条文・規約根拠と対応づける</td><td>関連ページで対比</td></tr></tbody></table>",貸借対照表の定義・要件・効果を条文・規約根拠と対応づける;標準管理規約の根拠を明示できる;関連語（管理費等、前受金、預り金）との違いを説明できる,貸借対照表を類似語と同一視する;要件の一部だけ暗記して判断する;最新の改正・規約改定を見落とす。,貸借対照表＝標準管理規約。管理費等と表で対比。（関連用語とセットで暗記）。,貸借対照表に関する次の記述のうち、最も適切でないものはどれか。,貸借対照表の定義・要件・効果を条文・規約根拠と対応づける。貸借対照表を類似語と同一視するとする記述が誤りになりやすい。,貸借対照表の定義を試験用に一言で言うと？,「貸借対照表の定義を試験用に一言で言うと？」への答え：一定時点の資産・負債・純資産を示す財務諸表。根拠は標準管理規約。条文番号と要件をメモに書き出して確認する。条文番号と要件をメモに書き出して確認する。条文番号と要件をメモに書き出して確認する。公式テキスト該当章を開く。,貸借対照表と混同しやすい論点は？,試験の出方：標準管理規約の根拠を明示できる。四択では条件の主語と効果を分離して読む。過去問で出題形式と正答率を週1回チェックする。過去問で出題形式と正答率を週1回チェックする。過去問で出題形式と正答率を週1回チェックする。過去問で出題形式と正答率を週1回チェックする。過去問1問で正答率を記録する。,誤答の典型：貸借対照表を類似語と同一視する;要件の一部だけ暗記して判断する;最新の改正・規約改定を見落とす。一語差の選択肢に注意。誤答肢のパターンを比較表に整理して復習する。誤答肢のパターンを比較表に整理して復習する。誤答肢のパターンを比較表に整理して復習する。誤答肢を比較表に書き出す。,貸借対照表とは何ですか？,学習の次段：「管理費等」と比較表で整理し、numbers / compare から過去問へ。関連用語ハブと比較ページへ進んで定着を確認する。関連用語ハブと比較ページへ進んで定着を確認する。関連用語ハブと比較ページへ進んで定着を確認する。関連用語ハブと比較ページへ進んで定着を確認する。用語ハブ compare へ進む。,貸借対照表とは何ですか？
貸借対照表と収支報告,判例・横断総合,判例・横断総合;頻出;会計,財務諸表の読み方。（用語）。,"貸借対照表と収支報告は、財務諸表の読み方。判例・複数分野を横断する論点。比較整理が得点の鍵。財務諸表の読み方。管理業務主任者試験では、標準管理規約を根拠に定義・要件・効果を問う問題が出ます。

実務・試験ともに「貸借対照表と収支報告の定義・要件・効果を条文・規約根拠と対応づける」が判断の軸になります。選択肢では貸借対照表と収支報。",主徴費;管理不全;組合の法人格,標準管理規約,A,過去問では貸借対照表と収支報告の定義・要件・効果を条文・規約根拠と対応づけるが問われます。貸借対照表と収支報告を類似語と同一視する選択肢に注意してください。財務諸表の読み方。管理業務主任者試験では、標準管理規約を根拠に定義・要件・効果。,貸借対照表と収支報告とは？管理業務主任者試験で押さえる意味と試験ポイント,"貸借対照表と収支報告の意味と管理業務主任者試験での判定ポイントを、標準管理規約の文脈で整理します。貸借対照表と収支報告は、財務諸表の読み方。判例・複数分野を横断する論点。比較整理が得点の鍵。財務諸表の読み方。管理業務主任者試験では、標準管理規約を根拠に定義・要件・効果を問う問題が出ます。

実務・試験ともに「貸借対照表と収支報告の定義・要件・効果を条文・規約根拠と対応づける」が判断の軸になります。選択肢では貸借対照表と収支報。","財務諸表の読み方。管理業務主任者試験では、標準管理規約を根拠に定義・要件・効果を問う問題が出ます。

実務・試験ともに「貸借対照表と収支報告の定義・要件・効果を条文・規約根拠と対応づける」が判断の軸になります。選択肢では貸借対照表と収支報告を類似語と同一視する肢が多いため、要件の欠けた肢を消去する思考が有効です。

貸借対照表と収支報告は主徴費、管理不全、組合の法人格とセットで整理すると理解が定着します。管業マスターの過去問・実践演習で判例・横断総合フィルタを使い、関連問題を解き直してください。","<table class=""seo-info-table""><thead><tr><th>比較</th><th>貸借対照表と収支報告</th><th>主徴費</th></tr></thead><tbody><tr><th>覚え方</th><td>貸借対照表と収支報告の定義・要件・効果を条文・規約根拠と対応づける</td><td>関連ページで対比</td></tr></tbody></table>",貸借対照表と収支報告の定義・要件・効果を条文・規約根拠と対応づける;標準管理規約の根拠を明示できる;関連語（主徴費、管理不全、組合の法人格）との違いを説明できる,貸借対照表と収支報告を類似語と同一視する;要件の一部だけ暗記して判断する;最新の改正・規約改定を見落とす。,貸借対照表と収支報告＝標準管理規約。主徴費と表で対比。,貸借対照表と収支報告に関する次の記述のうち、最も適切でないものはどれか。,貸借対照表と収支報告の定義・要件・効果を条文・規約根拠と対応づける。貸借対照表と収支報告を類似語と同一視するとする記述が誤りになりやすい。,貸借対照表と収支報告の定義を試験用に一言で言うと？,「貸借対照表と収支報告の定義を試験用に一言で言うと？」への答え：財務諸表の読み方。（用語）。根拠は標準管理規約。条文番号と要件をメモに書き出して確認する。条文番号と要件をメモに書き出して確認する。条文番号と要件をメモに書き出して確認する。条文番号と要件をメモに書き出して確認する。公式テキスト該当章を開く。,貸借対照表と収支報告と混同しやすい論点は？,試験の出方：標準管理規約の根拠を明示できる。四択では条件の主語と効果を分離して読む。過去問で出題形式と正答率を週1回チェックする。過去問で出題形式と正答率を週1回チェックする。過去問で出題形式と正答率を週1回チェックする。過去問で出題形式と正答率を週1回チェックする。過去問1問で正答率を記録する。,誤答の典型：貸借対照表と収支報告を類似語と同一視する;要件の一部だけ暗記して判断する;最新の改正・規約改定を見落とす。一語差の選択肢に注意。誤答肢のパターンを比較表に整理して復習する。誤答肢のパターンを比較表に整理して復習する。誤答肢のパターンを比較表に整理して復習する。誤答肢を比較表に書き出す。,貸借対照表と収支報告とは何ですか？,学習の次段：「主徴費」と比較表で整理し、numbers / compare から過去問へ。関連用語ハブと比較ページへ進んで定着を確認する。関連用語ハブと比較ページへ進んで定着を確認する。関連用語ハブと比較ページへ進んで定着を確認する。関連用語ハブと比較ページへ進んで定着を確認する。用語ハブ compare へ進む。,貸借対照表と収支報告とは何ですか？
賃料,民法・借地借家法,民法・借地借家法;賃貸借,賃貸借の対価。支払時期・増減・滞納が論点。,"賃料は、賃貸借の対価。支払時期・増減・滞納が論点。民法・借地借家法の重要論点。賃貸借の対価。支払時期・増減・滞納が論点。管理業務主任者試験では、借地借家法を根拠に定義・要件・効果を問う問題が出ます。

実務・試験ともに「支払期日・増減」が判断の軸になります。選択肢では管理費と混同肢が多いため、要件の欠けた肢を消去す。",同時履行の抗弁;催告解除;無催告解除,借地借家法,A,過去問では支払期日・増減が問われます。管理費と混同選択肢に注意してください。賃貸借の対価。支払時期・増減・滞納が論点。管理業務主任者試験では、借地借家法を 学習時は一次情報と照合してください。,賃料とは？管理業務主任者試験で押さえる意味と試験ポイント,"賃料の意味と管理業務主任者試験での判定ポイントを、借地借家法の文脈で整理します。賃料は、賃貸借の対価。支払時期・増減・滞納が論点。民法・借地借家法の重要論点。賃貸借の対価。支払時期・増減・滞納が論点。管理業務主任者試験では、借地借家法を根拠に定義・要件・効果を問う問題が出ます。

実務・試験ともに「支払期日・増減」が判断の軸になります。選択肢では管理費と混同肢が多いため、要件の欠けた肢を消去す。","賃貸借の対価。支払時期・増減・滞納が論点。管理業務主任者試験では、借地借家法を根拠に定義・要件・効果を問う問題が出ます。

実務・試験ともに「支払期日・増減」が判断の軸になります。選択肢では管理費と混同肢が多いため、要件の欠けた肢を消去する思考が有効です。

賃料は同時履行の抗弁、催告解除、無催告解除とセットで整理すると理解が定着します。管業マスターの過去問・実践演習で民法・借地借家法フィルタを使い、関連問題を解き直してください。",,支払期日・増減 （試験要点）;借地借家法の根拠を明示できる;関連語（同時履行の抗弁、催告解除、無催告解除）との違いを説明できる,管理費と混同;要件の一部だけ暗記して判断する;最新の改正・規約改定を見落とす （過去問で要注意）。,賃料＝借地借家法。管理費と表で対比。（関連用語とセットで暗記）。,賃料に関する次の記述のうち、最も適切でないものはどれか。,支払期日・増減。管理費と混同とする記述が誤りになりやすい。,賃料の定義を試験用に一言で言うと？,「賃料の定義を試験用に一言で言うと？」への答え：賃貸借の対価。支払時期・増減・滞納が論点。根拠は借地借家法。条文番号と要件をメモに書き出して確認する。条文番号と要件をメモに書き出して確認する。条文番号と要件をメモに書き出して確認する。条文番号と要件をメモに書き出して確認する。公式テキスト該当章を開く。,賃料と混同しやすい論点は？,試験の出方：借地借家法の根拠を明示できる。四択では条件の主語と効果を分離して読む。過去問で出題形式と正答率を週1回チェックする。過去問で出題形式と正答率を週1回チェックする。過去問で出題形式と正答率を週1回チェックする。過去問で出題形式と正答率を週1回チェックする。過去問1問で正答率を記録する。,誤答の典型：管理費と混同;要件の一部だけ暗記して判断する;最新の改正・規約改定を見落とす （過去問で要注意）。一語差の選択肢に注意。誤答肢のパターンを比較表に整理して復習する。誤答肢のパターンを比較表に整理して復習する。誤答肢のパターンを比較表に整理して復習する。誤答肢を比較表に書き出す。,賃料とは何ですか？,学習の次段：「同時履行の抗弁」と比較表で整理し、numbers / compare から過去問へ。関連用語ハブと比較ページへ進んで定着を確認する。関連用語ハブと比較ページへ進んで定着を確認する。関連用語ハブと比較ページへ進んで定着を確認する。用語ハブ compare へ進む。,賃料とは何ですか？
賃貸借の対抗力,民法・借地借家法,民法・借地借家法;頻出;賃貸借,建物引渡し・登記等により第三者に対抗できる要件（借地借家法31条）。,賃貸借の対抗力は、建物引渡し・登記等により第三者に対抗できる要件（借地借家法31条）。民法・借地借家法の重要論点。,同時履行の抗弁;催告解除;無催告解除,借地借家法第31条,A,過去問では引渡し・登記・占有が問われます。契約だけで対抗選択肢に注意してください。建物引渡し・登記等により第三者に対抗できる要件（借地借家法31条）。管理業務主。,賃貸借の対抗力とは？管理業務主任者試験で押さえる意味と試験ポイント,賃貸借の対抗力の意味と管理業務主任者試験での判定ポイントを、借地借家法第31条の文脈で整理します。賃貸借の対抗力は、建物引渡し・登記等により第三者に対抗できる要件（借地借家法31条）。民法・借地借家法の重要論点。,"建物引渡し・登記等により第三者に対抗できる要件（借地借家法31条）。管理業務主任者試験では、借地借家法第31条を根拠に定義・要件・効果を問う問題が出ます。

実務・試験ともに「引渡し・登記・占有」が判断の軸になります。選択肢では契約だけで対抗肢が多いため、要件の欠けた肢を消去する思考が有効です。

賃貸借の対抗力は同時履行の抗弁、催告解除、無催告解除とセットで整理すると理解が定着します。管業マスターの過去問・実践演習で民法・借地借家法フィルタを使い、関連問題を解き直してください。",,引渡し・登記・占有;借地借家法第31条の根拠を明示できる;関連語（同時履行の抗弁、催告解除、無催告解除）との違いを説明できる,契約だけで対抗;要件の一部だけ暗記して判断する;最新の改正・規約改定を見落とす （過去問で要注意）。,賃貸借の対抗力＝借地借家法第31条。明渡しと表で対比。,賃貸借の対抗力に関する次の記述のうち、最も適切でないものはどれか。,引渡し・登記・占有。契約だけで対抗とする記述が誤りになりやすい。,賃貸借の対抗力の定義を試験用に一言で言うと？,「賃貸借の対抗力の定義を試験用に一言で言うと？」への答え：建物引渡し・登記等により第三者に対抗できる要件（借地借家法31条）。根拠は借地借家法第31条。条文番号と要件をメモに書き出して確認する。条文番号と要件をメモに書き出して確認する。条文番号と要件をメモに書き出して確認する。公式テキスト該当章を開く。,賃貸借の対抗力と混同しやすい論点は？,試験の出方：借地借家法第31条の根拠を明示できる。四択では条件の主語と効果を分離して読む。過去問で出題形式と正答率を週1回チェックする。過去問で出題形式と正答率を週1回チェックする。過去問で出題形式と正答率を週1回チェックする。過去問で出題形式と正答率を週1回チェックする。過去問1問で正答率を記録する。,誤答の典型：契約だけで対抗;要件の一部だけ暗記して判断する;最新の改正・規約改定を見落とす （過去問で要注意）。一語差の選択肢に注意。誤答肢のパターンを比較表に整理して復習する。誤答肢のパターンを比較表に整理して復習する。誤答肢のパターンを比較表に整理して復習する。誤答肢を比較表に書き出す。,賃貸借の対抗力とは何ですか？,学習の次段：「同時履行の抗弁」と比較表で整理し、numbers / compare から過去問へ。関連用語ハブと比較ページへ進んで定着を確認する。関連用語ハブと比較ページへ進んで定着を確認する。関連用語ハブと比較ページへ進んで定着を確認する。用語ハブ compare へ進む。,賃貸借の対抗力とは何ですか？
賃貸借契約,民法・借地借家法,民法・借地借家法;賃貸借,当事者の一方が物の使用収益をさせ、他方が賃料を支払う契約（民法601条）。,賃貸借契約は、当事者の一方が物の使用収益をさせ、他方が賃料を支払う契約（民法601条）。民法・借地借家法の重要論点。,同時履行の抗弁;催告解除;無催告解除,民法第601条,A,過去問では使用収益対象・賃料・期間が問われます。売買と混同選択肢に注意してください。当事者の一方が物の使用収益をさせ、他方が賃料を支払う契約（民法601条）。管理。,賃貸借契約とは？管理業務主任者試験で押さえる意味と試験ポイント,賃貸借契約の意味と管理業務主任者試験での判定ポイントを、民法第601条の文脈で整理します。賃貸借契約は、当事者の一方が物の使用収益をさせ、他方が賃料を支払う契約（民法601条）。民法・借地借家法の重要論点。,"当事者の一方が物の使用収益をさせ、他方が賃料を支払う契約（民法601条）。管理業務主任者試験では、民法第601条を根拠に定義・要件・効果を問う問題が出ます。

実務・試験ともに「使用収益対象・賃料・期間」が判断の軸になります。選択肢では売買と混同肢が多いため、要件の欠けた肢を消去する思考が有効です。

賃貸借契約は同時履行の抗弁、催告解除、無催告解除とセットで整理すると理解が定着します。管業マスターの過去問・実践演習で民法・借地借家法フィルタを使い、関連問題を解き直してください。",,使用収益対象・賃料・期間;民法第601条の根拠を明示できる;関連語（同時履行の抗弁、催告解除、無催告解除）との違いを説明できる,売買と混同;要件の一部だけ暗記して判断する;最新の改正・規約改定を見落とす （過去問で要注意）。,賃貸借契約＝民法第601条。使用貸借と表で対比。（関連用語とセットで暗記）。,賃貸借契約に関する次の記述のうち、最も適切でないものはどれか。,使用収益対象・賃料・期間。売買と混同とする記述が誤りになりやすい。,賃貸借契約の定義を試験用に一言で言うと？,「賃貸借契約の定義を試験用に一言で言うと？」への答え：当事者の一方が物の使用収益をさせ、他方が賃料を支払う契約（民法601条）。根拠は民法第601条。条文番号と要件をメモに書き出して確認する。条文番号と要件をメモに書き出して確認する。条文番号と要件をメモに書き出して確認する。公式テキスト該当章を開く。,賃貸借契約と混同しやすい論点は？,試験の出方：民法第601条の根拠を明示できる。四択では条件の主語と効果を分離して読む。過去問で出題形式と正答率を週1回チェックする。過去問で出題形式と正答率を週1回チェックする。過去問で出題形式と正答率を週1回チェックする。過去問で出題形式と正答率を週1回チェックする。過去問1問で正答率を記録する。,誤答の典型：売買と混同;要件の一部だけ暗記して判断する;最新の改正・規約改定を見落とす （過去問で要注意）。一語差の選択肢に注意。誤答肢のパターンを比較表に整理して復習する。誤答肢のパターンを比較表に整理して復習する。誤答肢のパターンを比較表に整理して復習する。誤答肢を比較表に書き出す。,賃貸借契約とは何ですか？,学習の次段：「同時履行の抗弁」と比較表で整理し、numbers / compare から過去問へ。関連用語ハブと比較ページへ進んで定着を確認する。関連用語ハブと比較ページへ進んで定着を確認する。関連用語ハブと比較ページへ進んで定着を確認する。用語ハブ compare へ進む。,賃貸借契約とは何ですか？
連帯保証,民法・借地借家法,民法・借地借家法;担保,主たる債務者と連師して債務を負担する保証（民法454条）。,"連帯保証は、主たる債務者と連師して債務を負担する保証（民法454条）。民法・借地借家法の重要論点。主たる債務者と連師して債務を負担する保証（民法454条）。管理業務主任者試験では、民法第454条を根拠に定義・要件・効果を問う問題が出ます。

実務・試験ともに「連帯保証と普通保証の違い」が判断の軸になります。選択肢では保証人は必ず連帯と。",同時履行の抗弁;催告解除;無催告解除,民法第454条,B,過去問では連帯保証と普通保証の違いが問われます。保証人は必ず連帯と誤解選択肢に注意してください。主たる債務者と連師して債務を負担する保証（民法454条）。管理業務主任者試験で。,連帯保証とは？管理業務主任者試験で押さえる意味と試験ポイント,"連帯保証の意味と管理業務主任者試験での判定ポイントを、民法第454条の文脈で整理します。連帯保証は、主たる債務者と連師して債務を負担する保証（民法454条）。民法・借地借家法の重要論点。主たる債務者と連師して債務を負担する保証（民法454条）。管理業務主任者試験では、民法第454条を根拠に定義・要件・効果を問う問題が出ます。

実務・試験ともに「連帯保証と普通保証の違い」が判断の軸になります。選択肢では保証人は必ず連帯と。","主たる債務者と連師して債務を負担する保証（民法454条）。管理業務主任者試験では、民法第454条を根拠に定義・要件・効果を問う問題が出ます。

実務・試験ともに「連帯保証と普通保証の違い」が判断の軸になります。選択肢では保証人は必ず連帯と誤解肢が多いため、要件の欠けた肢を消去する思考が有効です。

連帯保証は同時履行の抗弁、催告解除、無催告解除とセットで整理すると理解が定着します。管業マスターの過去問・実践演習で民法・借地借家法フィルタを使い、関連問題を解き直してください。",,連帯保証と普通保証の違い;民法第454条の根拠を明示できる;関連語（同時履行の抗弁、催告解除、無催告解除）との違いを説明できる,保証人は必ず連帯と誤解;要件の一部だけ暗記して判断する;最新の改正・規約改定を見落とす。,連帯保証＝民法第454条。保証と表で対比。（関連用語とセットで暗記）。,連帯保証に関する次の記述のうち、最も適切でないものはどれか。,連帯保証の定義・要件と照らし、条件を満たさない選択肢を選ぶ。,連帯保証の定義を試験用に一言で言うと？,「連帯保証の定義を試験用に一言で言うと？」への答え：主たる債務者と連師して債務を負担する保証（民法454条）。根拠は民法第454条。条文番号と要件をメモに書き出して確認する。条文番号と要件をメモに書き出して確認する。条文番号と要件をメモに書き出して確認する。公式テキスト該当章を開く。,連帯保証と混同しやすい論点は？,試験の出方：民法第454条の根拠を明示できる。四択では条件の主語と効果を分離して読む。過去問で出題形式と正答率を週1回チェックする。過去問で出題形式と正答率を週1回チェックする。過去問で出題形式と正答率を週1回チェックする。過去問で出題形式と正答率を週1回チェックする。過去問1問で正答率を記録する。,誤答の典型：保証人は必ず連帯と誤解;要件の一部だけ暗記して判断する;最新の改正・規約改定を見落とす。一語差の選択肢に注意。誤答肢のパターンを比較表に整理して復習する。誤答肢のパターンを比較表に整理して復習する。誤答肢のパターンを比較表に整理して復習する。誤答肢を比較表に書き出す。,連帯保証とは何ですか？,学習の次段：「同時履行の抗弁」と比較表で整理し、numbers / compare から過去問へ。関連用語ハブと比較ページへ進んで定着を確認する。関連用語ハブと比較ページへ進んで定着を確認する。関連用語ハブと比較ページへ進んで定着を確認する。用語ハブ compare へ進む。,連帯保証とは何ですか？
連帯債務,民法・借地借家法,民法・借地借家法;債権,数人が同一内容の債務を負担する制度（民法436条）。,"連帯債務は、数人が同一内容の債務を負担する制度（民法436条）。民法・借地借家法の重要論点。数人が同一内容の債務を負担する制度（民法436条）。管理業務主任者試験では、民法第436条を根拠に定義・要件・効果を問う問題が出ます。

実務・試験ともに「外部関係・内部関係」が判断の軸になります。選択肢では連帯保証と混同肢が多いため、要。",同時履行の抗弁;催告解除;無催告解除,民法第436条,B,過去問では外部関係・内部関係が問われます。連帯保証と混同選択肢に注意してください。数人が同一内容の債務を負担する制度（民法436条）。管理業務主任者試験では、民。,連帯債務とは？管理業務主任者試験で押さえる意味と試験ポイント,"連帯債務の意味と管理業務主任者試験での判定ポイントを、民法第436条の文脈で整理します。連帯債務は、数人が同一内容の債務を負担する制度（民法436条）。民法・借地借家法の重要論点。数人が同一内容の債務を負担する制度（民法436条）。管理業務主任者試験では、民法第436条を根拠に定義・要件・効果を問う問題が出ます。

実務・試験ともに「外部関係・内部関係」が判断の軸になります。選択肢では連帯保証と混同肢が多いため、要。","数人が同一内容の債務を負担する制度（民法436条）。管理業務主任者試験では、民法第436条を根拠に定義・要件・効果を問う問題が出ます。

実務・試験ともに「外部関係・内部関係」が判断の軸になります。選択肢では連帯保証と混同肢が多いため、要件の欠けた肢を消去する思考が有効です。

連帯債務は同時履行の抗弁、催告解除、無催告解除とセットで整理すると理解が定着します。管業マスターの過去問・実践演習で民法・借地借家法フィルタを使い、関連問題を解き直してください。",,外部関係・内部関係;民法第436条の根拠を明示できる;関連語（同時履行の抗弁、催告解除、無催告解除）との違いを説明できる,連帯保証と混同;要件の一部だけ暗記して判断する;最新の改正・規約改定を見落とす （過去問で要注意）。,連帯債務＝民法第436条。連帯保証と表で対比。（関連用語とセットで暗記）。,連帯債務に関する次の記述のうち、最も適切でないものはどれか。,連帯債務の定義・要件と照らし、条件を満たさない選択肢を選ぶ。,連帯債務の定義を試験用に一言で言うと？,「連帯債務の定義を試験用に一言で言うと？」への答え：数人が同一内容の債務を負担する制度（民法436条）。根拠は民法第436条。条文番号と要件をメモに書き出して確認する。条文番号と要件をメモに書き出して確認する。条文番号と要件をメモに書き出して確認する。公式テキスト該当章を開く。,連帯債務と混同しやすい論点は？,試験の出方：民法第436条の根拠を明示できる。四択では条件の主語と効果を分離して読む。過去問で出題形式と正答率を週1回チェックする。過去問で出題形式と正答率を週1回チェックする。過去問で出題形式と正答率を週1回チェックする。過去問で出題形式と正答率を週1回チェックする。過去問1問で正答率を記録する。,誤答の典型：連帯保証と混同;要件の一部だけ暗記して判断する;最新の改正・規約改定を見落とす （過去問で要注意）。一語差の選択肢に注意。誤答肢のパターンを比較表に整理して復習する。誤答肢のパターンを比較表に整理して復習する。誤答肢のパターンを比較表に整理して復習する。誤答肢を比較表に書き出す。,連帯債務とは何ですか？,学習の次段：「同時履行の抗弁」と比較表で整理し、numbers / compare から過去問へ。関連用語ハブと比較ページへ進んで定着を確認する。関連用語ハブと比較ページへ進んで定着を確認する。関連用語ハブと比較ページへ進んで定着を確認する。用語ハブ compare へ進む。,連帯債務とは何ですか？
配管更新,建築・設備,建築・設備;修繕,配管更新は建築・設備分野では建築基準法に関する重要概念です。,配管更新は、配管更新は建築・設備分野では建築基準法に関する重要概念です。建築基準法・消防法・昇降機規則等に基づく建物・設備の安全と維持。,建築基準法;エレベーター;昇降機,建築基準法,B,過去問では配管更新の定義・要件・効果を条文・規約根拠と対応づけるが問われます。配管更新を類似語と同一視する選択肢に注意してください。配管更新は建築・設備分野では建築基準法に関する重要概念です。管理業務主任者。,配管更新とは？管理業務主任者で押さえる意味と試験ポイント,配管更新の意味と管理業務主任者試験での判定ポイントを、建築基準法の文脈で整理します。配管更新は、配管更新は建築・設備分野では建築基準法に関する重要概念です。建築基準法・消防法・昇降機規則等に基づく建物・設備の安全と維持。,"配管更新は建築・設備分野では建築基準法に関する重要概念です。管理業務主任者試験では、建築基準法を根拠に定義・要件・効果を問う問題が出ます。

実務・試験ともに「配管更新の定義・要件・効果を条文・規約根拠と対応づける」が判断の軸になります。選択肢では配管更新を類似語と同一視する肢が多いため、要件の欠けた肢を消去する思考が有効です。

配管更新は建築基準法、エレベーター、昇降機とセットで整理すると理解が定着します。管業マスターの過去問・実践演習で建築・設備フィルタを使い、関連問題を解き直してください。","<table class=""seo-info-table""><thead><tr><th>比較</th><th>配管更新</th><th>建築基準法</th></tr></thead><tbody><tr><th>覚え方</th><td>配管更新の定義・要件・効果を条文・規約根拠と対応づける</td><td>関連ページで対比</td></tr></tbody></table>",配管更新の定義・要件・効果を条文・規約根拠と対応づける;建築基準法の根拠を明示できる;関連語（建築基準法、エレベーター、昇降機）との違いを説明できる,配管更新を類似語と同一視する;要件の一部だけ暗記して判断する;最新の改正・規約改定を見落とす。,配管更新＝建築基準法。建築基準法と表で対比。（関連用語とセットで暗記）。,配管更新に関する次の記述のうち、最も適切でないものはどれか。,配管更新の定義・要件と照らし、条件を満たさない選択肢を選ぶ。,配管更新の定義を試験用に一言で言うと？,「配管更新の定義を試験用に一言で言うと？」への答え：配管更新は建築・設備分野では建築基準法に関する重要概念です。根拠は建築基準法。条文番号と要件をメモに書き出して確認する。条文番号と要件をメモに書き出して確認する。条文番号と要件をメモに書き出して確認する。公式テキスト該当章を開く。,配管更新と混同しやすい論点は？,試験の出方：建築基準法の根拠を明示できる。四択では条件の主語と効果を分離して読む。過去問で出題形式と正答率を週1回チェックする。過去問で出題形式と正答率を週1回チェックする。過去問で出題形式と正答率を週1回チェックする。過去問で出題形式と正答率を週1回チェックする。過去問1問で正答率を記録する。,誤答の典型：配管更新を類似語と同一視する;要件の一部だけ暗記して判断する;最新の改正・規約改定を見落とす。一語差の選択肢に注意。誤答肢のパターンを比較表に整理して復習する。誤答肢のパターンを比較表に整理して復習する。誤答肢のパターンを比較表に整理して復習する。誤答肢を比較表に書き出す。,配管更新とは何ですか？,学習の次段：「建築基準法」と比較表で整理し、numbers / compare から過去問へ。関連用語ハブと比較ページへ進んで定着を確認する。関連用語ハブと比較ページへ進んで定着を確認する。関連用語ハブと比較ページへ進んで定着を確認する。関連用語ハブと比較ページへ進んで定着を確認する。用語ハブ compare へ進む。,配管更新とは何ですか？
重要事項説明,宅建業法,宅建業法;頻出,宅建士が行う不動産取引の重要事項の説明（宅建35条）。,重要事項説明は、宅建士が行う不動産取引の重要事項の説明（宅建35条）。不動産取引の規制。35条書面・重要事項説明。,宅地建物取引業;35条書面;37条書面,宅地建物取引業法第35条,A,過去問では重要事項説明の定義・要件・効果を条文・規約根拠と対応づけるが問われます。重要事項説明を類似語と同一視する選択肢に注意してください。宅建士が行う不動産取引の重要事項の説明（宅建35条）。管理業務主任者試験では、。,重要事項説明とは？管理業務主任者試験で押さえる意味と試験ポイント,重要事項説明の意味と管理業務主任者試験での判定ポイントを、宅地建物取引業法第35条の文脈で整理します。重要事項説明は、宅建士が行う不動産取引の重要事項の説明（宅建35条）。不動産取引の規制。35条書面・重要事項説明。,"宅建士が行う不動産取引の重要事項の説明（宅建35条）。管理業務主任者試験では、宅地建物取引業法第35条を根拠に定義・要件・効果を問う問題が出ます。

実務・試験ともに「重要事項説明の定義・要件・効果を条文・規約根拠と対応づける」が判断の軸になります。選択肢では重要事項説明を類似語と同一視する肢が多いため、要件の欠けた肢を消去する思考が有効です。

重要事項説明は宅地建物取引業、35条書面、37条書面とセットで整理すると理解が定着します。管業マスターの過去問・実践演習で宅建業法フィルタを使い、関連問題を解き直してください。","<table class=""seo-info-table""><thead><tr><th>比較</th><th>重要事項説明</th><th>宅地建物取引業</th></tr></thead><tbody><tr><th>覚え方</th><td>重要事項説明の定義・要件・効果を条文・規約根拠と対応づける</td><td>関連ページで対比</td></tr></tbody></table>",重要事項説明の定義・要件・効果を条文・規約根拠と対応づける;宅地建物取引業法第35条の根拠を明示できる;関連語（宅地建物取引業、35条書面、37条書面）との違いを説明できる,重要事項説明を類似語と同一視する;要件の一部だけ暗記して判断する;最新の改正・規約改定を見落とす。,重要事項説明＝宅地建物取引業法第35条。宅地建物取引業と表で対比。,重要事項説明に関する次の記述のうち、最も適切でないものはどれか。,重要事項説明の定義・要件・効果を条文・規約根拠と対応づける。重要事項説明を類似語と同一視するとする記述が誤りになりやすい。,重要事項説明の定義を試験用に一言で言うと？,「重要事項説明の定義を試験用に一言で言うと？」への答え：宅建士が行う不動産取引の重要事項の説明（宅建35条）。根拠は宅地建物取引業法第35条。条文番号と要件をメモに書き出して確認する。条文番号と要件をメモに書き出して確認する。条文番号と要件をメモに書き出して確認する。公式テキスト該当章を開く。,重要事項説明と混同しやすい論点は？,試験の出方：宅地建物取引業法第35条の根拠を明示できる。四択では条件の主語と効果を分離して読む。過去問で出題形式と正答率を週1回チェックする。過去問で出題形式と正答率を週1回チェックする。過去問で出題形式と正答率を週1回チェックする。過去問で出題形式と正答率を週1回チェックする。過去問1問で正答率を記録する。,誤答の典型：重要事項説明を類似語と同一視する;要件の一部だけ暗記して判断する;最新の改正・規約改定を見落とす。一語差の選択肢に注意。誤答肢のパターンを比較表に整理して復習する。誤答肢のパターンを比較表に整理して復習する。誤答肢のパターンを比較表に整理して復習する。誤答肢を比較表に書き出す。,重要事項説明とは何ですか？,学習の次段：「宅地建物取引業」と比較表で整理し、numbers / compare から過去問へ。関連用語ハブと比較ページへ進んで定着を確認する。関連用語ハブと比較ページへ進んで定着を確認する。関連用語ハブと比較ページへ進んで定着を確認する。用語ハブ compare へ進む。,重要事項説明とは何ですか？
重要事項説明書,宅建業法,宅建業法;頻出,35条書面の別称。記載事項。,"重要事項説明書は、35条書面の別称。記載事項。不動産取引の規制。35条書面・重要事項説明。35条書面の別称。記載事項。管理業務主任者試験では、宅地建物取引業法第35条を根拠に定義・要件・効果を問う問題が出ます。

実務・試験ともに「重要事項説明書の定義・要件・効果を条文・規約根拠と対応づける」が判断の軸になります。選択肢では重。",宅地建物取引業;重要事項説明;35条書面,宅地建物取引業法第35条,A,過去問では重要事項説明書の定義・要件・効果を条文・規約根拠と対応づけるが問われます。重要事項説明書を類似語と同一視する選択肢に注意してください。35条書面の別称。記載事項。管理業務主任者試験では、宅地建物取引業法第35条を。,重要事項説明書とは？管理業務主任者試験で押さえる意味と試験ポイント,"重要事項説明書の意味と管理業務主任者試験での判定ポイントを、宅地建物取引業法第35条の文脈で整理します。重要事項説明書は、35条書面の別称。記載事項。不動産取引の規制。35条書面・重要事項説明。35条書面の別称。記載事項。管理業務主任者試験では、宅地建物取引業法第35条を根拠に定義・要件・効果を問う問題が出ます。

実務・試験ともに「重要事項説明書の定義・要件・効果を条文・規約根拠と対応づける」が判断の軸になります。選択肢では重。","35条書面の別称。記載事項。管理業務主任者試験では、宅地建物取引業法第35条を根拠に定義・要件・効果を問う問題が出ます。

実務・試験ともに「重要事項説明書の定義・要件・効果を条文・規約根拠と対応づける」が判断の軸になります。選択肢では重要事項説明書を類似語と同一視する肢が多いため、要件の欠けた肢を消去する思考が有効です。

重要事項説明書は宅地建物取引業、重要事項説明、35条書面とセットで整理すると理解が定着します。管業マスターの過去問・実践演習で宅建業法フィルタを使い、関連問題を解き直してください。","<table class=""seo-info-table""><thead><tr><th>比較</th><th>重要事項説明書</th><th>宅地建物取引業</th></tr></thead><tbody><tr><th>覚え方</th><td>重要事項説明書の定義・要件・効果を条文・規約根拠と対応づける</td><td>関連ページで対比</td></tr></tbody></table>",重要事項説明書の定義・要件・効果を条文・規約根拠と対応づける;宅地建物取引業法第35条の根拠を明示できる;関連語（宅地建物取引業、重要事項説明、35条書面）との違いを説明できる,重要事項説明書を類似語と同一視する;要件の一部だけ暗記して判断する;最新の改正・規約改定を見落とす。,重要事項説明書＝宅地建物取引業法第35条。宅地建物取引業と表で対比。,重要事項説明書に関する次の記述のうち、最も適切でないものはどれか。,重要事項説明書の定義・要件・効果を条文・規約根拠と対応づける。重要事項説明書を類似語と同一視するとする記述が誤りになりやすい。,重要事項説明書の定義を試験用に一言で言うと？,「重要事項説明書の定義を試験用に一言で言うと？」への答え：35条書面の別称。記載事項。根拠は宅地建物取引業法第35条。条文番号と要件をメモに書き出して確認する。条文番号と要件をメモに書き出して確認する。条文番号と要件をメモに書き出して確認する。公式テキスト該当章を開く。,重要事項説明書と混同しやすい論点は？,試験の出方：宅地建物取引業法第35条の根拠を明示できる。四択では条件の主語と効果を分離して読む。過去問で出題形式と正答率を週1回チェックする。過去問で出題形式と正答率を週1回チェックする。過去問で出題形式と正答率を週1回チェックする。過去問で出題形式と正答率を週1回チェックする。過去問1問で正答率を記録する。,誤答の典型：重要事項説明書を類似語と同一視する;要件の一部だけ暗記して判断する;最新の改正・規約改定を見落とす。一語差の選択肢に注意。誤答肢のパターンを比較表に整理して復習する。誤答肢のパターンを比較表に整理して復習する。誤答肢のパターンを比較表に整理して復習する。誤答肢を比較表に書き出す。,重要事項説明書とは何ですか？,学習の次段：「宅地建物取引業」と比較表で整理し、numbers / compare から過去問へ。関連用語ハブと比較ページへ進んで定着を確認する。関連用語ハブと比較ページへ進んで定着を確認する。関連用語ハブと比較ページへ進んで定着を確認する。用語ハブ compare へ進む。,重要事項説明書とは何ですか？
長期修繕計画,区分所有法,区分所有法;頻出;修繕,大規模修繕等の計画。積立金算定の基礎（区法61条・標準管理規約）。,長期修繕計画は、大規模修繕等の計画。積立金算定の基礎（区法61条・標準管理規約）。マンション等の区分所有関係を定める基本法。専用部分・共用部分・管理組合が柱。,専有部分;共用部分;管理組合,区分所有法第61条,A,過去問では長期修繕計画の定義・要件・効果を条文・規約根拠と対応づけるが問われます。長期修繕計画を類似語と同一視する選択肢に注意してください。大規模修繕等の計画。積立金算定の基礎（区法61条・標準管理規約）。管理業務主任。,長期修繕計画とは？管理業務主任者試験で押さえる意味と試験ポイント,長期修繕計画の意味と管理業務主任者試験での判定ポイントを、区分所有法第61条の文脈で整理します。長期修繕計画は、大規模修繕等の計画。積立金算定の基礎（区法61条・標準管理規約）。マンション等の区分所有関係を定める基本法。専用部分・共用部分・管理組合が柱。,"大規模修繕等の計画。積立金算定の基礎（区法61条・標準管理規約）。管理業務主任者試験では、区分所有法第61条を根拠に定義・要件・効果を問う問題が出ます。

実務・試験ともに「長期修繕計画の定義・要件・効果を条文・規約根拠と対応づける」が判断の軸になります。選択肢では長期修繕計画を類似語と同一視する肢が多いため、要件の欠けた肢を消去する思考が有効です。

長期修繕計画は専有部分、共用部分、管理組合とセットで整理すると理解が定着します。管業マスターの過去問・実践演習で区分所有法フィルタを使い、関連問題を解き直してください。","<table class=""seo-info-table""><thead><tr><th>比較</th><th>長期修繕計画</th><th>専有部分</th></tr></thead><tbody><tr><th>覚え方</th><td>長期修繕計画の定義・要件・効果を条文・規約根拠と対応づける</td><td>関連ページで対比</td></tr></tbody></table>",長期修繕計画の定義・要件・効果を条文・規約根拠と対応づける;区分所有法第61条の根拠を明示できる;関連語（専有部分、共用部分、管理組合）との違いを説明できる,長期修繕計画を類似語と同一視する;要件の一部だけ暗記して判断する;最新の改正・規約改定を見落とす。,長期修繕計画＝区分所有法第61条。専有部分と表で対比。,長期修繕計画に関する次の記述のうち、最も適切でないものはどれか。,長期修繕計画の定義・要件・効果を条文・規約根拠と対応づける。長期修繕計画を類似語と同一視するとする記述が誤りになりやすい。,長期修繕計画の定義を試験用に一言で言うと？,「長期修繕計画の定義を試験用に一言で言うと？」への答え：大規模修繕等の計画。積立金算定の基礎（区法61条・標準管理規約）。根拠は区分所有法第61条。条文番号と要件をメモに書き出して確認する。条文番号と要件をメモに書き出して確認する。条文番号と要件をメモに書き出して確認する。公式テキスト該当章を開く。,長期修繕計画と混同しやすい論点は？,試験の出方：区分所有法第61条の根拠を明示できる。四択では条件の主語と効果を分離して読む。過去問で出題形式と正答率を週1回チェックする。過去問で出題形式と正答率を週1回チェックする。過去問で出題形式と正答率を週1回チェックする。過去問で出題形式と正答率を週1回チェックする。過去問1問で正答率を記録する。,誤答の典型：長期修繕計画を類似語と同一視する;要件の一部だけ暗記して判断する;最新の改正・規約改定を見落とす。一語差の選択肢に注意。誤答肢のパターンを比較表に整理して復習する。誤答肢のパターンを比較表に整理して復習する。誤答肢のパターンを比較表に整理して復習する。誤答肢を比較表に書き出す。,長期修繕計画とは何ですか？,学習の次段：「専有部分」と比較表で整理し、numbers / compare から過去問へ。関連用語ハブと比較ページへ進んで定着を確認する。関連用語ハブと比較ページへ進んで定着を確認する。関連用語ハブと比較ページへ進んで定着を確認する。関連用語ハブと比較ページへ進んで定着を確認する。用語ハブ compare へ進む。,長期修繕計画とは何ですか？
防火設備,建築・設備,建築・設備;設備,防火設備は建築・設備分野では消防法に関する重要概念です。,防火設備は、防火設備は建築・設備分野では消防法に関する重要概念です。建築基準法・消防法・昇降機規則等に基づく建物・設備の安全と維持。,建築基準法;エレベーター;昇降機,消防法,B,過去問では防火設備の定義・要件・効果を条文・規約根拠と対応づけるが問われます。防火設備を類似語と同一視する選択肢に注意してください。防火設備は建築・設備分野では消防法に関する重要概念です。管理業務主任者試験。,防火設備とは？管理業務主任者で押さえる意味と試験ポイント,防火設備の意味と管理業務主任者試験での判定ポイントを、消防法の文脈で整理します。防火設備は、防火設備は建築・設備分野では消防法に関する重要概念です。建築基準法・消防法・昇降機規則等に基づく建物・設備の安全と維持。,"防火設備は建築・設備分野では消防法に関する重要概念です。管理業務主任者試験では、消防法を根拠に定義・要件・効果を問う問題が出ます。

実務・試験ともに「防火設備の定義・要件・効果を条文・規約根拠と対応づける」が判断の軸になります。選択肢では防火設備を類似語と同一視する肢が多いため、要件の欠けた肢を消去する思考が有効です。

防火設備は建築基準法、エレベーター、昇降機とセットで整理すると理解が定着します。管業マスターの過去問・実践演習で建築・設備フィルタを使い、関連問題を解き直してください。","<table class=""seo-info-table""><thead><tr><th>比較</th><th>防火設備</th><th>建築基準法</th></tr></thead><tbody><tr><th>覚え方</th><td>防火設備の定義・要件・効果を条文・規約根拠と対応づける</td><td>関連ページで対比</td></tr></tbody></table>",防火設備の定義・要件・効果を条文・規約根拠と対応づける;消防法の根拠を明示できる;関連語（建築基準法、エレベーター、昇降機）との違いを説明できる,防火設備を類似語と同一視する;要件の一部だけ暗記して判断する;最新の改正・規約改定を見落とす。,防火設備＝消防法。建築基準法と表で対比。（関連用語とセットで暗記）。,防火設備に関する次の記述のうち、最も適切でないものはどれか。,防火設備の定義・要件と照らし、条件を満たさない選択肢を選ぶ。,防火設備の定義を試験用に一言で言うと？,「防火設備の定義を試験用に一言で言うと？」への答え：防火設備は建築・設備分野では消防法に関する重要概念です。根拠は消防法。条文番号と要件をメモに書き出して確認する。条文番号と要件をメモに書き出して確認する。条文番号と要件をメモに書き出して確認する。公式テキスト該当章を開く。,防火設備と混同しやすい論点は？,試験の出方：消防法の根拠を明示できる。四択では条件の主語と効果を分離して読む。過去問で出題形式と正答率を週1回チェックする。過去問で出題形式と正答率を週1回チェックする。過去問で出題形式と正答率を週1回チェックする。過去問で出題形式と正答率を週1回チェックする。過去問1問で正答率を記録する。,誤答の典型：防火設備を類似語と同一視する;要件の一部だけ暗記して判断する;最新の改正・規約改定を見落とす。一語差の選択肢に注意。誤答肢のパターンを比較表に整理して復習する。誤答肢のパターンを比較表に整理して復習する。誤答肢のパターンを比較表に整理して復習する。誤答肢を比較表に書き出す。,防火設備とは何ですか？,学習の次段：「建築基準法」と比較表で整理し、numbers / compare から過去問へ。関連用語ハブと比較ページへ進んで定着を確認する。関連用語ハブと比較ページへ進んで定着を確認する。関連用語ハブと比較ページへ進んで定着を確認する。関連用語ハブと比較ページへ進んで定着を確認する。用語ハブ compare へ進む。,防火設備とは何ですか？
附属共用部分,区分所有法,区分所有法;共用部分,附属共用部分は区分所有法分野では区分所有法に関する重要概念です。,附属共用部分は、附属共用部分は区分所有法分野では区分所有法に関する重要概念です。マンション等の区分所有関係を定める基本法。専用部分・共用部分・管理組合が柱。,専有部分;共用部分;管理組合,区分所有法,B,過去問では附属共用部分の定義・要件・効果を条文・規約根拠と対応づけるが問われます。附属共用部分を類似語と同一視する選択肢に注意してください。附属共用部分は区分所有法分野では区分所有法に関する重要概念です。管理業務主。,附属共用部分とは？管理業務主任者試験で押さえる意味と試験ポイント,附属共用部分の意味と管理業務主任者試験での判定ポイントを、区分所有法の文脈で整理します。附属共用部分は、附属共用部分は区分所有法分野では区分所有法に関する重要概念です。マンション等の区分所有関係を定める基本法。専用部分・共用部分・管理組合が柱。,"附属共用部分は区分所有法分野では区分所有法に関する重要概念です。管理業務主任者試験では、区分所有法を根拠に定義・要件・効果を問う問題が出ます。

実務・試験ともに「附属共用部分の定義・要件・効果を条文・規約根拠と対応づける」が判断の軸になります。選択肢では附属共用部分を類似語と同一視する肢が多いため、要件の欠けた肢を消去する思考が有効です。

附属共用部分は専有部分、共用部分、管理組合とセットで整理すると理解が定着します。管業マスターの過去問・実践演習で区分所有法フィルタを使い、関連問題を解き直してください。","<table class=""seo-info-table""><thead><tr><th>比較</th><th>附属共用部分</th><th>専有部分</th></tr></thead><tbody><tr><th>覚え方</th><td>附属共用部分の定義・要件・効果を条文・規約根拠と対応づける</td><td>関連ページで対比</td></tr></tbody></table>",附属共用部分の定義・要件・効果を条文・規約根拠と対応づける;区分所有法の根拠を明示できる;関連語（専有部分、共用部分、管理組合）との違いを説明できる,附属共用部分を類似語と同一視する;要件の一部だけ暗記して判断する;最新の改正・規約改定を見落とす。,附属共用部分＝区分所有法。専有部分と表で対比。（関連用語とセットで暗記）。,附属共用部分に関する次の記述のうち、最も適切でないものはどれか。,附属共用部分の定義・要件と照らし、条件を満たさない選択肢を選ぶ。,附属共用部分の定義を試験用に一言で言うと？,「附属共用部分の定義を試験用に一言で言うと？」への答え：附属共用部分は区分所有法分野では区分所有法に関する重要概念です。根拠は区分所有法。条文番号と要件をメモに書き出して確認する。条文番号と要件をメモに書き出して確認する。条文番号と要件をメモに書き出して確認する。公式テキスト該当章を開く。,附属共用部分と混同しやすい論点は？,試験の出方：区分所有法の根拠を明示できる。四択では条件の主語と効果を分離して読む。過去問で出題形式と正答率を週1回チェックする。過去問で出題形式と正答率を週1回チェックする。過去問で出題形式と正答率を週1回チェックする。過去問で出題形式と正答率を週1回チェックする。過去問1問で正答率を記録する。,誤答の典型：附属共用部分を類似語と同一視する;要件の一部だけ暗記して判断する;最新の改正・規約改定を見落とす。一語差の選択肢に注意。誤答肢のパターンを比較表に整理して復習する。誤答肢のパターンを比較表に整理して復習する。誤答肢のパターンを比較表に整理して復習する。誤答肢を比較表に書き出す。,附属共用部分とは何ですか？,学習の次段：「専有部分」と比較表で整理し、numbers / compare から過去問へ。関連用語ハブと比較ページへ進んで定着を確認する。関連用語ハブと比較ページへ進んで定着を確認する。関連用語ハブと比較ページへ進んで定着を確認する。関連用語ハブと比較ページへ進んで定着を確認する。用語ハブ compare へ進む。,附属共用部分とは何ですか？
集会招集,標準管理規約,標準管理規約;頻出;総会,総会招集の手続。通知・議案・招集期間。,集会招集は、総会招集の手続。通知・議案・招集期間。管理組合の運営ルールのモデル。総会・理事会・決議要件が頻出。,マンション標準管理規約;理事長;総会決議,標準管理規約,A,過去問では集会招集の定義・要件・効果を条文・規約根拠と対応づけるが問われます。集会招集を類似語と同一視する選択肢に注意してください。総会招集の手続。通知・議案・招集期間。管理業務主任者試験では、標準管理規約を根。,集会招集とは？管理業務主任者試験で押さえる意味と試験ポイント,集会招集の意味と管理業務主任者試験での判定ポイントを、標準管理規約の文脈で整理します。集会招集は、総会招集の手続。通知・議案・招集期間。管理組合の運営ルールのモデル。総会・理事会・決議要件が頻出。,"総会招集の手続。通知・議案・招集期間。管理業務主任者試験では、標準管理規約を根拠に定義・要件・効果を問う問題が出ます。

実務・試験ともに「集会招集の定義・要件・効果を条文・規約根拠と対応づける」が判断の軸になります。選択肢では集会招集を類似語と同一視する肢が多いため、要件の欠けた肢を消去する思考が有効です。

集会招集はマンション標準管理規約、理事長、総会決議とセットで整理すると理解が定着します。管業マスターの過去問・実践演習で標準管理規約フィルタを使い、関連問題を解き直してください。","<table class=""seo-info-table""><thead><tr><th>比較</th><th>集会招集</th><th>マンション標準管理規約</th></tr></thead><tbody><tr><th>覚え方</th><td>集会招集の定義・要件・効果を条文・規約根拠と対応づける</td><td>関連ページで対比</td></tr></tbody></table>",集会招集の定義・要件・効果を条文・規約根拠と対応づける;標準管理規約の根拠を明示できる;関連語（マンション標準管理規約、理事長、総会決議）との違いを説明できる,集会招集を類似語と同一視する;要件の一部だけ暗記して判断する;最新の改正・規約改定を見落とす。,集会招集＝標準管理規約。マンション標準管理規約と表で対比。,集会招集に関する次の記述のうち、最も適切でないものはどれか。,集会招集の定義・要件・効果を条文・規約根拠と対応づける。集会招集を類似語と同一視するとする記述が誤りになりやすい。,集会招集の定義を試験用に一言で言うと？,「集会招集の定義を試験用に一言で言うと？」への答え：総会招集の手続。通知・議案・招集期間。根拠は標準管理規約。条文番号と要件をメモに書き出して確認する。条文番号と要件をメモに書き出して確認する。条文番号と要件をメモに書き出して確認する。条文番号と要件をメモに書き出して確認する。公式テキスト該当章を開く。,集会招集と混同しやすい論点は？,試験の出方：標準管理規約の根拠を明示できる。四択では条件の主語と効果を分離して読む。過去問で出題形式と正答率を週1回チェックする。過去問で出題形式と正答率を週1回チェックする。過去問で出題形式と正答率を週1回チェックする。過去問で出題形式と正答率を週1回チェックする。過去問1問で正答率を記録する。,誤答の典型：集会招集を類似語と同一視する;要件の一部だけ暗記して判断する;最新の改正・規約改定を見落とす。一語差の選択肢に注意。誤答肢のパターンを比較表に整理して復習する。誤答肢のパターンを比較表に整理して復習する。誤答肢のパターンを比較表に整理して復習する。誤答肢を比較表に書き出す。,集会招集とは何ですか？,学習の次段：「マンション標準管理規約」と比較表で整理し、numbers / compare から過去問へ。関連用語ハブと比較ページへ進んで定着を確認する。関連用語ハブと比較ページへ進んで定着を確認する。関連用語ハブと比較ページへ進んで定着を確認する。用語ハブ compare へ進む。,集会招集とは何ですか？
非常用エレベーター,建築・設備,建築・設備;設備,非常用エレベーターは建築・設備分野では建築基準法に関する重要概念です。,非常用エレベーターは、非常用エレベーターは建築・設備分野では建築基準法に関する重要概念です。建築基準法・消防法・昇降機規則等に基づく建物・設備の安全と維持。,建築基準法;エレベーター;昇降機,建築基準法,B,過去問では非常用エレベーターの定義・要件・効果を条文・規約根拠と対応づけるが問われます。非常用エレベーターを類似語と同一視する選択肢に注意してください。非常用エレベーターは建築・設備分野では建築基準法に関する重要概念です。管理。,非常用エレベーターとは？管理業務主任者で押さえる意味と試験ポイント,非常用エレベーターの意味と管理業務主任者試験での判定ポイントを、建築基準法の文脈で整理します。非常用エレベーターは、非常用エレベーターは建築・設備分野では建築基準法に関する重要概念です。建築基準法・消防法・昇降機規則等に基づく建物・設備の安全と維持。,"非常用エレベーターは建築・設備分野では建築基準法に関する重要概念です。管理業務主任者試験では、建築基準法を根拠に定義・要件・効果を問う問題が出ます。

実務・試験ともに「非常用エレベーターの定義・要件・効果を条文・規約根拠と対応づける」が判断の軸になります。選択肢では非常用エレベーターを類似語と同一視する肢が多いため、要件の欠けた肢を消去する思考が有効です。

非常用エレベーターは建築基準法、エレベーター、昇降機とセットで整理すると理解が定着します。管業マスターの過去問・実践演習で建築・設備フィルタを使い、関連問題を解き直してください。","<table class=""seo-info-table""><thead><tr><th>比較</th><th>非常用エレベーター</th><th>建築基準法</th></tr></thead><tbody><tr><th>覚え方</th><td>非常用エレベーターの定義・要件・効果を条文・規約根拠と対応づける</td><td>関連ページで対比</td></tr></tbody></table>",非常用エレベーターの定義・要件・効果を条文・規約根拠と対応づける;建築基準法の根拠を明示できる;関連語（建築基準法、エレベーター、昇降機）との違いを説明できる,非常用エレベーターを類似語と同一視する;要件の一部だけ暗記して判断する;最新の改正・規約改定を見落とす。,非常用エレベーター＝建築基準法。建築基準法と表で対比。,非常用エレベーターに関する次の記述のうち、最も適切でないものはどれか。,非常用エレベーターの定義・要件と照らし、条件を満たさない選択肢を選ぶ。,非常用エレベーターの定義を試験用に一言で言うと？,「非常用エレベーターの定義を試験用に一言で言うと？」への答え：非常用エレベーターは建築・設備分野では建築基準法に関する重要概念です。根拠は建築基準法。条文番号と要件をメモに書き出して確認する。条文番号と要件をメモに書き出して確認する。条文番号と要件をメモに書き出して確認する。公式テキスト該当章を開く。,非常用エレベーターと混同しやすい論点は？,試験の出方：建築基準法の根拠を明示できる。四択では条件の主語と効果を分離して読む。過去問で出題形式と正答率を週1回チェックする。過去問で出題形式と正答率を週1回チェックする。過去問で出題形式と正答率を週1回チェックする。過去問で出題形式と正答率を週1回チェックする。過去問1問で正答率を記録する。,誤答の典型：非常用エレベーターを類似語と同一視する;要件の一部だけ暗記して判断する;最新の改正・規約改定を見落とす。一語差の選択肢に注意。誤答肢のパターンを比較表に整理して復習する。誤答肢のパターンを比較表に整理して復習する。誤答肢のパターンを比較表に整理して復習する。誤答肢を比較表に書き出す。,非常用エレベーターとは何ですか？,学習の次段：「建築基準法」と比較表で整理し、numbers / compare から過去問へ。関連用語ハブと比較ページへ進んで定着を確認する。関連用語ハブと比較ページへ進んで定着を確認する。関連用語ハブと比較ページへ進んで定着を確認する。関連用語ハブと比較ページへ進んで定着を確認する。用語ハブ compare へ進む。,非常用エレベーターとは何ですか？
非常用照明,建築・設備,建築・設備;頻出;設備,停電時の避難用照明。消防法上の設備。,非常用照明は、停電時の避難用照明。消防法上の設備。建築基準法・消防法・昇降機規則等に基づく建物・設備の安全と維持。,建築基準法;エレベーター;昇降機,消防法,A,過去問では非常用照明の定義・要件・効果を条文・規約根拠と対応づけるが問われます。非常用照明を類似語と同一視する選択肢に注意してください。停電時の避難用照明。消防法上の設備。管理業務主任者試験では、消防法を根拠に定義。,非常用照明とは？管理業務主任者で押さえる意味と試験ポイント,非常用照明の意味と管理業務主任者試験での判定ポイントを、消防法の文脈で整理します。非常用照明は、停電時の避難用照明。消防法上の設備。建築基準法・消防法・昇降機規則等に基づく建物・設備の安全と維持。,"停電時の避難用照明。消防法上の設備。管理業務主任者試験では、消防法を根拠に定義・要件・効果を問う問題が出ます。

実務・試験ともに「非常用照明の定義・要件・効果を条文・規約根拠と対応づける」が判断の軸になります。選択肢では非常用照明を類似語と同一視する肢が多いため、要件の欠けた肢を消去する思考が有効です。

非常用照明は建築基準法、エレベーター、昇降機とセットで整理すると理解が定着します。管業マスターの過去問・実践演習で建築・設備フィルタを使い、関連問題を解き直してください。","<table class=""seo-info-table""><thead><tr><th>比較</th><th>非常用照明</th><th>建築基準法</th></tr></thead><tbody><tr><th>覚え方</th><td>非常用照明の定義・要件・効果を条文・規約根拠と対応づける</td><td>関連ページで対比</td></tr></tbody></table>",非常用照明の定義・要件・効果を条文・規約根拠と対応づける;消防法の根拠を明示できる;関連語（建築基準法、エレベーター、昇降機）との違いを説明できる,非常用照明を類似語と同一視する;要件の一部だけ暗記して判断する;最新の改正・規約改定を見落とす。,非常用照明＝消防法。建築基準法と表で対比。（関連用語とセットで暗記）。,非常用照明に関する次の記述のうち、最も適切でないものはどれか。,非常用照明の定義・要件・効果を条文・規約根拠と対応づける。非常用照明を類似語と同一視するとする記述が誤りになりやすい。,非常用照明の定義を試験用に一言で言うと？,「非常用照明の定義を試験用に一言で言うと？」への答え：停電時の避難用照明。消防法上の設備。根拠は消防法。条文番号と要件をメモに書き出して確認する。条文番号と要件をメモに書き出して確認する。条文番号と要件をメモに書き出して確認する。条文番号と要件をメモに書き出して確認する。公式テキスト該当章を開く。,非常用照明と混同しやすい論点は？,試験の出方：消防法の根拠を明示できる。四択では条件の主語と効果を分離して読む。過去問で出題形式と正答率を週1回チェックする。過去問で出題形式と正答率を週1回チェックする。過去問で出題形式と正答率を週1回チェックする。過去問で出題形式と正答率を週1回チェックする。過去問1問で正答率を記録する。,誤答の典型：非常用照明を類似語と同一視する;要件の一部だけ暗記して判断する;最新の改正・規約改定を見落とす。一語差の選択肢に注意。誤答肢のパターンを比較表に整理して復習する。誤答肢のパターンを比較表に整理して復習する。誤答肢のパターンを比較表に整理して復習する。誤答肢を比較表に書き出す。,非常用照明とは何ですか？,学習の次段：「建築基準法」と比較表で整理し、numbers / compare から過去問へ。関連用語ハブと比較ページへ進んで定着を確認する。関連用語ハブと比較ページへ進んで定着を確認する。関連用語ハブと比較ページへ進んで定着を確認する。関連用語ハブと比較ページへ進んで定着を確認する。用語ハブ compare へ進む。,非常用照明とは何ですか？
預り金,会計・税務,会計・税務;頻出;会計,管理組合名義で預かる金銭。管理費等と区分して管理（委託契約書）。,預り金は、管理組合名義で預かる金銭。管理費等と区分して管理（委託契約書）。管理組合の会計処理・財務報告・税務上の取扱い。,管理費等;前受金;決算,標準管理委託契約書,A,過去問では預り金の定義・要件・効果を条文・規約根拠と対応づけるが問われます。預り金を類似語と同一視する選択肢に注意してください。管理組合名義で預かる金銭。管理費等と区分して管理（委託契約書）。管理業務主任者。,預り金とは？管理業務主任者で押さえる意味と試験ポイント,預り金の意味と管理業務主任者試験での判定ポイントを、標準管理委託契約書の文脈で整理します。預り金は、管理組合名義で預かる金銭。管理費等と区分して管理（委託契約書）。管理組合の会計処理・財務報告・税務上の取扱い。,"管理組合名義で預かる金銭。管理費等と区分して管理（委託契約書）。管理業務主任者試験では、標準管理委託契約書を根拠に定義・要件・効果を問う問題が出ます。

実務・試験ともに「預り金の定義・要件・効果を条文・規約根拠と対応づける」が判断の軸になります。選択肢では預り金を類似語と同一視する肢が多いため、要件の欠けた肢を消去する思考が有効です。

預り金は管理費等、前受金、決算とセットで整理すると理解が定着します。管業マスターの過去問・実践演習で会計・税務フィルタを使い、関連問題を解き直してください。","<table class=""seo-info-table""><thead><tr><th>比較</th><th>預り金</th><th>前受金</th></tr></thead><tbody><tr><th>覚え方</th><td>預り金の定義・要件・効果を条文・規約根拠と対応づける</td><td>関連ページで対比</td></tr></tbody></table>",預り金の定義・要件・効果を条文・規約根拠と対応づける;標準管理委託契約書の根拠を明示できる;関連語（管理費等、前受金、決算）との違いを説明できる,預り金を類似語と同一視する;要件の一部だけ暗記して判断する;最新の改正・規約改定を見落とす。,預り金＝標準管理委託契約書。前受金と表で対比。（関連用語とセットで暗記）。,預り金に関する次の記述のうち、最も適切でないものはどれか。,預り金の定義・要件・効果を条文・規約根拠と対応づける。預り金を類似語と同一視するとする記述が誤りになりやすい。,預り金の定義を試験用に一言で言うと？,「預り金の定義を試験用に一言で言うと？」への答え：管理組合名義で預かる金銭。管理費等と区分して管理（委託契約書）。根拠は標準管理委託契約書。条文番号と要件をメモに書き出して確認する。条文番号と要件をメモに書き出して確認する。条文番号と要件をメモに書き出して確認する。公式テキスト該当章を開く。,預り金と混同しやすい論点は？,試験の出方：標準管理委託契約書の根拠を明示できる。四択では条件の主語と効果を分離して読む。過去問で出題形式と正答率を週1回チェックする。過去問で出題形式と正答率を週1回チェックする。過去問で出題形式と正答率を週1回チェックする。過去問で出題形式と正答率を週1回チェックする。過去問1問で正答率を記録する。,誤答の典型：預り金を類似語と同一視する;要件の一部だけ暗記して判断する;最新の改正・規約改定を見落とす。一語差の選択肢に注意。誤答肢のパターンを比較表に整理して復習する。誤答肢のパターンを比較表に整理して復習する。誤答肢のパターンを比較表に整理して復習する。誤答肢を比較表に書き出す。,預り金とは何ですか？,学習の次段：「管理費等」と比較表で整理し、numbers / compare から過去問へ。関連用語ハブと比較ページへ進んで定着を確認する。関連用語ハブと比較ページへ進んで定着を確認する。関連用語ハブと比較ページへ進んで定着を確認する。関連用語ハブと比較ページへ進んで定着を確認する。用語ハブ compare へ進む。,預り金とは何ですか？
駐車場使用料,会計・税務,会計・税務;頻出;会計,専用使用等の対価。収入の会計処理。,"駐車場使用料は、専用使用等の対価。収入の会計処理。管理組合の会計処理・財務報告・税務上の取扱い。専用使用等の対価。収入の会計処理。管理業務主任者試験では、標準管理規約を根拠に定義・要件・効果を問う問題が出ます。

実務・試験ともに「駐車場使用料の定義・要件・効果を条文・規約根拠と対応づける」が判断の軸になります。選択肢では駐車場使用。",管理費等;前受金;預り金,標準管理規約,A,過去問では駐車場使用料の定義・要件・効果を条文・規約根拠と対応づけるが問われます。駐車場使用料を類似語と同一視する選択肢に注意してください。専用使用等の対価。収入の会計処理。管理業務主任者試験では、標準管理規約を根拠に。,駐車場使用料とは？管理業務主任者で押さえる意味と試験ポイント,"駐車場使用料の意味と管理業務主任者試験での判定ポイントを、標準管理規約の文脈で整理します。駐車場使用料は、専用使用等の対価。収入の会計処理。管理組合の会計処理・財務報告・税務上の取扱い。専用使用等の対価。収入の会計処理。管理業務主任者試験では、標準管理規約を根拠に定義・要件・効果を問う問題が出ます。

実務・試験ともに「駐車場使用料の定義・要件・効果を条文・規約根拠と対応づける」が判断の軸になります。選択肢では駐車場使用。","専用使用等の対価。収入の会計処理。管理業務主任者試験では、標準管理規約を根拠に定義・要件・効果を問う問題が出ます。

実務・試験ともに「駐車場使用料の定義・要件・効果を条文・規約根拠と対応づける」が判断の軸になります。選択肢では駐車場使用料を類似語と同一視する肢が多いため、要件の欠けた肢を消去する思考が有効です。

駐車場使用料は管理費等、前受金、預り金とセットで整理すると理解が定着します。管業マスターの過去問・実践演習で会計・税務フィルタを使い、関連問題を解き直してください。","<table class=""seo-info-table""><thead><tr><th>比較</th><th>駐車場使用料</th><th>管理費等</th></tr></thead><tbody><tr><th>覚え方</th><td>駐車場使用料の定義・要件・効果を条文・規約根拠と対応づける</td><td>関連ページで対比</td></tr></tbody></table>",駐車場使用料の定義・要件・効果を条文・規約根拠と対応づける;標準管理規約の根拠を明示できる;関連語（管理費等、前受金、預り金）との違いを説明できる,駐車場使用料を類似語と同一視する;要件の一部だけ暗記して判断する;最新の改正・規約改定を見落とす。,駐車場使用料＝標準管理規約。管理費等と表で対比。（関連用語とセットで暗記）。,駐車場使用料に関する次の記述のうち、最も適切でないものはどれか。,駐車場使用料の定義・要件・効果を条文・規約根拠と対応づける。駐車場使用料を類似語と同一視するとする記述が誤りになりやすい。,駐車場使用料の定義を試験用に一言で言うと？,「駐車場使用料の定義を試験用に一言で言うと？」への答え：専用使用等の対価。収入の会計処理。根拠は標準管理規約。条文番号と要件をメモに書き出して確認する。条文番号と要件をメモに書き出して確認する。条文番号と要件をメモに書き出して確認する。条文番号と要件をメモに書き出して確認する。公式テキスト該当章を開く。,駐車場使用料と混同しやすい論点は？,試験の出方：標準管理規約の根拠を明示できる。四択では条件の主語と効果を分離して読む。過去問で出題形式と正答率を週1回チェックする。過去問で出題形式と正答率を週1回チェックする。過去問で出題形式と正答率を週1回チェックする。過去問で出題形式と正答率を週1回チェックする。過去問1問で正答率を記録する。,誤答の典型：駐車場使用料を類似語と同一視する;要件の一部だけ暗記して判断する;最新の改正・規約改定を見落とす。一語差の選択肢に注意。誤答肢のパターンを比較表に整理して復習する。誤答肢のパターンを比較表に整理して復習する。誤答肢のパターンを比較表に整理して復習する。誤答肢を比較表に書き出す。,駐車場使用料とは何ですか？,学習の次段：「管理費等」と比較表で整理し、numbers / compare から過去問へ。関連用語ハブと比較ページへ進んで定着を確認する。関連用語ハブと比較ページへ進んで定着を確認する。関連用語ハブと比較ページへ進んで定着を確認する。関連用語ハブと比較ページへ進んで定着を確認する。用語ハブ compare へ進む。,駐車場使用料とは何ですか？
駐車場使用細則,標準管理規約,標準管理規約;専用使用,駐車場使用細則は標準管理規約分野では標準管理規約に関する重要概念です。,駐車場使用細則は、駐車場使用細則は標準管理規約分野では標準管理規約に関する重要概念です。管理組合の運営ルールのモデル。総会・理事会・決議要件が頻出。,マンション標準管理規約;理事長;総会決議,標準管理規約,B,過去問では駐車場使用細則の定義・要件・効果を条文・規約根拠と対応づけるが問われます。駐車場使用細則を類似語と同一視する選択肢に注意してください。駐車場使用細則は標準管理規約分野では標準管理規約に関する重要概念です。管理。,駐車場使用細則とは？管理業務主任者試験で押さえる意味と試験ポイント,駐車場使用細則の意味と管理業務主任者試験での判定ポイントを、標準管理規約の文脈で整理します。駐車場使用細則は、駐車場使用細則は標準管理規約分野では標準管理規約に関する重要概念です。管理組合の運営ルールのモデル。総会・理事会・決議要件が頻出。,"駐車場使用細則は標準管理規約分野では標準管理規約に関する重要概念です。管理業務主任者試験では、標準管理規約を根拠に定義・要件・効果を問う問題が出ます。

実務・試験ともに「駐車場使用細則の定義・要件・効果を条文・規約根拠と対応づける」が判断の軸になります。選択肢では駐車場使用細則を類似語と同一視する肢が多いため、要件の欠けた肢を消去する思考が有効です。

駐車場使用細則はマンション標準管理規約、理事長、総会決議とセットで整理すると理解が定着します。管業マスターの過去問・実践演習で標準管理規約フィルタを使い、関連問題を解き直してください。","<table class=""seo-info-table""><thead><tr><th>比較</th><th>駐車場使用細則</th><th>マンション標準管理規約</th></tr></thead><tbody><tr><th>覚え方</th><td>駐車場使用細則の定義・要件・効果を条文・規約根拠と対応づける</td><td>関連ページで対比</td></tr></tbody></table>",駐車場使用細則の定義・要件・効果を条文・規約根拠と対応づける;標準管理規約の根拠を明示できる;関連語（マンション標準管理規約、理事長、総会決議）との違いを説明できる,駐車場使用細則を類似語と同一視する;要件の一部だけ暗記して判断する;最新の改正・規約改定を見落とす。,駐車場使用細則＝標準管理規約。マンション標準管理規約と表で対比。,駐車場使用細則に関する次の記述のうち、最も適切でないものはどれか。,駐車場使用細則の定義・要件と照らし、条件を満たさない選択肢を選ぶ。,駐車場使用細則の定義を試験用に一言で言うと？,「駐車場使用細則の定義を試験用に一言で言うと？」への答え：駐車場使用細則は標準管理規約分野では標準管理規約に関する重要概念です。根拠は標準管理規約。条文番号と要件をメモに書き出して確認する。条文番号と要件をメモに書き出して確認する。条文番号と要件をメモに書き出して確認する。公式テキスト該当章を開く。,駐車場使用細則と混同しやすい論点は？,試験の出方：標準管理規約の根拠を明示できる。四択では条件の主語と効果を分離して読む。過去問で出題形式と正答率を週1回チェックする。過去問で出題形式と正答率を週1回チェックする。過去問で出題形式と正答率を週1回チェックする。過去問で出題形式と正答率を週1回チェックする。過去問1問で正答率を記録する。,誤答の典型：駐車場使用細則を類似語と同一視する;要件の一部だけ暗記して判断する;最新の改正・規約改定を見落とす。一語差の選択肢に注意。誤答肢のパターンを比較表に整理して復習する。誤答肢のパターンを比較表に整理して復習する。誤答肢のパターンを比較表に整理して復習する。誤答肢を比較表に書き出す。,駐車場使用細則とは何ですか？,学習の次段：「マンション標準管理規約」と比較表で整理し、numbers / compare から過去問へ。関連用語ハブと比較ページへ進んで定着を確認する。関連用語ハブと比較ページへ進んで定着を確認する。関連用語ハブと比較ページへ進んで定着を確認する。用語ハブ compare へ進む。,駐車場使用細則とは何ですか？
駐車場設備,建築・設備,建築・設備;設備,駐車場設備は建築・設備分野では建築基準法に関する重要概念です。,駐車場設備は、駐車場設備は建築・設備分野では建築基準法に関する重要概念です。建築基準法・消防法・昇降機規則等に基づく建物・設備の安全と維持。,建築基準法;エレベーター;昇降機,建築基準法,B,過去問では駐車場設備の定義・要件・効果を条文・規約根拠と対応づけるが問われます。駐車場設備を類似語と同一視する選択肢に注意してください。駐車場設備は建築・設備分野では建築基準法に関する重要概念です。管理業務主任。,駐車場設備とは？管理業務主任者で押さえる意味と試験ポイント,駐車場設備の意味と管理業務主任者試験での判定ポイントを、建築基準法の文脈で整理します。駐車場設備は、駐車場設備は建築・設備分野では建築基準法に関する重要概念です。建築基準法・消防法・昇降機規則等に基づく建物・設備の安全と維持。,"駐車場設備は建築・設備分野では建築基準法に関する重要概念です。管理業務主任者試験では、建築基準法を根拠に定義・要件・効果を問う問題が出ます。

実務・試験ともに「駐車場設備の定義・要件・効果を条文・規約根拠と対応づける」が判断の軸になります。選択肢では駐車場設備を類似語と同一視する肢が多いため、要件の欠けた肢を消去する思考が有効です。

駐車場設備は建築基準法、エレベーター、昇降機とセットで整理すると理解が定着します。管業マスターの過去問・実践演習で建築・設備フィルタを使い、関連問題を解き直してください。","<table class=""seo-info-table""><thead><tr><th>比較</th><th>駐車場設備</th><th>建築基準法</th></tr></thead><tbody><tr><th>覚え方</th><td>駐車場設備の定義・要件・効果を条文・規約根拠と対応づける</td><td>関連ページで対比</td></tr></tbody></table>",駐車場設備の定義・要件・効果を条文・規約根拠と対応づける;建築基準法の根拠を明示できる;関連語（建築基準法、エレベーター、昇降機）との違いを説明できる,駐車場設備を類似語と同一視する;要件の一部だけ暗記して判断する;最新の改正・規約改定を見落とす。,駐車場設備＝建築基準法。建築基準法と表で対比。（関連用語とセットで暗記）。,駐車場設備に関する次の記述のうち、最も適切でないものはどれか。,駐車場設備の定義・要件と照らし、条件を満たさない選択肢を選ぶ。,駐車場設備の定義を試験用に一言で言うと？,「駐車場設備の定義を試験用に一言で言うと？」への答え：駐車場設備は建築・設備分野では建築基準法に関する重要概念です。根拠は建築基準法。条文番号と要件をメモに書き出して確認する。条文番号と要件をメモに書き出して確認する。条文番号と要件をメモに書き出して確認する。公式テキスト該当章を開く。,駐車場設備と混同しやすい論点は？,試験の出方：建築基準法の根拠を明示できる。四択では条件の主語と効果を分離して読む。過去問で出題形式と正答率を週1回チェックする。過去問で出題形式と正答率を週1回チェックする。過去問で出題形式と正答率を週1回チェックする。過去問で出題形式と正答率を週1回チェックする。過去問1問で正答率を記録する。,誤答の典型：駐車場設備を類似語と同一視する;要件の一部だけ暗記して判断する;最新の改正・規約改定を見落とす。一語差の選択肢に注意。誤答肢のパターンを比較表に整理して復習する。誤答肢のパターンを比較表に整理して復習する。誤答肢のパターンを比較表に整理して復習する。誤答肢を比較表に書き出す。,駐車場設備とは何ですか？,学習の次段：「建築基準法」と比較表で整理し、numbers / compare から過去問へ。関連用語ハブと比較ページへ進んで定着を確認する。関連用語ハブと比較ページへ進んで定着を確認する。関連用語ハブと比較ページへ進んで定着を確認する。関連用語ハブと比較ページへ進んで定着を確認する。用語ハブ compare へ進む。,駐車場設備とは何ですか？
