slug,genre,title,meta_description,lead,priority,tags,author_name,author_profile,reviewer_name,reviewer_profile,fact_checked_at,primary_sources,original_note,user_intent,action_items,update_policy,last_reviewed_at,next_review_at,source_checked_at,content_status,revision_note,section_1_heading,section_1_body,section_2_heading,section_2_body,section_3_heading,section_3_body,section_4_heading,section_4_body,section_5_heading,section_5_body,section_6_heading,section_6_body,section_7_heading,section_7_body,faq_1_question,faq_1_answer,faq_2_question,faq_2_answer,related_links
exam-overview,試験概要,管理業務主任者試験の概要と最初に確認するポイント,管理業務主任者試験の概要と最初に確認するポイントについて、公式情報の確認方法と学習の進め方を整理します。受験前に押さえるべきポイントと、このサイトでの演習・用語解説の活用法を解説します。,管理業務主任者試験の受験を検討し始めた人向けに、最初に確認すべき情報と学習サイトでの進め方をまとめます。,10,試験概要;公式情報,管業マスター編集部,資格学習サイトの編集チーム,公式情報確認担当,公開前に一次情報との照合を行う担当者,2026-05-30,管理業務主任者試験センター（公式）|https://www.mankan.or.jp/,公式情報の確認順序とサイト内演習への導線をセットにした概要記事です。,本記事を読むと、管理業務主任者試験の概要と最初に確認するポイントについて、公式情報で確認すべき点と、このサイトでの学習の進め方が分かります。読了後は行動チェックリストに沿って演習・用語確認まで進められる状態を目指します。,公式サイトを開いて最新年度を確認する;出題範囲をメモする;過去問一覧へ進む,試験要項や公式ページが更新されたタイミングで本文と参照元を見直します。,2026-05-30,2026-06-29,2026-05-30,published,初期テンプレート記事として作成。対象資格に合わせて公式情報と本文を差し替える。,まず確認する公式情報,"管理業務主任者試験の試験概要について、「まず確認する公式情報」の観点で整理します。制度・数値・日程は年度や改正で変わるため、学習前と申込前には管理業務主任者試験センター（公式）の最新情報を確認してください。非公式まとめは参考程度にし、最終判断は必ず公式要項に置きます。

このサイトでは過去問・用語解説・比較表を組み合わせ、試験概要で迷った論点を解き直せます。間違えた問題は理由を短くメモし、関連用語で定義と選択肢の論点を確認してから同分野へ戻ると定着しやすくなります。",このサイトで確認できること,"管理業務主任者試験の試験概要について、「このサイトで確認できること」の観点で整理します。制度・数値・日程は年度や改正で変わるため、学習前と申込前には管理業務主任者試験センター（公式）の最新情報を確認してください。非公式まとめは参考程度にし、最終判断は必ず公式要項に置きます。

このサイトでは過去問・用語解説・比較表を組み合わせ、試験概要で迷った論点を解き直せます。間違えた問題は理由を短くメモし、関連用語で定義と選択肢の論点を確認してから同分野へ戻ると定着しやすくなります。",受験前に押さえる項目,"管理業務主任者試験の試験概要について、「受験前に押さえる項目」の観点で整理します。制度・数値・日程は年度や改正で変わるため、学習前と申込前には管理業務主任者試験センター（公式）の最新情報を確認してください。非公式まとめは参考程度にし、最終判断は必ず公式要項に置きます。

このサイトでは過去問・用語解説・比較表を組み合わせ、試験概要で迷った論点を解き直せます。間違えた問題は理由を短くメモし、関連用語で定義と選択肢の論点を確認してから同分野へ戻ると定着しやすくなります。",公式情報の更新に注意,"管理業務主任者試験の試験概要について、「公式情報の更新に注意」の観点で整理します。制度・数値・日程は年度や改正で変わるため、学習前と申込前には管理業務主任者試験センター（公式）の最新情報を確認してください。非公式まとめは参考程度にし、最終判断は必ず公式要項に置きます。

このサイトでは過去問・用語解説・比較表を組み合わせ、試験概要で迷った論点を解き直せます。間違えた問題は理由を短くメモし、関連用語で定義と選択肢の論点を確認してから同分野へ戻ると定着しやすくなります。",次に読むページ,"管理業務主任者試験の試験概要について、「次に読むページ」の観点で整理します。制度・数値・日程は年度や改正で変わるため、学習前と申込前には管理業務主任者試験センター（公式）の最新情報を確認してください。非公式まとめは参考程度にし、最終判断は必ず公式要項に置きます。

このサイトでは過去問・用語解説・比較表を組み合わせ、試験概要で迷った論点を解き直せます。間違えた問題は理由を短くメモし、関連用語で定義と選択肢の論点を確認してから同分野へ戻ると定着しやすくなります。",,,,,公式情報はどこで確認しますか？,管理業務主任者試験の試験概要に関する質問「公式情報はどこで確認しますか」について、まず公式要項で最新の制度を確認してください。本サイトでは過去問演習と用語解説で、試験概要の理解度を具体的に確かめられます。数値や期限は資格ごとに異なるため、本文の例は必ず公式情報と照合してください。,この記事は何に使いますか？,管理業務主任者試験の試験概要に関する質問「この記事は何に使いますか」について、まず公式要項で最新の制度を確認してください。本サイトでは過去問演習と用語解説で、試験概要の理解度を具体的に確かめられます。数値や期限は資格ごとに異なるため、本文の例は必ず公式情報と照合してください。,study-plan:学習計画の立て方;past-question-strategy:過去問の使い方
study-plan,学習計画,管理業務主任者試験の学習計画の立て方,管理業務主任者試験の学習計画の立て方について、公式情報の確認方法と学習の進め方を整理します。受験前に押さえるべきポイントと、このサイトでの演習・用語解説の活用法を解説します。,合格までの学習を続けるには、出題範囲を分けて、演習と復習を定期的に回す計画が重要です。,20,試験対策;学習計画,管業マスター編集部,資格学習サイトの編集チーム,学習導線確認担当,演習データと記事導線を確認する担当者,2026-05-30,管理業務主任者試験センター（公式）|https://www.mankan.or.jp/,分野設定と復習機能を使う前提で、読者がその場で学習計画に落とし込める構成にしています。,本記事を読むと、管理業務主任者試験の学習計画の立て方について、公式情報で確認すべき点と、このサイトでの学習の進め方が分かります。読了後は行動チェックリストに沿って演習・用語確認まで進められる状態を目指します。,出題範囲を分野別に分ける;過去問を1年度分解く;間違えた問題を復習リストへ残す,出題範囲やサイト機能を変更した場合は学習手順も見直します。,2026-05-30,2026-06-29,2026-05-30,published,初期テンプレート記事として作成。対象資格に合わせて公式情報と本文を差し替える。,全体像を分野に分ける,"管理業務主任者試験の学習計画について、「全体像を分野に分ける」の観点で整理します。制度・数値・日程は年度や改正で変わるため、学習前と申込前には管理業務主任者試験センター（公式）の最新情報を確認してください。非公式まとめは参考程度にし、最終判断は必ず公式要項に置きます。

このサイトでは過去問・用語解説・比較表を組み合わせ、学習計画で迷った論点を解き直せます。間違えた問題は理由を短くメモし、関連用語で定義と選択肢の論点を確認してから同分野へ戻ると定着しやすくなります。",過去問と用語を往復する,"管理業務主任者試験の学習計画について、「過去問と用語を往復する」の観点で整理します。制度・数値・日程は年度や改正で変わるため、学習前と申込前には管理業務主任者試験センター（公式）の最新情報を確認してください。非公式まとめは参考程度にし、最終判断は必ず公式要項に置きます。

このサイトでは過去問・用語解説・比較表を組み合わせ、学習計画で迷った論点を解き直せます。間違えた問題は理由を短くメモし、関連用語で定義と選択肢の論点を確認してから同分野へ戻ると定着しやすくなります。",復習日を先に決める,"管理業務主任者試験の学習計画について、「復習日を先に決める」の観点で整理します。制度・数値・日程は年度や改正で変わるため、学習前と申込前には管理業務主任者試験センター（公式）の最新情報を確認してください。非公式まとめは参考程度にし、最終判断は必ず公式要項に置きます。

このサイトでは過去問・用語解説・比較表を組み合わせ、学習計画で迷った論点を解き直せます。間違えた問題は理由を短くメモし、関連用語で定義と選択肢の論点を確認してから同分野へ戻ると定着しやすくなります。",直前期の使い方,"管理業務主任者試験の学習計画について、「直前期の使い方」の観点で整理します。制度・数値・日程は年度や改正で変わるため、学習前と申込前には管理業務主任者試験センター（公式）の最新情報を確認してください。非公式まとめは参考程度にし、最終判断は必ず公式要項に置きます。

このサイトでは過去問・用語解説・比較表を組み合わせ、学習計画で迷った論点を解き直せます。間違えた問題は理由を短くメモし、関連用語で定義と選択肢の論点を確認してから同分野へ戻ると定着しやすくなります。",学習スタイル別の進め方,"管理業務主任者試験の学習計画について、「学習スタイル別の進め方」の観点で整理します。制度・数値・日程は年度や改正で変わるため、学習前と申込前には管理業務主任者試験センター（公式）の最新情報を確認してください。非公式まとめは参考程度にし、最終判断は必ず公式要項に置きます。

このサイトでは過去問・用語解説・比較表を組み合わせ、学習計画で迷った論点を解き直せます。間違えた問題は理由を短くメモし、関連用語で定義と選択肢の論点を確認してから同分野へ戻ると定着しやすくなります。",,,,,どのくらいの期間で学習すべきですか？,管理業務主任者試験の学習計画に関する質問「どのくらいの期間で学習すべきですか」について、まず公式要項で最新の制度を確認してください。本サイトでは過去問演習と用語解説で、学習計画の理解度を具体的に確かめられます。数値や期限は資格ごとに異なるため、本文の例は必ず公式情報と照合してください。,最初に過去問を解いてもよいですか？,管理業務主任者試験の学習計画に関する質問「最初に過去問を解いてもよいですか」について、まず公式要項で最新の制度を確認してください。本サイトでは過去問演習と用語解説で、学習計画の理解度を具体的に確かめられます。数値や期限は資格ごとに異なるため、本文の例は必ず公式情報と照合してください。,exam-overview:試験概要;glossary-how-to:用語解説の使い方
past-question-strategy,過去問活用,管理業務主任者試験の過去問・模試の使い方,管理業務主任者試験の過去問・模試の使い方について、公式情報の確認方法と学習の進め方を整理します。受験前に押さえるべきポイントと、このサイトでの演習・用語解説の活用法を解説します。,過去問は出題傾向を知るだけでなく、理解が曖昧な分野を見つけるための材料です。,30,過去問;復習,管業マスター編集部,資格学習サイトの編集チーム,問題データ確認担当,過去問CSVと解説導線を確認する担当者,2026-05-30,管理業務主任者試験センター（公式）|https://www.mankan.or.jp/,過去問を解いた後に用語解説へ戻る行動を明示し、単なる一般論にしない構成です。,本記事を読むと、管理業務主任者試験の過去問・模試の使い方について、公式情報で確認すべき点と、このサイトでの学習の進め方が分かります。読了後は行動チェックリストに沿って演習・用語確認まで進められる状態を目指します。,年度別に1問ずつ解く;間違いの理由を分類する;関連用語を開いて確認する,過去問CSVを追加した場合は、年度・問題番号・解説との整合性を確認します。,2026-05-30,2026-06-29,2026-05-30,published,初期テンプレート記事として作成。対象資格に合わせて公式情報と本文を差し替える。,最初は年度別に解く,"管理業務主任者試験の過去問の活用法について、「最初は年度別に解く」の観点で整理します。制度・数値・日程は年度や改正で変わるため、学習前と申込前には管理業務主任者試験センター（公式）の最新情報を確認してください。非公式まとめは参考程度にし、最終判断は必ず公式要項に置きます。

このサイトでは過去問・用語解説・比較表を組み合わせ、過去問の活用法で迷った論点を解き直せます。間違えた問題は理由を短くメモし、関連用語で定義と選択肢の論点を確認してから同分野へ戻ると定着しやすくなります。",間違いの理由を分類する,"管理業務主任者試験の過去問の活用法について、「間違いの理由を分類する」の観点で整理します。制度・数値・日程は年度や改正で変わるため、学習前と申込前には管理業務主任者試験センター（公式）の最新情報を確認してください。非公式まとめは参考程度にし、最終判断は必ず公式要項に置きます。

このサイトでは過去問・用語解説・比較表を組み合わせ、過去問の活用法で迷った論点を解き直せます。間違えた問題は理由を短くメモし、関連用語で定義と選択肢の論点を確認してから同分野へ戻ると定着しやすくなります。",解説から用語へ戻る,"管理業務主任者試験の過去問の活用法について、「解説から用語へ戻る」の観点で整理します。制度・数値・日程は年度や改正で変わるため、学習前と申込前には管理業務主任者試験センター（公式）の最新情報を確認してください。非公式まとめは参考程度にし、最終判断は必ず公式要項に置きます。

このサイトでは過去問・用語解説・比較表を組み合わせ、過去問の活用法で迷った論点を解き直せます。間違えた問題は理由を短くメモし、関連用語で定義と選択肢の論点を確認してから同分野へ戻ると定着しやすくなります。",解き直しのタイミング,"管理業務主任者試験の過去問の活用法について、「解き直しのタイミング」の観点で整理します。制度・数値・日程は年度や改正で変わるため、学習前と申込前には管理業務主任者試験センター（公式）の最新情報を確認してください。非公式まとめは参考程度にし、最終判断は必ず公式要項に置きます。

このサイトでは過去問・用語解説・比較表を組み合わせ、過去問の活用法で迷った論点を解き直せます。間違えた問題は理由を短くメモし、関連用語で定義と選択肢の論点を確認してから同分野へ戻ると定着しやすくなります。",関連記事と組み合わせる,"管理業務主任者試験の過去問の活用法について、「関連記事と組み合わせる」の観点で整理します。制度・数値・日程は年度や改正で変わるため、学習前と申込前には管理業務主任者試験センター（公式）の最新情報を確認してください。非公式まとめは参考程度にし、最終判断は必ず公式要項に置きます。

このサイトでは過去問・用語解説・比較表を組み合わせ、過去問の活用法で迷った論点を解き直せます。間違えた問題は理由を短くメモし、関連用語で定義と選択肢の論点を確認してから同分野へ戻ると定着しやすくなります。",,,,,過去問だけで合格できますか？,管理業務主任者試験の過去問の活用法に関する質問「過去問だけで合格できますか」について、まず公式要項で最新の制度を確認してください。本サイトでは過去問演習と用語解説で、過去問の活用法の理解度を具体的に確かめられます。数値や期限は資格ごとに異なるため、本文の例は必ず公式情報と照合してください。,復習では何を見ればよいですか？,管理業務主任者試験の過去問の活用法に関する質問「復習では何を見ればよいですか」について、まず公式要項で最新の制度を確認してください。本サイトでは過去問演習と用語解説で、過去問の活用法の理解度を具体的に確かめられます。数値や期限は資格ごとに異なるため、本文の例は必ず公式情報と照合してください。,study-plan:学習計画;glossary-how-to:用語解説の使い方
glossary-how-to,用語ハブ活用法,管理業務主任者試験の用語解説を使った知識整理,管理業務主任者試験の用語解説を使った知識整理について、公式情報の確認方法と学習の進め方を整理します。受験前に押さえるべきポイントと、このサイトでの演習・用語解説の活用法を解説します。,用語解説は、過去問で出た語句の意味、根拠、似た用語との違いを確認するための入口です。,40,用語集;知識整理,管業マスター編集部,資格学習サイトの編集チーム,用語データ確認担当,用語CSVの重複とカテゴリを確認する担当者,2026-05-30,管理業務主任者試験センター（公式）|https://www.mankan.or.jp/,300件以上の用語データを静的HTMLとアプリ内検索の両方で活用する前提を説明します。,本記事を読むと、管理業務主任者試験の用語解説を使った知識整理について、公式情報で確認すべき点と、このサイトでの学習の進め方が分かります。読了後は行動チェックリストに沿って演習・用語確認まで進められる状態を目指します。,重要度Aの用語から読む;関連用語をたどる;過去問で出た表現を用語説明に追記する,用語CSVを追加・修正した場合は、重複・カテゴリ・関連リンクを検証します。,2026-05-30,2026-06-29,2026-05-30,published,初期テンプレート記事として作成。対象資格に合わせて公式情報と本文を差し替える。,用語集の使い方のコツ,"管理業務主任者試験の用語解説の活用法について、「用語集の使い方のコツ」の観点で整理します。制度・数値・日程は年度や改正で変わるため、学習前と申込前には管理業務主任者試験センター（公式）の最新情報を確認してください。非公式まとめは参考程度にし、最終判断は必ず公式要項に置きます。

このサイトでは過去問・用語解説・比較表を組み合わせ、用語解説の活用法で迷った論点を解き直せます。間違えた問題は理由を短くメモし、関連用語で定義と選択肢の論点を確認してから同分野へ戻ると定着しやすくなります。",個別ページで詳しく説明する,"管理業務主任者試験の用語解説の活用法について、「個別ページで詳しく説明する」の観点で整理します。制度・数値・日程は年度や改正で変わるため、学習前と申込前には管理業務主任者試験センター（公式）の最新情報を確認してください。非公式まとめは参考程度にし、最終判断は必ず公式要項に置きます。

このサイトでは過去問・用語解説・比較表を組み合わせ、用語解説の活用法で迷った論点を解き直せます。間違えた問題は理由を短くメモし、関連用語で定義と選択肢の論点を確認してから同分野へ戻ると定着しやすくなります。",関連用語で回遊を作る,"管理業務主任者試験の用語解説の活用法について、「関連用語で回遊を作る」の観点で整理します。制度・数値・日程は年度や改正で変わるため、学習前と申込前には管理業務主任者試験センター（公式）の最新情報を確認してください。非公式まとめは参考程度にし、最終判断は必ず公式要項に置きます。

このサイトでは過去問・用語解説・比較表を組み合わせ、用語解説の活用法で迷った論点を解き直せます。間違えた問題は理由を短くメモし、関連用語で定義と選択肢の論点を確認してから同分野へ戻ると定着しやすくなります。",例題と要点で深める,"管理業務主任者試験の用語解説の活用法について、「例題と要点で深める」の観点で整理します。制度・数値・日程は年度や改正で変わるため、学習前と申込前には管理業務主任者試験センター（公式）の最新情報を確認してください。非公式まとめは参考程度にし、最終判断は必ず公式要項に置きます。

このサイトでは過去問・用語解説・比較表を組み合わせ、用語解説の活用法で迷った論点を解き直せます。間違えた問題は理由を短くメモし、関連用語で定義と選択肢の論点を確認してから同分野へ戻ると定着しやすくなります。",テーマ別にまとめて読む,"管理業務主任者試験の用語解説の活用法について、「テーマ別にまとめて読む」の観点で整理します。制度・数値・日程は年度や改正で変わるため、学習前と申込前には管理業務主任者試験センター（公式）の最新情報を確認してください。非公式まとめは参考程度にし、最終判断は必ず公式要項に置きます。

このサイトでは過去問・用語解説・比較表を組み合わせ、用語解説の活用法で迷った論点を解き直せます。間違えた問題は理由を短くメモし、関連用語で定義と選択肢の論点を確認してから同分野へ戻ると定着しやすくなります。",,,,,用語ページは短くてもよいですか？,管理業務主任者試験の用語解説の活用法に関する質問「用語ページは短くてもよいですか」について、まず公式要項で最新の制度を確認してください。本サイトでは過去問演習と用語解説で、用語解説の活用法の理解度を具体的に確かめられます。数値や期限は資格ごとに異なるため、本文の例は必ず公式情報と照合してください。,関連用語はどう書きますか？,管理業務主任者試験の用語解説の活用法に関する質問「関連用語はどう書きますか」について、まず公式要項で最新の制度を確認してください。本サイトでは過去問演習と用語解説で、用語解説の活用法の理解度を具体的に確かめられます。数値や期限は資格ごとに異なるため、本文の例は必ず公式情報と照合してください。,exam-overview:試験概要;past-question-strategy:過去問の使い方
self-study-roadmap,独学対策,管理業務主任者試験を独学で進める学習ロードマップ,管理業務主任者試験の独学ロードマップについて、公式情報の確認方法と学習の進め方を整理します。受験前に押さえるべきポイントと、このサイトでの演習・用語解説の活用法を解説します。,独学で合格を目指す場合は、教材を増やす前に出題範囲と復習の仕組みを決めておくことが大切です。,25,独学;試験対策;学習計画,管業マスター編集部,資格学習サイトの編集チーム,学習導線確認担当,演習と復習の導線を確認する担当者,2026-05-30,管理業務主任者試験センター（公式）|https://www.mankan.or.jp/,過去問・用語・復習記録を組み合わせ、独学者が次に開くべきページまで迷わない構成にしています。,本記事を読むと、管理業務主任者試験の独学ロードマップについて、公式情報で確認すべき点と、このサイトでの学習の進め方が分かります。読了後は行動チェックリストに沿って演習・用語確認まで進められる状態を目指します。,公式情報を確認する;出題範囲を分野に分ける;過去問を1年度分解く;間違えた問題を復習リストへ残す;関連用語を読む;数日後に同じ問題を解き直す,試験要項や出題範囲が更新された場合は、学習順序と参照リンクを見直します。,2026-05-30,2026-06-29,2026-05-30,published,初期テンプレート記事として作成。対象資格に合わせて公式情報と本文を差し替える。,独学前に公式情報を確認する,"管理業務主任者試験の独学の進め方について、「独学前に公式情報を確認する」の観点で整理します。制度・数値・日程は年度や改正で変わるため、学習前と申込前には管理業務主任者試験センター（公式）の最新情報を確認してください。非公式まとめは参考程度にし、最終判断は必ず公式要項に置きます。

このサイトでは過去問・用語解説・比較表を組み合わせ、独学の進め方で迷った論点を解き直せます。間違えた問題は理由を短くメモし、関連用語で定義と選択肢の論点を確認してから同分野へ戻ると定着しやすくなります。",全体像を分野に分ける,"管理業務主任者試験の独学の進め方について、「全体像を分野に分ける」の観点で整理します。制度・数値・日程は年度や改正で変わるため、学習前と申込前には管理業務主任者試験センター（公式）の最新情報を確認してください。非公式まとめは参考程度にし、最終判断は必ず公式要項に置きます。

このサイトでは過去問・用語解説・比較表を組み合わせ、独学の進め方で迷った論点を解き直せます。間違えた問題は理由を短くメモし、関連用語で定義と選択肢の論点を確認してから同分野へ戻ると定着しやすくなります。",過去問で現在地を確認する,"管理業務主任者試験の独学の進め方について、「過去問で現在地を確認する」の観点で整理します。制度・数値・日程は年度や改正で変わるため、学習前と申込前には管理業務主任者試験センター（公式）の最新情報を確認してください。非公式まとめは参考程度にし、最終判断は必ず公式要項に置きます。

このサイトでは過去問・用語解説・比較表を組み合わせ、独学の進め方で迷った論点を解き直せます。間違えた問題は理由を短くメモし、関連用語で定義と選択肢の論点を確認してから同分野へ戻ると定着しやすくなります。",復習を学習計画に入れる,"管理業務主任者試験の独学の進め方について、「復習を学習計画に入れる」の観点で整理します。制度・数値・日程は年度や改正で変わるため、学習前と申込前には管理業務主任者試験センター（公式）の最新情報を確認してください。非公式まとめは参考程度にし、最終判断は必ず公式要項に置きます。

このサイトでは過去問・用語解説・比較表を組み合わせ、独学の進め方で迷った論点を解き直せます。間違えた問題は理由を短くメモし、関連用語で定義と選択肢の論点を確認してから同分野へ戻ると定着しやすくなります。",直前期は増やさず絞る,"管理業務主任者試験の独学の進め方について、「直前期は増やさず絞る」の観点で整理します。制度・数値・日程は年度や改正で変わるため、学習前と申込前には管理業務主任者試験センター（公式）の最新情報を確認してください。非公式まとめは参考程度にし、最終判断は必ず公式要項に置きます。

このサイトでは過去問・用語解説・比較表を組み合わせ、独学の進め方で迷った論点を解き直せます。間違えた問題は理由を短くメモし、関連用語で定義と選択肢の論点を確認してから同分野へ戻ると定着しやすくなります。",独学でつまずきやすいポイント,独学では、分からない部分を後回しにしたまま進めたり、正解した問題を理解済みだと思い込んだりしやすくなります。迷った問題、説明できない用語、根拠を確認できなかった選択肢は、正解していても復習対象に入れてください。また、勉強時間だけを記録して満足すると、実際に得点へつながっているか分かりにくくなります。時間よりも、解いた問題数、間違えた理由、次に確認する用語を残す方が改善につながります。,学習記録を残して再訪問につなげる,"管理業務主任者試験の独学の進め方について、「学習記録を残して再訪問につなげる」の観点で整理します。制度・数値・日程は年度や改正で変わるため、学習前と申込前には管理業務主任者試験センター（公式）の最新情報を確認してください。非公式まとめは参考程度にし、最終判断は必ず公式要項に置きます。

このサイトでは過去問・用語解説・比較表を組み合わせ、独学の進め方で迷った論点を解き直せます。間違えた問題は理由を短くメモし、関連用語で定義と選択肢の論点を確認してから同分野へ戻ると定着しやすくなります。",独学では何から始めればよいですか？,管理業務主任者試験の独学の進め方に関する質問「独学では何から始めればよいですか」について、まず公式要項で最新の制度を確認してください。本サイトでは過去問演習と用語解説で、独学の進め方の理解度を具体的に確かめられます。数値や期限は資格ごとに異なるため、本文の例は必ず公式情報と照合してください。,独学で過去問だけを解けば十分ですか？,資格によって異なります。過去問は重要ですが、公式範囲、法改正、新しい出題傾向、用語の理解も合わせて確認してください。過去問で間違えたテーマを用語解説や公式情報に戻して確認すると、解きっぱなしを防げます。,exam-overview:試験概要;study-plan:学習計画;past-question-strategy:過去問の使い方
official-info-sources,試験概要,管理業務主任者試験の公式情報の確認先,管理業務主任者試験の公式情報の確認先について、公式情報の確認方法と学習の進め方を整理します。受験前に押さえるべきポイントと、このサイトでの演習・用語解説の活用法を解説します。,◯◯試験の受験を検討し始めた人向けに、最初に確認すべき情報と学習サイトでの進め方をまとめます。,10,試験概要;公式情報,管業マスター編集部,資格学習サイトの編集チーム,公式情報確認担当,公開前に一次情報との照合を行う担当者,2026-05-30,管理業務主任者試験センター（公式）|https://www.mankan.or.jp/,試験概要向けテンプレートから作成。公開前に本文・参照URL・関連リンクを差し替える。,本記事を読むと、管理業務主任者試験の公式情報の確認先について、公式情報で確認すべき点と、このサイトでの学習の進め方が分かります。読了後は行動チェックリストに沿って演習・用語確認まで進められる状態を目指します。,【行動1】;【行動2】;【行動3】,試験要項・公式ページ更新時に本文と参照元を見直す。,2026-05-30,2026-06-29,2026-05-30,published,ガイド記事テンプレート で 2026-05-30 作成。,試験の目的と位置づけ,"管理業務主任者試験の公式情報の確認先について、「試験の目的と位置づけ」の観点で整理します。制度・数値・日程は年度や改正で変わるため、学習前と申込前には管理業務主任者試験センター（公式）の最新情報を確認してください。非公式まとめは参考程度にし、最終判断は必ず公式要項に置きます。

このサイトでは過去問・用語解説・比較表を組み合わせ、公式情報の確認先で迷った論点を解き直せます。間違えた問題は理由を短くメモし、関連用語で定義と選択肢の論点を確認してから同分野へ戻ると定着しやすくなります。",まず確認する公式情報,"管理業務主任者試験の公式情報の確認先について、「まず確認する公式情報」の観点で整理します。制度・数値・日程は年度や改正で変わるため、学習前と申込前には管理業務主任者試験センター（公式）の最新情報を確認してください。非公式まとめは参考程度にし、最終判断は必ず公式要項に置きます。

このサイトでは過去問・用語解説・比較表を組み合わせ、公式情報の確認先で迷った論点を解き直せます。間違えた問題は理由を短くメモし、関連用語で定義と選択肢の論点を確認してから同分野へ戻ると定着しやすくなります。",このサイトでできること,"管理業務主任者試験の公式情報の確認先について、「このサイトでできること」の観点で整理します。制度・数値・日程は年度や改正で変わるため、学習前と申込前には管理業務主任者試験センター（公式）の最新情報を確認してください。非公式まとめは参考程度にし、最終判断は必ず公式要項に置きます。

このサイトでは過去問・用語解説・比較表を組み合わせ、公式情報の確認先で迷った論点を解き直せます。間違えた問題は理由を短くメモし、関連用語で定義と選択肢の論点を確認してから同分野へ戻ると定着しやすくなります。",受験前に押さえる項目,"管理業務主任者試験の公式情報の確認先について、「受験前に押さえる項目」の観点で整理します。制度・数値・日程は年度や改正で変わるため、学習前と申込前には管理業務主任者試験センター（公式）の最新情報を確認してください。非公式まとめは参考程度にし、最終判断は必ず公式要項に置きます。

このサイトでは過去問・用語解説・比較表を組み合わせ、公式情報の確認先で迷った論点を解き直せます。間違えた問題は理由を短くメモし、関連用語で定義と選択肢の論点を確認してから同分野へ戻ると定着しやすくなります。",次に読む記事,"管理業務主任者試験の公式情報の確認先について、「次に読む記事」の観点で整理します。制度・数値・日程は年度や改正で変わるため、学習前と申込前には管理業務主任者試験センター（公式）の最新情報を確認してください。非公式まとめは参考程度にし、最終判断は必ず公式要項に置きます。

このサイトでは過去問・用語解説・比較表を組み合わせ、公式情報の確認先で迷った論点を解き直せます。間違えた問題は理由を短くメモし、関連用語で定義と選択肢の論点を確認してから同分野へ戻ると定着しやすくなります。",,,,,公式情報はどこで確認しますか？,管理業務主任者試験の公式情報の確認先に関する質問「公式情報はどこで確認しますか」について、まず公式要項で最新の制度を確認してください。本サイトでは過去問演習と用語解説で、公式情報の確認先の理解度を具体的に確かめられます。数値や期限は資格ごとに異なるため、本文の例は必ず公式情報と照合してください。,この記事は何に使いますか？,管理業務主任者試験の公式情報の確認先に関する質問「この記事は何に使いますか」について、まず公式要項で最新の制度を確認してください。本サイトでは過去問演習と用語解説で、公式情報の確認先の理解度を具体的に確かめられます。数値や期限は資格ごとに異なるため、本文の例は必ず公式情報と照合してください。,study-plan:学習計画の立て方;past-question-strategy:過去問の使い方
exam-purpose-and-career,試験概要,管理業務主任者試験の試験の目的とキャリア,管理業務主任者試験の試験の目的とキャリアについて、公式情報の確認方法と学習の進め方を整理します。受験前に押さえるべきポイントと、このサイトでの演習・用語解説の活用法を解説します。,◯◯試験の受験を検討し始めた人向けに、最初に確認すべき情報と学習サイトでの進め方をまとめます。,10,試験概要;公式情報,管業マスター編集部,資格学習サイトの編集チーム,公式情報確認担当,公開前に一次情報との照合を行う担当者,2026-05-30,管理業務主任者試験センター（公式）|https://www.mankan.or.jp/,試験概要向けテンプレートから作成。公開前に本文・参照URL・関連リンクを差し替える。,本記事を読むと、管理業務主任者試験の試験の目的とキャリアについて、公式情報で確認すべき点と、このサイトでの学習の進め方が分かります。読了後は行動チェックリストに沿って演習・用語確認まで進められる状態を目指します。,【行動1】;【行動2】;【行動3】,試験要項・公式ページ更新時に本文と参照元を見直す。,2026-05-30,2026-06-29,2026-05-30,published,ガイド記事テンプレート で 2026-05-30 作成。,試験の目的と位置づけ,"管理業務主任者試験の試験の目的とキャリアについて、「試験の目的と位置づけ」の観点で整理します。制度・数値・日程は年度や改正で変わるため、学習前と申込前には管理業務主任者試験センター（公式）の最新情報を確認してください。非公式まとめは参考程度にし、最終判断は必ず公式要項に置きます。

このサイトでは過去問・用語解説・比較表を組み合わせ、試験の目的とキャリアで迷った論点を解き直せます。間違えた問題は理由を短くメモし、関連用語で定義と選択肢の論点を確認してから同分野へ戻ると定着しやすくなります。",まず確認する公式情報,"管理業務主任者試験の試験の目的とキャリアについて、「まず確認する公式情報」の観点で整理します。制度・数値・日程は年度や改正で変わるため、学習前と申込前には管理業務主任者試験センター（公式）の最新情報を確認してください。非公式まとめは参考程度にし、最終判断は必ず公式要項に置きます。

このサイトでは過去問・用語解説・比較表を組み合わせ、試験の目的とキャリアで迷った論点を解き直せます。間違えた問題は理由を短くメモし、関連用語で定義と選択肢の論点を確認してから同分野へ戻ると定着しやすくなります。",このサイトでできること,"管理業務主任者試験の試験の目的とキャリアについて、「このサイトでできること」の観点で整理します。制度・数値・日程は年度や改正で変わるため、学習前と申込前には管理業務主任者試験センター（公式）の最新情報を確認してください。非公式まとめは参考程度にし、最終判断は必ず公式要項に置きます。

このサイトでは過去問・用語解説・比較表を組み合わせ、試験の目的とキャリアで迷った論点を解き直せます。間違えた問題は理由を短くメモし、関連用語で定義と選択肢の論点を確認してから同分野へ戻ると定着しやすくなります。",受験前に押さえる項目,"管理業務主任者試験の試験の目的とキャリアについて、「受験前に押さえる項目」の観点で整理します。制度・数値・日程は年度や改正で変わるため、学習前と申込前には管理業務主任者試験センター（公式）の最新情報を確認してください。非公式まとめは参考程度にし、最終判断は必ず公式要項に置きます。

このサイトでは過去問・用語解説・比較表を組み合わせ、試験の目的とキャリアで迷った論点を解き直せます。間違えた問題は理由を短くメモし、関連用語で定義と選択肢の論点を確認してから同分野へ戻ると定着しやすくなります。",次に読む記事,"管理業務主任者試験の試験の目的とキャリアについて、「次に読む記事」の観点で整理します。制度・数値・日程は年度や改正で変わるため、学習前と申込前には管理業務主任者試験センター（公式）の最新情報を確認してください。非公式まとめは参考程度にし、最終判断は必ず公式要項に置きます。

このサイトでは過去問・用語解説・比較表を組み合わせ、試験の目的とキャリアで迷った論点を解き直せます。間違えた問題は理由を短くメモし、関連用語で定義と選択肢の論点を確認してから同分野へ戻ると定着しやすくなります。",,,,,公式情報はどこで確認しますか？,管理業務主任者試験の試験の目的とキャリアに関する質問「公式情報はどこで確認しますか」について、まず公式要項で最新の制度を確認してください。本サイトでは過去問演習と用語解説で、試験の目的とキャリアの理解度を具体的に確かめられます。数値や期限は資格ごとに異なるため、本文の例は必ず公式情報と照合してください。,この記事は何に使いますか？,管理業務主任者試験の試験の目的とキャリアに関する質問「この記事は何に使いますか」について、まず公式要項で最新の制度を確認してください。本サイトでは過去問演習と用語解説で、試験の目的とキャリアの理解度を具体的に確かめられます。数値や期限は資格ごとに異なるため、本文の例は必ず公式情報と照合してください。,study-plan:学習計画の立て方;past-question-strategy:過去問の使い方
first-time-exam-guide,試験概要,管理業務主任者試験の初めて受験する人向けガイド,管理業務主任者試験の初めて受験する人向けガイドについて、公式情報の確認方法と学習の進め方を整理します。受験前に押さえるべきポイントと、このサイトでの演習・用語解説の活用法を解説します。,◯◯試験の受験を検討し始めた人向けに、最初に確認すべき情報と学習サイトでの進め方をまとめます。,10,試験概要;公式情報,管業マスター編集部,資格学習サイトの編集チーム,公式情報確認担当,公開前に一次情報との照合を行う担当者,2026-05-30,管理業務主任者試験センター（公式）|https://www.mankan.or.jp/,試験概要向けテンプレートから作成。公開前に本文・参照URL・関連リンクを差し替える。,本記事を読むと、管理業務主任者試験の初めて受験する人向けガイドについて、公式情報で確認すべき点と、このサイトでの学習の進め方が分かります。読了後は行動チェックリストに沿って演習・用語確認まで進められる状態を目指します。,【行動1】;【行動2】;【行動3】,試験要項・公式ページ更新時に本文と参照元を見直す。,2026-05-30,2026-06-29,2026-05-30,published,ガイド記事テンプレート で 2026-05-30 作成。,試験の目的と位置づけ,"管理業務主任者試験の初めて受験する人向けガイドについて、「試験の目的と位置づけ」の観点で整理します。制度・数値・日程は年度や改正で変わるため、学習前と申込前には管理業務主任者試験センター（公式）の最新情報を確認してください。非公式まとめは参考程度にし、最終判断は必ず公式要項に置きます。

このサイトでは過去問・用語解説・比較表を組み合わせ、初めて受験する人向けガイドで迷った論点を解き直せます。間違えた問題は理由を短くメモし、関連用語で定義と選択肢の論点を確認してから同分野へ戻ると定着しやすくなります。",まず確認する公式情報,"管理業務主任者試験の初めて受験する人向けガイドについて、「まず確認する公式情報」の観点で整理します。制度・数値・日程は年度や改正で変わるため、学習前と申込前には管理業務主任者試験センター（公式）の最新情報を確認してください。非公式まとめは参考程度にし、最終判断は必ず公式要項に置きます。

このサイトでは過去問・用語解説・比較表を組み合わせ、初めて受験する人向けガイドで迷った論点を解き直せます。間違えた問題は理由を短くメモし、関連用語で定義と選択肢の論点を確認してから同分野へ戻ると定着しやすくなります。",このサイトでできること,"管理業務主任者試験の初めて受験する人向けガイドについて、「このサイトでできること」の観点で整理します。制度・数値・日程は年度や改正で変わるため、学習前と申込前には管理業務主任者試験センター（公式）の最新情報を確認してください。非公式まとめは参考程度にし、最終判断は必ず公式要項に置きます。

このサイトでは過去問・用語解説・比較表を組み合わせ、初めて受験する人向けガイドで迷った論点を解き直せます。間違えた問題は理由を短くメモし、関連用語で定義と選択肢の論点を確認してから同分野へ戻ると定着しやすくなります。",受験前に押さえる項目,"管理業務主任者試験の初めて受験する人向けガイドについて、「受験前に押さえる項目」の観点で整理します。制度・数値・日程は年度や改正で変わるため、学習前と申込前には管理業務主任者試験センター（公式）の最新情報を確認してください。非公式まとめは参考程度にし、最終判断は必ず公式要項に置きます。

このサイトでは過去問・用語解説・比較表を組み合わせ、初めて受験する人向けガイドで迷った論点を解き直せます。間違えた問題は理由を短くメモし、関連用語で定義と選択肢の論点を確認してから同分野へ戻ると定着しやすくなります。",次に読む記事,"管理業務主任者試験の初めて受験する人向けガイドについて、「次に読む記事」の観点で整理します。制度・数値・日程は年度や改正で変わるため、学習前と申込前には管理業務主任者試験センター（公式）の最新情報を確認してください。非公式まとめは参考程度にし、最終判断は必ず公式要項に置きます。

このサイトでは過去問・用語解説・比較表を組み合わせ、初めて受験する人向けガイドで迷った論点を解き直せます。間違えた問題は理由を短くメモし、関連用語で定義と選択肢の論点を確認してから同分野へ戻ると定着しやすくなります。",,,,,公式情報はどこで確認しますか？,管理業務主任者試験の初めて受験する人向けガイドに関する質問「公式情報はどこで確認しますか」について、まず公式要項で最新の制度を確認してください。本サイトでは過去問演習と用語解説で、初めて受験する人向けガイドの理解度を具体的に確かめられます。数値や期限は資格ごとに異なるため、本文の例は必ず公式情報と照合してください。,この記事は何に使いますか？,管理業務主任者試験の初めて受験する人向けガイドに関する質問「この記事は何に使いますか」について、まず公式要項で最新の制度を確認してください。本サイトでは過去問演習と用語解説で、初めて受験する人向けガイドの理解度を具体的に確かめられます。数値や期限は資格ごとに異なるため、本文の例は必ず公式情報と照合してください。,study-plan:学習計画の立て方;past-question-strategy:過去問の使い方
compare-similar-qualifications,試験概要,管理業務主任者試験の類似資格との比較,管理業務主任者試験の類似資格との比較について、公式情報の確認方法と学習の進め方を整理します。受験前に押さえるべきポイントと、このサイトでの演習・用語解説の活用法を解説します。,◯◯試験の受験を検討し始めた人向けに、最初に確認すべき情報と学習サイトでの進め方をまとめます。,10,試験概要;公式情報,管業マスター編集部,資格学習サイトの編集チーム,公式情報確認担当,公開前に一次情報との照合を行う担当者,2026-05-30,管理業務主任者試験センター（公式）|https://www.mankan.or.jp/,試験概要向けテンプレートから作成。公開前に本文・参照URL・関連リンクを差し替える。,本記事を読むと、管理業務主任者試験の類似資格との比較について、公式情報で確認すべき点と、このサイトでの学習の進め方が分かります。読了後は行動チェックリストに沿って演習・用語確認まで進められる状態を目指します。,【行動1】;【行動2】;【行動3】,試験要項・公式ページ更新時に本文と参照元を見直す。,2026-05-30,2026-06-29,2026-05-30,published,ガイド記事テンプレート で 2026-05-30 作成。,試験の目的と位置づけ,"管理業務主任者試験の類似資格との比較について、「試験の目的と位置づけ」の観点で整理します。制度・数値・日程は年度や改正で変わるため、学習前と申込前には管理業務主任者試験センター（公式）の最新情報を確認してください。非公式まとめは参考程度にし、最終判断は必ず公式要項に置きます。

このサイトでは過去問・用語解説・比較表を組み合わせ、類似資格との比較で迷った論点を解き直せます。間違えた問題は理由を短くメモし、関連用語で定義と選択肢の論点を確認してから同分野へ戻ると定着しやすくなります。",まず確認する公式情報,"管理業務主任者試験の類似資格との比較について、「まず確認する公式情報」の観点で整理します。制度・数値・日程は年度や改正で変わるため、学習前と申込前には管理業務主任者試験センター（公式）の最新情報を確認してください。非公式まとめは参考程度にし、最終判断は必ず公式要項に置きます。

このサイトでは過去問・用語解説・比較表を組み合わせ、類似資格との比較で迷った論点を解き直せます。間違えた問題は理由を短くメモし、関連用語で定義と選択肢の論点を確認してから同分野へ戻ると定着しやすくなります。",このサイトでできること,"管理業務主任者試験の類似資格との比較について、「このサイトでできること」の観点で整理します。制度・数値・日程は年度や改正で変わるため、学習前と申込前には管理業務主任者試験センター（公式）の最新情報を確認してください。非公式まとめは参考程度にし、最終判断は必ず公式要項に置きます。

このサイトでは過去問・用語解説・比較表を組み合わせ、類似資格との比較で迷った論点を解き直せます。間違えた問題は理由を短くメモし、関連用語で定義と選択肢の論点を確認してから同分野へ戻ると定着しやすくなります。",受験前に押さえる項目,"管理業務主任者試験の類似資格との比較について、「受験前に押さえる項目」の観点で整理します。制度・数値・日程は年度や改正で変わるため、学習前と申込前には管理業務主任者試験センター（公式）の最新情報を確認してください。非公式まとめは参考程度にし、最終判断は必ず公式要項に置きます。

このサイトでは過去問・用語解説・比較表を組み合わせ、類似資格との比較で迷った論点を解き直せます。間違えた問題は理由を短くメモし、関連用語で定義と選択肢の論点を確認してから同分野へ戻ると定着しやすくなります。",次に読む記事,"管理業務主任者試験の類似資格との比較について、「次に読む記事」の観点で整理します。制度・数値・日程は年度や改正で変わるため、学習前と申込前には管理業務主任者試験センター（公式）の最新情報を確認してください。非公式まとめは参考程度にし、最終判断は必ず公式要項に置きます。

このサイトでは過去問・用語解説・比較表を組み合わせ、類似資格との比較で迷った論点を解き直せます。間違えた問題は理由を短くメモし、関連用語で定義と選択肢の論点を確認してから同分野へ戻ると定着しやすくなります。",,,,,公式情報はどこで確認しますか？,管理業務主任者試験の類似資格との比較に関する質問「公式情報はどこで確認しますか」について、まず公式要項で最新の制度を確認してください。本サイトでは過去問演習と用語解説で、類似資格との比較の理解度を具体的に確かめられます。数値や期限は資格ごとに異なるため、本文の例は必ず公式情報と照合してください。,この記事は何に使いますか？,管理業務主任者試験の類似資格との比較に関する質問「この記事は何に使いますか」について、まず公式要項で最新の制度を確認してください。本サイトでは過去問演習と用語解説で、類似資格との比較の理解度を具体的に確かめられます。数値や期限は資格ごとに異なるため、本文の例は必ず公式情報と照合してください。,study-plan:学習計画の立て方;past-question-strategy:過去問の使い方
exam-eligibility,受験・申込,管理業務主任者試験の受験資格,管理業務主任者試験の受験資格について、公式情報の確認方法と学習の進め方を整理します。受験前に押さえるべきポイントと、このサイトでの演習・用語解説の活用法を解説します。,申込前に資格要件とスケジュールを確認したい人向けに、公式情報の見方をまとめます。,15,受験資格;申込;公式情報,管業マスター編集部,資格学習サイトの編集チーム,公式情報確認担当,公開前に一次情報との照合を行う担当者,2026-05-30,管理業務主任者試験センター（公式）|https://www.mankan.or.jp/,受験・申込向けテンプレートから作成。公開前に本文・参照URL・関連リンクを差し替える。,本記事を読むと、管理業務主任者試験の受験資格について、公式情報で確認すべき点と、このサイトでの学習の進め方が分かります。読了後は行動チェックリストに沿って演習・用語確認まで進められる状態を目指します。,【行動1】;【行動2】;【行動3】,試験要項・公式ページ更新時に本文と参照元を見直す。,2026-05-30,2026-06-29,2026-05-30,published,ガイド記事テンプレート で 2026-05-30 作成。,受験資格の確認,"管理業務主任者試験の受験資格について、「受験資格の確認」の観点で整理します。制度・数値・日程は年度や改正で変わるため、学習前と申込前には管理業務主任者試験センター（公式）の最新情報を確認してください。非公式まとめは参考程度にし、最終判断は必ず公式要項に置きます。

このサイトでは過去問・用語解説・比較表を組み合わせ、受験資格で迷った論点を解き直せます。間違えた問題は理由を短くメモし、関連用語で定義と選択肢の論点を確認してから同分野へ戻ると定着しやすくなります。",年間スケジュール,"管理業務主任者試験の受験資格について、「年間スケジュール」の観点で整理します。制度・数値・日程は年度や改正で変わるため、学習前と申込前には管理業務主任者試験センター（公式）の最新情報を確認してください。非公式まとめは参考程度にし、最終判断は必ず公式要項に置きます。

このサイトでは過去問・用語解説・比較表を組み合わせ、受験資格で迷った論点を解き直せます。間違えた問題は理由を短くメモし、関連用語で定義と選択肢の論点を確認してから同分野へ戻ると定着しやすくなります。",申込期間と手数料,"管理業務主任者試験の受験資格について、「申込期間と手数料」の観点で整理します。制度・数値・日程は年度や改正で変わるため、学習前と申込前には管理業務主任者試験センター（公式）の最新情報を確認してください。非公式まとめは参考程度にし、最終判断は必ず公式要項に置きます。

このサイトでは過去問・用語解説・比較表を組み合わせ、受験資格で迷った論点を解き直せます。間違えた問題は理由を短くメモし、関連用語で定義と選択肢の論点を確認してから同分野へ戻ると定着しやすくなります。",申込手順と会場,"管理業務主任者試験の受験資格について、「申込手順と会場」の観点で整理します。制度・数値・日程は年度や改正で変わるため、学習前と申込前には管理業務主任者試験センター（公式）の最新情報を確認してください。非公式まとめは参考程度にし、最終判断は必ず公式要項に置きます。

このサイトでは過去問・用語解説・比較表を組み合わせ、受験資格で迷った論点を解き直せます。間違えた問題は理由を短くメモし、関連用語で定義と選択肢の論点を確認してから同分野へ戻ると定着しやすくなります。",申込前チェックリスト,"管理業務主任者試験の受験資格について、「申込前チェックリスト」の観点で整理します。制度・数値・日程は年度や改正で変わるため、学習前と申込前には管理業務主任者試験センター（公式）の最新情報を確認してください。非公式まとめは参考程度にし、最終判断は必ず公式要項に置きます。

このサイトでは過去問・用語解説・比較表を組み合わせ、受験資格で迷った論点を解き直せます。間違えた問題は理由を短くメモし、関連用語で定義と選択肢の論点を確認してから同分野へ戻ると定着しやすくなります。",,,,,受験資格はどこで確認しますか？,管理業務主任者試験の受験資格に関する質問「受験資格はどこで確認しますか」について、まず公式要項で最新の制度を確認してください。本サイトでは過去問演習と用語解説で、受験資格の理解度を具体的に確かめられます。数値や期限は資格ごとに異なるため、本文の例は必ず公式情報と照合してください。,申込期限を過ぎたらどうなりますか？,管理業務主任者試験の受験資格に関する質問「申込期限を過ぎたらどうなりますか」について、まず公式要項で最新の制度を確認してください。本サイトでは過去問演習と用語解説で、受験資格の理解度を具体的に確かめられます。数値や期限は資格ごとに異なるため、本文の例は必ず公式情報と照合してください。,exam-overview:試験概要;study-plan:学習計画
exemption-system,受験・申込,管理業務主任者試験の免除制度,管理業務主任者試験の免除制度について、公式情報の確認方法と学習の進め方を整理します。受験前に押さえるべきポイントと、このサイトでの演習・用語解説の活用法を解説します。,申込前に資格要件とスケジュールを確認したい人向けに、公式情報の見方をまとめます。,15,受験資格;申込;公式情報,管業マスター編集部,資格学習サイトの編集チーム,公式情報確認担当,公開前に一次情報との照合を行う担当者,2026-05-30,管理業務主任者試験センター（公式）|https://www.mankan.or.jp/,受験・申込向けテンプレートから作成。公開前に本文・参照URL・関連リンクを差し替える。,本記事を読むと、管理業務主任者試験の免除制度について、公式情報で確認すべき点と、このサイトでの学習の進め方が分かります。読了後は行動チェックリストに沿って演習・用語確認まで進められる状態を目指します。,【行動1】;【行動2】;【行動3】,試験要項・公式ページ更新時に本文と参照元を見直す。,2026-05-30,2026-06-29,2026-05-30,published,ガイド記事テンプレート で 2026-05-30 作成。,受験資格の確認,"管理業務主任者試験の免除制度について、「受験資格の確認」の観点で整理します。制度・数値・日程は年度や改正で変わるため、学習前と申込前には管理業務主任者試験センター（公式）の最新情報を確認してください。非公式まとめは参考程度にし、最終判断は必ず公式要項に置きます。

このサイトでは過去問・用語解説・比較表を組み合わせ、免除制度で迷った論点を解き直せます。間違えた問題は理由を短くメモし、関連用語で定義と選択肢の論点を確認してから同分野へ戻ると定着しやすくなります。",年間スケジュール,"管理業務主任者試験の免除制度について、「年間スケジュール」の観点で整理します。制度・数値・日程は年度や改正で変わるため、学習前と申込前には管理業務主任者試験センター（公式）の最新情報を確認してください。非公式まとめは参考程度にし、最終判断は必ず公式要項に置きます。

このサイトでは過去問・用語解説・比較表を組み合わせ、免除制度で迷った論点を解き直せます。間違えた問題は理由を短くメモし、関連用語で定義と選択肢の論点を確認してから同分野へ戻ると定着しやすくなります。",申込期間と手数料,"管理業務主任者試験の免除制度について、「申込期間と手数料」の観点で整理します。制度・数値・日程は年度や改正で変わるため、学習前と申込前には管理業務主任者試験センター（公式）の最新情報を確認してください。非公式まとめは参考程度にし、最終判断は必ず公式要項に置きます。

このサイトでは過去問・用語解説・比較表を組み合わせ、免除制度で迷った論点を解き直せます。間違えた問題は理由を短くメモし、関連用語で定義と選択肢の論点を確認してから同分野へ戻ると定着しやすくなります。",申込手順と会場,"管理業務主任者試験の免除制度について、「申込手順と会場」の観点で整理します。制度・数値・日程は年度や改正で変わるため、学習前と申込前には管理業務主任者試験センター（公式）の最新情報を確認してください。非公式まとめは参考程度にし、最終判断は必ず公式要項に置きます。

このサイトでは過去問・用語解説・比較表を組み合わせ、免除制度で迷った論点を解き直せます。間違えた問題は理由を短くメモし、関連用語で定義と選択肢の論点を確認してから同分野へ戻ると定着しやすくなります。",申込前チェックリスト,"管理業務主任者試験の免除制度について、「申込前チェックリスト」の観点で整理します。制度・数値・日程は年度や改正で変わるため、学習前と申込前には管理業務主任者試験センター（公式）の最新情報を確認してください。非公式まとめは参考程度にし、最終判断は必ず公式要項に置きます。

このサイトでは過去問・用語解説・比較表を組み合わせ、免除制度で迷った論点を解き直せます。間違えた問題は理由を短くメモし、関連用語で定義と選択肢の論点を確認してから同分野へ戻ると定着しやすくなります。",,,,,受験資格はどこで確認しますか？,管理業務主任者試験の免除制度に関する質問「受験資格はどこで確認しますか」について、まず公式要項で最新の制度を確認してください。本サイトでは過去問演習と用語解説で、免除制度の理解度を具体的に確かめられます。数値や期限は資格ごとに異なるため、本文の例は必ず公式情報と照合してください。,申込期限を過ぎたらどうなりますか？,管理業務主任者試験の免除制度に関する質問「申込期限を過ぎたらどうなりますか」について、まず公式要項で最新の制度を確認してください。本サイトでは過去問演習と用語解説で、免除制度の理解度を具体的に確かめられます。数値や期限は資格ごとに異なるため、本文の例は必ず公式情報と照合してください。,exam-overview:試験概要;study-plan:学習計画
work-experience-requirement,受験・申込,管理業務主任者試験の実務経験と受験資格,管理業務主任者試験の実務経験と受験資格について、公式情報の確認方法と学習の進め方を整理します。受験前に押さえるべきポイントと、このサイトでの演習・用語解説の活用法を解説します。,申込前に資格要件とスケジュールを確認したい人向けに、公式情報の見方をまとめます。,15,受験資格;申込;公式情報,管業マスター編集部,資格学習サイトの編集チーム,公式情報確認担当,公開前に一次情報との照合を行う担当者,2026-05-30,管理業務主任者試験センター（公式）|https://www.mankan.or.jp/,受験・申込向けテンプレートから作成。公開前に本文・参照URL・関連リンクを差し替える。,本記事を読むと、管理業務主任者試験の実務経験と受験資格について、公式情報で確認すべき点と、このサイトでの学習の進め方が分かります。読了後は行動チェックリストに沿って演習・用語確認まで進められる状態を目指します。,【行動1】;【行動2】;【行動3】,試験要項・公式ページ更新時に本文と参照元を見直す。,2026-05-30,2026-06-29,2026-05-30,published,ガイド記事テンプレート で 2026-05-30 作成。,受験資格の確認,"管理業務主任者試験の実務経験と受験資格について、「受験資格の確認」の観点で整理します。制度・数値・日程は年度や改正で変わるため、学習前と申込前には管理業務主任者試験センター（公式）の最新情報を確認してください。非公式まとめは参考程度にし、最終判断は必ず公式要項に置きます。

このサイトでは過去問・用語解説・比較表を組み合わせ、実務経験と受験資格で迷った論点を解き直せます。間違えた問題は理由を短くメモし、関連用語で定義と選択肢の論点を確認してから同分野へ戻ると定着しやすくなります。",年間スケジュール,"管理業務主任者試験の実務経験と受験資格について、「年間スケジュール」の観点で整理します。制度・数値・日程は年度や改正で変わるため、学習前と申込前には管理業務主任者試験センター（公式）の最新情報を確認してください。非公式まとめは参考程度にし、最終判断は必ず公式要項に置きます。

このサイトでは過去問・用語解説・比較表を組み合わせ、実務経験と受験資格で迷った論点を解き直せます。間違えた問題は理由を短くメモし、関連用語で定義と選択肢の論点を確認してから同分野へ戻ると定着しやすくなります。",申込期間と手数料,"管理業務主任者試験の実務経験と受験資格について、「申込期間と手数料」の観点で整理します。制度・数値・日程は年度や改正で変わるため、学習前と申込前には管理業務主任者試験センター（公式）の最新情報を確認してください。非公式まとめは参考程度にし、最終判断は必ず公式要項に置きます。

このサイトでは過去問・用語解説・比較表を組み合わせ、実務経験と受験資格で迷った論点を解き直せます。間違えた問題は理由を短くメモし、関連用語で定義と選択肢の論点を確認してから同分野へ戻ると定着しやすくなります。",申込手順と会場,"管理業務主任者試験の実務経験と受験資格について、「申込手順と会場」の観点で整理します。制度・数値・日程は年度や改正で変わるため、学習前と申込前には管理業務主任者試験センター（公式）の最新情報を確認してください。非公式まとめは参考程度にし、最終判断は必ず公式要項に置きます。

このサイトでは過去問・用語解説・比較表を組み合わせ、実務経験と受験資格で迷った論点を解き直せます。間違えた問題は理由を短くメモし、関連用語で定義と選択肢の論点を確認してから同分野へ戻ると定着しやすくなります。",申込前チェックリスト,"管理業務主任者試験の実務経験と受験資格について、「申込前チェックリスト」の観点で整理します。制度・数値・日程は年度や改正で変わるため、学習前と申込前には管理業務主任者試験センター（公式）の最新情報を確認してください。非公式まとめは参考程度にし、最終判断は必ず公式要項に置きます。

このサイトでは過去問・用語解説・比較表を組み合わせ、実務経験と受験資格で迷った論点を解き直せます。間違えた問題は理由を短くメモし、関連用語で定義と選択肢の論点を確認してから同分野へ戻ると定着しやすくなります。",,,,,受験資格はどこで確認しますか？,管理業務主任者試験の実務経験と受験資格に関する質問「受験資格はどこで確認しますか」について、まず公式要項で最新の制度を確認してください。本サイトでは過去問演習と用語解説で、実務経験と受験資格の理解度を具体的に確かめられます。数値や期限は資格ごとに異なるため、本文の例は必ず公式情報と照合してください。,申込期限を過ぎたらどうなりますか？,管理業務主任者試験の実務経験と受験資格に関する質問「申込期限を過ぎたらどうなりますか」について、まず公式要項で最新の制度を確認してください。本サイトでは過去問演習と用語解説で、実務経験と受験資格の理解度を具体的に確かめられます。数値や期限は資格ごとに異なるため、本文の例は必ず公式情報と照合してください。,exam-overview:試験概要;study-plan:学習計画
education-requirement,受験・申込,管理業務主任者試験の学歴要件と受験資格,管理業務主任者試験の学歴要件と受験資格について、公式情報の確認方法と学習の進め方を整理します。受験前に押さえるべきポイントと、このサイトでの演習・用語解説の活用法を解説します。,申込前に資格要件とスケジュールを確認したい人向けに、公式情報の見方をまとめます。,15,受験資格;申込;公式情報,管業マスター編集部,資格学習サイトの編集チーム,公式情報確認担当,公開前に一次情報との照合を行う担当者,2026-05-30,管理業務主任者試験センター（公式）|https://www.mankan.or.jp/,受験・申込向けテンプレートから作成。公開前に本文・参照URL・関連リンクを差し替える。,本記事を読むと、管理業務主任者試験の学歴要件と受験資格について、公式情報で確認すべき点と、このサイトでの学習の進め方が分かります。読了後は行動チェックリストに沿って演習・用語確認まで進められる状態を目指します。,【行動1】;【行動2】;【行動3】,試験要項・公式ページ更新時に本文と参照元を見直す。,2026-05-30,2026-06-29,2026-05-30,published,ガイド記事テンプレート で 2026-05-30 作成。,受験資格の確認,"管理業務主任者試験の学歴要件と受験資格について、「受験資格の確認」の観点で整理します。制度・数値・日程は年度や改正で変わるため、学習前と申込前には管理業務主任者試験センター（公式）の最新情報を確認してください。非公式まとめは参考程度にし、最終判断は必ず公式要項に置きます。

このサイトでは過去問・用語解説・比較表を組み合わせ、学歴要件と受験資格で迷った論点を解き直せます。間違えた問題は理由を短くメモし、関連用語で定義と選択肢の論点を確認してから同分野へ戻ると定着しやすくなります。",年間スケジュール,"管理業務主任者試験の学歴要件と受験資格について、「年間スケジュール」の観点で整理します。制度・数値・日程は年度や改正で変わるため、学習前と申込前には管理業務主任者試験センター（公式）の最新情報を確認してください。非公式まとめは参考程度にし、最終判断は必ず公式要項に置きます。

このサイトでは過去問・用語解説・比較表を組み合わせ、学歴要件と受験資格で迷った論点を解き直せます。間違えた問題は理由を短くメモし、関連用語で定義と選択肢の論点を確認してから同分野へ戻ると定着しやすくなります。",申込期間と手数料,"管理業務主任者試験の学歴要件と受験資格について、「申込期間と手数料」の観点で整理します。制度・数値・日程は年度や改正で変わるため、学習前と申込前には管理業務主任者試験センター（公式）の最新情報を確認してください。非公式まとめは参考程度にし、最終判断は必ず公式要項に置きます。

このサイトでは過去問・用語解説・比較表を組み合わせ、学歴要件と受験資格で迷った論点を解き直せます。間違えた問題は理由を短くメモし、関連用語で定義と選択肢の論点を確認してから同分野へ戻ると定着しやすくなります。",申込手順と会場,"管理業務主任者試験の学歴要件と受験資格について、「申込手順と会場」の観点で整理します。制度・数値・日程は年度や改正で変わるため、学習前と申込前には管理業務主任者試験センター（公式）の最新情報を確認してください。非公式まとめは参考程度にし、最終判断は必ず公式要項に置きます。

このサイトでは過去問・用語解説・比較表を組み合わせ、学歴要件と受験資格で迷った論点を解き直せます。間違えた問題は理由を短くメモし、関連用語で定義と選択肢の論点を確認してから同分野へ戻ると定着しやすくなります。",申込前チェックリスト,"管理業務主任者試験の学歴要件と受験資格について、「申込前チェックリスト」の観点で整理します。制度・数値・日程は年度や改正で変わるため、学習前と申込前には管理業務主任者試験センター（公式）の最新情報を確認してください。非公式まとめは参考程度にし、最終判断は必ず公式要項に置きます。

このサイトでは過去問・用語解説・比較表を組み合わせ、学歴要件と受験資格で迷った論点を解き直せます。間違えた問題は理由を短くメモし、関連用語で定義と選択肢の論点を確認してから同分野へ戻ると定着しやすくなります。",,,,,受験資格はどこで確認しますか？,管理業務主任者試験の学歴要件と受験資格に関する質問「受験資格はどこで確認しますか」について、まず公式要項で最新の制度を確認してください。本サイトでは過去問演習と用語解説で、学歴要件と受験資格の理解度を具体的に確かめられます。数値や期限は資格ごとに異なるため、本文の例は必ず公式情報と照合してください。,申込期限を過ぎたらどうなりますか？,管理業務主任者試験の学歴要件と受験資格に関する質問「申込期限を過ぎたらどうなりますか」について、まず公式要項で最新の制度を確認してください。本サイトでは過去問演習と用語解説で、学歴要件と受験資格の理解度を具体的に確かめられます。数値や期限は資格ごとに異なるため、本文の例は必ず公式情報と照合してください。,exam-overview:試験概要;study-plan:学習計画
concurrent-exam-rules,受験・申込,管理業務主任者試験の併願・同日受験のルール,管理業務主任者試験の併願・同日受験のルールについて、公式情報の確認方法と学習の進め方を整理します。受験前に押さえるべきポイントと、このサイトでの演習・用語解説の活用法を解説します。,申込前に資格要件とスケジュールを確認したい人向けに、公式情報の見方をまとめます。,15,受験資格;申込;公式情報,管業マスター編集部,資格学習サイトの編集チーム,公式情報確認担当,公開前に一次情報との照合を行う担当者,2026-05-30,管理業務主任者試験センター（公式）|https://www.mankan.or.jp/,受験・申込向けテンプレートから作成。公開前に本文・参照URL・関連リンクを差し替える。,本記事を読むと、管理業務主任者試験の併願・同日受験のルールについて、公式情報で確認すべき点と、このサイトでの学習の進め方が分かります。読了後は行動チェックリストに沿って演習・用語確認まで進められる状態を目指します。,【行動1】;【行動2】;【行動3】,試験要項・公式ページ更新時に本文と参照元を見直す。,2026-05-30,2026-06-29,2026-05-30,published,ガイド記事テンプレート で 2026-05-30 作成。,受験資格の確認,"管理業務主任者試験の併願・同日受験のルールについて、「受験資格の確認」の観点で整理します。制度・数値・日程は年度や改正で変わるため、学習前と申込前には管理業務主任者試験センター（公式）の最新情報を確認してください。非公式まとめは参考程度にし、最終判断は必ず公式要項に置きます。

このサイトでは過去問・用語解説・比較表を組み合わせ、併願・同日受験のルールで迷った論点を解き直せます。間違えた問題は理由を短くメモし、関連用語で定義と選択肢の論点を確認してから同分野へ戻ると定着しやすくなります。",年間スケジュール,"管理業務主任者試験の併願・同日受験のルールについて、「年間スケジュール」の観点で整理します。制度・数値・日程は年度や改正で変わるため、学習前と申込前には管理業務主任者試験センター（公式）の最新情報を確認してください。非公式まとめは参考程度にし、最終判断は必ず公式要項に置きます。

このサイトでは過去問・用語解説・比較表を組み合わせ、併願・同日受験のルールで迷った論点を解き直せます。間違えた問題は理由を短くメモし、関連用語で定義と選択肢の論点を確認してから同分野へ戻ると定着しやすくなります。",申込期間と手数料,"管理業務主任者試験の併願・同日受験のルールについて、「申込期間と手数料」の観点で整理します。制度・数値・日程は年度や改正で変わるため、学習前と申込前には管理業務主任者試験センター（公式）の最新情報を確認してください。非公式まとめは参考程度にし、最終判断は必ず公式要項に置きます。

このサイトでは過去問・用語解説・比較表を組み合わせ、併願・同日受験のルールで迷った論点を解き直せます。間違えた問題は理由を短くメモし、関連用語で定義と選択肢の論点を確認してから同分野へ戻ると定着しやすくなります。",申込手順と会場,"管理業務主任者試験の併願・同日受験のルールについて、「申込手順と会場」の観点で整理します。制度・数値・日程は年度や改正で変わるため、学習前と申込前には管理業務主任者試験センター（公式）の最新情報を確認してください。非公式まとめは参考程度にし、最終判断は必ず公式要項に置きます。

このサイトでは過去問・用語解説・比較表を組み合わせ、併願・同日受験のルールで迷った論点を解き直せます。間違えた問題は理由を短くメモし、関連用語で定義と選択肢の論点を確認してから同分野へ戻ると定着しやすくなります。",申込前チェックリスト,"管理業務主任者試験の併願・同日受験のルールについて、「申込前チェックリスト」の観点で整理します。制度・数値・日程は年度や改正で変わるため、学習前と申込前には管理業務主任者試験センター（公式）の最新情報を確認してください。非公式まとめは参考程度にし、最終判断は必ず公式要項に置きます。

このサイトでは過去問・用語解説・比較表を組み合わせ、併願・同日受験のルールで迷った論点を解き直せます。間違えた問題は理由を短くメモし、関連用語で定義と選択肢の論点を確認してから同分野へ戻ると定着しやすくなります。",,,,,受験資格はどこで確認しますか？,管理業務主任者試験の併願・同日受験のルールに関する質問「受験資格はどこで確認しますか」について、まず公式要項で最新の制度を確認してください。本サイトでは過去問演習と用語解説で、併願・同日受験のルールの理解度を具体的に確かめられます。数値や期限は資格ごとに異なるため、本文の例は必ず公式情報と照合してください。,申込期限を過ぎたらどうなりますか？,管理業務主任者試験の併願・同日受験のルールに関する質問「申込期限を過ぎたらどうなりますか」について、まず公式要項で最新の制度を確認してください。本サイトでは過去問演習と用語解説で、併願・同日受験のルールの理解度を具体的に確かめられます。数値や期限は資格ごとに異なるため、本文の例は必ず公式情報と照合してください。,exam-overview:試験概要;study-plan:学習計画
exam-schedule,受験・申込,管理業務主任者試験の試験日程,管理業務主任者試験の試験日程について、公式情報の確認方法と学習の進め方を整理します。受験前に押さえるべきポイントと、このサイトでの演習・用語解説の活用法を解説します。,申込前に資格要件とスケジュールを確認したい人向けに、公式情報の見方をまとめます。,15,受験資格;申込;公式情報,管業マスター編集部,資格学習サイトの編集チーム,公式情報確認担当,公開前に一次情報との照合を行う担当者,2026-05-30,管理業務主任者試験センター（公式）|https://www.mankan.or.jp/,受験・申込向けテンプレートから作成。公開前に本文・参照URL・関連リンクを差し替える。,本記事を読むと、管理業務主任者試験の試験日程について、公式情報で確認すべき点と、このサイトでの学習の進め方が分かります。読了後は行動チェックリストに沿って演習・用語確認まで進められる状態を目指します。,【行動1】;【行動2】;【行動3】,試験要項・公式ページ更新時に本文と参照元を見直す。,2026-05-30,2026-06-29,2026-05-30,published,ガイド記事テンプレート で 2026-05-30 作成。,受験資格の確認,"管理業務主任者試験の試験日程について、「受験資格の確認」の観点で整理します。制度・数値・日程は年度や改正で変わるため、学習前と申込前には管理業務主任者試験センター（公式）の最新情報を確認してください。非公式まとめは参考程度にし、最終判断は必ず公式要項に置きます。

このサイトでは過去問・用語解説・比較表を組み合わせ、試験日程で迷った論点を解き直せます。間違えた問題は理由を短くメモし、関連用語で定義と選択肢の論点を確認してから同分野へ戻ると定着しやすくなります。",年間スケジュール,"管理業務主任者試験の試験日程について、「年間スケジュール」の観点で整理します。制度・数値・日程は年度や改正で変わるため、学習前と申込前には管理業務主任者試験センター（公式）の最新情報を確認してください。非公式まとめは参考程度にし、最終判断は必ず公式要項に置きます。

このサイトでは過去問・用語解説・比較表を組み合わせ、試験日程で迷った論点を解き直せます。間違えた問題は理由を短くメモし、関連用語で定義と選択肢の論点を確認してから同分野へ戻ると定着しやすくなります。",申込期間と手数料,"管理業務主任者試験の試験日程について、「申込期間と手数料」の観点で整理します。制度・数値・日程は年度や改正で変わるため、学習前と申込前には管理業務主任者試験センター（公式）の最新情報を確認してください。非公式まとめは参考程度にし、最終判断は必ず公式要項に置きます。

このサイトでは過去問・用語解説・比較表を組み合わせ、試験日程で迷った論点を解き直せます。間違えた問題は理由を短くメモし、関連用語で定義と選択肢の論点を確認してから同分野へ戻ると定着しやすくなります。",申込手順と会場,"管理業務主任者試験の試験日程について、「申込手順と会場」の観点で整理します。制度・数値・日程は年度や改正で変わるため、学習前と申込前には管理業務主任者試験センター（公式）の最新情報を確認してください。非公式まとめは参考程度にし、最終判断は必ず公式要項に置きます。

このサイトでは過去問・用語解説・比較表を組み合わせ、試験日程で迷った論点を解き直せます。間違えた問題は理由を短くメモし、関連用語で定義と選択肢の論点を確認してから同分野へ戻ると定着しやすくなります。",申込前チェックリスト,"管理業務主任者試験の試験日程について、「申込前チェックリスト」の観点で整理します。制度・数値・日程は年度や改正で変わるため、学習前と申込前には管理業務主任者試験センター（公式）の最新情報を確認してください。非公式まとめは参考程度にし、最終判断は必ず公式要項に置きます。

このサイトでは過去問・用語解説・比較表を組み合わせ、試験日程で迷った論点を解き直せます。間違えた問題は理由を短くメモし、関連用語で定義と選択肢の論点を確認してから同分野へ戻ると定着しやすくなります。",,,,,受験資格はどこで確認しますか？,管理業務主任者試験の試験日程に関する質問「受験資格はどこで確認しますか」について、まず公式要項で最新の制度を確認してください。本サイトでは過去問演習と用語解説で、試験日程の理解度を具体的に確かめられます。数値や期限は資格ごとに異なるため、本文の例は必ず公式情報と照合してください。,申込期限を過ぎたらどうなりますか？,管理業務主任者試験の試験日程に関する質問「申込期限を過ぎたらどうなりますか」について、まず公式要項で最新の制度を確認してください。本サイトでは過去問演習と用語解説で、試験日程の理解度を具体的に確かめられます。数値や期限は資格ごとに異なるため、本文の例は必ず公式情報と照合してください。,exam-overview:試験概要;study-plan:学習計画
exam-fees,受験・申込,管理業務主任者試験の受験料,管理業務主任者試験の受験料について、公式情報の確認方法と学習の進め方を整理します。受験前に押さえるべきポイントと、このサイトでの演習・用語解説の活用法を解説します。,申込前に資格要件とスケジュールを確認したい人向けに、公式情報の見方をまとめます。,15,受験資格;申込;公式情報,管業マスター編集部,資格学習サイトの編集チーム,公式情報確認担当,公開前に一次情報との照合を行う担当者,2026-05-30,管理業務主任者試験センター（公式）|https://www.mankan.or.jp/,受験・申込向けテンプレートから作成。公開前に本文・参照URL・関連リンクを差し替える。,本記事を読むと、管理業務主任者試験の受験料について、公式情報で確認すべき点と、このサイトでの学習の進め方が分かります。読了後は行動チェックリストに沿って演習・用語確認まで進められる状態を目指します。,【行動1】;【行動2】;【行動3】,試験要項・公式ページ更新時に本文と参照元を見直す。,2026-05-30,2026-06-29,2026-05-30,published,ガイド記事テンプレート で 2026-05-30 作成。,受験資格の確認,"管理業務主任者試験の受験料について、「受験資格の確認」の観点で整理します。制度・数値・日程は年度や改正で変わるため、学習前と申込前には管理業務主任者試験センター（公式）の最新情報を確認してください。非公式まとめは参考程度にし、最終判断は必ず公式要項に置きます。

このサイトでは過去問・用語解説・比較表を組み合わせ、受験料で迷った論点を解き直せます。間違えた問題は理由を短くメモし、関連用語で定義と選択肢の論点を確認してから同分野へ戻ると定着しやすくなります。",年間スケジュール,"管理業務主任者試験の受験料について、「年間スケジュール」の観点で整理します。制度・数値・日程は年度や改正で変わるため、学習前と申込前には管理業務主任者試験センター（公式）の最新情報を確認してください。非公式まとめは参考程度にし、最終判断は必ず公式要項に置きます。

このサイトでは過去問・用語解説・比較表を組み合わせ、受験料で迷った論点を解き直せます。間違えた問題は理由を短くメモし、関連用語で定義と選択肢の論点を確認してから同分野へ戻ると定着しやすくなります。",申込期間と手数料,"管理業務主任者試験の受験料について、「申込期間と手数料」の観点で整理します。制度・数値・日程は年度や改正で変わるため、学習前と申込前には管理業務主任者試験センター（公式）の最新情報を確認してください。非公式まとめは参考程度にし、最終判断は必ず公式要項に置きます。

このサイトでは過去問・用語解説・比較表を組み合わせ、受験料で迷った論点を解き直せます。間違えた問題は理由を短くメモし、関連用語で定義と選択肢の論点を確認してから同分野へ戻ると定着しやすくなります。",申込手順と会場,"管理業務主任者試験の受験料について、「申込手順と会場」の観点で整理します。制度・数値・日程は年度や改正で変わるため、学習前と申込前には管理業務主任者試験センター（公式）の最新情報を確認してください。非公式まとめは参考程度にし、最終判断は必ず公式要項に置きます。

このサイトでは過去問・用語解説・比較表を組み合わせ、受験料で迷った論点を解き直せます。間違えた問題は理由を短くメモし、関連用語で定義と選択肢の論点を確認してから同分野へ戻ると定着しやすくなります。",申込前チェックリスト,"管理業務主任者試験の受験料について、「申込前チェックリスト」の観点で整理します。制度・数値・日程は年度や改正で変わるため、学習前と申込前には管理業務主任者試験センター（公式）の最新情報を確認してください。非公式まとめは参考程度にし、最終判断は必ず公式要項に置きます。

このサイトでは過去問・用語解説・比較表を組み合わせ、受験料で迷った論点を解き直せます。間違えた問題は理由を短くメモし、関連用語で定義と選択肢の論点を確認してから同分野へ戻ると定着しやすくなります。",,,,,受験資格はどこで確認しますか？,管理業務主任者試験の受験料に関する質問「受験資格はどこで確認しますか」について、まず公式要項で最新の制度を確認してください。本サイトでは過去問演習と用語解説で、受験料の理解度を具体的に確かめられます。数値や期限は資格ごとに異なるため、本文の例は必ず公式情報と照合してください。,申込期限を過ぎたらどうなりますか？,管理業務主任者試験の受験料に関する質問「申込期限を過ぎたらどうなりますか」について、まず公式要項で最新の制度を確認してください。本サイトでは過去問演習と用語解説で、受験料の理解度を具体的に確かめられます。数値や期限は資格ごとに異なるため、本文の例は必ず公式情報と照合してください。,exam-overview:試験概要;study-plan:学習計画
exam-application-flow,受験・申込,管理業務主任者試験の申込みの流れ,管理業務主任者試験の申込みの流れについて、公式情報の確認方法と学習の進め方を整理します。受験前に押さえるべきポイントと、このサイトでの演習・用語解説の活用法を解説します。,申込前に資格要件とスケジュールを確認したい人向けに、公式情報の見方をまとめます。,15,受験資格;申込;公式情報,管業マスター編集部,資格学習サイトの編集チーム,公式情報確認担当,公開前に一次情報との照合を行う担当者,2026-05-30,管理業務主任者試験センター（公式）|https://www.mankan.or.jp/,受験・申込向けテンプレートから作成。公開前に本文・参照URL・関連リンクを差し替える。,本記事を読むと、管理業務主任者試験の申込みの流れについて、公式情報で確認すべき点と、このサイトでの学習の進め方が分かります。読了後は行動チェックリストに沿って演習・用語確認まで進められる状態を目指します。,【行動1】;【行動2】;【行動3】,試験要項・公式ページ更新時に本文と参照元を見直す。,2026-05-30,2026-06-29,2026-05-30,published,ガイド記事テンプレート で 2026-05-30 作成。,受験資格の確認,"管理業務主任者試験の申込みの流れについて、「受験資格の確認」の観点で整理します。制度・数値・日程は年度や改正で変わるため、学習前と申込前には管理業務主任者試験センター（公式）の最新情報を確認してください。非公式まとめは参考程度にし、最終判断は必ず公式要項に置きます。

このサイトでは過去問・用語解説・比較表を組み合わせ、申込みの流れで迷った論点を解き直せます。間違えた問題は理由を短くメモし、関連用語で定義と選択肢の論点を確認してから同分野へ戻ると定着しやすくなります。",年間スケジュール,"管理業務主任者試験の申込みの流れについて、「年間スケジュール」の観点で整理します。制度・数値・日程は年度や改正で変わるため、学習前と申込前には管理業務主任者試験センター（公式）の最新情報を確認してください。非公式まとめは参考程度にし、最終判断は必ず公式要項に置きます。

このサイトでは過去問・用語解説・比較表を組み合わせ、申込みの流れで迷った論点を解き直せます。間違えた問題は理由を短くメモし、関連用語で定義と選択肢の論点を確認してから同分野へ戻ると定着しやすくなります。",申込期間と手数料,"管理業務主任者試験の申込みの流れについて、「申込期間と手数料」の観点で整理します。制度・数値・日程は年度や改正で変わるため、学習前と申込前には管理業務主任者試験センター（公式）の最新情報を確認してください。非公式まとめは参考程度にし、最終判断は必ず公式要項に置きます。

このサイトでは過去問・用語解説・比較表を組み合わせ、申込みの流れで迷った論点を解き直せます。間違えた問題は理由を短くメモし、関連用語で定義と選択肢の論点を確認してから同分野へ戻ると定着しやすくなります。",申込手順と会場,"管理業務主任者試験の申込みの流れについて、「申込手順と会場」の観点で整理します。制度・数値・日程は年度や改正で変わるため、学習前と申込前には管理業務主任者試験センター（公式）の最新情報を確認してください。非公式まとめは参考程度にし、最終判断は必ず公式要項に置きます。

このサイトでは過去問・用語解説・比較表を組み合わせ、申込みの流れで迷った論点を解き直せます。間違えた問題は理由を短くメモし、関連用語で定義と選択肢の論点を確認してから同分野へ戻ると定着しやすくなります。",申込前チェックリスト,"管理業務主任者試験の申込みの流れについて、「申込前チェックリスト」の観点で整理します。制度・数値・日程は年度や改正で変わるため、学習前と申込前には管理業務主任者試験センター（公式）の最新情報を確認してください。非公式まとめは参考程度にし、最終判断は必ず公式要項に置きます。

このサイトでは過去問・用語解説・比較表を組み合わせ、申込みの流れで迷った論点を解き直せます。間違えた問題は理由を短くメモし、関連用語で定義と選択肢の論点を確認してから同分野へ戻ると定着しやすくなります。",,,,,受験資格はどこで確認しますか？,管理業務主任者試験の申込みの流れに関する質問「受験資格はどこで確認しますか」について、まず公式要項で最新の制度を確認してください。本サイトでは過去問演習と用語解説で、申込みの流れの理解度を具体的に確かめられます。数値や期限は資格ごとに異なるため、本文の例は必ず公式情報と照合してください。,申込期限を過ぎたらどうなりますか？,管理業務主任者試験の申込みの流れに関する質問「申込期限を過ぎたらどうなりますか」について、まず公式要項で最新の制度を確認してください。本サイトでは過去問演習と用語解説で、申込みの流れの理解度を具体的に確かめられます。数値や期限は資格ごとに異なるため、本文の例は必ず公式情報と照合してください。,exam-overview:試験概要;study-plan:学習計画
application-deadline-checklist,受験・申込,管理業務主任者試験の申込締切前チェックリスト,管理業務主任者試験の申込締切前チェックリストについて、公式情報の確認方法と学習の進め方を整理します。受験前に押さえるべきポイントと、このサイトでの演習・用語解説の活用法を解説します。,申込前に資格要件とスケジュールを確認したい人向けに、公式情報の見方をまとめます。,15,受験資格;申込;公式情報,管業マスター編集部,資格学習サイトの編集チーム,公式情報確認担当,公開前に一次情報との照合を行う担当者,2026-05-30,管理業務主任者試験センター（公式）|https://www.mankan.or.jp/,受験・申込向けテンプレートから作成。公開前に本文・参照URL・関連リンクを差し替える。,本記事を読むと、管理業務主任者試験の申込締切前チェックリストについて、公式情報で確認すべき点と、このサイトでの学習の進め方が分かります。読了後は行動チェックリストに沿って演習・用語確認まで進められる状態を目指します。,【行動1】;【行動2】;【行動3】,試験要項・公式ページ更新時に本文と参照元を見直す。,2026-05-30,2026-06-29,2026-05-30,published,ガイド記事テンプレート で 2026-05-30 作成。,受験資格の確認,"管理業務主任者試験の申込締切前チェックリストについて、「受験資格の確認」の観点で整理します。制度・数値・日程は年度や改正で変わるため、学習前と申込前には管理業務主任者試験センター（公式）の最新情報を確認してください。非公式まとめは参考程度にし、最終判断は必ず公式要項に置きます。

このサイトでは過去問・用語解説・比較表を組み合わせ、申込締切前チェックリストで迷った論点を解き直せます。間違えた問題は理由を短くメモし、関連用語で定義と選択肢の論点を確認してから同分野へ戻ると定着しやすくなります。",年間スケジュール,"管理業務主任者試験の申込締切前チェックリストについて、「年間スケジュール」の観点で整理します。制度・数値・日程は年度や改正で変わるため、学習前と申込前には管理業務主任者試験センター（公式）の最新情報を確認してください。非公式まとめは参考程度にし、最終判断は必ず公式要項に置きます。

このサイトでは過去問・用語解説・比較表を組み合わせ、申込締切前チェックリストで迷った論点を解き直せます。間違えた問題は理由を短くメモし、関連用語で定義と選択肢の論点を確認してから同分野へ戻ると定着しやすくなります。",申込期間と手数料,"管理業務主任者試験の申込締切前チェックリストについて、「申込期間と手数料」の観点で整理します。制度・数値・日程は年度や改正で変わるため、学習前と申込前には管理業務主任者試験センター（公式）の最新情報を確認してください。非公式まとめは参考程度にし、最終判断は必ず公式要項に置きます。

このサイトでは過去問・用語解説・比較表を組み合わせ、申込締切前チェックリストで迷った論点を解き直せます。間違えた問題は理由を短くメモし、関連用語で定義と選択肢の論点を確認してから同分野へ戻ると定着しやすくなります。",申込手順と会場,"管理業務主任者試験の申込締切前チェックリストについて、「申込手順と会場」の観点で整理します。制度・数値・日程は年度や改正で変わるため、学習前と申込前には管理業務主任者試験センター（公式）の最新情報を確認してください。非公式まとめは参考程度にし、最終判断は必ず公式要項に置きます。

このサイトでは過去問・用語解説・比較表を組み合わせ、申込締切前チェックリストで迷った論点を解き直せます。間違えた問題は理由を短くメモし、関連用語で定義と選択肢の論点を確認してから同分野へ戻ると定着しやすくなります。",申込前チェックリスト,"管理業務主任者試験の申込締切前チェックリストについて、「申込前チェックリスト」の観点で整理します。制度・数値・日程は年度や改正で変わるため、学習前と申込前には管理業務主任者試験センター（公式）の最新情報を確認してください。非公式まとめは参考程度にし、最終判断は必ず公式要項に置きます。

このサイトでは過去問・用語解説・比較表を組み合わせ、申込締切前チェックリストで迷った論点を解き直せます。間違えた問題は理由を短くメモし、関連用語で定義と選択肢の論点を確認してから同分野へ戻ると定着しやすくなります。",,,,,受験資格はどこで確認しますか？,管理業務主任者試験の申込締切前チェックリストに関する質問「受験資格はどこで確認しますか」について、まず公式要項で最新の制度を確認してください。本サイトでは過去問演習と用語解説で、申込締切前チェックリストの理解度を具体的に確かめられます。数値や期限は資格ごとに異なるため、本文の例は必ず公式情報と照合してください。,申込期限を過ぎたらどうなりますか？,管理業務主任者試験の申込締切前チェックリストに関する質問「申込期限を過ぎたらどうなりますか」について、まず公式要項で最新の制度を確認してください。本サイトでは過去問演習と用語解説で、申込締切前チェックリストの理解度を具体的に確かめられます。数値や期限は資格ごとに異なるため、本文の例は必ず公式情報と照合してください。,exam-overview:試験概要;study-plan:学習計画
exam-venue-and-region,受験・申込,管理業務主任者試験の受験地・会場の確認,管理業務主任者試験の受験地・会場の確認について、公式情報の確認方法と学習の進め方を整理します。受験前に押さえるべきポイントと、このサイトでの演習・用語解説の活用法を解説します。,申込前に資格要件とスケジュールを確認したい人向けに、公式情報の見方をまとめます。,15,受験資格;申込;公式情報,管業マスター編集部,資格学習サイトの編集チーム,公式情報確認担当,公開前に一次情報との照合を行う担当者,2026-05-30,管理業務主任者試験センター（公式）|https://www.mankan.or.jp/,受験・申込向けテンプレートから作成。公開前に本文・参照URL・関連リンクを差し替える。,本記事を読むと、管理業務主任者試験の受験地・会場の確認について、公式情報で確認すべき点と、このサイトでの学習の進め方が分かります。読了後は行動チェックリストに沿って演習・用語確認まで進められる状態を目指します。,【行動1】;【行動2】;【行動3】,試験要項・公式ページ更新時に本文と参照元を見直す。,2026-05-30,2026-06-29,2026-05-30,published,ガイド記事テンプレート で 2026-05-30 作成。,受験資格の確認,"管理業務主任者試験の受験地・会場の確認について、「受験資格の確認」の観点で整理します。制度・数値・日程は年度や改正で変わるため、学習前と申込前には管理業務主任者試験センター（公式）の最新情報を確認してください。非公式まとめは参考程度にし、最終判断は必ず公式要項に置きます。

このサイトでは過去問・用語解説・比較表を組み合わせ、受験地・会場の確認で迷った論点を解き直せます。間違えた問題は理由を短くメモし、関連用語で定義と選択肢の論点を確認してから同分野へ戻ると定着しやすくなります。",年間スケジュール,"管理業務主任者試験の受験地・会場の確認について、「年間スケジュール」の観点で整理します。制度・数値・日程は年度や改正で変わるため、学習前と申込前には管理業務主任者試験センター（公式）の最新情報を確認してください。非公式まとめは参考程度にし、最終判断は必ず公式要項に置きます。

このサイトでは過去問・用語解説・比較表を組み合わせ、受験地・会場の確認で迷った論点を解き直せます。間違えた問題は理由を短くメモし、関連用語で定義と選択肢の論点を確認してから同分野へ戻ると定着しやすくなります。",申込期間と手数料,"管理業務主任者試験の受験地・会場の確認について、「申込期間と手数料」の観点で整理します。制度・数値・日程は年度や改正で変わるため、学習前と申込前には管理業務主任者試験センター（公式）の最新情報を確認してください。非公式まとめは参考程度にし、最終判断は必ず公式要項に置きます。

このサイトでは過去問・用語解説・比較表を組み合わせ、受験地・会場の確認で迷った論点を解き直せます。間違えた問題は理由を短くメモし、関連用語で定義と選択肢の論点を確認してから同分野へ戻ると定着しやすくなります。",申込手順と会場,"管理業務主任者試験の受験地・会場の確認について、「申込手順と会場」の観点で整理します。制度・数値・日程は年度や改正で変わるため、学習前と申込前には管理業務主任者試験センター（公式）の最新情報を確認してください。非公式まとめは参考程度にし、最終判断は必ず公式要項に置きます。

このサイトでは過去問・用語解説・比較表を組み合わせ、受験地・会場の確認で迷った論点を解き直せます。間違えた問題は理由を短くメモし、関連用語で定義と選択肢の論点を確認してから同分野へ戻ると定着しやすくなります。",申込前チェックリスト,"管理業務主任者試験の受験地・会場の確認について、「申込前チェックリスト」の観点で整理します。制度・数値・日程は年度や改正で変わるため、学習前と申込前には管理業務主任者試験センター（公式）の最新情報を確認してください。非公式まとめは参考程度にし、最終判断は必ず公式要項に置きます。

このサイトでは過去問・用語解説・比較表を組み合わせ、受験地・会場の確認で迷った論点を解き直せます。間違えた問題は理由を短くメモし、関連用語で定義と選択肢の論点を確認してから同分野へ戻ると定着しやすくなります。",,,,,受験資格はどこで確認しますか？,管理業務主任者試験の受験地・会場の確認に関する質問「受験資格はどこで確認しますか」について、まず公式要項で最新の制度を確認してください。本サイトでは過去問演習と用語解説で、受験地・会場の確認の理解度を具体的に確かめられます。数値や期限は資格ごとに異なるため、本文の例は必ず公式情報と照合してください。,申込期限を過ぎたらどうなりますか？,管理業務主任者試験の受験地・会場の確認に関する質問「申込期限を過ぎたらどうなりますか」について、まず公式要項で最新の制度を確認してください。本サイトでは過去問演習と用語解説で、受験地・会場の確認の理解度を具体的に確かめられます。数値や期限は資格ごとに異なるため、本文の例は必ず公式情報と照合してください。,exam-overview:試験概要;study-plan:学習計画
reschedule-and-absence,受験・申込,管理業務主任者試験の欠席・再受験の手続き,管理業務主任者試験の欠席・再受験の手続きについて、公式情報の確認方法と学習の進め方を整理します。受験前に押さえるべきポイントと、このサイトでの演習・用語解説の活用法を解説します。,申込前に資格要件とスケジュールを確認したい人向けに、公式情報の見方をまとめます。,15,受験資格;申込;公式情報,管業マスター編集部,資格学習サイトの編集チーム,公式情報確認担当,公開前に一次情報との照合を行う担当者,2026-05-30,管理業務主任者試験センター（公式）|https://www.mankan.or.jp/,受験・申込向けテンプレートから作成。公開前に本文・参照URL・関連リンクを差し替える。,本記事を読むと、管理業務主任者試験の欠席・再受験の手続きについて、公式情報で確認すべき点と、このサイトでの学習の進め方が分かります。読了後は行動チェックリストに沿って演習・用語確認まで進められる状態を目指します。,【行動1】;【行動2】;【行動3】,試験要項・公式ページ更新時に本文と参照元を見直す。,2026-05-30,2026-06-29,2026-05-30,published,ガイド記事テンプレート で 2026-05-30 作成。,受験資格の確認,"管理業務主任者試験の欠席・再受験の手続きについて、「受験資格の確認」の観点で整理します。制度・数値・日程は年度や改正で変わるため、学習前と申込前には管理業務主任者試験センター（公式）の最新情報を確認してください。非公式まとめは参考程度にし、最終判断は必ず公式要項に置きます。

このサイトでは過去問・用語解説・比較表を組み合わせ、欠席・再受験の手続きで迷った論点を解き直せます。間違えた問題は理由を短くメモし、関連用語で定義と選択肢の論点を確認してから同分野へ戻ると定着しやすくなります。",年間スケジュール,"管理業務主任者試験の欠席・再受験の手続きについて、「年間スケジュール」の観点で整理します。制度・数値・日程は年度や改正で変わるため、学習前と申込前には管理業務主任者試験センター（公式）の最新情報を確認してください。非公式まとめは参考程度にし、最終判断は必ず公式要項に置きます。

このサイトでは過去問・用語解説・比較表を組み合わせ、欠席・再受験の手続きで迷った論点を解き直せます。間違えた問題は理由を短くメモし、関連用語で定義と選択肢の論点を確認してから同分野へ戻ると定着しやすくなります。",申込期間と手数料,"管理業務主任者試験の欠席・再受験の手続きについて、「申込期間と手数料」の観点で整理します。制度・数値・日程は年度や改正で変わるため、学習前と申込前には管理業務主任者試験センター（公式）の最新情報を確認してください。非公式まとめは参考程度にし、最終判断は必ず公式要項に置きます。

このサイトでは過去問・用語解説・比較表を組み合わせ、欠席・再受験の手続きで迷った論点を解き直せます。間違えた問題は理由を短くメモし、関連用語で定義と選択肢の論点を確認してから同分野へ戻ると定着しやすくなります。",申込手順と会場,"管理業務主任者試験の欠席・再受験の手続きについて、「申込手順と会場」の観点で整理します。制度・数値・日程は年度や改正で変わるため、学習前と申込前には管理業務主任者試験センター（公式）の最新情報を確認してください。非公式まとめは参考程度にし、最終判断は必ず公式要項に置きます。

このサイトでは過去問・用語解説・比較表を組み合わせ、欠席・再受験の手続きで迷った論点を解き直せます。間違えた問題は理由を短くメモし、関連用語で定義と選択肢の論点を確認してから同分野へ戻ると定着しやすくなります。",申込前チェックリスト,"管理業務主任者試験の欠席・再受験の手続きについて、「申込前チェックリスト」の観点で整理します。制度・数値・日程は年度や改正で変わるため、学習前と申込前には管理業務主任者試験センター（公式）の最新情報を確認してください。非公式まとめは参考程度にし、最終判断は必ず公式要項に置きます。

このサイトでは過去問・用語解説・比較表を組み合わせ、欠席・再受験の手続きで迷った論点を解き直せます。間違えた問題は理由を短くメモし、関連用語で定義と選択肢の論点を確認してから同分野へ戻ると定着しやすくなります。",,,,,受験資格はどこで確認しますか？,管理業務主任者試験の欠席・再受験の手続きに関する質問「受験資格はどこで確認しますか」について、まず公式要項で最新の制度を確認してください。本サイトでは過去問演習と用語解説で、欠席・再受験の手続きの理解度を具体的に確かめられます。数値や期限は資格ごとに異なるため、本文の例は必ず公式情報と照合してください。,申込期限を過ぎたらどうなりますか？,管理業務主任者試験の欠席・再受験の手続きに関する質問「申込期限を過ぎたらどうなりますか」について、まず公式要項で最新の制度を確認してください。本サイトでは過去問演習と用語解説で、欠席・再受験の手続きの理解度を具体的に確かめられます。数値や期限は資格ごとに異なるため、本文の例は必ず公式情報と照合してください。,exam-overview:試験概要;study-plan:学習計画
exam-format-overview,出題・形式,管理業務主任者試験の試験形式の概要,管理業務主任者試験の試験形式の概要について、公式情報の確認方法と学習の進め方を整理します。受験前に押さえるべきポイントと、このサイトでの演習・用語解説の活用法を解説します。,何をどこまで学ぶか、当日の形式をつかみたい人向けに、公式範囲の読み方をまとめます。,19,出題範囲;試験形式,管業マスター編集部,資格学習サイトの編集チーム,公式情報確認担当,公開前に一次情報との照合を行う担当者,2026-05-30,管理業務主任者試験センター（公式）|https://www.mankan.or.jp/,出題・形式向けテンプレートから作成。公開前に本文・参照URL・関連リンクを差し替える。,本記事を読むと、管理業務主任者試験の試験形式の概要について、公式情報で確認すべき点と、このサイトでの学習の進め方が分かります。読了後は行動チェックリストに沿って演習・用語確認まで進められる状態を目指します。,【行動1】;【行動2】;【行動3】,試験要項・公式ページ更新時に本文と参照元を見直す。,2026-05-30,2026-06-29,2026-05-30,published,ガイド記事テンプレート で 2026-05-30 作成。,出題範囲の確認先,"管理業務主任者試験の試験形式の概要について、「出題範囲の確認先」の観点で整理します。制度・数値・日程は年度や改正で変わるため、学習前と申込前には管理業務主任者試験センター（公式）の最新情報を確認してください。非公式まとめは参考程度にし、最終判断は必ず公式要項に置きます。

このサイトでは過去問・用語解説・比較表を組み合わせ、試験形式の概要で迷った論点を解き直せます。間違えた問題は理由を短くメモし、関連用語で定義と選択肢の論点を確認してから同分野へ戻ると定着しやすくなります。",範囲の全体像と改定,"管理業務主任者試験の試験形式の概要について、「範囲の全体像と改定」の観点で整理します。制度・数値・日程は年度や改正で変わるため、学習前と申込前には管理業務主任者試験センター（公式）の最新情報を確認してください。非公式まとめは参考程度にし、最終判断は必ず公式要項に置きます。

このサイトでは過去問・用語解説・比較表を組み合わせ、試験形式の概要で迷った論点を解き直せます。間違えた問題は理由を短くメモし、関連用語で定義と選択肢の論点を確認してから同分野へ戻ると定着しやすくなります。",科目・配点,"管理業務主任者試験の試験形式の概要について、「科目・配点」の観点で整理します。制度・数値・日程は年度や改正で変わるため、学習前と申込前には管理業務主任者試験センター（公式）の最新情報を確認してください。非公式まとめは参考程度にし、最終判断は必ず公式要項に置きます。

このサイトでは過去問・用語解説・比較表を組み合わせ、試験形式の概要で迷った論点を解き直せます。間違えた問題は理由を短くメモし、関連用語で定義と選択肢の論点を確認してから同分野へ戻ると定着しやすくなります。",制限時間と出題形式,"管理業務主任者試験の試験形式の概要について、「制限時間と出題形式」の観点で整理します。制度・数値・日程は年度や改正で変わるため、学習前と申込前には管理業務主任者試験センター（公式）の最新情報を確認してください。非公式まとめは参考程度にし、最終判断は必ず公式要項に置きます。

このサイトでは過去問・用語解説・比較表を組み合わせ、試験形式の概要で迷った論点を解き直せます。間違えた問題は理由を短くメモし、関連用語で定義と選択肢の論点を確認してから同分野へ戻ると定着しやすくなります。",過去問との対応,"管理業務主任者試験の試験形式の概要について、「過去問との対応」の観点で整理します。制度・数値・日程は年度や改正で変わるため、学習前と申込前には管理業務主任者試験センター（公式）の最新情報を確認してください。非公式まとめは参考程度にし、最終判断は必ず公式要項に置きます。

このサイトでは過去問・用語解説・比較表を組み合わせ、試験形式の概要で迷った論点を解き直せます。間違えた問題は理由を短くメモし、関連用語で定義と選択肢の論点を確認してから同分野へ戻ると定着しやすくなります。",,,,,出題範囲は毎年変わりますか？,管理業務主任者試験の試験形式の概要に関する質問「出題範囲は毎年変わりますか」について、まず公式要項で最新の制度を確認してください。本サイトでは過去問演習と用語解説で、試験形式の概要の理解度を具体的に確かめられます。数値や期限は資格ごとに異なるため、本文の例は必ず公式情報と照合してください。,試験は何形式ですか？,管理業務主任者試験の試験形式の概要に関する質問「試験は何形式ですか」について、まず公式要項で最新の制度を確認してください。本サイトでは過去問演習と用語解説で、試験形式の概要の理解度を具体的に確かめられます。数値や期限は資格ごとに異なるため、本文の例は必ず公式情報と照合してください。,exam-overview:試験概要;glossary-how-to:用語ハブ活用法
subject-breakdown,出題・形式,管理業務主任者試験の科目構成と配点,管理業務主任者試験の科目構成と配点について、公式情報の確認方法と学習の進め方を整理します。受験前に押さえるべきポイントと、このサイトでの演習・用語解説の活用法を解説します。,何をどこまで学ぶか、当日の形式をつかみたい人向けに、公式範囲の読み方をまとめます。,19,出題範囲;試験形式,管業マスター編集部,資格学習サイトの編集チーム,公式情報確認担当,公開前に一次情報との照合を行う担当者,2026-05-30,管理業務主任者試験センター（公式）|https://www.mankan.or.jp/,出題・形式向けテンプレートから作成。公開前に本文・参照URL・関連リンクを差し替える。,本記事を読むと、管理業務主任者試験の科目構成と配点について、公式情報で確認すべき点と、このサイトでの学習の進め方が分かります。読了後は行動チェックリストに沿って演習・用語確認まで進められる状態を目指します。,【行動1】;【行動2】;【行動3】,試験要項・公式ページ更新時に本文と参照元を見直す。,2026-05-30,2026-06-29,2026-05-30,published,ガイド記事テンプレート で 2026-05-30 作成。,出題範囲の確認先,"管理業務主任者試験の科目構成と配点について、「出題範囲の確認先」の観点で整理します。制度・数値・日程は年度や改正で変わるため、学習前と申込前には管理業務主任者試験センター（公式）の最新情報を確認してください。非公式まとめは参考程度にし、最終判断は必ず公式要項に置きます。

このサイトでは過去問・用語解説・比較表を組み合わせ、科目構成と配点で迷った論点を解き直せます。間違えた問題は理由を短くメモし、関連用語で定義と選択肢の論点を確認してから同分野へ戻ると定着しやすくなります。",範囲の全体像と改定,"管理業務主任者試験の科目構成と配点について、「範囲の全体像と改定」の観点で整理します。制度・数値・日程は年度や改正で変わるため、学習前と申込前には管理業務主任者試験センター（公式）の最新情報を確認してください。非公式まとめは参考程度にし、最終判断は必ず公式要項に置きます。

このサイトでは過去問・用語解説・比較表を組み合わせ、科目構成と配点で迷った論点を解き直せます。間違えた問題は理由を短くメモし、関連用語で定義と選択肢の論点を確認してから同分野へ戻ると定着しやすくなります。",科目・配点,"管理業務主任者試験の科目構成と配点について、「科目・配点」の観点で整理します。制度・数値・日程は年度や改正で変わるため、学習前と申込前には管理業務主任者試験センター（公式）の最新情報を確認してください。非公式まとめは参考程度にし、最終判断は必ず公式要項に置きます。

このサイトでは過去問・用語解説・比較表を組み合わせ、科目構成と配点で迷った論点を解き直せます。間違えた問題は理由を短くメモし、関連用語で定義と選択肢の論点を確認してから同分野へ戻ると定着しやすくなります。",制限時間と出題形式,"管理業務主任者試験の科目構成と配点について、「制限時間と出題形式」の観点で整理します。制度・数値・日程は年度や改正で変わるため、学習前と申込前には管理業務主任者試験センター（公式）の最新情報を確認してください。非公式まとめは参考程度にし、最終判断は必ず公式要項に置きます。

このサイトでは過去問・用語解説・比較表を組み合わせ、科目構成と配点で迷った論点を解き直せます。間違えた問題は理由を短くメモし、関連用語で定義と選択肢の論点を確認してから同分野へ戻ると定着しやすくなります。",過去問との対応,"管理業務主任者試験の科目構成と配点について、「過去問との対応」の観点で整理します。制度・数値・日程は年度や改正で変わるため、学習前と申込前には管理業務主任者試験センター（公式）の最新情報を確認してください。非公式まとめは参考程度にし、最終判断は必ず公式要項に置きます。

このサイトでは過去問・用語解説・比較表を組み合わせ、科目構成と配点で迷った論点を解き直せます。間違えた問題は理由を短くメモし、関連用語で定義と選択肢の論点を確認してから同分野へ戻ると定着しやすくなります。",,,,,出題範囲は毎年変わりますか？,管理業務主任者試験の科目構成と配点に関する質問「出題範囲は毎年変わりますか」について、まず公式要項で最新の制度を確認してください。本サイトでは過去問演習と用語解説で、科目構成と配点の理解度を具体的に確かめられます。数値や期限は資格ごとに異なるため、本文の例は必ず公式情報と照合してください。,試験は何形式ですか？,管理業務主任者試験の科目構成と配点に関する質問「試験は何形式ですか」について、まず公式要項で最新の制度を確認してください。本サイトでは過去問演習と用語解説で、科目構成と配点の理解度を具体的に確かめられます。数値や期限は資格ごとに異なるため、本文の例は必ず公式情報と照合してください。,exam-overview:試験概要;glossary-how-to:用語ハブ活用法
cbt-computer-exam,出題・形式,管理業務主任者試験のCBT・マークシート対策,管理業務主任者試験のCBT・マークシート対策について、公式情報の確認方法と学習の進め方を整理します。受験前に押さえるべきポイントと、このサイトでの演習・用語解説の活用法を解説します。,何をどこまで学ぶか、当日の形式をつかみたい人向けに、公式範囲の読み方をまとめます。,19,出題範囲;試験形式,管業マスター編集部,資格学習サイトの編集チーム,公式情報確認担当,公開前に一次情報との照合を行う担当者,2026-05-30,管理業務主任者試験センター（公式）|https://www.mankan.or.jp/,出題・形式向けテンプレートから作成。公開前に本文・参照URL・関連リンクを差し替える。,本記事を読むと、管理業務主任者試験のCBT・マークシート対策について、公式情報で確認すべき点と、このサイトでの学習の進め方が分かります。読了後は行動チェックリストに沿って演習・用語確認まで進められる状態を目指します。,【行動1】;【行動2】;【行動3】,試験要項・公式ページ更新時に本文と参照元を見直す。,2026-05-30,2026-06-29,2026-05-30,published,ガイド記事テンプレート で 2026-05-30 作成。,出題範囲の確認先,"管理業務主任者試験のCBT・マークシート対策について、「出題範囲の確認先」の観点で整理します。制度・数値・日程は年度や改正で変わるため、学習前と申込前には管理業務主任者試験センター（公式）の最新情報を確認してください。非公式まとめは参考程度にし、最終判断は必ず公式要項に置きます。

このサイトでは過去問・用語解説・比較表を組み合わせ、CBT・マークシート対策で迷った論点を解き直せます。間違えた問題は理由を短くメモし、関連用語で定義と選択肢の論点を確認してから同分野へ戻ると定着しやすくなります。",範囲の全体像と改定,"管理業務主任者試験のCBT・マークシート対策について、「範囲の全体像と改定」の観点で整理します。制度・数値・日程は年度や改正で変わるため、学習前と申込前には管理業務主任者試験センター（公式）の最新情報を確認してください。非公式まとめは参考程度にし、最終判断は必ず公式要項に置きます。

このサイトでは過去問・用語解説・比較表を組み合わせ、CBT・マークシート対策で迷った論点を解き直せます。間違えた問題は理由を短くメモし、関連用語で定義と選択肢の論点を確認してから同分野へ戻ると定着しやすくなります。",科目・配点,"管理業務主任者試験のCBT・マークシート対策について、「科目・配点」の観点で整理します。制度・数値・日程は年度や改正で変わるため、学習前と申込前には管理業務主任者試験センター（公式）の最新情報を確認してください。非公式まとめは参考程度にし、最終判断は必ず公式要項に置きます。

このサイトでは過去問・用語解説・比較表を組み合わせ、CBT・マークシート対策で迷った論点を解き直せます。間違えた問題は理由を短くメモし、関連用語で定義と選択肢の論点を確認してから同分野へ戻ると定着しやすくなります。",制限時間と出題形式,"管理業務主任者試験のCBT・マークシート対策について、「制限時間と出題形式」の観点で整理します。制度・数値・日程は年度や改正で変わるため、学習前と申込前には管理業務主任者試験センター（公式）の最新情報を確認してください。非公式まとめは参考程度にし、最終判断は必ず公式要項に置きます。

このサイトでは過去問・用語解説・比較表を組み合わせ、CBT・マークシート対策で迷った論点を解き直せます。間違えた問題は理由を短くメモし、関連用語で定義と選択肢の論点を確認してから同分野へ戻ると定着しやすくなります。",過去問との対応,"管理業務主任者試験のCBT・マークシート対策について、「過去問との対応」の観点で整理します。制度・数値・日程は年度や改正で変わるため、学習前と申込前には管理業務主任者試験センター（公式）の最新情報を確認してください。非公式まとめは参考程度にし、最終判断は必ず公式要項に置きます。

このサイトでは過去問・用語解説・比較表を組み合わせ、CBT・マークシート対策で迷った論点を解き直せます。間違えた問題は理由を短くメモし、関連用語で定義と選択肢の論点を確認してから同分野へ戻ると定着しやすくなります。",,,,,出題範囲は毎年変わりますか？,管理業務主任者試験のCBT・マークシート対策に関する質問「出題範囲は毎年変わりますか」について、まず公式要項で最新の制度を確認してください。本サイトでは過去問演習と用語解説で、CBT・マークシート対策の理解度を具体的に確かめられます。数値や期限は資格ごとに異なるため、本文の例は必ず公式情報と照合してください。,試験は何形式ですか？,管理業務主任者試験のCBT・マークシート対策に関する質問「試験は何形式ですか」について、まず公式要項で最新の制度を確認してください。本サイトでは過去問演習と用語解説で、CBT・マークシート対策の理解度を具体的に確かめられます。数値や期限は資格ごとに異なるため、本文の例は必ず公式情報と照合してください。,exam-overview:試験概要;glossary-how-to:用語ハブ活用法
time-limit-strategy,出題・形式,管理業務主任者試験の時間配分の戦略,管理業務主任者試験の時間配分の戦略について、公式情報の確認方法と学習の進め方を整理します。受験前に押さえるべきポイントと、このサイトでの演習・用語解説の活用法を解説します。,何をどこまで学ぶか、当日の形式をつかみたい人向けに、公式範囲の読み方をまとめます。,19,出題範囲;試験形式,管業マスター編集部,資格学習サイトの編集チーム,公式情報確認担当,公開前に一次情報との照合を行う担当者,2026-05-30,管理業務主任者試験センター（公式）|https://www.mankan.or.jp/,出題・形式向けテンプレートから作成。公開前に本文・参照URL・関連リンクを差し替える。,本記事を読むと、管理業務主任者試験の時間配分の戦略について、公式情報で確認すべき点と、このサイトでの学習の進め方が分かります。読了後は行動チェックリストに沿って演習・用語確認まで進められる状態を目指します。,【行動1】;【行動2】;【行動3】,試験要項・公式ページ更新時に本文と参照元を見直す。,2026-05-30,2026-06-29,2026-05-30,published,ガイド記事テンプレート で 2026-05-30 作成。,出題範囲の確認先,"管理業務主任者試験の時間配分の戦略について、「出題範囲の確認先」の観点で整理します。制度・数値・日程は年度や改正で変わるため、学習前と申込前には管理業務主任者試験センター（公式）の最新情報を確認してください。非公式まとめは参考程度にし、最終判断は必ず公式要項に置きます。

このサイトでは過去問・用語解説・比較表を組み合わせ、時間配分の戦略で迷った論点を解き直せます。間違えた問題は理由を短くメモし、関連用語で定義と選択肢の論点を確認してから同分野へ戻ると定着しやすくなります。",範囲の全体像と改定,"管理業務主任者試験の時間配分の戦略について、「範囲の全体像と改定」の観点で整理します。制度・数値・日程は年度や改正で変わるため、学習前と申込前には管理業務主任者試験センター（公式）の最新情報を確認してください。非公式まとめは参考程度にし、最終判断は必ず公式要項に置きます。

このサイトでは過去問・用語解説・比較表を組み合わせ、時間配分の戦略で迷った論点を解き直せます。間違えた問題は理由を短くメモし、関連用語で定義と選択肢の論点を確認してから同分野へ戻ると定着しやすくなります。",科目・配点,"管理業務主任者試験の時間配分の戦略について、「科目・配点」の観点で整理します。制度・数値・日程は年度や改正で変わるため、学習前と申込前には管理業務主任者試験センター（公式）の最新情報を確認してください。非公式まとめは参考程度にし、最終判断は必ず公式要項に置きます。

このサイトでは過去問・用語解説・比較表を組み合わせ、時間配分の戦略で迷った論点を解き直せます。間違えた問題は理由を短くメモし、関連用語で定義と選択肢の論点を確認してから同分野へ戻ると定着しやすくなります。",制限時間と出題形式,"管理業務主任者試験の時間配分の戦略について、「制限時間と出題形式」の観点で整理します。制度・数値・日程は年度や改正で変わるため、学習前と申込前には管理業務主任者試験センター（公式）の最新情報を確認してください。非公式まとめは参考程度にし、最終判断は必ず公式要項に置きます。

このサイトでは過去問・用語解説・比較表を組み合わせ、時間配分の戦略で迷った論点を解き直せます。間違えた問題は理由を短くメモし、関連用語で定義と選択肢の論点を確認してから同分野へ戻ると定着しやすくなります。",過去問との対応,"管理業務主任者試験の時間配分の戦略について、「過去問との対応」の観点で整理します。制度・数値・日程は年度や改正で変わるため、学習前と申込前には管理業務主任者試験センター（公式）の最新情報を確認してください。非公式まとめは参考程度にし、最終判断は必ず公式要項に置きます。

このサイトでは過去問・用語解説・比較表を組み合わせ、時間配分の戦略で迷った論点を解き直せます。間違えた問題は理由を短くメモし、関連用語で定義と選択肢の論点を確認してから同分野へ戻ると定着しやすくなります。",,,,,出題範囲は毎年変わりますか？,管理業務主任者試験の時間配分の戦略に関する質問「出題範囲は毎年変わりますか」について、まず公式要項で最新の制度を確認してください。本サイトでは過去問演習と用語解説で、時間配分の戦略の理解度を具体的に確かめられます。数値や期限は資格ごとに異なるため、本文の例は必ず公式情報と照合してください。,試験は何形式ですか？,管理業務主任者試験の時間配分の戦略に関する質問「試験は何形式ですか」について、まず公式要項で最新の制度を確認してください。本サイトでは過去問演習と用語解説で、時間配分の戦略の理解度を具体的に確かめられます。数値や期限は資格ごとに異なるため、本文の例は必ず公式情報と照合してください。,exam-overview:試験概要;glossary-how-to:用語ハブ活用法
exam-scope-overview,出題・形式,管理業務主任者試験の出題範囲の概要,管理業務主任者試験の出題範囲の概要について、公式情報の確認方法と学習の進め方を整理します。受験前に押さえるべきポイントと、このサイトでの演習・用語解説の活用法を解説します。,何をどこまで学ぶか、当日の形式をつかみたい人向けに、公式範囲の読み方をまとめます。,19,出題範囲;試験形式,管業マスター編集部,資格学習サイトの編集チーム,公式情報確認担当,公開前に一次情報との照合を行う担当者,2026-05-30,管理業務主任者試験センター（公式）|https://www.mankan.or.jp/,出題・形式向けテンプレートから作成。公開前に本文・参照URL・関連リンクを差し替える。,本記事を読むと、管理業務主任者試験の出題範囲の概要について、公式情報で確認すべき点と、このサイトでの学習の進め方が分かります。読了後は行動チェックリストに沿って演習・用語確認まで進められる状態を目指します。,【行動1】;【行動2】;【行動3】,試験要項・公式ページ更新時に本文と参照元を見直す。,2026-05-30,2026-06-29,2026-05-30,published,ガイド記事テンプレート で 2026-05-30 作成。,出題範囲の確認先,"管理業務主任者試験の出題範囲の概要について、「出題範囲の確認先」の観点で整理します。制度・数値・日程は年度や改正で変わるため、学習前と申込前には管理業務主任者試験センター（公式）の最新情報を確認してください。非公式まとめは参考程度にし、最終判断は必ず公式要項に置きます。

このサイトでは過去問・用語解説・比較表を組み合わせ、出題範囲の概要で迷った論点を解き直せます。間違えた問題は理由を短くメモし、関連用語で定義と選択肢の論点を確認してから同分野へ戻ると定着しやすくなります。",範囲の全体像と改定,"管理業務主任者試験の出題範囲の概要について、「範囲の全体像と改定」の観点で整理します。制度・数値・日程は年度や改正で変わるため、学習前と申込前には管理業務主任者試験センター（公式）の最新情報を確認してください。非公式まとめは参考程度にし、最終判断は必ず公式要項に置きます。

このサイトでは過去問・用語解説・比較表を組み合わせ、出題範囲の概要で迷った論点を解き直せます。間違えた問題は理由を短くメモし、関連用語で定義と選択肢の論点を確認してから同分野へ戻ると定着しやすくなります。",科目・配点,"管理業務主任者試験の出題範囲の概要について、「科目・配点」の観点で整理します。制度・数値・日程は年度や改正で変わるため、学習前と申込前には管理業務主任者試験センター（公式）の最新情報を確認してください。非公式まとめは参考程度にし、最終判断は必ず公式要項に置きます。

このサイトでは過去問・用語解説・比較表を組み合わせ、出題範囲の概要で迷った論点を解き直せます。間違えた問題は理由を短くメモし、関連用語で定義と選択肢の論点を確認してから同分野へ戻ると定着しやすくなります。",制限時間と出題形式,"管理業務主任者試験の出題範囲の概要について、「制限時間と出題形式」の観点で整理します。制度・数値・日程は年度や改正で変わるため、学習前と申込前には管理業務主任者試験センター（公式）の最新情報を確認してください。非公式まとめは参考程度にし、最終判断は必ず公式要項に置きます。

このサイトでは過去問・用語解説・比較表を組み合わせ、出題範囲の概要で迷った論点を解き直せます。間違えた問題は理由を短くメモし、関連用語で定義と選択肢の論点を確認してから同分野へ戻ると定着しやすくなります。",過去問との対応,"管理業務主任者試験の出題範囲の概要について、「過去問との対応」の観点で整理します。制度・数値・日程は年度や改正で変わるため、学習前と申込前には管理業務主任者試験センター（公式）の最新情報を確認してください。非公式まとめは参考程度にし、最終判断は必ず公式要項に置きます。

このサイトでは過去問・用語解説・比較表を組み合わせ、出題範囲の概要で迷った論点を解き直せます。間違えた問題は理由を短くメモし、関連用語で定義と選択肢の論点を確認してから同分野へ戻ると定着しやすくなります。",,,,,出題範囲は毎年変わりますか？,管理業務主任者試験の出題範囲の概要に関する質問「出題範囲は毎年変わりますか」について、まず公式要項で最新の制度を確認してください。本サイトでは過去問演習と用語解説で、出題範囲の概要の理解度を具体的に確かめられます。数値や期限は資格ごとに異なるため、本文の例は必ず公式情報と照合してください。,試験は何形式ですか？,管理業務主任者試験の出題範囲の概要に関する質問「試験は何形式ですか」について、まず公式要項で最新の制度を確認してください。本サイトでは過去問演習と用語解説で、出題範囲の概要の理解度を具体的に確かめられます。数値や期限は資格ごとに異なるため、本文の例は必ず公式情報と照合してください。,exam-overview:試験概要;glossary-how-to:用語ハブ活用法
syllabus-how-to-read,出題・形式,管理業務主任者試験の試験要項・シラバスの読み方,管理業務主任者試験の試験要項・シラバスの読み方について、公式情報の確認方法と学習の進め方を整理します。受験前に押さえるべきポイントと、このサイトでの演習・用語解説の活用法を解説します。,何をどこまで学ぶか、当日の形式をつかみたい人向けに、公式範囲の読み方をまとめます。,19,出題範囲;試験形式,管業マスター編集部,資格学習サイトの編集チーム,公式情報確認担当,公開前に一次情報との照合を行う担当者,2026-05-30,管理業務主任者試験センター（公式）|https://www.mankan.or.jp/,出題・形式向けテンプレートから作成。公開前に本文・参照URL・関連リンクを差し替える。,本記事を読むと、管理業務主任者試験の試験要項・シラバスの読み方について、公式情報で確認すべき点と、このサイトでの学習の進め方が分かります。読了後は行動チェックリストに沿って演習・用語確認まで進められる状態を目指します。,【行動1】;【行動2】;【行動3】,試験要項・公式ページ更新時に本文と参照元を見直す。,2026-05-30,2026-06-29,2026-05-30,published,ガイド記事テンプレート で 2026-05-30 作成。,出題範囲の確認先,"管理業務主任者試験の試験要項・シラバスの読み方について、「出題範囲の確認先」の観点で整理します。制度・数値・日程は年度や改正で変わるため、学習前と申込前には管理業務主任者試験センター（公式）の最新情報を確認してください。非公式まとめは参考程度にし、最終判断は必ず公式要項に置きます。

このサイトでは過去問・用語解説・比較表を組み合わせ、試験要項・シラバスの読み方で迷った論点を解き直せます。間違えた問題は理由を短くメモし、関連用語で定義と選択肢の論点を確認してから同分野へ戻ると定着しやすくなります。",範囲の全体像と改定,"管理業務主任者試験の試験要項・シラバスの読み方について、「範囲の全体像と改定」の観点で整理します。制度・数値・日程は年度や改正で変わるため、学習前と申込前には管理業務主任者試験センター（公式）の最新情報を確認してください。非公式まとめは参考程度にし、最終判断は必ず公式要項に置きます。

このサイトでは過去問・用語解説・比較表を組み合わせ、試験要項・シラバスの読み方で迷った論点を解き直せます。間違えた問題は理由を短くメモし、関連用語で定義と選択肢の論点を確認してから同分野へ戻ると定着しやすくなります。",科目・配点,"管理業務主任者試験の試験要項・シラバスの読み方について、「科目・配点」の観点で整理します。制度・数値・日程は年度や改正で変わるため、学習前と申込前には管理業務主任者試験センター（公式）の最新情報を確認してください。非公式まとめは参考程度にし、最終判断は必ず公式要項に置きます。

このサイトでは過去問・用語解説・比較表を組み合わせ、試験要項・シラバスの読み方で迷った論点を解き直せます。間違えた問題は理由を短くメモし、関連用語で定義と選択肢の論点を確認してから同分野へ戻ると定着しやすくなります。",制限時間と出題形式,"管理業務主任者試験の試験要項・シラバスの読み方について、「制限時間と出題形式」の観点で整理します。制度・数値・日程は年度や改正で変わるため、学習前と申込前には管理業務主任者試験センター（公式）の最新情報を確認してください。非公式まとめは参考程度にし、最終判断は必ず公式要項に置きます。

このサイトでは過去問・用語解説・比較表を組み合わせ、試験要項・シラバスの読み方で迷った論点を解き直せます。間違えた問題は理由を短くメモし、関連用語で定義と選択肢の論点を確認してから同分野へ戻ると定着しやすくなります。",過去問との対応,"管理業務主任者試験の試験要項・シラバスの読み方について、「過去問との対応」の観点で整理します。制度・数値・日程は年度や改正で変わるため、学習前と申込前には管理業務主任者試験センター（公式）の最新情報を確認してください。非公式まとめは参考程度にし、最終判断は必ず公式要項に置きます。

このサイトでは過去問・用語解説・比較表を組み合わせ、試験要項・シラバスの読み方で迷った論点を解き直せます。間違えた問題は理由を短くメモし、関連用語で定義と選択肢の論点を確認してから同分野へ戻ると定着しやすくなります。",,,,,出題範囲は毎年変わりますか？,管理業務主任者試験の試験要項・シラバスの読み方に関する質問「出題範囲は毎年変わりますか」について、まず公式要項で最新の制度を確認してください。本サイトでは過去問演習と用語解説で、試験要項・シラバスの読み方の理解度を具体的に確かめられます。数値や期限は資格ごとに異なるため、本文の例は必ず公式情報と照合してください。,試験は何形式ですか？,管理業務主任者試験の試験要項・シラバスの読み方に関する質問「試験は何形式ですか」について、まず公式要項で最新の制度を確認してください。本サイトでは過去問演習と用語解説で、試験要項・シラバスの読み方の理解度を具体的に確かめられます。数値や期限は資格ごとに異なるため、本文の例は必ず公式情報と照合してください。,exam-overview:試験概要;glossary-how-to:用語ハブ活用法
scope-revision-history,出題・形式,管理業務主任者試験の出題範囲の改定履歴,管理業務主任者試験の出題範囲の改定履歴について、公式情報の確認方法と学習の進め方を整理します。受験前に押さえるべきポイントと、このサイトでの演習・用語解説の活用法を解説します。,何をどこまで学ぶか、当日の形式をつかみたい人向けに、公式範囲の読み方をまとめます。,19,出題範囲;試験形式,管業マスター編集部,資格学習サイトの編集チーム,公式情報確認担当,公開前に一次情報との照合を行う担当者,2026-05-30,管理業務主任者試験センター（公式）|https://www.mankan.or.jp/,出題・形式向けテンプレートから作成。公開前に本文・参照URL・関連リンクを差し替える。,本記事を読むと、管理業務主任者試験の出題範囲の改定履歴について、公式情報で確認すべき点と、このサイトでの学習の進め方が分かります。読了後は行動チェックリストに沿って演習・用語確認まで進められる状態を目指します。,【行動1】;【行動2】;【行動3】,試験要項・公式ページ更新時に本文と参照元を見直す。,2026-05-30,2026-06-29,2026-05-30,published,ガイド記事テンプレート で 2026-05-30 作成。,出題範囲の確認先,"管理業務主任者試験の出題範囲の改定履歴について、「出題範囲の確認先」の観点で整理します。制度・数値・日程は年度や改正で変わるため、学習前と申込前には管理業務主任者試験センター（公式）の最新情報を確認してください。非公式まとめは参考程度にし、最終判断は必ず公式要項に置きます。

このサイトでは過去問・用語解説・比較表を組み合わせ、出題範囲の改定履歴で迷った論点を解き直せます。間違えた問題は理由を短くメモし、関連用語で定義と選択肢の論点を確認してから同分野へ戻ると定着しやすくなります。",範囲の全体像と改定,"管理業務主任者試験の出題範囲の改定履歴について、「範囲の全体像と改定」の観点で整理します。制度・数値・日程は年度や改正で変わるため、学習前と申込前には管理業務主任者試験センター（公式）の最新情報を確認してください。非公式まとめは参考程度にし、最終判断は必ず公式要項に置きます。

このサイトでは過去問・用語解説・比較表を組み合わせ、出題範囲の改定履歴で迷った論点を解き直せます。間違えた問題は理由を短くメモし、関連用語で定義と選択肢の論点を確認してから同分野へ戻ると定着しやすくなります。",科目・配点,"管理業務主任者試験の出題範囲の改定履歴について、「科目・配点」の観点で整理します。制度・数値・日程は年度や改正で変わるため、学習前と申込前には管理業務主任者試験センター（公式）の最新情報を確認してください。非公式まとめは参考程度にし、最終判断は必ず公式要項に置きます。

このサイトでは過去問・用語解説・比較表を組み合わせ、出題範囲の改定履歴で迷った論点を解き直せます。間違えた問題は理由を短くメモし、関連用語で定義と選択肢の論点を確認してから同分野へ戻ると定着しやすくなります。",制限時間と出題形式,"管理業務主任者試験の出題範囲の改定履歴について、「制限時間と出題形式」の観点で整理します。制度・数値・日程は年度や改正で変わるため、学習前と申込前には管理業務主任者試験センター（公式）の最新情報を確認してください。非公式まとめは参考程度にし、最終判断は必ず公式要項に置きます。

このサイトでは過去問・用語解説・比較表を組み合わせ、出題範囲の改定履歴で迷った論点を解き直せます。間違えた問題は理由を短くメモし、関連用語で定義と選択肢の論点を確認してから同分野へ戻ると定着しやすくなります。",過去問との対応,"管理業務主任者試験の出題範囲の改定履歴について、「過去問との対応」の観点で整理します。制度・数値・日程は年度や改正で変わるため、学習前と申込前には管理業務主任者試験センター（公式）の最新情報を確認してください。非公式まとめは参考程度にし、最終判断は必ず公式要項に置きます。

このサイトでは過去問・用語解説・比較表を組み合わせ、出題範囲の改定履歴で迷った論点を解き直せます。間違えた問題は理由を短くメモし、関連用語で定義と選択肢の論点を確認してから同分野へ戻ると定着しやすくなります。",,,,,出題範囲は毎年変わりますか？,管理業務主任者試験の出題範囲の改定履歴に関する質問「出題範囲は毎年変わりますか」について、まず公式要項で最新の制度を確認してください。本サイトでは過去問演習と用語解説で、出題範囲の改定履歴の理解度を具体的に確かめられます。数値や期限は資格ごとに異なるため、本文の例は必ず公式情報と照合してください。,試験は何形式ですか？,管理業務主任者試験の出題範囲の改定履歴に関する質問「試験は何形式ですか」について、まず公式要項で最新の制度を確認してください。本サイトでは過去問演習と用語解説で、出題範囲の改定履歴の理解度を具体的に確かめられます。数値や期限は資格ごとに異なるため、本文の例は必ず公式情報と照合してください。,exam-overview:試験概要;glossary-how-to:用語ハブ活用法
weight-by-topic,出題・形式,管理業務主任者試験の分野別配点と優先順位,管理業務主任者試験の分野別配点と優先順位について、公式情報の確認方法と学習の進め方を整理します。受験前に押さえるべきポイントと、このサイトでの演習・用語解説の活用法を解説します。,何をどこまで学ぶか、当日の形式をつかみたい人向けに、公式範囲の読み方をまとめます。,19,出題範囲;試験形式,管業マスター編集部,資格学習サイトの編集チーム,公式情報確認担当,公開前に一次情報との照合を行う担当者,2026-05-30,管理業務主任者試験センター（公式）|https://www.mankan.or.jp/,出題・形式向けテンプレートから作成。公開前に本文・参照URL・関連リンクを差し替える。,本記事を読むと、管理業務主任者試験の分野別配点と優先順位について、公式情報で確認すべき点と、このサイトでの学習の進め方が分かります。読了後は行動チェックリストに沿って演習・用語確認まで進められる状態を目指します。,【行動1】;【行動2】;【行動3】,試験要項・公式ページ更新時に本文と参照元を見直す。,2026-05-30,2026-06-29,2026-05-30,published,ガイド記事テンプレート で 2026-05-30 作成。,出題範囲の確認先,"管理業務主任者試験の分野別配点と優先順位について、「出題範囲の確認先」の観点で整理します。制度・数値・日程は年度や改正で変わるため、学習前と申込前には管理業務主任者試験センター（公式）の最新情報を確認してください。非公式まとめは参考程度にし、最終判断は必ず公式要項に置きます。

このサイトでは過去問・用語解説・比較表を組み合わせ、分野別配点と優先順位で迷った論点を解き直せます。間違えた問題は理由を短くメモし、関連用語で定義と選択肢の論点を確認してから同分野へ戻ると定着しやすくなります。",範囲の全体像と改定,"管理業務主任者試験の分野別配点と優先順位について、「範囲の全体像と改定」の観点で整理します。制度・数値・日程は年度や改正で変わるため、学習前と申込前には管理業務主任者試験センター（公式）の最新情報を確認してください。非公式まとめは参考程度にし、最終判断は必ず公式要項に置きます。

このサイトでは過去問・用語解説・比較表を組み合わせ、分野別配点と優先順位で迷った論点を解き直せます。間違えた問題は理由を短くメモし、関連用語で定義と選択肢の論点を確認してから同分野へ戻ると定着しやすくなります。",科目・配点,"管理業務主任者試験の分野別配点と優先順位について、「科目・配点」の観点で整理します。制度・数値・日程は年度や改正で変わるため、学習前と申込前には管理業務主任者試験センター（公式）の最新情報を確認してください。非公式まとめは参考程度にし、最終判断は必ず公式要項に置きます。

このサイトでは過去問・用語解説・比較表を組み合わせ、分野別配点と優先順位で迷った論点を解き直せます。間違えた問題は理由を短くメモし、関連用語で定義と選択肢の論点を確認してから同分野へ戻ると定着しやすくなります。",制限時間と出題形式,"管理業務主任者試験の分野別配点と優先順位について、「制限時間と出題形式」の観点で整理します。制度・数値・日程は年度や改正で変わるため、学習前と申込前には管理業務主任者試験センター（公式）の最新情報を確認してください。非公式まとめは参考程度にし、最終判断は必ず公式要項に置きます。

このサイトでは過去問・用語解説・比較表を組み合わせ、分野別配点と優先順位で迷った論点を解き直せます。間違えた問題は理由を短くメモし、関連用語で定義と選択肢の論点を確認してから同分野へ戻ると定着しやすくなります。",過去問との対応,"管理業務主任者試験の分野別配点と優先順位について、「過去問との対応」の観点で整理します。制度・数値・日程は年度や改正で変わるため、学習前と申込前には管理業務主任者試験センター（公式）の最新情報を確認してください。非公式まとめは参考程度にし、最終判断は必ず公式要項に置きます。

このサイトでは過去問・用語解説・比較表を組み合わせ、分野別配点と優先順位で迷った論点を解き直せます。間違えた問題は理由を短くメモし、関連用語で定義と選択肢の論点を確認してから同分野へ戻ると定着しやすくなります。",,,,,出題範囲は毎年変わりますか？,管理業務主任者試験の分野別配点と優先順位に関する質問「出題範囲は毎年変わりますか」について、まず公式要項で最新の制度を確認してください。本サイトでは過去問演習と用語解説で、分野別配点と優先順位の理解度を具体的に確かめられます。数値や期限は資格ごとに異なるため、本文の例は必ず公式情報と照合してください。,試験は何形式ですか？,管理業務主任者試験の分野別配点と優先順位に関する質問「試験は何形式ですか」について、まず公式要項で最新の制度を確認してください。本サイトでは過去問演習と用語解説で、分野別配点と優先順位の理解度を具体的に確かめられます。数値や期限は資格ごとに異なるため、本文の例は必ず公式情報と照合してください。,exam-overview:試験概要;glossary-how-to:用語ハブ活用法
new-topics-trend,出題・形式,管理業務主任者試験の近年の出題トレンド,管理業務主任者試験の近年の出題トレンドについて、公式情報の確認方法と学習の進め方を整理します。受験前に押さえるべきポイントと、このサイトでの演習・用語解説の活用法を解説します。,何をどこまで学ぶか、当日の形式をつかみたい人向けに、公式範囲の読み方をまとめます。,19,出題範囲;試験形式,管業マスター編集部,資格学習サイトの編集チーム,公式情報確認担当,公開前に一次情報との照合を行う担当者,2026-05-30,管理業務主任者試験センター（公式）|https://www.mankan.or.jp/,出題・形式向けテンプレートから作成。公開前に本文・参照URL・関連リンクを差し替える。,本記事を読むと、管理業務主任者試験の近年の出題トレンドについて、公式情報で確認すべき点と、このサイトでの学習の進め方が分かります。読了後は行動チェックリストに沿って演習・用語確認まで進められる状態を目指します。,【行動1】;【行動2】;【行動3】,試験要項・公式ページ更新時に本文と参照元を見直す。,2026-05-30,2026-06-29,2026-05-30,published,ガイド記事テンプレート で 2026-05-30 作成。,出題範囲の確認先,"管理業務主任者試験の近年の出題トレンドについて、「出題範囲の確認先」の観点で整理します。制度・数値・日程は年度や改正で変わるため、学習前と申込前には管理業務主任者試験センター（公式）の最新情報を確認してください。非公式まとめは参考程度にし、最終判断は必ず公式要項に置きます。

このサイトでは過去問・用語解説・比較表を組み合わせ、近年の出題トレンドで迷った論点を解き直せます。間違えた問題は理由を短くメモし、関連用語で定義と選択肢の論点を確認してから同分野へ戻ると定着しやすくなります。",範囲の全体像と改定,"管理業務主任者試験の近年の出題トレンドについて、「範囲の全体像と改定」の観点で整理します。制度・数値・日程は年度や改正で変わるため、学習前と申込前には管理業務主任者試験センター（公式）の最新情報を確認してください。非公式まとめは参考程度にし、最終判断は必ず公式要項に置きます。

このサイトでは過去問・用語解説・比較表を組み合わせ、近年の出題トレンドで迷った論点を解き直せます。間違えた問題は理由を短くメモし、関連用語で定義と選択肢の論点を確認してから同分野へ戻ると定着しやすくなります。",科目・配点,"管理業務主任者試験の近年の出題トレンドについて、「科目・配点」の観点で整理します。制度・数値・日程は年度や改正で変わるため、学習前と申込前には管理業務主任者試験センター（公式）の最新情報を確認してください。非公式まとめは参考程度にし、最終判断は必ず公式要項に置きます。

このサイトでは過去問・用語解説・比較表を組み合わせ、近年の出題トレンドで迷った論点を解き直せます。間違えた問題は理由を短くメモし、関連用語で定義と選択肢の論点を確認してから同分野へ戻ると定着しやすくなります。",制限時間と出題形式,"管理業務主任者試験の近年の出題トレンドについて、「制限時間と出題形式」の観点で整理します。制度・数値・日程は年度や改正で変わるため、学習前と申込前には管理業務主任者試験センター（公式）の最新情報を確認してください。非公式まとめは参考程度にし、最終判断は必ず公式要項に置きます。

このサイトでは過去問・用語解説・比較表を組み合わせ、近年の出題トレンドで迷った論点を解き直せます。間違えた問題は理由を短くメモし、関連用語で定義と選択肢の論点を確認してから同分野へ戻ると定着しやすくなります。",過去問との対応,"管理業務主任者試験の近年の出題トレンドについて、「過去問との対応」の観点で整理します。制度・数値・日程は年度や改正で変わるため、学習前と申込前には管理業務主任者試験センター（公式）の最新情報を確認してください。非公式まとめは参考程度にし、最終判断は必ず公式要項に置きます。

このサイトでは過去問・用語解説・比較表を組み合わせ、近年の出題トレンドで迷った論点を解き直せます。間違えた問題は理由を短くメモし、関連用語で定義と選択肢の論点を確認してから同分野へ戻ると定着しやすくなります。",,,,,出題範囲は毎年変わりますか？,管理業務主任者試験の近年の出題トレンドに関する質問「出題範囲は毎年変わりますか」について、まず公式要項で最新の制度を確認してください。本サイトでは過去問演習と用語解説で、近年の出題トレンドの理解度を具体的に確かめられます。数値や期限は資格ごとに異なるため、本文の例は必ず公式情報と照合してください。,試験は何形式ですか？,管理業務主任者試験の近年の出題トレンドに関する質問「試験は何形式ですか」について、まず公式要項で最新の制度を確認してください。本サイトでは過去問演習と用語解説で、近年の出題トレンドの理解度を具体的に確かめられます。数値や期限は資格ごとに異なるため、本文の例は必ず公式情報と照合してください。,exam-overview:試験概要;glossary-how-to:用語ハブ活用法
scope-vs-past-questions,出題・形式,管理業務主任者試験の出題範囲と過去問の対応,管理業務主任者試験の出題範囲と過去問の対応について、公式情報の確認方法と学習の進め方を整理します。受験前に押さえるべきポイントと、このサイトでの演習・用語解説の活用法を解説します。,何をどこまで学ぶか、当日の形式をつかみたい人向けに、公式範囲の読み方をまとめます。,19,出題範囲;試験形式,管業マスター編集部,資格学習サイトの編集チーム,公式情報確認担当,公開前に一次情報との照合を行う担当者,2026-05-30,管理業務主任者試験センター（公式）|https://www.mankan.or.jp/,出題・形式向けテンプレートから作成。公開前に本文・参照URL・関連リンクを差し替える。,本記事を読むと、管理業務主任者試験の出題範囲と過去問の対応について、公式情報で確認すべき点と、このサイトでの学習の進め方が分かります。読了後は行動チェックリストに沿って演習・用語確認まで進められる状態を目指します。,【行動1】;【行動2】;【行動3】,試験要項・公式ページ更新時に本文と参照元を見直す。,2026-05-30,2026-06-29,2026-05-30,published,ガイド記事テンプレート で 2026-05-30 作成。,出題範囲の確認先,"管理業務主任者試験の出題範囲と過去問の対応について、「出題範囲の確認先」の観点で整理します。制度・数値・日程は年度や改正で変わるため、学習前と申込前には管理業務主任者試験センター（公式）の最新情報を確認してください。非公式まとめは参考程度にし、最終判断は必ず公式要項に置きます。

このサイトでは過去問・用語解説・比較表を組み合わせ、出題範囲と過去問の対応で迷った論点を解き直せます。間違えた問題は理由を短くメモし、関連用語で定義と選択肢の論点を確認してから同分野へ戻ると定着しやすくなります。",範囲の全体像と改定,"管理業務主任者試験の出題範囲と過去問の対応について、「範囲の全体像と改定」の観点で整理します。制度・数値・日程は年度や改正で変わるため、学習前と申込前には管理業務主任者試験センター（公式）の最新情報を確認してください。非公式まとめは参考程度にし、最終判断は必ず公式要項に置きます。

このサイトでは過去問・用語解説・比較表を組み合わせ、出題範囲と過去問の対応で迷った論点を解き直せます。間違えた問題は理由を短くメモし、関連用語で定義と選択肢の論点を確認してから同分野へ戻ると定着しやすくなります。",科目・配点,"管理業務主任者試験の出題範囲と過去問の対応について、「科目・配点」の観点で整理します。制度・数値・日程は年度や改正で変わるため、学習前と申込前には管理業務主任者試験センター（公式）の最新情報を確認してください。非公式まとめは参考程度にし、最終判断は必ず公式要項に置きます。

このサイトでは過去問・用語解説・比較表を組み合わせ、出題範囲と過去問の対応で迷った論点を解き直せます。間違えた問題は理由を短くメモし、関連用語で定義と選択肢の論点を確認してから同分野へ戻ると定着しやすくなります。",制限時間と出題形式,"管理業務主任者試験の出題範囲と過去問の対応について、「制限時間と出題形式」の観点で整理します。制度・数値・日程は年度や改正で変わるため、学習前と申込前には管理業務主任者試験センター（公式）の最新情報を確認してください。非公式まとめは参考程度にし、最終判断は必ず公式要項に置きます。

このサイトでは過去問・用語解説・比較表を組み合わせ、出題範囲と過去問の対応で迷った論点を解き直せます。間違えた問題は理由を短くメモし、関連用語で定義と選択肢の論点を確認してから同分野へ戻ると定着しやすくなります。",過去問との対応,"管理業務主任者試験の出題範囲と過去問の対応について、「過去問との対応」の観点で整理します。制度・数値・日程は年度や改正で変わるため、学習前と申込前には管理業務主任者試験センター（公式）の最新情報を確認してください。非公式まとめは参考程度にし、最終判断は必ず公式要項に置きます。

このサイトでは過去問・用語解説・比較表を組み合わせ、出題範囲と過去問の対応で迷った論点を解き直せます。間違えた問題は理由を短くメモし、関連用語で定義と選択肢の論点を確認してから同分野へ戻ると定着しやすくなります。",,,,,出題範囲は毎年変わりますか？,管理業務主任者試験の出題範囲と過去問の対応に関する質問「出題範囲は毎年変わりますか」について、まず公式要項で最新の制度を確認してください。本サイトでは過去問演習と用語解説で、出題範囲と過去問の対応の理解度を具体的に確かめられます。数値や期限は資格ごとに異なるため、本文の例は必ず公式情報と照合してください。,試験は何形式ですか？,管理業務主任者試験の出題範囲と過去問の対応に関する質問「試験は何形式ですか」について、まず公式要項で最新の制度を確認してください。本サイトでは過去問演習と用語解説で、出題範囲と過去問の対応の理解度を具体的に確かめられます。数値や期限は資格ごとに異なるため、本文の例は必ず公式情報と照合してください。,exam-overview:試験概要;glossary-how-to:用語ハブ活用法
pass-rate,合格・難易度,管理業務主任者試験の合格率,管理業務主任者試験の合格率について、公式情報の確認方法と学習の進め方を整理します。受験前に押さえるべきポイントと、このサイトでの演習・用語解説の活用法を解説します。,合格の見込みや学習期間の目安を知りたい人向けに、数字の確認方法をまとめます。,20,合格率;難易度,管業マスター編集部,資格学習サイトの編集チーム,公式情報確認担当,公開前に一次情報との照合を行う担当者,2026-05-30,管理業務主任者試験センター（公式）|https://www.mankan.or.jp/,合格・難易度向けテンプレートから作成。公開前に本文・参照URL・関連リンクを差し替える。,本記事を読むと、管理業務主任者試験の合格率について、公式情報で確認すべき点と、このサイトでの学習の進め方が分かります。読了後は行動チェックリストに沿って演習・用語確認まで進められる状態を目指します。,【行動1】;【行動2】;【行動3】,試験要項・公式ページ更新時に本文と参照元を見直す。,2026-05-30,2026-06-29,2026-05-30,published,ガイド記事テンプレート で 2026-05-30 作成。,合格率の確認先,"管理業務主任者試験の合格率について、「合格率の確認先」の観点で整理します。制度・数値・日程は年度や改正で変わるため、学習前と申込前には管理業務主任者試験センター（公式）の最新情報を確認してください。非公式まとめは参考程度にし、最終判断は必ず公式要項に置きます。

このサイトでは過去問・用語解説・比較表を組み合わせ、合格率で迷った論点を解き直せます。間違えた問題は理由を短くメモし、関連用語で定義と選択肢の論点を確認してから同分野へ戻ると定着しやすくなります。",合格点・基準の意味,"管理業務主任者試験の合格率について、「合格点・基準の意味」の観点で整理します。制度・数値・日程は年度や改正で変わるため、学習前と申込前には管理業務主任者試験センター（公式）の最新情報を確認してください。非公式まとめは参考程度にし、最終判断は必ず公式要項に置きます。

このサイトでは過去問・用語解説・比較表を組み合わせ、合格率で迷った論点を解き直せます。間違えた問題は理由を短くメモし、関連用語で定義と選択肢の論点を確認してから同分野へ戻ると定着しやすくなります。",難易度の考え方,"管理業務主任者試験の合格率について、「難易度の考え方」の観点で整理します。制度・数値・日程は年度や改正で変わるため、学習前と申込前には管理業務主任者試験センター（公式）の最新情報を確認してください。非公式まとめは参考程度にし、最終判断は必ず公式要項に置きます。

このサイトでは過去問・用語解説・比較表を組み合わせ、合格率で迷った論点を解き直せます。間違えた問題は理由を短くメモし、関連用語で定義と選択肢の論点を確認してから同分野へ戻ると定着しやすくなります。",統計の読み方,"管理業務主任者試験の合格率について、「統計の読み方」の観点で整理します。制度・数値・日程は年度や改正で変わるため、学習前と申込前には管理業務主任者試験センター（公式）の最新情報を確認してください。非公式まとめは参考程度にし、最終判断は必ず公式要項に置きます。

このサイトでは過去問・用語解説・比較表を組み合わせ、合格率で迷った論点を解き直せます。間違えた問題は理由を短くメモし、関連用語で定義と選択肢の論点を確認してから同分野へ戻ると定着しやすくなります。",学習計画への反映,"管理業務主任者試験の合格率について、「学習計画への反映」の観点で整理します。制度・数値・日程は年度や改正で変わるため、学習前と申込前には管理業務主任者試験センター（公式）の最新情報を確認してください。非公式まとめは参考程度にし、最終判断は必ず公式要項に置きます。

このサイトでは過去問・用語解説・比較表を組み合わせ、合格率で迷った論点を解き直せます。間違えた問題は理由を短くメモし、関連用語で定義と選択肢の論点を確認してから同分野へ戻ると定着しやすくなります。",,,,,合格率はどの年度を見ればよいですか？,管理業務主任者試験の合格率に関する質問「合格率はどの年度を見ればよいですか」について、まず公式要項で最新の制度を確認してください。本サイトでは過去問演習と用語解説で、合格率の理解度を具体的に確かめられます。数値や期限は資格ごとに異なるため、本文の例は必ず公式情報と照合してください。,難易度は高いですか？,管理業務主任者試験の合格率に関する質問「難易度は高いですか」について、まず公式要項で最新の制度を確認してください。本サイトでは過去問演習と用語解説で、合格率の理解度を具体的に確かめられます。数値や期限は資格ごとに異なるため、本文の例は必ず公式情報と照合してください。,exam-overview:試験概要;study-plan:学習計画
exam-difficulty,合格・難易度,管理業務主任者試験の難易度,管理業務主任者試験の難易度について、公式情報の確認方法と学習の進め方を整理します。受験前に押さえるべきポイントと、このサイトでの演習・用語解説の活用法を解説します。,合格の見込みや学習期間の目安を知りたい人向けに、数字の確認方法をまとめます。,20,合格率;難易度,管業マスター編集部,資格学習サイトの編集チーム,公式情報確認担当,公開前に一次情報との照合を行う担当者,2026-05-30,管理業務主任者試験センター（公式）|https://www.mankan.or.jp/,合格・難易度向けテンプレートから作成。公開前に本文・参照URL・関連リンクを差し替える。,本記事を読むと、管理業務主任者試験の難易度について、公式情報で確認すべき点と、このサイトでの学習の進め方が分かります。読了後は行動チェックリストに沿って演習・用語確認まで進められる状態を目指します。,【行動1】;【行動2】;【行動3】,試験要項・公式ページ更新時に本文と参照元を見直す。,2026-05-30,2026-06-29,2026-05-30,published,ガイド記事テンプレート で 2026-05-30 作成。,合格率の確認先,"管理業務主任者試験の難易度について、「合格率の確認先」の観点で整理します。制度・数値・日程は年度や改正で変わるため、学習前と申込前には管理業務主任者試験センター（公式）の最新情報を確認してください。非公式まとめは参考程度にし、最終判断は必ず公式要項に置きます。

このサイトでは過去問・用語解説・比較表を組み合わせ、難易度で迷った論点を解き直せます。間違えた問題は理由を短くメモし、関連用語で定義と選択肢の論点を確認してから同分野へ戻ると定着しやすくなります。",合格点・基準の意味,"管理業務主任者試験の難易度について、「合格点・基準の意味」の観点で整理します。制度・数値・日程は年度や改正で変わるため、学習前と申込前には管理業務主任者試験センター（公式）の最新情報を確認してください。非公式まとめは参考程度にし、最終判断は必ず公式要項に置きます。

このサイトでは過去問・用語解説・比較表を組み合わせ、難易度で迷った論点を解き直せます。間違えた問題は理由を短くメモし、関連用語で定義と選択肢の論点を確認してから同分野へ戻ると定着しやすくなります。",難易度の考え方,"管理業務主任者試験の難易度について、「難易度の考え方」の観点で整理します。制度・数値・日程は年度や改正で変わるため、学習前と申込前には管理業務主任者試験センター（公式）の最新情報を確認してください。非公式まとめは参考程度にし、最終判断は必ず公式要項に置きます。

このサイトでは過去問・用語解説・比較表を組み合わせ、難易度で迷った論点を解き直せます。間違えた問題は理由を短くメモし、関連用語で定義と選択肢の論点を確認してから同分野へ戻ると定着しやすくなります。",統計の読み方,"管理業務主任者試験の難易度について、「統計の読み方」の観点で整理します。制度・数値・日程は年度や改正で変わるため、学習前と申込前には管理業務主任者試験センター（公式）の最新情報を確認してください。非公式まとめは参考程度にし、最終判断は必ず公式要項に置きます。

このサイトでは過去問・用語解説・比較表を組み合わせ、難易度で迷った論点を解き直せます。間違えた問題は理由を短くメモし、関連用語で定義と選択肢の論点を確認してから同分野へ戻ると定着しやすくなります。",学習計画への反映,"管理業務主任者試験の難易度について、「学習計画への反映」の観点で整理します。制度・数値・日程は年度や改正で変わるため、学習前と申込前には管理業務主任者試験センター（公式）の最新情報を確認してください。非公式まとめは参考程度にし、最終判断は必ず公式要項に置きます。

このサイトでは過去問・用語解説・比較表を組み合わせ、難易度で迷った論点を解き直せます。間違えた問題は理由を短くメモし、関連用語で定義と選択肢の論点を確認してから同分野へ戻ると定着しやすくなります。",,,,,合格率はどの年度を見ればよいですか？,管理業務主任者試験の難易度に関する質問「合格率はどの年度を見ればよいですか」について、まず公式要項で最新の制度を確認してください。本サイトでは過去問演習と用語解説で、難易度の理解度を具体的に確かめられます。数値や期限は資格ごとに異なるため、本文の例は必ず公式情報と照合してください。,難易度は高いですか？,管理業務主任者試験の難易度に関する質問「難易度は高いですか」について、まず公式要項で最新の制度を確認してください。本サイトでは過去問演習と用語解説で、難易度の理解度を具体的に確かめられます。数値や期限は資格ごとに異なるため、本文の例は必ず公式情報と照合してください。,exam-overview:試験概要;study-plan:学習計画
pass-score,合格・難易度,管理業務主任者試験の合格点,管理業務主任者試験の合格点について、公式情報の確認方法と学習の進め方を整理します。受験前に押さえるべきポイントと、このサイトでの演習・用語解説の活用法を解説します。,合格の見込みや学習期間の目安を知りたい人向けに、数字の確認方法をまとめます。,20,合格率;難易度,管業マスター編集部,資格学習サイトの編集チーム,公式情報確認担当,公開前に一次情報との照合を行う担当者,2026-05-30,管理業務主任者試験センター（公式）|https://www.mankan.or.jp/,合格・難易度向けテンプレートから作成。公開前に本文・参照URL・関連リンクを差し替える。,本記事を読むと、管理業務主任者試験の合格点について、公式情報で確認すべき点と、このサイトでの学習の進め方が分かります。読了後は行動チェックリストに沿って演習・用語確認まで進められる状態を目指します。,【行動1】;【行動2】;【行動3】,試験要項・公式ページ更新時に本文と参照元を見直す。,2026-05-30,2026-06-29,2026-05-30,published,ガイド記事テンプレート で 2026-05-30 作成。,合格率の確認先,"管理業務主任者試験の合格点について、「合格率の確認先」の観点で整理します。制度・数値・日程は年度や改正で変わるため、学習前と申込前には管理業務主任者試験センター（公式）の最新情報を確認してください。非公式まとめは参考程度にし、最終判断は必ず公式要項に置きます。

このサイトでは過去問・用語解説・比較表を組み合わせ、合格点で迷った論点を解き直せます。間違えた問題は理由を短くメモし、関連用語で定義と選択肢の論点を確認してから同分野へ戻ると定着しやすくなります。",合格点・基準の意味,"管理業務主任者試験の合格点について、「合格点・基準の意味」の観点で整理します。制度・数値・日程は年度や改正で変わるため、学習前と申込前には管理業務主任者試験センター（公式）の最新情報を確認してください。非公式まとめは参考程度にし、最終判断は必ず公式要項に置きます。

このサイトでは過去問・用語解説・比較表を組み合わせ、合格点で迷った論点を解き直せます。間違えた問題は理由を短くメモし、関連用語で定義と選択肢の論点を確認してから同分野へ戻ると定着しやすくなります。",難易度の考え方,"管理業務主任者試験の合格点について、「難易度の考え方」の観点で整理します。制度・数値・日程は年度や改正で変わるため、学習前と申込前には管理業務主任者試験センター（公式）の最新情報を確認してください。非公式まとめは参考程度にし、最終判断は必ず公式要項に置きます。

このサイトでは過去問・用語解説・比較表を組み合わせ、合格点で迷った論点を解き直せます。間違えた問題は理由を短くメモし、関連用語で定義と選択肢の論点を確認してから同分野へ戻ると定着しやすくなります。",統計の読み方,"管理業務主任者試験の合格点について、「統計の読み方」の観点で整理します。制度・数値・日程は年度や改正で変わるため、学習前と申込前には管理業務主任者試験センター（公式）の最新情報を確認してください。非公式まとめは参考程度にし、最終判断は必ず公式要項に置きます。

このサイトでは過去問・用語解説・比較表を組み合わせ、合格点で迷った論点を解き直せます。間違えた問題は理由を短くメモし、関連用語で定義と選択肢の論点を確認してから同分野へ戻ると定着しやすくなります。",学習計画への反映,"管理業務主任者試験の合格点について、「学習計画への反映」の観点で整理します。制度・数値・日程は年度や改正で変わるため、学習前と申込前には管理業務主任者試験センター（公式）の最新情報を確認してください。非公式まとめは参考程度にし、最終判断は必ず公式要項に置きます。

このサイトでは過去問・用語解説・比較表を組み合わせ、合格点で迷った論点を解き直せます。間違えた問題は理由を短くメモし、関連用語で定義と選択肢の論点を確認してから同分野へ戻ると定着しやすくなります。",,,,,合格率はどの年度を見ればよいですか？,管理業務主任者試験の合格点に関する質問「合格率はどの年度を見ればよいですか」について、まず公式要項で最新の制度を確認してください。本サイトでは過去問演習と用語解説で、合格点の理解度を具体的に確かめられます。数値や期限は資格ごとに異なるため、本文の例は必ず公式情報と照合してください。,難易度は高いですか？,管理業務主任者試験の合格点に関する質問「難易度は高いですか」について、まず公式要項で最新の制度を確認してください。本サイトでは過去問演習と用語解説で、合格点の理解度を具体的に確かめられます。数値や期限は資格ごとに異なるため、本文の例は必ず公式情報と照合してください。,exam-overview:試験概要;study-plan:学習計画
pass-rate-how-to-read,合格・難易度,管理業務主任者試験の合格率・統計の読み方,管理業務主任者試験の合格率・統計の読み方について、公式情報の確認方法と学習の進め方を整理します。受験前に押さえるべきポイントと、このサイトでの演習・用語解説の活用法を解説します。,合格の見込みや学習期間の目安を知りたい人向けに、数字の確認方法をまとめます。,20,合格率;難易度,管業マスター編集部,資格学習サイトの編集チーム,公式情報確認担当,公開前に一次情報との照合を行う担当者,2026-05-30,管理業務主任者試験センター（公式）|https://www.mankan.or.jp/,合格・難易度向けテンプレートから作成。公開前に本文・参照URL・関連リンクを差し替える。,本記事を読むと、管理業務主任者試験の合格率・統計の読み方について、公式情報で確認すべき点と、このサイトでの学習の進め方が分かります。読了後は行動チェックリストに沿って演習・用語確認まで進められる状態を目指します。,【行動1】;【行動2】;【行動3】,試験要項・公式ページ更新時に本文と参照元を見直す。,2026-05-30,2026-06-29,2026-05-30,published,ガイド記事テンプレート で 2026-05-30 作成。,合格率の確認先,"管理業務主任者試験の合格率・統計の読み方について、「合格率の確認先」の観点で整理します。制度・数値・日程は年度や改正で変わるため、学習前と申込前には管理業務主任者試験センター（公式）の最新情報を確認してください。非公式まとめは参考程度にし、最終判断は必ず公式要項に置きます。

このサイトでは過去問・用語解説・比較表を組み合わせ、合格率・統計の読み方で迷った論点を解き直せます。間違えた問題は理由を短くメモし、関連用語で定義と選択肢の論点を確認してから同分野へ戻ると定着しやすくなります。",合格点・基準の意味,"管理業務主任者試験の合格率・統計の読み方について、「合格点・基準の意味」の観点で整理します。制度・数値・日程は年度や改正で変わるため、学習前と申込前には管理業務主任者試験センター（公式）の最新情報を確認してください。非公式まとめは参考程度にし、最終判断は必ず公式要項に置きます。

このサイトでは過去問・用語解説・比較表を組み合わせ、合格率・統計の読み方で迷った論点を解き直せます。間違えた問題は理由を短くメモし、関連用語で定義と選択肢の論点を確認してから同分野へ戻ると定着しやすくなります。",難易度の考え方,"管理業務主任者試験の合格率・統計の読み方について、「難易度の考え方」の観点で整理します。制度・数値・日程は年度や改正で変わるため、学習前と申込前には管理業務主任者試験センター（公式）の最新情報を確認してください。非公式まとめは参考程度にし、最終判断は必ず公式要項に置きます。

このサイトでは過去問・用語解説・比較表を組み合わせ、合格率・統計の読み方で迷った論点を解き直せます。間違えた問題は理由を短くメモし、関連用語で定義と選択肢の論点を確認してから同分野へ戻ると定着しやすくなります。",統計の読み方,"管理業務主任者試験の合格率・統計の読み方について、「統計の読み方」の観点で整理します。制度・数値・日程は年度や改正で変わるため、学習前と申込前には管理業務主任者試験センター（公式）の最新情報を確認してください。非公式まとめは参考程度にし、最終判断は必ず公式要項に置きます。

このサイトでは過去問・用語解説・比較表を組み合わせ、合格率・統計の読み方で迷った論点を解き直せます。間違えた問題は理由を短くメモし、関連用語で定義と選択肢の論点を確認してから同分野へ戻ると定着しやすくなります。",学習計画への反映,"管理業務主任者試験の合格率・統計の読み方について、「学習計画への反映」の観点で整理します。制度・数値・日程は年度や改正で変わるため、学習前と申込前には管理業務主任者試験センター（公式）の最新情報を確認してください。非公式まとめは参考程度にし、最終判断は必ず公式要項に置きます。

このサイトでは過去問・用語解説・比較表を組み合わせ、合格率・統計の読み方で迷った論点を解き直せます。間違えた問題は理由を短くメモし、関連用語で定義と選択肢の論点を確認してから同分野へ戻ると定着しやすくなります。",,,,,合格率はどの年度を見ればよいですか？,管理業務主任者試験の合格率・統計の読み方に関する質問「合格率はどの年度を見ればよいですか」について、まず公式要項で最新の制度を確認してください。本サイトでは過去問演習と用語解説で、合格率・統計の読み方の理解度を具体的に確かめられます。数値や期限は資格ごとに異なるため、本文の例は必ず公式情報と照合してください。,難易度は高いですか？,管理業務主任者試験の合格率・統計の読み方に関する質問「難易度は高いですか」について、まず公式要項で最新の制度を確認してください。本サイトでは過去問演習と用語解説で、合格率・統計の読み方の理解度を具体的に確かめられます。数値や期限は資格ごとに異なるため、本文の例は必ず公式情報と照合してください。,exam-overview:試験概要;study-plan:学習計画
difficulty-for-beginners,合格・難易度,管理業務主任者試験の初学者向け難易度の見方,管理業務主任者試験の初学者向け難易度の見方について、公式情報の確認方法と学習の進め方を整理します。受験前に押さえるべきポイントと、このサイトでの演習・用語解説の活用法を解説します。,合格の見込みや学習期間の目安を知りたい人向けに、数字の確認方法をまとめます。,20,合格率;難易度,管業マスター編集部,資格学習サイトの編集チーム,公式情報確認担当,公開前に一次情報との照合を行う担当者,2026-05-30,管理業務主任者試験センター（公式）|https://www.mankan.or.jp/,合格・難易度向けテンプレートから作成。公開前に本文・参照URL・関連リンクを差し替える。,本記事を読むと、管理業務主任者試験の初学者向け難易度の見方について、公式情報で確認すべき点と、このサイトでの学習の進め方が分かります。読了後は行動チェックリストに沿って演習・用語確認まで進められる状態を目指します。,【行動1】;【行動2】;【行動3】,試験要項・公式ページ更新時に本文と参照元を見直す。,2026-05-30,2026-06-29,2026-05-30,published,ガイド記事テンプレート で 2026-05-30 作成。,合格率の確認先,"管理業務主任者試験の初学者向け難易度の見方について、「合格率の確認先」の観点で整理します。制度・数値・日程は年度や改正で変わるため、学習前と申込前には管理業務主任者試験センター（公式）の最新情報を確認してください。非公式まとめは参考程度にし、最終判断は必ず公式要項に置きます。

このサイトでは過去問・用語解説・比較表を組み合わせ、初学者向け難易度の見方で迷った論点を解き直せます。間違えた問題は理由を短くメモし、関連用語で定義と選択肢の論点を確認してから同分野へ戻ると定着しやすくなります。",合格点・基準の意味,"管理業務主任者試験の初学者向け難易度の見方について、「合格点・基準の意味」の観点で整理します。制度・数値・日程は年度や改正で変わるため、学習前と申込前には管理業務主任者試験センター（公式）の最新情報を確認してください。非公式まとめは参考程度にし、最終判断は必ず公式要項に置きます。

このサイトでは過去問・用語解説・比較表を組み合わせ、初学者向け難易度の見方で迷った論点を解き直せます。間違えた問題は理由を短くメモし、関連用語で定義と選択肢の論点を確認してから同分野へ戻ると定着しやすくなります。",難易度の考え方,"管理業務主任者試験の初学者向け難易度の見方について、「難易度の考え方」の観点で整理します。制度・数値・日程は年度や改正で変わるため、学習前と申込前には管理業務主任者試験センター（公式）の最新情報を確認してください。非公式まとめは参考程度にし、最終判断は必ず公式要項に置きます。

このサイトでは過去問・用語解説・比較表を組み合わせ、初学者向け難易度の見方で迷った論点を解き直せます。間違えた問題は理由を短くメモし、関連用語で定義と選択肢の論点を確認してから同分野へ戻ると定着しやすくなります。",統計の読み方,"管理業務主任者試験の初学者向け難易度の見方について、「統計の読み方」の観点で整理します。制度・数値・日程は年度や改正で変わるため、学習前と申込前には管理業務主任者試験センター（公式）の最新情報を確認してください。非公式まとめは参考程度にし、最終判断は必ず公式要項に置きます。

このサイトでは過去問・用語解説・比較表を組み合わせ、初学者向け難易度の見方で迷った論点を解き直せます。間違えた問題は理由を短くメモし、関連用語で定義と選択肢の論点を確認してから同分野へ戻ると定着しやすくなります。",学習計画への反映,"管理業務主任者試験の初学者向け難易度の見方について、「学習計画への反映」の観点で整理します。制度・数値・日程は年度や改正で変わるため、学習前と申込前には管理業務主任者試験センター（公式）の最新情報を確認してください。非公式まとめは参考程度にし、最終判断は必ず公式要項に置きます。

このサイトでは過去問・用語解説・比較表を組み合わせ、初学者向け難易度の見方で迷った論点を解き直せます。間違えた問題は理由を短くメモし、関連用語で定義と選択肢の論点を確認してから同分野へ戻ると定着しやすくなります。",,,,,合格率はどの年度を見ればよいですか？,管理業務主任者試験の初学者向け難易度の見方に関する質問「合格率はどの年度を見ればよいですか」について、まず公式要項で最新の制度を確認してください。本サイトでは過去問演習と用語解説で、初学者向け難易度の見方の理解度を具体的に確かめられます。数値や期限は資格ごとに異なるため、本文の例は必ず公式情報と照合してください。,難易度は高いですか？,管理業務主任者試験の初学者向け難易度の見方に関する質問「難易度は高いですか」について、まず公式要項で最新の制度を確認してください。本サイトでは過去問演習と用語解説で、初学者向け難易度の見方の理解度を具体的に確かめられます。数値や期限は資格ごとに異なるため、本文の例は必ず公式情報と照合してください。,exam-overview:試験概要;study-plan:学習計画
study-plan-3months,学習計画,管理業務主任者試験の3ヶ月学習計画,管理業務主任者試験の3ヶ月学習計画について、公式情報の確認方法と学習の進め方を整理します。受験前に押さえるべきポイントと、このサイトでの演習・用語解説の活用法を解説します。,合格までの学習を続けるには、出題範囲を分けて演習と復習を定期的に回す計画が重要です。,25,学習計画;試験対策,管業マスター編集部,資格学習サイトの編集チーム,公式情報確認担当,公開前に一次情報との照合を行う担当者,2026-05-30,管理業務主任者試験センター（公式）|https://www.mankan.or.jp/,学習計画向けテンプレートから作成。公開前に本文・参照URL・関連リンクを差し替える。,本記事を読むと、管理業務主任者試験の3ヶ月学習計画について、公式情報で確認すべき点と、このサイトでの学習の進め方が分かります。読了後は行動チェックリストに沿って演習・用語確認まで進められる状態を目指します。,【行動1】;【行動2】;【行動3】,試験要項・公式ページ更新時に本文と参照元を見直す。,2026-05-30,2026-06-29,2026-05-30,published,ガイド記事テンプレート で 2026-05-30 作成。,全体像を分野に分ける,"管理業務主任者試験の3ヶ月学習計画について、「全体像を分野に分ける」の観点で整理します。制度・数値・日程は年度や改正で変わるため、学習前と申込前には管理業務主任者試験センター（公式）の最新情報を確認してください。非公式まとめは参考程度にし、最終判断は必ず公式要項に置きます。

このサイトでは過去問・用語解説・比較表を組み合わせ、3ヶ月学習計画で迷った論点を解き直せます。間違えた問題は理由を短くメモし、関連用語で定義と選択肢の論点を確認してから同分野へ戻ると定着しやすくなります。",学習期間の目安,"管理業務主任者試験の3ヶ月学習計画について、「学習期間の目安」の観点で整理します。制度・数値・日程は年度や改正で変わるため、学習前と申込前には管理業務主任者試験センター（公式）の最新情報を確認してください。非公式まとめは参考程度にし、最終判断は必ず公式要項に置きます。

このサイトでは過去問・用語解説・比較表を組み合わせ、3ヶ月学習計画で迷った論点を解き直せます。間違えた問題は理由を短くメモし、関連用語で定義と選択肢の論点を確認してから同分野へ戻ると定着しやすくなります。",週間スケジュールの例,"管理業務主任者試験の3ヶ月学習計画について、「週間スケジュールの例」の観点で整理します。制度・数値・日程は年度や改正で変わるため、学習前と申込前には管理業務主任者試験センター（公式）の最新情報を確認してください。非公式まとめは参考程度にし、最終判断は必ず公式要項に置きます。

このサイトでは過去問・用語解説・比較表を組み合わせ、3ヶ月学習計画で迷った論点を解き直せます。間違えた問題は理由を短くメモし、関連用語で定義と選択肢の論点を確認してから同分野へ戻ると定着しやすくなります。",復習日の入れ方,"管理業務主任者試験の3ヶ月学習計画について、「復習日の入れ方」の観点で整理します。制度・数値・日程は年度や改正で変わるため、学習前と申込前には管理業務主任者試験センター（公式）の最新情報を確認してください。非公式まとめは参考程度にし、最終判断は必ず公式要項に置きます。

このサイトでは過去問・用語解説・比較表を組み合わせ、3ヶ月学習計画で迷った論点を解き直せます。間違えた問題は理由を短くメモし、関連用語で定義と選択肢の論点を確認してから同分野へ戻ると定着しやすくなります。",直前期の調整,"管理業務主任者試験の3ヶ月学習計画について、「直前期の調整」の観点で整理します。制度・数値・日程は年度や改正で変わるため、学習前と申込前には管理業務主任者試験センター（公式）の最新情報を確認してください。非公式まとめは参考程度にし、最終判断は必ず公式要項に置きます。

このサイトでは過去問・用語解説・比較表を組み合わせ、3ヶ月学習計画で迷った論点を解き直せます。間違えた問題は理由を短くメモし、関連用語で定義と選択肢の論点を確認してから同分野へ戻ると定着しやすくなります。",,,,,どのくらいの期間で学習すべきですか？,管理業務主任者試験の3ヶ月学習計画に関する質問「どのくらいの期間で学習すべきですか」について、まず公式要項で最新の制度を確認してください。本サイトでは過去問演習と用語解説で、3ヶ月学習計画の理解度を具体的に確かめられます。数値や期限は資格ごとに異なるため、本文の例は必ず公式情報と照合してください。,最初に過去問を解いてもよいですか？,管理業務主任者試験の3ヶ月学習計画に関する質問「最初に過去問を解いてもよいですか」について、まず公式要項で最新の制度を確認してください。本サイトでは過去問演習と用語解説で、3ヶ月学習計画の理解度を具体的に確かめられます。数値や期限は資格ごとに異なるため、本文の例は必ず公式情報と照合してください。,exam-overview:試験概要;past-question-strategy:過去問の使い方
study-plan-6months,学習計画,管理業務主任者試験の6ヶ月学習計画,管理業務主任者試験の6ヶ月学習計画について、公式情報の確認方法と学習の進め方を整理します。受験前に押さえるべきポイントと、このサイトでの演習・用語解説の活用法を解説します。,合格までの学習を続けるには、出題範囲を分けて演習と復習を定期的に回す計画が重要です。,25,学習計画;試験対策,管業マスター編集部,資格学習サイトの編集チーム,公式情報確認担当,公開前に一次情報との照合を行う担当者,2026-05-30,管理業務主任者試験センター（公式）|https://www.mankan.or.jp/,学習計画向けテンプレートから作成。公開前に本文・参照URL・関連リンクを差し替える。,本記事を読むと、管理業務主任者試験の6ヶ月学習計画について、公式情報で確認すべき点と、このサイトでの学習の進め方が分かります。読了後は行動チェックリストに沿って演習・用語確認まで進められる状態を目指します。,【行動1】;【行動2】;【行動3】,試験要項・公式ページ更新時に本文と参照元を見直す。,2026-05-30,2026-06-29,2026-05-30,published,ガイド記事テンプレート で 2026-05-30 作成。,全体像を分野に分ける,"管理業務主任者試験の6ヶ月学習計画について、「全体像を分野に分ける」の観点で整理します。制度・数値・日程は年度や改正で変わるため、学習前と申込前には管理業務主任者試験センター（公式）の最新情報を確認してください。非公式まとめは参考程度にし、最終判断は必ず公式要項に置きます。

このサイトでは過去問・用語解説・比較表を組み合わせ、6ヶ月学習計画で迷った論点を解き直せます。間違えた問題は理由を短くメモし、関連用語で定義と選択肢の論点を確認してから同分野へ戻ると定着しやすくなります。",学習期間の目安,"管理業務主任者試験の6ヶ月学習計画について、「学習期間の目安」の観点で整理します。制度・数値・日程は年度や改正で変わるため、学習前と申込前には管理業務主任者試験センター（公式）の最新情報を確認してください。非公式まとめは参考程度にし、最終判断は必ず公式要項に置きます。

このサイトでは過去問・用語解説・比較表を組み合わせ、6ヶ月学習計画で迷った論点を解き直せます。間違えた問題は理由を短くメモし、関連用語で定義と選択肢の論点を確認してから同分野へ戻ると定着しやすくなります。",週間スケジュールの例,"管理業務主任者試験の6ヶ月学習計画について、「週間スケジュールの例」の観点で整理します。制度・数値・日程は年度や改正で変わるため、学習前と申込前には管理業務主任者試験センター（公式）の最新情報を確認してください。非公式まとめは参考程度にし、最終判断は必ず公式要項に置きます。

このサイトでは過去問・用語解説・比較表を組み合わせ、6ヶ月学習計画で迷った論点を解き直せます。間違えた問題は理由を短くメモし、関連用語で定義と選択肢の論点を確認してから同分野へ戻ると定着しやすくなります。",復習日の入れ方,"管理業務主任者試験の6ヶ月学習計画について、「復習日の入れ方」の観点で整理します。制度・数値・日程は年度や改正で変わるため、学習前と申込前には管理業務主任者試験センター（公式）の最新情報を確認してください。非公式まとめは参考程度にし、最終判断は必ず公式要項に置きます。

このサイトでは過去問・用語解説・比較表を組み合わせ、6ヶ月学習計画で迷った論点を解き直せます。間違えた問題は理由を短くメモし、関連用語で定義と選択肢の論点を確認してから同分野へ戻ると定着しやすくなります。",直前期の調整,"管理業務主任者試験の6ヶ月学習計画について、「直前期の調整」の観点で整理します。制度・数値・日程は年度や改正で変わるため、学習前と申込前には管理業務主任者試験センター（公式）の最新情報を確認してください。非公式まとめは参考程度にし、最終判断は必ず公式要項に置きます。

このサイトでは過去問・用語解説・比較表を組み合わせ、6ヶ月学習計画で迷った論点を解き直せます。間違えた問題は理由を短くメモし、関連用語で定義と選択肢の論点を確認してから同分野へ戻ると定着しやすくなります。",,,,,どのくらいの期間で学習すべきですか？,管理業務主任者試験の6ヶ月学習計画に関する質問「どのくらいの期間で学習すべきですか」について、まず公式要項で最新の制度を確認してください。本サイトでは過去問演習と用語解説で、6ヶ月学習計画の理解度を具体的に確かめられます。数値や期限は資格ごとに異なるため、本文の例は必ず公式情報と照合してください。,最初に過去問を解いてもよいですか？,管理業務主任者試験の6ヶ月学習計画に関する質問「最初に過去問を解いてもよいですか」について、まず公式要項で最新の制度を確認してください。本サイトでは過去問演習と用語解説で、6ヶ月学習計画の理解度を具体的に確かめられます。数値や期限は資格ごとに異なるため、本文の例は必ず公式情報と照合してください。,exam-overview:試験概要;past-question-strategy:過去問の使い方
study-plan-1year,学習計画,管理業務主任者試験の1年学習計画,管理業務主任者試験の1年学習計画について、公式情報の確認方法と学習の進め方を整理します。受験前に押さえるべきポイントと、このサイトでの演習・用語解説の活用法を解説します。,合格までの学習を続けるには、出題範囲を分けて演習と復習を定期的に回す計画が重要です。,25,学習計画;試験対策,管業マスター編集部,資格学習サイトの編集チーム,公式情報確認担当,公開前に一次情報との照合を行う担当者,2026-05-30,管理業務主任者試験センター（公式）|https://www.mankan.or.jp/,学習計画向けテンプレートから作成。公開前に本文・参照URL・関連リンクを差し替える。,本記事を読むと、管理業務主任者試験の1年学習計画について、公式情報で確認すべき点と、このサイトでの学習の進め方が分かります。読了後は行動チェックリストに沿って演習・用語確認まで進められる状態を目指します。,【行動1】;【行動2】;【行動3】,試験要項・公式ページ更新時に本文と参照元を見直す。,2026-05-30,2026-06-29,2026-05-30,published,ガイド記事テンプレート で 2026-05-30 作成。,全体像を分野に分ける,"管理業務主任者試験の1年学習計画について、「全体像を分野に分ける」の観点で整理します。制度・数値・日程は年度や改正で変わるため、学習前と申込前には管理業務主任者試験センター（公式）の最新情報を確認してください。非公式まとめは参考程度にし、最終判断は必ず公式要項に置きます。

このサイトでは過去問・用語解説・比較表を組み合わせ、1年学習計画で迷った論点を解き直せます。間違えた問題は理由を短くメモし、関連用語で定義と選択肢の論点を確認してから同分野へ戻ると定着しやすくなります。",学習期間の目安,"管理業務主任者試験の1年学習計画について、「学習期間の目安」の観点で整理します。制度・数値・日程は年度や改正で変わるため、学習前と申込前には管理業務主任者試験センター（公式）の最新情報を確認してください。非公式まとめは参考程度にし、最終判断は必ず公式要項に置きます。

このサイトでは過去問・用語解説・比較表を組み合わせ、1年学習計画で迷った論点を解き直せます。間違えた問題は理由を短くメモし、関連用語で定義と選択肢の論点を確認してから同分野へ戻ると定着しやすくなります。",週間スケジュールの例,"管理業務主任者試験の1年学習計画について、「週間スケジュールの例」の観点で整理します。制度・数値・日程は年度や改正で変わるため、学習前と申込前には管理業務主任者試験センター（公式）の最新情報を確認してください。非公式まとめは参考程度にし、最終判断は必ず公式要項に置きます。

このサイトでは過去問・用語解説・比較表を組み合わせ、1年学習計画で迷った論点を解き直せます。間違えた問題は理由を短くメモし、関連用語で定義と選択肢の論点を確認してから同分野へ戻ると定着しやすくなります。",復習日の入れ方,"管理業務主任者試験の1年学習計画について、「復習日の入れ方」の観点で整理します。制度・数値・日程は年度や改正で変わるため、学習前と申込前には管理業務主任者試験センター（公式）の最新情報を確認してください。非公式まとめは参考程度にし、最終判断は必ず公式要項に置きます。

このサイトでは過去問・用語解説・比較表を組み合わせ、1年学習計画で迷った論点を解き直せます。間違えた問題は理由を短くメモし、関連用語で定義と選択肢の論点を確認してから同分野へ戻ると定着しやすくなります。",直前期の調整,"管理業務主任者試験の1年学習計画について、「直前期の調整」の観点で整理します。制度・数値・日程は年度や改正で変わるため、学習前と申込前には管理業務主任者試験センター（公式）の最新情報を確認してください。非公式まとめは参考程度にし、最終判断は必ず公式要項に置きます。

このサイトでは過去問・用語解説・比較表を組み合わせ、1年学習計画で迷った論点を解き直せます。間違えた問題は理由を短くメモし、関連用語で定義と選択肢の論点を確認してから同分野へ戻ると定着しやすくなります。",,,,,どのくらいの期間で学習すべきですか？,管理業務主任者試験の1年学習計画に関する質問「どのくらいの期間で学習すべきですか」について、まず公式要項で最新の制度を確認してください。本サイトでは過去問演習と用語解説で、1年学習計画の理解度を具体的に確かめられます。数値や期限は資格ごとに異なるため、本文の例は必ず公式情報と照合してください。,最初に過去問を解いてもよいですか？,管理業務主任者試験の1年学習計画に関する質問「最初に過去問を解いてもよいですか」について、まず公式要項で最新の制度を確認してください。本サイトでは過去問演習と用語解説で、1年学習計画の理解度を具体的に確かめられます。数値や期限は資格ごとに異なるため、本文の例は必ず公式情報と照合してください。,exam-overview:試験概要;past-question-strategy:過去問の使い方
study-plan-working,学習計画,管理業務主任者試験の社会人向け学習計画,管理業務主任者試験の社会人向け学習計画について、公式情報の確認方法と学習の進め方を整理します。受験前に押さえるべきポイントと、このサイトでの演習・用語解説の活用法を解説します。,合格までの学習を続けるには、出題範囲を分けて演習と復習を定期的に回す計画が重要です。,25,学習計画;試験対策,管業マスター編集部,資格学習サイトの編集チーム,公式情報確認担当,公開前に一次情報との照合を行う担当者,2026-05-30,管理業務主任者試験センター（公式）|https://www.mankan.or.jp/,学習計画向けテンプレートから作成。公開前に本文・参照URL・関連リンクを差し替える。,本記事を読むと、管理業務主任者試験の社会人向け学習計画について、公式情報で確認すべき点と、このサイトでの学習の進め方が分かります。読了後は行動チェックリストに沿って演習・用語確認まで進められる状態を目指します。,【行動1】;【行動2】;【行動3】,試験要項・公式ページ更新時に本文と参照元を見直す。,2026-05-30,2026-06-29,2026-05-30,published,ガイド記事テンプレート で 2026-05-30 作成。,全体像を分野に分ける,"管理業務主任者試験の社会人向け学習計画について、「全体像を分野に分ける」の観点で整理します。制度・数値・日程は年度や改正で変わるため、学習前と申込前には管理業務主任者試験センター（公式）の最新情報を確認してください。非公式まとめは参考程度にし、最終判断は必ず公式要項に置きます。

このサイトでは過去問・用語解説・比較表を組み合わせ、社会人向け学習計画で迷った論点を解き直せます。間違えた問題は理由を短くメモし、関連用語で定義と選択肢の論点を確認してから同分野へ戻ると定着しやすくなります。",学習期間の目安,"管理業務主任者試験の社会人向け学習計画について、「学習期間の目安」の観点で整理します。制度・数値・日程は年度や改正で変わるため、学習前と申込前には管理業務主任者試験センター（公式）の最新情報を確認してください。非公式まとめは参考程度にし、最終判断は必ず公式要項に置きます。

このサイトでは過去問・用語解説・比較表を組み合わせ、社会人向け学習計画で迷った論点を解き直せます。間違えた問題は理由を短くメモし、関連用語で定義と選択肢の論点を確認してから同分野へ戻ると定着しやすくなります。",週間スケジュールの例,"管理業務主任者試験の社会人向け学習計画について、「週間スケジュールの例」の観点で整理します。制度・数値・日程は年度や改正で変わるため、学習前と申込前には管理業務主任者試験センター（公式）の最新情報を確認してください。非公式まとめは参考程度にし、最終判断は必ず公式要項に置きます。

このサイトでは過去問・用語解説・比較表を組み合わせ、社会人向け学習計画で迷った論点を解き直せます。間違えた問題は理由を短くメモし、関連用語で定義と選択肢の論点を確認してから同分野へ戻ると定着しやすくなります。",復習日の入れ方,"管理業務主任者試験の社会人向け学習計画について、「復習日の入れ方」の観点で整理します。制度・数値・日程は年度や改正で変わるため、学習前と申込前には管理業務主任者試験センター（公式）の最新情報を確認してください。非公式まとめは参考程度にし、最終判断は必ず公式要項に置きます。

このサイトでは過去問・用語解説・比較表を組み合わせ、社会人向け学習計画で迷った論点を解き直せます。間違えた問題は理由を短くメモし、関連用語で定義と選択肢の論点を確認してから同分野へ戻ると定着しやすくなります。",直前期の調整,"管理業務主任者試験の社会人向け学習計画について、「直前期の調整」の観点で整理します。制度・数値・日程は年度や改正で変わるため、学習前と申込前には管理業務主任者試験センター（公式）の最新情報を確認してください。非公式まとめは参考程度にし、最終判断は必ず公式要項に置きます。

このサイトでは過去問・用語解説・比較表を組み合わせ、社会人向け学習計画で迷った論点を解き直せます。間違えた問題は理由を短くメモし、関連用語で定義と選択肢の論点を確認してから同分野へ戻ると定着しやすくなります。",,,,,どのくらいの期間で学習すべきですか？,管理業務主任者試験の社会人向け学習計画に関する質問「どのくらいの期間で学習すべきですか」について、まず公式要項で最新の制度を確認してください。本サイトでは過去問演習と用語解説で、社会人向け学習計画の理解度を具体的に確かめられます。数値や期限は資格ごとに異なるため、本文の例は必ず公式情報と照合してください。,最初に過去問を解いてもよいですか？,管理業務主任者試験の社会人向け学習計画に関する質問「最初に過去問を解いてもよいですか」について、まず公式要項で最新の制度を確認してください。本サイトでは過去問演習と用語解説で、社会人向け学習計画の理解度を具体的に確かめられます。数値や期限は資格ごとに異なるため、本文の例は必ず公式情報と照合してください。,exam-overview:試験概要;past-question-strategy:過去問の使い方
study-plan-beginner,学習計画,管理業務主任者試験の初学者向け学習計画,管理業務主任者試験の初学者向け学習計画について、公式情報の確認方法と学習の進め方を整理します。受験前に押さえるべきポイントと、このサイトでの演習・用語解説の活用法を解説します。,合格までの学習を続けるには、出題範囲を分けて演習と復習を定期的に回す計画が重要です。,25,学習計画;試験対策,管業マスター編集部,資格学習サイトの編集チーム,公式情報確認担当,公開前に一次情報との照合を行う担当者,2026-05-30,管理業務主任者試験センター（公式）|https://www.mankan.or.jp/,学習計画向けテンプレートから作成。公開前に本文・参照URL・関連リンクを差し替える。,本記事を読むと、管理業務主任者試験の初学者向け学習計画について、公式情報で確認すべき点と、このサイトでの学習の進め方が分かります。読了後は行動チェックリストに沿って演習・用語確認まで進められる状態を目指します。,【行動1】;【行動2】;【行動3】,試験要項・公式ページ更新時に本文と参照元を見直す。,2026-05-30,2026-06-29,2026-05-30,published,ガイド記事テンプレート で 2026-05-30 作成。,全体像を分野に分ける,"管理業務主任者試験の初学者向け学習計画について、「全体像を分野に分ける」の観点で整理します。制度・数値・日程は年度や改正で変わるため、学習前と申込前には管理業務主任者試験センター（公式）の最新情報を確認してください。非公式まとめは参考程度にし、最終判断は必ず公式要項に置きます。

このサイトでは過去問・用語解説・比較表を組み合わせ、初学者向け学習計画で迷った論点を解き直せます。間違えた問題は理由を短くメモし、関連用語で定義と選択肢の論点を確認してから同分野へ戻ると定着しやすくなります。",学習期間の目安,"管理業務主任者試験の初学者向け学習計画について、「学習期間の目安」の観点で整理します。制度・数値・日程は年度や改正で変わるため、学習前と申込前には管理業務主任者試験センター（公式）の最新情報を確認してください。非公式まとめは参考程度にし、最終判断は必ず公式要項に置きます。

このサイトでは過去問・用語解説・比較表を組み合わせ、初学者向け学習計画で迷った論点を解き直せます。間違えた問題は理由を短くメモし、関連用語で定義と選択肢の論点を確認してから同分野へ戻ると定着しやすくなります。",週間スケジュールの例,"管理業務主任者試験の初学者向け学習計画について、「週間スケジュールの例」の観点で整理します。制度・数値・日程は年度や改正で変わるため、学習前と申込前には管理業務主任者試験センター（公式）の最新情報を確認してください。非公式まとめは参考程度にし、最終判断は必ず公式要項に置きます。

このサイトでは過去問・用語解説・比較表を組み合わせ、初学者向け学習計画で迷った論点を解き直せます。間違えた問題は理由を短くメモし、関連用語で定義と選択肢の論点を確認してから同分野へ戻ると定着しやすくなります。",復習日の入れ方,"管理業務主任者試験の初学者向け学習計画について、「復習日の入れ方」の観点で整理します。制度・数値・日程は年度や改正で変わるため、学習前と申込前には管理業務主任者試験センター（公式）の最新情報を確認してください。非公式まとめは参考程度にし、最終判断は必ず公式要項に置きます。

このサイトでは過去問・用語解説・比較表を組み合わせ、初学者向け学習計画で迷った論点を解き直せます。間違えた問題は理由を短くメモし、関連用語で定義と選択肢の論点を確認してから同分野へ戻ると定着しやすくなります。",直前期の調整,"管理業務主任者試験の初学者向け学習計画について、「直前期の調整」の観点で整理します。制度・数値・日程は年度や改正で変わるため、学習前と申込前には管理業務主任者試験センター（公式）の最新情報を確認してください。非公式まとめは参考程度にし、最終判断は必ず公式要項に置きます。

このサイトでは過去問・用語解説・比較表を組み合わせ、初学者向け学習計画で迷った論点を解き直せます。間違えた問題は理由を短くメモし、関連用語で定義と選択肢の論点を確認してから同分野へ戻ると定着しやすくなります。",,,,,どのくらいの期間で学習すべきですか？,管理業務主任者試験の初学者向け学習計画に関する質問「どのくらいの期間で学習すべきですか」について、まず公式要項で最新の制度を確認してください。本サイトでは過去問演習と用語解説で、初学者向け学習計画の理解度を具体的に確かめられます。数値や期限は資格ごとに異なるため、本文の例は必ず公式情報と照合してください。,最初に過去問を解いてもよいですか？,管理業務主任者試験の初学者向け学習計画に関する質問「最初に過去問を解いてもよいですか」について、まず公式要項で最新の制度を確認してください。本サイトでは過去問演習と用語解説で、初学者向け学習計画の理解度を具体的に確かめられます。数値や期限は資格ごとに異なるため、本文の例は必ず公式情報と照合してください。,exam-overview:試験概要;past-question-strategy:過去問の使い方
first-30-days-plan,学習計画,管理業務主任者試験の最初の30日の学習計画,管理業務主任者試験の最初の30日の学習計画について、公式情報の確認方法と学習の進め方を整理します。受験前に押さえるべきポイントと、このサイトでの演習・用語解説の活用法を解説します。,合格までの学習を続けるには、出題範囲を分けて演習と復習を定期的に回す計画が重要です。,25,学習計画;試験対策,管業マスター編集部,資格学習サイトの編集チーム,公式情報確認担当,公開前に一次情報との照合を行う担当者,2026-05-30,管理業務主任者試験センター（公式）|https://www.mankan.or.jp/,学習計画向けテンプレートから作成。公開前に本文・参照URL・関連リンクを差し替える。,本記事を読むと、管理業務主任者試験の最初の30日の学習計画について、公式情報で確認すべき点と、このサイトでの学習の進め方が分かります。読了後は行動チェックリストに沿って演習・用語確認まで進められる状態を目指します。,【行動1】;【行動2】;【行動3】,試験要項・公式ページ更新時に本文と参照元を見直す。,2026-05-30,2026-06-29,2026-05-30,published,ガイド記事テンプレート で 2026-05-30 作成。,全体像を分野に分ける,"管理業務主任者試験の最初の30日の学習計画について、「全体像を分野に分ける」の観点で整理します。制度・数値・日程は年度や改正で変わるため、学習前と申込前には管理業務主任者試験センター（公式）の最新情報を確認してください。非公式まとめは参考程度にし、最終判断は必ず公式要項に置きます。

このサイトでは過去問・用語解説・比較表を組み合わせ、最初の30日の学習計画で迷った論点を解き直せます。間違えた問題は理由を短くメモし、関連用語で定義と選択肢の論点を確認してから同分野へ戻ると定着しやすくなります。",学習期間の目安,"管理業務主任者試験の最初の30日の学習計画について、「学習期間の目安」の観点で整理します。制度・数値・日程は年度や改正で変わるため、学習前と申込前には管理業務主任者試験センター（公式）の最新情報を確認してください。非公式まとめは参考程度にし、最終判断は必ず公式要項に置きます。

このサイトでは過去問・用語解説・比較表を組み合わせ、最初の30日の学習計画で迷った論点を解き直せます。間違えた問題は理由を短くメモし、関連用語で定義と選択肢の論点を確認してから同分野へ戻ると定着しやすくなります。",週間スケジュールの例,"管理業務主任者試験の最初の30日の学習計画について、「週間スケジュールの例」の観点で整理します。制度・数値・日程は年度や改正で変わるため、学習前と申込前には管理業務主任者試験センター（公式）の最新情報を確認してください。非公式まとめは参考程度にし、最終判断は必ず公式要項に置きます。

このサイトでは過去問・用語解説・比較表を組み合わせ、最初の30日の学習計画で迷った論点を解き直せます。間違えた問題は理由を短くメモし、関連用語で定義と選択肢の論点を確認してから同分野へ戻ると定着しやすくなります。",復習日の入れ方,"管理業務主任者試験の最初の30日の学習計画について、「復習日の入れ方」の観点で整理します。制度・数値・日程は年度や改正で変わるため、学習前と申込前には管理業務主任者試験センター（公式）の最新情報を確認してください。非公式まとめは参考程度にし、最終判断は必ず公式要項に置きます。

このサイトでは過去問・用語解説・比較表を組み合わせ、最初の30日の学習計画で迷った論点を解き直せます。間違えた問題は理由を短くメモし、関連用語で定義と選択肢の論点を確認してから同分野へ戻ると定着しやすくなります。",直前期の調整,"管理業務主任者試験の最初の30日の学習計画について、「直前期の調整」の観点で整理します。制度・数値・日程は年度や改正で変わるため、学習前と申込前には管理業務主任者試験センター（公式）の最新情報を確認してください。非公式まとめは参考程度にし、最終判断は必ず公式要項に置きます。

このサイトでは過去問・用語解説・比較表を組み合わせ、最初の30日の学習計画で迷った論点を解き直せます。間違えた問題は理由を短くメモし、関連用語で定義と選択肢の論点を確認してから同分野へ戻ると定着しやすくなります。",,,,,どのくらいの期間で学習すべきですか？,管理業務主任者試験の最初の30日の学習計画に関する質問「どのくらいの期間で学習すべきですか」について、まず公式要項で最新の制度を確認してください。本サイトでは過去問演習と用語解説で、最初の30日の学習計画の理解度を具体的に確かめられます。数値や期限は資格ごとに異なるため、本文の例は必ず公式情報と照合してください。,最初に過去問を解いてもよいですか？,管理業務主任者試験の最初の30日の学習計画に関する質問「最初に過去問を解いてもよいですか」について、まず公式要項で最新の制度を確認してください。本サイトでは過去問演習と用語解説で、最初の30日の学習計画の理解度を具体的に確かめられます。数値や期限は資格ごとに異なるため、本文の例は必ず公式情報と照合してください。,exam-overview:試験概要;past-question-strategy:過去問の使い方
balance-work-study,学習計画,管理業務主任者試験の仕事と勉強の両立,管理業務主任者試験の仕事と勉強の両立について、公式情報の確認方法と学習の進め方を整理します。受験前に押さえるべきポイントと、このサイトでの演習・用語解説の活用法を解説します。,合格までの学習を続けるには、出題範囲を分けて演習と復習を定期的に回す計画が重要です。,25,学習計画;試験対策,管業マスター編集部,資格学習サイトの編集チーム,公式情報確認担当,公開前に一次情報との照合を行う担当者,2026-05-30,管理業務主任者試験センター（公式）|https://www.mankan.or.jp/,学習計画向けテンプレートから作成。公開前に本文・参照URL・関連リンクを差し替える。,本記事を読むと、管理業務主任者試験の仕事と勉強の両立について、公式情報で確認すべき点と、このサイトでの学習の進め方が分かります。読了後は行動チェックリストに沿って演習・用語確認まで進められる状態を目指します。,【行動1】;【行動2】;【行動3】,試験要項・公式ページ更新時に本文と参照元を見直す。,2026-05-30,2026-06-29,2026-05-30,published,ガイド記事テンプレート で 2026-05-30 作成。,全体像を分野に分ける,"管理業務主任者試験の仕事と勉強の両立について、「全体像を分野に分ける」の観点で整理します。制度・数値・日程は年度や改正で変わるため、学習前と申込前には管理業務主任者試験センター（公式）の最新情報を確認してください。非公式まとめは参考程度にし、最終判断は必ず公式要項に置きます。

このサイトでは過去問・用語解説・比較表を組み合わせ、仕事と勉強の両立で迷った論点を解き直せます。間違えた問題は理由を短くメモし、関連用語で定義と選択肢の論点を確認してから同分野へ戻ると定着しやすくなります。",学習期間の目安,"管理業務主任者試験の仕事と勉強の両立について、「学習期間の目安」の観点で整理します。制度・数値・日程は年度や改正で変わるため、学習前と申込前には管理業務主任者試験センター（公式）の最新情報を確認してください。非公式まとめは参考程度にし、最終判断は必ず公式要項に置きます。

このサイトでは過去問・用語解説・比較表を組み合わせ、仕事と勉強の両立で迷った論点を解き直せます。間違えた問題は理由を短くメモし、関連用語で定義と選択肢の論点を確認してから同分野へ戻ると定着しやすくなります。",週間スケジュールの例,"管理業務主任者試験の仕事と勉強の両立について、「週間スケジュールの例」の観点で整理します。制度・数値・日程は年度や改正で変わるため、学習前と申込前には管理業務主任者試験センター（公式）の最新情報を確認してください。非公式まとめは参考程度にし、最終判断は必ず公式要項に置きます。

このサイトでは過去問・用語解説・比較表を組み合わせ、仕事と勉強の両立で迷った論点を解き直せます。間違えた問題は理由を短くメモし、関連用語で定義と選択肢の論点を確認してから同分野へ戻ると定着しやすくなります。",復習日の入れ方,"管理業務主任者試験の仕事と勉強の両立について、「復習日の入れ方」の観点で整理します。制度・数値・日程は年度や改正で変わるため、学習前と申込前には管理業務主任者試験センター（公式）の最新情報を確認してください。非公式まとめは参考程度にし、最終判断は必ず公式要項に置きます。

このサイトでは過去問・用語解説・比較表を組み合わせ、仕事と勉強の両立で迷った論点を解き直せます。間違えた問題は理由を短くメモし、関連用語で定義と選択肢の論点を確認してから同分野へ戻ると定着しやすくなります。",直前期の調整,"管理業務主任者試験の仕事と勉強の両立について、「直前期の調整」の観点で整理します。制度・数値・日程は年度や改正で変わるため、学習前と申込前には管理業務主任者試験センター（公式）の最新情報を確認してください。非公式まとめは参考程度にし、最終判断は必ず公式要項に置きます。

このサイトでは過去問・用語解説・比較表を組み合わせ、仕事と勉強の両立で迷った論点を解き直せます。間違えた問題は理由を短くメモし、関連用語で定義と選択肢の論点を確認してから同分野へ戻ると定着しやすくなります。",,,,,どのくらいの期間で学習すべきですか？,管理業務主任者試験の仕事と勉強の両立に関する質問「どのくらいの期間で学習すべきですか」について、まず公式要項で最新の制度を確認してください。本サイトでは過去問演習と用語解説で、仕事と勉強の両立の理解度を具体的に確かめられます。数値や期限は資格ごとに異なるため、本文の例は必ず公式情報と照合してください。,最初に過去問を解いてもよいですか？,管理業務主任者試験の仕事と勉強の両立に関する質問「最初に過去問を解いてもよいですか」について、まず公式要項で最新の制度を確認してください。本サイトでは過去問演習と用語解説で、仕事と勉強の両立の理解度を具体的に確かめられます。数値や期限は資格ごとに異なるため、本文の例は必ず公式情報と照合してください。,exam-overview:試験概要;past-question-strategy:過去問の使い方
time-management,学習計画,管理業務主任者試験の時間管理と習慣化,管理業務主任者試験の時間管理と習慣化について、公式情報の確認方法と学習の進め方を整理します。受験前に押さえるべきポイントと、このサイトでの演習・用語解説の活用法を解説します。,合格までの学習を続けるには、出題範囲を分けて演習と復習を定期的に回す計画が重要です。,25,学習計画;試験対策,管業マスター編集部,資格学習サイトの編集チーム,公式情報確認担当,公開前に一次情報との照合を行う担当者,2026-05-30,管理業務主任者試験センター（公式）|https://www.mankan.or.jp/,学習計画向けテンプレートから作成。公開前に本文・参照URL・関連リンクを差し替える。,本記事を読むと、管理業務主任者試験の時間管理と習慣化について、公式情報で確認すべき点と、このサイトでの学習の進め方が分かります。読了後は行動チェックリストに沿って演習・用語確認まで進められる状態を目指します。,【行動1】;【行動2】;【行動3】,試験要項・公式ページ更新時に本文と参照元を見直す。,2026-05-30,2026-06-29,2026-05-30,published,ガイド記事テンプレート で 2026-05-30 作成。,全体像を分野に分ける,"管理業務主任者試験の時間管理と習慣化について、「全体像を分野に分ける」の観点で整理します。制度・数値・日程は年度や改正で変わるため、学習前と申込前には管理業務主任者試験センター（公式）の最新情報を確認してください。非公式まとめは参考程度にし、最終判断は必ず公式要項に置きます。

このサイトでは過去問・用語解説・比較表を組み合わせ、時間管理と習慣化で迷った論点を解き直せます。間違えた問題は理由を短くメモし、関連用語で定義と選択肢の論点を確認してから同分野へ戻ると定着しやすくなります。",学習期間の目安,"管理業務主任者試験の時間管理と習慣化について、「学習期間の目安」の観点で整理します。制度・数値・日程は年度や改正で変わるため、学習前と申込前には管理業務主任者試験センター（公式）の最新情報を確認してください。非公式まとめは参考程度にし、最終判断は必ず公式要項に置きます。

このサイトでは過去問・用語解説・比較表を組み合わせ、時間管理と習慣化で迷った論点を解き直せます。間違えた問題は理由を短くメモし、関連用語で定義と選択肢の論点を確認してから同分野へ戻ると定着しやすくなります。",週間スケジュールの例,"管理業務主任者試験の時間管理と習慣化について、「週間スケジュールの例」の観点で整理します。制度・数値・日程は年度や改正で変わるため、学習前と申込前には管理業務主任者試験センター（公式）の最新情報を確認してください。非公式まとめは参考程度にし、最終判断は必ず公式要項に置きます。

このサイトでは過去問・用語解説・比較表を組み合わせ、時間管理と習慣化で迷った論点を解き直せます。間違えた問題は理由を短くメモし、関連用語で定義と選択肢の論点を確認してから同分野へ戻ると定着しやすくなります。",復習日の入れ方,"管理業務主任者試験の時間管理と習慣化について、「復習日の入れ方」の観点で整理します。制度・数値・日程は年度や改正で変わるため、学習前と申込前には管理業務主任者試験センター（公式）の最新情報を確認してください。非公式まとめは参考程度にし、最終判断は必ず公式要項に置きます。

このサイトでは過去問・用語解説・比較表を組み合わせ、時間管理と習慣化で迷った論点を解き直せます。間違えた問題は理由を短くメモし、関連用語で定義と選択肢の論点を確認してから同分野へ戻ると定着しやすくなります。",直前期の調整,"管理業務主任者試験の時間管理と習慣化について、「直前期の調整」の観点で整理します。制度・数値・日程は年度や改正で変わるため、学習前と申込前には管理業務主任者試験センター（公式）の最新情報を確認してください。非公式まとめは参考程度にし、最終判断は必ず公式要項に置きます。

このサイトでは過去問・用語解説・比較表を組み合わせ、時間管理と習慣化で迷った論点を解き直せます。間違えた問題は理由を短くメモし、関連用語で定義と選択肢の論点を確認してから同分野へ戻ると定着しやすくなります。",,,,,どのくらいの期間で学習すべきですか？,管理業務主任者試験の時間管理と習慣化に関する質問「どのくらいの期間で学習すべきですか」について、まず公式要項で最新の制度を確認してください。本サイトでは過去問演習と用語解説で、時間管理と習慣化の理解度を具体的に確かめられます。数値や期限は資格ごとに異なるため、本文の例は必ず公式情報と照合してください。,最初に過去問を解いてもよいですか？,管理業務主任者試験の時間管理と習慣化に関する質問「最初に過去問を解いてもよいですか」について、まず公式要項で最新の制度を確認してください。本サイトでは過去問演習と用語解説で、時間管理と習慣化の理解度を具体的に確かめられます。数値や期限は資格ごとに異なるため、本文の例は必ず公式情報と照合してください。,exam-overview:試験概要;past-question-strategy:過去問の使い方
self-study-start,独学対策,管理業務主任者試験の独学の始め方,管理業務主任者試験の独学の始め方について、公式情報の確認方法と学習の進め方を整理します。受験前に押さえるべきポイントと、このサイトでの演習・用語解説の活用法を解説します。,独学で合格を目指す場合は、教材を増やす前に出題範囲と復習の仕組みを決めておくことが大切です。,26,独学;教材;学習計画,管業マスター編集部,資格学習サイトの編集チーム,公式情報確認担当,公開前に一次情報との照合を行う担当者,2026-05-30,管理業務主任者試験センター（公式）|https://www.mankan.or.jp/,独学対策向けテンプレートから作成。公開前に本文・参照URL・関連リンクを差し替える。,本記事を読むと、管理業務主任者試験の独学の始め方について、公式情報で確認すべき点と、このサイトでの学習の進め方が分かります。読了後は行動チェックリストに沿って演習・用語確認まで進められる状態を目指します。,【行動1】;【行動2】;【行動3】,試験要項・公式ページ更新時に本文と参照元を見直す。,2026-05-30,2026-06-29,2026-05-30,published,ガイド記事テンプレート で 2026-05-30 作成。,独学前に公式情報を確認,"管理業務主任者試験の独学の始め方について、「独学前に公式情報を確認」の観点で整理します。制度・数値・日程は年度や改正で変わるため、学習前と申込前には管理業務主任者試験センター（公式）の最新情報を確認してください。非公式まとめは参考程度にし、最終判断は必ず公式要項に置きます。

このサイトでは過去問・用語解説・比較表を組み合わせ、独学の始め方で迷った論点を解き直せます。間違えた問題は理由を短くメモし、関連用語で定義と選択肢の論点を確認してから同分野へ戻ると定着しやすくなります。",教材・参考書の選び方,"管理業務主任者試験の独学の始め方について、「教材・参考書の選び方」の観点で整理します。制度・数値・日程は年度や改正で変わるため、学習前と申込前には管理業務主任者試験センター（公式）の最新情報を確認してください。非公式まとめは参考程度にし、最終判断は必ず公式要項に置きます。

このサイトでは過去問・用語解説・比較表を組み合わせ、独学の始め方で迷った論点を解き直せます。間違えた問題は理由を短くメモし、関連用語で定義と選択肢の論点を確認してから同分野へ戻ると定着しやすくなります。",過去問で現在地を確認,"管理業務主任者試験の独学の始め方について、「過去問で現在地を確認」の観点で整理します。制度・数値・日程は年度や改正で変わるため、学習前と申込前には管理業務主任者試験センター（公式）の最新情報を確認してください。非公式まとめは参考程度にし、最終判断は必ず公式要項に置きます。

このサイトでは過去問・用語解説・比較表を組み合わせ、独学の始め方で迷った論点を解き直せます。間違えた問題は理由を短くメモし、関連用語で定義と選択肢の論点を確認してから同分野へ戻ると定着しやすくなります。",復習を計画に入れる,"管理業務主任者試験の独学の始め方について、「復習を計画に入れる」の観点で整理します。制度・数値・日程は年度や改正で変わるため、学習前と申込前には管理業務主任者試験センター（公式）の最新情報を確認してください。非公式まとめは参考程度にし、最終判断は必ず公式要項に置きます。

このサイトでは過去問・用語解説・比較表を組み合わせ、独学の始め方で迷った論点を解き直せます。間違えた問題は理由を短くメモし、関連用語で定義と選択肢の論点を確認してから同分野へ戻ると定着しやすくなります。",直前期の絞り込み,"管理業務主任者試験の独学の始め方について、「直前期の絞り込み」の観点で整理します。制度・数値・日程は年度や改正で変わるため、学習前と申込前には管理業務主任者試験センター（公式）の最新情報を確認してください。非公式まとめは参考程度にし、最終判断は必ず公式要項に置きます。

このサイトでは過去問・用語解説・比較表を組み合わせ、独学の始め方で迷った論点を解き直せます。間違えた問題は理由を短くメモし、関連用語で定義と選択肢の論点を確認してから同分野へ戻ると定着しやすくなります。",,,,,独学では何から始めればよいですか？,管理業務主任者試験の独学の始め方に関する質問「独学では何から始めればよいですか」について、まず公式要項で最新の制度を確認してください。本サイトでは過去問演習と用語解説で、独学の始め方の理解度を具体的に確かめられます。数値や期限は資格ごとに異なるため、本文の例は必ず公式情報と照合してください。,過去問だけで足りますか？,管理業務主任者試験の独学の始め方に関する質問「過去問だけで足りますか」について、まず公式要項で最新の制度を確認してください。本サイトでは過去問演習と用語解説で、独学の始め方の理解度を具体的に確かめられます。数値や期限は資格ごとに異なるため、本文の例は必ず公式情報と照合してください。,exam-overview:試験概要;study-plan:学習計画
self-study-schedule,独学対策,管理業務主任者試験の独学の週間・月間スケジュール,管理業務主任者試験の独学の週間・月間スケジュールについて、公式情報の確認方法と学習の進め方を整理します。受験前に押さえるべきポイントと、このサイトでの演習・用語解説の活用法を解説します。,独学で合格を目指す場合は、教材を増やす前に出題範囲と復習の仕組みを決めておくことが大切です。,26,独学;教材;学習計画,管業マスター編集部,資格学習サイトの編集チーム,公式情報確認担当,公開前に一次情報との照合を行う担当者,2026-05-30,管理業務主任者試験センター（公式）|https://www.mankan.or.jp/,独学対策向けテンプレートから作成。公開前に本文・参照URL・関連リンクを差し替える。,本記事を読むと、管理業務主任者試験の独学の週間・月間スケジュールについて、公式情報で確認すべき点と、このサイトでの学習の進め方が分かります。読了後は行動チェックリストに沿って演習・用語確認まで進められる状態を目指します。,【行動1】;【行動2】;【行動3】,試験要項・公式ページ更新時に本文と参照元を見直す。,2026-05-30,2026-06-29,2026-05-30,published,ガイド記事テンプレート で 2026-05-30 作成。,独学前に公式情報を確認,"管理業務主任者試験の独学の週間・月間スケジュールについて、「独学前に公式情報を確認」の観点で整理します。制度・数値・日程は年度や改正で変わるため、学習前と申込前には管理業務主任者試験センター（公式）の最新情報を確認してください。非公式まとめは参考程度にし、最終判断は必ず公式要項に置きます。

このサイトでは過去問・用語解説・比較表を組み合わせ、独学の週間・月間スケジュールで迷った論点を解き直せます。間違えた問題は理由を短くメモし、関連用語で定義と選択肢の論点を確認してから同分野へ戻ると定着しやすくなります。",教材・参考書の選び方,"管理業務主任者試験の独学の週間・月間スケジュールについて、「教材・参考書の選び方」の観点で整理します。制度・数値・日程は年度や改正で変わるため、学習前と申込前には管理業務主任者試験センター（公式）の最新情報を確認してください。非公式まとめは参考程度にし、最終判断は必ず公式要項に置きます。

このサイトでは過去問・用語解説・比較表を組み合わせ、独学の週間・月間スケジュールで迷った論点を解き直せます。間違えた問題は理由を短くメモし、関連用語で定義と選択肢の論点を確認してから同分野へ戻ると定着しやすくなります。",過去問で現在地を確認,"管理業務主任者試験の独学の週間・月間スケジュールについて、「過去問で現在地を確認」の観点で整理します。制度・数値・日程は年度や改正で変わるため、学習前と申込前には管理業務主任者試験センター（公式）の最新情報を確認してください。非公式まとめは参考程度にし、最終判断は必ず公式要項に置きます。

このサイトでは過去問・用語解説・比較表を組み合わせ、独学の週間・月間スケジュールで迷った論点を解き直せます。間違えた問題は理由を短くメモし、関連用語で定義と選択肢の論点を確認してから同分野へ戻ると定着しやすくなります。",復習を計画に入れる,"管理業務主任者試験の独学の週間・月間スケジュールについて、「復習を計画に入れる」の観点で整理します。制度・数値・日程は年度や改正で変わるため、学習前と申込前には管理業務主任者試験センター（公式）の最新情報を確認してください。非公式まとめは参考程度にし、最終判断は必ず公式要項に置きます。

このサイトでは過去問・用語解説・比較表を組み合わせ、独学の週間・月間スケジュールで迷った論点を解き直せます。間違えた問題は理由を短くメモし、関連用語で定義と選択肢の論点を確認してから同分野へ戻ると定着しやすくなります。",直前期の絞り込み,"管理業務主任者試験の独学の週間・月間スケジュールについて、「直前期の絞り込み」の観点で整理します。制度・数値・日程は年度や改正で変わるため、学習前と申込前には管理業務主任者試験センター（公式）の最新情報を確認してください。非公式まとめは参考程度にし、最終判断は必ず公式要項に置きます。

このサイトでは過去問・用語解説・比較表を組み合わせ、独学の週間・月間スケジュールで迷った論点を解き直せます。間違えた問題は理由を短くメモし、関連用語で定義と選択肢の論点を確認してから同分野へ戻ると定着しやすくなります。",,,,,独学では何から始めればよいですか？,管理業務主任者試験の独学の週間・月間スケジュールに関する質問「独学では何から始めればよいですか」について、まず公式要項で最新の制度を確認してください。本サイトでは過去問演習と用語解説で、独学の週間・月間スケジュールの理解度を具体的に確かめられます。数値や期限は資格ごとに異なるため、本文の例は必ず公式情報と照合してください。,過去問だけで足りますか？,管理業務主任者試験の独学の週間・月間スケジュールに関する質問「過去問だけで足りますか」について、まず公式要項で最新の制度を確認してください。本サイトでは過去問演習と用語解説で、独学の週間・月間スケジュールの理解度を具体的に確かめられます。数値や期限は資格ごとに異なるため、本文の例は必ず公式情報と照合してください。,exam-overview:試験概要;study-plan:学習計画
self-study-mistakes,独学対策,管理業務主任者試験の独学のよくある失敗,管理業務主任者試験の独学のよくある失敗について、公式情報の確認方法と学習の進め方を整理します。受験前に押さえるべきポイントと、このサイトでの演習・用語解説の活用法を解説します。,独学で合格を目指す場合は、教材を増やす前に出題範囲と復習の仕組みを決めておくことが大切です。,26,独学;教材;学習計画,管業マスター編集部,資格学習サイトの編集チーム,公式情報確認担当,公開前に一次情報との照合を行う担当者,2026-05-30,管理業務主任者試験センター（公式）|https://www.mankan.or.jp/,独学対策向けテンプレートから作成。公開前に本文・参照URL・関連リンクを差し替える。,本記事を読むと、管理業務主任者試験の独学のよくある失敗について、公式情報で確認すべき点と、このサイトでの学習の進め方が分かります。読了後は行動チェックリストに沿って演習・用語確認まで進められる状態を目指します。,【行動1】;【行動2】;【行動3】,試験要項・公式ページ更新時に本文と参照元を見直す。,2026-05-30,2026-06-29,2026-05-30,published,ガイド記事テンプレート で 2026-05-30 作成。,独学前に公式情報を確認,"管理業務主任者試験の独学のよくある失敗について、「独学前に公式情報を確認」の観点で整理します。制度・数値・日程は年度や改正で変わるため、学習前と申込前には管理業務主任者試験センター（公式）の最新情報を確認してください。非公式まとめは参考程度にし、最終判断は必ず公式要項に置きます。

このサイトでは過去問・用語解説・比較表を組み合わせ、独学のよくある失敗で迷った論点を解き直せます。間違えた問題は理由を短くメモし、関連用語で定義と選択肢の論点を確認してから同分野へ戻ると定着しやすくなります。",教材・参考書の選び方,"管理業務主任者試験の独学のよくある失敗について、「教材・参考書の選び方」の観点で整理します。制度・数値・日程は年度や改正で変わるため、学習前と申込前には管理業務主任者試験センター（公式）の最新情報を確認してください。非公式まとめは参考程度にし、最終判断は必ず公式要項に置きます。

このサイトでは過去問・用語解説・比較表を組み合わせ、独学のよくある失敗で迷った論点を解き直せます。間違えた問題は理由を短くメモし、関連用語で定義と選択肢の論点を確認してから同分野へ戻ると定着しやすくなります。",過去問で現在地を確認,"管理業務主任者試験の独学のよくある失敗について、「過去問で現在地を確認」の観点で整理します。制度・数値・日程は年度や改正で変わるため、学習前と申込前には管理業務主任者試験センター（公式）の最新情報を確認してください。非公式まとめは参考程度にし、最終判断は必ず公式要項に置きます。

このサイトでは過去問・用語解説・比較表を組み合わせ、独学のよくある失敗で迷った論点を解き直せます。間違えた問題は理由を短くメモし、関連用語で定義と選択肢の論点を確認してから同分野へ戻ると定着しやすくなります。",復習を計画に入れる,"管理業務主任者試験の独学のよくある失敗について、「復習を計画に入れる」の観点で整理します。制度・数値・日程は年度や改正で変わるため、学習前と申込前には管理業務主任者試験センター（公式）の最新情報を確認してください。非公式まとめは参考程度にし、最終判断は必ず公式要項に置きます。

このサイトでは過去問・用語解説・比較表を組み合わせ、独学のよくある失敗で迷った論点を解き直せます。間違えた問題は理由を短くメモし、関連用語で定義と選択肢の論点を確認してから同分野へ戻ると定着しやすくなります。",直前期の絞り込み,"管理業務主任者試験の独学のよくある失敗について、「直前期の絞り込み」の観点で整理します。制度・数値・日程は年度や改正で変わるため、学習前と申込前には管理業務主任者試験センター（公式）の最新情報を確認してください。非公式まとめは参考程度にし、最終判断は必ず公式要項に置きます。

このサイトでは過去問・用語解説・比較表を組み合わせ、独学のよくある失敗で迷った論点を解き直せます。間違えた問題は理由を短くメモし、関連用語で定義と選択肢の論点を確認してから同分野へ戻ると定着しやすくなります。",,,,,独学では何から始めればよいですか？,管理業務主任者試験の独学のよくある失敗に関する質問「独学では何から始めればよいですか」について、まず公式要項で最新の制度を確認してください。本サイトでは過去問演習と用語解説で、独学のよくある失敗の理解度を具体的に確かめられます。数値や期限は資格ごとに異なるため、本文の例は必ず公式情報と照合してください。,過去問だけで足りますか？,管理業務主任者試験の独学のよくある失敗に関する質問「過去問だけで足りますか」について、まず公式要項で最新の制度を確認してください。本サイトでは過去問演習と用語解説で、独学のよくある失敗の理解度を具体的に確かめられます。数値や期限は資格ごとに異なるため、本文の例は必ず公式情報と照合してください。,exam-overview:試験概要;study-plan:学習計画
self-study-environment,独学対策,管理業務主任者試験の独学環境の整え方,管理業務主任者試験の独学環境の整え方について、公式情報の確認方法と学習の進め方を整理します。受験前に押さえるべきポイントと、このサイトでの演習・用語解説の活用法を解説します。,独学で合格を目指す場合は、教材を増やす前に出題範囲と復習の仕組みを決めておくことが大切です。,26,独学;教材;学習計画,管業マスター編集部,資格学習サイトの編集チーム,公式情報確認担当,公開前に一次情報との照合を行う担当者,2026-05-30,管理業務主任者試験センター（公式）|https://www.mankan.or.jp/,独学対策向けテンプレートから作成。公開前に本文・参照URL・関連リンクを差し替える。,本記事を読むと、管理業務主任者試験の独学環境の整え方について、公式情報で確認すべき点と、このサイトでの学習の進め方が分かります。読了後は行動チェックリストに沿って演習・用語確認まで進められる状態を目指します。,【行動1】;【行動2】;【行動3】,試験要項・公式ページ更新時に本文と参照元を見直す。,2026-05-30,2026-06-29,2026-05-30,published,ガイド記事テンプレート で 2026-05-30 作成。,独学前に公式情報を確認,"管理業務主任者試験の独学環境の整え方について、「独学前に公式情報を確認」の観点で整理します。制度・数値・日程は年度や改正で変わるため、学習前と申込前には管理業務主任者試験センター（公式）の最新情報を確認してください。非公式まとめは参考程度にし、最終判断は必ず公式要項に置きます。

このサイトでは過去問・用語解説・比較表を組み合わせ、独学環境の整え方で迷った論点を解き直せます。間違えた問題は理由を短くメモし、関連用語で定義と選択肢の論点を確認してから同分野へ戻ると定着しやすくなります。",教材・参考書の選び方,"管理業務主任者試験の独学環境の整え方について、「教材・参考書の選び方」の観点で整理します。制度・数値・日程は年度や改正で変わるため、学習前と申込前には管理業務主任者試験センター（公式）の最新情報を確認してください。非公式まとめは参考程度にし、最終判断は必ず公式要項に置きます。

このサイトでは過去問・用語解説・比較表を組み合わせ、独学環境の整え方で迷った論点を解き直せます。間違えた問題は理由を短くメモし、関連用語で定義と選択肢の論点を確認してから同分野へ戻ると定着しやすくなります。",過去問で現在地を確認,"管理業務主任者試験の独学環境の整え方について、「過去問で現在地を確認」の観点で整理します。制度・数値・日程は年度や改正で変わるため、学習前と申込前には管理業務主任者試験センター（公式）の最新情報を確認してください。非公式まとめは参考程度にし、最終判断は必ず公式要項に置きます。

このサイトでは過去問・用語解説・比較表を組み合わせ、独学環境の整え方で迷った論点を解き直せます。間違えた問題は理由を短くメモし、関連用語で定義と選択肢の論点を確認してから同分野へ戻ると定着しやすくなります。",復習を計画に入れる,"管理業務主任者試験の独学環境の整え方について、「復習を計画に入れる」の観点で整理します。制度・数値・日程は年度や改正で変わるため、学習前と申込前には管理業務主任者試験センター（公式）の最新情報を確認してください。非公式まとめは参考程度にし、最終判断は必ず公式要項に置きます。

このサイトでは過去問・用語解説・比較表を組み合わせ、独学環境の整え方で迷った論点を解き直せます。間違えた問題は理由を短くメモし、関連用語で定義と選択肢の論点を確認してから同分野へ戻ると定着しやすくなります。",直前期の絞り込み,"管理業務主任者試験の独学環境の整え方について、「直前期の絞り込み」の観点で整理します。制度・数値・日程は年度や改正で変わるため、学習前と申込前には管理業務主任者試験センター（公式）の最新情報を確認してください。非公式まとめは参考程度にし、最終判断は必ず公式要項に置きます。

このサイトでは過去問・用語解説・比較表を組み合わせ、独学環境の整え方で迷った論点を解き直せます。間違えた問題は理由を短くメモし、関連用語で定義と選択肢の論点を確認してから同分野へ戻ると定着しやすくなります。",,,,,独学では何から始めればよいですか？,管理業務主任者試験の独学環境の整え方に関する質問「独学では何から始めればよいですか」について、まず公式要項で最新の制度を確認してください。本サイトでは過去問演習と用語解説で、独学環境の整え方の理解度を具体的に確かめられます。数値や期限は資格ごとに異なるため、本文の例は必ず公式情報と照合してください。,過去問だけで足りますか？,管理業務主任者試験の独学環境の整え方に関する質問「過去問だけで足りますか」について、まず公式要項で最新の制度を確認してください。本サイトでは過去問演習と用語解説で、独学環境の整え方の理解度を具体的に確かめられます。数値や期限は資格ごとに異なるため、本文の例は必ず公式情報と照合してください。,exam-overview:試験概要;study-plan:学習計画
self-study-motivation,独学対策,管理業務主任者試験の独学のモチベーション維持,管理業務主任者試験の独学のモチベーション維持について、公式情報の確認方法と学習の進め方を整理します。受験前に押さえるべきポイントと、このサイトでの演習・用語解説の活用法を解説します。,独学で合格を目指す場合は、教材を増やす前に出題範囲と復習の仕組みを決めておくことが大切です。,26,独学;教材;学習計画,管業マスター編集部,資格学習サイトの編集チーム,公式情報確認担当,公開前に一次情報との照合を行う担当者,2026-05-30,管理業務主任者試験センター（公式）|https://www.mankan.or.jp/,独学対策向けテンプレートから作成。公開前に本文・参照URL・関連リンクを差し替える。,本記事を読むと、管理業務主任者試験の独学のモチベーション維持について、公式情報で確認すべき点と、このサイトでの学習の進め方が分かります。読了後は行動チェックリストに沿って演習・用語確認まで進められる状態を目指します。,【行動1】;【行動2】;【行動3】,試験要項・公式ページ更新時に本文と参照元を見直す。,2026-05-30,2026-06-29,2026-05-30,published,ガイド記事テンプレート で 2026-05-30 作成。,独学前に公式情報を確認,"管理業務主任者試験の独学のモチベーション維持について、「独学前に公式情報を確認」の観点で整理します。制度・数値・日程は年度や改正で変わるため、学習前と申込前には管理業務主任者試験センター（公式）の最新情報を確認してください。非公式まとめは参考程度にし、最終判断は必ず公式要項に置きます。

このサイトでは過去問・用語解説・比較表を組み合わせ、独学のモチベーション維持で迷った論点を解き直せます。間違えた問題は理由を短くメモし、関連用語で定義と選択肢の論点を確認してから同分野へ戻ると定着しやすくなります。",教材・参考書の選び方,"管理業務主任者試験の独学のモチベーション維持について、「教材・参考書の選び方」の観点で整理します。制度・数値・日程は年度や改正で変わるため、学習前と申込前には管理業務主任者試験センター（公式）の最新情報を確認してください。非公式まとめは参考程度にし、最終判断は必ず公式要項に置きます。

このサイトでは過去問・用語解説・比較表を組み合わせ、独学のモチベーション維持で迷った論点を解き直せます。間違えた問題は理由を短くメモし、関連用語で定義と選択肢の論点を確認してから同分野へ戻ると定着しやすくなります。",過去問で現在地を確認,"管理業務主任者試験の独学のモチベーション維持について、「過去問で現在地を確認」の観点で整理します。制度・数値・日程は年度や改正で変わるため、学習前と申込前には管理業務主任者試験センター（公式）の最新情報を確認してください。非公式まとめは参考程度にし、最終判断は必ず公式要項に置きます。

このサイトでは過去問・用語解説・比較表を組み合わせ、独学のモチベーション維持で迷った論点を解き直せます。間違えた問題は理由を短くメモし、関連用語で定義と選択肢の論点を確認してから同分野へ戻ると定着しやすくなります。",復習を計画に入れる,"管理業務主任者試験の独学のモチベーション維持について、「復習を計画に入れる」の観点で整理します。制度・数値・日程は年度や改正で変わるため、学習前と申込前には管理業務主任者試験センター（公式）の最新情報を確認してください。非公式まとめは参考程度にし、最終判断は必ず公式要項に置きます。

このサイトでは過去問・用語解説・比較表を組み合わせ、独学のモチベーション維持で迷った論点を解き直せます。間違えた問題は理由を短くメモし、関連用語で定義と選択肢の論点を確認してから同分野へ戻ると定着しやすくなります。",直前期の絞り込み,"管理業務主任者試験の独学のモチベーション維持について、「直前期の絞り込み」の観点で整理します。制度・数値・日程は年度や改正で変わるため、学習前と申込前には管理業務主任者試験センター（公式）の最新情報を確認してください。非公式まとめは参考程度にし、最終判断は必ず公式要項に置きます。

このサイトでは過去問・用語解説・比較表を組み合わせ、独学のモチベーション維持で迷った論点を解き直せます。間違えた問題は理由を短くメモし、関連用語で定義と選択肢の論点を確認してから同分野へ戻ると定着しやすくなります。",,,,,独学では何から始めればよいですか？,管理業務主任者試験の独学のモチベーション維持に関する質問「独学では何から始めればよいですか」について、まず公式要項で最新の制度を確認してください。本サイトでは過去問演習と用語解説で、独学のモチベーション維持の理解度を具体的に確かめられます。数値や期限は資格ごとに異なるため、本文の例は必ず公式情報と照合してください。,過去問だけで足りますか？,管理業務主任者試験の独学のモチベーション維持に関する質問「過去問だけで足りますか」について、まず公式要項で最新の制度を確認してください。本サイトでは過去問演習と用語解説で、独学のモチベーション維持の理解度を具体的に確かめられます。数値や期限は資格ごとに異なるため、本文の例は必ず公式情報と照合してください。,exam-overview:試験概要;study-plan:学習計画
self-study-without-school,独学対策,管理業務主任者試験の資格学校なしの独学,管理業務主任者試験の資格学校なしの独学について、公式情報の確認方法と学習の進め方を整理します。受験前に押さえるべきポイントと、このサイトでの演習・用語解説の活用法を解説します。,独学で合格を目指す場合は、教材を増やす前に出題範囲と復習の仕組みを決めておくことが大切です。,26,独学;教材;学習計画,管業マスター編集部,資格学習サイトの編集チーム,公式情報確認担当,公開前に一次情報との照合を行う担当者,2026-05-30,管理業務主任者試験センター（公式）|https://www.mankan.or.jp/,独学対策向けテンプレートから作成。公開前に本文・参照URL・関連リンクを差し替える。,本記事を読むと、管理業務主任者試験の資格学校なしの独学について、公式情報で確認すべき点と、このサイトでの学習の進め方が分かります。読了後は行動チェックリストに沿って演習・用語確認まで進められる状態を目指します。,【行動1】;【行動2】;【行動3】,試験要項・公式ページ更新時に本文と参照元を見直す。,2026-05-30,2026-06-29,2026-05-30,published,ガイド記事テンプレート で 2026-05-30 作成。,独学前に公式情報を確認,"管理業務主任者試験の資格学校なしの独学について、「独学前に公式情報を確認」の観点で整理します。制度・数値・日程は年度や改正で変わるため、学習前と申込前には管理業務主任者試験センター（公式）の最新情報を確認してください。非公式まとめは参考程度にし、最終判断は必ず公式要項に置きます。

このサイトでは過去問・用語解説・比較表を組み合わせ、資格学校なしの独学で迷った論点を解き直せます。間違えた問題は理由を短くメモし、関連用語で定義と選択肢の論点を確認してから同分野へ戻ると定着しやすくなります。",教材・参考書の選び方,"管理業務主任者試験の資格学校なしの独学について、「教材・参考書の選び方」の観点で整理します。制度・数値・日程は年度や改正で変わるため、学習前と申込前には管理業務主任者試験センター（公式）の最新情報を確認してください。非公式まとめは参考程度にし、最終判断は必ず公式要項に置きます。

このサイトでは過去問・用語解説・比較表を組み合わせ、資格学校なしの独学で迷った論点を解き直せます。間違えた問題は理由を短くメモし、関連用語で定義と選択肢の論点を確認してから同分野へ戻ると定着しやすくなります。",過去問で現在地を確認,"管理業務主任者試験の資格学校なしの独学について、「過去問で現在地を確認」の観点で整理します。制度・数値・日程は年度や改正で変わるため、学習前と申込前には管理業務主任者試験センター（公式）の最新情報を確認してください。非公式まとめは参考程度にし、最終判断は必ず公式要項に置きます。

このサイトでは過去問・用語解説・比較表を組み合わせ、資格学校なしの独学で迷った論点を解き直せます。間違えた問題は理由を短くメモし、関連用語で定義と選択肢の論点を確認してから同分野へ戻ると定着しやすくなります。",復習を計画に入れる,"管理業務主任者試験の資格学校なしの独学について、「復習を計画に入れる」の観点で整理します。制度・数値・日程は年度や改正で変わるため、学習前と申込前には管理業務主任者試験センター（公式）の最新情報を確認してください。非公式まとめは参考程度にし、最終判断は必ず公式要項に置きます。

このサイトでは過去問・用語解説・比較表を組み合わせ、資格学校なしの独学で迷った論点を解き直せます。間違えた問題は理由を短くメモし、関連用語で定義と選択肢の論点を確認してから同分野へ戻ると定着しやすくなります。",直前期の絞り込み,"管理業務主任者試験の資格学校なしの独学について、「直前期の絞り込み」の観点で整理します。制度・数値・日程は年度や改正で変わるため、学習前と申込前には管理業務主任者試験センター（公式）の最新情報を確認してください。非公式まとめは参考程度にし、最終判断は必ず公式要項に置きます。

このサイトでは過去問・用語解説・比較表を組み合わせ、資格学校なしの独学で迷った論点を解き直せます。間違えた問題は理由を短くメモし、関連用語で定義と選択肢の論点を確認してから同分野へ戻ると定着しやすくなります。",,,,,独学では何から始めればよいですか？,管理業務主任者試験の資格学校なしの独学に関する質問「独学では何から始めればよいですか」について、まず公式要項で最新の制度を確認してください。本サイトでは過去問演習と用語解説で、資格学校なしの独学の理解度を具体的に確かめられます。数値や期限は資格ごとに異なるため、本文の例は必ず公式情報と照合してください。,過去問だけで足りますか？,管理業務主任者試験の資格学校なしの独学に関する質問「過去問だけで足りますか」について、まず公式要項で最新の制度を確認してください。本サイトでは過去問演習と用語解説で、資格学校なしの独学の理解度を具体的に確かめられます。数値や期限は資格ごとに異なるため、本文の例は必ず公式情報と照合してください。,exam-overview:試験概要;study-plan:学習計画
textbook-selection,独学対策,管理業務主任者試験のテキストの選び方,管理業務主任者試験のテキストの選び方について、公式情報の確認方法と学習の進め方を整理します。受験前に押さえるべきポイントと、このサイトでの演習・用語解説の活用法を解説します。,独学で合格を目指す場合は、教材を増やす前に出題範囲と復習の仕組みを決めておくことが大切です。,26,独学;教材;学習計画,管業マスター編集部,資格学習サイトの編集チーム,公式情報確認担当,公開前に一次情報との照合を行う担当者,2026-05-30,管理業務主任者試験センター（公式）|https://www.mankan.or.jp/,独学対策向けテンプレートから作成。公開前に本文・参照URL・関連リンクを差し替える。,本記事を読むと、管理業務主任者試験のテキストの選び方について、公式情報で確認すべき点と、このサイトでの学習の進め方が分かります。読了後は行動チェックリストに沿って演習・用語確認まで進められる状態を目指します。,【行動1】;【行動2】;【行動3】,試験要項・公式ページ更新時に本文と参照元を見直す。,2026-05-30,2026-06-29,2026-05-30,published,ガイド記事テンプレート で 2026-05-30 作成。,独学前に公式情報を確認,"管理業務主任者試験のテキストの選び方について、「独学前に公式情報を確認」の観点で整理します。制度・数値・日程は年度や改正で変わるため、学習前と申込前には管理業務主任者試験センター（公式）の最新情報を確認してください。非公式まとめは参考程度にし、最終判断は必ず公式要項に置きます。

このサイトでは過去問・用語解説・比較表を組み合わせ、テキストの選び方で迷った論点を解き直せます。間違えた問題は理由を短くメモし、関連用語で定義と選択肢の論点を確認してから同分野へ戻ると定着しやすくなります。",教材・参考書の選び方,"管理業務主任者試験のテキストの選び方について、「教材・参考書の選び方」の観点で整理します。制度・数値・日程は年度や改正で変わるため、学習前と申込前には管理業務主任者試験センター（公式）の最新情報を確認してください。非公式まとめは参考程度にし、最終判断は必ず公式要項に置きます。

このサイトでは過去問・用語解説・比較表を組み合わせ、テキストの選び方で迷った論点を解き直せます。間違えた問題は理由を短くメモし、関連用語で定義と選択肢の論点を確認してから同分野へ戻ると定着しやすくなります。",過去問で現在地を確認,"管理業務主任者試験のテキストの選び方について、「過去問で現在地を確認」の観点で整理します。制度・数値・日程は年度や改正で変わるため、学習前と申込前には管理業務主任者試験センター（公式）の最新情報を確認してください。非公式まとめは参考程度にし、最終判断は必ず公式要項に置きます。

このサイトでは過去問・用語解説・比較表を組み合わせ、テキストの選び方で迷った論点を解き直せます。間違えた問題は理由を短くメモし、関連用語で定義と選択肢の論点を確認してから同分野へ戻ると定着しやすくなります。",復習を計画に入れる,"管理業務主任者試験のテキストの選び方について、「復習を計画に入れる」の観点で整理します。制度・数値・日程は年度や改正で変わるため、学習前と申込前には管理業務主任者試験センター（公式）の最新情報を確認してください。非公式まとめは参考程度にし、最終判断は必ず公式要項に置きます。

このサイトでは過去問・用語解説・比較表を組み合わせ、テキストの選び方で迷った論点を解き直せます。間違えた問題は理由を短くメモし、関連用語で定義と選択肢の論点を確認してから同分野へ戻ると定着しやすくなります。",直前期の絞り込み,"管理業務主任者試験のテキストの選び方について、「直前期の絞り込み」の観点で整理します。制度・数値・日程は年度や改正で変わるため、学習前と申込前には管理業務主任者試験センター（公式）の最新情報を確認してください。非公式まとめは参考程度にし、最終判断は必ず公式要項に置きます。

このサイトでは過去問・用語解説・比較表を組み合わせ、テキストの選び方で迷った論点を解き直せます。間違えた問題は理由を短くメモし、関連用語で定義と選択肢の論点を確認してから同分野へ戻ると定着しやすくなります。",,,,,独学では何から始めればよいですか？,管理業務主任者試験のテキストの選び方に関する質問「独学では何から始めればよいですか」について、まず公式要項で最新の制度を確認してください。本サイトでは過去問演習と用語解説で、テキストの選び方の理解度を具体的に確かめられます。数値や期限は資格ごとに異なるため、本文の例は必ず公式情報と照合してください。,過去問だけで足りますか？,管理業務主任者試験のテキストの選び方に関する質問「過去問だけで足りますか」について、まず公式要項で最新の制度を確認してください。本サイトでは過去問演習と用語解説で、テキストの選び方の理解度を具体的に確かめられます。数値や期限は資格ごとに異なるため、本文の例は必ず公式情報と照合してください。,exam-overview:試験概要;study-plan:学習計画
problem-book-selection,独学対策,管理業務主任者試験の問題集の選び方,管理業務主任者試験の問題集の選び方について、公式情報の確認方法と学習の進め方を整理します。受験前に押さえるべきポイントと、このサイトでの演習・用語解説の活用法を解説します。,独学で合格を目指す場合は、教材を増やす前に出題範囲と復習の仕組みを決めておくことが大切です。,26,独学;教材;学習計画,管業マスター編集部,資格学習サイトの編集チーム,公式情報確認担当,公開前に一次情報との照合を行う担当者,2026-05-30,管理業務主任者試験センター（公式）|https://www.mankan.or.jp/,独学対策向けテンプレートから作成。公開前に本文・参照URL・関連リンクを差し替える。,本記事を読むと、管理業務主任者試験の問題集の選び方について、公式情報で確認すべき点と、このサイトでの学習の進め方が分かります。読了後は行動チェックリストに沿って演習・用語確認まで進められる状態を目指します。,【行動1】;【行動2】;【行動3】,試験要項・公式ページ更新時に本文と参照元を見直す。,2026-05-30,2026-06-29,2026-05-30,published,ガイド記事テンプレート で 2026-05-30 作成。,独学前に公式情報を確認,"管理業務主任者試験の問題集の選び方について、「独学前に公式情報を確認」の観点で整理します。制度・数値・日程は年度や改正で変わるため、学習前と申込前には管理業務主任者試験センター（公式）の最新情報を確認してください。非公式まとめは参考程度にし、最終判断は必ず公式要項に置きます。

このサイトでは過去問・用語解説・比較表を組み合わせ、問題集の選び方で迷った論点を解き直せます。間違えた問題は理由を短くメモし、関連用語で定義と選択肢の論点を確認してから同分野へ戻ると定着しやすくなります。",教材・参考書の選び方,"管理業務主任者試験の問題集の選び方について、「教材・参考書の選び方」の観点で整理します。制度・数値・日程は年度や改正で変わるため、学習前と申込前には管理業務主任者試験センター（公式）の最新情報を確認してください。非公式まとめは参考程度にし、最終判断は必ず公式要項に置きます。

このサイトでは過去問・用語解説・比較表を組み合わせ、問題集の選び方で迷った論点を解き直せます。間違えた問題は理由を短くメモし、関連用語で定義と選択肢の論点を確認してから同分野へ戻ると定着しやすくなります。",過去問で現在地を確認,"管理業務主任者試験の問題集の選び方について、「過去問で現在地を確認」の観点で整理します。制度・数値・日程は年度や改正で変わるため、学習前と申込前には管理業務主任者試験センター（公式）の最新情報を確認してください。非公式まとめは参考程度にし、最終判断は必ず公式要項に置きます。

このサイトでは過去問・用語解説・比較表を組み合わせ、問題集の選び方で迷った論点を解き直せます。間違えた問題は理由を短くメモし、関連用語で定義と選択肢の論点を確認してから同分野へ戻ると定着しやすくなります。",復習を計画に入れる,"管理業務主任者試験の問題集の選び方について、「復習を計画に入れる」の観点で整理します。制度・数値・日程は年度や改正で変わるため、学習前と申込前には管理業務主任者試験センター（公式）の最新情報を確認してください。非公式まとめは参考程度にし、最終判断は必ず公式要項に置きます。

このサイトでは過去問・用語解説・比較表を組み合わせ、問題集の選び方で迷った論点を解き直せます。間違えた問題は理由を短くメモし、関連用語で定義と選択肢の論点を確認してから同分野へ戻ると定着しやすくなります。",直前期の絞り込み,"管理業務主任者試験の問題集の選び方について、「直前期の絞り込み」の観点で整理します。制度・数値・日程は年度や改正で変わるため、学習前と申込前には管理業務主任者試験センター（公式）の最新情報を確認してください。非公式まとめは参考程度にし、最終判断は必ず公式要項に置きます。

このサイトでは過去問・用語解説・比較表を組み合わせ、問題集の選び方で迷った論点を解き直せます。間違えた問題は理由を短くメモし、関連用語で定義と選択肢の論点を確認してから同分野へ戻ると定着しやすくなります。",,,,,独学では何から始めればよいですか？,管理業務主任者試験の問題集の選び方に関する質問「独学では何から始めればよいですか」について、まず公式要項で最新の制度を確認してください。本サイトでは過去問演習と用語解説で、問題集の選び方の理解度を具体的に確かめられます。数値や期限は資格ごとに異なるため、本文の例は必ず公式情報と照合してください。,過去問だけで足りますか？,管理業務主任者試験の問題集の選び方に関する質問「過去問だけで足りますか」について、まず公式要項で最新の制度を確認してください。本サイトでは過去問演習と用語解説で、問題集の選び方の理解度を具体的に確かめられます。数値や期限は資格ごとに異なるため、本文の例は必ず公式情報と照合してください。,exam-overview:試験概要;study-plan:学習計画
correspondence-course-guide,独学対策,管理業務主任者試験の通信講座の選び方,管理業務主任者試験の通信講座の選び方について、公式情報の確認方法と学習の進め方を整理します。受験前に押さえるべきポイントと、このサイトでの演習・用語解説の活用法を解説します。,独学で合格を目指す場合は、教材を増やす前に出題範囲と復習の仕組みを決めておくことが大切です。,26,独学;教材;学習計画,管業マスター編集部,資格学習サイトの編集チーム,公式情報確認担当,公開前に一次情報との照合を行う担当者,2026-05-30,管理業務主任者試験センター（公式）|https://www.mankan.or.jp/,独学対策向けテンプレートから作成。公開前に本文・参照URL・関連リンクを差し替える。,本記事を読むと、管理業務主任者試験の通信講座の選び方について、公式情報で確認すべき点と、このサイトでの学習の進め方が分かります。読了後は行動チェックリストに沿って演習・用語確認まで進められる状態を目指します。,【行動1】;【行動2】;【行動3】,試験要項・公式ページ更新時に本文と参照元を見直す。,2026-05-30,2026-06-29,2026-05-30,published,ガイド記事テンプレート で 2026-05-30 作成。,独学前に公式情報を確認,"管理業務主任者試験の通信講座の選び方について、「独学前に公式情報を確認」の観点で整理します。制度・数値・日程は年度や改正で変わるため、学習前と申込前には管理業務主任者試験センター（公式）の最新情報を確認してください。非公式まとめは参考程度にし、最終判断は必ず公式要項に置きます。

このサイトでは過去問・用語解説・比較表を組み合わせ、通信講座の選び方で迷った論点を解き直せます。間違えた問題は理由を短くメモし、関連用語で定義と選択肢の論点を確認してから同分野へ戻ると定着しやすくなります。",教材・参考書の選び方,"管理業務主任者試験の通信講座の選び方について、「教材・参考書の選び方」の観点で整理します。制度・数値・日程は年度や改正で変わるため、学習前と申込前には管理業務主任者試験センター（公式）の最新情報を確認してください。非公式まとめは参考程度にし、最終判断は必ず公式要項に置きます。

このサイトでは過去問・用語解説・比較表を組み合わせ、通信講座の選び方で迷った論点を解き直せます。間違えた問題は理由を短くメモし、関連用語で定義と選択肢の論点を確認してから同分野へ戻ると定着しやすくなります。",過去問で現在地を確認,"管理業務主任者試験の通信講座の選び方について、「過去問で現在地を確認」の観点で整理します。制度・数値・日程は年度や改正で変わるため、学習前と申込前には管理業務主任者試験センター（公式）の最新情報を確認してください。非公式まとめは参考程度にし、最終判断は必ず公式要項に置きます。

このサイトでは過去問・用語解説・比較表を組み合わせ、通信講座の選び方で迷った論点を解き直せます。間違えた問題は理由を短くメモし、関連用語で定義と選択肢の論点を確認してから同分野へ戻ると定着しやすくなります。",復習を計画に入れる,"管理業務主任者試験の通信講座の選び方について、「復習を計画に入れる」の観点で整理します。制度・数値・日程は年度や改正で変わるため、学習前と申込前には管理業務主任者試験センター（公式）の最新情報を確認してください。非公式まとめは参考程度にし、最終判断は必ず公式要項に置きます。

このサイトでは過去問・用語解説・比較表を組み合わせ、通信講座の選び方で迷った論点を解き直せます。間違えた問題は理由を短くメモし、関連用語で定義と選択肢の論点を確認してから同分野へ戻ると定着しやすくなります。",直前期の絞り込み,"管理業務主任者試験の通信講座の選び方について、「直前期の絞り込み」の観点で整理します。制度・数値・日程は年度や改正で変わるため、学習前と申込前には管理業務主任者試験センター（公式）の最新情報を確認してください。非公式まとめは参考程度にし、最終判断は必ず公式要項に置きます。

このサイトでは過去問・用語解説・比較表を組み合わせ、通信講座の選び方で迷った論点を解き直せます。間違えた問題は理由を短くメモし、関連用語で定義と選択肢の論点を確認してから同分野へ戻ると定着しやすくなります。",,,,,独学では何から始めればよいですか？,管理業務主任者試験の通信講座の選び方に関する質問「独学では何から始めればよいですか」について、まず公式要項で最新の制度を確認してください。本サイトでは過去問演習と用語解説で、通信講座の選び方の理解度を具体的に確かめられます。数値や期限は資格ごとに異なるため、本文の例は必ず公式情報と照合してください。,過去問だけで足りますか？,管理業務主任者試験の通信講座の選び方に関する質問「過去問だけで足りますか」について、まず公式要項で最新の制度を確認してください。本サイトでは過去問演習と用語解説で、通信講座の選び方の理解度を具体的に確かめられます。数値や期限は資格ごとに異なるため、本文の例は必ず公式情報と照合してください。,exam-overview:試験概要;study-plan:学習計画
free-materials-online,独学対策,管理業務主任者試験の無料教材の活用,管理業務主任者試験の無料教材の活用について、公式情報の確認方法と学習の進め方を整理します。受験前に押さえるべきポイントと、このサイトでの演習・用語解説の活用法を解説します。,独学で合格を目指す場合は、教材を増やす前に出題範囲と復習の仕組みを決めておくことが大切です。,26,独学;教材;学習計画,管業マスター編集部,資格学習サイトの編集チーム,公式情報確認担当,公開前に一次情報との照合を行う担当者,2026-05-30,管理業務主任者試験センター（公式）|https://www.mankan.or.jp/,独学対策向けテンプレートから作成。公開前に本文・参照URL・関連リンクを差し替える。,本記事を読むと、管理業務主任者試験の無料教材の活用について、公式情報で確認すべき点と、このサイトでの学習の進め方が分かります。読了後は行動チェックリストに沿って演習・用語確認まで進められる状態を目指します。,【行動1】;【行動2】;【行動3】,試験要項・公式ページ更新時に本文と参照元を見直す。,2026-05-30,2026-06-29,2026-05-30,published,ガイド記事テンプレート で 2026-05-30 作成。,独学前に公式情報を確認,"管理業務主任者試験の無料教材の活用について、「独学前に公式情報を確認」の観点で整理します。制度・数値・日程は年度や改正で変わるため、学習前と申込前には管理業務主任者試験センター（公式）の最新情報を確認してください。非公式まとめは参考程度にし、最終判断は必ず公式要項に置きます。

このサイトでは過去問・用語解説・比較表を組み合わせ、無料教材の活用で迷った論点を解き直せます。間違えた問題は理由を短くメモし、関連用語で定義と選択肢の論点を確認してから同分野へ戻ると定着しやすくなります。",教材・参考書の選び方,"管理業務主任者試験の無料教材の活用について、「教材・参考書の選び方」の観点で整理します。制度・数値・日程は年度や改正で変わるため、学習前と申込前には管理業務主任者試験センター（公式）の最新情報を確認してください。非公式まとめは参考程度にし、最終判断は必ず公式要項に置きます。

このサイトでは過去問・用語解説・比較表を組み合わせ、無料教材の活用で迷った論点を解き直せます。間違えた問題は理由を短くメモし、関連用語で定義と選択肢の論点を確認してから同分野へ戻ると定着しやすくなります。",過去問で現在地を確認,"管理業務主任者試験の無料教材の活用について、「過去問で現在地を確認」の観点で整理します。制度・数値・日程は年度や改正で変わるため、学習前と申込前には管理業務主任者試験センター（公式）の最新情報を確認してください。非公式まとめは参考程度にし、最終判断は必ず公式要項に置きます。

このサイトでは過去問・用語解説・比較表を組み合わせ、無料教材の活用で迷った論点を解き直せます。間違えた問題は理由を短くメモし、関連用語で定義と選択肢の論点を確認してから同分野へ戻ると定着しやすくなります。",復習を計画に入れる,"管理業務主任者試験の無料教材の活用について、「復習を計画に入れる」の観点で整理します。制度・数値・日程は年度や改正で変わるため、学習前と申込前には管理業務主任者試験センター（公式）の最新情報を確認してください。非公式まとめは参考程度にし、最終判断は必ず公式要項に置きます。

このサイトでは過去問・用語解説・比較表を組み合わせ、無料教材の活用で迷った論点を解き直せます。間違えた問題は理由を短くメモし、関連用語で定義と選択肢の論点を確認してから同分野へ戻ると定着しやすくなります。",直前期の絞り込み,"管理業務主任者試験の無料教材の活用について、「直前期の絞り込み」の観点で整理します。制度・数値・日程は年度や改正で変わるため、学習前と申込前には管理業務主任者試験センター（公式）の最新情報を確認してください。非公式まとめは参考程度にし、最終判断は必ず公式要項に置きます。

このサイトでは過去問・用語解説・比較表を組み合わせ、無料教材の活用で迷った論点を解き直せます。間違えた問題は理由を短くメモし、関連用語で定義と選択肢の論点を確認してから同分野へ戻ると定着しやすくなります。",,,,,独学では何から始めればよいですか？,管理業務主任者試験の無料教材の活用に関する質問「独学では何から始めればよいですか」について、まず公式要項で最新の制度を確認してください。本サイトでは過去問演習と用語解説で、無料教材の活用の理解度を具体的に確かめられます。数値や期限は資格ごとに異なるため、本文の例は必ず公式情報と照合してください。,過去問だけで足りますか？,管理業務主任者試験の無料教材の活用に関する質問「過去問だけで足りますか」について、まず公式要項で最新の制度を確認してください。本サイトでは過去問演習と用語解説で、無料教材の活用の理解度を具体的に確かめられます。数値や期限は資格ごとに異なるため、本文の例は必ず公式情報と照合してください。,exam-overview:試験概要;study-plan:学習計画
textbook-vs-past-questions,独学対策,管理業務主任者試験のテキストと過去問の優先順位,管理業務主任者試験のテキストと過去問の優先順位について、公式情報の確認方法と学習の進め方を整理します。受験前に押さえるべきポイントと、このサイトでの演習・用語解説の活用法を解説します。,独学で合格を目指す場合は、教材を増やす前に出題範囲と復習の仕組みを決めておくことが大切です。,26,独学;教材;学習計画,管業マスター編集部,資格学習サイトの編集チーム,公式情報確認担当,公開前に一次情報との照合を行う担当者,2026-05-30,管理業務主任者試験センター（公式）|https://www.mankan.or.jp/,独学対策向けテンプレートから作成。公開前に本文・参照URL・関連リンクを差し替える。,本記事を読むと、管理業務主任者試験のテキストと過去問の優先順位について、公式情報で確認すべき点と、このサイトでの学習の進め方が分かります。読了後は行動チェックリストに沿って演習・用語確認まで進められる状態を目指します。,【行動1】;【行動2】;【行動3】,試験要項・公式ページ更新時に本文と参照元を見直す。,2026-05-30,2026-06-29,2026-05-30,published,ガイド記事テンプレート で 2026-05-30 作成。,独学前に公式情報を確認,"管理業務主任者試験のテキストと過去問の優先順位について、「独学前に公式情報を確認」の観点で整理します。制度・数値・日程は年度や改正で変わるため、学習前と申込前には管理業務主任者試験センター（公式）の最新情報を確認してください。非公式まとめは参考程度にし、最終判断は必ず公式要項に置きます。

このサイトでは過去問・用語解説・比較表を組み合わせ、テキストと過去問の優先順位で迷った論点を解き直せます。間違えた問題は理由を短くメモし、関連用語で定義と選択肢の論点を確認してから同分野へ戻ると定着しやすくなります。",教材・参考書の選び方,"管理業務主任者試験のテキストと過去問の優先順位について、「教材・参考書の選び方」の観点で整理します。制度・数値・日程は年度や改正で変わるため、学習前と申込前には管理業務主任者試験センター（公式）の最新情報を確認してください。非公式まとめは参考程度にし、最終判断は必ず公式要項に置きます。

このサイトでは過去問・用語解説・比較表を組み合わせ、テキストと過去問の優先順位で迷った論点を解き直せます。間違えた問題は理由を短くメモし、関連用語で定義と選択肢の論点を確認してから同分野へ戻ると定着しやすくなります。",過去問で現在地を確認,"管理業務主任者試験のテキストと過去問の優先順位について、「過去問で現在地を確認」の観点で整理します。制度・数値・日程は年度や改正で変わるため、学習前と申込前には管理業務主任者試験センター（公式）の最新情報を確認してください。非公式まとめは参考程度にし、最終判断は必ず公式要項に置きます。

このサイトでは過去問・用語解説・比較表を組み合わせ、テキストと過去問の優先順位で迷った論点を解き直せます。間違えた問題は理由を短くメモし、関連用語で定義と選択肢の論点を確認してから同分野へ戻ると定着しやすくなります。",復習を計画に入れる,"管理業務主任者試験のテキストと過去問の優先順位について、「復習を計画に入れる」の観点で整理します。制度・数値・日程は年度や改正で変わるため、学習前と申込前には管理業務主任者試験センター（公式）の最新情報を確認してください。非公式まとめは参考程度にし、最終判断は必ず公式要項に置きます。

このサイトでは過去問・用語解説・比較表を組み合わせ、テキストと過去問の優先順位で迷った論点を解き直せます。間違えた問題は理由を短くメモし、関連用語で定義と選択肢の論点を確認してから同分野へ戻ると定着しやすくなります。",直前期の絞り込み,"管理業務主任者試験のテキストと過去問の優先順位について、「直前期の絞り込み」の観点で整理します。制度・数値・日程は年度や改正で変わるため、学習前と申込前には管理業務主任者試験センター（公式）の最新情報を確認してください。非公式まとめは参考程度にし、最終判断は必ず公式要項に置きます。

このサイトでは過去問・用語解説・比較表を組み合わせ、テキストと過去問の優先順位で迷った論点を解き直せます。間違えた問題は理由を短くメモし、関連用語で定義と選択肢の論点を確認してから同分野へ戻ると定着しやすくなります。",,,,,独学では何から始めればよいですか？,管理業務主任者試験のテキストと過去問の優先順位に関する質問「独学では何から始めればよいですか」について、まず公式要項で最新の制度を確認してください。本サイトでは過去問演習と用語解説で、テキストと過去問の優先順位の理解度を具体的に確かめられます。数値や期限は資格ごとに異なるため、本文の例は必ず公式情報と照合してください。,過去問だけで足りますか？,管理業務主任者試験のテキストと過去問の優先順位に関する質問「過去問だけで足りますか」について、まず公式要項で最新の制度を確認してください。本サイトでは過去問演習と用語解説で、テキストと過去問の優先順位の理解度を具体的に確かめられます。数値や期限は資格ごとに異なるため、本文の例は必ず公式情報と照合してください。,exam-overview:試験概要;study-plan:学習計画
material-update-cycle,独学対策,管理業務主任者試験の教材の版・年度更新,管理業務主任者試験の教材の版・年度更新について、公式情報の確認方法と学習の進め方を整理します。受験前に押さえるべきポイントと、このサイトでの演習・用語解説の活用法を解説します。,独学で合格を目指す場合は、教材を増やす前に出題範囲と復習の仕組みを決めておくことが大切です。,26,独学;教材;学習計画,管業マスター編集部,資格学習サイトの編集チーム,公式情報確認担当,公開前に一次情報との照合を行う担当者,2026-05-30,管理業務主任者試験センター（公式）|https://www.mankan.or.jp/,独学対策向けテンプレートから作成。公開前に本文・参照URL・関連リンクを差し替える。,本記事を読むと、管理業務主任者試験の教材の版・年度更新について、公式情報で確認すべき点と、このサイトでの学習の進め方が分かります。読了後は行動チェックリストに沿って演習・用語確認まで進められる状態を目指します。,【行動1】;【行動2】;【行動3】,試験要項・公式ページ更新時に本文と参照元を見直す。,2026-05-30,2026-06-29,2026-05-30,published,ガイド記事テンプレート で 2026-05-30 作成。,独学前に公式情報を確認,"管理業務主任者試験の教材の版・年度更新について、「独学前に公式情報を確認」の観点で整理します。制度・数値・日程は年度や改正で変わるため、学習前と申込前には管理業務主任者試験センター（公式）の最新情報を確認してください。非公式まとめは参考程度にし、最終判断は必ず公式要項に置きます。

このサイトでは過去問・用語解説・比較表を組み合わせ、教材の版・年度更新で迷った論点を解き直せます。間違えた問題は理由を短くメモし、関連用語で定義と選択肢の論点を確認してから同分野へ戻ると定着しやすくなります。",教材・参考書の選び方,"管理業務主任者試験の教材の版・年度更新について、「教材・参考書の選び方」の観点で整理します。制度・数値・日程は年度や改正で変わるため、学習前と申込前には管理業務主任者試験センター（公式）の最新情報を確認してください。非公式まとめは参考程度にし、最終判断は必ず公式要項に置きます。

このサイトでは過去問・用語解説・比較表を組み合わせ、教材の版・年度更新で迷った論点を解き直せます。間違えた問題は理由を短くメモし、関連用語で定義と選択肢の論点を確認してから同分野へ戻ると定着しやすくなります。",過去問で現在地を確認,"管理業務主任者試験の教材の版・年度更新について、「過去問で現在地を確認」の観点で整理します。制度・数値・日程は年度や改正で変わるため、学習前と申込前には管理業務主任者試験センター（公式）の最新情報を確認してください。非公式まとめは参考程度にし、最終判断は必ず公式要項に置きます。

このサイトでは過去問・用語解説・比較表を組み合わせ、教材の版・年度更新で迷った論点を解き直せます。間違えた問題は理由を短くメモし、関連用語で定義と選択肢の論点を確認してから同分野へ戻ると定着しやすくなります。",復習を計画に入れる,"管理業務主任者試験の教材の版・年度更新について、「復習を計画に入れる」の観点で整理します。制度・数値・日程は年度や改正で変わるため、学習前と申込前には管理業務主任者試験センター（公式）の最新情報を確認してください。非公式まとめは参考程度にし、最終判断は必ず公式要項に置きます。

このサイトでは過去問・用語解説・比較表を組み合わせ、教材の版・年度更新で迷った論点を解き直せます。間違えた問題は理由を短くメモし、関連用語で定義と選択肢の論点を確認してから同分野へ戻ると定着しやすくなります。",直前期の絞り込み,"管理業務主任者試験の教材の版・年度更新について、「直前期の絞り込み」の観点で整理します。制度・数値・日程は年度や改正で変わるため、学習前と申込前には管理業務主任者試験センター（公式）の最新情報を確認してください。非公式まとめは参考程度にし、最終判断は必ず公式要項に置きます。

このサイトでは過去問・用語解説・比較表を組み合わせ、教材の版・年度更新で迷った論点を解き直せます。間違えた問題は理由を短くメモし、関連用語で定義と選択肢の論点を確認してから同分野へ戻ると定着しやすくなります。",,,,,独学では何から始めればよいですか？,管理業務主任者試験の教材の版・年度更新に関する質問「独学では何から始めればよいですか」について、まず公式要項で最新の制度を確認してください。本サイトでは過去問演習と用語解説で、教材の版・年度更新の理解度を具体的に確かめられます。数値や期限は資格ごとに異なるため、本文の例は必ず公式情報と照合してください。,過去問だけで足りますか？,管理業務主任者試験の教材の版・年度更新に関する質問「過去問だけで足りますか」について、まず公式要項で最新の制度を確認してください。本サイトでは過去問演習と用語解説で、教材の版・年度更新の理解度を具体的に確かめられます。数値や期限は資格ごとに異なるため、本文の例は必ず公式情報と照合してください。,exam-overview:試験概要;study-plan:学習計画
past-questions-by-year,過去問活用,管理業務主任者試験の年度別過去問の解き方,管理業務主任者試験の年度別過去問の解き方について、公式情報の確認方法と学習の進め方を整理します。受験前に押さえるべきポイントと、このサイトでの演習・用語解説の活用法を解説します。,過去問と模試は出題傾向を知るだけでなく、理解が曖昧な分野を見つける材料です。,30,過去問;模試;復習,管業マスター編集部,資格学習サイトの編集チーム,公式情報確認担当,公開前に一次情報との照合を行う担当者,2026-05-30,管理業務主任者試験センター（公式）|https://www.mankan.or.jp/,過去問活用向けテンプレートから作成。公開前に本文・参照URL・関連リンクを差し替える。,本記事を読むと、管理業務主任者試験の年度別過去問の解き方について、公式情報で確認すべき点と、このサイトでの学習の進め方が分かります。読了後は行動チェックリストに沿って演習・用語確認まで進められる状態を目指します。,【行動1】;【行動2】;【行動3】,試験要項・公式ページ更新時に本文と参照元を見直す。,2026-05-30,2026-06-29,2026-05-30,published,ガイド記事テンプレート で 2026-05-30 作成。,最初は年度別に解く,"管理業務主任者試験の年度別過去問の解き方について、「最初は年度別に解く」の観点で整理します。制度・数値・日程は年度や改正で変わるため、学習前と申込前には管理業務主任者試験センター（公式）の最新情報を確認してください。非公式まとめは参考程度にし、最終判断は必ず公式要項に置きます。

このサイトでは過去問・用語解説・比較表を組み合わせ、年度別過去問の解き方で迷った論点を解き直せます。間違えた問題は理由を短くメモし、関連用語で定義と選択肢の論点を確認してから同分野へ戻ると定着しやすくなります。",模試・一問一答の位置づけ,"管理業務主任者試験の年度別過去問の解き方について、「模試・一問一答の位置づけ」の観点で整理します。制度・数値・日程は年度や改正で変わるため、学習前と申込前には管理業務主任者試験センター（公式）の最新情報を確認してください。非公式まとめは参考程度にし、最終判断は必ず公式要項に置きます。

このサイトでは過去問・用語解説・比較表を組み合わせ、年度別過去問の解き方で迷った論点を解き直せます。間違えた問題は理由を短くメモし、関連用語で定義と選択肢の論点を確認してから同分野へ戻ると定着しやすくなります。",間違いの理由を分類する,"管理業務主任者試験の年度別過去問の解き方について、「間違いの理由を分類する」の観点で整理します。制度・数値・日程は年度や改正で変わるため、学習前と申込前には管理業務主任者試験センター（公式）の最新情報を確認してください。非公式まとめは参考程度にし、最終判断は必ず公式要項に置きます。

このサイトでは過去問・用語解説・比較表を組み合わせ、年度別過去問の解き方で迷った論点を解き直せます。間違えた問題は理由を短くメモし、関連用語で定義と選択肢の論点を確認してから同分野へ戻ると定着しやすくなります。",解き直しのタイミング,"管理業務主任者試験の年度別過去問の解き方について、「解き直しのタイミング」の観点で整理します。制度・数値・日程は年度や改正で変わるため、学習前と申込前には管理業務主任者試験センター（公式）の最新情報を確認してください。非公式まとめは参考程度にし、最終判断は必ず公式要項に置きます。

このサイトでは過去問・用語解説・比較表を組み合わせ、年度別過去問の解き方で迷った論点を解き直せます。間違えた問題は理由を短くメモし、関連用語で定義と選択肢の論点を確認してから同分野へ戻ると定着しやすくなります。",用語・分野別学習へ戻る,"管理業務主任者試験の年度別過去問の解き方について、「用語・分野別学習へ戻る」の観点で整理します。制度・数値・日程は年度や改正で変わるため、学習前と申込前には管理業務主任者試験センター（公式）の最新情報を確認してください。非公式まとめは参考程度にし、最終判断は必ず公式要項に置きます。

このサイトでは過去問・用語解説・比較表を組み合わせ、年度別過去問の解き方で迷った論点を解き直せます。間違えた問題は理由を短くメモし、関連用語で定義と選択肢の論点を確認してから同分野へ戻ると定着しやすくなります。",,,,,過去問だけで合格できますか？,管理業務主任者試験の年度別過去問の解き方に関する質問「過去問だけで合格できますか」について、まず公式要項で最新の制度を確認してください。本サイトでは過去問演習と用語解説で、年度別過去問の解き方の理解度を具体的に確かめられます。数値や期限は資格ごとに異なるため、本文の例は必ず公式情報と照合してください。,復習では何を見ればよいですか？,管理業務主任者試験の年度別過去問の解き方に関する質問「復習では何を見ればよいですか」について、まず公式要項で最新の制度を確認してください。本サイトでは過去問演習と用語解説で、年度別過去問の解き方の理解度を具体的に確かめられます。数値や期限は資格ごとに異なるため、本文の例は必ず公式情報と照合してください。,study-plan:学習計画;glossary-how-to:用語ハブ活用法
past-questions-by-field,過去問活用,管理業務主任者試験の分野別過去問の解き方,管理業務主任者試験の分野別過去問の解き方について、公式情報の確認方法と学習の進め方を整理します。受験前に押さえるべきポイントと、このサイトでの演習・用語解説の活用法を解説します。,過去問と模試は出題傾向を知るだけでなく、理解が曖昧な分野を見つける材料です。,30,過去問;模試;復習,管業マスター編集部,資格学習サイトの編集チーム,公式情報確認担当,公開前に一次情報との照合を行う担当者,2026-05-30,管理業務主任者試験センター（公式）|https://www.mankan.or.jp/,過去問活用向けテンプレートから作成。公開前に本文・参照URL・関連リンクを差し替える。,本記事を読むと、管理業務主任者試験の分野別過去問の解き方について、公式情報で確認すべき点と、このサイトでの学習の進め方が分かります。読了後は行動チェックリストに沿って演習・用語確認まで進められる状態を目指します。,【行動1】;【行動2】;【行動3】,試験要項・公式ページ更新時に本文と参照元を見直す。,2026-05-30,2026-06-29,2026-05-30,published,ガイド記事テンプレート で 2026-05-30 作成。,最初は年度別に解く,"管理業務主任者試験の分野別過去問の解き方について、「最初は年度別に解く」の観点で整理します。制度・数値・日程は年度や改正で変わるため、学習前と申込前には管理業務主任者試験センター（公式）の最新情報を確認してください。非公式まとめは参考程度にし、最終判断は必ず公式要項に置きます。

このサイトでは過去問・用語解説・比較表を組み合わせ、分野別過去問の解き方で迷った論点を解き直せます。間違えた問題は理由を短くメモし、関連用語で定義と選択肢の論点を確認してから同分野へ戻ると定着しやすくなります。",模試・一問一答の位置づけ,"管理業務主任者試験の分野別過去問の解き方について、「模試・一問一答の位置づけ」の観点で整理します。制度・数値・日程は年度や改正で変わるため、学習前と申込前には管理業務主任者試験センター（公式）の最新情報を確認してください。非公式まとめは参考程度にし、最終判断は必ず公式要項に置きます。

このサイトでは過去問・用語解説・比較表を組み合わせ、分野別過去問の解き方で迷った論点を解き直せます。間違えた問題は理由を短くメモし、関連用語で定義と選択肢の論点を確認してから同分野へ戻ると定着しやすくなります。",間違いの理由を分類する,"管理業務主任者試験の分野別過去問の解き方について、「間違いの理由を分類する」の観点で整理します。制度・数値・日程は年度や改正で変わるため、学習前と申込前には管理業務主任者試験センター（公式）の最新情報を確認してください。非公式まとめは参考程度にし、最終判断は必ず公式要項に置きます。

このサイトでは過去問・用語解説・比較表を組み合わせ、分野別過去問の解き方で迷った論点を解き直せます。間違えた問題は理由を短くメモし、関連用語で定義と選択肢の論点を確認してから同分野へ戻ると定着しやすくなります。",解き直しのタイミング,"管理業務主任者試験の分野別過去問の解き方について、「解き直しのタイミング」の観点で整理します。制度・数値・日程は年度や改正で変わるため、学習前と申込前には管理業務主任者試験センター（公式）の最新情報を確認してください。非公式まとめは参考程度にし、最終判断は必ず公式要項に置きます。

このサイトでは過去問・用語解説・比較表を組み合わせ、分野別過去問の解き方で迷った論点を解き直せます。間違えた問題は理由を短くメモし、関連用語で定義と選択肢の論点を確認してから同分野へ戻ると定着しやすくなります。",用語・分野別学習へ戻る,"管理業務主任者試験の分野別過去問の解き方について、「用語・分野別学習へ戻る」の観点で整理します。制度・数値・日程は年度や改正で変わるため、学習前と申込前には管理業務主任者試験センター（公式）の最新情報を確認してください。非公式まとめは参考程度にし、最終判断は必ず公式要項に置きます。

このサイトでは過去問・用語解説・比較表を組み合わせ、分野別過去問の解き方で迷った論点を解き直せます。間違えた問題は理由を短くメモし、関連用語で定義と選択肢の論点を確認してから同分野へ戻ると定着しやすくなります。",,,,,過去問だけで合格できますか？,管理業務主任者試験の分野別過去問の解き方に関する質問「過去問だけで合格できますか」について、まず公式要項で最新の制度を確認してください。本サイトでは過去問演習と用語解説で、分野別過去問の解き方の理解度を具体的に確かめられます。数値や期限は資格ごとに異なるため、本文の例は必ず公式情報と照合してください。,復習では何を見ればよいですか？,管理業務主任者試験の分野別過去問の解き方に関する質問「復習では何を見ればよいですか」について、まず公式要項で最新の制度を確認してください。本サイトでは過去問演習と用語解説で、分野別過去問の解き方の理解度を具体的に確かめられます。数値や期限は資格ごとに異なるため、本文の例は必ず公式情報と照合してください。,study-plan:学習計画;glossary-how-to:用語ハブ活用法
past-questions-review-cycle,過去問活用,管理業務主任者試験の過去問の解き直しサイクル,管理業務主任者試験の過去問の解き直しサイクルについて、公式情報の確認方法と学習の進め方を整理します。受験前に押さえるべきポイントと、このサイトでの演習・用語解説の活用法を解説します。,過去問と模試は出題傾向を知るだけでなく、理解が曖昧な分野を見つける材料です。,30,過去問;模試;復習,管業マスター編集部,資格学習サイトの編集チーム,公式情報確認担当,公開前に一次情報との照合を行う担当者,2026-05-30,管理業務主任者試験センター（公式）|https://www.mankan.or.jp/,過去問活用向けテンプレートから作成。公開前に本文・参照URL・関連リンクを差し替える。,本記事を読むと、管理業務主任者試験の過去問の解き直しサイクルについて、公式情報で確認すべき点と、このサイトでの学習の進め方が分かります。読了後は行動チェックリストに沿って演習・用語確認まで進められる状態を目指します。,【行動1】;【行動2】;【行動3】,試験要項・公式ページ更新時に本文と参照元を見直す。,2026-05-30,2026-06-29,2026-05-30,published,ガイド記事テンプレート で 2026-05-30 作成。,最初は年度別に解く,"管理業務主任者試験の過去問の解き直しサイクルについて、「最初は年度別に解く」の観点で整理します。制度・数値・日程は年度や改正で変わるため、学習前と申込前には管理業務主任者試験センター（公式）の最新情報を確認してください。非公式まとめは参考程度にし、最終判断は必ず公式要項に置きます。

このサイトでは過去問・用語解説・比較表を組み合わせ、過去問の解き直しサイクルで迷った論点を解き直せます。間違えた問題は理由を短くメモし、関連用語で定義と選択肢の論点を確認してから同分野へ戻ると定着しやすくなります。",模試・一問一答の位置づけ,"管理業務主任者試験の過去問の解き直しサイクルについて、「模試・一問一答の位置づけ」の観点で整理します。制度・数値・日程は年度や改正で変わるため、学習前と申込前には管理業務主任者試験センター（公式）の最新情報を確認してください。非公式まとめは参考程度にし、最終判断は必ず公式要項に置きます。

このサイトでは過去問・用語解説・比較表を組み合わせ、過去問の解き直しサイクルで迷った論点を解き直せます。間違えた問題は理由を短くメモし、関連用語で定義と選択肢の論点を確認してから同分野へ戻ると定着しやすくなります。",間違いの理由を分類する,"管理業務主任者試験の過去問の解き直しサイクルについて、「間違いの理由を分類する」の観点で整理します。制度・数値・日程は年度や改正で変わるため、学習前と申込前には管理業務主任者試験センター（公式）の最新情報を確認してください。非公式まとめは参考程度にし、最終判断は必ず公式要項に置きます。

このサイトでは過去問・用語解説・比較表を組み合わせ、過去問の解き直しサイクルで迷った論点を解き直せます。間違えた問題は理由を短くメモし、関連用語で定義と選択肢の論点を確認してから同分野へ戻ると定着しやすくなります。",解き直しのタイミング,"管理業務主任者試験の過去問の解き直しサイクルについて、「解き直しのタイミング」の観点で整理します。制度・数値・日程は年度や改正で変わるため、学習前と申込前には管理業務主任者試験センター（公式）の最新情報を確認してください。非公式まとめは参考程度にし、最終判断は必ず公式要項に置きます。

このサイトでは過去問・用語解説・比較表を組み合わせ、過去問の解き直しサイクルで迷った論点を解き直せます。間違えた問題は理由を短くメモし、関連用語で定義と選択肢の論点を確認してから同分野へ戻ると定着しやすくなります。",用語・分野別学習へ戻る,"管理業務主任者試験の過去問の解き直しサイクルについて、「用語・分野別学習へ戻る」の観点で整理します。制度・数値・日程は年度や改正で変わるため、学習前と申込前には管理業務主任者試験センター（公式）の最新情報を確認してください。非公式まとめは参考程度にし、最終判断は必ず公式要項に置きます。

このサイトでは過去問・用語解説・比較表を組み合わせ、過去問の解き直しサイクルで迷った論点を解き直せます。間違えた問題は理由を短くメモし、関連用語で定義と選択肢の論点を確認してから同分野へ戻ると定着しやすくなります。",,,,,過去問だけで合格できますか？,管理業務主任者試験の過去問の解き直しサイクルに関する質問「過去問だけで合格できますか」について、まず公式要項で最新の制度を確認してください。本サイトでは過去問演習と用語解説で、過去問の解き直しサイクルの理解度を具体的に確かめられます。数値や期限は資格ごとに異なるため、本文の例は必ず公式情報と照合してください。,復習では何を見ればよいですか？,管理業務主任者試験の過去問の解き直しサイクルに関する質問「復習では何を見ればよいですか」について、まず公式要項で最新の制度を確認してください。本サイトでは過去問演習と用語解説で、過去問の解き直しサイクルの理解度を具体的に確かめられます。数値や期限は資格ごとに異なるため、本文の例は必ず公式情報と照合してください。,study-plan:学習計画;glossary-how-to:用語ハブ活用法
past-questions-score-analysis,過去問活用,管理業務主任者試験の過去問の点数分析,管理業務主任者試験の過去問の点数分析について、公式情報の確認方法と学習の進め方を整理します。受験前に押さえるべきポイントと、このサイトでの演習・用語解説の活用法を解説します。,過去問と模試は出題傾向を知るだけでなく、理解が曖昧な分野を見つける材料です。,30,過去問;模試;復習,管業マスター編集部,資格学習サイトの編集チーム,公式情報確認担当,公開前に一次情報との照合を行う担当者,2026-05-30,管理業務主任者試験センター（公式）|https://www.mankan.or.jp/,過去問活用向けテンプレートから作成。公開前に本文・参照URL・関連リンクを差し替える。,本記事を読むと、管理業務主任者試験の過去問の点数分析について、公式情報で確認すべき点と、このサイトでの学習の進め方が分かります。読了後は行動チェックリストに沿って演習・用語確認まで進められる状態を目指します。,【行動1】;【行動2】;【行動3】,試験要項・公式ページ更新時に本文と参照元を見直す。,2026-05-30,2026-06-29,2026-05-30,published,ガイド記事テンプレート で 2026-05-30 作成。,最初は年度別に解く,"管理業務主任者試験の過去問の点数分析について、「最初は年度別に解く」の観点で整理します。制度・数値・日程は年度や改正で変わるため、学習前と申込前には管理業務主任者試験センター（公式）の最新情報を確認してください。非公式まとめは参考程度にし、最終判断は必ず公式要項に置きます。

このサイトでは過去問・用語解説・比較表を組み合わせ、過去問の点数分析で迷った論点を解き直せます。間違えた問題は理由を短くメモし、関連用語で定義と選択肢の論点を確認してから同分野へ戻ると定着しやすくなります。",模試・一問一答の位置づけ,"管理業務主任者試験の過去問の点数分析について、「模試・一問一答の位置づけ」の観点で整理します。制度・数値・日程は年度や改正で変わるため、学習前と申込前には管理業務主任者試験センター（公式）の最新情報を確認してください。非公式まとめは参考程度にし、最終判断は必ず公式要項に置きます。

このサイトでは過去問・用語解説・比較表を組み合わせ、過去問の点数分析で迷った論点を解き直せます。間違えた問題は理由を短くメモし、関連用語で定義と選択肢の論点を確認してから同分野へ戻ると定着しやすくなります。",間違いの理由を分類する,"管理業務主任者試験の過去問の点数分析について、「間違いの理由を分類する」の観点で整理します。制度・数値・日程は年度や改正で変わるため、学習前と申込前には管理業務主任者試験センター（公式）の最新情報を確認してください。非公式まとめは参考程度にし、最終判断は必ず公式要項に置きます。

このサイトでは過去問・用語解説・比較表を組み合わせ、過去問の点数分析で迷った論点を解き直せます。間違えた問題は理由を短くメモし、関連用語で定義と選択肢の論点を確認してから同分野へ戻ると定着しやすくなります。",解き直しのタイミング,"管理業務主任者試験の過去問の点数分析について、「解き直しのタイミング」の観点で整理します。制度・数値・日程は年度や改正で変わるため、学習前と申込前には管理業務主任者試験センター（公式）の最新情報を確認してください。非公式まとめは参考程度にし、最終判断は必ず公式要項に置きます。

このサイトでは過去問・用語解説・比較表を組み合わせ、過去問の点数分析で迷った論点を解き直せます。間違えた問題は理由を短くメモし、関連用語で定義と選択肢の論点を確認してから同分野へ戻ると定着しやすくなります。",用語・分野別学習へ戻る,"管理業務主任者試験の過去問の点数分析について、「用語・分野別学習へ戻る」の観点で整理します。制度・数値・日程は年度や改正で変わるため、学習前と申込前には管理業務主任者試験センター（公式）の最新情報を確認してください。非公式まとめは参考程度にし、最終判断は必ず公式要項に置きます。

このサイトでは過去問・用語解説・比較表を組み合わせ、過去問の点数分析で迷った論点を解き直せます。間違えた問題は理由を短くメモし、関連用語で定義と選択肢の論点を確認してから同分野へ戻ると定着しやすくなります。",,,,,過去問だけで合格できますか？,管理業務主任者試験の過去問の点数分析に関する質問「過去問だけで合格できますか」について、まず公式要項で最新の制度を確認してください。本サイトでは過去問演習と用語解説で、過去問の点数分析の理解度を具体的に確かめられます。数値や期限は資格ごとに異なるため、本文の例は必ず公式情報と照合してください。,復習では何を見ればよいですか？,管理業務主任者試験の過去問の点数分析に関する質問「復習では何を見ればよいですか」について、まず公式要項で最新の制度を確認してください。本サイトでは過去問演習と用語解説で、過去問の点数分析の理解度を具体的に確かめられます。数値や期限は資格ごとに異なるため、本文の例は必ず公式情報と照合してください。,study-plan:学習計画;glossary-how-to:用語ハブ活用法
bookmark-review-method,過去問活用,管理業務主任者試験のブックマークを使った復習,管理業務主任者試験のブックマークを使った復習について、公式情報の確認方法と学習の進め方を整理します。受験前に押さえるべきポイントと、このサイトでの演習・用語解説の活用法を解説します。,過去問と模試は出題傾向を知るだけでなく、理解が曖昧な分野を見つける材料です。,30,過去問;模試;復習,管業マスター編集部,資格学習サイトの編集チーム,公式情報確認担当,公開前に一次情報との照合を行う担当者,2026-05-30,管理業務主任者試験センター（公式）|https://www.mankan.or.jp/,過去問活用向けテンプレートから作成。公開前に本文・参照URL・関連リンクを差し替える。,本記事を読むと、管理業務主任者試験のブックマークを使った復習について、公式情報で確認すべき点と、このサイトでの学習の進め方が分かります。読了後は行動チェックリストに沿って演習・用語確認まで進められる状態を目指します。,【行動1】;【行動2】;【行動3】,試験要項・公式ページ更新時に本文と参照元を見直す。,2026-05-30,2026-06-29,2026-05-30,published,ガイド記事テンプレート で 2026-05-30 作成。,最初は年度別に解く,"管理業務主任者試験のブックマークを使った復習について、「最初は年度別に解く」の観点で整理します。制度・数値・日程は年度や改正で変わるため、学習前と申込前には管理業務主任者試験センター（公式）の最新情報を確認してください。非公式まとめは参考程度にし、最終判断は必ず公式要項に置きます。

このサイトでは過去問・用語解説・比較表を組み合わせ、ブックマークを使った復習で迷った論点を解き直せます。間違えた問題は理由を短くメモし、関連用語で定義と選択肢の論点を確認してから同分野へ戻ると定着しやすくなります。",模試・一問一答の位置づけ,"管理業務主任者試験のブックマークを使った復習について、「模試・一問一答の位置づけ」の観点で整理します。制度・数値・日程は年度や改正で変わるため、学習前と申込前には管理業務主任者試験センター（公式）の最新情報を確認してください。非公式まとめは参考程度にし、最終判断は必ず公式要項に置きます。

このサイトでは過去問・用語解説・比較表を組み合わせ、ブックマークを使った復習で迷った論点を解き直せます。間違えた問題は理由を短くメモし、関連用語で定義と選択肢の論点を確認してから同分野へ戻ると定着しやすくなります。",間違いの理由を分類する,"管理業務主任者試験のブックマークを使った復習について、「間違いの理由を分類する」の観点で整理します。制度・数値・日程は年度や改正で変わるため、学習前と申込前には管理業務主任者試験センター（公式）の最新情報を確認してください。非公式まとめは参考程度にし、最終判断は必ず公式要項に置きます。

このサイトでは過去問・用語解説・比較表を組み合わせ、ブックマークを使った復習で迷った論点を解き直せます。間違えた問題は理由を短くメモし、関連用語で定義と選択肢の論点を確認してから同分野へ戻ると定着しやすくなります。",解き直しのタイミング,"管理業務主任者試験のブックマークを使った復習について、「解き直しのタイミング」の観点で整理します。制度・数値・日程は年度や改正で変わるため、学習前と申込前には管理業務主任者試験センター（公式）の最新情報を確認してください。非公式まとめは参考程度にし、最終判断は必ず公式要項に置きます。

このサイトでは過去問・用語解説・比較表を組み合わせ、ブックマークを使った復習で迷った論点を解き直せます。間違えた問題は理由を短くメモし、関連用語で定義と選択肢の論点を確認してから同分野へ戻ると定着しやすくなります。",用語・分野別学習へ戻る,"管理業務主任者試験のブックマークを使った復習について、「用語・分野別学習へ戻る」の観点で整理します。制度・数値・日程は年度や改正で変わるため、学習前と申込前には管理業務主任者試験センター（公式）の最新情報を確認してください。非公式まとめは参考程度にし、最終判断は必ず公式要項に置きます。

このサイトでは過去問・用語解説・比較表を組み合わせ、ブックマークを使った復習で迷った論点を解き直せます。間違えた問題は理由を短くメモし、関連用語で定義と選択肢の論点を確認してから同分野へ戻ると定着しやすくなります。",,,,,過去問だけで合格できますか？,管理業務主任者試験のブックマークを使った復習に関する質問「過去問だけで合格できますか」について、まず公式要項で最新の制度を確認してください。本サイトでは過去問演習と用語解説で、ブックマークを使った復習の理解度を具体的に確かめられます。数値や期限は資格ごとに異なるため、本文の例は必ず公式情報と照合してください。,復習では何を見ればよいですか？,管理業務主任者試験のブックマークを使った復習に関する質問「復習では何を見ればよいですか」について、まず公式要項で最新の制度を確認してください。本サイトでは過去問演習と用語解説で、ブックマークを使った復習の理解度を具体的に確かめられます。数値や期限は資格ごとに異なるため、本文の例は必ず公式情報と照合してください。,study-plan:学習計画;glossary-how-to:用語ハブ活用法
past-questions-first-attempt,過去問活用,管理業務主任者試験の過去問の初回の解き方,管理業務主任者試験の過去問の初回の解き方について、公式情報の確認方法と学習の進め方を整理します。受験前に押さえるべきポイントと、このサイトでの演習・用語解説の活用法を解説します。,過去問と模試は出題傾向を知るだけでなく、理解が曖昧な分野を見つける材料です。,30,過去問;模試;復習,管業マスター編集部,資格学習サイトの編集チーム,公式情報確認担当,公開前に一次情報との照合を行う担当者,2026-05-30,管理業務主任者試験センター（公式）|https://www.mankan.or.jp/,過去問活用向けテンプレートから作成。公開前に本文・参照URL・関連リンクを差し替える。,本記事を読むと、管理業務主任者試験の過去問の初回の解き方について、公式情報で確認すべき点と、このサイトでの学習の進め方が分かります。読了後は行動チェックリストに沿って演習・用語確認まで進められる状態を目指します。,【行動1】;【行動2】;【行動3】,試験要項・公式ページ更新時に本文と参照元を見直す。,2026-05-30,2026-06-29,2026-05-30,published,ガイド記事テンプレート で 2026-05-30 作成。,最初は年度別に解く,"管理業務主任者試験の過去問の初回の解き方について、「最初は年度別に解く」の観点で整理します。制度・数値・日程は年度や改正で変わるため、学習前と申込前には管理業務主任者試験センター（公式）の最新情報を確認してください。非公式まとめは参考程度にし、最終判断は必ず公式要項に置きます。

このサイトでは過去問・用語解説・比較表を組み合わせ、過去問の初回の解き方で迷った論点を解き直せます。間違えた問題は理由を短くメモし、関連用語で定義と選択肢の論点を確認してから同分野へ戻ると定着しやすくなります。",模試・一問一答の位置づけ,"管理業務主任者試験の過去問の初回の解き方について、「模試・一問一答の位置づけ」の観点で整理します。制度・数値・日程は年度や改正で変わるため、学習前と申込前には管理業務主任者試験センター（公式）の最新情報を確認してください。非公式まとめは参考程度にし、最終判断は必ず公式要項に置きます。

このサイトでは過去問・用語解説・比較表を組み合わせ、過去問の初回の解き方で迷った論点を解き直せます。間違えた問題は理由を短くメモし、関連用語で定義と選択肢の論点を確認してから同分野へ戻ると定着しやすくなります。",間違いの理由を分類する,"管理業務主任者試験の過去問の初回の解き方について、「間違いの理由を分類する」の観点で整理します。制度・数値・日程は年度や改正で変わるため、学習前と申込前には管理業務主任者試験センター（公式）の最新情報を確認してください。非公式まとめは参考程度にし、最終判断は必ず公式要項に置きます。

このサイトでは過去問・用語解説・比較表を組み合わせ、過去問の初回の解き方で迷った論点を解き直せます。間違えた問題は理由を短くメモし、関連用語で定義と選択肢の論点を確認してから同分野へ戻ると定着しやすくなります。",解き直しのタイミング,"管理業務主任者試験の過去問の初回の解き方について、「解き直しのタイミング」の観点で整理します。制度・数値・日程は年度や改正で変わるため、学習前と申込前には管理業務主任者試験センター（公式）の最新情報を確認してください。非公式まとめは参考程度にし、最終判断は必ず公式要項に置きます。

このサイトでは過去問・用語解説・比較表を組み合わせ、過去問の初回の解き方で迷った論点を解き直せます。間違えた問題は理由を短くメモし、関連用語で定義と選択肢の論点を確認してから同分野へ戻ると定着しやすくなります。",用語・分野別学習へ戻る,"管理業務主任者試験の過去問の初回の解き方について、「用語・分野別学習へ戻る」の観点で整理します。制度・数値・日程は年度や改正で変わるため、学習前と申込前には管理業務主任者試験センター（公式）の最新情報を確認してください。非公式まとめは参考程度にし、最終判断は必ず公式要項に置きます。

このサイトでは過去問・用語解説・比較表を組み合わせ、過去問の初回の解き方で迷った論点を解き直せます。間違えた問題は理由を短くメモし、関連用語で定義と選択肢の論点を確認してから同分野へ戻ると定着しやすくなります。",,,,,過去問だけで合格できますか？,管理業務主任者試験の過去問の初回の解き方に関する質問「過去問だけで合格できますか」について、まず公式要項で最新の制度を確認してください。本サイトでは過去問演習と用語解説で、過去問の初回の解き方の理解度を具体的に確かめられます。数値や期限は資格ごとに異なるため、本文の例は必ず公式情報と照合してください。,復習では何を見ればよいですか？,管理業務主任者試験の過去問の初回の解き方に関する質問「復習では何を見ればよいですか」について、まず公式要項で最新の制度を確認してください。本サイトでは過去問演習と用語解説で、過去問の初回の解き方の理解度を具体的に確かめられます。数値や期限は資格ごとに異なるため、本文の例は必ず公式情報と照合してください。,study-plan:学習計画;glossary-how-to:用語ハブ活用法
past-questions-wrong-reasons,過去問活用,管理業務主任者試験の過去問の誤答原因の分析,管理業務主任者試験の過去問の誤答原因の分析について、公式情報の確認方法と学習の進め方を整理します。受験前に押さえるべきポイントと、このサイトでの演習・用語解説の活用法を解説します。,過去問と模試は出題傾向を知るだけでなく、理解が曖昧な分野を見つける材料です。,30,過去問;模試;復習,管業マスター編集部,資格学習サイトの編集チーム,公式情報確認担当,公開前に一次情報との照合を行う担当者,2026-05-30,管理業務主任者試験センター（公式）|https://www.mankan.or.jp/,過去問活用向けテンプレートから作成。公開前に本文・参照URL・関連リンクを差し替える。,本記事を読むと、管理業務主任者試験の過去問の誤答原因の分析について、公式情報で確認すべき点と、このサイトでの学習の進め方が分かります。読了後は行動チェックリストに沿って演習・用語確認まで進められる状態を目指します。,【行動1】;【行動2】;【行動3】,試験要項・公式ページ更新時に本文と参照元を見直す。,2026-05-30,2026-06-29,2026-05-30,published,ガイド記事テンプレート で 2026-05-30 作成。,最初は年度別に解く,"管理業務主任者試験の過去問の誤答原因の分析について、「最初は年度別に解く」の観点で整理します。制度・数値・日程は年度や改正で変わるため、学習前と申込前には管理業務主任者試験センター（公式）の最新情報を確認してください。非公式まとめは参考程度にし、最終判断は必ず公式要項に置きます。

このサイトでは過去問・用語解説・比較表を組み合わせ、過去問の誤答原因の分析で迷った論点を解き直せます。間違えた問題は理由を短くメモし、関連用語で定義と選択肢の論点を確認してから同分野へ戻ると定着しやすくなります。",模試・一問一答の位置づけ,"管理業務主任者試験の過去問の誤答原因の分析について、「模試・一問一答の位置づけ」の観点で整理します。制度・数値・日程は年度や改正で変わるため、学習前と申込前には管理業務主任者試験センター（公式）の最新情報を確認してください。非公式まとめは参考程度にし、最終判断は必ず公式要項に置きます。

このサイトでは過去問・用語解説・比較表を組み合わせ、過去問の誤答原因の分析で迷った論点を解き直せます。間違えた問題は理由を短くメモし、関連用語で定義と選択肢の論点を確認してから同分野へ戻ると定着しやすくなります。",間違いの理由を分類する,"管理業務主任者試験の過去問の誤答原因の分析について、「間違いの理由を分類する」の観点で整理します。制度・数値・日程は年度や改正で変わるため、学習前と申込前には管理業務主任者試験センター（公式）の最新情報を確認してください。非公式まとめは参考程度にし、最終判断は必ず公式要項に置きます。

このサイトでは過去問・用語解説・比較表を組み合わせ、過去問の誤答原因の分析で迷った論点を解き直せます。間違えた問題は理由を短くメモし、関連用語で定義と選択肢の論点を確認してから同分野へ戻ると定着しやすくなります。",解き直しのタイミング,"管理業務主任者試験の過去問の誤答原因の分析について、「解き直しのタイミング」の観点で整理します。制度・数値・日程は年度や改正で変わるため、学習前と申込前には管理業務主任者試験センター（公式）の最新情報を確認してください。非公式まとめは参考程度にし、最終判断は必ず公式要項に置きます。

このサイトでは過去問・用語解説・比較表を組み合わせ、過去問の誤答原因の分析で迷った論点を解き直せます。間違えた問題は理由を短くメモし、関連用語で定義と選択肢の論点を確認してから同分野へ戻ると定着しやすくなります。",用語・分野別学習へ戻る,"管理業務主任者試験の過去問の誤答原因の分析について、「用語・分野別学習へ戻る」の観点で整理します。制度・数値・日程は年度や改正で変わるため、学習前と申込前には管理業務主任者試験センター（公式）の最新情報を確認してください。非公式まとめは参考程度にし、最終判断は必ず公式要項に置きます。

このサイトでは過去問・用語解説・比較表を組み合わせ、過去問の誤答原因の分析で迷った論点を解き直せます。間違えた問題は理由を短くメモし、関連用語で定義と選択肢の論点を確認してから同分野へ戻ると定着しやすくなります。",,,,,過去問だけで合格できますか？,管理業務主任者試験の過去問の誤答原因の分析に関する質問「過去問だけで合格できますか」について、まず公式要項で最新の制度を確認してください。本サイトでは過去問演習と用語解説で、過去問の誤答原因の分析の理解度を具体的に確かめられます。数値や期限は資格ごとに異なるため、本文の例は必ず公式情報と照合してください。,復習では何を見ればよいですか？,管理業務主任者試験の過去問の誤答原因の分析に関する質問「復習では何を見ればよいですか」について、まず公式要項で最新の制度を確認してください。本サイトでは過去問演習と用語解説で、過去問の誤答原因の分析の理解度を具体的に確かめられます。数値や期限は資格ごとに異なるため、本文の例は必ず公式情報と照合してください。,study-plan:学習計画;glossary-how-to:用語ハブ活用法
past-questions-latest-year,過去問活用,管理業務主任者試験の最新年度過去問の活用法,管理業務主任者試験の最新年度過去問の活用法について、公式情報の確認方法と学習の進め方を整理します。受験前に押さえるべきポイントと、このサイトでの演習・用語解説の活用法を解説します。,過去問と模試は出題傾向を知るだけでなく、理解が曖昧な分野を見つける材料です。,30,過去問;模試;復習,管業マスター編集部,資格学習サイトの編集チーム,公式情報確認担当,公開前に一次情報との照合を行う担当者,2026-05-30,管理業務主任者試験センター（公式）|https://www.mankan.or.jp/,過去問活用向けテンプレートから作成。公開前に本文・参照URL・関連リンクを差し替える。,本記事を読むと、管理業務主任者試験の最新年度過去問の活用法について、公式情報で確認すべき点と、このサイトでの学習の進め方が分かります。読了後は行動チェックリストに沿って演習・用語確認まで進められる状態を目指します。,【行動1】;【行動2】;【行動3】,試験要項・公式ページ更新時に本文と参照元を見直す。,2026-05-30,2026-06-29,2026-05-30,published,ガイド記事テンプレート で 2026-05-30 作成。,最初は年度別に解く,"管理業務主任者試験の最新年度過去問の活用法について、「最初は年度別に解く」の観点で整理します。制度・数値・日程は年度や改正で変わるため、学習前と申込前には管理業務主任者試験センター（公式）の最新情報を確認してください。非公式まとめは参考程度にし、最終判断は必ず公式要項に置きます。

このサイトでは過去問・用語解説・比較表を組み合わせ、最新年度過去問の活用法で迷った論点を解き直せます。間違えた問題は理由を短くメモし、関連用語で定義と選択肢の論点を確認してから同分野へ戻ると定着しやすくなります。",模試・一問一答の位置づけ,"管理業務主任者試験の最新年度過去問の活用法について、「模試・一問一答の位置づけ」の観点で整理します。制度・数値・日程は年度や改正で変わるため、学習前と申込前には管理業務主任者試験センター（公式）の最新情報を確認してください。非公式まとめは参考程度にし、最終判断は必ず公式要項に置きます。

このサイトでは過去問・用語解説・比較表を組み合わせ、最新年度過去問の活用法で迷った論点を解き直せます。間違えた問題は理由を短くメモし、関連用語で定義と選択肢の論点を確認してから同分野へ戻ると定着しやすくなります。",間違いの理由を分類する,"管理業務主任者試験の最新年度過去問の活用法について、「間違いの理由を分類する」の観点で整理します。制度・数値・日程は年度や改正で変わるため、学習前と申込前には管理業務主任者試験センター（公式）の最新情報を確認してください。非公式まとめは参考程度にし、最終判断は必ず公式要項に置きます。

このサイトでは過去問・用語解説・比較表を組み合わせ、最新年度過去問の活用法で迷った論点を解き直せます。間違えた問題は理由を短くメモし、関連用語で定義と選択肢の論点を確認してから同分野へ戻ると定着しやすくなります。",解き直しのタイミング,"管理業務主任者試験の最新年度過去問の活用法について、「解き直しのタイミング」の観点で整理します。制度・数値・日程は年度や改正で変わるため、学習前と申込前には管理業務主任者試験センター（公式）の最新情報を確認してください。非公式まとめは参考程度にし、最終判断は必ず公式要項に置きます。

このサイトでは過去問・用語解説・比較表を組み合わせ、最新年度過去問の活用法で迷った論点を解き直せます。間違えた問題は理由を短くメモし、関連用語で定義と選択肢の論点を確認してから同分野へ戻ると定着しやすくなります。",用語・分野別学習へ戻る,"管理業務主任者試験の最新年度過去問の活用法について、「用語・分野別学習へ戻る」の観点で整理します。制度・数値・日程は年度や改正で変わるため、学習前と申込前には管理業務主任者試験センター（公式）の最新情報を確認してください。非公式まとめは参考程度にし、最終判断は必ず公式要項に置きます。

このサイトでは過去問・用語解説・比較表を組み合わせ、最新年度過去問の活用法で迷った論点を解き直せます。間違えた問題は理由を短くメモし、関連用語で定義と選択肢の論点を確認してから同分野へ戻ると定着しやすくなります。",,,,,過去問だけで合格できますか？,管理業務主任者試験の最新年度過去問の活用法に関する質問「過去問だけで合格できますか」について、まず公式要項で最新の制度を確認してください。本サイトでは過去問演習と用語解説で、最新年度過去問の活用法の理解度を具体的に確かめられます。数値や期限は資格ごとに異なるため、本文の例は必ず公式情報と照合してください。,復習では何を見ればよいですか？,管理業務主任者試験の最新年度過去問の活用法に関する質問「復習では何を見ればよいですか」について、まず公式要項で最新の制度を確認してください。本サイトでは過去問演習と用語解説で、最新年度過去問の活用法の理解度を具体的に確かめられます。数値や期限は資格ごとに異なるため、本文の例は必ず公式情報と照合してください。,study-plan:学習計画;glossary-how-to:用語ハブ活用法
mock-exam-how-to,過去問活用,管理業務主任者試験の模試の活用法,管理業務主任者試験の模試の活用法について、公式情報の確認方法と学習の進め方を整理します。受験前に押さえるべきポイントと、このサイトでの演習・用語解説の活用法を解説します。,過去問と模試は出題傾向を知るだけでなく、理解が曖昧な分野を見つける材料です。,30,過去問;模試;復習,管業マスター編集部,資格学習サイトの編集チーム,公式情報確認担当,公開前に一次情報との照合を行う担当者,2026-05-30,管理業務主任者試験センター（公式）|https://www.mankan.or.jp/,過去問活用向けテンプレートから作成。公開前に本文・参照URL・関連リンクを差し替える。,本記事を読むと、管理業務主任者試験の模試の活用法について、公式情報で確認すべき点と、このサイトでの学習の進め方が分かります。読了後は行動チェックリストに沿って演習・用語確認まで進められる状態を目指します。,【行動1】;【行動2】;【行動3】,試験要項・公式ページ更新時に本文と参照元を見直す。,2026-05-30,2026-06-29,2026-05-30,published,ガイド記事テンプレート で 2026-05-30 作成。,最初は年度別に解く,"管理業務主任者試験の模試の活用法について、「最初は年度別に解く」の観点で整理します。制度・数値・日程は年度や改正で変わるため、学習前と申込前には管理業務主任者試験センター（公式）の最新情報を確認してください。非公式まとめは参考程度にし、最終判断は必ず公式要項に置きます。

このサイトでは過去問・用語解説・比較表を組み合わせ、模試の活用法で迷った論点を解き直せます。間違えた問題は理由を短くメモし、関連用語で定義と選択肢の論点を確認してから同分野へ戻ると定着しやすくなります。",模試・一問一答の位置づけ,"管理業務主任者試験の模試の活用法について、「模試・一問一答の位置づけ」の観点で整理します。制度・数値・日程は年度や改正で変わるため、学習前と申込前には管理業務主任者試験センター（公式）の最新情報を確認してください。非公式まとめは参考程度にし、最終判断は必ず公式要項に置きます。

このサイトでは過去問・用語解説・比較表を組み合わせ、模試の活用法で迷った論点を解き直せます。間違えた問題は理由を短くメモし、関連用語で定義と選択肢の論点を確認してから同分野へ戻ると定着しやすくなります。",間違いの理由を分類する,"管理業務主任者試験の模試の活用法について、「間違いの理由を分類する」の観点で整理します。制度・数値・日程は年度や改正で変わるため、学習前と申込前には管理業務主任者試験センター（公式）の最新情報を確認してください。非公式まとめは参考程度にし、最終判断は必ず公式要項に置きます。

このサイトでは過去問・用語解説・比較表を組み合わせ、模試の活用法で迷った論点を解き直せます。間違えた問題は理由を短くメモし、関連用語で定義と選択肢の論点を確認してから同分野へ戻ると定着しやすくなります。",解き直しのタイミング,"管理業務主任者試験の模試の活用法について、「解き直しのタイミング」の観点で整理します。制度・数値・日程は年度や改正で変わるため、学習前と申込前には管理業務主任者試験センター（公式）の最新情報を確認してください。非公式まとめは参考程度にし、最終判断は必ず公式要項に置きます。

このサイトでは過去問・用語解説・比較表を組み合わせ、模試の活用法で迷った論点を解き直せます。間違えた問題は理由を短くメモし、関連用語で定義と選択肢の論点を確認してから同分野へ戻ると定着しやすくなります。",用語・分野別学習へ戻る,"管理業務主任者試験の模試の活用法について、「用語・分野別学習へ戻る」の観点で整理します。制度・数値・日程は年度や改正で変わるため、学習前と申込前には管理業務主任者試験センター（公式）の最新情報を確認してください。非公式まとめは参考程度にし、最終判断は必ず公式要項に置きます。

このサイトでは過去問・用語解説・比較表を組み合わせ、模試の活用法で迷った論点を解き直せます。間違えた問題は理由を短くメモし、関連用語で定義と選択肢の論点を確認してから同分野へ戻ると定着しやすくなります。",,,,,過去問だけで合格できますか？,管理業務主任者試験の模試の活用法に関する質問「過去問だけで合格できますか」について、まず公式要項で最新の制度を確認してください。本サイトでは過去問演習と用語解説で、模試の活用法の理解度を具体的に確かめられます。数値や期限は資格ごとに異なるため、本文の例は必ず公式情報と照合してください。,復習では何を見ればよいですか？,管理業務主任者試験の模試の活用法に関する質問「復習では何を見ればよいですか」について、まず公式要項で最新の制度を確認してください。本サイトでは過去問演習と用語解説で、模試の活用法の理解度を具体的に確かめられます。数値や期限は資格ごとに異なるため、本文の例は必ず公式情報と照合してください。,study-plan:学習計画;glossary-how-to:用語ハブ活用法
ichimon-practice,過去問活用,管理業務主任者試験の一問一答の活用法,管理業務主任者試験の一問一答の活用法について、公式情報の確認方法と学習の進め方を整理します。受験前に押さえるべきポイントと、このサイトでの演習・用語解説の活用法を解説します。,過去問と模試は出題傾向を知るだけでなく、理解が曖昧な分野を見つける材料です。,30,過去問;模試;復習,管業マスター編集部,資格学習サイトの編集チーム,公式情報確認担当,公開前に一次情報との照合を行う担当者,2026-05-30,管理業務主任者試験センター（公式）|https://www.mankan.or.jp/,過去問活用向けテンプレートから作成。公開前に本文・参照URL・関連リンクを差し替える。,本記事を読むと、管理業務主任者試験の一問一答の活用法について、公式情報で確認すべき点と、このサイトでの学習の進め方が分かります。読了後は行動チェックリストに沿って演習・用語確認まで進められる状態を目指します。,【行動1】;【行動2】;【行動3】,試験要項・公式ページ更新時に本文と参照元を見直す。,2026-05-30,2026-06-29,2026-05-30,published,ガイド記事テンプレート で 2026-05-30 作成。,最初は年度別に解く,"管理業務主任者試験の一問一答の活用法について、「最初は年度別に解く」の観点で整理します。制度・数値・日程は年度や改正で変わるため、学習前と申込前には管理業務主任者試験センター（公式）の最新情報を確認してください。非公式まとめは参考程度にし、最終判断は必ず公式要項に置きます。

このサイトでは過去問・用語解説・比較表を組み合わせ、一問一答の活用法で迷った論点を解き直せます。間違えた問題は理由を短くメモし、関連用語で定義と選択肢の論点を確認してから同分野へ戻ると定着しやすくなります。",模試・一問一答の位置づけ,"管理業務主任者試験の一問一答の活用法について、「模試・一問一答の位置づけ」の観点で整理します。制度・数値・日程は年度や改正で変わるため、学習前と申込前には管理業務主任者試験センター（公式）の最新情報を確認してください。非公式まとめは参考程度にし、最終判断は必ず公式要項に置きます。

このサイトでは過去問・用語解説・比較表を組み合わせ、一問一答の活用法で迷った論点を解き直せます。間違えた問題は理由を短くメモし、関連用語で定義と選択肢の論点を確認してから同分野へ戻ると定着しやすくなります。",間違いの理由を分類する,"管理業務主任者試験の一問一答の活用法について、「間違いの理由を分類する」の観点で整理します。制度・数値・日程は年度や改正で変わるため、学習前と申込前には管理業務主任者試験センター（公式）の最新情報を確認してください。非公式まとめは参考程度にし、最終判断は必ず公式要項に置きます。

このサイトでは過去問・用語解説・比較表を組み合わせ、一問一答の活用法で迷った論点を解き直せます。間違えた問題は理由を短くメモし、関連用語で定義と選択肢の論点を確認してから同分野へ戻ると定着しやすくなります。",解き直しのタイミング,"管理業務主任者試験の一問一答の活用法について、「解き直しのタイミング」の観点で整理します。制度・数値・日程は年度や改正で変わるため、学習前と申込前には管理業務主任者試験センター（公式）の最新情報を確認してください。非公式まとめは参考程度にし、最終判断は必ず公式要項に置きます。

このサイトでは過去問・用語解説・比較表を組み合わせ、一問一答の活用法で迷った論点を解き直せます。間違えた問題は理由を短くメモし、関連用語で定義と選択肢の論点を確認してから同分野へ戻ると定着しやすくなります。",用語・分野別学習へ戻る,"管理業務主任者試験の一問一答の活用法について、「用語・分野別学習へ戻る」の観点で整理します。制度・数値・日程は年度や改正で変わるため、学習前と申込前には管理業務主任者試験センター（公式）の最新情報を確認してください。非公式まとめは参考程度にし、最終判断は必ず公式要項に置きます。

このサイトでは過去問・用語解説・比較表を組み合わせ、一問一答の活用法で迷った論点を解き直せます。間違えた問題は理由を短くメモし、関連用語で定義と選択肢の論点を確認してから同分野へ戻ると定着しやすくなります。",,,,,過去問だけで合格できますか？,管理業務主任者試験の一問一答の活用法に関する質問「過去問だけで合格できますか」について、まず公式要項で最新の制度を確認してください。本サイトでは過去問演習と用語解説で、一問一答の活用法の理解度を具体的に確かめられます。数値や期限は資格ごとに異なるため、本文の例は必ず公式情報と照合してください。,復習では何を見ればよいですか？,管理業務主任者試験の一問一答の活用法に関する質問「復習では何を見ればよいですか」について、まず公式要項で最新の制度を確認してください。本サイトでは過去問演習と用語解説で、一問一答の活用法の理解度を具体的に確かめられます。数値や期限は資格ごとに異なるため、本文の例は必ず公式情報と照合してください。,study-plan:学習計画;glossary-how-to:用語ハブ活用法
drill-volume-guide,過去問活用,管理業務主任者試験の演習問題量の目安,管理業務主任者試験の演習問題量の目安について、公式情報の確認方法と学習の進め方を整理します。受験前に押さえるべきポイントと、このサイトでの演習・用語解説の活用法を解説します。,過去問と模試は出題傾向を知るだけでなく、理解が曖昧な分野を見つける材料です。,30,過去問;模試;復習,管業マスター編集部,資格学習サイトの編集チーム,公式情報確認担当,公開前に一次情報との照合を行う担当者,2026-05-30,管理業務主任者試験センター（公式）|https://www.mankan.or.jp/,過去問活用向けテンプレートから作成。公開前に本文・参照URL・関連リンクを差し替える。,本記事を読むと、管理業務主任者試験の演習問題量の目安について、公式情報で確認すべき点と、このサイトでの学習の進め方が分かります。読了後は行動チェックリストに沿って演習・用語確認まで進められる状態を目指します。,【行動1】;【行動2】;【行動3】,試験要項・公式ページ更新時に本文と参照元を見直す。,2026-05-30,2026-06-29,2026-05-30,published,ガイド記事テンプレート で 2026-05-30 作成。,最初は年度別に解く,"管理業務主任者試験の演習問題量の目安について、「最初は年度別に解く」の観点で整理します。制度・数値・日程は年度や改正で変わるため、学習前と申込前には管理業務主任者試験センター（公式）の最新情報を確認してください。非公式まとめは参考程度にし、最終判断は必ず公式要項に置きます。

このサイトでは過去問・用語解説・比較表を組み合わせ、演習問題量の目安で迷った論点を解き直せます。間違えた問題は理由を短くメモし、関連用語で定義と選択肢の論点を確認してから同分野へ戻ると定着しやすくなります。",模試・一問一答の位置づけ,"管理業務主任者試験の演習問題量の目安について、「模試・一問一答の位置づけ」の観点で整理します。制度・数値・日程は年度や改正で変わるため、学習前と申込前には管理業務主任者試験センター（公式）の最新情報を確認してください。非公式まとめは参考程度にし、最終判断は必ず公式要項に置きます。

このサイトでは過去問・用語解説・比較表を組み合わせ、演習問題量の目安で迷った論点を解き直せます。間違えた問題は理由を短くメモし、関連用語で定義と選択肢の論点を確認してから同分野へ戻ると定着しやすくなります。",間違いの理由を分類する,"管理業務主任者試験の演習問題量の目安について、「間違いの理由を分類する」の観点で整理します。制度・数値・日程は年度や改正で変わるため、学習前と申込前には管理業務主任者試験センター（公式）の最新情報を確認してください。非公式まとめは参考程度にし、最終判断は必ず公式要項に置きます。

このサイトでは過去問・用語解説・比較表を組み合わせ、演習問題量の目安で迷った論点を解き直せます。間違えた問題は理由を短くメモし、関連用語で定義と選択肢の論点を確認してから同分野へ戻ると定着しやすくなります。",解き直しのタイミング,"管理業務主任者試験の演習問題量の目安について、「解き直しのタイミング」の観点で整理します。制度・数値・日程は年度や改正で変わるため、学習前と申込前には管理業務主任者試験センター（公式）の最新情報を確認してください。非公式まとめは参考程度にし、最終判断は必ず公式要項に置きます。

このサイトでは過去問・用語解説・比較表を組み合わせ、演習問題量の目安で迷った論点を解き直せます。間違えた問題は理由を短くメモし、関連用語で定義と選択肢の論点を確認してから同分野へ戻ると定着しやすくなります。",用語・分野別学習へ戻る,"管理業務主任者試験の演習問題量の目安について、「用語・分野別学習へ戻る」の観点で整理します。制度・数値・日程は年度や改正で変わるため、学習前と申込前には管理業務主任者試験センター（公式）の最新情報を確認してください。非公式まとめは参考程度にし、最終判断は必ず公式要項に置きます。

このサイトでは過去問・用語解説・比較表を組み合わせ、演習問題量の目安で迷った論点を解き直せます。間違えた問題は理由を短くメモし、関連用語で定義と選択肢の論点を確認してから同分野へ戻ると定着しやすくなります。",,,,,過去問だけで合格できますか？,管理業務主任者試験の演習問題量の目安に関する質問「過去問だけで合格できますか」について、まず公式要項で最新の制度を確認してください。本サイトでは過去問演習と用語解説で、演習問題量の目安の理解度を具体的に確かめられます。数値や期限は資格ごとに異なるため、本文の例は必ず公式情報と照合してください。,復習では何を見ればよいですか？,管理業務主任者試験の演習問題量の目安に関する質問「復習では何を見ればよいですか」について、まず公式要項で最新の制度を確認してください。本サイトでは過去問演習と用語解説で、演習問題量の目安の理解度を具体的に確かめられます。数値や期限は資格ごとに異なるため、本文の例は必ず公式情報と照合してください。,study-plan:学習計画;glossary-how-to:用語ハブ活用法
timed-practice,過去問活用,管理業務主任者試験の時間を計った演習,管理業務主任者試験の時間を計った演習について、公式情報の確認方法と学習の進め方を整理します。受験前に押さえるべきポイントと、このサイトでの演習・用語解説の活用法を解説します。,過去問と模試は出題傾向を知るだけでなく、理解が曖昧な分野を見つける材料です。,30,過去問;模試;復習,管業マスター編集部,資格学習サイトの編集チーム,公式情報確認担当,公開前に一次情報との照合を行う担当者,2026-05-30,管理業務主任者試験センター（公式）|https://www.mankan.or.jp/,過去問活用向けテンプレートから作成。公開前に本文・参照URL・関連リンクを差し替える。,本記事を読むと、管理業務主任者試験の時間を計った演習について、公式情報で確認すべき点と、このサイトでの学習の進め方が分かります。読了後は行動チェックリストに沿って演習・用語確認まで進められる状態を目指します。,【行動1】;【行動2】;【行動3】,試験要項・公式ページ更新時に本文と参照元を見直す。,2026-05-30,2026-06-29,2026-05-30,published,ガイド記事テンプレート で 2026-05-30 作成。,最初は年度別に解く,"管理業務主任者試験の時間を計った演習について、「最初は年度別に解く」の観点で整理します。制度・数値・日程は年度や改正で変わるため、学習前と申込前には管理業務主任者試験センター（公式）の最新情報を確認してください。非公式まとめは参考程度にし、最終判断は必ず公式要項に置きます。

このサイトでは過去問・用語解説・比較表を組み合わせ、時間を計った演習で迷った論点を解き直せます。間違えた問題は理由を短くメモし、関連用語で定義と選択肢の論点を確認してから同分野へ戻ると定着しやすくなります。",模試・一問一答の位置づけ,"管理業務主任者試験の時間を計った演習について、「模試・一問一答の位置づけ」の観点で整理します。制度・数値・日程は年度や改正で変わるため、学習前と申込前には管理業務主任者試験センター（公式）の最新情報を確認してください。非公式まとめは参考程度にし、最終判断は必ず公式要項に置きます。

このサイトでは過去問・用語解説・比較表を組み合わせ、時間を計った演習で迷った論点を解き直せます。間違えた問題は理由を短くメモし、関連用語で定義と選択肢の論点を確認してから同分野へ戻ると定着しやすくなります。",間違いの理由を分類する,"管理業務主任者試験の時間を計った演習について、「間違いの理由を分類する」の観点で整理します。制度・数値・日程は年度や改正で変わるため、学習前と申込前には管理業務主任者試験センター（公式）の最新情報を確認してください。非公式まとめは参考程度にし、最終判断は必ず公式要項に置きます。

このサイトでは過去問・用語解説・比較表を組み合わせ、時間を計った演習で迷った論点を解き直せます。間違えた問題は理由を短くメモし、関連用語で定義と選択肢の論点を確認してから同分野へ戻ると定着しやすくなります。",解き直しのタイミング,"管理業務主任者試験の時間を計った演習について、「解き直しのタイミング」の観点で整理します。制度・数値・日程は年度や改正で変わるため、学習前と申込前には管理業務主任者試験センター（公式）の最新情報を確認してください。非公式まとめは参考程度にし、最終判断は必ず公式要項に置きます。

このサイトでは過去問・用語解説・比較表を組み合わせ、時間を計った演習で迷った論点を解き直せます。間違えた問題は理由を短くメモし、関連用語で定義と選択肢の論点を確認してから同分野へ戻ると定着しやすくなります。",用語・分野別学習へ戻る,"管理業務主任者試験の時間を計った演習について、「用語・分野別学習へ戻る」の観点で整理します。制度・数値・日程は年度や改正で変わるため、学習前と申込前には管理業務主任者試験センター（公式）の最新情報を確認してください。非公式まとめは参考程度にし、最終判断は必ず公式要項に置きます。

このサイトでは過去問・用語解説・比較表を組み合わせ、時間を計った演習で迷った論点を解き直せます。間違えた問題は理由を短くメモし、関連用語で定義と選択肢の論点を確認してから同分野へ戻ると定着しやすくなります。",,,,,過去問だけで合格できますか？,管理業務主任者試験の時間を計った演習に関する質問「過去問だけで合格できますか」について、まず公式要項で最新の制度を確認してください。本サイトでは過去問演習と用語解説で、時間を計った演習の理解度を具体的に確かめられます。数値や期限は資格ごとに異なるため、本文の例は必ず公式情報と照合してください。,復習では何を見ればよいですか？,管理業務主任者試験の時間を計った演習に関する質問「復習では何を見ればよいですか」について、まず公式要項で最新の制度を確認してください。本サイトでは過去問演習と用語解説で、時間を計った演習の理解度を具体的に確かめられます。数値や期限は資格ごとに異なるため、本文の例は必ず公式情報と照合してください。,study-plan:学習計画;glossary-how-to:用語ハブ活用法
simulation-exam-schedule,過去問活用,管理業務主任者試験の模試日程と学習計画,管理業務主任者試験の模試日程と学習計画について、公式情報の確認方法と学習の進め方を整理します。受験前に押さえるべきポイントと、このサイトでの演習・用語解説の活用法を解説します。,過去問と模試は出題傾向を知るだけでなく、理解が曖昧な分野を見つける材料です。,30,過去問;模試;復習,管業マスター編集部,資格学習サイトの編集チーム,公式情報確認担当,公開前に一次情報との照合を行う担当者,2026-05-30,管理業務主任者試験センター（公式）|https://www.mankan.or.jp/,過去問活用向けテンプレートから作成。公開前に本文・参照URL・関連リンクを差し替える。,本記事を読むと、管理業務主任者試験の模試日程と学習計画について、公式情報で確認すべき点と、このサイトでの学習の進め方が分かります。読了後は行動チェックリストに沿って演習・用語確認まで進められる状態を目指します。,【行動1】;【行動2】;【行動3】,試験要項・公式ページ更新時に本文と参照元を見直す。,2026-05-30,2026-06-29,2026-05-30,published,ガイド記事テンプレート で 2026-05-30 作成。,最初は年度別に解く,"管理業務主任者試験の模試日程と学習計画について、「最初は年度別に解く」の観点で整理します。制度・数値・日程は年度や改正で変わるため、学習前と申込前には管理業務主任者試験センター（公式）の最新情報を確認してください。非公式まとめは参考程度にし、最終判断は必ず公式要項に置きます。

このサイトでは過去問・用語解説・比較表を組み合わせ、模試日程と学習計画で迷った論点を解き直せます。間違えた問題は理由を短くメモし、関連用語で定義と選択肢の論点を確認してから同分野へ戻ると定着しやすくなります。",模試・一問一答の位置づけ,"管理業務主任者試験の模試日程と学習計画について、「模試・一問一答の位置づけ」の観点で整理します。制度・数値・日程は年度や改正で変わるため、学習前と申込前には管理業務主任者試験センター（公式）の最新情報を確認してください。非公式まとめは参考程度にし、最終判断は必ず公式要項に置きます。

このサイトでは過去問・用語解説・比較表を組み合わせ、模試日程と学習計画で迷った論点を解き直せます。間違えた問題は理由を短くメモし、関連用語で定義と選択肢の論点を確認してから同分野へ戻ると定着しやすくなります。",間違いの理由を分類する,"管理業務主任者試験の模試日程と学習計画について、「間違いの理由を分類する」の観点で整理します。制度・数値・日程は年度や改正で変わるため、学習前と申込前には管理業務主任者試験センター（公式）の最新情報を確認してください。非公式まとめは参考程度にし、最終判断は必ず公式要項に置きます。

このサイトでは過去問・用語解説・比較表を組み合わせ、模試日程と学習計画で迷った論点を解き直せます。間違えた問題は理由を短くメモし、関連用語で定義と選択肢の論点を確認してから同分野へ戻ると定着しやすくなります。",解き直しのタイミング,"管理業務主任者試験の模試日程と学習計画について、「解き直しのタイミング」の観点で整理します。制度・数値・日程は年度や改正で変わるため、学習前と申込前には管理業務主任者試験センター（公式）の最新情報を確認してください。非公式まとめは参考程度にし、最終判断は必ず公式要項に置きます。

このサイトでは過去問・用語解説・比較表を組み合わせ、模試日程と学習計画で迷った論点を解き直せます。間違えた問題は理由を短くメモし、関連用語で定義と選択肢の論点を確認してから同分野へ戻ると定着しやすくなります。",用語・分野別学習へ戻る,"管理業務主任者試験の模試日程と学習計画について、「用語・分野別学習へ戻る」の観点で整理します。制度・数値・日程は年度や改正で変わるため、学習前と申込前には管理業務主任者試験センター（公式）の最新情報を確認してください。非公式まとめは参考程度にし、最終判断は必ず公式要項に置きます。

このサイトでは過去問・用語解説・比較表を組み合わせ、模試日程と学習計画で迷った論点を解き直せます。間違えた問題は理由を短くメモし、関連用語で定義と選択肢の論点を確認してから同分野へ戻ると定着しやすくなります。",,,,,過去問だけで合格できますか？,管理業務主任者試験の模試日程と学習計画に関する質問「過去問だけで合格できますか」について、まず公式要項で最新の制度を確認してください。本サイトでは過去問演習と用語解説で、模試日程と学習計画の理解度を具体的に確かめられます。数値や期限は資格ごとに異なるため、本文の例は必ず公式情報と照合してください。,復習では何を見ればよいですか？,管理業務主任者試験の模試日程と学習計画に関する質問「復習では何を見ればよいですか」について、まず公式要項で最新の制度を確認してください。本サイトでは過去問演習と用語解説で、模試日程と学習計画の理解度を具体的に確かめられます。数値や期限は資格ごとに異なるため、本文の例は必ず公式情報と照合してください。,study-plan:学習計画;glossary-how-to:用語ハブ活用法
glossary-study-method,用語ハブ活用法,管理業務主任者試験の用語集の活用法,管理業務主任者試験の用語集の活用法について、公式情報の確認方法と学習の進め方を整理します。受験前に押さえるべきポイントと、このサイトでの演習・用語解説の活用法を解説します。,用語解説は、過去問で出た語句の意味や似た用語との違いを確認する入口です。,35,用語集;知識整理,管業マスター編集部,資格学習サイトの編集チーム,公式情報確認担当,公開前に一次情報との照合を行う担当者,2026-05-30,管理業務主任者試験センター（公式）|https://www.mankan.or.jp/,用語ハブ活用法向けテンプレートから作成。公開前に本文・参照URL・関連リンクを差し替える。,本記事を読むと、管理業務主任者試験の用語集の活用法について、公式情報で確認すべき点と、このサイトでの学習の進め方が分かります。読了後は行動チェックリストに沿って演習・用語確認まで進められる状態を目指します。,【行動1】;【行動2】;【行動3】,試験要項・公式ページ更新時に本文と参照元を見直す。,2026-05-30,2026-06-29,2026-05-30,published,ガイド記事テンプレート で 2026-05-30 作成。,用語集の使い方,"管理業務主任者試験の用語集の活用法について、「用語集の使い方」の観点で整理します。制度・数値・日程は年度や改正で変わるため、学習前と申込前には管理業務主任者試験センター（公式）の最新情報を確認してください。非公式まとめは参考程度にし、最終判断は必ず公式要項に置きます。

このサイトでは過去問・用語解説・比較表を組み合わせ、用語集の活用法で迷った論点を解き直せます。間違えた問題は理由を短くメモし、関連用語で定義と選択肢の論点を確認してから同分野へ戻ると定着しやすくなります。",重要度の見方,"管理業務主任者試験の用語集の活用法について、「重要度の見方」の観点で整理します。制度・数値・日程は年度や改正で変わるため、学習前と申込前には管理業務主任者試験センター（公式）の最新情報を確認してください。非公式まとめは参考程度にし、最終判断は必ず公式要項に置きます。

このサイトでは過去問・用語解説・比較表を組み合わせ、用語集の活用法で迷った論点を解き直せます。間違えた問題は理由を短くメモし、関連用語で定義と選択肢の論点を確認してから同分野へ戻ると定着しやすくなります。",数字・期限の整理,"管理業務主任者試験の用語集の活用法について、「数字・期限の整理」の観点で整理します。制度・数値・日程は年度や改正で変わるため、学習前と申込前には管理業務主任者試験センター（公式）の最新情報を確認してください。非公式まとめは参考程度にし、最終判断は必ず公式要項に置きます。

このサイトでは過去問・用語解説・比較表を組み合わせ、用語集の活用法で迷った論点を解き直せます。間違えた問題は理由を短くメモし、関連用語で定義と選択肢の論点を確認してから同分野へ戻ると定着しやすくなります。",関連用語で回遊する,"管理業務主任者試験の用語集の活用法について、「関連用語で回遊する」の観点で整理します。制度・数値・日程は年度や改正で変わるため、学習前と申込前には管理業務主任者試験センター（公式）の最新情報を確認してください。非公式まとめは参考程度にし、最終判断は必ず公式要項に置きます。

このサイトでは過去問・用語解説・比較表を組み合わせ、用語集の活用法で迷った論点を解き直せます。間違えた問題は理由を短くメモし、関連用語で定義と選択肢の論点を確認してから同分野へ戻ると定着しやすくなります。",過去問との往復,"管理業務主任者試験の用語集の活用法について、「過去問との往復」の観点で整理します。制度・数値・日程は年度や改正で変わるため、学習前と申込前には管理業務主任者試験センター（公式）の最新情報を確認してください。非公式まとめは参考程度にし、最終判断は必ず公式要項に置きます。

このサイトでは過去問・用語解説・比較表を組み合わせ、用語集の活用法で迷った論点を解き直せます。間違えた問題は理由を短くメモし、関連用語で定義と選択肢の論点を確認してから同分野へ戻ると定着しやすくなります。",,,,,用語はどこから読めばよいですか？,管理業務主任者試験の用語集の活用法に関する質問「用語はどこから読めばよいですか」について、まず公式要項で最新の制度を確認してください。本サイトでは過去問演習と用語解説で、用語集の活用法の理解度を具体的に確かめられます。数値や期限は資格ごとに異なるため、本文の例は必ず公式情報と照合してください。,関連用語はどう使いますか？,管理業務主任者試験の用語集の活用法に関する質問「関連用語はどう使いますか」について、まず公式要項で最新の制度を確認してください。本サイトでは過去問演習と用語解説で、用語集の活用法の理解度を具体的に確かめられます。数値や期限は資格ごとに異なるため、本文の例は必ず公式情報と照合してください。,past-question-strategy:過去問の使い方;exam-overview:試験概要
important-terms-list,用語ハブ活用法,管理業務主任者試験の重要用語の押さえ方,管理業務主任者試験の重要用語の押さえ方について、公式情報の確認方法と学習の進め方を整理します。受験前に押さえるべきポイントと、このサイトでの演習・用語解説の活用法を解説します。,用語解説は、過去問で出た語句の意味や似た用語との違いを確認する入口です。,35,用語集;知識整理,管業マスター編集部,資格学習サイトの編集チーム,公式情報確認担当,公開前に一次情報との照合を行う担当者,2026-05-30,管理業務主任者試験センター（公式）|https://www.mankan.or.jp/,用語ハブ活用法向けテンプレートから作成。公開前に本文・参照URL・関連リンクを差し替える。,本記事を読むと、管理業務主任者試験の重要用語の押さえ方について、公式情報で確認すべき点と、このサイトでの学習の進め方が分かります。読了後は行動チェックリストに沿って演習・用語確認まで進められる状態を目指します。,【行動1】;【行動2】;【行動3】,試験要項・公式ページ更新時に本文と参照元を見直す。,2026-05-30,2026-06-29,2026-05-30,published,ガイド記事テンプレート で 2026-05-30 作成。,用語集の使い方,"管理業務主任者試験の重要用語の押さえ方について、「用語集の使い方」の観点で整理します。制度・数値・日程は年度や改正で変わるため、学習前と申込前には管理業務主任者試験センター（公式）の最新情報を確認してください。非公式まとめは参考程度にし、最終判断は必ず公式要項に置きます。

このサイトでは過去問・用語解説・比較表を組み合わせ、重要用語の押さえ方で迷った論点を解き直せます。間違えた問題は理由を短くメモし、関連用語で定義と選択肢の論点を確認してから同分野へ戻ると定着しやすくなります。",重要度の見方,"管理業務主任者試験の重要用語の押さえ方について、「重要度の見方」の観点で整理します。制度・数値・日程は年度や改正で変わるため、学習前と申込前には管理業務主任者試験センター（公式）の最新情報を確認してください。非公式まとめは参考程度にし、最終判断は必ず公式要項に置きます。

このサイトでは過去問・用語解説・比較表を組み合わせ、重要用語の押さえ方で迷った論点を解き直せます。間違えた問題は理由を短くメモし、関連用語で定義と選択肢の論点を確認してから同分野へ戻ると定着しやすくなります。",数字・期限の整理,"管理業務主任者試験の重要用語の押さえ方について、「数字・期限の整理」の観点で整理します。制度・数値・日程は年度や改正で変わるため、学習前と申込前には管理業務主任者試験センター（公式）の最新情報を確認してください。非公式まとめは参考程度にし、最終判断は必ず公式要項に置きます。

このサイトでは過去問・用語解説・比較表を組み合わせ、重要用語の押さえ方で迷った論点を解き直せます。間違えた問題は理由を短くメモし、関連用語で定義と選択肢の論点を確認してから同分野へ戻ると定着しやすくなります。",関連用語で回遊する,"管理業務主任者試験の重要用語の押さえ方について、「関連用語で回遊する」の観点で整理します。制度・数値・日程は年度や改正で変わるため、学習前と申込前には管理業務主任者試験センター（公式）の最新情報を確認してください。非公式まとめは参考程度にし、最終判断は必ず公式要項に置きます。

このサイトでは過去問・用語解説・比較表を組み合わせ、重要用語の押さえ方で迷った論点を解き直せます。間違えた問題は理由を短くメモし、関連用語で定義と選択肢の論点を確認してから同分野へ戻ると定着しやすくなります。",過去問との往復,"管理業務主任者試験の重要用語の押さえ方について、「過去問との往復」の観点で整理します。制度・数値・日程は年度や改正で変わるため、学習前と申込前には管理業務主任者試験センター（公式）の最新情報を確認してください。非公式まとめは参考程度にし、最終判断は必ず公式要項に置きます。

このサイトでは過去問・用語解説・比較表を組み合わせ、重要用語の押さえ方で迷った論点を解き直せます。間違えた問題は理由を短くメモし、関連用語で定義と選択肢の論点を確認してから同分野へ戻ると定着しやすくなります。",,,,,用語はどこから読めばよいですか？,管理業務主任者試験の重要用語の押さえ方に関する質問「用語はどこから読めばよいですか」について、まず公式要項で最新の制度を確認してください。本サイトでは過去問演習と用語解説で、重要用語の押さえ方の理解度を具体的に確かめられます。数値や期限は資格ごとに異なるため、本文の例は必ず公式情報と照合してください。,関連用語はどう使いますか？,管理業務主任者試験の重要用語の押さえ方に関する質問「関連用語はどう使いますか」について、まず公式要項で最新の制度を確認してください。本サイトでは過去問演習と用語解説で、重要用語の押さえ方の理解度を具体的に確かめられます。数値や期限は資格ごとに異なるため、本文の例は必ず公式情報と照合してください。,past-question-strategy:過去問の使い方;exam-overview:試験概要
confusing-terms,用語ハブ活用法,管理業務主任者試験の混同しやすい用語,管理業務主任者試験の混同しやすい用語について、公式情報の確認方法と学習の進め方を整理します。受験前に押さえるべきポイントと、このサイトでの演習・用語解説の活用法を解説します。,用語解説は、過去問で出た語句の意味や似た用語との違いを確認する入口です。,35,用語集;知識整理,管業マスター編集部,資格学習サイトの編集チーム,公式情報確認担当,公開前に一次情報との照合を行う担当者,2026-05-30,管理業務主任者試験センター（公式）|https://www.mankan.or.jp/,用語ハブ活用法向けテンプレートから作成。公開前に本文・参照URL・関連リンクを差し替える。,本記事を読むと、管理業務主任者試験の混同しやすい用語について、公式情報で確認すべき点と、このサイトでの学習の進め方が分かります。読了後は行動チェックリストに沿って演習・用語確認まで進められる状態を目指します。,【行動1】;【行動2】;【行動3】,試験要項・公式ページ更新時に本文と参照元を見直す。,2026-05-30,2026-06-29,2026-05-30,published,ガイド記事テンプレート で 2026-05-30 作成。,用語集の使い方,"管理業務主任者試験の混同しやすい用語について、「用語集の使い方」の観点で整理します。制度・数値・日程は年度や改正で変わるため、学習前と申込前には管理業務主任者試験センター（公式）の最新情報を確認してください。非公式まとめは参考程度にし、最終判断は必ず公式要項に置きます。

このサイトでは過去問・用語解説・比較表を組み合わせ、混同しやすい用語で迷った論点を解き直せます。間違えた問題は理由を短くメモし、関連用語で定義と選択肢の論点を確認してから同分野へ戻ると定着しやすくなります。",重要度の見方,"管理業務主任者試験の混同しやすい用語について、「重要度の見方」の観点で整理します。制度・数値・日程は年度や改正で変わるため、学習前と申込前には管理業務主任者試験センター（公式）の最新情報を確認してください。非公式まとめは参考程度にし、最終判断は必ず公式要項に置きます。

このサイトでは過去問・用語解説・比較表を組み合わせ、混同しやすい用語で迷った論点を解き直せます。間違えた問題は理由を短くメモし、関連用語で定義と選択肢の論点を確認してから同分野へ戻ると定着しやすくなります。",数字・期限の整理,"管理業務主任者試験の混同しやすい用語について、「数字・期限の整理」の観点で整理します。制度・数値・日程は年度や改正で変わるため、学習前と申込前には管理業務主任者試験センター（公式）の最新情報を確認してください。非公式まとめは参考程度にし、最終判断は必ず公式要項に置きます。

このサイトでは過去問・用語解説・比較表を組み合わせ、混同しやすい用語で迷った論点を解き直せます。間違えた問題は理由を短くメモし、関連用語で定義と選択肢の論点を確認してから同分野へ戻ると定着しやすくなります。",関連用語で回遊する,"管理業務主任者試験の混同しやすい用語について、「関連用語で回遊する」の観点で整理します。制度・数値・日程は年度や改正で変わるため、学習前と申込前には管理業務主任者試験センター（公式）の最新情報を確認してください。非公式まとめは参考程度にし、最終判断は必ず公式要項に置きます。

このサイトでは過去問・用語解説・比較表を組み合わせ、混同しやすい用語で迷った論点を解き直せます。間違えた問題は理由を短くメモし、関連用語で定義と選択肢の論点を確認してから同分野へ戻ると定着しやすくなります。",過去問との往復,"管理業務主任者試験の混同しやすい用語について、「過去問との往復」の観点で整理します。制度・数値・日程は年度や改正で変わるため、学習前と申込前には管理業務主任者試験センター（公式）の最新情報を確認してください。非公式まとめは参考程度にし、最終判断は必ず公式要項に置きます。

このサイトでは過去問・用語解説・比較表を組み合わせ、混同しやすい用語で迷った論点を解き直せます。間違えた問題は理由を短くメモし、関連用語で定義と選択肢の論点を確認してから同分野へ戻ると定着しやすくなります。",,,,,用語はどこから読めばよいですか？,管理業務主任者試験の混同しやすい用語に関する質問「用語はどこから読めばよいですか」について、まず公式要項で最新の制度を確認してください。本サイトでは過去問演習と用語解説で、混同しやすい用語の理解度を具体的に確かめられます。数値や期限は資格ごとに異なるため、本文の例は必ず公式情報と照合してください。,関連用語はどう使いますか？,管理業務主任者試験の混同しやすい用語に関する質問「関連用語はどう使いますか」について、まず公式要項で最新の制度を確認してください。本サイトでは過去問演習と用語解説で、混同しやすい用語の理解度を具体的に確かめられます。数値や期限は資格ごとに異なるため、本文の例は必ず公式情報と照合してください。,past-question-strategy:過去問の使い方;exam-overview:試験概要
related-terms-navigation,用語ハブ活用法,管理業務主任者試験の関連用語での回遊,管理業務主任者試験の関連用語での回遊について、公式情報の確認方法と学習の進め方を整理します。受験前に押さえるべきポイントと、このサイトでの演習・用語解説の活用法を解説します。,用語解説は、過去問で出た語句の意味や似た用語との違いを確認する入口です。,35,用語集;知識整理,管業マスター編集部,資格学習サイトの編集チーム,公式情報確認担当,公開前に一次情報との照合を行う担当者,2026-05-30,管理業務主任者試験センター（公式）|https://www.mankan.or.jp/,用語ハブ活用法向けテンプレートから作成。公開前に本文・参照URL・関連リンクを差し替える。,本記事を読むと、管理業務主任者試験の関連用語での回遊について、公式情報で確認すべき点と、このサイトでの学習の進め方が分かります。読了後は行動チェックリストに沿って演習・用語確認まで進められる状態を目指します。,【行動1】;【行動2】;【行動3】,試験要項・公式ページ更新時に本文と参照元を見直す。,2026-05-30,2026-06-29,2026-05-30,published,ガイド記事テンプレート で 2026-05-30 作成。,用語集の使い方,"管理業務主任者試験の関連用語での回遊について、「用語集の使い方」の観点で整理します。制度・数値・日程は年度や改正で変わるため、学習前と申込前には管理業務主任者試験センター（公式）の最新情報を確認してください。非公式まとめは参考程度にし、最終判断は必ず公式要項に置きます。

このサイトでは過去問・用語解説・比較表を組み合わせ、関連用語での回遊で迷った論点を解き直せます。間違えた問題は理由を短くメモし、関連用語で定義と選択肢の論点を確認してから同分野へ戻ると定着しやすくなります。",重要度の見方,"管理業務主任者試験の関連用語での回遊について、「重要度の見方」の観点で整理します。制度・数値・日程は年度や改正で変わるため、学習前と申込前には管理業務主任者試験センター（公式）の最新情報を確認してください。非公式まとめは参考程度にし、最終判断は必ず公式要項に置きます。

このサイトでは過去問・用語解説・比較表を組み合わせ、関連用語での回遊で迷った論点を解き直せます。間違えた問題は理由を短くメモし、関連用語で定義と選択肢の論点を確認してから同分野へ戻ると定着しやすくなります。",数字・期限の整理,"管理業務主任者試験の関連用語での回遊について、「数字・期限の整理」の観点で整理します。制度・数値・日程は年度や改正で変わるため、学習前と申込前には管理業務主任者試験センター（公式）の最新情報を確認してください。非公式まとめは参考程度にし、最終判断は必ず公式要項に置きます。

このサイトでは過去問・用語解説・比較表を組み合わせ、関連用語での回遊で迷った論点を解き直せます。間違えた問題は理由を短くメモし、関連用語で定義と選択肢の論点を確認してから同分野へ戻ると定着しやすくなります。",関連用語で回遊する,"管理業務主任者試験の関連用語での回遊について、「関連用語で回遊する」の観点で整理します。制度・数値・日程は年度や改正で変わるため、学習前と申込前には管理業務主任者試験センター（公式）の最新情報を確認してください。非公式まとめは参考程度にし、最終判断は必ず公式要項に置きます。

このサイトでは過去問・用語解説・比較表を組み合わせ、関連用語での回遊で迷った論点を解き直せます。間違えた問題は理由を短くメモし、関連用語で定義と選択肢の論点を確認してから同分野へ戻ると定着しやすくなります。",過去問との往復,"管理業務主任者試験の関連用語での回遊について、「過去問との往復」の観点で整理します。制度・数値・日程は年度や改正で変わるため、学習前と申込前には管理業務主任者試験センター（公式）の最新情報を確認してください。非公式まとめは参考程度にし、最終判断は必ず公式要項に置きます。

このサイトでは過去問・用語解説・比較表を組み合わせ、関連用語での回遊で迷った論点を解き直せます。間違えた問題は理由を短くメモし、関連用語で定義と選択肢の論点を確認してから同分野へ戻ると定着しやすくなります。",,,,,用語はどこから読めばよいですか？,管理業務主任者試験の関連用語での回遊に関する質問「用語はどこから読めばよいですか」について、まず公式要項で最新の制度を確認してください。本サイトでは過去問演習と用語解説で、関連用語での回遊の理解度を具体的に確かめられます。数値や期限は資格ごとに異なるため、本文の例は必ず公式情報と照合してください。,関連用語はどう使いますか？,管理業務主任者試験の関連用語での回遊に関する質問「関連用語はどう使いますか」について、まず公式要項で最新の制度を確認してください。本サイトでは過去問演習と用語解説で、関連用語での回遊の理解度を具体的に確かめられます。数値や期限は資格ごとに異なるため、本文の例は必ず公式情報と照合してください。,past-question-strategy:過去問の使い方;exam-overview:試験概要
terms-with-past-questions,用語ハブ活用法,管理業務主任者試験の用語と過去問の併用,管理業務主任者試験の用語と過去問の併用について、公式情報の確認方法と学習の進め方を整理します。受験前に押さえるべきポイントと、このサイトでの演習・用語解説の活用法を解説します。,用語解説は、過去問で出た語句の意味や似た用語との違いを確認する入口です。,35,用語集;知識整理,管業マスター編集部,資格学習サイトの編集チーム,公式情報確認担当,公開前に一次情報との照合を行う担当者,2026-05-30,管理業務主任者試験センター（公式）|https://www.mankan.or.jp/,用語ハブ活用法向けテンプレートから作成。公開前に本文・参照URL・関連リンクを差し替える。,本記事を読むと、管理業務主任者試験の用語と過去問の併用について、公式情報で確認すべき点と、このサイトでの学習の進め方が分かります。読了後は行動チェックリストに沿って演習・用語確認まで進められる状態を目指します。,【行動1】;【行動2】;【行動3】,試験要項・公式ページ更新時に本文と参照元を見直す。,2026-05-30,2026-06-29,2026-05-30,published,ガイド記事テンプレート で 2026-05-30 作成。,用語集の使い方,"管理業務主任者試験の用語と過去問の併用について、「用語集の使い方」の観点で整理します。制度・数値・日程は年度や改正で変わるため、学習前と申込前には管理業務主任者試験センター（公式）の最新情報を確認してください。非公式まとめは参考程度にし、最終判断は必ず公式要項に置きます。

このサイトでは過去問・用語解説・比較表を組み合わせ、用語と過去問の併用で迷った論点を解き直せます。間違えた問題は理由を短くメモし、関連用語で定義と選択肢の論点を確認してから同分野へ戻ると定着しやすくなります。",重要度の見方,"管理業務主任者試験の用語と過去問の併用について、「重要度の見方」の観点で整理します。制度・数値・日程は年度や改正で変わるため、学習前と申込前には管理業務主任者試験センター（公式）の最新情報を確認してください。非公式まとめは参考程度にし、最終判断は必ず公式要項に置きます。

このサイトでは過去問・用語解説・比較表を組み合わせ、用語と過去問の併用で迷った論点を解き直せます。間違えた問題は理由を短くメモし、関連用語で定義と選択肢の論点を確認してから同分野へ戻ると定着しやすくなります。",数字・期限の整理,"管理業務主任者試験の用語と過去問の併用について、「数字・期限の整理」の観点で整理します。制度・数値・日程は年度や改正で変わるため、学習前と申込前には管理業務主任者試験センター（公式）の最新情報を確認してください。非公式まとめは参考程度にし、最終判断は必ず公式要項に置きます。

このサイトでは過去問・用語解説・比較表を組み合わせ、用語と過去問の併用で迷った論点を解き直せます。間違えた問題は理由を短くメモし、関連用語で定義と選択肢の論点を確認してから同分野へ戻ると定着しやすくなります。",関連用語で回遊する,"管理業務主任者試験の用語と過去問の併用について、「関連用語で回遊する」の観点で整理します。制度・数値・日程は年度や改正で変わるため、学習前と申込前には管理業務主任者試験センター（公式）の最新情報を確認してください。非公式まとめは参考程度にし、最終判断は必ず公式要項に置きます。

このサイトでは過去問・用語解説・比較表を組み合わせ、用語と過去問の併用で迷った論点を解き直せます。間違えた問題は理由を短くメモし、関連用語で定義と選択肢の論点を確認してから同分野へ戻ると定着しやすくなります。",過去問との往復,"管理業務主任者試験の用語と過去問の併用について、「過去問との往復」の観点で整理します。制度・数値・日程は年度や改正で変わるため、学習前と申込前には管理業務主任者試験センター（公式）の最新情報を確認してください。非公式まとめは参考程度にし、最終判断は必ず公式要項に置きます。

このサイトでは過去問・用語解説・比較表を組み合わせ、用語と過去問の併用で迷った論点を解き直せます。間違えた問題は理由を短くメモし、関連用語で定義と選択肢の論点を確認してから同分野へ戻ると定着しやすくなります。",,,,,用語はどこから読めばよいですか？,管理業務主任者試験の用語と過去問の併用に関する質問「用語はどこから読めばよいですか」について、まず公式要項で最新の制度を確認してください。本サイトでは過去問演習と用語解説で、用語と過去問の併用の理解度を具体的に確かめられます。数値や期限は資格ごとに異なるため、本文の例は必ず公式情報と照合してください。,関連用語はどう使いますか？,管理業務主任者試験の用語と過去問の併用に関する質問「関連用語はどう使いますか」について、まず公式要項で最新の制度を確認してください。本サイトでは過去問演習と用語解説で、用語と過去問の併用の理解度を具体的に確かめられます。数値や期限は資格ごとに異なるため、本文の例は必ず公式情報と照合してください。,past-question-strategy:過去問の使い方;exam-overview:試験概要
terms-importance-levels,用語ハブ活用法,管理業務主任者試験の用語の重要度の見方,管理業務主任者試験の用語の重要度の見方について、公式情報の確認方法と学習の進め方を整理します。受験前に押さえるべきポイントと、このサイトでの演習・用語解説の活用法を解説します。,用語解説は、過去問で出た語句の意味や似た用語との違いを確認する入口です。,35,用語集;知識整理,管業マスター編集部,資格学習サイトの編集チーム,公式情報確認担当,公開前に一次情報との照合を行う担当者,2026-05-30,管理業務主任者試験センター（公式）|https://www.mankan.or.jp/,用語ハブ活用法向けテンプレートから作成。公開前に本文・参照URL・関連リンクを差し替える。,本記事を読むと、管理業務主任者試験の用語の重要度の見方について、公式情報で確認すべき点と、このサイトでの学習の進め方が分かります。読了後は行動チェックリストに沿って演習・用語確認まで進められる状態を目指します。,【行動1】;【行動2】;【行動3】,試験要項・公式ページ更新時に本文と参照元を見直す。,2026-05-30,2026-06-29,2026-05-30,published,ガイド記事テンプレート で 2026-05-30 作成。,用語集の使い方,"管理業務主任者試験の用語の重要度の見方について、「用語集の使い方」の観点で整理します。制度・数値・日程は年度や改正で変わるため、学習前と申込前には管理業務主任者試験センター（公式）の最新情報を確認してください。非公式まとめは参考程度にし、最終判断は必ず公式要項に置きます。

このサイトでは過去問・用語解説・比較表を組み合わせ、用語の重要度の見方で迷った論点を解き直せます。間違えた問題は理由を短くメモし、関連用語で定義と選択肢の論点を確認してから同分野へ戻ると定着しやすくなります。",重要度の見方,"管理業務主任者試験の用語の重要度の見方について、「重要度の見方」の観点で整理します。制度・数値・日程は年度や改正で変わるため、学習前と申込前には管理業務主任者試験センター（公式）の最新情報を確認してください。非公式まとめは参考程度にし、最終判断は必ず公式要項に置きます。

このサイトでは過去問・用語解説・比較表を組み合わせ、用語の重要度の見方で迷った論点を解き直せます。間違えた問題は理由を短くメモし、関連用語で定義と選択肢の論点を確認してから同分野へ戻ると定着しやすくなります。",数字・期限の整理,"管理業務主任者試験の用語の重要度の見方について、「数字・期限の整理」の観点で整理します。制度・数値・日程は年度や改正で変わるため、学習前と申込前には管理業務主任者試験センター（公式）の最新情報を確認してください。非公式まとめは参考程度にし、最終判断は必ず公式要項に置きます。

このサイトでは過去問・用語解説・比較表を組み合わせ、用語の重要度の見方で迷った論点を解き直せます。間違えた問題は理由を短くメモし、関連用語で定義と選択肢の論点を確認してから同分野へ戻ると定着しやすくなります。",関連用語で回遊する,"管理業務主任者試験の用語の重要度の見方について、「関連用語で回遊する」の観点で整理します。制度・数値・日程は年度や改正で変わるため、学習前と申込前には管理業務主任者試験センター（公式）の最新情報を確認してください。非公式まとめは参考程度にし、最終判断は必ず公式要項に置きます。

このサイトでは過去問・用語解説・比較表を組み合わせ、用語の重要度の見方で迷った論点を解き直せます。間違えた問題は理由を短くメモし、関連用語で定義と選択肢の論点を確認してから同分野へ戻ると定着しやすくなります。",過去問との往復,"管理業務主任者試験の用語の重要度の見方について、「過去問との往復」の観点で整理します。制度・数値・日程は年度や改正で変わるため、学習前と申込前には管理業務主任者試験センター（公式）の最新情報を確認してください。非公式まとめは参考程度にし、最終判断は必ず公式要項に置きます。

このサイトでは過去問・用語解説・比較表を組み合わせ、用語の重要度の見方で迷った論点を解き直せます。間違えた問題は理由を短くメモし、関連用語で定義と選択肢の論点を確認してから同分野へ戻ると定着しやすくなります。",,,,,用語はどこから読めばよいですか？,管理業務主任者試験の用語の重要度の見方に関する質問「用語はどこから読めばよいですか」について、まず公式要項で最新の制度を確認してください。本サイトでは過去問演習と用語解説で、用語の重要度の見方の理解度を具体的に確かめられます。数値や期限は資格ごとに異なるため、本文の例は必ず公式情報と照合してください。,関連用語はどう使いますか？,管理業務主任者試験の用語の重要度の見方に関する質問「関連用語はどう使いますか」について、まず公式要項で最新の制度を確認してください。本サイトでは過去問演習と用語解説で、用語の重要度の見方の理解度を具体的に確かめられます。数値や期限は資格ごとに異なるため、本文の例は必ず公式情報と照合してください。,past-question-strategy:過去問の使い方;exam-overview:試験概要
numbers-and-deadlines,用語ハブ活用法,管理業務主任者試験の数字・期限のまとめ方,管理業務主任者試験の数字・期限のまとめ方について、公式情報の確認方法と学習の進め方を整理します。受験前に押さえるべきポイントと、このサイトでの演習・用語解説の活用法を解説します。,用語解説は、過去問で出た語句の意味や似た用語との違いを確認する入口です。,35,用語集;知識整理,管業マスター編集部,資格学習サイトの編集チーム,公式情報確認担当,公開前に一次情報との照合を行う担当者,2026-05-30,管理業務主任者試験センター（公式）|https://www.mankan.or.jp/,用語ハブ活用法向けテンプレートから作成。公開前に本文・参照URL・関連リンクを差し替える。,本記事を読むと、管理業務主任者試験の数字・期限のまとめ方について、公式情報で確認すべき点と、このサイトでの学習の進め方が分かります。読了後は行動チェックリストに沿って演習・用語確認まで進められる状態を目指します。,【行動1】;【行動2】;【行動3】,試験要項・公式ページ更新時に本文と参照元を見直す。,2026-05-30,2026-06-29,2026-05-30,published,ガイド記事テンプレート で 2026-05-30 作成。,用語集の使い方,"管理業務主任者試験の数字・期限のまとめ方について、「用語集の使い方」の観点で整理します。制度・数値・日程は年度や改正で変わるため、学習前と申込前には管理業務主任者試験センター（公式）の最新情報を確認してください。非公式まとめは参考程度にし、最終判断は必ず公式要項に置きます。

このサイトでは過去問・用語解説・比較表を組み合わせ、数字・期限のまとめ方で迷った論点を解き直せます。間違えた問題は理由を短くメモし、関連用語で定義と選択肢の論点を確認してから同分野へ戻ると定着しやすくなります。",重要度の見方,"管理業務主任者試験の数字・期限のまとめ方について、「重要度の見方」の観点で整理します。制度・数値・日程は年度や改正で変わるため、学習前と申込前には管理業務主任者試験センター（公式）の最新情報を確認してください。非公式まとめは参考程度にし、最終判断は必ず公式要項に置きます。

このサイトでは過去問・用語解説・比較表を組み合わせ、数字・期限のまとめ方で迷った論点を解き直せます。間違えた問題は理由を短くメモし、関連用語で定義と選択肢の論点を確認してから同分野へ戻ると定着しやすくなります。",数字・期限の整理,"管理業務主任者試験の数字・期限のまとめ方について、「数字・期限の整理」の観点で整理します。制度・数値・日程は年度や改正で変わるため、学習前と申込前には管理業務主任者試験センター（公式）の最新情報を確認してください。非公式まとめは参考程度にし、最終判断は必ず公式要項に置きます。

このサイトでは過去問・用語解説・比較表を組み合わせ、数字・期限のまとめ方で迷った論点を解き直せます。間違えた問題は理由を短くメモし、関連用語で定義と選択肢の論点を確認してから同分野へ戻ると定着しやすくなります。",関連用語で回遊する,"管理業務主任者試験の数字・期限のまとめ方について、「関連用語で回遊する」の観点で整理します。制度・数値・日程は年度や改正で変わるため、学習前と申込前には管理業務主任者試験センター（公式）の最新情報を確認してください。非公式まとめは参考程度にし、最終判断は必ず公式要項に置きます。

このサイトでは過去問・用語解説・比較表を組み合わせ、数字・期限のまとめ方で迷った論点を解き直せます。間違えた問題は理由を短くメモし、関連用語で定義と選択肢の論点を確認してから同分野へ戻ると定着しやすくなります。",過去問との往復,"管理業務主任者試験の数字・期限のまとめ方について、「過去問との往復」の観点で整理します。制度・数値・日程は年度や改正で変わるため、学習前と申込前には管理業務主任者試験センター（公式）の最新情報を確認してください。非公式まとめは参考程度にし、最終判断は必ず公式要項に置きます。

このサイトでは過去問・用語解説・比較表を組み合わせ、数字・期限のまとめ方で迷った論点を解き直せます。間違えた問題は理由を短くメモし、関連用語で定義と選択肢の論点を確認してから同分野へ戻ると定着しやすくなります。",,,,,用語はどこから読めばよいですか？,管理業務主任者試験の数字・期限のまとめ方に関する質問「用語はどこから読めばよいですか」について、まず公式要項で最新の制度を確認してください。本サイトでは過去問演習と用語解説で、数字・期限のまとめ方の理解度を具体的に確かめられます。数値や期限は資格ごとに異なるため、本文の例は必ず公式情報と照合してください。,関連用語はどう使いますか？,管理業務主任者試験の数字・期限のまとめ方に関する質問「関連用語はどう使いますか」について、まず公式要項で最新の制度を確認してください。本サイトでは過去問演習と用語解説で、数字・期限のまとめ方の理解度を具体的に確かめられます。数値や期限は資格ごとに異なるため、本文の例は必ず公式情報と照合してください。,past-question-strategy:過去問の使い方;exam-overview:試験概要
formula-memorization,用語ハブ活用法,管理業務主任者試験の公式・計算式の覚え方,管理業務主任者試験の公式・計算式の覚え方について、公式情報の確認方法と学習の進め方を整理します。受験前に押さえるべきポイントと、このサイトでの演習・用語解説の活用法を解説します。,用語解説は、過去問で出た語句の意味や似た用語との違いを確認する入口です。,35,用語集;知識整理,管業マスター編集部,資格学習サイトの編集チーム,公式情報確認担当,公開前に一次情報との照合を行う担当者,2026-05-30,管理業務主任者試験センター（公式）|https://www.mankan.or.jp/,用語ハブ活用法向けテンプレートから作成。公開前に本文・参照URL・関連リンクを差し替える。,本記事を読むと、管理業務主任者試験の公式・計算式の覚え方について、公式情報で確認すべき点と、このサイトでの学習の進め方が分かります。読了後は行動チェックリストに沿って演習・用語確認まで進められる状態を目指します。,【行動1】;【行動2】;【行動3】,試験要項・公式ページ更新時に本文と参照元を見直す。,2026-05-30,2026-06-29,2026-05-30,published,ガイド記事テンプレート で 2026-05-30 作成。,用語集の使い方,"管理業務主任者試験の公式・計算式の覚え方について、「用語集の使い方」の観点で整理します。制度・数値・日程は年度や改正で変わるため、学習前と申込前には管理業務主任者試験センター（公式）の最新情報を確認してください。非公式まとめは参考程度にし、最終判断は必ず公式要項に置きます。

このサイトでは過去問・用語解説・比較表を組み合わせ、公式・計算式の覚え方で迷った論点を解き直せます。間違えた問題は理由を短くメモし、関連用語で定義と選択肢の論点を確認してから同分野へ戻ると定着しやすくなります。",重要度の見方,"管理業務主任者試験の公式・計算式の覚え方について、「重要度の見方」の観点で整理します。制度・数値・日程は年度や改正で変わるため、学習前と申込前には管理業務主任者試験センター（公式）の最新情報を確認してください。非公式まとめは参考程度にし、最終判断は必ず公式要項に置きます。

このサイトでは過去問・用語解説・比較表を組み合わせ、公式・計算式の覚え方で迷った論点を解き直せます。間違えた問題は理由を短くメモし、関連用語で定義と選択肢の論点を確認してから同分野へ戻ると定着しやすくなります。",数字・期限の整理,"管理業務主任者試験の公式・計算式の覚え方について、「数字・期限の整理」の観点で整理します。制度・数値・日程は年度や改正で変わるため、学習前と申込前には管理業務主任者試験センター（公式）の最新情報を確認してください。非公式まとめは参考程度にし、最終判断は必ず公式要項に置きます。

このサイトでは過去問・用語解説・比較表を組み合わせ、公式・計算式の覚え方で迷った論点を解き直せます。間違えた問題は理由を短くメモし、関連用語で定義と選択肢の論点を確認してから同分野へ戻ると定着しやすくなります。",関連用語で回遊する,"管理業務主任者試験の公式・計算式の覚え方について、「関連用語で回遊する」の観点で整理します。制度・数値・日程は年度や改正で変わるため、学習前と申込前には管理業務主任者試験センター（公式）の最新情報を確認してください。非公式まとめは参考程度にし、最終判断は必ず公式要項に置きます。

このサイトでは過去問・用語解説・比較表を組み合わせ、公式・計算式の覚え方で迷った論点を解き直せます。間違えた問題は理由を短くメモし、関連用語で定義と選択肢の論点を確認してから同分野へ戻ると定着しやすくなります。",過去問との往復,"管理業務主任者試験の公式・計算式の覚え方について、「過去問との往復」の観点で整理します。制度・数値・日程は年度や改正で変わるため、学習前と申込前には管理業務主任者試験センター（公式）の最新情報を確認してください。非公式まとめは参考程度にし、最終判断は必ず公式要項に置きます。

このサイトでは過去問・用語解説・比較表を組み合わせ、公式・計算式の覚え方で迷った論点を解き直せます。間違えた問題は理由を短くメモし、関連用語で定義と選択肢の論点を確認してから同分野へ戻ると定着しやすくなります。",,,,,用語はどこから読めばよいですか？,管理業務主任者試験の公式・計算式の覚え方に関する質問「用語はどこから読めばよいですか」について、まず公式要項で最新の制度を確認してください。本サイトでは過去問演習と用語解説で、公式・計算式の覚え方の理解度を具体的に確かめられます。数値や期限は資格ごとに異なるため、本文の例は必ず公式情報と照合してください。,関連用語はどう使いますか？,管理業務主任者試験の公式・計算式の覚え方に関する質問「関連用語はどう使いますか」について、まず公式要項で最新の制度を確認してください。本サイトでは過去問演習と用語解説で、公式・計算式の覚え方の理解度を具体的に確かめられます。数値や期限は資格ごとに異なるため、本文の例は必ず公式情報と照合してください。,past-question-strategy:過去問の使い方;exam-overview:試験概要
calculation-drill,用語ハブ活用法,管理業務主任者試験の計算ドリル,管理業務主任者試験の計算ドリルについて、公式情報の確認方法と学習の進め方を整理します。受験前に押さえるべきポイントと、このサイトでの演習・用語解説の活用法を解説します。,用語解説は、過去問で出た語句の意味や似た用語との違いを確認する入口です。,35,用語集;知識整理,管業マスター編集部,資格学習サイトの編集チーム,公式情報確認担当,公開前に一次情報との照合を行う担当者,2026-05-30,管理業務主任者試験センター（公式）|https://www.mankan.or.jp/,用語ハブ活用法向けテンプレートから作成。公開前に本文・参照URL・関連リンクを差し替える。,本記事を読むと、管理業務主任者試験の計算ドリルについて、公式情報で確認すべき点と、このサイトでの学習の進め方が分かります。読了後は行動チェックリストに沿って演習・用語確認まで進められる状態を目指します。,【行動1】;【行動2】;【行動3】,試験要項・公式ページ更新時に本文と参照元を見直す。,2026-05-30,2026-06-29,2026-05-30,published,ガイド記事テンプレート で 2026-05-30 作成。,用語集の使い方,"管理業務主任者試験の計算ドリルについて、「用語集の使い方」の観点で整理します。制度・数値・日程は年度や改正で変わるため、学習前と申込前には管理業務主任者試験センター（公式）の最新情報を確認してください。非公式まとめは参考程度にし、最終判断は必ず公式要項に置きます。

このサイトでは過去問・用語解説・比較表を組み合わせ、計算ドリルで迷った論点を解き直せます。間違えた問題は理由を短くメモし、関連用語で定義と選択肢の論点を確認してから同分野へ戻ると定着しやすくなります。",重要度の見方,"管理業務主任者試験の計算ドリルについて、「重要度の見方」の観点で整理します。制度・数値・日程は年度や改正で変わるため、学習前と申込前には管理業務主任者試験センター（公式）の最新情報を確認してください。非公式まとめは参考程度にし、最終判断は必ず公式要項に置きます。

このサイトでは過去問・用語解説・比較表を組み合わせ、計算ドリルで迷った論点を解き直せます。間違えた問題は理由を短くメモし、関連用語で定義と選択肢の論点を確認してから同分野へ戻ると定着しやすくなります。",数字・期限の整理,"管理業務主任者試験の計算ドリルについて、「数字・期限の整理」の観点で整理します。制度・数値・日程は年度や改正で変わるため、学習前と申込前には管理業務主任者試験センター（公式）の最新情報を確認してください。非公式まとめは参考程度にし、最終判断は必ず公式要項に置きます。

このサイトでは過去問・用語解説・比較表を組み合わせ、計算ドリルで迷った論点を解き直せます。間違えた問題は理由を短くメモし、関連用語で定義と選択肢の論点を確認してから同分野へ戻ると定着しやすくなります。",関連用語で回遊する,"管理業務主任者試験の計算ドリルについて、「関連用語で回遊する」の観点で整理します。制度・数値・日程は年度や改正で変わるため、学習前と申込前には管理業務主任者試験センター（公式）の最新情報を確認してください。非公式まとめは参考程度にし、最終判断は必ず公式要項に置きます。

このサイトでは過去問・用語解説・比較表を組み合わせ、計算ドリルで迷った論点を解き直せます。間違えた問題は理由を短くメモし、関連用語で定義と選択肢の論点を確認してから同分野へ戻ると定着しやすくなります。",過去問との往復,"管理業務主任者試験の計算ドリルについて、「過去問との往復」の観点で整理します。制度・数値・日程は年度や改正で変わるため、学習前と申込前には管理業務主任者試験センター（公式）の最新情報を確認してください。非公式まとめは参考程度にし、最終判断は必ず公式要項に置きます。

このサイトでは過去問・用語解説・比較表を組み合わせ、計算ドリルで迷った論点を解き直せます。間違えた問題は理由を短くメモし、関連用語で定義と選択肢の論点を確認してから同分野へ戻ると定着しやすくなります。",,,,,用語はどこから読めばよいですか？,管理業務主任者試験の計算ドリルに関する質問「用語はどこから読めばよいですか」について、まず公式要項で最新の制度を確認してください。本サイトでは過去問演習と用語解説で、計算ドリルの理解度を具体的に確かめられます。数値や期限は資格ごとに異なるため、本文の例は必ず公式情報と照合してください。,関連用語はどう使いますか？,管理業務主任者試験の計算ドリルに関する質問「関連用語はどう使いますか」について、まず公式要項で最新の制度を確認してください。本サイトでは過去問演習と用語解説で、計算ドリルの理解度を具体的に確かめられます。数値や期限は資格ごとに異なるため、本文の例は必ず公式情報と照合してください。,past-question-strategy:過去問の使い方;exam-overview:試験概要
rate-and-percentage,用語ハブ活用法,管理業務主任者試験の割合・パーセント問題,管理業務主任者試験の割合・パーセント問題について、公式情報の確認方法と学習の進め方を整理します。受験前に押さえるべきポイントと、このサイトでの演習・用語解説の活用法を解説します。,用語解説は、過去問で出た語句の意味や似た用語との違いを確認する入口です。,35,用語集;知識整理,管業マスター編集部,資格学習サイトの編集チーム,公式情報確認担当,公開前に一次情報との照合を行う担当者,2026-05-30,管理業務主任者試験センター（公式）|https://www.mankan.or.jp/,用語ハブ活用法向けテンプレートから作成。公開前に本文・参照URL・関連リンクを差し替える。,本記事を読むと、管理業務主任者試験の割合・パーセント問題について、公式情報で確認すべき点と、このサイトでの学習の進め方が分かります。読了後は行動チェックリストに沿って演習・用語確認まで進められる状態を目指します。,【行動1】;【行動2】;【行動3】,試験要項・公式ページ更新時に本文と参照元を見直す。,2026-05-30,2026-06-29,2026-05-30,published,ガイド記事テンプレート で 2026-05-30 作成。,用語集の使い方,"管理業務主任者試験の割合・パーセント問題について、「用語集の使い方」の観点で整理します。制度・数値・日程は年度や改正で変わるため、学習前と申込前には管理業務主任者試験センター（公式）の最新情報を確認してください。非公式まとめは参考程度にし、最終判断は必ず公式要項に置きます。

このサイトでは過去問・用語解説・比較表を組み合わせ、割合・パーセント問題で迷った論点を解き直せます。間違えた問題は理由を短くメモし、関連用語で定義と選択肢の論点を確認してから同分野へ戻ると定着しやすくなります。",重要度の見方,"管理業務主任者試験の割合・パーセント問題について、「重要度の見方」の観点で整理します。制度・数値・日程は年度や改正で変わるため、学習前と申込前には管理業務主任者試験センター（公式）の最新情報を確認してください。非公式まとめは参考程度にし、最終判断は必ず公式要項に置きます。

このサイトでは過去問・用語解説・比較表を組み合わせ、割合・パーセント問題で迷った論点を解き直せます。間違えた問題は理由を短くメモし、関連用語で定義と選択肢の論点を確認してから同分野へ戻ると定着しやすくなります。",数字・期限の整理,"管理業務主任者試験の割合・パーセント問題について、「数字・期限の整理」の観点で整理します。制度・数値・日程は年度や改正で変わるため、学習前と申込前には管理業務主任者試験センター（公式）の最新情報を確認してください。非公式まとめは参考程度にし、最終判断は必ず公式要項に置きます。

このサイトでは過去問・用語解説・比較表を組み合わせ、割合・パーセント問題で迷った論点を解き直せます。間違えた問題は理由を短くメモし、関連用語で定義と選択肢の論点を確認してから同分野へ戻ると定着しやすくなります。",関連用語で回遊する,"管理業務主任者試験の割合・パーセント問題について、「関連用語で回遊する」の観点で整理します。制度・数値・日程は年度や改正で変わるため、学習前と申込前には管理業務主任者試験センター（公式）の最新情報を確認してください。非公式まとめは参考程度にし、最終判断は必ず公式要項に置きます。

このサイトでは過去問・用語解説・比較表を組み合わせ、割合・パーセント問題で迷った論点を解き直せます。間違えた問題は理由を短くメモし、関連用語で定義と選択肢の論点を確認してから同分野へ戻ると定着しやすくなります。",過去問との往復,"管理業務主任者試験の割合・パーセント問題について、「過去問との往復」の観点で整理します。制度・数値・日程は年度や改正で変わるため、学習前と申込前には管理業務主任者試験センター（公式）の最新情報を確認してください。非公式まとめは参考程度にし、最終判断は必ず公式要項に置きます。

このサイトでは過去問・用語解説・比較表を組み合わせ、割合・パーセント問題で迷った論点を解き直せます。間違えた問題は理由を短くメモし、関連用語で定義と選択肢の論点を確認してから同分野へ戻ると定着しやすくなります。",,,,,用語はどこから読めばよいですか？,管理業務主任者試験の割合・パーセント問題に関する質問「用語はどこから読めばよいですか」について、まず公式要項で最新の制度を確認してください。本サイトでは過去問演習と用語解説で、割合・パーセント問題の理解度を具体的に確かめられます。数値や期限は資格ごとに異なるため、本文の例は必ず公式情報と照合してください。,関連用語はどう使いますか？,管理業務主任者試験の割合・パーセント問題に関する質問「関連用語はどう使いますか」について、まず公式要項で最新の制度を確認してください。本サイトでは過去問演習と用語解説で、割合・パーセント問題の理解度を具体的に確かめられます。数値や期限は資格ごとに異なるため、本文の例は必ず公式情報と照合してください。,past-question-strategy:過去問の使い方;exam-overview:試験概要
numeric-trap-choices,用語ハブ活用法,管理業務主任者試験の数値問題の引っかけ,管理業務主任者試験の数値問題の引っかけについて、公式情報の確認方法と学習の進め方を整理します。受験前に押さえるべきポイントと、このサイトでの演習・用語解説の活用法を解説します。,用語解説は、過去問で出た語句の意味や似た用語との違いを確認する入口です。,35,用語集;知識整理,管業マスター編集部,資格学習サイトの編集チーム,公式情報確認担当,公開前に一次情報との照合を行う担当者,2026-05-30,管理業務主任者試験センター（公式）|https://www.mankan.or.jp/,用語ハブ活用法向けテンプレートから作成。公開前に本文・参照URL・関連リンクを差し替える。,本記事を読むと、管理業務主任者試験の数値問題の引っかけについて、公式情報で確認すべき点と、このサイトでの学習の進め方が分かります。読了後は行動チェックリストに沿って演習・用語確認まで進められる状態を目指します。,【行動1】;【行動2】;【行動3】,試験要項・公式ページ更新時に本文と参照元を見直す。,2026-05-30,2026-06-29,2026-05-30,published,ガイド記事テンプレート で 2026-05-30 作成。,用語集の使い方,"管理業務主任者試験の数値問題の引っかけについて、「用語集の使い方」の観点で整理します。制度・数値・日程は年度や改正で変わるため、学習前と申込前には管理業務主任者試験センター（公式）の最新情報を確認してください。非公式まとめは参考程度にし、最終判断は必ず公式要項に置きます。

このサイトでは過去問・用語解説・比較表を組み合わせ、数値問題の引っかけで迷った論点を解き直せます。間違えた問題は理由を短くメモし、関連用語で定義と選択肢の論点を確認してから同分野へ戻ると定着しやすくなります。",重要度の見方,"管理業務主任者試験の数値問題の引っかけについて、「重要度の見方」の観点で整理します。制度・数値・日程は年度や改正で変わるため、学習前と申込前には管理業務主任者試験センター（公式）の最新情報を確認してください。非公式まとめは参考程度にし、最終判断は必ず公式要項に置きます。

このサイトでは過去問・用語解説・比較表を組み合わせ、数値問題の引っかけで迷った論点を解き直せます。間違えた問題は理由を短くメモし、関連用語で定義と選択肢の論点を確認してから同分野へ戻ると定着しやすくなります。",数字・期限の整理,"管理業務主任者試験の数値問題の引っかけについて、「数字・期限の整理」の観点で整理します。制度・数値・日程は年度や改正で変わるため、学習前と申込前には管理業務主任者試験センター（公式）の最新情報を確認してください。非公式まとめは参考程度にし、最終判断は必ず公式要項に置きます。

このサイトでは過去問・用語解説・比較表を組み合わせ、数値問題の引っかけで迷った論点を解き直せます。間違えた問題は理由を短くメモし、関連用語で定義と選択肢の論点を確認してから同分野へ戻ると定着しやすくなります。",関連用語で回遊する,"管理業務主任者試験の数値問題の引っかけについて、「関連用語で回遊する」の観点で整理します。制度・数値・日程は年度や改正で変わるため、学習前と申込前には管理業務主任者試験センター（公式）の最新情報を確認してください。非公式まとめは参考程度にし、最終判断は必ず公式要項に置きます。

このサイトでは過去問・用語解説・比較表を組み合わせ、数値問題の引っかけで迷った論点を解き直せます。間違えた問題は理由を短くメモし、関連用語で定義と選択肢の論点を確認してから同分野へ戻ると定着しやすくなります。",過去問との往復,"管理業務主任者試験の数値問題の引っかけについて、「過去問との往復」の観点で整理します。制度・数値・日程は年度や改正で変わるため、学習前と申込前には管理業務主任者試験センター（公式）の最新情報を確認してください。非公式まとめは参考程度にし、最終判断は必ず公式要項に置きます。

このサイトでは過去問・用語解説・比較表を組み合わせ、数値問題の引っかけで迷った論点を解き直せます。間違えた問題は理由を短くメモし、関連用語で定義と選択肢の論点を確認してから同分野へ戻ると定着しやすくなります。",,,,,用語はどこから読めばよいですか？,管理業務主任者試験の数値問題の引っかけに関する質問「用語はどこから読めばよいですか」について、まず公式要項で最新の制度を確認してください。本サイトでは過去問演習と用語解説で、数値問題の引っかけの理解度を具体的に確かめられます。数値や期限は資格ごとに異なるため、本文の例は必ず公式情報と照合してください。,関連用語はどう使いますか？,管理業務主任者試験の数値問題の引っかけに関する質問「関連用語はどう使いますか」について、まず公式要項で最新の制度を確認してください。本サイトでは過去問演習と用語解説で、数値問題の引っかけの理解度を具体的に確かめられます。数値や期限は資格ごとに異なるため、本文の例は必ず公式情報と照合してください。,past-question-strategy:過去問の使い方;exam-overview:試験概要
review-cycle-spaced,復習・苦手克服,管理業務主任者試験の間隔を空けた復習,管理業務主任者試験の間隔を空けた復習について、公式情報の確認方法と学習の進め方を整理します。受験前に押さえるべきポイントと、このサイトでの演習・用語解説の活用法を解説します。,解きっぱなしを防ぎ、得点につながる復習の仕組みを作りたい人向けの記事です。,36,復習;苦手克服,管業マスター編集部,資格学習サイトの編集チーム,公式情報確認担当,公開前に一次情報との照合を行う担当者,2026-05-30,管理業務主任者試験センター（公式）|https://www.mankan.or.jp/,復習・苦手克服向けテンプレートから作成。公開前に本文・参照URL・関連リンクを差し替える。,本記事を読むと、管理業務主任者試験の間隔を空けた復習について、公式情報で確認すべき点と、このサイトでの学習の進め方が分かります。読了後は行動チェックリストに沿って演習・用語確認まで進められる状態を目指します。,【行動1】;【行動2】;【行動3】,試験要項・公式ページ更新時に本文と参照元を見直す。,2026-05-30,2026-06-29,2026-05-30,published,ガイド記事テンプレート で 2026-05-30 作成。,復習サイクルの作り方,"管理業務主任者試験の間隔を空けた復習について、「復習サイクルの作り方」の観点で整理します。制度・数値・日程は年度や改正で変わるため、学習前と申込前には管理業務主任者試験センター（公式）の最新情報を確認してください。非公式まとめは参考程度にし、最終判断は必ず公式要項に置きます。

このサイトでは過去問・用語解説・比較表を組み合わせ、間隔を空けた復習で迷った論点を解き直せます。間違えた問題は理由を短くメモし、関連用語で定義と選択肢の論点を確認してから同分野へ戻ると定着しやすくなります。",間違いの分類,"管理業務主任者試験の間隔を空けた復習について、「間違いの分類」の観点で整理します。制度・数値・日程は年度や改正で変わるため、学習前と申込前には管理業務主任者試験センター（公式）の最新情報を確認してください。非公式まとめは参考程度にし、最終判断は必ず公式要項に置きます。

このサイトでは過去問・用語解説・比較表を組み合わせ、間隔を空けた復習で迷った論点を解き直せます。間違えた問題は理由を短くメモし、関連用語で定義と選択肢の論点を確認してから同分野へ戻ると定着しやすくなります。",苦手分野の優先順位,"管理業務主任者試験の間隔を空けた復習について、「苦手分野の優先順位」の観点で整理します。制度・数値・日程は年度や改正で変わるため、学習前と申込前には管理業務主任者試験センター（公式）の最新情報を確認してください。非公式まとめは参考程度にし、最終判断は必ず公式要項に置きます。

このサイトでは過去問・用語解説・比較表を組み合わせ、間隔を空けた復習で迷った論点を解き直せます。間違えた問題は理由を短くメモし、関連用語で定義と選択肢の論点を確認してから同分野へ戻ると定着しやすくなります。",偶然正解の見直し,"管理業務主任者試験の間隔を空けた復習について、「偶然正解の見直し」の観点で整理します。制度・数値・日程は年度や改正で変わるため、学習前と申込前には管理業務主任者試験センター（公式）の最新情報を確認してください。非公式まとめは参考程度にし、最終判断は必ず公式要項に置きます。

このサイトでは過去問・用語解説・比較表を組み合わせ、間隔を空けた復習で迷った論点を解き直せます。間違えた問題は理由を短くメモし、関連用語で定義と選択肢の論点を確認してから同分野へ戻ると定着しやすくなります。",直前までの維持,"管理業務主任者試験の間隔を空けた復習について、「直前までの維持」の観点で整理します。制度・数値・日程は年度や改正で変わるため、学習前と申込前には管理業務主任者試験センター（公式）の最新情報を確認してください。非公式まとめは参考程度にし、最終判断は必ず公式要項に置きます。

このサイトでは過去問・用語解説・比較表を組み合わせ、間隔を空けた復習で迷った論点を解き直せます。間違えた問題は理由を短くメモし、関連用語で定義と選択肢の論点を確認してから同分野へ戻ると定着しやすくなります。",,,,,何度復習すればよいですか？,管理業務主任者試験の間隔を空けた復習に関する質問「何度復習すればよいですか」について、まず公式要項で最新の制度を確認してください。本サイトでは過去問演習と用語解説で、間隔を空けた復習の理解度を具体的に確かめられます。数値や期限は資格ごとに異なるため、本文の例は必ず公式情報と照合してください。,ノートは必要ですか？,管理業務主任者試験の間隔を空けた復習に関する質問「ノートは必要ですか」について、まず公式要項で最新の制度を確認してください。本サイトでは過去問演習と用語解説で、間隔を空けた復習の理解度を具体的に確かめられます。数値や期限は資格ごとに異なるため、本文の例は必ず公式情報と照合してください。,past-question-strategy:過去問の使い方;study-plan:学習計画
mistake-notebook,復習・苦手克服,管理業務主任者試験の間違いノートの作り方,管理業務主任者試験の間違いノートの作り方について、公式情報の確認方法と学習の進め方を整理します。受験前に押さえるべきポイントと、このサイトでの演習・用語解説の活用法を解説します。,解きっぱなしを防ぎ、得点につながる復習の仕組みを作りたい人向けの記事です。,36,復習;苦手克服,管業マスター編集部,資格学習サイトの編集チーム,公式情報確認担当,公開前に一次情報との照合を行う担当者,2026-05-30,管理業務主任者試験センター（公式）|https://www.mankan.or.jp/,復習・苦手克服向けテンプレートから作成。公開前に本文・参照URL・関連リンクを差し替える。,本記事を読むと、管理業務主任者試験の間違いノートの作り方について、公式情報で確認すべき点と、このサイトでの学習の進め方が分かります。読了後は行動チェックリストに沿って演習・用語確認まで進められる状態を目指します。,【行動1】;【行動2】;【行動3】,試験要項・公式ページ更新時に本文と参照元を見直す。,2026-05-30,2026-06-29,2026-05-30,published,ガイド記事テンプレート で 2026-05-30 作成。,復習サイクルの作り方,"管理業務主任者試験の間違いノートの作り方について、「復習サイクルの作り方」の観点で整理します。制度・数値・日程は年度や改正で変わるため、学習前と申込前には管理業務主任者試験センター（公式）の最新情報を確認してください。非公式まとめは参考程度にし、最終判断は必ず公式要項に置きます。

このサイトでは過去問・用語解説・比較表を組み合わせ、間違いノートの作り方で迷った論点を解き直せます。間違えた問題は理由を短くメモし、関連用語で定義と選択肢の論点を確認してから同分野へ戻ると定着しやすくなります。",間違いの分類,"管理業務主任者試験の間違いノートの作り方について、「間違いの分類」の観点で整理します。制度・数値・日程は年度や改正で変わるため、学習前と申込前には管理業務主任者試験センター（公式）の最新情報を確認してください。非公式まとめは参考程度にし、最終判断は必ず公式要項に置きます。

このサイトでは過去問・用語解説・比較表を組み合わせ、間違いノートの作り方で迷った論点を解き直せます。間違えた問題は理由を短くメモし、関連用語で定義と選択肢の論点を確認してから同分野へ戻ると定着しやすくなります。",苦手分野の優先順位,"管理業務主任者試験の間違いノートの作り方について、「苦手分野の優先順位」の観点で整理します。制度・数値・日程は年度や改正で変わるため、学習前と申込前には管理業務主任者試験センター（公式）の最新情報を確認してください。非公式まとめは参考程度にし、最終判断は必ず公式要項に置きます。

このサイトでは過去問・用語解説・比較表を組み合わせ、間違いノートの作り方で迷った論点を解き直せます。間違えた問題は理由を短くメモし、関連用語で定義と選択肢の論点を確認してから同分野へ戻ると定着しやすくなります。",偶然正解の見直し,"管理業務主任者試験の間違いノートの作り方について、「偶然正解の見直し」の観点で整理します。制度・数値・日程は年度や改正で変わるため、学習前と申込前には管理業務主任者試験センター（公式）の最新情報を確認してください。非公式まとめは参考程度にし、最終判断は必ず公式要項に置きます。

このサイトでは過去問・用語解説・比較表を組み合わせ、間違いノートの作り方で迷った論点を解き直せます。間違えた問題は理由を短くメモし、関連用語で定義と選択肢の論点を確認してから同分野へ戻ると定着しやすくなります。",直前までの維持,"管理業務主任者試験の間違いノートの作り方について、「直前までの維持」の観点で整理します。制度・数値・日程は年度や改正で変わるため、学習前と申込前には管理業務主任者試験センター（公式）の最新情報を確認してください。非公式まとめは参考程度にし、最終判断は必ず公式要項に置きます。

このサイトでは過去問・用語解説・比較表を組み合わせ、間違いノートの作り方で迷った論点を解き直せます。間違えた問題は理由を短くメモし、関連用語で定義と選択肢の論点を確認してから同分野へ戻ると定着しやすくなります。",,,,,何度復習すればよいですか？,管理業務主任者試験の間違いノートの作り方に関する質問「何度復習すればよいですか」について、まず公式要項で最新の制度を確認してください。本サイトでは過去問演習と用語解説で、間違いノートの作り方の理解度を具体的に確かめられます。数値や期限は資格ごとに異なるため、本文の例は必ず公式情報と照合してください。,ノートは必要ですか？,管理業務主任者試験の間違いノートの作り方に関する質問「ノートは必要ですか」について、まず公式要項で最新の制度を確認してください。本サイトでは過去問演習と用語解説で、間違いノートの作り方の理解度を具体的に確かめられます。数値や期限は資格ごとに異なるため、本文の例は必ず公式情報と照合してください。,past-question-strategy:過去問の使い方;study-plan:学習計画
note-taking-method,復習・苦手克服,管理業務主任者試験のノートの取り方,管理業務主任者試験のノートの取り方について、公式情報の確認方法と学習の進め方を整理します。受験前に押さえるべきポイントと、このサイトでの演習・用語解説の活用法を解説します。,解きっぱなしを防ぎ、得点につながる復習の仕組みを作りたい人向けの記事です。,36,復習;苦手克服,管業マスター編集部,資格学習サイトの編集チーム,公式情報確認担当,公開前に一次情報との照合を行う担当者,2026-05-30,管理業務主任者試験センター（公式）|https://www.mankan.or.jp/,復習・苦手克服向けテンプレートから作成。公開前に本文・参照URL・関連リンクを差し替える。,本記事を読むと、管理業務主任者試験のノートの取り方について、公式情報で確認すべき点と、このサイトでの学習の進め方が分かります。読了後は行動チェックリストに沿って演習・用語確認まで進められる状態を目指します。,【行動1】;【行動2】;【行動3】,試験要項・公式ページ更新時に本文と参照元を見直す。,2026-05-30,2026-06-29,2026-05-30,published,ガイド記事テンプレート で 2026-05-30 作成。,復習サイクルの作り方,"管理業務主任者試験のノートの取り方について、「復習サイクルの作り方」の観点で整理します。制度・数値・日程は年度や改正で変わるため、学習前と申込前には管理業務主任者試験センター（公式）の最新情報を確認してください。非公式まとめは参考程度にし、最終判断は必ず公式要項に置きます。

このサイトでは過去問・用語解説・比較表を組み合わせ、ノートの取り方で迷った論点を解き直せます。間違えた問題は理由を短くメモし、関連用語で定義と選択肢の論点を確認してから同分野へ戻ると定着しやすくなります。",間違いの分類,"管理業務主任者試験のノートの取り方について、「間違いの分類」の観点で整理します。制度・数値・日程は年度や改正で変わるため、学習前と申込前には管理業務主任者試験センター（公式）の最新情報を確認してください。非公式まとめは参考程度にし、最終判断は必ず公式要項に置きます。

このサイトでは過去問・用語解説・比較表を組み合わせ、ノートの取り方で迷った論点を解き直せます。間違えた問題は理由を短くメモし、関連用語で定義と選択肢の論点を確認してから同分野へ戻ると定着しやすくなります。",苦手分野の優先順位,"管理業務主任者試験のノートの取り方について、「苦手分野の優先順位」の観点で整理します。制度・数値・日程は年度や改正で変わるため、学習前と申込前には管理業務主任者試験センター（公式）の最新情報を確認してください。非公式まとめは参考程度にし、最終判断は必ず公式要項に置きます。

このサイトでは過去問・用語解説・比較表を組み合わせ、ノートの取り方で迷った論点を解き直せます。間違えた問題は理由を短くメモし、関連用語で定義と選択肢の論点を確認してから同分野へ戻ると定着しやすくなります。",偶然正解の見直し,"管理業務主任者試験のノートの取り方について、「偶然正解の見直し」の観点で整理します。制度・数値・日程は年度や改正で変わるため、学習前と申込前には管理業務主任者試験センター（公式）の最新情報を確認してください。非公式まとめは参考程度にし、最終判断は必ず公式要項に置きます。

このサイトでは過去問・用語解説・比較表を組み合わせ、ノートの取り方で迷った論点を解き直せます。間違えた問題は理由を短くメモし、関連用語で定義と選択肢の論点を確認してから同分野へ戻ると定着しやすくなります。",直前までの維持,"管理業務主任者試験のノートの取り方について、「直前までの維持」の観点で整理します。制度・数値・日程は年度や改正で変わるため、学習前と申込前には管理業務主任者試験センター（公式）の最新情報を確認してください。非公式まとめは参考程度にし、最終判断は必ず公式要項に置きます。

このサイトでは過去問・用語解説・比較表を組み合わせ、ノートの取り方で迷った論点を解き直せます。間違えた問題は理由を短くメモし、関連用語で定義と選択肢の論点を確認してから同分野へ戻ると定着しやすくなります。",,,,,何度復習すればよいですか？,管理業務主任者試験のノートの取り方に関する質問「何度復習すればよいですか」について、まず公式要項で最新の制度を確認してください。本サイトでは過去問演習と用語解説で、ノートの取り方の理解度を具体的に確かめられます。数値や期限は資格ごとに異なるため、本文の例は必ず公式情報と照合してください。,ノートは必要ですか？,管理業務主任者試験のノートの取り方に関する質問「ノートは必要ですか」について、まず公式要項で最新の制度を確認してください。本サイトでは過去問演習と用語解説で、ノートの取り方の理解度を具体的に確かめられます。数値や期限は資格ごとに異なるため、本文の例は必ず公式情報と照合してください。,past-question-strategy:過去問の使い方;study-plan:学習計画
almost-correct-review,復習・苦手克服,管理業務主任者試験の惜しい問題の見直し,管理業務主任者試験の惜しい問題の見直しについて、公式情報の確認方法と学習の進め方を整理します。受験前に押さえるべきポイントと、このサイトでの演習・用語解説の活用法を解説します。,解きっぱなしを防ぎ、得点につながる復習の仕組みを作りたい人向けの記事です。,36,復習;苦手克服,管業マスター編集部,資格学習サイトの編集チーム,公式情報確認担当,公開前に一次情報との照合を行う担当者,2026-05-30,管理業務主任者試験センター（公式）|https://www.mankan.or.jp/,復習・苦手克服向けテンプレートから作成。公開前に本文・参照URL・関連リンクを差し替える。,本記事を読むと、管理業務主任者試験の惜しい問題の見直しについて、公式情報で確認すべき点と、このサイトでの学習の進め方が分かります。読了後は行動チェックリストに沿って演習・用語確認まで進められる状態を目指します。,【行動1】;【行動2】;【行動3】,試験要項・公式ページ更新時に本文と参照元を見直す。,2026-05-30,2026-06-29,2026-05-30,published,ガイド記事テンプレート で 2026-05-30 作成。,復習サイクルの作り方,"管理業務主任者試験の惜しい問題の見直しについて、「復習サイクルの作り方」の観点で整理します。制度・数値・日程は年度や改正で変わるため、学習前と申込前には管理業務主任者試験センター（公式）の最新情報を確認してください。非公式まとめは参考程度にし、最終判断は必ず公式要項に置きます。

このサイトでは過去問・用語解説・比較表を組み合わせ、惜しい問題の見直しで迷った論点を解き直せます。間違えた問題は理由を短くメモし、関連用語で定義と選択肢の論点を確認してから同分野へ戻ると定着しやすくなります。",間違いの分類,"管理業務主任者試験の惜しい問題の見直しについて、「間違いの分類」の観点で整理します。制度・数値・日程は年度や改正で変わるため、学習前と申込前には管理業務主任者試験センター（公式）の最新情報を確認してください。非公式まとめは参考程度にし、最終判断は必ず公式要項に置きます。

このサイトでは過去問・用語解説・比較表を組み合わせ、惜しい問題の見直しで迷った論点を解き直せます。間違えた問題は理由を短くメモし、関連用語で定義と選択肢の論点を確認してから同分野へ戻ると定着しやすくなります。",苦手分野の優先順位,"管理業務主任者試験の惜しい問題の見直しについて、「苦手分野の優先順位」の観点で整理します。制度・数値・日程は年度や改正で変わるため、学習前と申込前には管理業務主任者試験センター（公式）の最新情報を確認してください。非公式まとめは参考程度にし、最終判断は必ず公式要項に置きます。

このサイトでは過去問・用語解説・比較表を組み合わせ、惜しい問題の見直しで迷った論点を解き直せます。間違えた問題は理由を短くメモし、関連用語で定義と選択肢の論点を確認してから同分野へ戻ると定着しやすくなります。",偶然正解の見直し,"管理業務主任者試験の惜しい問題の見直しについて、「偶然正解の見直し」の観点で整理します。制度・数値・日程は年度や改正で変わるため、学習前と申込前には管理業務主任者試験センター（公式）の最新情報を確認してください。非公式まとめは参考程度にし、最終判断は必ず公式要項に置きます。

このサイトでは過去問・用語解説・比較表を組み合わせ、惜しい問題の見直しで迷った論点を解き直せます。間違えた問題は理由を短くメモし、関連用語で定義と選択肢の論点を確認してから同分野へ戻ると定着しやすくなります。",直前までの維持,"管理業務主任者試験の惜しい問題の見直しについて、「直前までの維持」の観点で整理します。制度・数値・日程は年度や改正で変わるため、学習前と申込前には管理業務主任者試験センター（公式）の最新情報を確認してください。非公式まとめは参考程度にし、最終判断は必ず公式要項に置きます。

このサイトでは過去問・用語解説・比較表を組み合わせ、惜しい問題の見直しで迷った論点を解き直せます。間違えた問題は理由を短くメモし、関連用語で定義と選択肢の論点を確認してから同分野へ戻ると定着しやすくなります。",,,,,何度復習すればよいですか？,管理業務主任者試験の惜しい問題の見直しに関する質問「何度復習すればよいですか」について、まず公式要項で最新の制度を確認してください。本サイトでは過去問演習と用語解説で、惜しい問題の見直しの理解度を具体的に確かめられます。数値や期限は資格ごとに異なるため、本文の例は必ず公式情報と照合してください。,ノートは必要ですか？,管理業務主任者試験の惜しい問題の見直しに関する質問「ノートは必要ですか」について、まず公式要項で最新の制度を確認してください。本サイトでは過去問演習と用語解説で、惜しい問題の見直しの理解度を具体的に確かめられます。数値や期限は資格ごとに異なるため、本文の例は必ず公式情報と照合してください。,past-question-strategy:過去問の使い方;study-plan:学習計画
plateau-breakthrough,復習・苦手克服,管理業務主任者試験の伸び悩みの突破,管理業務主任者試験の伸び悩みの突破について、公式情報の確認方法と学習の進め方を整理します。受験前に押さえるべきポイントと、このサイトでの演習・用語解説の活用法を解説します。,解きっぱなしを防ぎ、得点につながる復習の仕組みを作りたい人向けの記事です。,36,復習;苦手克服,管業マスター編集部,資格学習サイトの編集チーム,公式情報確認担当,公開前に一次情報との照合を行う担当者,2026-05-30,管理業務主任者試験センター（公式）|https://www.mankan.or.jp/,復習・苦手克服向けテンプレートから作成。公開前に本文・参照URL・関連リンクを差し替える。,本記事を読むと、管理業務主任者試験の伸び悩みの突破について、公式情報で確認すべき点と、このサイトでの学習の進め方が分かります。読了後は行動チェックリストに沿って演習・用語確認まで進められる状態を目指します。,【行動1】;【行動2】;【行動3】,試験要項・公式ページ更新時に本文と参照元を見直す。,2026-05-30,2026-06-29,2026-05-30,published,ガイド記事テンプレート で 2026-05-30 作成。,復習サイクルの作り方,"管理業務主任者試験の伸び悩みの突破について、「復習サイクルの作り方」の観点で整理します。制度・数値・日程は年度や改正で変わるため、学習前と申込前には管理業務主任者試験センター（公式）の最新情報を確認してください。非公式まとめは参考程度にし、最終判断は必ず公式要項に置きます。

このサイトでは過去問・用語解説・比較表を組み合わせ、伸び悩みの突破で迷った論点を解き直せます。間違えた問題は理由を短くメモし、関連用語で定義と選択肢の論点を確認してから同分野へ戻ると定着しやすくなります。",間違いの分類,"管理業務主任者試験の伸び悩みの突破について、「間違いの分類」の観点で整理します。制度・数値・日程は年度や改正で変わるため、学習前と申込前には管理業務主任者試験センター（公式）の最新情報を確認してください。非公式まとめは参考程度にし、最終判断は必ず公式要項に置きます。

このサイトでは過去問・用語解説・比較表を組み合わせ、伸び悩みの突破で迷った論点を解き直せます。間違えた問題は理由を短くメモし、関連用語で定義と選択肢の論点を確認してから同分野へ戻ると定着しやすくなります。",苦手分野の優先順位,"管理業務主任者試験の伸び悩みの突破について、「苦手分野の優先順位」の観点で整理します。制度・数値・日程は年度や改正で変わるため、学習前と申込前には管理業務主任者試験センター（公式）の最新情報を確認してください。非公式まとめは参考程度にし、最終判断は必ず公式要項に置きます。

このサイトでは過去問・用語解説・比較表を組み合わせ、伸び悩みの突破で迷った論点を解き直せます。間違えた問題は理由を短くメモし、関連用語で定義と選択肢の論点を確認してから同分野へ戻ると定着しやすくなります。",偶然正解の見直し,"管理業務主任者試験の伸び悩みの突破について、「偶然正解の見直し」の観点で整理します。制度・数値・日程は年度や改正で変わるため、学習前と申込前には管理業務主任者試験センター（公式）の最新情報を確認してください。非公式まとめは参考程度にし、最終判断は必ず公式要項に置きます。

このサイトでは過去問・用語解説・比較表を組み合わせ、伸び悩みの突破で迷った論点を解き直せます。間違えた問題は理由を短くメモし、関連用語で定義と選択肢の論点を確認してから同分野へ戻ると定着しやすくなります。",直前までの維持,"管理業務主任者試験の伸び悩みの突破について、「直前までの維持」の観点で整理します。制度・数値・日程は年度や改正で変わるため、学習前と申込前には管理業務主任者試験センター（公式）の最新情報を確認してください。非公式まとめは参考程度にし、最終判断は必ず公式要項に置きます。

このサイトでは過去問・用語解説・比較表を組み合わせ、伸び悩みの突破で迷った論点を解き直せます。間違えた問題は理由を短くメモし、関連用語で定義と選択肢の論点を確認してから同分野へ戻ると定着しやすくなります。",,,,,何度復習すればよいですか？,管理業務主任者試験の伸び悩みの突破に関する質問「何度復習すればよいですか」について、まず公式要項で最新の制度を確認してください。本サイトでは過去問演習と用語解説で、伸び悩みの突破の理解度を具体的に確かめられます。数値や期限は資格ごとに異なるため、本文の例は必ず公式情報と照合してください。,ノートは必要ですか？,管理業務主任者試験の伸び悩みの突破に関する質問「ノートは必要ですか」について、まず公式要項で最新の制度を確認してください。本サイトでは過去問演習と用語解説で、伸び悩みの突破の理解度を具体的に確かめられます。数値や期限は資格ごとに異なるため、本文の例は必ず公式情報と照合してください。,past-question-strategy:過去問の使い方;study-plan:学習計画
final-week-prep,直前・当日,管理業務主任者試験の直前1週間の対策,管理業務主任者試験の直前1週間の対策について、公式情報の確認方法と学習の進め方を整理します。受験前に押さえるべきポイントと、このサイトでの演習・用語解説の活用法を解説します。,試験直前と当日に何を確認すべきかをまとめ、不安を減らして実力を出しやすくします。,70,直前対策;試験当日,管業マスター編集部,資格学習サイトの編集チーム,公式情報確認担当,公開前に一次情報との照合を行う担当者,2026-05-30,管理業務主任者試験センター（公式）|https://www.mankan.or.jp/,直前・当日向けテンプレートから作成。公開前に本文・参照URL・関連リンクを差し替える。,本記事を読むと、管理業務主任者試験の直前1週間の対策について、公式情報で確認すべき点と、このサイトでの学習の進め方が分かります。読了後は行動チェックリストに沿って演習・用語確認まで進められる状態を目指します。,【行動1】;【行動2】;【行動3】,試験要項・公式ページ更新時に本文と参照元を見直す。,2026-05-30,2026-06-29,2026-05-30,published,ガイド記事テンプレート で 2026-05-30 作成。,直前1〜2週間の絞り込み,"管理業務主任者試験の直前1週間の対策について、「直前1〜2週間の絞り込み」の観点で整理します。制度・数値・日程は年度や改正で変わるため、学習前と申込前には管理業務主任者試験センター（公式）の最新情報を確認してください。非公式まとめは参考程度にし、最終判断は必ず公式要項に置きます。

このサイトでは過去問・用語解説・比較表を組み合わせ、直前1週間の対策で迷った論点を解き直せます。間違えた問題は理由を短くメモし、関連用語で定義と選択肢の論点を確認してから同分野へ戻ると定着しやすくなります。",最終確認リスト,"管理業務主任者試験の直前1週間の対策について、「最終確認リスト」の観点で整理します。制度・数値・日程は年度や改正で変わるため、学習前と申込前には管理業務主任者試験センター（公式）の最新情報を確認してください。非公式まとめは参考程度にし、最終判断は必ず公式要項に置きます。

このサイトでは過去問・用語解説・比較表を組み合わせ、直前1週間の対策で迷った論点を解き直せます。間違えた問題は理由を短くメモし、関連用語で定義と選択肢の論点を確認してから同分野へ戻ると定着しやすくなります。",当日のタイムライン,"管理業務主任者試験の直前1週間の対策について、「当日のタイムライン」の観点で整理します。制度・数値・日程は年度や改正で変わるため、学習前と申込前には管理業務主任者試験センター（公式）の最新情報を確認してください。非公式まとめは参考程度にし、最終判断は必ず公式要項に置きます。

このサイトでは過去問・用語解説・比較表を組み合わせ、直前1週間の対策で迷った論点を解き直せます。間違えた問題は理由を短くメモし、関連用語で定義と選択肢の論点を確認してから同分野へ戻ると定着しやすくなります。",持ち物と時間配分,"管理業務主任者試験の直前1週間の対策について、「持ち物と時間配分」の観点で整理します。制度・数値・日程は年度や改正で変わるため、学習前と申込前には管理業務主任者試験センター（公式）の最新情報を確認してください。非公式まとめは参考程度にし、最終判断は必ず公式要項に置きます。

このサイトでは過去問・用語解説・比較表を組み合わせ、直前1週間の対策で迷った論点を解き直せます。間違えた問題は理由を短くメモし、関連用語で定義と選択肢の論点を確認してから同分野へ戻ると定着しやすくなります。",メンタル・トラブル対応,"管理業務主任者試験の直前1週間の対策について、「メンタル・トラブル対応」の観点で整理します。制度・数値・日程は年度や改正で変わるため、学習前と申込前には管理業務主任者試験センター（公式）の最新情報を確認してください。非公式まとめは参考程度にし、最終判断は必ず公式要項に置きます。

このサイトでは過去問・用語解説・比較表を組み合わせ、直前1週間の対策で迷った論点を解き直せます。間違えた問題は理由を短くメモし、関連用語で定義と選択肢の論点を確認してから同分野へ戻ると定着しやすくなります。",,,,,直前に新しい教材を増やしてもよいですか？,管理業務主任者試験の直前1週間の対策に関する質問「直前に新しい教材を増やしてもよいですか」について、まず公式要項で最新の制度を確認してください。本サイトでは過去問演習と用語解説で、直前1週間の対策の理解度を具体的に確かめられます。数値や期限は資格ごとに異なるため、本文の例は必ず公式情報と照合してください。,持ち物で忘れがちなものは？,管理業務主任者試験の直前1週間の対策に関する質問「持ち物で忘れがちなものは」について、まず公式要項で最新の制度を確認してください。本サイトでは過去問演習と用語解説で、直前1週間の対策の理解度を具体的に確かめられます。数値や期限は資格ごとに異なるため、本文の例は必ず公式情報と照合してください。,past-question-strategy:過去問の使い方;glossary-how-to:用語ハブ活用法
final-day-checklist,直前・当日,管理業務主任者試験の試験前日チェックリスト,管理業務主任者試験の試験前日チェックリストについて、公式情報の確認方法と学習の進め方を整理します。受験前に押さえるべきポイントと、このサイトでの演習・用語解説の活用法を解説します。,試験直前と当日に何を確認すべきかをまとめ、不安を減らして実力を出しやすくします。,70,直前対策;試験当日,管業マスター編集部,資格学習サイトの編集チーム,公式情報確認担当,公開前に一次情報との照合を行う担当者,2026-05-30,管理業務主任者試験センター（公式）|https://www.mankan.or.jp/,直前・当日向けテンプレートから作成。公開前に本文・参照URL・関連リンクを差し替える。,本記事を読むと、管理業務主任者試験の試験前日チェックリストについて、公式情報で確認すべき点と、このサイトでの学習の進め方が分かります。読了後は行動チェックリストに沿って演習・用語確認まで進められる状態を目指します。,【行動1】;【行動2】;【行動3】,試験要項・公式ページ更新時に本文と参照元を見直す。,2026-05-30,2026-06-29,2026-05-30,published,ガイド記事テンプレート で 2026-05-30 作成。,直前1〜2週間の絞り込み,"管理業務主任者試験の試験前日チェックリストについて、「直前1〜2週間の絞り込み」の観点で整理します。制度・数値・日程は年度や改正で変わるため、学習前と申込前には管理業務主任者試験センター（公式）の最新情報を確認してください。非公式まとめは参考程度にし、最終判断は必ず公式要項に置きます。

このサイトでは過去問・用語解説・比較表を組み合わせ、試験前日チェックリストで迷った論点を解き直せます。間違えた問題は理由を短くメモし、関連用語で定義と選択肢の論点を確認してから同分野へ戻ると定着しやすくなります。",最終確認リスト,"管理業務主任者試験の試験前日チェックリストについて、「最終確認リスト」の観点で整理します。制度・数値・日程は年度や改正で変わるため、学習前と申込前には管理業務主任者試験センター（公式）の最新情報を確認してください。非公式まとめは参考程度にし、最終判断は必ず公式要項に置きます。

このサイトでは過去問・用語解説・比較表を組み合わせ、試験前日チェックリストで迷った論点を解き直せます。間違えた問題は理由を短くメモし、関連用語で定義と選択肢の論点を確認してから同分野へ戻ると定着しやすくなります。",当日のタイムライン,"管理業務主任者試験の試験前日チェックリストについて、「当日のタイムライン」の観点で整理します。制度・数値・日程は年度や改正で変わるため、学習前と申込前には管理業務主任者試験センター（公式）の最新情報を確認してください。非公式まとめは参考程度にし、最終判断は必ず公式要項に置きます。

このサイトでは過去問・用語解説・比較表を組み合わせ、試験前日チェックリストで迷った論点を解き直せます。間違えた問題は理由を短くメモし、関連用語で定義と選択肢の論点を確認してから同分野へ戻ると定着しやすくなります。",持ち物と時間配分,"管理業務主任者試験の試験前日チェックリストについて、「持ち物と時間配分」の観点で整理します。制度・数値・日程は年度や改正で変わるため、学習前と申込前には管理業務主任者試験センター（公式）の最新情報を確認してください。非公式まとめは参考程度にし、最終判断は必ず公式要項に置きます。

このサイトでは過去問・用語解説・比較表を組み合わせ、試験前日チェックリストで迷った論点を解き直せます。間違えた問題は理由を短くメモし、関連用語で定義と選択肢の論点を確認してから同分野へ戻ると定着しやすくなります。",メンタル・トラブル対応,"管理業務主任者試験の試験前日チェックリストについて、「メンタル・トラブル対応」の観点で整理します。制度・数値・日程は年度や改正で変わるため、学習前と申込前には管理業務主任者試験センター（公式）の最新情報を確認してください。非公式まとめは参考程度にし、最終判断は必ず公式要項に置きます。

このサイトでは過去問・用語解説・比較表を組み合わせ、試験前日チェックリストで迷った論点を解き直せます。間違えた問題は理由を短くメモし、関連用語で定義と選択肢の論点を確認してから同分野へ戻ると定着しやすくなります。",,,,,直前に新しい教材を増やしてもよいですか？,管理業務主任者試験の試験前日チェックリストに関する質問「直前に新しい教材を増やしてもよいですか」について、まず公式要項で最新の制度を確認してください。本サイトでは過去問演習と用語解説で、試験前日チェックリストの理解度を具体的に確かめられます。数値や期限は資格ごとに異なるため、本文の例は必ず公式情報と照合してください。,持ち物で忘れがちなものは？,管理業務主任者試験の試験前日チェックリストに関する質問「持ち物で忘れがちなものは」について、まず公式要項で最新の制度を確認してください。本サイトでは過去問演習と用語解説で、試験前日チェックリストの理解度を具体的に確かめられます。数値や期限は資格ごとに異なるため、本文の例は必ず公式情報と照合してください。,past-question-strategy:過去問の使い方;glossary-how-to:用語ハブ活用法
final-scope-narrowing,直前・当日,管理業務主任者試験の直前の範囲絞り込み,管理業務主任者試験の直前の範囲絞り込みについて、公式情報の確認方法と学習の進め方を整理します。受験前に押さえるべきポイントと、このサイトでの演習・用語解説の活用法を解説します。,試験直前と当日に何を確認すべきかをまとめ、不安を減らして実力を出しやすくします。,70,直前対策;試験当日,管業マスター編集部,資格学習サイトの編集チーム,公式情報確認担当,公開前に一次情報との照合を行う担当者,2026-05-30,管理業務主任者試験センター（公式）|https://www.mankan.or.jp/,直前・当日向けテンプレートから作成。公開前に本文・参照URL・関連リンクを差し替える。,本記事を読むと、管理業務主任者試験の直前の範囲絞り込みについて、公式情報で確認すべき点と、このサイトでの学習の進め方が分かります。読了後は行動チェックリストに沿って演習・用語確認まで進められる状態を目指します。,【行動1】;【行動2】;【行動3】,試験要項・公式ページ更新時に本文と参照元を見直す。,2026-05-30,2026-06-29,2026-05-30,published,ガイド記事テンプレート で 2026-05-30 作成。,直前1〜2週間の絞り込み,"管理業務主任者試験の直前の範囲絞り込みについて、「直前1〜2週間の絞り込み」の観点で整理します。制度・数値・日程は年度や改正で変わるため、学習前と申込前には管理業務主任者試験センター（公式）の最新情報を確認してください。非公式まとめは参考程度にし、最終判断は必ず公式要項に置きます。

このサイトでは過去問・用語解説・比較表を組み合わせ、直前の範囲絞り込みで迷った論点を解き直せます。間違えた問題は理由を短くメモし、関連用語で定義と選択肢の論点を確認してから同分野へ戻ると定着しやすくなります。",最終確認リスト,"管理業務主任者試験の直前の範囲絞り込みについて、「最終確認リスト」の観点で整理します。制度・数値・日程は年度や改正で変わるため、学習前と申込前には管理業務主任者試験センター（公式）の最新情報を確認してください。非公式まとめは参考程度にし、最終判断は必ず公式要項に置きます。

このサイトでは過去問・用語解説・比較表を組み合わせ、直前の範囲絞り込みで迷った論点を解き直せます。間違えた問題は理由を短くメモし、関連用語で定義と選択肢の論点を確認してから同分野へ戻ると定着しやすくなります。",当日のタイムライン,"管理業務主任者試験の直前の範囲絞り込みについて、「当日のタイムライン」の観点で整理します。制度・数値・日程は年度や改正で変わるため、学習前と申込前には管理業務主任者試験センター（公式）の最新情報を確認してください。非公式まとめは参考程度にし、最終判断は必ず公式要項に置きます。

このサイトでは過去問・用語解説・比較表を組み合わせ、直前の範囲絞り込みで迷った論点を解き直せます。間違えた問題は理由を短くメモし、関連用語で定義と選択肢の論点を確認してから同分野へ戻ると定着しやすくなります。",持ち物と時間配分,"管理業務主任者試験の直前の範囲絞り込みについて、「持ち物と時間配分」の観点で整理します。制度・数値・日程は年度や改正で変わるため、学習前と申込前には管理業務主任者試験センター（公式）の最新情報を確認してください。非公式まとめは参考程度にし、最終判断は必ず公式要項に置きます。

このサイトでは過去問・用語解説・比較表を組み合わせ、直前の範囲絞り込みで迷った論点を解き直せます。間違えた問題は理由を短くメモし、関連用語で定義と選択肢の論点を確認してから同分野へ戻ると定着しやすくなります。",メンタル・トラブル対応,"管理業務主任者試験の直前の範囲絞り込みについて、「メンタル・トラブル対応」の観点で整理します。制度・数値・日程は年度や改正で変わるため、学習前と申込前には管理業務主任者試験センター（公式）の最新情報を確認してください。非公式まとめは参考程度にし、最終判断は必ず公式要項に置きます。

このサイトでは過去問・用語解説・比較表を組み合わせ、直前の範囲絞り込みで迷った論点を解き直せます。間違えた問題は理由を短くメモし、関連用語で定義と選択肢の論点を確認してから同分野へ戻ると定着しやすくなります。",,,,,直前に新しい教材を増やしてもよいですか？,管理業務主任者試験の直前の範囲絞り込みに関する質問「直前に新しい教材を増やしてもよいですか」について、まず公式要項で最新の制度を確認してください。本サイトでは過去問演習と用語解説で、直前の範囲絞り込みの理解度を具体的に確かめられます。数値や期限は資格ごとに異なるため、本文の例は必ず公式情報と照合してください。,持ち物で忘れがちなものは？,管理業務主任者試験の直前の範囲絞り込みに関する質問「持ち物で忘れがちなものは」について、まず公式要項で最新の制度を確認してください。本サイトでは過去問演習と用語解説で、直前の範囲絞り込みの理解度を具体的に確かめられます。数値や期限は資格ごとに異なるため、本文の例は必ず公式情報と照合してください。,past-question-strategy:過去問の使い方;glossary-how-to:用語ハブ活用法
final-sleep-and-health,直前・当日,管理業務主任者試験の直前の睡眠と健康管理,管理業務主任者試験の直前の睡眠と健康管理について、公式情報の確認方法と学習の進め方を整理します。受験前に押さえるべきポイントと、このサイトでの演習・用語解説の活用法を解説します。,試験直前と当日に何を確認すべきかをまとめ、不安を減らして実力を出しやすくします。,70,直前対策;試験当日,管業マスター編集部,資格学習サイトの編集チーム,公式情報確認担当,公開前に一次情報との照合を行う担当者,2026-05-30,管理業務主任者試験センター（公式）|https://www.mankan.or.jp/,直前・当日向けテンプレートから作成。公開前に本文・参照URL・関連リンクを差し替える。,本記事を読むと、管理業務主任者試験の直前の睡眠と健康管理について、公式情報で確認すべき点と、このサイトでの学習の進め方が分かります。読了後は行動チェックリストに沿って演習・用語確認まで進められる状態を目指します。,【行動1】;【行動2】;【行動3】,試験要項・公式ページ更新時に本文と参照元を見直す。,2026-05-30,2026-06-29,2026-05-30,published,ガイド記事テンプレート で 2026-05-30 作成。,直前1〜2週間の絞り込み,"管理業務主任者試験の直前の睡眠と健康管理について、「直前1〜2週間の絞り込み」の観点で整理します。制度・数値・日程は年度や改正で変わるため、学習前と申込前には管理業務主任者試験センター（公式）の最新情報を確認してください。非公式まとめは参考程度にし、最終判断は必ず公式要項に置きます。

このサイトでは過去問・用語解説・比較表を組み合わせ、直前の睡眠と健康管理で迷った論点を解き直せます。間違えた問題は理由を短くメモし、関連用語で定義と選択肢の論点を確認してから同分野へ戻ると定着しやすくなります。",最終確認リスト,"管理業務主任者試験の直前の睡眠と健康管理について、「最終確認リスト」の観点で整理します。制度・数値・日程は年度や改正で変わるため、学習前と申込前には管理業務主任者試験センター（公式）の最新情報を確認してください。非公式まとめは参考程度にし、最終判断は必ず公式要項に置きます。

このサイトでは過去問・用語解説・比較表を組み合わせ、直前の睡眠と健康管理で迷った論点を解き直せます。間違えた問題は理由を短くメモし、関連用語で定義と選択肢の論点を確認してから同分野へ戻ると定着しやすくなります。",当日のタイムライン,"管理業務主任者試験の直前の睡眠と健康管理について、「当日のタイムライン」の観点で整理します。制度・数値・日程は年度や改正で変わるため、学習前と申込前には管理業務主任者試験センター（公式）の最新情報を確認してください。非公式まとめは参考程度にし、最終判断は必ず公式要項に置きます。

このサイトでは過去問・用語解説・比較表を組み合わせ、直前の睡眠と健康管理で迷った論点を解き直せます。間違えた問題は理由を短くメモし、関連用語で定義と選択肢の論点を確認してから同分野へ戻ると定着しやすくなります。",持ち物と時間配分,"管理業務主任者試験の直前の睡眠と健康管理について、「持ち物と時間配分」の観点で整理します。制度・数値・日程は年度や改正で変わるため、学習前と申込前には管理業務主任者試験センター（公式）の最新情報を確認してください。非公式まとめは参考程度にし、最終判断は必ず公式要項に置きます。

このサイトでは過去問・用語解説・比較表を組み合わせ、直前の睡眠と健康管理で迷った論点を解き直せます。間違えた問題は理由を短くメモし、関連用語で定義と選択肢の論点を確認してから同分野へ戻ると定着しやすくなります。",メンタル・トラブル対応,"管理業務主任者試験の直前の睡眠と健康管理について、「メンタル・トラブル対応」の観点で整理します。制度・数値・日程は年度や改正で変わるため、学習前と申込前には管理業務主任者試験センター（公式）の最新情報を確認してください。非公式まとめは参考程度にし、最終判断は必ず公式要項に置きます。

このサイトでは過去問・用語解説・比較表を組み合わせ、直前の睡眠と健康管理で迷った論点を解き直せます。間違えた問題は理由を短くメモし、関連用語で定義と選択肢の論点を確認してから同分野へ戻ると定着しやすくなります。",,,,,直前に新しい教材を増やしてもよいですか？,管理業務主任者試験の直前の睡眠と健康管理に関する質問「直前に新しい教材を増やしてもよいですか」について、まず公式要項で最新の制度を確認してください。本サイトでは過去問演習と用語解説で、直前の睡眠と健康管理の理解度を具体的に確かめられます。数値や期限は資格ごとに異なるため、本文の例は必ず公式情報と照合してください。,持ち物で忘れがちなものは？,管理業務主任者試験の直前の睡眠と健康管理に関する質問「持ち物で忘れがちなものは」について、まず公式要項で最新の制度を確認してください。本サイトでは過去問演習と用語解説で、直前の睡眠と健康管理の理解度を具体的に確かめられます。数値や期限は資格ごとに異なるため、本文の例は必ず公式情報と照合してください。,past-question-strategy:過去問の使い方;glossary-how-to:用語ハブ活用法
final-mock-last-run,直前・当日,管理業務主任者試験の直前模試の受け方,管理業務主任者試験の直前模試の受け方について、公式情報の確認方法と学習の進め方を整理します。受験前に押さえるべきポイントと、このサイトでの演習・用語解説の活用法を解説します。,試験直前と当日に何を確認すべきかをまとめ、不安を減らして実力を出しやすくします。,70,直前対策;試験当日,管業マスター編集部,資格学習サイトの編集チーム,公式情報確認担当,公開前に一次情報との照合を行う担当者,2026-05-30,管理業務主任者試験センター（公式）|https://www.mankan.or.jp/,直前・当日向けテンプレートから作成。公開前に本文・参照URL・関連リンクを差し替える。,本記事を読むと、管理業務主任者試験の直前模試の受け方について、公式情報で確認すべき点と、このサイトでの学習の進め方が分かります。読了後は行動チェックリストに沿って演習・用語確認まで進められる状態を目指します。,【行動1】;【行動2】;【行動3】,試験要項・公式ページ更新時に本文と参照元を見直す。,2026-05-30,2026-06-29,2026-05-30,published,ガイド記事テンプレート で 2026-05-30 作成。,直前1〜2週間の絞り込み,"管理業務主任者試験の直前模試の受け方について、「直前1〜2週間の絞り込み」の観点で整理します。制度・数値・日程は年度や改正で変わるため、学習前と申込前には管理業務主任者試験センター（公式）の最新情報を確認してください。非公式まとめは参考程度にし、最終判断は必ず公式要項に置きます。

このサイトでは過去問・用語解説・比較表を組み合わせ、直前模試の受け方で迷った論点を解き直せます。間違えた問題は理由を短くメモし、関連用語で定義と選択肢の論点を確認してから同分野へ戻ると定着しやすくなります。",最終確認リスト,"管理業務主任者試験の直前模試の受け方について、「最終確認リスト」の観点で整理します。制度・数値・日程は年度や改正で変わるため、学習前と申込前には管理業務主任者試験センター（公式）の最新情報を確認してください。非公式まとめは参考程度にし、最終判断は必ず公式要項に置きます。

このサイトでは過去問・用語解説・比較表を組み合わせ、直前模試の受け方で迷った論点を解き直せます。間違えた問題は理由を短くメモし、関連用語で定義と選択肢の論点を確認してから同分野へ戻ると定着しやすくなります。",当日のタイムライン,"管理業務主任者試験の直前模試の受け方について、「当日のタイムライン」の観点で整理します。制度・数値・日程は年度や改正で変わるため、学習前と申込前には管理業務主任者試験センター（公式）の最新情報を確認してください。非公式まとめは参考程度にし、最終判断は必ず公式要項に置きます。

このサイトでは過去問・用語解説・比較表を組み合わせ、直前模試の受け方で迷った論点を解き直せます。間違えた問題は理由を短くメモし、関連用語で定義と選択肢の論点を確認してから同分野へ戻ると定着しやすくなります。",持ち物と時間配分,"管理業務主任者試験の直前模試の受け方について、「持ち物と時間配分」の観点で整理します。制度・数値・日程は年度や改正で変わるため、学習前と申込前には管理業務主任者試験センター（公式）の最新情報を確認してください。非公式まとめは参考程度にし、最終判断は必ず公式要項に置きます。

このサイトでは過去問・用語解説・比較表を組み合わせ、直前模試の受け方で迷った論点を解き直せます。間違えた問題は理由を短くメモし、関連用語で定義と選択肢の論点を確認してから同分野へ戻ると定着しやすくなります。",メンタル・トラブル対応,"管理業務主任者試験の直前模試の受け方について、「メンタル・トラブル対応」の観点で整理します。制度・数値・日程は年度や改正で変わるため、学習前と申込前には管理業務主任者試験センター（公式）の最新情報を確認してください。非公式まとめは参考程度にし、最終判断は必ず公式要項に置きます。

このサイトでは過去問・用語解説・比較表を組み合わせ、直前模試の受け方で迷った論点を解き直せます。間違えた問題は理由を短くメモし、関連用語で定義と選択肢の論点を確認してから同分野へ戻ると定着しやすくなります。",,,,,直前に新しい教材を増やしてもよいですか？,管理業務主任者試験の直前模試の受け方に関する質問「直前に新しい教材を増やしてもよいですか」について、まず公式要項で最新の制度を確認してください。本サイトでは過去問演習と用語解説で、直前模試の受け方の理解度を具体的に確かめられます。数値や期限は資格ごとに異なるため、本文の例は必ず公式情報と照合してください。,持ち物で忘れがちなものは？,管理業務主任者試験の直前模試の受け方に関する質問「持ち物で忘れがちなものは」について、まず公式要項で最新の制度を確認してください。本サイトでは過去問演習と用語解説で、直前模試の受け方の理解度を具体的に確かめられます。数値や期限は資格ごとに異なるため、本文の例は必ず公式情報と照合してください。,past-question-strategy:過去問の使い方;glossary-how-to:用語ハブ活用法
exam-day-items,直前・当日,管理業務主任者試験の試験当日の持ち物,管理業務主任者試験の試験当日の持ち物について、公式情報の確認方法と学習の進め方を整理します。受験前に押さえるべきポイントと、このサイトでの演習・用語解説の活用法を解説します。,試験直前と当日に何を確認すべきかをまとめ、不安を減らして実力を出しやすくします。,70,直前対策;試験当日,管業マスター編集部,資格学習サイトの編集チーム,公式情報確認担当,公開前に一次情報との照合を行う担当者,2026-05-30,管理業務主任者試験センター（公式）|https://www.mankan.or.jp/,直前・当日向けテンプレートから作成。公開前に本文・参照URL・関連リンクを差し替える。,本記事を読むと、管理業務主任者試験の試験当日の持ち物について、公式情報で確認すべき点と、このサイトでの学習の進め方が分かります。読了後は行動チェックリストに沿って演習・用語確認まで進められる状態を目指します。,【行動1】;【行動2】;【行動3】,試験要項・公式ページ更新時に本文と参照元を見直す。,2026-05-30,2026-06-29,2026-05-30,published,ガイド記事テンプレート で 2026-05-30 作成。,直前1〜2週間の絞り込み,"管理業務主任者試験の試験当日の持ち物について、「直前1〜2週間の絞り込み」の観点で整理します。制度・数値・日程は年度や改正で変わるため、学習前と申込前には管理業務主任者試験センター（公式）の最新情報を確認してください。非公式まとめは参考程度にし、最終判断は必ず公式要項に置きます。

このサイトでは過去問・用語解説・比較表を組み合わせ、試験当日の持ち物で迷った論点を解き直せます。間違えた問題は理由を短くメモし、関連用語で定義と選択肢の論点を確認してから同分野へ戻ると定着しやすくなります。",最終確認リスト,"管理業務主任者試験の試験当日の持ち物について、「最終確認リスト」の観点で整理します。制度・数値・日程は年度や改正で変わるため、学習前と申込前には管理業務主任者試験センター（公式）の最新情報を確認してください。非公式まとめは参考程度にし、最終判断は必ず公式要項に置きます。

このサイトでは過去問・用語解説・比較表を組み合わせ、試験当日の持ち物で迷った論点を解き直せます。間違えた問題は理由を短くメモし、関連用語で定義と選択肢の論点を確認してから同分野へ戻ると定着しやすくなります。",当日のタイムライン,"管理業務主任者試験の試験当日の持ち物について、「当日のタイムライン」の観点で整理します。制度・数値・日程は年度や改正で変わるため、学習前と申込前には管理業務主任者試験センター（公式）の最新情報を確認してください。非公式まとめは参考程度にし、最終判断は必ず公式要項に置きます。

このサイトでは過去問・用語解説・比較表を組み合わせ、試験当日の持ち物で迷った論点を解き直せます。間違えた問題は理由を短くメモし、関連用語で定義と選択肢の論点を確認してから同分野へ戻ると定着しやすくなります。",持ち物と時間配分,"管理業務主任者試験の試験当日の持ち物について、「持ち物と時間配分」の観点で整理します。制度・数値・日程は年度や改正で変わるため、学習前と申込前には管理業務主任者試験センター（公式）の最新情報を確認してください。非公式まとめは参考程度にし、最終判断は必ず公式要項に置きます。

このサイトでは過去問・用語解説・比較表を組み合わせ、試験当日の持ち物で迷った論点を解き直せます。間違えた問題は理由を短くメモし、関連用語で定義と選択肢の論点を確認してから同分野へ戻ると定着しやすくなります。",メンタル・トラブル対応,"管理業務主任者試験の試験当日の持ち物について、「メンタル・トラブル対応」の観点で整理します。制度・数値・日程は年度や改正で変わるため、学習前と申込前には管理業務主任者試験センター（公式）の最新情報を確認してください。非公式まとめは参考程度にし、最終判断は必ず公式要項に置きます。

このサイトでは過去問・用語解説・比較表を組み合わせ、試験当日の持ち物で迷った論点を解き直せます。間違えた問題は理由を短くメモし、関連用語で定義と選択肢の論点を確認してから同分野へ戻ると定着しやすくなります。",,,,,直前に新しい教材を増やしてもよいですか？,管理業務主任者試験の試験当日の持ち物に関する質問「直前に新しい教材を増やしてもよいですか」について、まず公式要項で最新の制度を確認してください。本サイトでは過去問演習と用語解説で、試験当日の持ち物の理解度を具体的に確かめられます。数値や期限は資格ごとに異なるため、本文の例は必ず公式情報と照合してください。,持ち物で忘れがちなものは？,管理業務主任者試験の試験当日の持ち物に関する質問「持ち物で忘れがちなものは」について、まず公式要項で最新の制度を確認してください。本サイトでは過去問演習と用語解説で、試験当日の持ち物の理解度を具体的に確かめられます。数値や期限は資格ごとに異なるため、本文の例は必ず公式情報と照合してください。,past-question-strategy:過去問の使い方;glossary-how-to:用語ハブ活用法
exam-day-flow,直前・当日,管理業務主任者試験の試験当日の流れ,管理業務主任者試験の試験当日の流れについて、公式情報の確認方法と学習の進め方を整理します。受験前に押さえるべきポイントと、このサイトでの演習・用語解説の活用法を解説します。,試験直前と当日に何を確認すべきかをまとめ、不安を減らして実力を出しやすくします。,70,直前対策;試験当日,管業マスター編集部,資格学習サイトの編集チーム,公式情報確認担当,公開前に一次情報との照合を行う担当者,2026-05-30,管理業務主任者試験センター（公式）|https://www.mankan.or.jp/,直前・当日向けテンプレートから作成。公開前に本文・参照URL・関連リンクを差し替える。,本記事を読むと、管理業務主任者試験の試験当日の流れについて、公式情報で確認すべき点と、このサイトでの学習の進め方が分かります。読了後は行動チェックリストに沿って演習・用語確認まで進められる状態を目指します。,【行動1】;【行動2】;【行動3】,試験要項・公式ページ更新時に本文と参照元を見直す。,2026-05-30,2026-06-29,2026-05-30,published,ガイド記事テンプレート で 2026-05-30 作成。,直前1〜2週間の絞り込み,"管理業務主任者試験の試験当日の流れについて、「直前1〜2週間の絞り込み」の観点で整理します。制度・数値・日程は年度や改正で変わるため、学習前と申込前には管理業務主任者試験センター（公式）の最新情報を確認してください。非公式まとめは参考程度にし、最終判断は必ず公式要項に置きます。

このサイトでは過去問・用語解説・比較表を組み合わせ、試験当日の流れで迷った論点を解き直せます。間違えた問題は理由を短くメモし、関連用語で定義と選択肢の論点を確認してから同分野へ戻ると定着しやすくなります。",最終確認リスト,"管理業務主任者試験の試験当日の流れについて、「最終確認リスト」の観点で整理します。制度・数値・日程は年度や改正で変わるため、学習前と申込前には管理業務主任者試験センター（公式）の最新情報を確認してください。非公式まとめは参考程度にし、最終判断は必ず公式要項に置きます。

このサイトでは過去問・用語解説・比較表を組み合わせ、試験当日の流れで迷った論点を解き直せます。間違えた問題は理由を短くメモし、関連用語で定義と選択肢の論点を確認してから同分野へ戻ると定着しやすくなります。",当日のタイムライン,"管理業務主任者試験の試験当日の流れについて、「当日のタイムライン」の観点で整理します。制度・数値・日程は年度や改正で変わるため、学習前と申込前には管理業務主任者試験センター（公式）の最新情報を確認してください。非公式まとめは参考程度にし、最終判断は必ず公式要項に置きます。

このサイトでは過去問・用語解説・比較表を組み合わせ、試験当日の流れで迷った論点を解き直せます。間違えた問題は理由を短くメモし、関連用語で定義と選択肢の論点を確認してから同分野へ戻ると定着しやすくなります。",持ち物と時間配分,"管理業務主任者試験の試験当日の流れについて、「持ち物と時間配分」の観点で整理します。制度・数値・日程は年度や改正で変わるため、学習前と申込前には管理業務主任者試験センター（公式）の最新情報を確認してください。非公式まとめは参考程度にし、最終判断は必ず公式要項に置きます。

このサイトでは過去問・用語解説・比較表を組み合わせ、試験当日の流れで迷った論点を解き直せます。間違えた問題は理由を短くメモし、関連用語で定義と選択肢の論点を確認してから同分野へ戻ると定着しやすくなります。",メンタル・トラブル対応,"管理業務主任者試験の試験当日の流れについて、「メンタル・トラブル対応」の観点で整理します。制度・数値・日程は年度や改正で変わるため、学習前と申込前には管理業務主任者試験センター（公式）の最新情報を確認してください。非公式まとめは参考程度にし、最終判断は必ず公式要項に置きます。

このサイトでは過去問・用語解説・比較表を組み合わせ、試験当日の流れで迷った論点を解き直せます。間違えた問題は理由を短くメモし、関連用語で定義と選択肢の論点を確認してから同分野へ戻ると定着しやすくなります。",,,,,直前に新しい教材を増やしてもよいですか？,管理業務主任者試験の試験当日の流れに関する質問「直前に新しい教材を増やしてもよいですか」について、まず公式要項で最新の制度を確認してください。本サイトでは過去問演習と用語解説で、試験当日の流れの理解度を具体的に確かめられます。数値や期限は資格ごとに異なるため、本文の例は必ず公式情報と照合してください。,持ち物で忘れがちなものは？,管理業務主任者試験の試験当日の流れに関する質問「持ち物で忘れがちなものは」について、まず公式要項で最新の制度を確認してください。本サイトでは過去問演習と用語解説で、試験当日の流れの理解度を具体的に確かめられます。数値や期限は資格ごとに異なるため、本文の例は必ず公式情報と照合してください。,past-question-strategy:過去問の使い方;glossary-how-to:用語ハブ活用法
exam-day-time-allocation,直前・当日,管理業務主任者試験の試験当日の時間配分,管理業務主任者試験の試験当日の時間配分について、公式情報の確認方法と学習の進め方を整理します。受験前に押さえるべきポイントと、このサイトでの演習・用語解説の活用法を解説します。,試験直前と当日に何を確認すべきかをまとめ、不安を減らして実力を出しやすくします。,70,直前対策;試験当日,管業マスター編集部,資格学習サイトの編集チーム,公式情報確認担当,公開前に一次情報との照合を行う担当者,2026-05-30,管理業務主任者試験センター（公式）|https://www.mankan.or.jp/,直前・当日向けテンプレートから作成。公開前に本文・参照URL・関連リンクを差し替える。,本記事を読むと、管理業務主任者試験の試験当日の時間配分について、公式情報で確認すべき点と、このサイトでの学習の進め方が分かります。読了後は行動チェックリストに沿って演習・用語確認まで進められる状態を目指します。,【行動1】;【行動2】;【行動3】,試験要項・公式ページ更新時に本文と参照元を見直す。,2026-05-30,2026-06-29,2026-05-30,published,ガイド記事テンプレート で 2026-05-30 作成。,直前1〜2週間の絞り込み,"管理業務主任者試験の試験当日の時間配分について、「直前1〜2週間の絞り込み」の観点で整理します。制度・数値・日程は年度や改正で変わるため、学習前と申込前には管理業務主任者試験センター（公式）の最新情報を確認してください。非公式まとめは参考程度にし、最終判断は必ず公式要項に置きます。

このサイトでは過去問・用語解説・比較表を組み合わせ、試験当日の時間配分で迷った論点を解き直せます。間違えた問題は理由を短くメモし、関連用語で定義と選択肢の論点を確認してから同分野へ戻ると定着しやすくなります。",最終確認リスト,"管理業務主任者試験の試験当日の時間配分について、「最終確認リスト」の観点で整理します。制度・数値・日程は年度や改正で変わるため、学習前と申込前には管理業務主任者試験センター（公式）の最新情報を確認してください。非公式まとめは参考程度にし、最終判断は必ず公式要項に置きます。

このサイトでは過去問・用語解説・比較表を組み合わせ、試験当日の時間配分で迷った論点を解き直せます。間違えた問題は理由を短くメモし、関連用語で定義と選択肢の論点を確認してから同分野へ戻ると定着しやすくなります。",当日のタイムライン,"管理業務主任者試験の試験当日の時間配分について、「当日のタイムライン」の観点で整理します。制度・数値・日程は年度や改正で変わるため、学習前と申込前には管理業務主任者試験センター（公式）の最新情報を確認してください。非公式まとめは参考程度にし、最終判断は必ず公式要項に置きます。

このサイトでは過去問・用語解説・比較表を組み合わせ、試験当日の時間配分で迷った論点を解き直せます。間違えた問題は理由を短くメモし、関連用語で定義と選択肢の論点を確認してから同分野へ戻ると定着しやすくなります。",持ち物と時間配分,"管理業務主任者試験の試験当日の時間配分について、「持ち物と時間配分」の観点で整理します。制度・数値・日程は年度や改正で変わるため、学習前と申込前には管理業務主任者試験センター（公式）の最新情報を確認してください。非公式まとめは参考程度にし、最終判断は必ず公式要項に置きます。

このサイトでは過去問・用語解説・比較表を組み合わせ、試験当日の時間配分で迷った論点を解き直せます。間違えた問題は理由を短くメモし、関連用語で定義と選択肢の論点を確認してから同分野へ戻ると定着しやすくなります。",メンタル・トラブル対応,"管理業務主任者試験の試験当日の時間配分について、「メンタル・トラブル対応」の観点で整理します。制度・数値・日程は年度や改正で変わるため、学習前と申込前には管理業務主任者試験センター（公式）の最新情報を確認してください。非公式まとめは参考程度にし、最終判断は必ず公式要項に置きます。

このサイトでは過去問・用語解説・比較表を組み合わせ、試験当日の時間配分で迷った論点を解き直せます。間違えた問題は理由を短くメモし、関連用語で定義と選択肢の論点を確認してから同分野へ戻ると定着しやすくなります。",,,,,直前に新しい教材を増やしてもよいですか？,管理業務主任者試験の試験当日の時間配分に関する質問「直前に新しい教材を増やしてもよいですか」について、まず公式要項で最新の制度を確認してください。本サイトでは過去問演習と用語解説で、試験当日の時間配分の理解度を具体的に確かめられます。数値や期限は資格ごとに異なるため、本文の例は必ず公式情報と照合してください。,持ち物で忘れがちなものは？,管理業務主任者試験の試験当日の時間配分に関する質問「持ち物で忘れがちなものは」について、まず公式要項で最新の制度を確認してください。本サイトでは過去問演習と用語解説で、試験当日の時間配分の理解度を具体的に確かめられます。数値や期限は資格ごとに異なるため、本文の例は必ず公式情報と照合してください。,past-question-strategy:過去問の使い方;glossary-how-to:用語ハブ活用法
mental-prep-exam-day,直前・当日,管理業務主任者試験の試験当日のメンタル対策,管理業務主任者試験の試験当日のメンタル対策について、公式情報の確認方法と学習の進め方を整理します。受験前に押さえるべきポイントと、このサイトでの演習・用語解説の活用法を解説します。,試験直前と当日に何を確認すべきかをまとめ、不安を減らして実力を出しやすくします。,70,直前対策;試験当日,管業マスター編集部,資格学習サイトの編集チーム,公式情報確認担当,公開前に一次情報との照合を行う担当者,2026-05-30,管理業務主任者試験センター（公式）|https://www.mankan.or.jp/,直前・当日向けテンプレートから作成。公開前に本文・参照URL・関連リンクを差し替える。,本記事を読むと、管理業務主任者試験の試験当日のメンタル対策について、公式情報で確認すべき点と、このサイトでの学習の進め方が分かります。読了後は行動チェックリストに沿って演習・用語確認まで進められる状態を目指します。,【行動1】;【行動2】;【行動3】,試験要項・公式ページ更新時に本文と参照元を見直す。,2026-05-30,2026-06-29,2026-05-30,published,ガイド記事テンプレート で 2026-05-30 作成。,直前1〜2週間の絞り込み,"管理業務主任者試験の試験当日のメンタル対策について、「直前1〜2週間の絞り込み」の観点で整理します。制度・数値・日程は年度や改正で変わるため、学習前と申込前には管理業務主任者試験センター（公式）の最新情報を確認してください。非公式まとめは参考程度にし、最終判断は必ず公式要項に置きます。

このサイトでは過去問・用語解説・比較表を組み合わせ、試験当日のメンタル対策で迷った論点を解き直せます。間違えた問題は理由を短くメモし、関連用語で定義と選択肢の論点を確認してから同分野へ戻ると定着しやすくなります。",最終確認リスト,"管理業務主任者試験の試験当日のメンタル対策について、「最終確認リスト」の観点で整理します。制度・数値・日程は年度や改正で変わるため、学習前と申込前には管理業務主任者試験センター（公式）の最新情報を確認してください。非公式まとめは参考程度にし、最終判断は必ず公式要項に置きます。

このサイトでは過去問・用語解説・比較表を組み合わせ、試験当日のメンタル対策で迷った論点を解き直せます。間違えた問題は理由を短くメモし、関連用語で定義と選択肢の論点を確認してから同分野へ戻ると定着しやすくなります。",当日のタイムライン,"管理業務主任者試験の試験当日のメンタル対策について、「当日のタイムライン」の観点で整理します。制度・数値・日程は年度や改正で変わるため、学習前と申込前には管理業務主任者試験センター（公式）の最新情報を確認してください。非公式まとめは参考程度にし、最終判断は必ず公式要項に置きます。

このサイトでは過去問・用語解説・比較表を組み合わせ、試験当日のメンタル対策で迷った論点を解き直せます。間違えた問題は理由を短くメモし、関連用語で定義と選択肢の論点を確認してから同分野へ戻ると定着しやすくなります。",持ち物と時間配分,"管理業務主任者試験の試験当日のメンタル対策について、「持ち物と時間配分」の観点で整理します。制度・数値・日程は年度や改正で変わるため、学習前と申込前には管理業務主任者試験センター（公式）の最新情報を確認してください。非公式まとめは参考程度にし、最終判断は必ず公式要項に置きます。

このサイトでは過去問・用語解説・比較表を組み合わせ、試験当日のメンタル対策で迷った論点を解き直せます。間違えた問題は理由を短くメモし、関連用語で定義と選択肢の論点を確認してから同分野へ戻ると定着しやすくなります。",メンタル・トラブル対応,"管理業務主任者試験の試験当日のメンタル対策について、「メンタル・トラブル対応」の観点で整理します。制度・数値・日程は年度や改正で変わるため、学習前と申込前には管理業務主任者試験センター（公式）の最新情報を確認してください。非公式まとめは参考程度にし、最終判断は必ず公式要項に置きます。

このサイトでは過去問・用語解説・比較表を組み合わせ、試験当日のメンタル対策で迷った論点を解き直せます。間違えた問題は理由を短くメモし、関連用語で定義と選択肢の論点を確認してから同分野へ戻ると定着しやすくなります。",,,,,直前に新しい教材を増やしてもよいですか？,管理業務主任者試験の試験当日のメンタル対策に関する質問「直前に新しい教材を増やしてもよいですか」について、まず公式要項で最新の制度を確認してください。本サイトでは過去問演習と用語解説で、試験当日のメンタル対策の理解度を具体的に確かめられます。数値や期限は資格ごとに異なるため、本文の例は必ず公式情報と照合してください。,持ち物で忘れがちなものは？,管理業務主任者試験の試験当日のメンタル対策に関する質問「持ち物で忘れがちなものは」について、まず公式要項で最新の制度を確認してください。本サイトでは過去問演習と用語解説で、試験当日のメンタル対策の理解度を具体的に確かめられます。数値や期限は資格ごとに異なるため、本文の例は必ず公式情報と照合してください。,past-question-strategy:過去問の使い方;glossary-how-to:用語ハブ活用法
exam-day-troubleshooting,直前・当日,管理業務主任者試験の試験当日のトラブル対応,管理業務主任者試験の試験当日のトラブル対応について、公式情報の確認方法と学習の進め方を整理します。受験前に押さえるべきポイントと、このサイトでの演習・用語解説の活用法を解説します。,試験直前と当日に何を確認すべきかをまとめ、不安を減らして実力を出しやすくします。,70,直前対策;試験当日,管業マスター編集部,資格学習サイトの編集チーム,公式情報確認担当,公開前に一次情報との照合を行う担当者,2026-05-30,管理業務主任者試験センター（公式）|https://www.mankan.or.jp/,直前・当日向けテンプレートから作成。公開前に本文・参照URL・関連リンクを差し替える。,本記事を読むと、管理業務主任者試験の試験当日のトラブル対応について、公式情報で確認すべき点と、このサイトでの学習の進め方が分かります。読了後は行動チェックリストに沿って演習・用語確認まで進められる状態を目指します。,【行動1】;【行動2】;【行動3】,試験要項・公式ページ更新時に本文と参照元を見直す。,2026-05-30,2026-06-29,2026-05-30,published,ガイド記事テンプレート で 2026-05-30 作成。,直前1〜2週間の絞り込み,"管理業務主任者試験の試験当日のトラブル対応について、「直前1〜2週間の絞り込み」の観点で整理します。制度・数値・日程は年度や改正で変わるため、学習前と申込前には管理業務主任者試験センター（公式）の最新情報を確認してください。非公式まとめは参考程度にし、最終判断は必ず公式要項に置きます。

このサイトでは過去問・用語解説・比較表を組み合わせ、試験当日のトラブル対応で迷った論点を解き直せます。間違えた問題は理由を短くメモし、関連用語で定義と選択肢の論点を確認してから同分野へ戻ると定着しやすくなります。",最終確認リスト,"管理業務主任者試験の試験当日のトラブル対応について、「最終確認リスト」の観点で整理します。制度・数値・日程は年度や改正で変わるため、学習前と申込前には管理業務主任者試験センター（公式）の最新情報を確認してください。非公式まとめは参考程度にし、最終判断は必ず公式要項に置きます。

このサイトでは過去問・用語解説・比較表を組み合わせ、試験当日のトラブル対応で迷った論点を解き直せます。間違えた問題は理由を短くメモし、関連用語で定義と選択肢の論点を確認してから同分野へ戻ると定着しやすくなります。",当日のタイムライン,"管理業務主任者試験の試験当日のトラブル対応について、「当日のタイムライン」の観点で整理します。制度・数値・日程は年度や改正で変わるため、学習前と申込前には管理業務主任者試験センター（公式）の最新情報を確認してください。非公式まとめは参考程度にし、最終判断は必ず公式要項に置きます。

このサイトでは過去問・用語解説・比較表を組み合わせ、試験当日のトラブル対応で迷った論点を解き直せます。間違えた問題は理由を短くメモし、関連用語で定義と選択肢の論点を確認してから同分野へ戻ると定着しやすくなります。",持ち物と時間配分,"管理業務主任者試験の試験当日のトラブル対応について、「持ち物と時間配分」の観点で整理します。制度・数値・日程は年度や改正で変わるため、学習前と申込前には管理業務主任者試験センター（公式）の最新情報を確認してください。非公式まとめは参考程度にし、最終判断は必ず公式要項に置きます。

このサイトでは過去問・用語解説・比較表を組み合わせ、試験当日のトラブル対応で迷った論点を解き直せます。間違えた問題は理由を短くメモし、関連用語で定義と選択肢の論点を確認してから同分野へ戻ると定着しやすくなります。",メンタル・トラブル対応,"管理業務主任者試験の試験当日のトラブル対応について、「メンタル・トラブル対応」の観点で整理します。制度・数値・日程は年度や改正で変わるため、学習前と申込前には管理業務主任者試験センター（公式）の最新情報を確認してください。非公式まとめは参考程度にし、最終判断は必ず公式要項に置きます。

このサイトでは過去問・用語解説・比較表を組み合わせ、試験当日のトラブル対応で迷った論点を解き直せます。間違えた問題は理由を短くメモし、関連用語で定義と選択肢の論点を確認してから同分野へ戻ると定着しやすくなります。",,,,,直前に新しい教材を増やしてもよいですか？,管理業務主任者試験の試験当日のトラブル対応に関する質問「直前に新しい教材を増やしてもよいですか」について、まず公式要項で最新の制度を確認してください。本サイトでは過去問演習と用語解説で、試験当日のトラブル対応の理解度を具体的に確かめられます。数値や期限は資格ごとに異なるため、本文の例は必ず公式情報と照合してください。,持ち物で忘れがちなものは？,管理業務主任者試験の試験当日のトラブル対応に関する質問「持ち物で忘れがちなものは」について、まず公式要項で最新の制度を確認してください。本サイトでは過去問演習と用語解説で、試験当日のトラブル対応の理解度を具体的に確かめられます。数値や期限は資格ごとに異なるため、本文の例は必ず公式情報と照合してください。,past-question-strategy:過去問の使い方;glossary-how-to:用語ハブ活用法
after-pass-procedure,注意点・更新,管理業務主任者試験の合格後の手続き,管理業務主任者試験の合格後の手続きについて、公式情報の確認方法と学習の進め方を整理します。受験前に押さえるべきポイントと、このサイトでの演習・用語解説の活用法を解説します。,非公式情報で迷わないよう、公式情報の優先と更新の追い方をまとめます。,12,誤解;制度変更;合格後,管業マスター編集部,資格学習サイトの編集チーム,公式情報確認担当,公開前に一次情報との照合を行う担当者,2026-05-30,管理業務主任者試験センター（公式）|https://www.mankan.or.jp/,注意点・更新向けテンプレートから作成。公開前に本文・参照URL・関連リンクを差し替える。,本記事を読むと、管理業務主任者試験の合格後の手続きについて、公式情報で確認すべき点と、このサイトでの学習の進め方が分かります。読了後は行動チェックリストに沿って演習・用語確認まで進められる状態を目指します。,【行動1】;【行動2】;【行動3】,試験要項・公式ページ更新時に本文と参照元を見直す。,2026-05-30,2026-06-29,2026-05-30,published,ガイド記事テンプレート で 2026-05-30 作成。,よくある誤解,"管理業務主任者試験の合格後の手続きについて、「よくある誤解」の観点で整理します。制度・数値・日程は年度や改正で変わるため、学習前と申込前には管理業務主任者試験センター（公式）の最新情報を確認してください。非公式まとめは参考程度にし、最終判断は必ず公式要項に置きます。

このサイトでは過去問・用語解説・比較表を組み合わせ、合格後の手続きで迷った論点を解き直せます。間違えた問題は理由を短くメモし、関連用語で定義と選択肢の論点を確認してから同分野へ戻ると定着しやすくなります。",制度・出題の改定,"管理業務主任者試験の合格後の手続きについて、「制度・出題の改定」の観点で整理します。制度・数値・日程は年度や改正で変わるため、学習前と申込前には管理業務主任者試験センター（公式）の最新情報を確認してください。非公式まとめは参考程度にし、最終判断は必ず公式要項に置きます。

このサイトでは過去問・用語解説・比較表を組み合わせ、合格後の手続きで迷った論点を解き直せます。間違えた問題は理由を短くメモし、関連用語で定義と選択肢の論点を確認してから同分野へ戻ると定着しやすくなります。",合格後の手続き,"管理業務主任者試験の合格後の手続きについて、「合格後の手続き」の観点で整理します。制度・数値・日程は年度や改正で変わるため、学習前と申込前には管理業務主任者試験センター（公式）の最新情報を確認してください。非公式まとめは参考程度にし、最終判断は必ず公式要項に置きます。

このサイトでは過去問・用語解説・比較表を組み合わせ、合格後の手続きで迷った論点を解き直せます。間違えた問題は理由を短くメモし、関連用語で定義と選択肢の論点を確認してから同分野へ戻ると定着しやすくなります。",不合格後の立て直し,"管理業務主任者試験の合格後の手続きについて、「不合格後の立て直し」の観点で整理します。制度・数値・日程は年度や改正で変わるため、学習前と申込前には管理業務主任者試験センター（公式）の最新情報を確認してください。非公式まとめは参考程度にし、最終判断は必ず公式要項に置きます。

このサイトでは過去問・用語解説・比較表を組み合わせ、合格後の手続きで迷った論点を解き直せます。間違えた問題は理由を短くメモし、関連用語で定義と選択肢の論点を確認してから同分野へ戻ると定着しやすくなります。",公式情報の優先,"管理業務主任者試験の合格後の手続きについて、「公式情報の優先」の観点で整理します。制度・数値・日程は年度や改正で変わるため、学習前と申込前には管理業務主任者試験センター（公式）の最新情報を確認してください。非公式まとめは参考程度にし、最終判断は必ず公式要項に置きます。

このサイトでは過去問・用語解説・比較表を組み合わせ、合格後の手続きで迷った論点を解き直せます。間違えた問題は理由を短くメモし、関連用語で定義と選択肢の論点を確認してから同分野へ戻ると定着しやすくなります。",,,,,ネットの体験記だけで判断してよいですか？,管理業務主任者試験の合格後の手続きに関する質問「ネットの体験記だけで判断してよいですか」について、まず公式要項で最新の制度を確認してください。本サイトでは過去問演習と用語解説で、合格後の手続きの理解度を具体的に確かめられます。数値や期限は資格ごとに異なるため、本文の例は必ず公式情報と照合してください。,去年の教材は使えますか？,管理業務主任者試験の合格後の手続きに関する質問「去年の教材は使えますか」について、まず公式要項で最新の制度を確認してください。本サイトでは過去問演習と用語解説で、合格後の手続きの理解度を具体的に確かめられます。数値や期限は資格ごとに異なるため、本文の例は必ず公式情報と照合してください。,exam-overview:試験概要;self-study-roadmap:独学ロードマップ
pass-announcement-guide,注意点・更新,管理業務主任者試験の合格発表の確認方法,管理業務主任者試験の合格発表の確認方法について、公式情報の確認方法と学習の進め方を整理します。受験前に押さえるべきポイントと、このサイトでの演習・用語解説の活用法を解説します。,非公式情報で迷わないよう、公式情報の優先と更新の追い方をまとめます。,12,誤解;制度変更;合格後,管業マスター編集部,資格学習サイトの編集チーム,公式情報確認担当,公開前に一次情報との照合を行う担当者,2026-05-30,管理業務主任者試験センター（公式）|https://www.mankan.or.jp/,注意点・更新向けテンプレートから作成。公開前に本文・参照URL・関連リンクを差し替える。,本記事を読むと、管理業務主任者試験の合格発表の確認方法について、公式情報で確認すべき点と、このサイトでの学習の進め方が分かります。読了後は行動チェックリストに沿って演習・用語確認まで進められる状態を目指します。,【行動1】;【行動2】;【行動3】,試験要項・公式ページ更新時に本文と参照元を見直す。,2026-05-30,2026-06-29,2026-05-30,published,ガイド記事テンプレート で 2026-05-30 作成。,よくある誤解,"管理業務主任者試験の合格発表の確認方法について、「よくある誤解」の観点で整理します。制度・数値・日程は年度や改正で変わるため、学習前と申込前には管理業務主任者試験センター（公式）の最新情報を確認してください。非公式まとめは参考程度にし、最終判断は必ず公式要項に置きます。

このサイトでは過去問・用語解説・比較表を組み合わせ、合格発表の確認方法で迷った論点を解き直せます。間違えた問題は理由を短くメモし、関連用語で定義と選択肢の論点を確認してから同分野へ戻ると定着しやすくなります。",制度・出題の改定,"管理業務主任者試験の合格発表の確認方法について、「制度・出題の改定」の観点で整理します。制度・数値・日程は年度や改正で変わるため、学習前と申込前には管理業務主任者試験センター（公式）の最新情報を確認してください。非公式まとめは参考程度にし、最終判断は必ず公式要項に置きます。

このサイトでは過去問・用語解説・比較表を組み合わせ、合格発表の確認方法で迷った論点を解き直せます。間違えた問題は理由を短くメモし、関連用語で定義と選択肢の論点を確認してから同分野へ戻ると定着しやすくなります。",合格後の手続き,"管理業務主任者試験の合格発表の確認方法について、「合格後の手続き」の観点で整理します。制度・数値・日程は年度や改正で変わるため、学習前と申込前には管理業務主任者試験センター（公式）の最新情報を確認してください。非公式まとめは参考程度にし、最終判断は必ず公式要項に置きます。

このサイトでは過去問・用語解説・比較表を組み合わせ、合格発表の確認方法で迷った論点を解き直せます。間違えた問題は理由を短くメモし、関連用語で定義と選択肢の論点を確認してから同分野へ戻ると定着しやすくなります。",不合格後の立て直し,"管理業務主任者試験の合格発表の確認方法について、「不合格後の立て直し」の観点で整理します。制度・数値・日程は年度や改正で変わるため、学習前と申込前には管理業務主任者試験センター（公式）の最新情報を確認してください。非公式まとめは参考程度にし、最終判断は必ず公式要項に置きます。

このサイトでは過去問・用語解説・比較表を組み合わせ、合格発表の確認方法で迷った論点を解き直せます。間違えた問題は理由を短くメモし、関連用語で定義と選択肢の論点を確認してから同分野へ戻ると定着しやすくなります。",公式情報の優先,"管理業務主任者試験の合格発表の確認方法について、「公式情報の優先」の観点で整理します。制度・数値・日程は年度や改正で変わるため、学習前と申込前には管理業務主任者試験センター（公式）の最新情報を確認してください。非公式まとめは参考程度にし、最終判断は必ず公式要項に置きます。

このサイトでは過去問・用語解説・比較表を組み合わせ、合格発表の確認方法で迷った論点を解き直せます。間違えた問題は理由を短くメモし、関連用語で定義と選択肢の論点を確認してから同分野へ戻ると定着しやすくなります。",,,,,ネットの体験記だけで判断してよいですか？,管理業務主任者試験の合格発表の確認方法に関する質問「ネットの体験記だけで判断してよいですか」について、まず公式要項で最新の制度を確認してください。本サイトでは過去問演習と用語解説で、合格発表の確認方法の理解度を具体的に確かめられます。数値や期限は資格ごとに異なるため、本文の例は必ず公式情報と照合してください。,去年の教材は使えますか？,管理業務主任者試験の合格発表の確認方法に関する質問「去年の教材は使えますか」について、まず公式要項で最新の制度を確認してください。本サイトでは過去問演習と用語解説で、合格発表の確認方法の理解度を具体的に確かめられます。数値や期限は資格ごとに異なるため、本文の例は必ず公式情報と照合してください。,exam-overview:試験概要;self-study-roadmap:独学ロードマップ
registration-after-pass,注意点・更新,管理業務主任者試験の合格後の登録・免許,管理業務主任者試験の合格後の登録・免許について、公式情報の確認方法と学習の進め方を整理します。受験前に押さえるべきポイントと、このサイトでの演習・用語解説の活用法を解説します。,非公式情報で迷わないよう、公式情報の優先と更新の追い方をまとめます。,12,誤解;制度変更;合格後,管業マスター編集部,資格学習サイトの編集チーム,公式情報確認担当,公開前に一次情報との照合を行う担当者,2026-05-30,管理業務主任者試験センター（公式）|https://www.mankan.or.jp/,注意点・更新向けテンプレートから作成。公開前に本文・参照URL・関連リンクを差し替える。,本記事を読むと、管理業務主任者試験の合格後の登録・免許について、公式情報で確認すべき点と、このサイトでの学習の進め方が分かります。読了後は行動チェックリストに沿って演習・用語確認まで進められる状態を目指します。,【行動1】;【行動2】;【行動3】,試験要項・公式ページ更新時に本文と参照元を見直す。,2026-05-30,2026-06-29,2026-05-30,published,ガイド記事テンプレート で 2026-05-30 作成。,よくある誤解,"管理業務主任者試験の合格後の登録・免許について、「よくある誤解」の観点で整理します。制度・数値・日程は年度や改正で変わるため、学習前と申込前には管理業務主任者試験センター（公式）の最新情報を確認してください。非公式まとめは参考程度にし、最終判断は必ず公式要項に置きます。

このサイトでは過去問・用語解説・比較表を組み合わせ、合格後の登録・免許で迷った論点を解き直せます。間違えた問題は理由を短くメモし、関連用語で定義と選択肢の論点を確認してから同分野へ戻ると定着しやすくなります。",制度・出題の改定,"管理業務主任者試験の合格後の登録・免許について、「制度・出題の改定」の観点で整理します。制度・数値・日程は年度や改正で変わるため、学習前と申込前には管理業務主任者試験センター（公式）の最新情報を確認してください。非公式まとめは参考程度にし、最終判断は必ず公式要項に置きます。

このサイトでは過去問・用語解説・比較表を組み合わせ、合格後の登録・免許で迷った論点を解き直せます。間違えた問題は理由を短くメモし、関連用語で定義と選択肢の論点を確認してから同分野へ戻ると定着しやすくなります。",合格後の手続き,"管理業務主任者試験の合格後の登録・免許について、「合格後の手続き」の観点で整理します。制度・数値・日程は年度や改正で変わるため、学習前と申込前には管理業務主任者試験センター（公式）の最新情報を確認してください。非公式まとめは参考程度にし、最終判断は必ず公式要項に置きます。

このサイトでは過去問・用語解説・比較表を組み合わせ、合格後の登録・免許で迷った論点を解き直せます。間違えた問題は理由を短くメモし、関連用語で定義と選択肢の論点を確認してから同分野へ戻ると定着しやすくなります。",不合格後の立て直し,"管理業務主任者試験の合格後の登録・免許について、「不合格後の立て直し」の観点で整理します。制度・数値・日程は年度や改正で変わるため、学習前と申込前には管理業務主任者試験センター（公式）の最新情報を確認してください。非公式まとめは参考程度にし、最終判断は必ず公式要項に置きます。

このサイトでは過去問・用語解説・比較表を組み合わせ、合格後の登録・免許で迷った論点を解き直せます。間違えた問題は理由を短くメモし、関連用語で定義と選択肢の論点を確認してから同分野へ戻ると定着しやすくなります。",公式情報の優先,"管理業務主任者試験の合格後の登録・免許について、「公式情報の優先」の観点で整理します。制度・数値・日程は年度や改正で変わるため、学習前と申込前には管理業務主任者試験センター（公式）の最新情報を確認してください。非公式まとめは参考程度にし、最終判断は必ず公式要項に置きます。

このサイトでは過去問・用語解説・比較表を組み合わせ、合格後の登録・免許で迷った論点を解き直せます。間違えた問題は理由を短くメモし、関連用語で定義と選択肢の論点を確認してから同分野へ戻ると定着しやすくなります。",,,,,ネットの体験記だけで判断してよいですか？,管理業務主任者試験の合格後の登録・免許に関する質問「ネットの体験記だけで判断してよいですか」について、まず公式要項で最新の制度を確認してください。本サイトでは過去問演習と用語解説で、合格後の登録・免許の理解度を具体的に確かめられます。数値や期限は資格ごとに異なるため、本文の例は必ず公式情報と照合してください。,去年の教材は使えますか？,管理業務主任者試験の合格後の登録・免許に関する質問「去年の教材は使えますか」について、まず公式要項で最新の制度を確認してください。本サイトでは過去問演習と用語解説で、合格後の登録・免許の理解度を具体的に確かめられます。数値や期限は資格ごとに異なるため、本文の例は必ず公式情報と照合してください。,exam-overview:試験概要;self-study-roadmap:独学ロードマップ
career-after-qualification,注意点・更新,管理業務主任者試験の合格後のキャリア,管理業務主任者試験の合格後のキャリアについて、公式情報の確認方法と学習の進め方を整理します。受験前に押さえるべきポイントと、このサイトでの演習・用語解説の活用法を解説します。,非公式情報で迷わないよう、公式情報の優先と更新の追い方をまとめます。,12,誤解;制度変更;合格後,管業マスター編集部,資格学習サイトの編集チーム,公式情報確認担当,公開前に一次情報との照合を行う担当者,2026-05-30,管理業務主任者試験センター（公式）|https://www.mankan.or.jp/,注意点・更新向けテンプレートから作成。公開前に本文・参照URL・関連リンクを差し替える。,本記事を読むと、管理業務主任者試験の合格後のキャリアについて、公式情報で確認すべき点と、このサイトでの学習の進め方が分かります。読了後は行動チェックリストに沿って演習・用語確認まで進められる状態を目指します。,【行動1】;【行動2】;【行動3】,試験要項・公式ページ更新時に本文と参照元を見直す。,2026-05-30,2026-06-29,2026-05-30,published,ガイド記事テンプレート で 2026-05-30 作成。,よくある誤解,"管理業務主任者試験の合格後のキャリアについて、「よくある誤解」の観点で整理します。制度・数値・日程は年度や改正で変わるため、学習前と申込前には管理業務主任者試験センター（公式）の最新情報を確認してください。非公式まとめは参考程度にし、最終判断は必ず公式要項に置きます。

このサイトでは過去問・用語解説・比較表を組み合わせ、合格後のキャリアで迷った論点を解き直せます。間違えた問題は理由を短くメモし、関連用語で定義と選択肢の論点を確認してから同分野へ戻ると定着しやすくなります。",制度・出題の改定,"管理業務主任者試験の合格後のキャリアについて、「制度・出題の改定」の観点で整理します。制度・数値・日程は年度や改正で変わるため、学習前と申込前には管理業務主任者試験センター（公式）の最新情報を確認してください。非公式まとめは参考程度にし、最終判断は必ず公式要項に置きます。

このサイトでは過去問・用語解説・比較表を組み合わせ、合格後のキャリアで迷った論点を解き直せます。間違えた問題は理由を短くメモし、関連用語で定義と選択肢の論点を確認してから同分野へ戻ると定着しやすくなります。",合格後の手続き,"管理業務主任者試験の合格後のキャリアについて、「合格後の手続き」の観点で整理します。制度・数値・日程は年度や改正で変わるため、学習前と申込前には管理業務主任者試験センター（公式）の最新情報を確認してください。非公式まとめは参考程度にし、最終判断は必ず公式要項に置きます。

このサイトでは過去問・用語解説・比較表を組み合わせ、合格後のキャリアで迷った論点を解き直せます。間違えた問題は理由を短くメモし、関連用語で定義と選択肢の論点を確認してから同分野へ戻ると定着しやすくなります。",不合格後の立て直し,"管理業務主任者試験の合格後のキャリアについて、「不合格後の立て直し」の観点で整理します。制度・数値・日程は年度や改正で変わるため、学習前と申込前には管理業務主任者試験センター（公式）の最新情報を確認してください。非公式まとめは参考程度にし、最終判断は必ず公式要項に置きます。

このサイトでは過去問・用語解説・比較表を組み合わせ、合格後のキャリアで迷った論点を解き直せます。間違えた問題は理由を短くメモし、関連用語で定義と選択肢の論点を確認してから同分野へ戻ると定着しやすくなります。",公式情報の優先,"管理業務主任者試験の合格後のキャリアについて、「公式情報の優先」の観点で整理します。制度・数値・日程は年度や改正で変わるため、学習前と申込前には管理業務主任者試験センター（公式）の最新情報を確認してください。非公式まとめは参考程度にし、最終判断は必ず公式要項に置きます。

このサイトでは過去問・用語解説・比較表を組み合わせ、合格後のキャリアで迷った論点を解き直せます。間違えた問題は理由を短くメモし、関連用語で定義と選択肢の論点を確認してから同分野へ戻ると定着しやすくなります。",,,,,ネットの体験記だけで判断してよいですか？,管理業務主任者試験の合格後のキャリアに関する質問「ネットの体験記だけで判断してよいですか」について、まず公式要項で最新の制度を確認してください。本サイトでは過去問演習と用語解説で、合格後のキャリアの理解度を具体的に確かめられます。数値や期限は資格ごとに異なるため、本文の例は必ず公式情報と照合してください。,去年の教材は使えますか？,管理業務主任者試験の合格後のキャリアに関する質問「去年の教材は使えますか」について、まず公式要項で最新の制度を確認してください。本サイトでは過去問演習と用語解説で、合格後のキャリアの理解度を具体的に確かめられます。数値や期限は資格ごとに異なるため、本文の例は必ず公式情報と照合してください。,exam-overview:試験概要;self-study-roadmap:独学ロードマップ
fail-retry-plan,注意点・更新,管理業務主任者試験の不合格からの再受験計画,管理業務主任者試験の不合格からの再受験計画について、公式情報の確認方法と学習の進め方を整理します。受験前に押さえるべきポイントと、このサイトでの演習・用語解説の活用法を解説します。,非公式情報で迷わないよう、公式情報の優先と更新の追い方をまとめます。,12,誤解;制度変更;合格後,管業マスター編集部,資格学習サイトの編集チーム,公式情報確認担当,公開前に一次情報との照合を行う担当者,2026-05-30,管理業務主任者試験センター（公式）|https://www.mankan.or.jp/,注意点・更新向けテンプレートから作成。公開前に本文・参照URL・関連リンクを差し替える。,本記事を読むと、管理業務主任者試験の不合格からの再受験計画について、公式情報で確認すべき点と、このサイトでの学習の進め方が分かります。読了後は行動チェックリストに沿って演習・用語確認まで進められる状態を目指します。,【行動1】;【行動2】;【行動3】,試験要項・公式ページ更新時に本文と参照元を見直す。,2026-05-30,2026-06-29,2026-05-30,published,ガイド記事テンプレート で 2026-05-30 作成。,よくある誤解,"管理業務主任者試験の不合格からの再受験計画について、「よくある誤解」の観点で整理します。制度・数値・日程は年度や改正で変わるため、学習前と申込前には管理業務主任者試験センター（公式）の最新情報を確認してください。非公式まとめは参考程度にし、最終判断は必ず公式要項に置きます。

このサイトでは過去問・用語解説・比較表を組み合わせ、不合格からの再受験計画で迷った論点を解き直せます。間違えた問題は理由を短くメモし、関連用語で定義と選択肢の論点を確認してから同分野へ戻ると定着しやすくなります。",制度・出題の改定,"管理業務主任者試験の不合格からの再受験計画について、「制度・出題の改定」の観点で整理します。制度・数値・日程は年度や改正で変わるため、学習前と申込前には管理業務主任者試験センター（公式）の最新情報を確認してください。非公式まとめは参考程度にし、最終判断は必ず公式要項に置きます。

このサイトでは過去問・用語解説・比較表を組み合わせ、不合格からの再受験計画で迷った論点を解き直せます。間違えた問題は理由を短くメモし、関連用語で定義と選択肢の論点を確認してから同分野へ戻ると定着しやすくなります。",合格後の手続き,"管理業務主任者試験の不合格からの再受験計画について、「合格後の手続き」の観点で整理します。制度・数値・日程は年度や改正で変わるため、学習前と申込前には管理業務主任者試験センター（公式）の最新情報を確認してください。非公式まとめは参考程度にし、最終判断は必ず公式要項に置きます。

このサイトでは過去問・用語解説・比較表を組み合わせ、不合格からの再受験計画で迷った論点を解き直せます。間違えた問題は理由を短くメモし、関連用語で定義と選択肢の論点を確認してから同分野へ戻ると定着しやすくなります。",不合格後の立て直し,"管理業務主任者試験の不合格からの再受験計画について、「不合格後の立て直し」の観点で整理します。制度・数値・日程は年度や改正で変わるため、学習前と申込前には管理業務主任者試験センター（公式）の最新情報を確認してください。非公式まとめは参考程度にし、最終判断は必ず公式要項に置きます。

このサイトでは過去問・用語解説・比較表を組み合わせ、不合格からの再受験計画で迷った論点を解き直せます。間違えた問題は理由を短くメモし、関連用語で定義と選択肢の論点を確認してから同分野へ戻ると定着しやすくなります。",公式情報の優先,"管理業務主任者試験の不合格からの再受験計画について、「公式情報の優先」の観点で整理します。制度・数値・日程は年度や改正で変わるため、学習前と申込前には管理業務主任者試験センター（公式）の最新情報を確認してください。非公式まとめは参考程度にし、最終判断は必ず公式要項に置きます。

このサイトでは過去問・用語解説・比較表を組み合わせ、不合格からの再受験計画で迷った論点を解き直せます。間違えた問題は理由を短くメモし、関連用語で定義と選択肢の論点を確認してから同分野へ戻ると定着しやすくなります。",,,,,ネットの体験記だけで判断してよいですか？,管理業務主任者試験の不合格からの再受験計画に関する質問「ネットの体験記だけで判断してよいですか」について、まず公式要項で最新の制度を確認してください。本サイトでは過去問演習と用語解説で、不合格からの再受験計画の理解度を具体的に確かめられます。数値や期限は資格ごとに異なるため、本文の例は必ず公式情報と照合してください。,去年の教材は使えますか？,管理業務主任者試験の不合格からの再受験計画に関する質問「去年の教材は使えますか」について、まず公式要項で最新の制度を確認してください。本サイトでは過去問演習と用語解説で、不合格からの再受験計画の理解度を具体的に確かめられます。数値や期限は資格ごとに異なるため、本文の例は必ず公式情報と照合してください。,exam-overview:試験概要;self-study-roadmap:独学ロードマップ
retake-strategy,注意点・更新,管理業務主任者試験の再受験の戦略,管理業務主任者試験の再受験の戦略について、公式情報の確認方法と学習の進め方を整理します。受験前に押さえるべきポイントと、このサイトでの演習・用語解説の活用法を解説します。,非公式情報で迷わないよう、公式情報の優先と更新の追い方をまとめます。,12,誤解;制度変更;合格後,管業マスター編集部,資格学習サイトの編集チーム,公式情報確認担当,公開前に一次情報との照合を行う担当者,2026-05-30,管理業務主任者試験センター（公式）|https://www.mankan.or.jp/,注意点・更新向けテンプレートから作成。公開前に本文・参照URL・関連リンクを差し替える。,本記事を読むと、管理業務主任者試験の再受験の戦略について、公式情報で確認すべき点と、このサイトでの学習の進め方が分かります。読了後は行動チェックリストに沿って演習・用語確認まで進められる状態を目指します。,【行動1】;【行動2】;【行動3】,試験要項・公式ページ更新時に本文と参照元を見直す。,2026-05-30,2026-06-29,2026-05-30,published,ガイド記事テンプレート で 2026-05-30 作成。,よくある誤解,"管理業務主任者試験の再受験の戦略について、「よくある誤解」の観点で整理します。制度・数値・日程は年度や改正で変わるため、学習前と申込前には管理業務主任者試験センター（公式）の最新情報を確認してください。非公式まとめは参考程度にし、最終判断は必ず公式要項に置きます。

このサイトでは過去問・用語解説・比較表を組み合わせ、再受験の戦略で迷った論点を解き直せます。間違えた問題は理由を短くメモし、関連用語で定義と選択肢の論点を確認してから同分野へ戻ると定着しやすくなります。",制度・出題の改定,"管理業務主任者試験の再受験の戦略について、「制度・出題の改定」の観点で整理します。制度・数値・日程は年度や改正で変わるため、学習前と申込前には管理業務主任者試験センター（公式）の最新情報を確認してください。非公式まとめは参考程度にし、最終判断は必ず公式要項に置きます。

このサイトでは過去問・用語解説・比較表を組み合わせ、再受験の戦略で迷った論点を解き直せます。間違えた問題は理由を短くメモし、関連用語で定義と選択肢の論点を確認してから同分野へ戻ると定着しやすくなります。",合格後の手続き,"管理業務主任者試験の再受験の戦略について、「合格後の手続き」の観点で整理します。制度・数値・日程は年度や改正で変わるため、学習前と申込前には管理業務主任者試験センター（公式）の最新情報を確認してください。非公式まとめは参考程度にし、最終判断は必ず公式要項に置きます。

このサイトでは過去問・用語解説・比較表を組み合わせ、再受験の戦略で迷った論点を解き直せます。間違えた問題は理由を短くメモし、関連用語で定義と選択肢の論点を確認してから同分野へ戻ると定着しやすくなります。",不合格後の立て直し,"管理業務主任者試験の再受験の戦略について、「不合格後の立て直し」の観点で整理します。制度・数値・日程は年度や改正で変わるため、学習前と申込前には管理業務主任者試験センター（公式）の最新情報を確認してください。非公式まとめは参考程度にし、最終判断は必ず公式要項に置きます。

このサイトでは過去問・用語解説・比較表を組み合わせ、再受験の戦略で迷った論点を解き直せます。間違えた問題は理由を短くメモし、関連用語で定義と選択肢の論点を確認してから同分野へ戻ると定着しやすくなります。",公式情報の優先,"管理業務主任者試験の再受験の戦略について、「公式情報の優先」の観点で整理します。制度・数値・日程は年度や改正で変わるため、学習前と申込前には管理業務主任者試験センター（公式）の最新情報を確認してください。非公式まとめは参考程度にし、最終判断は必ず公式要項に置きます。

このサイトでは過去問・用語解説・比較表を組み合わせ、再受験の戦略で迷った論点を解き直せます。間違えた問題は理由を短くメモし、関連用語で定義と選択肢の論点を確認してから同分野へ戻ると定着しやすくなります。",,,,,ネットの体験記だけで判断してよいですか？,管理業務主任者試験の再受験の戦略に関する質問「ネットの体験記だけで判断してよいですか」について、まず公式要項で最新の制度を確認してください。本サイトでは過去問演習と用語解説で、再受験の戦略の理解度を具体的に確かめられます。数値や期限は資格ごとに異なるため、本文の例は必ず公式情報と照合してください。,去年の教材は使えますか？,管理業務主任者試験の再受験の戦略に関する質問「去年の教材は使えますか」について、まず公式要項で最新の制度を確認してください。本サイトでは過去問演習と用語解説で、再受験の戦略の理解度を具体的に確かめられます。数値や期限は資格ごとに異なるため、本文の例は必ず公式情報と照合してください。,exam-overview:試験概要;self-study-roadmap:独学ロードマップ
retake-schedule-adjustment,注意点・更新,管理業務主任者試験の再受験の日程調整,管理業務主任者試験の再受験の日程調整について、公式情報の確認方法と学習の進め方を整理します。受験前に押さえるべきポイントと、このサイトでの演習・用語解説の活用法を解説します。,非公式情報で迷わないよう、公式情報の優先と更新の追い方をまとめます。,12,誤解;制度変更;合格後,管業マスター編集部,資格学習サイトの編集チーム,公式情報確認担当,公開前に一次情報との照合を行う担当者,2026-05-30,管理業務主任者試験センター（公式）|https://www.mankan.or.jp/,注意点・更新向けテンプレートから作成。公開前に本文・参照URL・関連リンクを差し替える。,本記事を読むと、管理業務主任者試験の再受験の日程調整について、公式情報で確認すべき点と、このサイトでの学習の進め方が分かります。読了後は行動チェックリストに沿って演習・用語確認まで進められる状態を目指します。,【行動1】;【行動2】;【行動3】,試験要項・公式ページ更新時に本文と参照元を見直す。,2026-05-30,2026-06-29,2026-05-30,published,ガイド記事テンプレート で 2026-05-30 作成。,よくある誤解,"管理業務主任者試験の再受験の日程調整について、「よくある誤解」の観点で整理します。制度・数値・日程は年度や改正で変わるため、学習前と申込前には管理業務主任者試験センター（公式）の最新情報を確認してください。非公式まとめは参考程度にし、最終判断は必ず公式要項に置きます。

このサイトでは過去問・用語解説・比較表を組み合わせ、再受験の日程調整で迷った論点を解き直せます。間違えた問題は理由を短くメモし、関連用語で定義と選択肢の論点を確認してから同分野へ戻ると定着しやすくなります。",制度・出題の改定,"管理業務主任者試験の再受験の日程調整について、「制度・出題の改定」の観点で整理します。制度・数値・日程は年度や改正で変わるため、学習前と申込前には管理業務主任者試験センター（公式）の最新情報を確認してください。非公式まとめは参考程度にし、最終判断は必ず公式要項に置きます。

このサイトでは過去問・用語解説・比較表を組み合わせ、再受験の日程調整で迷った論点を解き直せます。間違えた問題は理由を短くメモし、関連用語で定義と選択肢の論点を確認してから同分野へ戻ると定着しやすくなります。",合格後の手続き,"管理業務主任者試験の再受験の日程調整について、「合格後の手続き」の観点で整理します。制度・数値・日程は年度や改正で変わるため、学習前と申込前には管理業務主任者試験センター（公式）の最新情報を確認してください。非公式まとめは参考程度にし、最終判断は必ず公式要項に置きます。

このサイトでは過去問・用語解説・比較表を組み合わせ、再受験の日程調整で迷った論点を解き直せます。間違えた問題は理由を短くメモし、関連用語で定義と選択肢の論点を確認してから同分野へ戻ると定着しやすくなります。",不合格後の立て直し,"管理業務主任者試験の再受験の日程調整について、「不合格後の立て直し」の観点で整理します。制度・数値・日程は年度や改正で変わるため、学習前と申込前には管理業務主任者試験センター（公式）の最新情報を確認してください。非公式まとめは参考程度にし、最終判断は必ず公式要項に置きます。

このサイトでは過去問・用語解説・比較表を組み合わせ、再受験の日程調整で迷った論点を解き直せます。間違えた問題は理由を短くメモし、関連用語で定義と選択肢の論点を確認してから同分野へ戻ると定着しやすくなります。",公式情報の優先,"管理業務主任者試験の再受験の日程調整について、「公式情報の優先」の観点で整理します。制度・数値・日程は年度や改正で変わるため、学習前と申込前には管理業務主任者試験センター（公式）の最新情報を確認してください。非公式まとめは参考程度にし、最終判断は必ず公式要項に置きます。

このサイトでは過去問・用語解説・比較表を組み合わせ、再受験の日程調整で迷った論点を解き直せます。間違えた問題は理由を短くメモし、関連用語で定義と選択肢の論点を確認してから同分野へ戻ると定着しやすくなります。",,,,,ネットの体験記だけで判断してよいですか？,管理業務主任者試験の再受験の日程調整に関する質問「ネットの体験記だけで判断してよいですか」について、まず公式要項で最新の制度を確認してください。本サイトでは過去問演習と用語解説で、再受験の日程調整の理解度を具体的に確かめられます。数値や期限は資格ごとに異なるため、本文の例は必ず公式情報と照合してください。,去年の教材は使えますか？,管理業務主任者試験の再受験の日程調整に関する質問「去年の教材は使えますか」について、まず公式要項で最新の制度を確認してください。本サイトでは過去問演習と用語解説で、再受験の日程調整の理解度を具体的に確かめられます。数値や期限は資格ごとに異なるため、本文の例は必ず公式情報と照合してください。,exam-overview:試験概要;self-study-roadmap:独学ロードマップ
score-gap-analysis,注意点・更新,管理業務主任者試験の得点差の分析と対策,管理業務主任者試験の得点差の分析と対策について、公式情報の確認方法と学習の進め方を整理します。受験前に押さえるべきポイントと、このサイトでの演習・用語解説の活用法を解説します。,非公式情報で迷わないよう、公式情報の優先と更新の追い方をまとめます。,12,誤解;制度変更;合格後,管業マスター編集部,資格学習サイトの編集チーム,公式情報確認担当,公開前に一次情報との照合を行う担当者,2026-05-30,管理業務主任者試験センター（公式）|https://www.mankan.or.jp/,注意点・更新向けテンプレートから作成。公開前に本文・参照URL・関連リンクを差し替える。,本記事を読むと、管理業務主任者試験の得点差の分析と対策について、公式情報で確認すべき点と、このサイトでの学習の進め方が分かります。読了後は行動チェックリストに沿って演習・用語確認まで進められる状態を目指します。,【行動1】;【行動2】;【行動3】,試験要項・公式ページ更新時に本文と参照元を見直す。,2026-05-30,2026-06-29,2026-05-30,published,ガイド記事テンプレート で 2026-05-30 作成。,よくある誤解,"管理業務主任者試験の得点差の分析と対策について、「よくある誤解」の観点で整理します。制度・数値・日程は年度や改正で変わるため、学習前と申込前には管理業務主任者試験センター（公式）の最新情報を確認してください。非公式まとめは参考程度にし、最終判断は必ず公式要項に置きます。

このサイトでは過去問・用語解説・比較表を組み合わせ、得点差の分析と対策で迷った論点を解き直せます。間違えた問題は理由を短くメモし、関連用語で定義と選択肢の論点を確認してから同分野へ戻ると定着しやすくなります。",制度・出題の改定,"管理業務主任者試験の得点差の分析と対策について、「制度・出題の改定」の観点で整理します。制度・数値・日程は年度や改正で変わるため、学習前と申込前には管理業務主任者試験センター（公式）の最新情報を確認してください。非公式まとめは参考程度にし、最終判断は必ず公式要項に置きます。

このサイトでは過去問・用語解説・比較表を組み合わせ、得点差の分析と対策で迷った論点を解き直せます。間違えた問題は理由を短くメモし、関連用語で定義と選択肢の論点を確認してから同分野へ戻ると定着しやすくなります。",合格後の手続き,"管理業務主任者試験の得点差の分析と対策について、「合格後の手続き」の観点で整理します。制度・数値・日程は年度や改正で変わるため、学習前と申込前には管理業務主任者試験センター（公式）の最新情報を確認してください。非公式まとめは参考程度にし、最終判断は必ず公式要項に置きます。

このサイトでは過去問・用語解説・比較表を組み合わせ、得点差の分析と対策で迷った論点を解き直せます。間違えた問題は理由を短くメモし、関連用語で定義と選択肢の論点を確認してから同分野へ戻ると定着しやすくなります。",不合格後の立て直し,"管理業務主任者試験の得点差の分析と対策について、「不合格後の立て直し」の観点で整理します。制度・数値・日程は年度や改正で変わるため、学習前と申込前には管理業務主任者試験センター（公式）の最新情報を確認してください。非公式まとめは参考程度にし、最終判断は必ず公式要項に置きます。

このサイトでは過去問・用語解説・比較表を組み合わせ、得点差の分析と対策で迷った論点を解き直せます。間違えた問題は理由を短くメモし、関連用語で定義と選択肢の論点を確認してから同分野へ戻ると定着しやすくなります。",公式情報の優先,"管理業務主任者試験の得点差の分析と対策について、「公式情報の優先」の観点で整理します。制度・数値・日程は年度や改正で変わるため、学習前と申込前には管理業務主任者試験センター（公式）の最新情報を確認してください。非公式まとめは参考程度にし、最終判断は必ず公式要項に置きます。

このサイトでは過去問・用語解説・比較表を組み合わせ、得点差の分析と対策で迷った論点を解き直せます。間違えた問題は理由を短くメモし、関連用語で定義と選択肢の論点を確認してから同分野へ戻ると定着しやすくなります。",,,,,ネットの体験記だけで判断してよいですか？,管理業務主任者試験の得点差の分析と対策に関する質問「ネットの体験記だけで判断してよいですか」について、まず公式要項で最新の制度を確認してください。本サイトでは過去問演習と用語解説で、得点差の分析と対策の理解度を具体的に確かめられます。数値や期限は資格ごとに異なるため、本文の例は必ず公式情報と照合してください。,去年の教材は使えますか？,管理業務主任者試験の得点差の分析と対策に関する質問「去年の教材は使えますか」について、まず公式要項で最新の制度を確認してください。本サイトでは過去問演習と用語解説で、得点差の分析と対策の理解度を具体的に確かめられます。数値や期限は資格ごとに異なるため、本文の例は必ず公式情報と照合してください。,exam-overview:試験概要;self-study-roadmap:独学ロードマップ
exam-changes,注意点・更新,管理業務主任者試験の試験制度の変更点,管理業務主任者試験の試験制度の変更点について、公式情報の確認方法と学習の進め方を整理します。受験前に押さえるべきポイントと、このサイトでの演習・用語解説の活用法を解説します。,非公式情報で迷わないよう、公式情報の優先と更新の追い方をまとめます。,12,誤解;制度変更;合格後,管業マスター編集部,資格学習サイトの編集チーム,公式情報確認担当,公開前に一次情報との照合を行う担当者,2026-05-30,管理業務主任者試験センター（公式）|https://www.mankan.or.jp/,注意点・更新向けテンプレートから作成。公開前に本文・参照URL・関連リンクを差し替える。,本記事を読むと、管理業務主任者試験の試験制度の変更点について、公式情報で確認すべき点と、このサイトでの学習の進め方が分かります。読了後は行動チェックリストに沿って演習・用語確認まで進められる状態を目指します。,【行動1】;【行動2】;【行動3】,試験要項・公式ページ更新時に本文と参照元を見直す。,2026-05-30,2026-06-29,2026-05-30,published,ガイド記事テンプレート で 2026-05-30 作成。,よくある誤解,"管理業務主任者試験の試験制度の変更点について、「よくある誤解」の観点で整理します。制度・数値・日程は年度や改正で変わるため、学習前と申込前には管理業務主任者試験センター（公式）の最新情報を確認してください。非公式まとめは参考程度にし、最終判断は必ず公式要項に置きます。

このサイトでは過去問・用語解説・比較表を組み合わせ、試験制度の変更点で迷った論点を解き直せます。間違えた問題は理由を短くメモし、関連用語で定義と選択肢の論点を確認してから同分野へ戻ると定着しやすくなります。",制度・出題の改定,"管理業務主任者試験の試験制度の変更点について、「制度・出題の改定」の観点で整理します。制度・数値・日程は年度や改正で変わるため、学習前と申込前には管理業務主任者試験センター（公式）の最新情報を確認してください。非公式まとめは参考程度にし、最終判断は必ず公式要項に置きます。

このサイトでは過去問・用語解説・比較表を組み合わせ、試験制度の変更点で迷った論点を解き直せます。間違えた問題は理由を短くメモし、関連用語で定義と選択肢の論点を確認してから同分野へ戻ると定着しやすくなります。",合格後の手続き,"管理業務主任者試験の試験制度の変更点について、「合格後の手続き」の観点で整理します。制度・数値・日程は年度や改正で変わるため、学習前と申込前には管理業務主任者試験センター（公式）の最新情報を確認してください。非公式まとめは参考程度にし、最終判断は必ず公式要項に置きます。

このサイトでは過去問・用語解説・比較表を組み合わせ、試験制度の変更点で迷った論点を解き直せます。間違えた問題は理由を短くメモし、関連用語で定義と選択肢の論点を確認してから同分野へ戻ると定着しやすくなります。",不合格後の立て直し,"管理業務主任者試験の試験制度の変更点について、「不合格後の立て直し」の観点で整理します。制度・数値・日程は年度や改正で変わるため、学習前と申込前には管理業務主任者試験センター（公式）の最新情報を確認してください。非公式まとめは参考程度にし、最終判断は必ず公式要項に置きます。

このサイトでは過去問・用語解説・比較表を組み合わせ、試験制度の変更点で迷った論点を解き直せます。間違えた問題は理由を短くメモし、関連用語で定義と選択肢の論点を確認してから同分野へ戻ると定着しやすくなります。",公式情報の優先,"管理業務主任者試験の試験制度の変更点について、「公式情報の優先」の観点で整理します。制度・数値・日程は年度や改正で変わるため、学習前と申込前には管理業務主任者試験センター（公式）の最新情報を確認してください。非公式まとめは参考程度にし、最終判断は必ず公式要項に置きます。

このサイトでは過去問・用語解説・比較表を組み合わせ、試験制度の変更点で迷った論点を解き直せます。間違えた問題は理由を短くメモし、関連用語で定義と選択肢の論点を確認してから同分野へ戻ると定着しやすくなります。",,,,,ネットの体験記だけで判断してよいですか？,管理業務主任者試験の試験制度の変更点に関する質問「ネットの体験記だけで判断してよいですか」について、まず公式要項で最新の制度を確認してください。本サイトでは過去問演習と用語解説で、試験制度の変更点の理解度を具体的に確かめられます。数値や期限は資格ごとに異なるため、本文の例は必ず公式情報と照合してください。,去年の教材は使えますか？,管理業務主任者試験の試験制度の変更点に関する質問「去年の教材は使えますか」について、まず公式要項で最新の制度を確認してください。本サイトでは過去問演習と用語解説で、試験制度の変更点の理解度を具体的に確かめられます。数値や期限は資格ごとに異なるため、本文の例は必ず公式情報と照合してください。,exam-overview:試験概要;self-study-roadmap:独学ロードマップ
legal-revision-impact,注意点・更新,管理業務主任者試験の法改正の学習への影響,管理業務主任者試験の法改正の学習への影響について、公式情報の確認方法と学習の進め方を整理します。受験前に押さえるべきポイントと、このサイトでの演習・用語解説の活用法を解説します。,非公式情報で迷わないよう、公式情報の優先と更新の追い方をまとめます。,12,誤解;制度変更;合格後,管業マスター編集部,資格学習サイトの編集チーム,公式情報確認担当,公開前に一次情報との照合を行う担当者,2026-05-30,管理業務主任者試験センター（公式）|https://www.mankan.or.jp/,注意点・更新向けテンプレートから作成。公開前に本文・参照URL・関連リンクを差し替える。,本記事を読むと、管理業務主任者試験の法改正の学習への影響について、公式情報で確認すべき点と、このサイトでの学習の進め方が分かります。読了後は行動チェックリストに沿って演習・用語確認まで進められる状態を目指します。,【行動1】;【行動2】;【行動3】,試験要項・公式ページ更新時に本文と参照元を見直す。,2026-05-30,2026-06-29,2026-05-30,published,ガイド記事テンプレート で 2026-05-30 作成。,よくある誤解,"管理業務主任者試験の法改正の学習への影響について、「よくある誤解」の観点で整理します。制度・数値・日程は年度や改正で変わるため、学習前と申込前には管理業務主任者試験センター（公式）の最新情報を確認してください。非公式まとめは参考程度にし、最終判断は必ず公式要項に置きます。

このサイトでは過去問・用語解説・比較表を組み合わせ、法改正の学習への影響で迷った論点を解き直せます。間違えた問題は理由を短くメモし、関連用語で定義と選択肢の論点を確認してから同分野へ戻ると定着しやすくなります。",制度・出題の改定,"管理業務主任者試験の法改正の学習への影響について、「制度・出題の改定」の観点で整理します。制度・数値・日程は年度や改正で変わるため、学習前と申込前には管理業務主任者試験センター（公式）の最新情報を確認してください。非公式まとめは参考程度にし、最終判断は必ず公式要項に置きます。

このサイトでは過去問・用語解説・比較表を組み合わせ、法改正の学習への影響で迷った論点を解き直せます。間違えた問題は理由を短くメモし、関連用語で定義と選択肢の論点を確認してから同分野へ戻ると定着しやすくなります。",合格後の手続き,"管理業務主任者試験の法改正の学習への影響について、「合格後の手続き」の観点で整理します。制度・数値・日程は年度や改正で変わるため、学習前と申込前には管理業務主任者試験センター（公式）の最新情報を確認してください。非公式まとめは参考程度にし、最終判断は必ず公式要項に置きます。

このサイトでは過去問・用語解説・比較表を組み合わせ、法改正の学習への影響で迷った論点を解き直せます。間違えた問題は理由を短くメモし、関連用語で定義と選択肢の論点を確認してから同分野へ戻ると定着しやすくなります。",不合格後の立て直し,"管理業務主任者試験の法改正の学習への影響について、「不合格後の立て直し」の観点で整理します。制度・数値・日程は年度や改正で変わるため、学習前と申込前には管理業務主任者試験センター（公式）の最新情報を確認してください。非公式まとめは参考程度にし、最終判断は必ず公式要項に置きます。

このサイトでは過去問・用語解説・比較表を組み合わせ、法改正の学習への影響で迷った論点を解き直せます。間違えた問題は理由を短くメモし、関連用語で定義と選択肢の論点を確認してから同分野へ戻ると定着しやすくなります。",公式情報の優先,"管理業務主任者試験の法改正の学習への影響について、「公式情報の優先」の観点で整理します。制度・数値・日程は年度や改正で変わるため、学習前と申込前には管理業務主任者試験センター（公式）の最新情報を確認してください。非公式まとめは参考程度にし、最終判断は必ず公式要項に置きます。

このサイトでは過去問・用語解説・比較表を組み合わせ、法改正の学習への影響で迷った論点を解き直せます。間違えた問題は理由を短くメモし、関連用語で定義と選択肢の論点を確認してから同分野へ戻ると定着しやすくなります。",,,,,ネットの体験記だけで判断してよいですか？,管理業務主任者試験の法改正の学習への影響に関する質問「ネットの体験記だけで判断してよいですか」について、まず公式要項で最新の制度を確認してください。本サイトでは過去問演習と用語解説で、法改正の学習への影響の理解度を具体的に確かめられます。数値や期限は資格ごとに異なるため、本文の例は必ず公式情報と照合してください。,去年の教材は使えますか？,管理業務主任者試験の法改正の学習への影響に関する質問「去年の教材は使えますか」について、まず公式要項で最新の制度を確認してください。本サイトでは過去問演習と用語解説で、法改正の学習への影響の理解度を具体的に確かめられます。数値や期限は資格ごとに異なるため、本文の例は必ず公式情報と照合してください。,exam-overview:試験概要;self-study-roadmap:独学ロードマップ
syllabus-update-tracker,注意点・更新,管理業務主任者試験のシラバス・出題範囲の更新,管理業務主任者試験のシラバス・出題範囲の更新について、公式情報の確認方法と学習の進め方を整理します。受験前に押さえるべきポイントと、このサイトでの演習・用語解説の活用法を解説します。,非公式情報で迷わないよう、公式情報の優先と更新の追い方をまとめます。,12,誤解;制度変更;合格後,管業マスター編集部,資格学習サイトの編集チーム,公式情報確認担当,公開前に一次情報との照合を行う担当者,2026-05-30,管理業務主任者試験センター（公式）|https://www.mankan.or.jp/,注意点・更新向けテンプレートから作成。公開前に本文・参照URL・関連リンクを差し替える。,本記事を読むと、管理業務主任者試験のシラバス・出題範囲の更新について、公式情報で確認すべき点と、このサイトでの学習の進め方が分かります。読了後は行動チェックリストに沿って演習・用語確認まで進められる状態を目指します。,【行動1】;【行動2】;【行動3】,試験要項・公式ページ更新時に本文と参照元を見直す。,2026-05-30,2026-06-29,2026-05-30,published,ガイド記事テンプレート で 2026-05-30 作成。,よくある誤解,"管理業務主任者試験のシラバス・出題範囲の更新について、「よくある誤解」の観点で整理します。制度・数値・日程は年度や改正で変わるため、学習前と申込前には管理業務主任者試験センター（公式）の最新情報を確認してください。非公式まとめは参考程度にし、最終判断は必ず公式要項に置きます。

このサイトでは過去問・用語解説・比較表を組み合わせ、シラバス・出題範囲の更新で迷った論点を解き直せます。間違えた問題は理由を短くメモし、関連用語で定義と選択肢の論点を確認してから同分野へ戻ると定着しやすくなります。",制度・出題の改定,"管理業務主任者試験のシラバス・出題範囲の更新について、「制度・出題の改定」の観点で整理します。制度・数値・日程は年度や改正で変わるため、学習前と申込前には管理業務主任者試験センター（公式）の最新情報を確認してください。非公式まとめは参考程度にし、最終判断は必ず公式要項に置きます。

このサイトでは過去問・用語解説・比較表を組み合わせ、シラバス・出題範囲の更新で迷った論点を解き直せます。間違えた問題は理由を短くメモし、関連用語で定義と選択肢の論点を確認してから同分野へ戻ると定着しやすくなります。",合格後の手続き,"管理業務主任者試験のシラバス・出題範囲の更新について、「合格後の手続き」の観点で整理します。制度・数値・日程は年度や改正で変わるため、学習前と申込前には管理業務主任者試験センター（公式）の最新情報を確認してください。非公式まとめは参考程度にし、最終判断は必ず公式要項に置きます。

このサイトでは過去問・用語解説・比較表を組み合わせ、シラバス・出題範囲の更新で迷った論点を解き直せます。間違えた問題は理由を短くメモし、関連用語で定義と選択肢の論点を確認してから同分野へ戻ると定着しやすくなります。",不合格後の立て直し,"管理業務主任者試験のシラバス・出題範囲の更新について、「不合格後の立て直し」の観点で整理します。制度・数値・日程は年度や改正で変わるため、学習前と申込前には管理業務主任者試験センター（公式）の最新情報を確認してください。非公式まとめは参考程度にし、最終判断は必ず公式要項に置きます。

このサイトでは過去問・用語解説・比較表を組み合わせ、シラバス・出題範囲の更新で迷った論点を解き直せます。間違えた問題は理由を短くメモし、関連用語で定義と選択肢の論点を確認してから同分野へ戻ると定着しやすくなります。",公式情報の優先,"管理業務主任者試験のシラバス・出題範囲の更新について、「公式情報の優先」の観点で整理します。制度・数値・日程は年度や改正で変わるため、学習前と申込前には管理業務主任者試験センター（公式）の最新情報を確認してください。非公式まとめは参考程度にし、最終判断は必ず公式要項に置きます。

このサイトでは過去問・用語解説・比較表を組み合わせ、シラバス・出題範囲の更新で迷った論点を解き直せます。間違えた問題は理由を短くメモし、関連用語で定義と選択肢の論点を確認してから同分野へ戻ると定着しやすくなります。",,,,,ネットの体験記だけで判断してよいですか？,管理業務主任者試験のシラバス・出題範囲の更新に関する質問「ネットの体験記だけで判断してよいですか」について、まず公式要項で最新の制度を確認してください。本サイトでは過去問演習と用語解説で、シラバス・出題範囲の更新の理解度を具体的に確かめられます。数値や期限は資格ごとに異なるため、本文の例は必ず公式情報と照合してください。,去年の教材は使えますか？,管理業務主任者試験のシラバス・出題範囲の更新に関する質問「去年の教材は使えますか」について、まず公式要項で最新の制度を確認してください。本サイトでは過去問演習と用語解説で、シラバス・出題範囲の更新の理解度を具体的に確かめられます。数値や期限は資格ごとに異なるため、本文の例は必ず公式情報と照合してください。,exam-overview:試験概要;self-study-roadmap:独学ロードマップ
official-info-update-habits,注意点・更新,管理業務主任者試験の公式情報の更新確認習慣,管理業務主任者試験の公式情報の更新確認習慣について、公式情報の確認方法と学習の進め方を整理します。受験前に押さえるべきポイントと、このサイトでの演習・用語解説の活用法を解説します。,非公式情報で迷わないよう、公式情報の優先と更新の追い方をまとめます。,12,誤解;制度変更;合格後,管業マスター編集部,資格学習サイトの編集チーム,公式情報確認担当,公開前に一次情報との照合を行う担当者,2026-05-30,管理業務主任者試験センター（公式）|https://www.mankan.or.jp/,注意点・更新向けテンプレートから作成。公開前に本文・参照URL・関連リンクを差し替える。,本記事を読むと、管理業務主任者試験の公式情報の更新確認習慣について、公式情報で確認すべき点と、このサイトでの学習の進め方が分かります。読了後は行動チェックリストに沿って演習・用語確認まで進められる状態を目指します。,【行動1】;【行動2】;【行動3】,試験要項・公式ページ更新時に本文と参照元を見直す。,2026-05-30,2026-06-29,2026-05-30,published,ガイド記事テンプレート で 2026-05-30 作成。,よくある誤解,"管理業務主任者試験の公式情報の更新確認習慣について、「よくある誤解」の観点で整理します。制度・数値・日程は年度や改正で変わるため、学習前と申込前には管理業務主任者試験センター（公式）の最新情報を確認してください。非公式まとめは参考程度にし、最終判断は必ず公式要項に置きます。

このサイトでは過去問・用語解説・比較表を組み合わせ、公式情報の更新確認習慣で迷った論点を解き直せます。間違えた問題は理由を短くメモし、関連用語で定義と選択肢の論点を確認してから同分野へ戻ると定着しやすくなります。",制度・出題の改定,"管理業務主任者試験の公式情報の更新確認習慣について、「制度・出題の改定」の観点で整理します。制度・数値・日程は年度や改正で変わるため、学習前と申込前には管理業務主任者試験センター（公式）の最新情報を確認してください。非公式まとめは参考程度にし、最終判断は必ず公式要項に置きます。

このサイトでは過去問・用語解説・比較表を組み合わせ、公式情報の更新確認習慣で迷った論点を解き直せます。間違えた問題は理由を短くメモし、関連用語で定義と選択肢の論点を確認してから同分野へ戻ると定着しやすくなります。",合格後の手続き,"管理業務主任者試験の公式情報の更新確認習慣について、「合格後の手続き」の観点で整理します。制度・数値・日程は年度や改正で変わるため、学習前と申込前には管理業務主任者試験センター（公式）の最新情報を確認してください。非公式まとめは参考程度にし、最終判断は必ず公式要項に置きます。

このサイトでは過去問・用語解説・比較表を組み合わせ、公式情報の更新確認習慣で迷った論点を解き直せます。間違えた問題は理由を短くメモし、関連用語で定義と選択肢の論点を確認してから同分野へ戻ると定着しやすくなります。",不合格後の立て直し,"管理業務主任者試験の公式情報の更新確認習慣について、「不合格後の立て直し」の観点で整理します。制度・数値・日程は年度や改正で変わるため、学習前と申込前には管理業務主任者試験センター（公式）の最新情報を確認してください。非公式まとめは参考程度にし、最終判断は必ず公式要項に置きます。

このサイトでは過去問・用語解説・比較表を組み合わせ、公式情報の更新確認習慣で迷った論点を解き直せます。間違えた問題は理由を短くメモし、関連用語で定義と選択肢の論点を確認してから同分野へ戻ると定着しやすくなります。",公式情報の優先,"管理業務主任者試験の公式情報の更新確認習慣について、「公式情報の優先」の観点で整理します。制度・数値・日程は年度や改正で変わるため、学習前と申込前には管理業務主任者試験センター（公式）の最新情報を確認してください。非公式まとめは参考程度にし、最終判断は必ず公式要項に置きます。

このサイトでは過去問・用語解説・比較表を組み合わせ、公式情報の更新確認習慣で迷った論点を解き直せます。間違えた問題は理由を短くメモし、関連用語で定義と選択肢の論点を確認してから同分野へ戻ると定着しやすくなります。",,,,,ネットの体験記だけで判断してよいですか？,管理業務主任者試験の公式情報の更新確認習慣に関する質問「ネットの体験記だけで判断してよいですか」について、まず公式要項で最新の制度を確認してください。本サイトでは過去問演習と用語解説で、公式情報の更新確認習慣の理解度を具体的に確かめられます。数値や期限は資格ごとに異なるため、本文の例は必ず公式情報と照合してください。,去年の教材は使えますか？,管理業務主任者試験の公式情報の更新確認習慣に関する質問「去年の教材は使えますか」について、まず公式要項で最新の制度を確認してください。本サイトでは過去問演習と用語解説で、公式情報の更新確認習慣の理解度を具体的に確かめられます。数値や期限は資格ごとに異なるため、本文の例は必ず公式情報と照合してください。,exam-overview:試験概要;self-study-roadmap:独学ロードマップ
common-misconceptions,注意点・更新,管理業務主任者試験のよくある誤解,管理業務主任者試験のよくある誤解について、公式情報の確認方法と学習の進め方を整理します。受験前に押さえるべきポイントと、このサイトでの演習・用語解説の活用法を解説します。,非公式情報で迷わないよう、公式情報の優先と更新の追い方をまとめます。,12,誤解;制度変更;合格後,管業マスター編集部,資格学習サイトの編集チーム,公式情報確認担当,公開前に一次情報との照合を行う担当者,2026-05-30,管理業務主任者試験センター（公式）|https://www.mankan.or.jp/,注意点・更新向けテンプレートから作成。公開前に本文・参照URL・関連リンクを差し替える。,本記事を読むと、管理業務主任者試験のよくある誤解について、公式情報で確認すべき点と、このサイトでの学習の進め方が分かります。読了後は行動チェックリストに沿って演習・用語確認まで進められる状態を目指します。,【行動1】;【行動2】;【行動3】,試験要項・公式ページ更新時に本文と参照元を見直す。,2026-05-30,2026-06-29,2026-05-30,published,ガイド記事テンプレート で 2026-05-30 作成。,よくある誤解,"管理業務主任者試験のよくある誤解について、「よくある誤解」の観点で整理します。制度・数値・日程は年度や改正で変わるため、学習前と申込前には管理業務主任者試験センター（公式）の最新情報を確認してください。非公式まとめは参考程度にし、最終判断は必ず公式要項に置きます。

このサイトでは過去問・用語解説・比較表を組み合わせ、よくある誤解で迷った論点を解き直せます。間違えた問題は理由を短くメモし、関連用語で定義と選択肢の論点を確認してから同分野へ戻ると定着しやすくなります。",制度・出題の改定,"管理業務主任者試験のよくある誤解について、「制度・出題の改定」の観点で整理します。制度・数値・日程は年度や改正で変わるため、学習前と申込前には管理業務主任者試験センター（公式）の最新情報を確認してください。非公式まとめは参考程度にし、最終判断は必ず公式要項に置きます。

このサイトでは過去問・用語解説・比較表を組み合わせ、よくある誤解で迷った論点を解き直せます。間違えた問題は理由を短くメモし、関連用語で定義と選択肢の論点を確認してから同分野へ戻ると定着しやすくなります。",合格後の手続き,"管理業務主任者試験のよくある誤解について、「合格後の手続き」の観点で整理します。制度・数値・日程は年度や改正で変わるため、学習前と申込前には管理業務主任者試験センター（公式）の最新情報を確認してください。非公式まとめは参考程度にし、最終判断は必ず公式要項に置きます。

このサイトでは過去問・用語解説・比較表を組み合わせ、よくある誤解で迷った論点を解き直せます。間違えた問題は理由を短くメモし、関連用語で定義と選択肢の論点を確認してから同分野へ戻ると定着しやすくなります。",不合格後の立て直し,"管理業務主任者試験のよくある誤解について、「不合格後の立て直し」の観点で整理します。制度・数値・日程は年度や改正で変わるため、学習前と申込前には管理業務主任者試験センター（公式）の最新情報を確認してください。非公式まとめは参考程度にし、最終判断は必ず公式要項に置きます。

このサイトでは過去問・用語解説・比較表を組み合わせ、よくある誤解で迷った論点を解き直せます。間違えた問題は理由を短くメモし、関連用語で定義と選択肢の論点を確認してから同分野へ戻ると定着しやすくなります。",公式情報の優先,"管理業務主任者試験のよくある誤解について、「公式情報の優先」の観点で整理します。制度・数値・日程は年度や改正で変わるため、学習前と申込前には管理業務主任者試験センター（公式）の最新情報を確認してください。非公式まとめは参考程度にし、最終判断は必ず公式要項に置きます。

このサイトでは過去問・用語解説・比較表を組み合わせ、よくある誤解で迷った論点を解き直せます。間違えた問題は理由を短くメモし、関連用語で定義と選択肢の論点を確認してから同分野へ戻ると定着しやすくなります。",,,,,ネットの体験記だけで判断してよいですか？,管理業務主任者試験のよくある誤解に関する質問「ネットの体験記だけで判断してよいですか」について、まず公式要項で最新の制度を確認してください。本サイトでは過去問演習と用語解説で、よくある誤解の理解度を具体的に確かめられます。数値や期限は資格ごとに異なるため、本文の例は必ず公式情報と照合してください。,去年の教材は使えますか？,管理業務主任者試験のよくある誤解に関する質問「去年の教材は使えますか」について、まず公式要項で最新の制度を確認してください。本サイトでは過去問演習と用語解説で、よくある誤解の理解度を具体的に確かめられます。数値や期限は資格ごとに異なるため、本文の例は必ず公式情報と照合してください。,exam-overview:試験概要;self-study-roadmap:独学ロードマップ
pass-only-past-questions-myth,注意点・更新,管理業務主任者試験の過去問だけで合格できる誤解,管理業務主任者試験の過去問だけで合格できる誤解について、公式情報の確認方法と学習の進め方を整理します。受験前に押さえるべきポイントと、このサイトでの演習・用語解説の活用法を解説します。,非公式情報で迷わないよう、公式情報の優先と更新の追い方をまとめます。,12,誤解;制度変更;合格後,管業マスター編集部,資格学習サイトの編集チーム,公式情報確認担当,公開前に一次情報との照合を行う担当者,2026-05-30,管理業務主任者試験センター（公式）|https://www.mankan.or.jp/,注意点・更新向けテンプレートから作成。公開前に本文・参照URL・関連リンクを差し替える。,本記事を読むと、管理業務主任者試験の過去問だけで合格できる誤解について、公式情報で確認すべき点と、このサイトでの学習の進め方が分かります。読了後は行動チェックリストに沿って演習・用語確認まで進められる状態を目指します。,【行動1】;【行動2】;【行動3】,試験要項・公式ページ更新時に本文と参照元を見直す。,2026-05-30,2026-06-29,2026-05-30,published,ガイド記事テンプレート で 2026-05-30 作成。,よくある誤解,"管理業務主任者試験の過去問だけで合格できる誤解について、「よくある誤解」の観点で整理します。制度・数値・日程は年度や改正で変わるため、学習前と申込前には管理業務主任者試験センター（公式）の最新情報を確認してください。非公式まとめは参考程度にし、最終判断は必ず公式要項に置きます。

このサイトでは過去問・用語解説・比較表を組み合わせ、過去問だけで合格できる誤解で迷った論点を解き直せます。間違えた問題は理由を短くメモし、関連用語で定義と選択肢の論点を確認してから同分野へ戻ると定着しやすくなります。",制度・出題の改定,"管理業務主任者試験の過去問だけで合格できる誤解について、「制度・出題の改定」の観点で整理します。制度・数値・日程は年度や改正で変わるため、学習前と申込前には管理業務主任者試験センター（公式）の最新情報を確認してください。非公式まとめは参考程度にし、最終判断は必ず公式要項に置きます。

このサイトでは過去問・用語解説・比較表を組み合わせ、過去問だけで合格できる誤解で迷った論点を解き直せます。間違えた問題は理由を短くメモし、関連用語で定義と選択肢の論点を確認してから同分野へ戻ると定着しやすくなります。",合格後の手続き,"管理業務主任者試験の過去問だけで合格できる誤解について、「合格後の手続き」の観点で整理します。制度・数値・日程は年度や改正で変わるため、学習前と申込前には管理業務主任者試験センター（公式）の最新情報を確認してください。非公式まとめは参考程度にし、最終判断は必ず公式要項に置きます。

このサイトでは過去問・用語解説・比較表を組み合わせ、過去問だけで合格できる誤解で迷った論点を解き直せます。間違えた問題は理由を短くメモし、関連用語で定義と選択肢の論点を確認してから同分野へ戻ると定着しやすくなります。",不合格後の立て直し,"管理業務主任者試験の過去問だけで合格できる誤解について、「不合格後の立て直し」の観点で整理します。制度・数値・日程は年度や改正で変わるため、学習前と申込前には管理業務主任者試験センター（公式）の最新情報を確認してください。非公式まとめは参考程度にし、最終判断は必ず公式要項に置きます。

このサイトでは過去問・用語解説・比較表を組み合わせ、過去問だけで合格できる誤解で迷った論点を解き直せます。間違えた問題は理由を短くメモし、関連用語で定義と選択肢の論点を確認してから同分野へ戻ると定着しやすくなります。",公式情報の優先,"管理業務主任者試験の過去問だけで合格できる誤解について、「公式情報の優先」の観点で整理します。制度・数値・日程は年度や改正で変わるため、学習前と申込前には管理業務主任者試験センター（公式）の最新情報を確認してください。非公式まとめは参考程度にし、最終判断は必ず公式要項に置きます。

このサイトでは過去問・用語解説・比較表を組み合わせ、過去問だけで合格できる誤解で迷った論点を解き直せます。間違えた問題は理由を短くメモし、関連用語で定義と選択肢の論点を確認してから同分野へ戻ると定着しやすくなります。",,,,,ネットの体験記だけで判断してよいですか？,管理業務主任者試験の過去問だけで合格できる誤解に関する質問「ネットの体験記だけで判断してよいですか」について、まず公式要項で最新の制度を確認してください。本サイトでは過去問演習と用語解説で、過去問だけで合格できる誤解の理解度を具体的に確かめられます。数値や期限は資格ごとに異なるため、本文の例は必ず公式情報と照合してください。,去年の教材は使えますか？,管理業務主任者試験の過去問だけで合格できる誤解に関する質問「去年の教材は使えますか」について、まず公式要項で最新の制度を確認してください。本サイトでは過去問演習と用語解説で、過去問だけで合格できる誤解の理解度を具体的に確かめられます。数値や期限は資格ごとに異なるため、本文の例は必ず公式情報と照合してください。,exam-overview:試験概要;self-study-roadmap:独学ロードマップ
study-hours-myth,注意点・更新,管理業務主任者試験の勉強時間の神話,管理業務主任者試験の勉強時間の神話について、公式情報の確認方法と学習の進め方を整理します。受験前に押さえるべきポイントと、このサイトでの演習・用語解説の活用法を解説します。,非公式情報で迷わないよう、公式情報の優先と更新の追い方をまとめます。,12,誤解;制度変更;合格後,管業マスター編集部,資格学習サイトの編集チーム,公式情報確認担当,公開前に一次情報との照合を行う担当者,2026-05-30,管理業務主任者試験センター（公式）|https://www.mankan.or.jp/,注意点・更新向けテンプレートから作成。公開前に本文・参照URL・関連リンクを差し替える。,本記事を読むと、管理業務主任者試験の勉強時間の神話について、公式情報で確認すべき点と、このサイトでの学習の進め方が分かります。読了後は行動チェックリストに沿って演習・用語確認まで進められる状態を目指します。,【行動1】;【行動2】;【行動3】,試験要項・公式ページ更新時に本文と参照元を見直す。,2026-05-30,2026-06-29,2026-05-30,published,ガイド記事テンプレート で 2026-05-30 作成。,よくある誤解,"管理業務主任者試験の勉強時間の神話について、「よくある誤解」の観点で整理します。制度・数値・日程は年度や改正で変わるため、学習前と申込前には管理業務主任者試験センター（公式）の最新情報を確認してください。非公式まとめは参考程度にし、最終判断は必ず公式要項に置きます。

このサイトでは過去問・用語解説・比較表を組み合わせ、勉強時間の神話で迷った論点を解き直せます。間違えた問題は理由を短くメモし、関連用語で定義と選択肢の論点を確認してから同分野へ戻ると定着しやすくなります。",制度・出題の改定,"管理業務主任者試験の勉強時間の神話について、「制度・出題の改定」の観点で整理します。制度・数値・日程は年度や改正で変わるため、学習前と申込前には管理業務主任者試験センター（公式）の最新情報を確認してください。非公式まとめは参考程度にし、最終判断は必ず公式要項に置きます。

このサイトでは過去問・用語解説・比較表を組み合わせ、勉強時間の神話で迷った論点を解き直せます。間違えた問題は理由を短くメモし、関連用語で定義と選択肢の論点を確認してから同分野へ戻ると定着しやすくなります。",合格後の手続き,"管理業務主任者試験の勉強時間の神話について、「合格後の手続き」の観点で整理します。制度・数値・日程は年度や改正で変わるため、学習前と申込前には管理業務主任者試験センター（公式）の最新情報を確認してください。非公式まとめは参考程度にし、最終判断は必ず公式要項に置きます。

このサイトでは過去問・用語解説・比較表を組み合わせ、勉強時間の神話で迷った論点を解き直せます。間違えた問題は理由を短くメモし、関連用語で定義と選択肢の論点を確認してから同分野へ戻ると定着しやすくなります。",不合格後の立て直し,"管理業務主任者試験の勉強時間の神話について、「不合格後の立て直し」の観点で整理します。制度・数値・日程は年度や改正で変わるため、学習前と申込前には管理業務主任者試験センター（公式）の最新情報を確認してください。非公式まとめは参考程度にし、最終判断は必ず公式要項に置きます。

このサイトでは過去問・用語解説・比較表を組み合わせ、勉強時間の神話で迷った論点を解き直せます。間違えた問題は理由を短くメモし、関連用語で定義と選択肢の論点を確認してから同分野へ戻ると定着しやすくなります。",公式情報の優先,"管理業務主任者試験の勉強時間の神話について、「公式情報の優先」の観点で整理します。制度・数値・日程は年度や改正で変わるため、学習前と申込前には管理業務主任者試験センター（公式）の最新情報を確認してください。非公式まとめは参考程度にし、最終判断は必ず公式要項に置きます。

このサイトでは過去問・用語解説・比較表を組み合わせ、勉強時間の神話で迷った論点を解き直せます。間違えた問題は理由を短くメモし、関連用語で定義と選択肢の論点を確認してから同分野へ戻ると定着しやすくなります。",,,,,ネットの体験記だけで判断してよいですか？,管理業務主任者試験の勉強時間の神話に関する質問「ネットの体験記だけで判断してよいですか」について、まず公式要項で最新の制度を確認してください。本サイトでは過去問演習と用語解説で、勉強時間の神話の理解度を具体的に確かめられます。数値や期限は資格ごとに異なるため、本文の例は必ず公式情報と照合してください。,去年の教材は使えますか？,管理業務主任者試験の勉強時間の神話に関する質問「去年の教材は使えますか」について、まず公式要項で最新の制度を確認してください。本サイトでは過去問演習と用語解説で、勉強時間の神話の理解度を具体的に確かめられます。数値や期限は資格ごとに異なるため、本文の例は必ず公式情報と照合してください。,exam-overview:試験概要;self-study-roadmap:独学ロードマップ
eligibility-myths,注意点・更新,管理業務主任者試験の受験資格の誤解,管理業務主任者試験の受験資格の誤解について、公式情報の確認方法と学習の進め方を整理します。受験前に押さえるべきポイントと、このサイトでの演習・用語解説の活用法を解説します。,非公式情報で迷わないよう、公式情報の優先と更新の追い方をまとめます。,12,誤解;制度変更;合格後,管業マスター編集部,資格学習サイトの編集チーム,公式情報確認担当,公開前に一次情報との照合を行う担当者,2026-05-30,管理業務主任者試験センター（公式）|https://www.mankan.or.jp/,注意点・更新向けテンプレートから作成。公開前に本文・参照URL・関連リンクを差し替える。,本記事を読むと、管理業務主任者試験の受験資格の誤解について、公式情報で確認すべき点と、このサイトでの学習の進め方が分かります。読了後は行動チェックリストに沿って演習・用語確認まで進められる状態を目指します。,【行動1】;【行動2】;【行動3】,試験要項・公式ページ更新時に本文と参照元を見直す。,2026-05-30,2026-06-29,2026-05-30,published,ガイド記事テンプレート で 2026-05-30 作成。,よくある誤解,"管理業務主任者試験の受験資格の誤解について、「よくある誤解」の観点で整理します。制度・数値・日程は年度や改正で変わるため、学習前と申込前には管理業務主任者試験センター（公式）の最新情報を確認してください。非公式まとめは参考程度にし、最終判断は必ず公式要項に置きます。

このサイトでは過去問・用語解説・比較表を組み合わせ、受験資格の誤解で迷った論点を解き直せます。間違えた問題は理由を短くメモし、関連用語で定義と選択肢の論点を確認してから同分野へ戻ると定着しやすくなります。",制度・出題の改定,"管理業務主任者試験の受験資格の誤解について、「制度・出題の改定」の観点で整理します。制度・数値・日程は年度や改正で変わるため、学習前と申込前には管理業務主任者試験センター（公式）の最新情報を確認してください。非公式まとめは参考程度にし、最終判断は必ず公式要項に置きます。

このサイトでは過去問・用語解説・比較表を組み合わせ、受験資格の誤解で迷った論点を解き直せます。間違えた問題は理由を短くメモし、関連用語で定義と選択肢の論点を確認してから同分野へ戻ると定着しやすくなります。",合格後の手続き,"管理業務主任者試験の受験資格の誤解について、「合格後の手続き」の観点で整理します。制度・数値・日程は年度や改正で変わるため、学習前と申込前には管理業務主任者試験センター（公式）の最新情報を確認してください。非公式まとめは参考程度にし、最終判断は必ず公式要項に置きます。

このサイトでは過去問・用語解説・比較表を組み合わせ、受験資格の誤解で迷った論点を解き直せます。間違えた問題は理由を短くメモし、関連用語で定義と選択肢の論点を確認してから同分野へ戻ると定着しやすくなります。",不合格後の立て直し,"管理業務主任者試験の受験資格の誤解について、「不合格後の立て直し」の観点で整理します。制度・数値・日程は年度や改正で変わるため、学習前と申込前には管理業務主任者試験センター（公式）の最新情報を確認してください。非公式まとめは参考程度にし、最終判断は必ず公式要項に置きます。

このサイトでは過去問・用語解説・比較表を組み合わせ、受験資格の誤解で迷った論点を解き直せます。間違えた問題は理由を短くメモし、関連用語で定義と選択肢の論点を確認してから同分野へ戻ると定着しやすくなります。",公式情報の優先,"管理業務主任者試験の受験資格の誤解について、「公式情報の優先」の観点で整理します。制度・数値・日程は年度や改正で変わるため、学習前と申込前には管理業務主任者試験センター（公式）の最新情報を確認してください。非公式まとめは参考程度にし、最終判断は必ず公式要項に置きます。

このサイトでは過去問・用語解説・比較表を組み合わせ、受験資格の誤解で迷った論点を解き直せます。間違えた問題は理由を短くメモし、関連用語で定義と選択肢の論点を確認してから同分野へ戻ると定着しやすくなります。",,,,,ネットの体験記だけで判断してよいですか？,管理業務主任者試験の受験資格の誤解に関する質問「ネットの体験記だけで判断してよいですか」について、まず公式要項で最新の制度を確認してください。本サイトでは過去問演習と用語解説で、受験資格の誤解の理解度を具体的に確かめられます。数値や期限は資格ごとに異なるため、本文の例は必ず公式情報と照合してください。,去年の教材は使えますか？,管理業務主任者試験の受験資格の誤解に関する質問「去年の教材は使えますか」について、まず公式要項で最新の制度を確認してください。本サイトでは過去問演習と用語解説で、受験資格の誤解の理解度を具体的に確かめられます。数値や期限は資格ごとに異なるため、本文の例は必ず公式情報と照合してください。,exam-overview:試験概要;self-study-roadmap:独学ロードマップ
difficulty-myths,注意点・更新,管理業務主任者試験の難易度の誤解,管理業務主任者試験の難易度の誤解について、公式情報の確認方法と学習の進め方を整理します。受験前に押さえるべきポイントと、このサイトでの演習・用語解説の活用法を解説します。,非公式情報で迷わないよう、公式情報の優先と更新の追い方をまとめます。,12,誤解;制度変更;合格後,管業マスター編集部,資格学習サイトの編集チーム,公式情報確認担当,公開前に一次情報との照合を行う担当者,2026-05-30,管理業務主任者試験センター（公式）|https://www.mankan.or.jp/,注意点・更新向けテンプレートから作成。公開前に本文・参照URL・関連リンクを差し替える。,本記事を読むと、管理業務主任者試験の難易度の誤解について、公式情報で確認すべき点と、このサイトでの学習の進め方が分かります。読了後は行動チェックリストに沿って演習・用語確認まで進められる状態を目指します。,【行動1】;【行動2】;【行動3】,試験要項・公式ページ更新時に本文と参照元を見直す。,2026-05-30,2026-06-29,2026-05-30,published,ガイド記事テンプレート で 2026-05-30 作成。,よくある誤解,"管理業務主任者試験の難易度の誤解について、「よくある誤解」の観点で整理します。制度・数値・日程は年度や改正で変わるため、学習前と申込前には管理業務主任者試験センター（公式）の最新情報を確認してください。非公式まとめは参考程度にし、最終判断は必ず公式要項に置きます。

このサイトでは過去問・用語解説・比較表を組み合わせ、難易度の誤解で迷った論点を解き直せます。間違えた問題は理由を短くメモし、関連用語で定義と選択肢の論点を確認してから同分野へ戻ると定着しやすくなります。",制度・出題の改定,"管理業務主任者試験の難易度の誤解について、「制度・出題の改定」の観点で整理します。制度・数値・日程は年度や改正で変わるため、学習前と申込前には管理業務主任者試験センター（公式）の最新情報を確認してください。非公式まとめは参考程度にし、最終判断は必ず公式要項に置きます。

このサイトでは過去問・用語解説・比較表を組み合わせ、難易度の誤解で迷った論点を解き直せます。間違えた問題は理由を短くメモし、関連用語で定義と選択肢の論点を確認してから同分野へ戻ると定着しやすくなります。",合格後の手続き,"管理業務主任者試験の難易度の誤解について、「合格後の手続き」の観点で整理します。制度・数値・日程は年度や改正で変わるため、学習前と申込前には管理業務主任者試験センター（公式）の最新情報を確認してください。非公式まとめは参考程度にし、最終判断は必ず公式要項に置きます。

このサイトでは過去問・用語解説・比較表を組み合わせ、難易度の誤解で迷った論点を解き直せます。間違えた問題は理由を短くメモし、関連用語で定義と選択肢の論点を確認してから同分野へ戻ると定着しやすくなります。",不合格後の立て直し,"管理業務主任者試験の難易度の誤解について、「不合格後の立て直し」の観点で整理します。制度・数値・日程は年度や改正で変わるため、学習前と申込前には管理業務主任者試験センター（公式）の最新情報を確認してください。非公式まとめは参考程度にし、最終判断は必ず公式要項に置きます。

このサイトでは過去問・用語解説・比較表を組み合わせ、難易度の誤解で迷った論点を解き直せます。間違えた問題は理由を短くメモし、関連用語で定義と選択肢の論点を確認してから同分野へ戻ると定着しやすくなります。",公式情報の優先,"管理業務主任者試験の難易度の誤解について、「公式情報の優先」の観点で整理します。制度・数値・日程は年度や改正で変わるため、学習前と申込前には管理業務主任者試験センター（公式）の最新情報を確認してください。非公式まとめは参考程度にし、最終判断は必ず公式要項に置きます。

このサイトでは過去問・用語解説・比較表を組み合わせ、難易度の誤解で迷った論点を解き直せます。間違えた問題は理由を短くメモし、関連用語で定義と選択肢の論点を確認してから同分野へ戻ると定着しやすくなります。",,,,,ネットの体験記だけで判断してよいですか？,管理業務主任者試験の難易度の誤解に関する質問「ネットの体験記だけで判断してよいですか」について、まず公式要項で最新の制度を確認してください。本サイトでは過去問演習と用語解説で、難易度の誤解の理解度を具体的に確かめられます。数値や期限は資格ごとに異なるため、本文の例は必ず公式情報と照合してください。,去年の教材は使えますか？,管理業務主任者試験の難易度の誤解に関する質問「去年の教材は使えますか」について、まず公式要項で最新の制度を確認してください。本サイトでは過去問演習と用語解説で、難易度の誤解の理解度を具体的に確かめられます。数値や期限は資格ごとに異なるため、本文の例は必ず公式情報と照合してください。,exam-overview:試験概要;self-study-roadmap:独学ロードマップ
affiliate-textbooks-recommend,独学対策,管理業務主任者試験のおすすめ参考書・テキスト,管理業務主任者試験のおすすめ参考書・テキストについて、公式情報の確認方法と学習の進め方を整理します。受験前に押さえるべきポイントと、このサイトでの演習・用語解説の活用法を解説します。,【PR・広告】本記事にはアフィリエイトリンクが含まれる場合があります。独学で合格を目指す場合は、教材を増やす前に出題範囲と復習の仕組みを決めておくことが大切です。,26,独学;教材;学習計画;アフィリエイト,管業マスター編集部,資格学習サイトの編集チーム,公式情報確認担当,公開前に一次情報との照合を行う担当者,2026-05-30,管理業務主任者試験センター（公式）|https://www.mankan.or.jp/,独学対策向けテンプレートから作成。公開前に本文・参照URL・関連リンクを差し替える。,本記事を読むと、管理業務主任者試験のおすすめ参考書・テキストについて、公式情報で確認すべき点と、このサイトでの学習の進め方が分かります。読了後は行動チェックリストに沿って演習・用語確認まで進められる状態を目指します。,【行動1】;【行動2】;【行動3】,試験要項・公式ページ更新時に本文と参照元を見直す。,2026-05-30,2026-06-29,2026-05-30,published,ガイド記事テンプレート で 2026-05-30 作成。,独学前に公式情報を確認,"管理業務主任者試験のおすすめ参考書・テキストについて、「独学前に公式情報を確認」の観点で整理します。制度・数値・日程は年度や改正で変わるため、学習前と申込前には管理業務主任者試験センター（公式）の最新情報を確認してください。非公式まとめは参考程度にし、最終判断は必ず公式要項に置きます。

このサイトでは過去問・用語解説・比較表を組み合わせ、おすすめ参考書・テキストで迷った論点を解き直せます。間違えた問題は理由を短くメモし、関連用語で定義と選択肢の論点を確認してから同分野へ戻ると定着しやすくなります。",教材・参考書の選び方,"管理業務主任者試験のおすすめ参考書・テキストについて、「教材・参考書の選び方」の観点で整理します。制度・数値・日程は年度や改正で変わるため、学習前と申込前には管理業務主任者試験センター（公式）の最新情報を確認してください。非公式まとめは参考程度にし、最終判断は必ず公式要項に置きます。

このサイトでは過去問・用語解説・比較表を組み合わせ、おすすめ参考書・テキストで迷った論点を解き直せます。間違えた問題は理由を短くメモし、関連用語で定義と選択肢の論点を確認してから同分野へ戻ると定着しやすくなります。",過去問で現在地を確認,"管理業務主任者試験のおすすめ参考書・テキストについて、「過去問で現在地を確認」の観点で整理します。制度・数値・日程は年度や改正で変わるため、学習前と申込前には管理業務主任者試験センター（公式）の最新情報を確認してください。非公式まとめは参考程度にし、最終判断は必ず公式要項に置きます。

このサイトでは過去問・用語解説・比較表を組み合わせ、おすすめ参考書・テキストで迷った論点を解き直せます。間違えた問題は理由を短くメモし、関連用語で定義と選択肢の論点を確認してから同分野へ戻ると定着しやすくなります。",復習を計画に入れる,"管理業務主任者試験のおすすめ参考書・テキストについて、「復習を計画に入れる」の観点で整理します。制度・数値・日程は年度や改正で変わるため、学習前と申込前には管理業務主任者試験センター（公式）の最新情報を確認してください。非公式まとめは参考程度にし、最終判断は必ず公式要項に置きます。

このサイトでは過去問・用語解説・比較表を組み合わせ、おすすめ参考書・テキストで迷った論点を解き直せます。間違えた問題は理由を短くメモし、関連用語で定義と選択肢の論点を確認してから同分野へ戻ると定着しやすくなります。",直前期の絞り込み,"管理業務主任者試験のおすすめ参考書・テキストについて、「直前期の絞り込み」の観点で整理します。制度・数値・日程は年度や改正で変わるため、学習前と申込前には管理業務主任者試験センター（公式）の最新情報を確認してください。非公式まとめは参考程度にし、最終判断は必ず公式要項に置きます。

このサイトでは過去問・用語解説・比較表を組み合わせ、おすすめ参考書・テキストで迷った論点を解き直せます。間違えた問題は理由を短くメモし、関連用語で定義と選択肢の論点を確認してから同分野へ戻ると定着しやすくなります。",,,,,独学では何から始めればよいですか？,管理業務主任者試験のおすすめ参考書・テキストに関する質問「独学では何から始めればよいですか」について、まず公式要項で最新の制度を確認してください。本サイトでは過去問演習と用語解説で、おすすめ参考書・テキストの理解度を具体的に確かめられます。数値や期限は資格ごとに異なるため、本文の例は必ず公式情報と照合してください。,過去問だけで足りますか？,管理業務主任者試験のおすすめ参考書・テキストに関する質問「過去問だけで足りますか」について、まず公式要項で最新の制度を確認してください。本サイトでは過去問演習と用語解説で、おすすめ参考書・テキストの理解度を具体的に確かめられます。数値や期限は資格ごとに異なるため、本文の例は必ず公式情報と照合してください。,exam-overview:試験概要;study-plan:学習計画
affiliate-problem-books,独学対策,管理業務主任者試験のおすすめ問題集,管理業務主任者試験のおすすめ問題集について、公式情報の確認方法と学習の進め方を整理します。受験前に押さえるべきポイントと、このサイトでの演習・用語解説の活用法を解説します。,【PR・広告】本記事にはアフィリエイトリンクが含まれる場合があります。独学で合格を目指す場合は、教材を増やす前に出題範囲と復習の仕組みを決めておくことが大切です。,26,独学;教材;学習計画;アフィリエイト,管業マスター編集部,資格学習サイトの編集チーム,公式情報確認担当,公開前に一次情報との照合を行う担当者,2026-05-30,管理業務主任者試験センター（公式）|https://www.mankan.or.jp/,独学対策向けテンプレートから作成。公開前に本文・参照URL・関連リンクを差し替える。,本記事を読むと、管理業務主任者試験のおすすめ問題集について、公式情報で確認すべき点と、このサイトでの学習の進め方が分かります。読了後は行動チェックリストに沿って演習・用語確認まで進められる状態を目指します。,【行動1】;【行動2】;【行動3】,試験要項・公式ページ更新時に本文と参照元を見直す。,2026-05-30,2026-06-29,2026-05-30,published,ガイド記事テンプレート で 2026-05-30 作成。,独学前に公式情報を確認,"管理業務主任者試験のおすすめ問題集について、「独学前に公式情報を確認」の観点で整理します。制度・数値・日程は年度や改正で変わるため、学習前と申込前には管理業務主任者試験センター（公式）の最新情報を確認してください。非公式まとめは参考程度にし、最終判断は必ず公式要項に置きます。

このサイトでは過去問・用語解説・比較表を組み合わせ、おすすめ問題集で迷った論点を解き直せます。間違えた問題は理由を短くメモし、関連用語で定義と選択肢の論点を確認してから同分野へ戻ると定着しやすくなります。",教材・参考書の選び方,"管理業務主任者試験のおすすめ問題集について、「教材・参考書の選び方」の観点で整理します。制度・数値・日程は年度や改正で変わるため、学習前と申込前には管理業務主任者試験センター（公式）の最新情報を確認してください。非公式まとめは参考程度にし、最終判断は必ず公式要項に置きます。

このサイトでは過去問・用語解説・比較表を組み合わせ、おすすめ問題集で迷った論点を解き直せます。間違えた問題は理由を短くメモし、関連用語で定義と選択肢の論点を確認してから同分野へ戻ると定着しやすくなります。",過去問で現在地を確認,"管理業務主任者試験のおすすめ問題集について、「過去問で現在地を確認」の観点で整理します。制度・数値・日程は年度や改正で変わるため、学習前と申込前には管理業務主任者試験センター（公式）の最新情報を確認してください。非公式まとめは参考程度にし、最終判断は必ず公式要項に置きます。

このサイトでは過去問・用語解説・比較表を組み合わせ、おすすめ問題集で迷った論点を解き直せます。間違えた問題は理由を短くメモし、関連用語で定義と選択肢の論点を確認してから同分野へ戻ると定着しやすくなります。",復習を計画に入れる,"管理業務主任者試験のおすすめ問題集について、「復習を計画に入れる」の観点で整理します。制度・数値・日程は年度や改正で変わるため、学習前と申込前には管理業務主任者試験センター（公式）の最新情報を確認してください。非公式まとめは参考程度にし、最終判断は必ず公式要項に置きます。

このサイトでは過去問・用語解説・比較表を組み合わせ、おすすめ問題集で迷った論点を解き直せます。間違えた問題は理由を短くメモし、関連用語で定義と選択肢の論点を確認してから同分野へ戻ると定着しやすくなります。",直前期の絞り込み,"管理業務主任者試験のおすすめ問題集について、「直前期の絞り込み」の観点で整理します。制度・数値・日程は年度や改正で変わるため、学習前と申込前には管理業務主任者試験センター（公式）の最新情報を確認してください。非公式まとめは参考程度にし、最終判断は必ず公式要項に置きます。

このサイトでは過去問・用語解説・比較表を組み合わせ、おすすめ問題集で迷った論点を解き直せます。間違えた問題は理由を短くメモし、関連用語で定義と選択肢の論点を確認してから同分野へ戻ると定着しやすくなります。",,,,,独学では何から始めればよいですか？,管理業務主任者試験のおすすめ問題集に関する質問「独学では何から始めればよいですか」について、まず公式要項で最新の制度を確認してください。本サイトでは過去問演習と用語解説で、おすすめ問題集の理解度を具体的に確かめられます。数値や期限は資格ごとに異なるため、本文の例は必ず公式情報と照合してください。,過去問だけで足りますか？,管理業務主任者試験のおすすめ問題集に関する質問「過去問だけで足りますか」について、まず公式要項で最新の制度を確認してください。本サイトでは過去問演習と用語解説で、おすすめ問題集の理解度を具体的に確かめられます。数値や期限は資格ごとに異なるため、本文の例は必ず公式情報と照合してください。,exam-overview:試験概要;study-plan:学習計画
affiliate-online-course-compare,独学対策,管理業務主任者試験のオンライン講座の比較,管理業務主任者試験のオンライン講座の比較について、公式情報の確認方法と学習の進め方を整理します。受験前に押さえるべきポイントと、このサイトでの演習・用語解説の活用法を解説します。,【PR・広告】本記事にはアフィリエイトリンクが含まれる場合があります。独学で合格を目指す場合は、教材を増やす前に出題範囲と復習の仕組みを決めておくことが大切です。,26,独学;教材;学習計画;アフィリエイト,管業マスター編集部,資格学習サイトの編集チーム,公式情報確認担当,公開前に一次情報との照合を行う担当者,2026-05-30,管理業務主任者試験センター（公式）|https://www.mankan.or.jp/,独学対策向けテンプレートから作成。公開前に本文・参照URL・関連リンクを差し替える。,本記事を読むと、管理業務主任者試験のオンライン講座の比較について、公式情報で確認すべき点と、このサイトでの学習の進め方が分かります。読了後は行動チェックリストに沿って演習・用語確認まで進められる状態を目指します。,【行動1】;【行動2】;【行動3】,試験要項・公式ページ更新時に本文と参照元を見直す。,2026-05-30,2026-06-29,2026-05-30,published,ガイド記事テンプレート で 2026-05-30 作成。,独学前に公式情報を確認,"管理業務主任者試験のオンライン講座の比較について、「独学前に公式情報を確認」の観点で整理します。制度・数値・日程は年度や改正で変わるため、学習前と申込前には管理業務主任者試験センター（公式）の最新情報を確認してください。非公式まとめは参考程度にし、最終判断は必ず公式要項に置きます。

このサイトでは過去問・用語解説・比較表を組み合わせ、オンライン講座の比較で迷った論点を解き直せます。間違えた問題は理由を短くメモし、関連用語で定義と選択肢の論点を確認してから同分野へ戻ると定着しやすくなります。",教材・参考書の選び方,"管理業務主任者試験のオンライン講座の比較について、「教材・参考書の選び方」の観点で整理します。制度・数値・日程は年度や改正で変わるため、学習前と申込前には管理業務主任者試験センター（公式）の最新情報を確認してください。非公式まとめは参考程度にし、最終判断は必ず公式要項に置きます。

このサイトでは過去問・用語解説・比較表を組み合わせ、オンライン講座の比較で迷った論点を解き直せます。間違えた問題は理由を短くメモし、関連用語で定義と選択肢の論点を確認してから同分野へ戻ると定着しやすくなります。",過去問で現在地を確認,"管理業務主任者試験のオンライン講座の比較について、「過去問で現在地を確認」の観点で整理します。制度・数値・日程は年度や改正で変わるため、学習前と申込前には管理業務主任者試験センター（公式）の最新情報を確認してください。非公式まとめは参考程度にし、最終判断は必ず公式要項に置きます。

このサイトでは過去問・用語解説・比較表を組み合わせ、オンライン講座の比較で迷った論点を解き直せます。間違えた問題は理由を短くメモし、関連用語で定義と選択肢の論点を確認してから同分野へ戻ると定着しやすくなります。",復習を計画に入れる,"管理業務主任者試験のオンライン講座の比較について、「復習を計画に入れる」の観点で整理します。制度・数値・日程は年度や改正で変わるため、学習前と申込前には管理業務主任者試験センター（公式）の最新情報を確認してください。非公式まとめは参考程度にし、最終判断は必ず公式要項に置きます。

このサイトでは過去問・用語解説・比較表を組み合わせ、オンライン講座の比較で迷った論点を解き直せます。間違えた問題は理由を短くメモし、関連用語で定義と選択肢の論点を確認してから同分野へ戻ると定着しやすくなります。",直前期の絞り込み,"管理業務主任者試験のオンライン講座の比較について、「直前期の絞り込み」の観点で整理します。制度・数値・日程は年度や改正で変わるため、学習前と申込前には管理業務主任者試験センター（公式）の最新情報を確認してください。非公式まとめは参考程度にし、最終判断は必ず公式要項に置きます。

このサイトでは過去問・用語解説・比較表を組み合わせ、オンライン講座の比較で迷った論点を解き直せます。間違えた問題は理由を短くメモし、関連用語で定義と選択肢の論点を確認してから同分野へ戻ると定着しやすくなります。",,,,,独学では何から始めればよいですか？,管理業務主任者試験のオンライン講座の比較に関する質問「独学では何から始めればよいですか」について、まず公式要項で最新の制度を確認してください。本サイトでは過去問演習と用語解説で、オンライン講座の比較の理解度を具体的に確かめられます。数値や期限は資格ごとに異なるため、本文の例は必ず公式情報と照合してください。,過去問だけで足りますか？,管理業務主任者試験のオンライン講座の比較に関する質問「過去問だけで足りますか」について、まず公式要項で最新の制度を確認してください。本サイトでは過去問演習と用語解説で、オンライン講座の比較の理解度を具体的に確かめられます。数値や期限は資格ごとに異なるため、本文の例は必ず公式情報と照合してください。,exam-overview:試験概要;study-plan:学習計画
affiliate-correspondence-course,独学対策,管理業務主任者試験の通信講座の比較,管理業務主任者試験の通信講座の比較について、公式情報の確認方法と学習の進め方を整理します。受験前に押さえるべきポイントと、このサイトでの演習・用語解説の活用法を解説します。,【PR・広告】本記事にはアフィリエイトリンクが含まれる場合があります。独学で合格を目指す場合は、教材を増やす前に出題範囲と復習の仕組みを決めておくことが大切です。,26,独学;教材;学習計画;アフィリエイト,管業マスター編集部,資格学習サイトの編集チーム,公式情報確認担当,公開前に一次情報との照合を行う担当者,2026-05-30,管理業務主任者試験センター（公式）|https://www.mankan.or.jp/,独学対策向けテンプレートから作成。公開前に本文・参照URL・関連リンクを差し替える。,本記事を読むと、管理業務主任者試験の通信講座の比較について、公式情報で確認すべき点と、このサイトでの学習の進め方が分かります。読了後は行動チェックリストに沿って演習・用語確認まで進められる状態を目指します。,【行動1】;【行動2】;【行動3】,試験要項・公式ページ更新時に本文と参照元を見直す。,2026-05-30,2026-06-29,2026-05-30,published,ガイド記事テンプレート で 2026-05-30 作成。,独学前に公式情報を確認,"管理業務主任者試験の通信講座の比較について、「独学前に公式情報を確認」の観点で整理します。制度・数値・日程は年度や改正で変わるため、学習前と申込前には管理業務主任者試験センター（公式）の最新情報を確認してください。非公式まとめは参考程度にし、最終判断は必ず公式要項に置きます。

このサイトでは過去問・用語解説・比較表を組み合わせ、通信講座の比較で迷った論点を解き直せます。間違えた問題は理由を短くメモし、関連用語で定義と選択肢の論点を確認してから同分野へ戻ると定着しやすくなります。",教材・参考書の選び方,"管理業務主任者試験の通信講座の比較について、「教材・参考書の選び方」の観点で整理します。制度・数値・日程は年度や改正で変わるため、学習前と申込前には管理業務主任者試験センター（公式）の最新情報を確認してください。非公式まとめは参考程度にし、最終判断は必ず公式要項に置きます。

このサイトでは過去問・用語解説・比較表を組み合わせ、通信講座の比較で迷った論点を解き直せます。間違えた問題は理由を短くメモし、関連用語で定義と選択肢の論点を確認してから同分野へ戻ると定着しやすくなります。",過去問で現在地を確認,"管理業務主任者試験の通信講座の比較について、「過去問で現在地を確認」の観点で整理します。制度・数値・日程は年度や改正で変わるため、学習前と申込前には管理業務主任者試験センター（公式）の最新情報を確認してください。非公式まとめは参考程度にし、最終判断は必ず公式要項に置きます。

このサイトでは過去問・用語解説・比較表を組み合わせ、通信講座の比較で迷った論点を解き直せます。間違えた問題は理由を短くメモし、関連用語で定義と選択肢の論点を確認してから同分野へ戻ると定着しやすくなります。",復習を計画に入れる,"管理業務主任者試験の通信講座の比較について、「復習を計画に入れる」の観点で整理します。制度・数値・日程は年度や改正で変わるため、学習前と申込前には管理業務主任者試験センター（公式）の最新情報を確認してください。非公式まとめは参考程度にし、最終判断は必ず公式要項に置きます。

このサイトでは過去問・用語解説・比較表を組み合わせ、通信講座の比較で迷った論点を解き直せます。間違えた問題は理由を短くメモし、関連用語で定義と選択肢の論点を確認してから同分野へ戻ると定着しやすくなります。",直前期の絞り込み,"管理業務主任者試験の通信講座の比較について、「直前期の絞り込み」の観点で整理します。制度・数値・日程は年度や改正で変わるため、学習前と申込前には管理業務主任者試験センター（公式）の最新情報を確認してください。非公式まとめは参考程度にし、最終判断は必ず公式要項に置きます。

このサイトでは過去問・用語解説・比較表を組み合わせ、通信講座の比較で迷った論点を解き直せます。間違えた問題は理由を短くメモし、関連用語で定義と選択肢の論点を確認してから同分野へ戻ると定着しやすくなります。",,,,,独学では何から始めればよいですか？,管理業務主任者試験の通信講座の比較に関する質問「独学では何から始めればよいですか」について、まず公式要項で最新の制度を確認してください。本サイトでは過去問演習と用語解説で、通信講座の比較の理解度を具体的に確かめられます。数値や期限は資格ごとに異なるため、本文の例は必ず公式情報と照合してください。,過去問だけで足りますか？,管理業務主任者試験の通信講座の比較に関する質問「過去問だけで足りますか」について、まず公式要項で最新の制度を確認してください。本サイトでは過去問演習と用語解説で、通信講座の比較の理解度を具体的に確かめられます。数値や期限は資格ごとに異なるため、本文の例は必ず公式情報と照合してください。,exam-overview:試験概要;study-plan:学習計画
affiliate-cram-school,独学対策,管理業務主任者試験の資格学校・通学講座の選び方,管理業務主任者試験の資格学校・通学講座の選び方について、公式情報の確認方法と学習の進め方を整理します。受験前に押さえるべきポイントと、このサイトでの演習・用語解説の活用法を解説します。,【PR・広告】本記事にはアフィリエイトリンクが含まれる場合があります。独学で合格を目指す場合は、教材を増やす前に出題範囲と復習の仕組みを決めておくことが大切です。,26,独学;教材;学習計画;アフィリエイト,管業マスター編集部,資格学習サイトの編集チーム,公式情報確認担当,公開前に一次情報との照合を行う担当者,2026-05-30,管理業務主任者試験センター（公式）|https://www.mankan.or.jp/,独学対策向けテンプレートから作成。公開前に本文・参照URL・関連リンクを差し替える。,本記事を読むと、管理業務主任者試験の資格学校・通学講座の選び方について、公式情報で確認すべき点と、このサイトでの学習の進め方が分かります。読了後は行動チェックリストに沿って演習・用語確認まで進められる状態を目指します。,【行動1】;【行動2】;【行動3】,試験要項・公式ページ更新時に本文と参照元を見直す。,2026-05-30,2026-06-29,2026-05-30,published,ガイド記事テンプレート で 2026-05-30 作成。,独学前に公式情報を確認,"管理業務主任者試験の資格学校・通学講座の選び方について、「独学前に公式情報を確認」の観点で整理します。制度・数値・日程は年度や改正で変わるため、学習前と申込前には管理業務主任者試験センター（公式）の最新情報を確認してください。非公式まとめは参考程度にし、最終判断は必ず公式要項に置きます。

このサイトでは過去問・用語解説・比較表を組み合わせ、資格学校・通学講座の選び方で迷った論点を解き直せます。間違えた問題は理由を短くメモし、関連用語で定義と選択肢の論点を確認してから同分野へ戻ると定着しやすくなります。",教材・参考書の選び方,"管理業務主任者試験の資格学校・通学講座の選び方について、「教材・参考書の選び方」の観点で整理します。制度・数値・日程は年度や改正で変わるため、学習前と申込前には管理業務主任者試験センター（公式）の最新情報を確認してください。非公式まとめは参考程度にし、最終判断は必ず公式要項に置きます。

このサイトでは過去問・用語解説・比較表を組み合わせ、資格学校・通学講座の選び方で迷った論点を解き直せます。間違えた問題は理由を短くメモし、関連用語で定義と選択肢の論点を確認してから同分野へ戻ると定着しやすくなります。",過去問で現在地を確認,"管理業務主任者試験の資格学校・通学講座の選び方について、「過去問で現在地を確認」の観点で整理します。制度・数値・日程は年度や改正で変わるため、学習前と申込前には管理業務主任者試験センター（公式）の最新情報を確認してください。非公式まとめは参考程度にし、最終判断は必ず公式要項に置きます。

このサイトでは過去問・用語解説・比較表を組み合わせ、資格学校・通学講座の選び方で迷った論点を解き直せます。間違えた問題は理由を短くメモし、関連用語で定義と選択肢の論点を確認してから同分野へ戻ると定着しやすくなります。",復習を計画に入れる,"管理業務主任者試験の資格学校・通学講座の選び方について、「復習を計画に入れる」の観点で整理します。制度・数値・日程は年度や改正で変わるため、学習前と申込前には管理業務主任者試験センター（公式）の最新情報を確認してください。非公式まとめは参考程度にし、最終判断は必ず公式要項に置きます。

このサイトでは過去問・用語解説・比較表を組み合わせ、資格学校・通学講座の選び方で迷った論点を解き直せます。間違えた問題は理由を短くメモし、関連用語で定義と選択肢の論点を確認してから同分野へ戻ると定着しやすくなります。",直前期の絞り込み,"管理業務主任者試験の資格学校・通学講座の選び方について、「直前期の絞り込み」の観点で整理します。制度・数値・日程は年度や改正で変わるため、学習前と申込前には管理業務主任者試験センター（公式）の最新情報を確認してください。非公式まとめは参考程度にし、最終判断は必ず公式要項に置きます。

このサイトでは過去問・用語解説・比較表を組み合わせ、資格学校・通学講座の選び方で迷った論点を解き直せます。間違えた問題は理由を短くメモし、関連用語で定義と選択肢の論点を確認してから同分野へ戻ると定着しやすくなります。",,,,,独学では何から始めればよいですか？,管理業務主任者試験の資格学校・通学講座の選び方に関する質問「独学では何から始めればよいですか」について、まず公式要項で最新の制度を確認してください。本サイトでは過去問演習と用語解説で、資格学校・通学講座の選び方の理解度を具体的に確かめられます。数値や期限は資格ごとに異なるため、本文の例は必ず公式情報と照合してください。,過去問だけで足りますか？,管理業務主任者試験の資格学校・通学講座の選び方に関する質問「過去問だけで足りますか」について、まず公式要項で最新の制度を確認してください。本サイトでは過去問演習と用語解説で、資格学校・通学講座の選び方の理解度を具体的に確かめられます。数値や期限は資格ごとに異なるため、本文の例は必ず公式情報と照合してください。,exam-overview:試験概要;study-plan:学習計画
affiliate-mock-exam-materials,過去問活用,管理業務主任者試験の模試・予想問題の選び方,管理業務主任者試験の模試・予想問題の選び方について、公式情報の確認方法と学習の進め方を整理します。受験前に押さえるべきポイントと、このサイトでの演習・用語解説の活用法を解説します。,【PR・広告】本記事にはアフィリエイトリンクが含まれる場合があります。過去問と模試は出題傾向を知るだけでなく、理解が曖昧な分野を見つける材料です。,30,過去問;模試;復習;アフィリエイト,管業マスター編集部,資格学習サイトの編集チーム,公式情報確認担当,公開前に一次情報との照合を行う担当者,2026-05-30,管理業務主任者試験センター（公式）|https://www.mankan.or.jp/,過去問活用向けテンプレートから作成。公開前に本文・参照URL・関連リンクを差し替える。,本記事を読むと、管理業務主任者試験の模試・予想問題の選び方について、公式情報で確認すべき点と、このサイトでの学習の進め方が分かります。読了後は行動チェックリストに沿って演習・用語確認まで進められる状態を目指します。,【行動1】;【行動2】;【行動3】,試験要項・公式ページ更新時に本文と参照元を見直す。,2026-05-30,2026-06-29,2026-05-30,published,ガイド記事テンプレート で 2026-05-30 作成。,最初は年度別に解く,"管理業務主任者試験の模試・予想問題の選び方について、「最初は年度別に解く」の観点で整理します。制度・数値・日程は年度や改正で変わるため、学習前と申込前には管理業務主任者試験センター（公式）の最新情報を確認してください。非公式まとめは参考程度にし、最終判断は必ず公式要項に置きます。

このサイトでは過去問・用語解説・比較表を組み合わせ、模試・予想問題の選び方で迷った論点を解き直せます。間違えた問題は理由を短くメモし、関連用語で定義と選択肢の論点を確認してから同分野へ戻ると定着しやすくなります。",模試・一問一答の位置づけ,"管理業務主任者試験の模試・予想問題の選び方について、「模試・一問一答の位置づけ」の観点で整理します。制度・数値・日程は年度や改正で変わるため、学習前と申込前には管理業務主任者試験センター（公式）の最新情報を確認してください。非公式まとめは参考程度にし、最終判断は必ず公式要項に置きます。

このサイトでは過去問・用語解説・比較表を組み合わせ、模試・予想問題の選び方で迷った論点を解き直せます。間違えた問題は理由を短くメモし、関連用語で定義と選択肢の論点を確認してから同分野へ戻ると定着しやすくなります。",間違いの理由を分類する,"管理業務主任者試験の模試・予想問題の選び方について、「間違いの理由を分類する」の観点で整理します。制度・数値・日程は年度や改正で変わるため、学習前と申込前には管理業務主任者試験センター（公式）の最新情報を確認してください。非公式まとめは参考程度にし、最終判断は必ず公式要項に置きます。

このサイトでは過去問・用語解説・比較表を組み合わせ、模試・予想問題の選び方で迷った論点を解き直せます。間違えた問題は理由を短くメモし、関連用語で定義と選択肢の論点を確認してから同分野へ戻ると定着しやすくなります。",解き直しのタイミング,"管理業務主任者試験の模試・予想問題の選び方について、「解き直しのタイミング」の観点で整理します。制度・数値・日程は年度や改正で変わるため、学習前と申込前には管理業務主任者試験センター（公式）の最新情報を確認してください。非公式まとめは参考程度にし、最終判断は必ず公式要項に置きます。

このサイトでは過去問・用語解説・比較表を組み合わせ、模試・予想問題の選び方で迷った論点を解き直せます。間違えた問題は理由を短くメモし、関連用語で定義と選択肢の論点を確認してから同分野へ戻ると定着しやすくなります。",用語・分野別学習へ戻る,"管理業務主任者試験の模試・予想問題の選び方について、「用語・分野別学習へ戻る」の観点で整理します。制度・数値・日程は年度や改正で変わるため、学習前と申込前には管理業務主任者試験センター（公式）の最新情報を確認してください。非公式まとめは参考程度にし、最終判断は必ず公式要項に置きます。

このサイトでは過去問・用語解説・比較表を組み合わせ、模試・予想問題の選び方で迷った論点を解き直せます。間違えた問題は理由を短くメモし、関連用語で定義と選択肢の論点を確認してから同分野へ戻ると定着しやすくなります。",,,,,過去問だけで合格できますか？,管理業務主任者試験の模試・予想問題の選び方に関する質問「過去問だけで合格できますか」について、まず公式要項で最新の制度を確認してください。本サイトでは過去問演習と用語解説で、模試・予想問題の選び方の理解度を具体的に確かめられます。数値や期限は資格ごとに異なるため、本文の例は必ず公式情報と照合してください。,復習では何を見ればよいですか？,管理業務主任者試験の模試・予想問題の選び方に関する質問「復習では何を見ればよいですか」について、まず公式要項で最新の制度を確認してください。本サイトでは過去問演習と用語解説で、模試・予想問題の選び方の理解度を具体的に確かめられます。数値や期限は資格ごとに異なるため、本文の例は必ず公式情報と照合してください。,study-plan:学習計画;glossary-how-to:用語ハブ活用法
affiliate-free-vs-paid-study,独学対策,管理業務主任者試験の無料と有料教材の使い分け,管理業務主任者試験の無料と有料教材の使い分けについて、公式情報の確認方法と学習の進め方を整理します。受験前に押さえるべきポイントと、このサイトでの演習・用語解説の活用法を解説します。,【PR・広告】本記事にはアフィリエイトリンクが含まれる場合があります。独学で合格を目指す場合は、教材を増やす前に出題範囲と復習の仕組みを決めておくことが大切です。,26,独学;教材;学習計画;アフィリエイト,管業マスター編集部,資格学習サイトの編集チーム,公式情報確認担当,公開前に一次情報との照合を行う担当者,2026-05-30,管理業務主任者試験センター（公式）|https://www.mankan.or.jp/,独学対策向けテンプレートから作成。公開前に本文・参照URL・関連リンクを差し替える。,本記事を読むと、管理業務主任者試験の無料と有料教材の使い分けについて、公式情報で確認すべき点と、このサイトでの学習の進め方が分かります。読了後は行動チェックリストに沿って演習・用語確認まで進められる状態を目指します。,【行動1】;【行動2】;【行動3】,試験要項・公式ページ更新時に本文と参照元を見直す。,2026-05-30,2026-06-29,2026-05-30,published,ガイド記事テンプレート で 2026-05-30 作成。,独学前に公式情報を確認,"管理業務主任者試験の無料と有料教材の使い分けについて、「独学前に公式情報を確認」の観点で整理します。制度・数値・日程は年度や改正で変わるため、学習前と申込前には管理業務主任者試験センター（公式）の最新情報を確認してください。非公式まとめは参考程度にし、最終判断は必ず公式要項に置きます。

このサイトでは過去問・用語解説・比較表を組み合わせ、無料と有料教材の使い分けで迷った論点を解き直せます。間違えた問題は理由を短くメモし、関連用語で定義と選択肢の論点を確認してから同分野へ戻ると定着しやすくなります。",教材・参考書の選び方,"管理業務主任者試験の無料と有料教材の使い分けについて、「教材・参考書の選び方」の観点で整理します。制度・数値・日程は年度や改正で変わるため、学習前と申込前には管理業務主任者試験センター（公式）の最新情報を確認してください。非公式まとめは参考程度にし、最終判断は必ず公式要項に置きます。

このサイトでは過去問・用語解説・比較表を組み合わせ、無料と有料教材の使い分けで迷った論点を解き直せます。間違えた問題は理由を短くメモし、関連用語で定義と選択肢の論点を確認してから同分野へ戻ると定着しやすくなります。",過去問で現在地を確認,"管理業務主任者試験の無料と有料教材の使い分けについて、「過去問で現在地を確認」の観点で整理します。制度・数値・日程は年度や改正で変わるため、学習前と申込前には管理業務主任者試験センター（公式）の最新情報を確認してください。非公式まとめは参考程度にし、最終判断は必ず公式要項に置きます。

このサイトでは過去問・用語解説・比較表を組み合わせ、無料と有料教材の使い分けで迷った論点を解き直せます。間違えた問題は理由を短くメモし、関連用語で定義と選択肢の論点を確認してから同分野へ戻ると定着しやすくなります。",復習を計画に入れる,"管理業務主任者試験の無料と有料教材の使い分けについて、「復習を計画に入れる」の観点で整理します。制度・数値・日程は年度や改正で変わるため、学習前と申込前には管理業務主任者試験センター（公式）の最新情報を確認してください。非公式まとめは参考程度にし、最終判断は必ず公式要項に置きます。

このサイトでは過去問・用語解説・比較表を組み合わせ、無料と有料教材の使い分けで迷った論点を解き直せます。間違えた問題は理由を短くメモし、関連用語で定義と選択肢の論点を確認してから同分野へ戻ると定着しやすくなります。",直前期の絞り込み,"管理業務主任者試験の無料と有料教材の使い分けについて、「直前期の絞り込み」の観点で整理します。制度・数値・日程は年度や改正で変わるため、学習前と申込前には管理業務主任者試験センター（公式）の最新情報を確認してください。非公式まとめは参考程度にし、最終判断は必ず公式要項に置きます。

このサイトでは過去問・用語解説・比較表を組み合わせ、無料と有料教材の使い分けで迷った論点を解き直せます。間違えた問題は理由を短くメモし、関連用語で定義と選択肢の論点を確認してから同分野へ戻ると定着しやすくなります。",,,,,独学では何から始めればよいですか？,管理業務主任者試験の無料と有料教材の使い分けに関する質問「独学では何から始めればよいですか」について、まず公式要項で最新の制度を確認してください。本サイトでは過去問演習と用語解説で、無料と有料教材の使い分けの理解度を具体的に確かめられます。数値や期限は資格ごとに異なるため、本文の例は必ず公式情報と照合してください。,過去問だけで足りますか？,管理業務主任者試験の無料と有料教材の使い分けに関する質問「過去問だけで足りますか」について、まず公式要項で最新の制度を確認してください。本サイトでは過去問演習と用語解説で、無料と有料教材の使い分けの理解度を具体的に確かめられます。数値や期限は資格ごとに異なるため、本文の例は必ず公式情報と照合してください。,exam-overview:試験概要;study-plan:学習計画
affiliate-beginner-material-set,学習計画,管理業務主任者試験の初学者向け教材セット,管理業務主任者試験の初学者向け教材セットについて、公式情報の確認方法と学習の進め方を整理します。受験前に押さえるべきポイントと、このサイトでの演習・用語解説の活用法を解説します。,【PR・広告】本記事にはアフィリエイトリンクが含まれる場合があります。合格までの学習を続けるには、出題範囲を分けて演習と復習を定期的に回す計画が重要です。,25,学習計画;試験対策;アフィリエイト,管業マスター編集部,資格学習サイトの編集チーム,公式情報確認担当,公開前に一次情報との照合を行う担当者,2026-05-30,管理業務主任者試験センター（公式）|https://www.mankan.or.jp/,学習計画向けテンプレートから作成。公開前に本文・参照URL・関連リンクを差し替える。,本記事を読むと、管理業務主任者試験の初学者向け教材セットについて、公式情報で確認すべき点と、このサイトでの学習の進め方が分かります。読了後は行動チェックリストに沿って演習・用語確認まで進められる状態を目指します。,【行動1】;【行動2】;【行動3】,試験要項・公式ページ更新時に本文と参照元を見直す。,2026-05-30,2026-06-29,2026-05-30,published,ガイド記事テンプレート で 2026-05-30 作成。,全体像を分野に分ける,"管理業務主任者試験の初学者向け教材セットについて、「全体像を分野に分ける」の観点で整理します。制度・数値・日程は年度や改正で変わるため、学習前と申込前には管理業務主任者試験センター（公式）の最新情報を確認してください。非公式まとめは参考程度にし、最終判断は必ず公式要項に置きます。

このサイトでは過去問・用語解説・比較表を組み合わせ、初学者向け教材セットで迷った論点を解き直せます。間違えた問題は理由を短くメモし、関連用語で定義と選択肢の論点を確認してから同分野へ戻ると定着しやすくなります。",学習期間の目安,"管理業務主任者試験の初学者向け教材セットについて、「学習期間の目安」の観点で整理します。制度・数値・日程は年度や改正で変わるため、学習前と申込前には管理業務主任者試験センター（公式）の最新情報を確認してください。非公式まとめは参考程度にし、最終判断は必ず公式要項に置きます。

このサイトでは過去問・用語解説・比較表を組み合わせ、初学者向け教材セットで迷った論点を解き直せます。間違えた問題は理由を短くメモし、関連用語で定義と選択肢の論点を確認してから同分野へ戻ると定着しやすくなります。",週間スケジュールの例,"管理業務主任者試験の初学者向け教材セットについて、「週間スケジュールの例」の観点で整理します。制度・数値・日程は年度や改正で変わるため、学習前と申込前には管理業務主任者試験センター（公式）の最新情報を確認してください。非公式まとめは参考程度にし、最終判断は必ず公式要項に置きます。

このサイトでは過去問・用語解説・比較表を組み合わせ、初学者向け教材セットで迷った論点を解き直せます。間違えた問題は理由を短くメモし、関連用語で定義と選択肢の論点を確認してから同分野へ戻ると定着しやすくなります。",復習日の入れ方,"管理業務主任者試験の初学者向け教材セットについて、「復習日の入れ方」の観点で整理します。制度・数値・日程は年度や改正で変わるため、学習前と申込前には管理業務主任者試験センター（公式）の最新情報を確認してください。非公式まとめは参考程度にし、最終判断は必ず公式要項に置きます。

このサイトでは過去問・用語解説・比較表を組み合わせ、初学者向け教材セットで迷った論点を解き直せます。間違えた問題は理由を短くメモし、関連用語で定義と選択肢の論点を確認してから同分野へ戻ると定着しやすくなります。",直前期の調整,"管理業務主任者試験の初学者向け教材セットについて、「直前期の調整」の観点で整理します。制度・数値・日程は年度や改正で変わるため、学習前と申込前には管理業務主任者試験センター（公式）の最新情報を確認してください。非公式まとめは参考程度にし、最終判断は必ず公式要項に置きます。

このサイトでは過去問・用語解説・比較表を組み合わせ、初学者向け教材セットで迷った論点を解き直せます。間違えた問題は理由を短くメモし、関連用語で定義と選択肢の論点を確認してから同分野へ戻ると定着しやすくなります。",,,,,どのくらいの期間で学習すべきですか？,管理業務主任者試験の初学者向け教材セットに関する質問「どのくらいの期間で学習すべきですか」について、まず公式要項で最新の制度を確認してください。本サイトでは過去問演習と用語解説で、初学者向け教材セットの理解度を具体的に確かめられます。数値や期限は資格ごとに異なるため、本文の例は必ず公式情報と照合してください。,最初に過去問を解いてもよいですか？,管理業務主任者試験の初学者向け教材セットに関する質問「最初に過去問を解いてもよいですか」について、まず公式要項で最新の制度を確認してください。本サイトでは過去問演習と用語解説で、初学者向け教材セットの理解度を具体的に確かめられます。数値や期限は資格ごとに異なるため、本文の例は必ず公式情報と照合してください。,exam-overview:試験概要;past-question-strategy:過去問の使い方
affiliate-retake-short-course,学習計画,管理業務主任者試験の再受験者向け短期講座,管理業務主任者試験の再受験者向け短期講座について、公式情報の確認方法と学習の進め方を整理します。受験前に押さえるべきポイントと、このサイトでの演習・用語解説の活用法を解説します。,【PR・広告】本記事にはアフィリエイトリンクが含まれる場合があります。合格までの学習を続けるには、出題範囲を分けて演習と復習を定期的に回す計画が重要です。,25,学習計画;試験対策;アフィリエイト,管業マスター編集部,資格学習サイトの編集チーム,公式情報確認担当,公開前に一次情報との照合を行う担当者,2026-05-30,管理業務主任者試験センター（公式）|https://www.mankan.or.jp/,学習計画向けテンプレートから作成。公開前に本文・参照URL・関連リンクを差し替える。,本記事を読むと、管理業務主任者試験の再受験者向け短期講座について、公式情報で確認すべき点と、このサイトでの学習の進め方が分かります。読了後は行動チェックリストに沿って演習・用語確認まで進められる状態を目指します。,【行動1】;【行動2】;【行動3】,試験要項・公式ページ更新時に本文と参照元を見直す。,2026-05-30,2026-06-29,2026-05-30,published,ガイド記事テンプレート で 2026-05-30 作成。,全体像を分野に分ける,"管理業務主任者試験の再受験者向け短期講座について、「全体像を分野に分ける」の観点で整理します。制度・数値・日程は年度や改正で変わるため、学習前と申込前には管理業務主任者試験センター（公式）の最新情報を確認してください。非公式まとめは参考程度にし、最終判断は必ず公式要項に置きます。

このサイトでは過去問・用語解説・比較表を組み合わせ、再受験者向け短期講座で迷った論点を解き直せます。間違えた問題は理由を短くメモし、関連用語で定義と選択肢の論点を確認してから同分野へ戻ると定着しやすくなります。",学習期間の目安,"管理業務主任者試験の再受験者向け短期講座について、「学習期間の目安」の観点で整理します。制度・数値・日程は年度や改正で変わるため、学習前と申込前には管理業務主任者試験センター（公式）の最新情報を確認してください。非公式まとめは参考程度にし、最終判断は必ず公式要項に置きます。

このサイトでは過去問・用語解説・比較表を組み合わせ、再受験者向け短期講座で迷った論点を解き直せます。間違えた問題は理由を短くメモし、関連用語で定義と選択肢の論点を確認してから同分野へ戻ると定着しやすくなります。",週間スケジュールの例,"管理業務主任者試験の再受験者向け短期講座について、「週間スケジュールの例」の観点で整理します。制度・数値・日程は年度や改正で変わるため、学習前と申込前には管理業務主任者試験センター（公式）の最新情報を確認してください。非公式まとめは参考程度にし、最終判断は必ず公式要項に置きます。

このサイトでは過去問・用語解説・比較表を組み合わせ、再受験者向け短期講座で迷った論点を解き直せます。間違えた問題は理由を短くメモし、関連用語で定義と選択肢の論点を確認してから同分野へ戻ると定着しやすくなります。",復習日の入れ方,"管理業務主任者試験の再受験者向け短期講座について、「復習日の入れ方」の観点で整理します。制度・数値・日程は年度や改正で変わるため、学習前と申込前には管理業務主任者試験センター（公式）の最新情報を確認してください。非公式まとめは参考程度にし、最終判断は必ず公式要項に置きます。

このサイトでは過去問・用語解説・比較表を組み合わせ、再受験者向け短期講座で迷った論点を解き直せます。間違えた問題は理由を短くメモし、関連用語で定義と選択肢の論点を確認してから同分野へ戻ると定着しやすくなります。",直前期の調整,"管理業務主任者試験の再受験者向け短期講座について、「直前期の調整」の観点で整理します。制度・数値・日程は年度や改正で変わるため、学習前と申込前には管理業務主任者試験センター（公式）の最新情報を確認してください。非公式まとめは参考程度にし、最終判断は必ず公式要項に置きます。

このサイトでは過去問・用語解説・比較表を組み合わせ、再受験者向け短期講座で迷った論点を解き直せます。間違えた問題は理由を短くメモし、関連用語で定義と選択肢の論点を確認してから同分野へ戻ると定着しやすくなります。",,,,,どのくらいの期間で学習すべきですか？,管理業務主任者試験の再受験者向け短期講座に関する質問「どのくらいの期間で学習すべきですか」について、まず公式要項で最新の制度を確認してください。本サイトでは過去問演習と用語解説で、再受験者向け短期講座の理解度を具体的に確かめられます。数値や期限は資格ごとに異なるため、本文の例は必ず公式情報と照合してください。,最初に過去問を解いてもよいですか？,管理業務主任者試験の再受験者向け短期講座に関する質問「最初に過去問を解いてもよいですか」について、まず公式要項で最新の制度を確認してください。本サイトでは過去問演習と用語解説で、再受験者向け短期講座の理解度を具体的に確かめられます。数値や期限は資格ごとに異なるため、本文の例は必ず公式情報と照合してください。,exam-overview:試験概要;past-question-strategy:過去問の使い方
affiliate-qualification-support-service,受験・申込,管理業務主任者試験の受験支援サービスの選び方,管理業務主任者試験の受験支援サービスの選び方について、公式情報の確認方法と学習の進め方を整理します。受験前に押さえるべきポイントと、このサイトでの演習・用語解説の活用法を解説します。,【PR・広告】本記事にはアフィリエイトリンクが含まれる場合があります。申込前に資格要件とスケジュールを確認したい人向けに、公式情報の見方をまとめます。,15,受験資格;申込;公式情報;アフィリエイト,管業マスター編集部,資格学習サイトの編集チーム,公式情報確認担当,公開前に一次情報との照合を行う担当者,2026-05-30,管理業務主任者試験センター（公式）|https://www.mankan.or.jp/,受験・申込向けテンプレートから作成。公開前に本文・参照URL・関連リンクを差し替える。,本記事を読むと、管理業務主任者試験の受験支援サービスの選び方について、公式情報で確認すべき点と、このサイトでの学習の進め方が分かります。読了後は行動チェックリストに沿って演習・用語確認まで進められる状態を目指します。,【行動1】;【行動2】;【行動3】,試験要項・公式ページ更新時に本文と参照元を見直す。,2026-05-30,2026-06-29,2026-05-30,published,ガイド記事テンプレート で 2026-05-30 作成。,受験資格の確認,"管理業務主任者試験の受験支援サービスの選び方について、「受験資格の確認」の観点で整理します。制度・数値・日程は年度や改正で変わるため、学習前と申込前には管理業務主任者試験センター（公式）の最新情報を確認してください。非公式まとめは参考程度にし、最終判断は必ず公式要項に置きます。

このサイトでは過去問・用語解説・比較表を組み合わせ、受験支援サービスの選び方で迷った論点を解き直せます。間違えた問題は理由を短くメモし、関連用語で定義と選択肢の論点を確認してから同分野へ戻ると定着しやすくなります。",年間スケジュール,"管理業務主任者試験の受験支援サービスの選び方について、「年間スケジュール」の観点で整理します。制度・数値・日程は年度や改正で変わるため、学習前と申込前には管理業務主任者試験センター（公式）の最新情報を確認してください。非公式まとめは参考程度にし、最終判断は必ず公式要項に置きます。

このサイトでは過去問・用語解説・比較表を組み合わせ、受験支援サービスの選び方で迷った論点を解き直せます。間違えた問題は理由を短くメモし、関連用語で定義と選択肢の論点を確認してから同分野へ戻ると定着しやすくなります。",申込期間と手数料,"管理業務主任者試験の受験支援サービスの選び方について、「申込期間と手数料」の観点で整理します。制度・数値・日程は年度や改正で変わるため、学習前と申込前には管理業務主任者試験センター（公式）の最新情報を確認してください。非公式まとめは参考程度にし、最終判断は必ず公式要項に置きます。

このサイトでは過去問・用語解説・比較表を組み合わせ、受験支援サービスの選び方で迷った論点を解き直せます。間違えた問題は理由を短くメモし、関連用語で定義と選択肢の論点を確認してから同分野へ戻ると定着しやすくなります。",申込手順と会場,"管理業務主任者試験の受験支援サービスの選び方について、「申込手順と会場」の観点で整理します。制度・数値・日程は年度や改正で変わるため、学習前と申込前には管理業務主任者試験センター（公式）の最新情報を確認してください。非公式まとめは参考程度にし、最終判断は必ず公式要項に置きます。

このサイトでは過去問・用語解説・比較表を組み合わせ、受験支援サービスの選び方で迷った論点を解き直せます。間違えた問題は理由を短くメモし、関連用語で定義と選択肢の論点を確認してから同分野へ戻ると定着しやすくなります。",申込前チェックリスト,"管理業務主任者試験の受験支援サービスの選び方について、「申込前チェックリスト」の観点で整理します。制度・数値・日程は年度や改正で変わるため、学習前と申込前には管理業務主任者試験センター（公式）の最新情報を確認してください。非公式まとめは参考程度にし、最終判断は必ず公式要項に置きます。

このサイトでは過去問・用語解説・比較表を組み合わせ、受験支援サービスの選び方で迷った論点を解き直せます。間違えた問題は理由を短くメモし、関連用語で定義と選択肢の論点を確認してから同分野へ戻ると定着しやすくなります。",,,,,受験資格はどこで確認しますか？,管理業務主任者試験の受験支援サービスの選び方に関する質問「受験資格はどこで確認しますか」について、まず公式要項で最新の制度を確認してください。本サイトでは過去問演習と用語解説で、受験支援サービスの選び方の理解度を具体的に確かめられます。数値や期限は資格ごとに異なるため、本文の例は必ず公式情報と照合してください。,申込期限を過ぎたらどうなりますか？,管理業務主任者試験の受験支援サービスの選び方に関する質問「申込期限を過ぎたらどうなりますか」について、まず公式要項で最新の制度を確認してください。本サイトでは過去問演習と用語解説で、受験支援サービスの選び方の理解度を具体的に確かめられます。数値や期限は資格ごとに異なるため、本文の例は必ず公式情報と照合してください。,exam-overview:試験概要;study-plan:学習計画
field-civil-basics,分野別対策,管理業務主任者試験の民法・借地借家法の基礎の押さえ方,管理業務主任者試験の押さえ方について、公式情報の確認方法と学習の進め方を整理します。受験前に押さえるべきポイントと、このサイトでの演習・用語解説の活用法を解説します。,特定分野の理解を深めたい人向けに、基礎から演習・復習までの進め方をまとめます。,40,分野別;試験対策,管業マスター編集部,資格学習サイトの編集チーム,公式情報確認担当,公開前に一次情報との照合を行う担当者,2026-05-30,管理業務主任者試験センター（公式）|https://www.mankan.or.jp/,分野別対策向けテンプレートから作成。公開前に本文・参照URL・関連リンクを差し替える。,本記事を読むと、管理業務主任者試験の押さえ方について、公式情報で確認すべき点と、このサイトでの学習の進め方が分かります。読了後は行動チェックリストに沿って演習・用語確認まで進められる状態を目指します。,【行動1】;【行動2】;【行動3】,試験要項・公式ページ更新時に本文と参照元を見直す。,2026-05-30,2026-06-29,2026-05-30,published,ガイド記事テンプレート で 2026-05-30 作成。,分野の位置づけ,"管理業務主任者試験の民法・借地借家法の基礎の押さえ方について、「分野の位置づけ」の観点で整理します。制度・数値・日程は年度や改正で変わるため、学習前と申込前には管理業務主任者試験センター（公式）の最新情報を確認してください。非公式まとめは参考程度にし、最終判断は必ず公式要項に置きます。

このサイトでは過去問・用語解説・比較表を組み合わせ、民法・借地借家法の基礎の押さえ方で迷った論点を解き直せます。間違えた問題は理由を短くメモし、関連用語で定義と選択肢の論点を確認してから同分野へ戻ると定着しやすくなります。",押さえる基礎知識,"管理業務主任者試験の民法・借地借家法の基礎の押さえ方について、「押さえる基礎知識」の観点で整理します。制度・数値・日程は年度や改正で変わるため、学習前と申込前には管理業務主任者試験センター（公式）の最新情報を確認してください。非公式まとめは参考程度にし、最終判断は必ず公式要項に置きます。

このサイトでは過去問・用語解説・比較表を組み合わせ、民法・借地借家法の基礎の押さえ方で迷った論点を解き直せます。間違えた問題は理由を短くメモし、関連用語で定義と選択肢の論点を確認してから同分野へ戻ると定着しやすくなります。",頻出論点,"管理業務主任者試験の民法・借地借家法の基礎の押さえ方について、「頻出論点」の観点で整理します。制度・数値・日程は年度や改正で変わるため、学習前と申込前には管理業務主任者試験センター（公式）の最新情報を確認してください。非公式まとめは参考程度にし、最終判断は必ず公式要項に置きます。

このサイトでは過去問・用語解説・比較表を組み合わせ、民法・借地借家法の基礎の押さえ方で迷った論点を解き直せます。間違えた問題は理由を短くメモし、関連用語で定義と選択肢の論点を確認してから同分野へ戻ると定着しやすくなります。",過去問での確認方法,"管理業務主任者試験の民法・借地借家法の基礎の押さえ方について、「過去問での確認方法」の観点で整理します。制度・数値・日程は年度や改正で変わるため、学習前と申込前には管理業務主任者試験センター（公式）の最新情報を確認してください。非公式まとめは参考程度にし、最終判断は必ず公式要項に置きます。

このサイトでは過去問・用語解説・比較表を組み合わせ、民法・借地借家法の基礎の押さえ方で迷った論点を解き直せます。間違えた問題は理由を短くメモし、関連用語で定義と選択肢の論点を確認してから同分野へ戻ると定着しやすくなります。",他分野との関連,"管理業務主任者試験の民法・借地借家法の基礎の押さえ方について、「他分野との関連」の観点で整理します。制度・数値・日程は年度や改正で変わるため、学習前と申込前には管理業務主任者試験センター（公式）の最新情報を確認してください。非公式まとめは参考程度にし、最終判断は必ず公式要項に置きます。

このサイトでは過去問・用語解説・比較表を組み合わせ、民法・借地借家法の基礎の押さえ方で迷った論点を解き直せます。間違えた問題は理由を短くメモし、関連用語で定義と選択肢の論点を確認してから同分野へ戻ると定着しやすくなります。",,,,,苦手分野だけ先に学べますか？,管理業務主任者試験の民法・借地借家法の基礎の押さえ方に関する質問「苦手分野だけ先に学べますか」について、まず公式要項で最新の制度を確認してください。本サイトでは過去問演習と用語解説で、民法・借地借家法の基礎の押さえ方の理解度を具体的に確かめられます。数値や期限は資格ごとに異なるため、本文の例は必ず公式情報と照合してください。,分野別の教材は必要ですか？,管理業務主任者試験の民法・借地借家法の基礎の押さえ方に関する質問「分野別の教材は必要ですか」について、まず公式要項で最新の制度を確認してください。本サイトでは過去問演習と用語解説で、民法・借地借家法の基礎の押さえ方の理解度を具体的に確かめられます。数値や期限は資格ごとに異なるため、本文の例は必ず公式情報と照合してください。,study-plan:学習計画;past-question-strategy:過去問の使い方
field-civil-frequent-topics,分野別対策,管理業務主任者試験の民法・借地借家法の頻出論点,管理業務主任者試験の頻出論点について、公式情報の確認方法と学習の進め方を整理します。受験前に押さえるべきポイントと、このサイトでの演習・用語解説の活用法を解説します。,特定分野の理解を深めたい人向けに、基礎から演習・復習までの進め方をまとめます。,40,分野別;試験対策,管業マスター編集部,資格学習サイトの編集チーム,公式情報確認担当,公開前に一次情報との照合を行う担当者,2026-05-30,管理業務主任者試験センター（公式）|https://www.mankan.or.jp/,分野別対策向けテンプレートから作成。公開前に本文・参照URL・関連リンクを差し替える。,本記事を読むと、管理業務主任者試験の頻出論点について、公式情報で確認すべき点と、このサイトでの学習の進め方が分かります。読了後は行動チェックリストに沿って演習・用語確認まで進められる状態を目指します。,【行動1】;【行動2】;【行動3】,試験要項・公式ページ更新時に本文と参照元を見直す。,2026-05-30,2026-06-29,2026-05-30,published,ガイド記事テンプレート で 2026-05-30 作成。,分野の位置づけ,"管理業務主任者試験の民法・借地借家法の頻出論点について、「分野の位置づけ」の観点で整理します。制度・数値・日程は年度や改正で変わるため、学習前と申込前には管理業務主任者試験センター（公式）の最新情報を確認してください。非公式まとめは参考程度にし、最終判断は必ず公式要項に置きます。

このサイトでは過去問・用語解説・比較表を組み合わせ、民法・借地借家法の頻出論点で迷った論点を解き直せます。間違えた問題は理由を短くメモし、関連用語で定義と選択肢の論点を確認してから同分野へ戻ると定着しやすくなります。",押さえる基礎知識,"管理業務主任者試験の民法・借地借家法の頻出論点について、「押さえる基礎知識」の観点で整理します。制度・数値・日程は年度や改正で変わるため、学習前と申込前には管理業務主任者試験センター（公式）の最新情報を確認してください。非公式まとめは参考程度にし、最終判断は必ず公式要項に置きます。

このサイトでは過去問・用語解説・比較表を組み合わせ、民法・借地借家法の頻出論点で迷った論点を解き直せます。間違えた問題は理由を短くメモし、関連用語で定義と選択肢の論点を確認してから同分野へ戻ると定着しやすくなります。",頻出論点,"管理業務主任者試験の民法・借地借家法の頻出論点について、「頻出論点」の観点で整理します。制度・数値・日程は年度や改正で変わるため、学習前と申込前には管理業務主任者試験センター（公式）の最新情報を確認してください。非公式まとめは参考程度にし、最終判断は必ず公式要項に置きます。

このサイトでは過去問・用語解説・比較表を組み合わせ、民法・借地借家法の頻出論点で迷った論点を解き直せます。間違えた問題は理由を短くメモし、関連用語で定義と選択肢の論点を確認してから同分野へ戻ると定着しやすくなります。",過去問での確認方法,"管理業務主任者試験の民法・借地借家法の頻出論点について、「過去問での確認方法」の観点で整理します。制度・数値・日程は年度や改正で変わるため、学習前と申込前には管理業務主任者試験センター（公式）の最新情報を確認してください。非公式まとめは参考程度にし、最終判断は必ず公式要項に置きます。

このサイトでは過去問・用語解説・比較表を組み合わせ、民法・借地借家法の頻出論点で迷った論点を解き直せます。間違えた問題は理由を短くメモし、関連用語で定義と選択肢の論点を確認してから同分野へ戻ると定着しやすくなります。",他分野との関連,"管理業務主任者試験の民法・借地借家法の頻出論点について、「他分野との関連」の観点で整理します。制度・数値・日程は年度や改正で変わるため、学習前と申込前には管理業務主任者試験センター（公式）の最新情報を確認してください。非公式まとめは参考程度にし、最終判断は必ず公式要項に置きます。

このサイトでは過去問・用語解説・比較表を組み合わせ、民法・借地借家法の頻出論点で迷った論点を解き直せます。間違えた問題は理由を短くメモし、関連用語で定義と選択肢の論点を確認してから同分野へ戻ると定着しやすくなります。",,,,,苦手分野だけ先に学べますか？,管理業務主任者試験の民法・借地借家法の頻出論点に関する質問「苦手分野だけ先に学べますか」について、まず公式要項で最新の制度を確認してください。本サイトでは過去問演習と用語解説で、民法・借地借家法の頻出論点の理解度を具体的に確かめられます。数値や期限は資格ごとに異なるため、本文の例は必ず公式情報と照合してください。,分野別の教材は必要ですか？,管理業務主任者試験の民法・借地借家法の頻出論点に関する質問「分野別の教材は必要ですか」について、まず公式要項で最新の制度を確認してください。本サイトでは過去問演習と用語解説で、民法・借地借家法の頻出論点の理解度を具体的に確かめられます。数値や期限は資格ごとに異なるため、本文の例は必ず公式情報と照合してください。,study-plan:学習計画;past-question-strategy:過去問の使い方
field-civil-calculation,分野別対策,管理業務主任者試験の民法・借地借家法の計算・数値問題,管理業務主任者試験の計算・数値問題について、公式情報の確認方法と学習の進め方を整理します。受験前に押さえるべきポイントと、このサイトでの演習・用語解説の活用法を解説します。,特定分野の理解を深めたい人向けに、基礎から演習・復習までの進め方をまとめます。,40,分野別;試験対策,管業マスター編集部,資格学習サイトの編集チーム,公式情報確認担当,公開前に一次情報との照合を行う担当者,2026-05-30,管理業務主任者試験センター（公式）|https://www.mankan.or.jp/,分野別対策向けテンプレートから作成。公開前に本文・参照URL・関連リンクを差し替える。,本記事を読むと、管理業務主任者試験の計算・数値問題について、公式情報で確認すべき点と、このサイトでの学習の進め方が分かります。読了後は行動チェックリストに沿って演習・用語確認まで進められる状態を目指します。,【行動1】;【行動2】;【行動3】,試験要項・公式ページ更新時に本文と参照元を見直す。,2026-05-30,2026-06-29,2026-05-30,published,ガイド記事テンプレート で 2026-05-30 作成。,分野の位置づけ,"管理業務主任者試験の民法・借地借家法の計算・数値問題について、「分野の位置づけ」の観点で整理します。制度・数値・日程は年度や改正で変わるため、学習前と申込前には管理業務主任者試験センター（公式）の最新情報を確認してください。非公式まとめは参考程度にし、最終判断は必ず公式要項に置きます。

このサイトでは過去問・用語解説・比較表を組み合わせ、民法・借地借家法の計算・数値問題で迷った論点を解き直せます。間違えた問題は理由を短くメモし、関連用語で定義と選択肢の論点を確認してから同分野へ戻ると定着しやすくなります。",押さえる基礎知識,"管理業務主任者試験の民法・借地借家法の計算・数値問題について、「押さえる基礎知識」の観点で整理します。制度・数値・日程は年度や改正で変わるため、学習前と申込前には管理業務主任者試験センター（公式）の最新情報を確認してください。非公式まとめは参考程度にし、最終判断は必ず公式要項に置きます。

このサイトでは過去問・用語解説・比較表を組み合わせ、民法・借地借家法の計算・数値問題で迷った論点を解き直せます。間違えた問題は理由を短くメモし、関連用語で定義と選択肢の論点を確認してから同分野へ戻ると定着しやすくなります。",頻出論点,"管理業務主任者試験の民法・借地借家法の計算・数値問題について、「頻出論点」の観点で整理します。制度・数値・日程は年度や改正で変わるため、学習前と申込前には管理業務主任者試験センター（公式）の最新情報を確認してください。非公式まとめは参考程度にし、最終判断は必ず公式要項に置きます。

このサイトでは過去問・用語解説・比較表を組み合わせ、民法・借地借家法の計算・数値問題で迷った論点を解き直せます。間違えた問題は理由を短くメモし、関連用語で定義と選択肢の論点を確認してから同分野へ戻ると定着しやすくなります。",過去問での確認方法,"管理業務主任者試験の民法・借地借家法の計算・数値問題について、「過去問での確認方法」の観点で整理します。制度・数値・日程は年度や改正で変わるため、学習前と申込前には管理業務主任者試験センター（公式）の最新情報を確認してください。非公式まとめは参考程度にし、最終判断は必ず公式要項に置きます。

このサイトでは過去問・用語解説・比較表を組み合わせ、民法・借地借家法の計算・数値問題で迷った論点を解き直せます。間違えた問題は理由を短くメモし、関連用語で定義と選択肢の論点を確認してから同分野へ戻ると定着しやすくなります。",他分野との関連,"管理業務主任者試験の民法・借地借家法の計算・数値問題について、「他分野との関連」の観点で整理します。制度・数値・日程は年度や改正で変わるため、学習前と申込前には管理業務主任者試験センター（公式）の最新情報を確認してください。非公式まとめは参考程度にし、最終判断は必ず公式要項に置きます。

このサイトでは過去問・用語解説・比較表を組み合わせ、民法・借地借家法の計算・数値問題で迷った論点を解き直せます。間違えた問題は理由を短くメモし、関連用語で定義と選択肢の論点を確認してから同分野へ戻ると定着しやすくなります。",,,,,苦手分野だけ先に学べますか？,管理業務主任者試験の民法・借地借家法の計算・数値問題に関する質問「苦手分野だけ先に学べますか」について、まず公式要項で最新の制度を確認してください。本サイトでは過去問演習と用語解説で、民法・借地借家法の計算・数値問題の理解度を具体的に確かめられます。数値や期限は資格ごとに異なるため、本文の例は必ず公式情報と照合してください。,分野別の教材は必要ですか？,管理業務主任者試験の民法・借地借家法の計算・数値問題に関する質問「分野別の教材は必要ですか」について、まず公式要項で最新の制度を確認してください。本サイトでは過去問演習と用語解説で、民法・借地借家法の計算・数値問題の理解度を具体的に確かめられます。数値や期限は資格ごとに異なるため、本文の例は必ず公式情報と照合してください。,study-plan:学習計画;past-question-strategy:過去問の使い方
field-civil-case-study,分野別対策,管理業務主任者試験の民法・借地借家法の事例・ケース問題,管理業務主任者試験の事例・ケース問題について、公式情報の確認方法と学習の進め方を整理します。受験前に押さえるべきポイントと、このサイトでの演習・用語解説の活用法を解説します。,特定分野の理解を深めたい人向けに、基礎から演習・復習までの進め方をまとめます。,40,分野別;試験対策,管業マスター編集部,資格学習サイトの編集チーム,公式情報確認担当,公開前に一次情報との照合を行う担当者,2026-05-30,管理業務主任者試験センター（公式）|https://www.mankan.or.jp/,分野別対策向けテンプレートから作成。公開前に本文・参照URL・関連リンクを差し替える。,本記事を読むと、管理業務主任者試験の事例・ケース問題について、公式情報で確認すべき点と、このサイトでの学習の進め方が分かります。読了後は行動チェックリストに沿って演習・用語確認まで進められる状態を目指します。,【行動1】;【行動2】;【行動3】,試験要項・公式ページ更新時に本文と参照元を見直す。,2026-05-30,2026-06-29,2026-05-30,published,ガイド記事テンプレート で 2026-05-30 作成。,分野の位置づけ,"管理業務主任者試験の民法・借地借家法の事例・ケース問題について、「分野の位置づけ」の観点で整理します。制度・数値・日程は年度や改正で変わるため、学習前と申込前には管理業務主任者試験センター（公式）の最新情報を確認してください。非公式まとめは参考程度にし、最終判断は必ず公式要項に置きます。

このサイトでは過去問・用語解説・比較表を組み合わせ、民法・借地借家法の事例・ケース問題で迷った論点を解き直せます。間違えた問題は理由を短くメモし、関連用語で定義と選択肢の論点を確認してから同分野へ戻ると定着しやすくなります。",押さえる基礎知識,"管理業務主任者試験の民法・借地借家法の事例・ケース問題について、「押さえる基礎知識」の観点で整理します。制度・数値・日程は年度や改正で変わるため、学習前と申込前には管理業務主任者試験センター（公式）の最新情報を確認してください。非公式まとめは参考程度にし、最終判断は必ず公式要項に置きます。

このサイトでは過去問・用語解説・比較表を組み合わせ、民法・借地借家法の事例・ケース問題で迷った論点を解き直せます。間違えた問題は理由を短くメモし、関連用語で定義と選択肢の論点を確認してから同分野へ戻ると定着しやすくなります。",頻出論点,"管理業務主任者試験の民法・借地借家法の事例・ケース問題について、「頻出論点」の観点で整理します。制度・数値・日程は年度や改正で変わるため、学習前と申込前には管理業務主任者試験センター（公式）の最新情報を確認してください。非公式まとめは参考程度にし、最終判断は必ず公式要項に置きます。

このサイトでは過去問・用語解説・比較表を組み合わせ、民法・借地借家法の事例・ケース問題で迷った論点を解き直せます。間違えた問題は理由を短くメモし、関連用語で定義と選択肢の論点を確認してから同分野へ戻ると定着しやすくなります。",過去問での確認方法,"管理業務主任者試験の民法・借地借家法の事例・ケース問題について、「過去問での確認方法」の観点で整理します。制度・数値・日程は年度や改正で変わるため、学習前と申込前には管理業務主任者試験センター（公式）の最新情報を確認してください。非公式まとめは参考程度にし、最終判断は必ず公式要項に置きます。

このサイトでは過去問・用語解説・比較表を組み合わせ、民法・借地借家法の事例・ケース問題で迷った論点を解き直せます。間違えた問題は理由を短くメモし、関連用語で定義と選択肢の論点を確認してから同分野へ戻ると定着しやすくなります。",他分野との関連,"管理業務主任者試験の民法・借地借家法の事例・ケース問題について、「他分野との関連」の観点で整理します。制度・数値・日程は年度や改正で変わるため、学習前と申込前には管理業務主任者試験センター（公式）の最新情報を確認してください。非公式まとめは参考程度にし、最終判断は必ず公式要項に置きます。

このサイトでは過去問・用語解説・比較表を組み合わせ、民法・借地借家法の事例・ケース問題で迷った論点を解き直せます。間違えた問題は理由を短くメモし、関連用語で定義と選択肢の論点を確認してから同分野へ戻ると定着しやすくなります。",,,,,苦手分野だけ先に学べますか？,管理業務主任者試験の民法・借地借家法の事例・ケース問題に関する質問「苦手分野だけ先に学べますか」について、まず公式要項で最新の制度を確認してください。本サイトでは過去問演習と用語解説で、民法・借地借家法の事例・ケース問題の理解度を具体的に確かめられます。数値や期限は資格ごとに異なるため、本文の例は必ず公式情報と照合してください。,分野別の教材は必要ですか？,管理業務主任者試験の民法・借地借家法の事例・ケース問題に関する質問「分野別の教材は必要ですか」について、まず公式要項で最新の制度を確認してください。本サイトでは過去問演習と用語解説で、民法・借地借家法の事例・ケース問題の理解度を具体的に確かめられます。数値や期限は資格ごとに異なるため、本文の例は必ず公式情報と照合してください。,study-plan:学習計画;past-question-strategy:過去問の使い方
field-civil-past-question-focus,分野別対策,管理業務主任者試験の民法・借地借家法の過去問での出題傾向,管理業務主任者試験の過去問での出題傾向について、公式情報の確認方法と学習の進め方を整理します。受験前に押さえるべきポイントと、このサイトでの演習・用語解説の活用法を解説します。,特定分野の理解を深めたい人向けに、基礎から演習・復習までの進め方をまとめます。,40,分野別;試験対策,管業マスター編集部,資格学習サイトの編集チーム,公式情報確認担当,公開前に一次情報との照合を行う担当者,2026-05-30,管理業務主任者試験センター（公式）|https://www.mankan.or.jp/,分野別対策向けテンプレートから作成。公開前に本文・参照URL・関連リンクを差し替える。,本記事を読むと、管理業務主任者試験の過去問での出題傾向について、公式情報で確認すべき点と、このサイトでの学習の進め方が分かります。読了後は行動チェックリストに沿って演習・用語確認まで進められる状態を目指します。,【行動1】;【行動2】;【行動3】,試験要項・公式ページ更新時に本文と参照元を見直す。,2026-05-30,2026-06-29,2026-05-30,published,ガイド記事テンプレート で 2026-05-30 作成。,分野の位置づけ,"管理業務主任者試験の民法・借地借家法の過去問での出題傾向について、「分野の位置づけ」の観点で整理します。制度・数値・日程は年度や改正で変わるため、学習前と申込前には管理業務主任者試験センター（公式）の最新情報を確認してください。非公式まとめは参考程度にし、最終判断は必ず公式要項に置きます。

このサイトでは過去問・用語解説・比較表を組み合わせ、民法・借地借家法の過去問での出題傾向で迷った論点を解き直せます。間違えた問題は理由を短くメモし、関連用語で定義と選択肢の論点を確認してから同分野へ戻ると定着しやすくなります。",押さえる基礎知識,"管理業務主任者試験の民法・借地借家法の過去問での出題傾向について、「押さえる基礎知識」の観点で整理します。制度・数値・日程は年度や改正で変わるため、学習前と申込前には管理業務主任者試験センター（公式）の最新情報を確認してください。非公式まとめは参考程度にし、最終判断は必ず公式要項に置きます。

このサイトでは過去問・用語解説・比較表を組み合わせ、民法・借地借家法の過去問での出題傾向で迷った論点を解き直せます。間違えた問題は理由を短くメモし、関連用語で定義と選択肢の論点を確認してから同分野へ戻ると定着しやすくなります。",頻出論点,"管理業務主任者試験の民法・借地借家法の過去問での出題傾向について、「頻出論点」の観点で整理します。制度・数値・日程は年度や改正で変わるため、学習前と申込前には管理業務主任者試験センター（公式）の最新情報を確認してください。非公式まとめは参考程度にし、最終判断は必ず公式要項に置きます。

このサイトでは過去問・用語解説・比較表を組み合わせ、民法・借地借家法の過去問での出題傾向で迷った論点を解き直せます。間違えた問題は理由を短くメモし、関連用語で定義と選択肢の論点を確認してから同分野へ戻ると定着しやすくなります。",過去問での確認方法,"管理業務主任者試験の民法・借地借家法の過去問での出題傾向について、「過去問での確認方法」の観点で整理します。制度・数値・日程は年度や改正で変わるため、学習前と申込前には管理業務主任者試験センター（公式）の最新情報を確認してください。非公式まとめは参考程度にし、最終判断は必ず公式要項に置きます。

このサイトでは過去問・用語解説・比較表を組み合わせ、民法・借地借家法の過去問での出題傾向で迷った論点を解き直せます。間違えた問題は理由を短くメモし、関連用語で定義と選択肢の論点を確認してから同分野へ戻ると定着しやすくなります。",他分野との関連,"管理業務主任者試験の民法・借地借家法の過去問での出題傾向について、「他分野との関連」の観点で整理します。制度・数値・日程は年度や改正で変わるため、学習前と申込前には管理業務主任者試験センター（公式）の最新情報を確認してください。非公式まとめは参考程度にし、最終判断は必ず公式要項に置きます。

このサイトでは過去問・用語解説・比較表を組み合わせ、民法・借地借家法の過去問での出題傾向で迷った論点を解き直せます。間違えた問題は理由を短くメモし、関連用語で定義と選択肢の論点を確認してから同分野へ戻ると定着しやすくなります。",,,,,苦手分野だけ先に学べますか？,管理業務主任者試験の民法・借地借家法の過去問での出題傾向に関する質問「苦手分野だけ先に学べますか」について、まず公式要項で最新の制度を確認してください。本サイトでは過去問演習と用語解説で、民法・借地借家法の過去問での出題傾向の理解度を具体的に確かめられます。数値や期限は資格ごとに異なるため、本文の例は必ず公式情報と照合してください。,分野別の教材は必要ですか？,管理業務主任者試験の民法・借地借家法の過去問での出題傾向に関する質問「分野別の教材は必要ですか」について、まず公式要項で最新の制度を確認してください。本サイトでは過去問演習と用語解説で、民法・借地借家法の過去問での出題傾向の理解度を具体的に確かめられます。数値や期限は資格ごとに異なるため、本文の例は必ず公式情報と照合してください。,study-plan:学習計画;past-question-strategy:過去問の使い方
field-kuhyo-basics,分野別対策,管理業務主任者試験の標準管理規約の基礎の押さえ方,管理業務主任者試験の押さえ方について、公式情報の確認方法と学習の進め方を整理します。受験前に押さえるべきポイントと、このサイトでの演習・用語解説の活用法を解説します。,特定分野の理解を深めたい人向けに、基礎から演習・復習までの進め方をまとめます。,40,分野別;試験対策,管業マスター編集部,資格学習サイトの編集チーム,公式情報確認担当,公開前に一次情報との照合を行う担当者,2026-05-30,管理業務主任者試験センター（公式）|https://www.mankan.or.jp/,分野別対策向けテンプレートから作成。公開前に本文・参照URL・関連リンクを差し替える。,本記事を読むと、管理業務主任者試験の押さえ方について、公式情報で確認すべき点と、このサイトでの学習の進め方が分かります。読了後は行動チェックリストに沿って演習・用語確認まで進められる状態を目指します。,【行動1】;【行動2】;【行動3】,試験要項・公式ページ更新時に本文と参照元を見直す。,2026-05-30,2026-06-29,2026-05-30,published,ガイド記事テンプレート で 2026-05-30 作成。,分野の位置づけ,"管理業務主任者試験の標準管理規約の基礎の押さえ方について、「分野の位置づけ」の観点で整理します。制度・数値・日程は年度や改正で変わるため、学習前と申込前には管理業務主任者試験センター（公式）の最新情報を確認してください。非公式まとめは参考程度にし、最終判断は必ず公式要項に置きます。

このサイトでは過去問・用語解説・比較表を組み合わせ、標準管理規約の基礎の押さえ方で迷った論点を解き直せます。間違えた問題は理由を短くメモし、関連用語で定義と選択肢の論点を確認してから同分野へ戻ると定着しやすくなります。",押さえる基礎知識,"管理業務主任者試験の標準管理規約の基礎の押さえ方について、「押さえる基礎知識」の観点で整理します。制度・数値・日程は年度や改正で変わるため、学習前と申込前には管理業務主任者試験センター（公式）の最新情報を確認してください。非公式まとめは参考程度にし、最終判断は必ず公式要項に置きます。

このサイトでは過去問・用語解説・比較表を組み合わせ、標準管理規約の基礎の押さえ方で迷った論点を解き直せます。間違えた問題は理由を短くメモし、関連用語で定義と選択肢の論点を確認してから同分野へ戻ると定着しやすくなります。",頻出論点,"管理業務主任者試験の標準管理規約の基礎の押さえ方について、「頻出論点」の観点で整理します。制度・数値・日程は年度や改正で変わるため、学習前と申込前には管理業務主任者試験センター（公式）の最新情報を確認してください。非公式まとめは参考程度にし、最終判断は必ず公式要項に置きます。

このサイトでは過去問・用語解説・比較表を組み合わせ、標準管理規約の基礎の押さえ方で迷った論点を解き直せます。間違えた問題は理由を短くメモし、関連用語で定義と選択肢の論点を確認してから同分野へ戻ると定着しやすくなります。",過去問での確認方法,"管理業務主任者試験の標準管理規約の基礎の押さえ方について、「過去問での確認方法」の観点で整理します。制度・数値・日程は年度や改正で変わるため、学習前と申込前には管理業務主任者試験センター（公式）の最新情報を確認してください。非公式まとめは参考程度にし、最終判断は必ず公式要項に置きます。

このサイトでは過去問・用語解説・比較表を組み合わせ、標準管理規約の基礎の押さえ方で迷った論点を解き直せます。間違えた問題は理由を短くメモし、関連用語で定義と選択肢の論点を確認してから同分野へ戻ると定着しやすくなります。",他分野との関連,"管理業務主任者試験の標準管理規約の基礎の押さえ方について、「他分野との関連」の観点で整理します。制度・数値・日程は年度や改正で変わるため、学習前と申込前には管理業務主任者試験センター（公式）の最新情報を確認してください。非公式まとめは参考程度にし、最終判断は必ず公式要項に置きます。

このサイトでは過去問・用語解説・比較表を組み合わせ、標準管理規約の基礎の押さえ方で迷った論点を解き直せます。間違えた問題は理由を短くメモし、関連用語で定義と選択肢の論点を確認してから同分野へ戻ると定着しやすくなります。",,,,,苦手分野だけ先に学べますか？,管理業務主任者試験の標準管理規約の基礎の押さえ方に関する質問「苦手分野だけ先に学べますか」について、まず公式要項で最新の制度を確認してください。本サイトでは過去問演習と用語解説で、標準管理規約の基礎の押さえ方の理解度を具体的に確かめられます。数値や期限は資格ごとに異なるため、本文の例は必ず公式情報と照合してください。,分野別の教材は必要ですか？,管理業務主任者試験の標準管理規約の基礎の押さえ方に関する質問「分野別の教材は必要ですか」について、まず公式要項で最新の制度を確認してください。本サイトでは過去問演習と用語解説で、標準管理規約の基礎の押さえ方の理解度を具体的に確かめられます。数値や期限は資格ごとに異なるため、本文の例は必ず公式情報と照合してください。,study-plan:学習計画;past-question-strategy:過去問の使い方
field-kuhyo-frequent-topics,分野別対策,管理業務主任者試験の標準管理規約の頻出論点,管理業務主任者試験の頻出論点について、公式情報の確認方法と学習の進め方を整理します。受験前に押さえるべきポイントと、このサイトでの演習・用語解説の活用法を解説します。,特定分野の理解を深めたい人向けに、基礎から演習・復習までの進め方をまとめます。,40,分野別;試験対策,管業マスター編集部,資格学習サイトの編集チーム,公式情報確認担当,公開前に一次情報との照合を行う担当者,2026-05-30,管理業務主任者試験センター（公式）|https://www.mankan.or.jp/,分野別対策向けテンプレートから作成。公開前に本文・参照URL・関連リンクを差し替える。,本記事を読むと、管理業務主任者試験の頻出論点について、公式情報で確認すべき点と、このサイトでの学習の進め方が分かります。読了後は行動チェックリストに沿って演習・用語確認まで進められる状態を目指します。,【行動1】;【行動2】;【行動3】,試験要項・公式ページ更新時に本文と参照元を見直す。,2026-05-30,2026-06-29,2026-05-30,published,ガイド記事テンプレート で 2026-05-30 作成。,分野の位置づけ,"管理業務主任者試験の標準管理規約の頻出論点について、「分野の位置づけ」の観点で整理します。制度・数値・日程は年度や改正で変わるため、学習前と申込前には管理業務主任者試験センター（公式）の最新情報を確認してください。非公式まとめは参考程度にし、最終判断は必ず公式要項に置きます。

このサイトでは過去問・用語解説・比較表を組み合わせ、標準管理規約の頻出論点で迷った論点を解き直せます。間違えた問題は理由を短くメモし、関連用語で定義と選択肢の論点を確認してから同分野へ戻ると定着しやすくなります。",押さえる基礎知識,"管理業務主任者試験の標準管理規約の頻出論点について、「押さえる基礎知識」の観点で整理します。制度・数値・日程は年度や改正で変わるため、学習前と申込前には管理業務主任者試験センター（公式）の最新情報を確認してください。非公式まとめは参考程度にし、最終判断は必ず公式要項に置きます。

このサイトでは過去問・用語解説・比較表を組み合わせ、標準管理規約の頻出論点で迷った論点を解き直せます。間違えた問題は理由を短くメモし、関連用語で定義と選択肢の論点を確認してから同分野へ戻ると定着しやすくなります。",頻出論点,"管理業務主任者試験の標準管理規約の頻出論点について、「頻出論点」の観点で整理します。制度・数値・日程は年度や改正で変わるため、学習前と申込前には管理業務主任者試験センター（公式）の最新情報を確認してください。非公式まとめは参考程度にし、最終判断は必ず公式要項に置きます。

このサイトでは過去問・用語解説・比較表を組み合わせ、標準管理規約の頻出論点で迷った論点を解き直せます。間違えた問題は理由を短くメモし、関連用語で定義と選択肢の論点を確認してから同分野へ戻ると定着しやすくなります。",過去問での確認方法,"管理業務主任者試験の標準管理規約の頻出論点について、「過去問での確認方法」の観点で整理します。制度・数値・日程は年度や改正で変わるため、学習前と申込前には管理業務主任者試験センター（公式）の最新情報を確認してください。非公式まとめは参考程度にし、最終判断は必ず公式要項に置きます。

このサイトでは過去問・用語解説・比較表を組み合わせ、標準管理規約の頻出論点で迷った論点を解き直せます。間違えた問題は理由を短くメモし、関連用語で定義と選択肢の論点を確認してから同分野へ戻ると定着しやすくなります。",他分野との関連,"管理業務主任者試験の標準管理規約の頻出論点について、「他分野との関連」の観点で整理します。制度・数値・日程は年度や改正で変わるため、学習前と申込前には管理業務主任者試験センター（公式）の最新情報を確認してください。非公式まとめは参考程度にし、最終判断は必ず公式要項に置きます。

このサイトでは過去問・用語解説・比較表を組み合わせ、標準管理規約の頻出論点で迷った論点を解き直せます。間違えた問題は理由を短くメモし、関連用語で定義と選択肢の論点を確認してから同分野へ戻ると定着しやすくなります。",,,,,苦手分野だけ先に学べますか？,管理業務主任者試験の標準管理規約の頻出論点に関する質問「苦手分野だけ先に学べますか」について、まず公式要項で最新の制度を確認してください。本サイトでは過去問演習と用語解説で、標準管理規約の頻出論点の理解度を具体的に確かめられます。数値や期限は資格ごとに異なるため、本文の例は必ず公式情報と照合してください。,分野別の教材は必要ですか？,管理業務主任者試験の標準管理規約の頻出論点に関する質問「分野別の教材は必要ですか」について、まず公式要項で最新の制度を確認してください。本サイトでは過去問演習と用語解説で、標準管理規約の頻出論点の理解度を具体的に確かめられます。数値や期限は資格ごとに異なるため、本文の例は必ず公式情報と照合してください。,study-plan:学習計画;past-question-strategy:過去問の使い方
field-kuhyo-calculation,分野別対策,管理業務主任者試験の標準管理規約の計算・数値問題,管理業務主任者試験の計算・数値問題について、公式情報の確認方法と学習の進め方を整理します。受験前に押さえるべきポイントと、このサイトでの演習・用語解説の活用法を解説します。,特定分野の理解を深めたい人向けに、基礎から演習・復習までの進め方をまとめます。,40,分野別;試験対策,管業マスター編集部,資格学習サイトの編集チーム,公式情報確認担当,公開前に一次情報との照合を行う担当者,2026-05-30,管理業務主任者試験センター（公式）|https://www.mankan.or.jp/,分野別対策向けテンプレートから作成。公開前に本文・参照URL・関連リンクを差し替える。,本記事を読むと、管理業務主任者試験の計算・数値問題について、公式情報で確認すべき点と、このサイトでの学習の進め方が分かります。読了後は行動チェックリストに沿って演習・用語確認まで進められる状態を目指します。,【行動1】;【行動2】;【行動3】,試験要項・公式ページ更新時に本文と参照元を見直す。,2026-05-30,2026-06-29,2026-05-30,published,ガイド記事テンプレート で 2026-05-30 作成。,分野の位置づけ,"管理業務主任者試験の標準管理規約の計算・数値問題について、「分野の位置づけ」の観点で整理します。制度・数値・日程は年度や改正で変わるため、学習前と申込前には管理業務主任者試験センター（公式）の最新情報を確認してください。非公式まとめは参考程度にし、最終判断は必ず公式要項に置きます。

このサイトでは過去問・用語解説・比較表を組み合わせ、標準管理規約の計算・数値問題で迷った論点を解き直せます。間違えた問題は理由を短くメモし、関連用語で定義と選択肢の論点を確認してから同分野へ戻ると定着しやすくなります。",押さえる基礎知識,"管理業務主任者試験の標準管理規約の計算・数値問題について、「押さえる基礎知識」の観点で整理します。制度・数値・日程は年度や改正で変わるため、学習前と申込前には管理業務主任者試験センター（公式）の最新情報を確認してください。非公式まとめは参考程度にし、最終判断は必ず公式要項に置きます。

このサイトでは過去問・用語解説・比較表を組み合わせ、標準管理規約の計算・数値問題で迷った論点を解き直せます。間違えた問題は理由を短くメモし、関連用語で定義と選択肢の論点を確認してから同分野へ戻ると定着しやすくなります。",頻出論点,"管理業務主任者試験の標準管理規約の計算・数値問題について、「頻出論点」の観点で整理します。制度・数値・日程は年度や改正で変わるため、学習前と申込前には管理業務主任者試験センター（公式）の最新情報を確認してください。非公式まとめは参考程度にし、最終判断は必ず公式要項に置きます。

このサイトでは過去問・用語解説・比較表を組み合わせ、標準管理規約の計算・数値問題で迷った論点を解き直せます。間違えた問題は理由を短くメモし、関連用語で定義と選択肢の論点を確認してから同分野へ戻ると定着しやすくなります。",過去問での確認方法,"管理業務主任者試験の標準管理規約の計算・数値問題について、「過去問での確認方法」の観点で整理します。制度・数値・日程は年度や改正で変わるため、学習前と申込前には管理業務主任者試験センター（公式）の最新情報を確認してください。非公式まとめは参考程度にし、最終判断は必ず公式要項に置きます。

このサイトでは過去問・用語解説・比較表を組み合わせ、標準管理規約の計算・数値問題で迷った論点を解き直せます。間違えた問題は理由を短くメモし、関連用語で定義と選択肢の論点を確認してから同分野へ戻ると定着しやすくなります。",他分野との関連,"管理業務主任者試験の標準管理規約の計算・数値問題について、「他分野との関連」の観点で整理します。制度・数値・日程は年度や改正で変わるため、学習前と申込前には管理業務主任者試験センター（公式）の最新情報を確認してください。非公式まとめは参考程度にし、最終判断は必ず公式要項に置きます。

このサイトでは過去問・用語解説・比較表を組み合わせ、標準管理規約の計算・数値問題で迷った論点を解き直せます。間違えた問題は理由を短くメモし、関連用語で定義と選択肢の論点を確認してから同分野へ戻ると定着しやすくなります。",,,,,苦手分野だけ先に学べますか？,管理業務主任者試験の標準管理規約の計算・数値問題に関する質問「苦手分野だけ先に学べますか」について、まず公式要項で最新の制度を確認してください。本サイトでは過去問演習と用語解説で、標準管理規約の計算・数値問題の理解度を具体的に確かめられます。数値や期限は資格ごとに異なるため、本文の例は必ず公式情報と照合してください。,分野別の教材は必要ですか？,管理業務主任者試験の標準管理規約の計算・数値問題に関する質問「分野別の教材は必要ですか」について、まず公式要項で最新の制度を確認してください。本サイトでは過去問演習と用語解説で、標準管理規約の計算・数値問題の理解度を具体的に確かめられます。数値や期限は資格ごとに異なるため、本文の例は必ず公式情報と照合してください。,study-plan:学習計画;past-question-strategy:過去問の使い方
field-kuhyo-case-study,分野別対策,管理業務主任者試験の標準管理規約の事例・ケース問題,管理業務主任者試験の事例・ケース問題について、公式情報の確認方法と学習の進め方を整理します。受験前に押さえるべきポイントと、このサイトでの演習・用語解説の活用法を解説します。,特定分野の理解を深めたい人向けに、基礎から演習・復習までの進め方をまとめます。,40,分野別;試験対策,管業マスター編集部,資格学習サイトの編集チーム,公式情報確認担当,公開前に一次情報との照合を行う担当者,2026-05-30,管理業務主任者試験センター（公式）|https://www.mankan.or.jp/,分野別対策向けテンプレートから作成。公開前に本文・参照URL・関連リンクを差し替える。,本記事を読むと、管理業務主任者試験の事例・ケース問題について、公式情報で確認すべき点と、このサイトでの学習の進め方が分かります。読了後は行動チェックリストに沿って演習・用語確認まで進められる状態を目指します。,【行動1】;【行動2】;【行動3】,試験要項・公式ページ更新時に本文と参照元を見直す。,2026-05-30,2026-06-29,2026-05-30,published,ガイド記事テンプレート で 2026-05-30 作成。,分野の位置づけ,"管理業務主任者試験の標準管理規約の事例・ケース問題について、「分野の位置づけ」の観点で整理します。制度・数値・日程は年度や改正で変わるため、学習前と申込前には管理業務主任者試験センター（公式）の最新情報を確認してください。非公式まとめは参考程度にし、最終判断は必ず公式要項に置きます。

このサイトでは過去問・用語解説・比較表を組み合わせ、標準管理規約の事例・ケース問題で迷った論点を解き直せます。間違えた問題は理由を短くメモし、関連用語で定義と選択肢の論点を確認してから同分野へ戻ると定着しやすくなります。",押さえる基礎知識,"管理業務主任者試験の標準管理規約の事例・ケース問題について、「押さえる基礎知識」の観点で整理します。制度・数値・日程は年度や改正で変わるため、学習前と申込前には管理業務主任者試験センター（公式）の最新情報を確認してください。非公式まとめは参考程度にし、最終判断は必ず公式要項に置きます。

このサイトでは過去問・用語解説・比較表を組み合わせ、標準管理規約の事例・ケース問題で迷った論点を解き直せます。間違えた問題は理由を短くメモし、関連用語で定義と選択肢の論点を確認してから同分野へ戻ると定着しやすくなります。",頻出論点,"管理業務主任者試験の標準管理規約の事例・ケース問題について、「頻出論点」の観点で整理します。制度・数値・日程は年度や改正で変わるため、学習前と申込前には管理業務主任者試験センター（公式）の最新情報を確認してください。非公式まとめは参考程度にし、最終判断は必ず公式要項に置きます。

このサイトでは過去問・用語解説・比較表を組み合わせ、標準管理規約の事例・ケース問題で迷った論点を解き直せます。間違えた問題は理由を短くメモし、関連用語で定義と選択肢の論点を確認してから同分野へ戻ると定着しやすくなります。",過去問での確認方法,"管理業務主任者試験の標準管理規約の事例・ケース問題について、「過去問での確認方法」の観点で整理します。制度・数値・日程は年度や改正で変わるため、学習前と申込前には管理業務主任者試験センター（公式）の最新情報を確認してください。非公式まとめは参考程度にし、最終判断は必ず公式要項に置きます。

このサイトでは過去問・用語解説・比較表を組み合わせ、標準管理規約の事例・ケース問題で迷った論点を解き直せます。間違えた問題は理由を短くメモし、関連用語で定義と選択肢の論点を確認してから同分野へ戻ると定着しやすくなります。",他分野との関連,"管理業務主任者試験の標準管理規約の事例・ケース問題について、「他分野との関連」の観点で整理します。制度・数値・日程は年度や改正で変わるため、学習前と申込前には管理業務主任者試験センター（公式）の最新情報を確認してください。非公式まとめは参考程度にし、最終判断は必ず公式要項に置きます。

このサイトでは過去問・用語解説・比較表を組み合わせ、標準管理規約の事例・ケース問題で迷った論点を解き直せます。間違えた問題は理由を短くメモし、関連用語で定義と選択肢の論点を確認してから同分野へ戻ると定着しやすくなります。",,,,,苦手分野だけ先に学べますか？,管理業務主任者試験の標準管理規約の事例・ケース問題に関する質問「苦手分野だけ先に学べますか」について、まず公式要項で最新の制度を確認してください。本サイトでは過去問演習と用語解説で、標準管理規約の事例・ケース問題の理解度を具体的に確かめられます。数値や期限は資格ごとに異なるため、本文の例は必ず公式情報と照合してください。,分野別の教材は必要ですか？,管理業務主任者試験の標準管理規約の事例・ケース問題に関する質問「分野別の教材は必要ですか」について、まず公式要項で最新の制度を確認してください。本サイトでは過去問演習と用語解説で、標準管理規約の事例・ケース問題の理解度を具体的に確かめられます。数値や期限は資格ごとに異なるため、本文の例は必ず公式情報と照合してください。,study-plan:学習計画;past-question-strategy:過去問の使い方
field-kuhyo-past-question-focus,分野別対策,管理業務主任者試験の標準管理規約の過去問での出題傾向,管理業務主任者試験の出題傾向について、公式情報の確認方法と学習の進め方を整理します。受験前に押さえるべきポイントと、このサイトでの演習・用語解説の活用法を解説します。,特定分野の理解を深めたい人向けに、基礎から演習・復習までの進め方をまとめます。,40,分野別;試験対策,管業マスター編集部,資格学習サイトの編集チーム,公式情報確認担当,公開前に一次情報との照合を行う担当者,2026-05-30,管理業務主任者試験センター（公式）|https://www.mankan.or.jp/,分野別対策向けテンプレートから作成。公開前に本文・参照URL・関連リンクを差し替える。,本記事を読むと、管理業務主任者試験の出題傾向について、公式情報で確認すべき点と、このサイトでの学習の進め方が分かります。読了後は行動チェックリストに沿って演習・用語確認まで進められる状態を目指します。,【行動1】;【行動2】;【行動3】,試験要項・公式ページ更新時に本文と参照元を見直す。,2026-05-30,2026-06-29,2026-05-30,published,ガイド記事テンプレート で 2026-05-30 作成。,分野の位置づけ,"管理業務主任者試験の標準管理規約の過去問での出題傾向について、「分野の位置づけ」の観点で整理します。制度・数値・日程は年度や改正で変わるため、学習前と申込前には管理業務主任者試験センター（公式）の最新情報を確認してください。非公式まとめは参考程度にし、最終判断は必ず公式要項に置きます。

このサイトでは過去問・用語解説・比較表を組み合わせ、標準管理規約の過去問での出題傾向で迷った論点を解き直せます。間違えた問題は理由を短くメモし、関連用語で定義と選択肢の論点を確認してから同分野へ戻ると定着しやすくなります。",押さえる基礎知識,"管理業務主任者試験の標準管理規約の過去問での出題傾向について、「押さえる基礎知識」の観点で整理します。制度・数値・日程は年度や改正で変わるため、学習前と申込前には管理業務主任者試験センター（公式）の最新情報を確認してください。非公式まとめは参考程度にし、最終判断は必ず公式要項に置きます。

このサイトでは過去問・用語解説・比較表を組み合わせ、標準管理規約の過去問での出題傾向で迷った論点を解き直せます。間違えた問題は理由を短くメモし、関連用語で定義と選択肢の論点を確認してから同分野へ戻ると定着しやすくなります。",頻出論点,"管理業務主任者試験の標準管理規約の過去問での出題傾向について、「頻出論点」の観点で整理します。制度・数値・日程は年度や改正で変わるため、学習前と申込前には管理業務主任者試験センター（公式）の最新情報を確認してください。非公式まとめは参考程度にし、最終判断は必ず公式要項に置きます。

このサイトでは過去問・用語解説・比較表を組み合わせ、標準管理規約の過去問での出題傾向で迷った論点を解き直せます。間違えた問題は理由を短くメモし、関連用語で定義と選択肢の論点を確認してから同分野へ戻ると定着しやすくなります。",過去問での確認方法,"管理業務主任者試験の標準管理規約の過去問での出題傾向について、「過去問での確認方法」の観点で整理します。制度・数値・日程は年度や改正で変わるため、学習前と申込前には管理業務主任者試験センター（公式）の最新情報を確認してください。非公式まとめは参考程度にし、最終判断は必ず公式要項に置きます。

このサイトでは過去問・用語解説・比較表を組み合わせ、標準管理規約の過去問での出題傾向で迷った論点を解き直せます。間違えた問題は理由を短くメモし、関連用語で定義と選択肢の論点を確認してから同分野へ戻ると定着しやすくなります。",他分野との関連,"管理業務主任者試験の標準管理規約の過去問での出題傾向について、「他分野との関連」の観点で整理します。制度・数値・日程は年度や改正で変わるため、学習前と申込前には管理業務主任者試験センター（公式）の最新情報を確認してください。非公式まとめは参考程度にし、最終判断は必ず公式要項に置きます。

このサイトでは過去問・用語解説・比較表を組み合わせ、標準管理規約の過去問での出題傾向で迷った論点を解き直せます。間違えた問題は理由を短くメモし、関連用語で定義と選択肢の論点を確認してから同分野へ戻ると定着しやすくなります。",,,,,苦手分野だけ先に学べますか？,管理業務主任者試験の標準管理規約の過去問での出題傾向に関する質問「苦手分野だけ先に学べますか」について、まず公式要項で最新の制度を確認してください。本サイトでは過去問演習と用語解説で、標準管理規約の過去問での出題傾向の理解度を具体的に確かめられます。数値や期限は資格ごとに異なるため、本文の例は必ず公式情報と照合してください。,分野別の教材は必要ですか？,管理業務主任者試験の標準管理規約の過去問での出題傾向に関する質問「分野別の教材は必要ですか」について、まず公式要項で最新の制度を確認してください。本サイトでは過去問演習と用語解説で、標準管理規約の過去問での出題傾向の理解度を具体的に確かめられます。数値や期限は資格ごとに異なるため、本文の例は必ず公式情報と照合してください。,study-plan:学習計画;past-question-strategy:過去問の使い方
field-building-basics,分野別対策,管理業務主任者試験の建築・設備の基礎の押さえ方,管理業務主任者試験の押さえ方について、公式情報の確認方法と学習の進め方を整理します。受験前に押さえるべきポイントと、このサイトでの演習・用語解説の活用法を解説します。,特定分野の理解を深めたい人向けに、基礎から演習・復習までの進め方をまとめます。,40,分野別;試験対策,管業マスター編集部,資格学習サイトの編集チーム,公式情報確認担当,公開前に一次情報との照合を行う担当者,2026-05-30,管理業務主任者試験センター（公式）|https://www.mankan.or.jp/,分野別対策向けテンプレートから作成。公開前に本文・参照URL・関連リンクを差し替える。,本記事を読むと、管理業務主任者試験の押さえ方について、公式情報で確認すべき点と、このサイトでの学習の進め方が分かります。読了後は行動チェックリストに沿って演習・用語確認まで進められる状態を目指します。,【行動1】;【行動2】;【行動3】,試験要項・公式ページ更新時に本文と参照元を見直す。,2026-05-30,2026-06-29,2026-05-30,published,ガイド記事テンプレート で 2026-05-30 作成。,分野の位置づけ,"管理業務主任者試験の建築・設備の基礎の押さえ方について、「分野の位置づけ」の観点で整理します。制度・数値・日程は年度や改正で変わるため、学習前と申込前には管理業務主任者試験センター（公式）の最新情報を確認してください。非公式まとめは参考程度にし、最終判断は必ず公式要項に置きます。

このサイトでは過去問・用語解説・比較表を組み合わせ、建築・設備の基礎の押さえ方で迷った論点を解き直せます。間違えた問題は理由を短くメモし、関連用語で定義と選択肢の論点を確認してから同分野へ戻ると定着しやすくなります。",押さえる基礎知識,"管理業務主任者試験の建築・設備の基礎の押さえ方について、「押さえる基礎知識」の観点で整理します。制度・数値・日程は年度や改正で変わるため、学習前と申込前には管理業務主任者試験センター（公式）の最新情報を確認してください。非公式まとめは参考程度にし、最終判断は必ず公式要項に置きます。

このサイトでは過去問・用語解説・比較表を組み合わせ、建築・設備の基礎の押さえ方で迷った論点を解き直せます。間違えた問題は理由を短くメモし、関連用語で定義と選択肢の論点を確認してから同分野へ戻ると定着しやすくなります。",頻出論点,"管理業務主任者試験の建築・設備の基礎の押さえ方について、「頻出論点」の観点で整理します。制度・数値・日程は年度や改正で変わるため、学習前と申込前には管理業務主任者試験センター（公式）の最新情報を確認してください。非公式まとめは参考程度にし、最終判断は必ず公式要項に置きます。

このサイトでは過去問・用語解説・比較表を組み合わせ、建築・設備の基礎の押さえ方で迷った論点を解き直せます。間違えた問題は理由を短くメモし、関連用語で定義と選択肢の論点を確認してから同分野へ戻ると定着しやすくなります。",過去問での確認方法,"管理業務主任者試験の建築・設備の基礎の押さえ方について、「過去問での確認方法」の観点で整理します。制度・数値・日程は年度や改正で変わるため、学習前と申込前には管理業務主任者試験センター（公式）の最新情報を確認してください。非公式まとめは参考程度にし、最終判断は必ず公式要項に置きます。

このサイトでは過去問・用語解説・比較表を組み合わせ、建築・設備の基礎の押さえ方で迷った論点を解き直せます。間違えた問題は理由を短くメモし、関連用語で定義と選択肢の論点を確認してから同分野へ戻ると定着しやすくなります。",他分野との関連,"管理業務主任者試験の建築・設備の基礎の押さえ方について、「他分野との関連」の観点で整理します。制度・数値・日程は年度や改正で変わるため、学習前と申込前には管理業務主任者試験センター（公式）の最新情報を確認してください。非公式まとめは参考程度にし、最終判断は必ず公式要項に置きます。

このサイトでは過去問・用語解説・比較表を組み合わせ、建築・設備の基礎の押さえ方で迷った論点を解き直せます。間違えた問題は理由を短くメモし、関連用語で定義と選択肢の論点を確認してから同分野へ戻ると定着しやすくなります。",,,,,苦手分野だけ先に学べますか？,管理業務主任者試験の建築・設備の基礎の押さえ方に関する質問「苦手分野だけ先に学べますか」について、まず公式要項で最新の制度を確認してください。本サイトでは過去問演習と用語解説で、建築・設備の基礎の押さえ方の理解度を具体的に確かめられます。数値や期限は資格ごとに異なるため、本文の例は必ず公式情報と照合してください。,分野別の教材は必要ですか？,管理業務主任者試験の建築・設備の基礎の押さえ方に関する質問「分野別の教材は必要ですか」について、まず公式要項で最新の制度を確認してください。本サイトでは過去問演習と用語解説で、建築・設備の基礎の押さえ方の理解度を具体的に確かめられます。数値や期限は資格ごとに異なるため、本文の例は必ず公式情報と照合してください。,study-plan:学習計画;past-question-strategy:過去問の使い方
field-building-frequent-topics,分野別対策,管理業務主任者試験の建築・設備の頻出論点,管理業務主任者試験の頻出論点について、公式情報の確認方法と学習の進め方を整理します。受験前に押さえるべきポイントと、このサイトでの演習・用語解説の活用法を解説します。,特定分野の理解を深めたい人向けに、基礎から演習・復習までの進め方をまとめます。,40,分野別;試験対策,管業マスター編集部,資格学習サイトの編集チーム,公式情報確認担当,公開前に一次情報との照合を行う担当者,2026-05-30,管理業務主任者試験センター（公式）|https://www.mankan.or.jp/,分野別対策向けテンプレートから作成。公開前に本文・参照URL・関連リンクを差し替える。,本記事を読むと、管理業務主任者試験の頻出論点について、公式情報で確認すべき点と、このサイトでの学習の進め方が分かります。読了後は行動チェックリストに沿って演習・用語確認まで進められる状態を目指します。,【行動1】;【行動2】;【行動3】,試験要項・公式ページ更新時に本文と参照元を見直す。,2026-05-30,2026-06-29,2026-05-30,published,ガイド記事テンプレート で 2026-05-30 作成。,分野の位置づけ,"管理業務主任者試験の建築・設備の頻出論点について、「分野の位置づけ」の観点で整理します。制度・数値・日程は年度や改正で変わるため、学習前と申込前には管理業務主任者試験センター（公式）の最新情報を確認してください。非公式まとめは参考程度にし、最終判断は必ず公式要項に置きます。

このサイトでは過去問・用語解説・比較表を組み合わせ、建築・設備の頻出論点で迷った論点を解き直せます。間違えた問題は理由を短くメモし、関連用語で定義と選択肢の論点を確認してから同分野へ戻ると定着しやすくなります。",押さえる基礎知識,"管理業務主任者試験の建築・設備の頻出論点について、「押さえる基礎知識」の観点で整理します。制度・数値・日程は年度や改正で変わるため、学習前と申込前には管理業務主任者試験センター（公式）の最新情報を確認してください。非公式まとめは参考程度にし、最終判断は必ず公式要項に置きます。

このサイトでは過去問・用語解説・比較表を組み合わせ、建築・設備の頻出論点で迷った論点を解き直せます。間違えた問題は理由を短くメモし、関連用語で定義と選択肢の論点を確認してから同分野へ戻ると定着しやすくなります。",頻出論点,"管理業務主任者試験の建築・設備の頻出論点について、「頻出論点」の観点で整理します。制度・数値・日程は年度や改正で変わるため、学習前と申込前には管理業務主任者試験センター（公式）の最新情報を確認してください。非公式まとめは参考程度にし、最終判断は必ず公式要項に置きます。

このサイトでは過去問・用語解説・比較表を組み合わせ、建築・設備の頻出論点で迷った論点を解き直せます。間違えた問題は理由を短くメモし、関連用語で定義と選択肢の論点を確認してから同分野へ戻ると定着しやすくなります。",過去問での確認方法,"管理業務主任者試験の建築・設備の頻出論点について、「過去問での確認方法」の観点で整理します。制度・数値・日程は年度や改正で変わるため、学習前と申込前には管理業務主任者試験センター（公式）の最新情報を確認してください。非公式まとめは参考程度にし、最終判断は必ず公式要項に置きます。

このサイトでは過去問・用語解説・比較表を組み合わせ、建築・設備の頻出論点で迷った論点を解き直せます。間違えた問題は理由を短くメモし、関連用語で定義と選択肢の論点を確認してから同分野へ戻ると定着しやすくなります。",他分野との関連,"管理業務主任者試験の建築・設備の頻出論点について、「他分野との関連」の観点で整理します。制度・数値・日程は年度や改正で変わるため、学習前と申込前には管理業務主任者試験センター（公式）の最新情報を確認してください。非公式まとめは参考程度にし、最終判断は必ず公式要項に置きます。

このサイトでは過去問・用語解説・比較表を組み合わせ、建築・設備の頻出論点で迷った論点を解き直せます。間違えた問題は理由を短くメモし、関連用語で定義と選択肢の論点を確認してから同分野へ戻ると定着しやすくなります。",,,,,苦手分野だけ先に学べますか？,管理業務主任者試験の建築・設備の頻出論点に関する質問「苦手分野だけ先に学べますか」について、まず公式要項で最新の制度を確認してください。本サイトでは過去問演習と用語解説で、建築・設備の頻出論点の理解度を具体的に確かめられます。数値や期限は資格ごとに異なるため、本文の例は必ず公式情報と照合してください。,分野別の教材は必要ですか？,管理業務主任者試験の建築・設備の頻出論点に関する質問「分野別の教材は必要ですか」について、まず公式要項で最新の制度を確認してください。本サイトでは過去問演習と用語解説で、建築・設備の頻出論点の理解度を具体的に確かめられます。数値や期限は資格ごとに異なるため、本文の例は必ず公式情報と照合してください。,study-plan:学習計画;past-question-strategy:過去問の使い方
field-building-calculation,分野別対策,管理業務主任者試験の建築・設備の計算・数値問題,管理業務主任者試験の計算・数値問題について、公式情報の確認方法と学習の進め方を整理します。受験前に押さえるべきポイントと、このサイトでの演習・用語解説の活用法を解説します。,特定分野の理解を深めたい人向けに、基礎から演習・復習までの進め方をまとめます。,40,分野別;試験対策,管業マスター編集部,資格学習サイトの編集チーム,公式情報確認担当,公開前に一次情報との照合を行う担当者,2026-05-30,管理業務主任者試験センター（公式）|https://www.mankan.or.jp/,分野別対策向けテンプレートから作成。公開前に本文・参照URL・関連リンクを差し替える。,本記事を読むと、管理業務主任者試験の計算・数値問題について、公式情報で確認すべき点と、このサイトでの学習の進め方が分かります。読了後は行動チェックリストに沿って演習・用語確認まで進められる状態を目指します。,【行動1】;【行動2】;【行動3】,試験要項・公式ページ更新時に本文と参照元を見直す。,2026-05-30,2026-06-29,2026-05-30,published,ガイド記事テンプレート で 2026-05-30 作成。,分野の位置づけ,"管理業務主任者試験の建築・設備の計算・数値問題について、「分野の位置づけ」の観点で整理します。制度・数値・日程は年度や改正で変わるため、学習前と申込前には管理業務主任者試験センター（公式）の最新情報を確認してください。非公式まとめは参考程度にし、最終判断は必ず公式要項に置きます。

このサイトでは過去問・用語解説・比較表を組み合わせ、建築・設備の計算・数値問題で迷った論点を解き直せます。間違えた問題は理由を短くメモし、関連用語で定義と選択肢の論点を確認してから同分野へ戻ると定着しやすくなります。",押さえる基礎知識,"管理業務主任者試験の建築・設備の計算・数値問題について、「押さえる基礎知識」の観点で整理します。制度・数値・日程は年度や改正で変わるため、学習前と申込前には管理業務主任者試験センター（公式）の最新情報を確認してください。非公式まとめは参考程度にし、最終判断は必ず公式要項に置きます。

このサイトでは過去問・用語解説・比較表を組み合わせ、建築・設備の計算・数値問題で迷った論点を解き直せます。間違えた問題は理由を短くメモし、関連用語で定義と選択肢の論点を確認してから同分野へ戻ると定着しやすくなります。",頻出論点,"管理業務主任者試験の建築・設備の計算・数値問題について、「頻出論点」の観点で整理します。制度・数値・日程は年度や改正で変わるため、学習前と申込前には管理業務主任者試験センター（公式）の最新情報を確認してください。非公式まとめは参考程度にし、最終判断は必ず公式要項に置きます。

このサイトでは過去問・用語解説・比較表を組み合わせ、建築・設備の計算・数値問題で迷った論点を解き直せます。間違えた問題は理由を短くメモし、関連用語で定義と選択肢の論点を確認してから同分野へ戻ると定着しやすくなります。",過去問での確認方法,"管理業務主任者試験の建築・設備の計算・数値問題について、「過去問での確認方法」の観点で整理します。制度・数値・日程は年度や改正で変わるため、学習前と申込前には管理業務主任者試験センター（公式）の最新情報を確認してください。非公式まとめは参考程度にし、最終判断は必ず公式要項に置きます。

このサイトでは過去問・用語解説・比較表を組み合わせ、建築・設備の計算・数値問題で迷った論点を解き直せます。間違えた問題は理由を短くメモし、関連用語で定義と選択肢の論点を確認してから同分野へ戻ると定着しやすくなります。",他分野との関連,"管理業務主任者試験の建築・設備の計算・数値問題について、「他分野との関連」の観点で整理します。制度・数値・日程は年度や改正で変わるため、学習前と申込前には管理業務主任者試験センター（公式）の最新情報を確認してください。非公式まとめは参考程度にし、最終判断は必ず公式要項に置きます。

このサイトでは過去問・用語解説・比較表を組み合わせ、建築・設備の計算・数値問題で迷った論点を解き直せます。間違えた問題は理由を短くメモし、関連用語で定義と選択肢の論点を確認してから同分野へ戻ると定着しやすくなります。",,,,,苦手分野だけ先に学べますか？,管理業務主任者試験の建築・設備の計算・数値問題に関する質問「苦手分野だけ先に学べますか」について、まず公式要項で最新の制度を確認してください。本サイトでは過去問演習と用語解説で、建築・設備の計算・数値問題の理解度を具体的に確かめられます。数値や期限は資格ごとに異なるため、本文の例は必ず公式情報と照合してください。,分野別の教材は必要ですか？,管理業務主任者試験の建築・設備の計算・数値問題に関する質問「分野別の教材は必要ですか」について、まず公式要項で最新の制度を確認してください。本サイトでは過去問演習と用語解説で、建築・設備の計算・数値問題の理解度を具体的に確かめられます。数値や期限は資格ごとに異なるため、本文の例は必ず公式情報と照合してください。,study-plan:学習計画;past-question-strategy:過去問の使い方
field-building-case-study,分野別対策,管理業務主任者試験の建築・設備の事例・ケース問題,管理業務主任者試験の事例・ケース問題について、公式情報の確認方法と学習の進め方を整理します。受験前に押さえるべきポイントと、このサイトでの演習・用語解説の活用法を解説します。,特定分野の理解を深めたい人向けに、基礎から演習・復習までの進め方をまとめます。,40,分野別;試験対策,管業マスター編集部,資格学習サイトの編集チーム,公式情報確認担当,公開前に一次情報との照合を行う担当者,2026-05-30,管理業務主任者試験センター（公式）|https://www.mankan.or.jp/,分野別対策向けテンプレートから作成。公開前に本文・参照URL・関連リンクを差し替える。,本記事を読むと、管理業務主任者試験の事例・ケース問題について、公式情報で確認すべき点と、このサイトでの学習の進め方が分かります。読了後は行動チェックリストに沿って演習・用語確認まで進められる状態を目指します。,【行動1】;【行動2】;【行動3】,試験要項・公式ページ更新時に本文と参照元を見直す。,2026-05-30,2026-06-29,2026-05-30,published,ガイド記事テンプレート で 2026-05-30 作成。,分野の位置づけ,"管理業務主任者試験の建築・設備の事例・ケース問題について、「分野の位置づけ」の観点で整理します。制度・数値・日程は年度や改正で変わるため、学習前と申込前には管理業務主任者試験センター（公式）の最新情報を確認してください。非公式まとめは参考程度にし、最終判断は必ず公式要項に置きます。

このサイトでは過去問・用語解説・比較表を組み合わせ、建築・設備の事例・ケース問題で迷った論点を解き直せます。間違えた問題は理由を短くメモし、関連用語で定義と選択肢の論点を確認してから同分野へ戻ると定着しやすくなります。",押さえる基礎知識,"管理業務主任者試験の建築・設備の事例・ケース問題について、「押さえる基礎知識」の観点で整理します。制度・数値・日程は年度や改正で変わるため、学習前と申込前には管理業務主任者試験センター（公式）の最新情報を確認してください。非公式まとめは参考程度にし、最終判断は必ず公式要項に置きます。

このサイトでは過去問・用語解説・比較表を組み合わせ、建築・設備の事例・ケース問題で迷った論点を解き直せます。間違えた問題は理由を短くメモし、関連用語で定義と選択肢の論点を確認してから同分野へ戻ると定着しやすくなります。",頻出論点,"管理業務主任者試験の建築・設備の事例・ケース問題について、「頻出論点」の観点で整理します。制度・数値・日程は年度や改正で変わるため、学習前と申込前には管理業務主任者試験センター（公式）の最新情報を確認してください。非公式まとめは参考程度にし、最終判断は必ず公式要項に置きます。

このサイトでは過去問・用語解説・比較表を組み合わせ、建築・設備の事例・ケース問題で迷った論点を解き直せます。間違えた問題は理由を短くメモし、関連用語で定義と選択肢の論点を確認してから同分野へ戻ると定着しやすくなります。",過去問での確認方法,"管理業務主任者試験の建築・設備の事例・ケース問題について、「過去問での確認方法」の観点で整理します。制度・数値・日程は年度や改正で変わるため、学習前と申込前には管理業務主任者試験センター（公式）の最新情報を確認してください。非公式まとめは参考程度にし、最終判断は必ず公式要項に置きます。

このサイトでは過去問・用語解説・比較表を組み合わせ、建築・設備の事例・ケース問題で迷った論点を解き直せます。間違えた問題は理由を短くメモし、関連用語で定義と選択肢の論点を確認してから同分野へ戻ると定着しやすくなります。",他分野との関連,"管理業務主任者試験の建築・設備の事例・ケース問題について、「他分野との関連」の観点で整理します。制度・数値・日程は年度や改正で変わるため、学習前と申込前には管理業務主任者試験センター（公式）の最新情報を確認してください。非公式まとめは参考程度にし、最終判断は必ず公式要項に置きます。

このサイトでは過去問・用語解説・比較表を組み合わせ、建築・設備の事例・ケース問題で迷った論点を解き直せます。間違えた問題は理由を短くメモし、関連用語で定義と選択肢の論点を確認してから同分野へ戻ると定着しやすくなります。",,,,,苦手分野だけ先に学べますか？,管理業務主任者試験の建築・設備の事例・ケース問題に関する質問「苦手分野だけ先に学べますか」について、まず公式要項で最新の制度を確認してください。本サイトでは過去問演習と用語解説で、建築・設備の事例・ケース問題の理解度を具体的に確かめられます。数値や期限は資格ごとに異なるため、本文の例は必ず公式情報と照合してください。,分野別の教材は必要ですか？,管理業務主任者試験の建築・設備の事例・ケース問題に関する質問「分野別の教材は必要ですか」について、まず公式要項で最新の制度を確認してください。本サイトでは過去問演習と用語解説で、建築・設備の事例・ケース問題の理解度を具体的に確かめられます。数値や期限は資格ごとに異なるため、本文の例は必ず公式情報と照合してください。,study-plan:学習計画;past-question-strategy:過去問の使い方
field-building-past-question-focus,分野別対策,管理業務主任者試験の建築・設備の過去問での出題傾向,管理業務主任者試験の出題傾向について、公式情報の確認方法と学習の進め方を整理します。受験前に押さえるべきポイントと、このサイトでの演習・用語解説の活用法を解説します。,特定分野の理解を深めたい人向けに、基礎から演習・復習までの進め方をまとめます。,40,分野別;試験対策,管業マスター編集部,資格学習サイトの編集チーム,公式情報確認担当,公開前に一次情報との照合を行う担当者,2026-05-30,管理業務主任者試験センター（公式）|https://www.mankan.or.jp/,分野別対策向けテンプレートから作成。公開前に本文・参照URL・関連リンクを差し替える。,本記事を読むと、管理業務主任者試験の出題傾向について、公式情報で確認すべき点と、このサイトでの学習の進め方が分かります。読了後は行動チェックリストに沿って演習・用語確認まで進められる状態を目指します。,【行動1】;【行動2】;【行動3】,試験要項・公式ページ更新時に本文と参照元を見直す。,2026-05-30,2026-06-29,2026-05-30,published,ガイド記事テンプレート で 2026-05-30 作成。,分野の位置づけ,"管理業務主任者試験の建築・設備の過去問での出題傾向について、「分野の位置づけ」の観点で整理します。制度・数値・日程は年度や改正で変わるため、学習前と申込前には管理業務主任者試験センター（公式）の最新情報を確認してください。非公式まとめは参考程度にし、最終判断は必ず公式要項に置きます。

このサイトでは過去問・用語解説・比較表を組み合わせ、建築・設備の過去問での出題傾向で迷った論点を解き直せます。間違えた問題は理由を短くメモし、関連用語で定義と選択肢の論点を確認してから同分野へ戻ると定着しやすくなります。",押さえる基礎知識,"管理業務主任者試験の建築・設備の過去問での出題傾向について、「押さえる基礎知識」の観点で整理します。制度・数値・日程は年度や改正で変わるため、学習前と申込前には管理業務主任者試験センター（公式）の最新情報を確認してください。非公式まとめは参考程度にし、最終判断は必ず公式要項に置きます。

このサイトでは過去問・用語解説・比較表を組み合わせ、建築・設備の過去問での出題傾向で迷った論点を解き直せます。間違えた問題は理由を短くメモし、関連用語で定義と選択肢の論点を確認してから同分野へ戻ると定着しやすくなります。",頻出論点,"管理業務主任者試験の建築・設備の過去問での出題傾向について、「頻出論点」の観点で整理します。制度・数値・日程は年度や改正で変わるため、学習前と申込前には管理業務主任者試験センター（公式）の最新情報を確認してください。非公式まとめは参考程度にし、最終判断は必ず公式要項に置きます。

このサイトでは過去問・用語解説・比較表を組み合わせ、建築・設備の過去問での出題傾向で迷った論点を解き直せます。間違えた問題は理由を短くメモし、関連用語で定義と選択肢の論点を確認してから同分野へ戻ると定着しやすくなります。",過去問での確認方法,"管理業務主任者試験の建築・設備の過去問での出題傾向について、「過去問での確認方法」の観点で整理します。制度・数値・日程は年度や改正で変わるため、学習前と申込前には管理業務主任者試験センター（公式）の最新情報を確認してください。非公式まとめは参考程度にし、最終判断は必ず公式要項に置きます。

このサイトでは過去問・用語解説・比較表を組み合わせ、建築・設備の過去問での出題傾向で迷った論点を解き直せます。間違えた問題は理由を短くメモし、関連用語で定義と選択肢の論点を確認してから同分野へ戻ると定着しやすくなります。",他分野との関連,"管理業務主任者試験の建築・設備の過去問での出題傾向について、「他分野との関連」の観点で整理します。制度・数値・日程は年度や改正で変わるため、学習前と申込前には管理業務主任者試験センター（公式）の最新情報を確認してください。非公式まとめは参考程度にし、最終判断は必ず公式要項に置きます。

このサイトでは過去問・用語解説・比較表を組み合わせ、建築・設備の過去問での出題傾向で迷った論点を解き直せます。間違えた問題は理由を短くメモし、関連用語で定義と選択肢の論点を確認してから同分野へ戻ると定着しやすくなります。",,,,,苦手分野だけ先に学べますか？,管理業務主任者試験の建築・設備の過去問での出題傾向に関する質問「苦手分野だけ先に学べますか」について、まず公式要項で最新の制度を確認してください。本サイトでは過去問演習と用語解説で、建築・設備の過去問での出題傾向の理解度を具体的に確かめられます。数値や期限は資格ごとに異なるため、本文の例は必ず公式情報と照合してください。,分野別の教材は必要ですか？,管理業務主任者試験の建築・設備の過去問での出題傾向に関する質問「分野別の教材は必要ですか」について、まず公式要項で最新の制度を確認してください。本サイトでは過去問演習と用語解説で、建築・設備の過去問での出題傾向の理解度を具体的に確かめられます。数値や期限は資格ごとに異なるため、本文の例は必ず公式情報と照合してください。,study-plan:学習計画;past-question-strategy:過去問の使い方
field-condo-basics,分野別対策,管理業務主任者試験の区分所有法の基礎の押さえ方,管理業務主任者試験の押さえ方について、公式情報の確認方法と学習の進め方を整理します。受験前に押さえるべきポイントと、このサイトでの演習・用語解説の活用法を解説します。,特定分野の理解を深めたい人向けに、基礎から演習・復習までの進め方をまとめます。,40,分野別;試験対策,管業マスター編集部,資格学習サイトの編集チーム,公式情報確認担当,公開前に一次情報との照合を行う担当者,2026-05-30,管理業務主任者試験センター（公式）|https://www.mankan.or.jp/,分野別対策向けテンプレートから作成。公開前に本文・参照URL・関連リンクを差し替える。,本記事を読むと、管理業務主任者試験の押さえ方について、公式情報で確認すべき点と、このサイトでの学習の進め方が分かります。読了後は行動チェックリストに沿って演習・用語確認まで進められる状態を目指します。,【行動1】;【行動2】;【行動3】,試験要項・公式ページ更新時に本文と参照元を見直す。,2026-05-30,2026-06-29,2026-05-30,published,ガイド記事テンプレート で 2026-05-30 作成。,分野の位置づけ,"管理業務主任者試験の区分所有法の基礎の押さえ方について、「分野の位置づけ」の観点で整理します。制度・数値・日程は年度や改正で変わるため、学習前と申込前には管理業務主任者試験センター（公式）の最新情報を確認してください。非公式まとめは参考程度にし、最終判断は必ず公式要項に置きます。

このサイトでは過去問・用語解説・比較表を組み合わせ、区分所有法の基礎の押さえ方で迷った論点を解き直せます。間違えた問題は理由を短くメモし、関連用語で定義と選択肢の論点を確認してから同分野へ戻ると定着しやすくなります。",押さえる基礎知識,"管理業務主任者試験の区分所有法の基礎の押さえ方について、「押さえる基礎知識」の観点で整理します。制度・数値・日程は年度や改正で変わるため、学習前と申込前には管理業務主任者試験センター（公式）の最新情報を確認してください。非公式まとめは参考程度にし、最終判断は必ず公式要項に置きます。

このサイトでは過去問・用語解説・比較表を組み合わせ、区分所有法の基礎の押さえ方で迷った論点を解き直せます。間違えた問題は理由を短くメモし、関連用語で定義と選択肢の論点を確認してから同分野へ戻ると定着しやすくなります。",頻出論点,"管理業務主任者試験の区分所有法の基礎の押さえ方について、「頻出論点」の観点で整理します。制度・数値・日程は年度や改正で変わるため、学習前と申込前には管理業務主任者試験センター（公式）の最新情報を確認してください。非公式まとめは参考程度にし、最終判断は必ず公式要項に置きます。

このサイトでは過去問・用語解説・比較表を組み合わせ、区分所有法の基礎の押さえ方で迷った論点を解き直せます。間違えた問題は理由を短くメモし、関連用語で定義と選択肢の論点を確認してから同分野へ戻ると定着しやすくなります。",過去問での確認方法,"管理業務主任者試験の区分所有法の基礎の押さえ方について、「過去問での確認方法」の観点で整理します。制度・数値・日程は年度や改正で変わるため、学習前と申込前には管理業務主任者試験センター（公式）の最新情報を確認してください。非公式まとめは参考程度にし、最終判断は必ず公式要項に置きます。

このサイトでは過去問・用語解説・比較表を組み合わせ、区分所有法の基礎の押さえ方で迷った論点を解き直せます。間違えた問題は理由を短くメモし、関連用語で定義と選択肢の論点を確認してから同分野へ戻ると定着しやすくなります。",他分野との関連,"管理業務主任者試験の区分所有法の基礎の押さえ方について、「他分野との関連」の観点で整理します。制度・数値・日程は年度や改正で変わるため、学習前と申込前には管理業務主任者試験センター（公式）の最新情報を確認してください。非公式まとめは参考程度にし、最終判断は必ず公式要項に置きます。

このサイトでは過去問・用語解説・比較表を組み合わせ、区分所有法の基礎の押さえ方で迷った論点を解き直せます。間違えた問題は理由を短くメモし、関連用語で定義と選択肢の論点を確認してから同分野へ戻ると定着しやすくなります。",,,,,苦手分野だけ先に学べますか？,管理業務主任者試験の区分所有法の基礎の押さえ方に関する質問「苦手分野だけ先に学べますか」について、まず公式要項で最新の制度を確認してください。本サイトでは過去問演習と用語解説で、区分所有法の基礎の押さえ方の理解度を具体的に確かめられます。数値や期限は資格ごとに異なるため、本文の例は必ず公式情報と照合してください。,分野別の教材は必要ですか？,管理業務主任者試験の区分所有法の基礎の押さえ方に関する質問「分野別の教材は必要ですか」について、まず公式要項で最新の制度を確認してください。本サイトでは過去問演習と用語解説で、区分所有法の基礎の押さえ方の理解度を具体的に確かめられます。数値や期限は資格ごとに異なるため、本文の例は必ず公式情報と照合してください。,study-plan:学習計画;past-question-strategy:過去問の使い方
field-condo-frequent-topics,分野別対策,管理業務主任者試験の区分所有法の頻出論点,管理業務主任者試験の頻出論点について、公式情報の確認方法と学習の進め方を整理します。受験前に押さえるべきポイントと、このサイトでの演習・用語解説の活用法を解説します。,特定分野の理解を深めたい人向けに、基礎から演習・復習までの進め方をまとめます。,40,分野別;試験対策,管業マスター編集部,資格学習サイトの編集チーム,公式情報確認担当,公開前に一次情報との照合を行う担当者,2026-05-30,管理業務主任者試験センター（公式）|https://www.mankan.or.jp/,分野別対策向けテンプレートから作成。公開前に本文・参照URL・関連リンクを差し替える。,本記事を読むと、管理業務主任者試験の頻出論点について、公式情報で確認すべき点と、このサイトでの学習の進め方が分かります。読了後は行動チェックリストに沿って演習・用語確認まで進められる状態を目指します。,【行動1】;【行動2】;【行動3】,試験要項・公式ページ更新時に本文と参照元を見直す。,2026-05-30,2026-06-29,2026-05-30,published,ガイド記事テンプレート で 2026-05-30 作成。,分野の位置づけ,"管理業務主任者試験の区分所有法の頻出論点について、「分野の位置づけ」の観点で整理します。制度・数値・日程は年度や改正で変わるため、学習前と申込前には管理業務主任者試験センター（公式）の最新情報を確認してください。非公式まとめは参考程度にし、最終判断は必ず公式要項に置きます。

このサイトでは過去問・用語解説・比較表を組み合わせ、区分所有法の頻出論点で迷った論点を解き直せます。間違えた問題は理由を短くメモし、関連用語で定義と選択肢の論点を確認してから同分野へ戻ると定着しやすくなります。",押さえる基礎知識,"管理業務主任者試験の区分所有法の頻出論点について、「押さえる基礎知識」の観点で整理します。制度・数値・日程は年度や改正で変わるため、学習前と申込前には管理業務主任者試験センター（公式）の最新情報を確認してください。非公式まとめは参考程度にし、最終判断は必ず公式要項に置きます。

このサイトでは過去問・用語解説・比較表を組み合わせ、区分所有法の頻出論点で迷った論点を解き直せます。間違えた問題は理由を短くメモし、関連用語で定義と選択肢の論点を確認してから同分野へ戻ると定着しやすくなります。",頻出論点,"管理業務主任者試験の区分所有法の頻出論点について、「頻出論点」の観点で整理します。制度・数値・日程は年度や改正で変わるため、学習前と申込前には管理業務主任者試験センター（公式）の最新情報を確認してください。非公式まとめは参考程度にし、最終判断は必ず公式要項に置きます。

このサイトでは過去問・用語解説・比較表を組み合わせ、区分所有法の頻出論点で迷った論点を解き直せます。間違えた問題は理由を短くメモし、関連用語で定義と選択肢の論点を確認してから同分野へ戻ると定着しやすくなります。",過去問での確認方法,"管理業務主任者試験の区分所有法の頻出論点について、「過去問での確認方法」の観点で整理します。制度・数値・日程は年度や改正で変わるため、学習前と申込前には管理業務主任者試験センター（公式）の最新情報を確認してください。非公式まとめは参考程度にし、最終判断は必ず公式要項に置きます。

このサイトでは過去問・用語解説・比較表を組み合わせ、区分所有法の頻出論点で迷った論点を解き直せます。間違えた問題は理由を短くメモし、関連用語で定義と選択肢の論点を確認してから同分野へ戻ると定着しやすくなります。",他分野との関連,"管理業務主任者試験の区分所有法の頻出論点について、「他分野との関連」の観点で整理します。制度・数値・日程は年度や改正で変わるため、学習前と申込前には管理業務主任者試験センター（公式）の最新情報を確認してください。非公式まとめは参考程度にし、最終判断は必ず公式要項に置きます。

このサイトでは過去問・用語解説・比較表を組み合わせ、区分所有法の頻出論点で迷った論点を解き直せます。間違えた問題は理由を短くメモし、関連用語で定義と選択肢の論点を確認してから同分野へ戻ると定着しやすくなります。",,,,,苦手分野だけ先に学べますか？,管理業務主任者試験の区分所有法の頻出論点に関する質問「苦手分野だけ先に学べますか」について、まず公式要項で最新の制度を確認してください。本サイトでは過去問演習と用語解説で、区分所有法の頻出論点の理解度を具体的に確かめられます。数値や期限は資格ごとに異なるため、本文の例は必ず公式情報と照合してください。,分野別の教材は必要ですか？,管理業務主任者試験の区分所有法の頻出論点に関する質問「分野別の教材は必要ですか」について、まず公式要項で最新の制度を確認してください。本サイトでは過去問演習と用語解説で、区分所有法の頻出論点の理解度を具体的に確かめられます。数値や期限は資格ごとに異なるため、本文の例は必ず公式情報と照合してください。,study-plan:学習計画;past-question-strategy:過去問の使い方
field-condo-calculation,分野別対策,管理業務主任者試験の区分所有法の計算・数値問題,管理業務主任者試験の計算・数値問題について、公式情報の確認方法と学習の進め方を整理します。受験前に押さえるべきポイントと、このサイトでの演習・用語解説の活用法を解説します。,特定分野の理解を深めたい人向けに、基礎から演習・復習までの進め方をまとめます。,40,分野別;試験対策,管業マスター編集部,資格学習サイトの編集チーム,公式情報確認担当,公開前に一次情報との照合を行う担当者,2026-05-30,管理業務主任者試験センター（公式）|https://www.mankan.or.jp/,分野別対策向けテンプレートから作成。公開前に本文・参照URL・関連リンクを差し替える。,本記事を読むと、管理業務主任者試験の計算・数値問題について、公式情報で確認すべき点と、このサイトでの学習の進め方が分かります。読了後は行動チェックリストに沿って演習・用語確認まで進められる状態を目指します。,【行動1】;【行動2】;【行動3】,試験要項・公式ページ更新時に本文と参照元を見直す。,2026-05-30,2026-06-29,2026-05-30,published,ガイド記事テンプレート で 2026-05-30 作成。,分野の位置づけ,"管理業務主任者試験の区分所有法の計算・数値問題について、「分野の位置づけ」の観点で整理します。制度・数値・日程は年度や改正で変わるため、学習前と申込前には管理業務主任者試験センター（公式）の最新情報を確認してください。非公式まとめは参考程度にし、最終判断は必ず公式要項に置きます。

このサイトでは過去問・用語解説・比較表を組み合わせ、区分所有法の計算・数値問題で迷った論点を解き直せます。間違えた問題は理由を短くメモし、関連用語で定義と選択肢の論点を確認してから同分野へ戻ると定着しやすくなります。",押さえる基礎知識,"管理業務主任者試験の区分所有法の計算・数値問題について、「押さえる基礎知識」の観点で整理します。制度・数値・日程は年度や改正で変わるため、学習前と申込前には管理業務主任者試験センター（公式）の最新情報を確認してください。非公式まとめは参考程度にし、最終判断は必ず公式要項に置きます。

このサイトでは過去問・用語解説・比較表を組み合わせ、区分所有法の計算・数値問題で迷った論点を解き直せます。間違えた問題は理由を短くメモし、関連用語で定義と選択肢の論点を確認してから同分野へ戻ると定着しやすくなります。",頻出論点,"管理業務主任者試験の区分所有法の計算・数値問題について、「頻出論点」の観点で整理します。制度・数値・日程は年度や改正で変わるため、学習前と申込前には管理業務主任者試験センター（公式）の最新情報を確認してください。非公式まとめは参考程度にし、最終判断は必ず公式要項に置きます。

このサイトでは過去問・用語解説・比較表を組み合わせ、区分所有法の計算・数値問題で迷った論点を解き直せます。間違えた問題は理由を短くメモし、関連用語で定義と選択肢の論点を確認してから同分野へ戻ると定着しやすくなります。",過去問での確認方法,"管理業務主任者試験の区分所有法の計算・数値問題について、「過去問での確認方法」の観点で整理します。制度・数値・日程は年度や改正で変わるため、学習前と申込前には管理業務主任者試験センター（公式）の最新情報を確認してください。非公式まとめは参考程度にし、最終判断は必ず公式要項に置きます。

このサイトでは過去問・用語解説・比較表を組み合わせ、区分所有法の計算・数値問題で迷った論点を解き直せます。間違えた問題は理由を短くメモし、関連用語で定義と選択肢の論点を確認してから同分野へ戻ると定着しやすくなります。",他分野との関連,"管理業務主任者試験の区分所有法の計算・数値問題について、「他分野との関連」の観点で整理します。制度・数値・日程は年度や改正で変わるため、学習前と申込前には管理業務主任者試験センター（公式）の最新情報を確認してください。非公式まとめは参考程度にし、最終判断は必ず公式要項に置きます。

このサイトでは過去問・用語解説・比較表を組み合わせ、区分所有法の計算・数値問題で迷った論点を解き直せます。間違えた問題は理由を短くメモし、関連用語で定義と選択肢の論点を確認してから同分野へ戻ると定着しやすくなります。",,,,,苦手分野だけ先に学べますか？,管理業務主任者試験の区分所有法の計算・数値問題に関する質問「苦手分野だけ先に学べますか」について、まず公式要項で最新の制度を確認してください。本サイトでは過去問演習と用語解説で、区分所有法の計算・数値問題の理解度を具体的に確かめられます。数値や期限は資格ごとに異なるため、本文の例は必ず公式情報と照合してください。,分野別の教材は必要ですか？,管理業務主任者試験の区分所有法の計算・数値問題に関する質問「分野別の教材は必要ですか」について、まず公式要項で最新の制度を確認してください。本サイトでは過去問演習と用語解説で、区分所有法の計算・数値問題の理解度を具体的に確かめられます。数値や期限は資格ごとに異なるため、本文の例は必ず公式情報と照合してください。,study-plan:学習計画;past-question-strategy:過去問の使い方
field-condo-case-study,分野別対策,管理業務主任者試験の区分所有法の事例・ケース問題,管理業務主任者試験の事例・ケース問題について、公式情報の確認方法と学習の進め方を整理します。受験前に押さえるべきポイントと、このサイトでの演習・用語解説の活用法を解説します。,特定分野の理解を深めたい人向けに、基礎から演習・復習までの進め方をまとめます。,40,分野別;試験対策,管業マスター編集部,資格学習サイトの編集チーム,公式情報確認担当,公開前に一次情報との照合を行う担当者,2026-05-30,管理業務主任者試験センター（公式）|https://www.mankan.or.jp/,分野別対策向けテンプレートから作成。公開前に本文・参照URL・関連リンクを差し替える。,本記事を読むと、管理業務主任者試験の事例・ケース問題について、公式情報で確認すべき点と、このサイトでの学習の進め方が分かります。読了後は行動チェックリストに沿って演習・用語確認まで進められる状態を目指します。,【行動1】;【行動2】;【行動3】,試験要項・公式ページ更新時に本文と参照元を見直す。,2026-05-30,2026-06-29,2026-05-30,published,ガイド記事テンプレート で 2026-05-30 作成。,分野の位置づけ,"管理業務主任者試験の区分所有法の事例・ケース問題について、「分野の位置づけ」の観点で整理します。制度・数値・日程は年度や改正で変わるため、学習前と申込前には管理業務主任者試験センター（公式）の最新情報を確認してください。非公式まとめは参考程度にし、最終判断は必ず公式要項に置きます。

このサイトでは過去問・用語解説・比較表を組み合わせ、区分所有法の事例・ケース問題で迷った論点を解き直せます。間違えた問題は理由を短くメモし、関連用語で定義と選択肢の論点を確認してから同分野へ戻ると定着しやすくなります。",押さえる基礎知識,"管理業務主任者試験の区分所有法の事例・ケース問題について、「押さえる基礎知識」の観点で整理します。制度・数値・日程は年度や改正で変わるため、学習前と申込前には管理業務主任者試験センター（公式）の最新情報を確認してください。非公式まとめは参考程度にし、最終判断は必ず公式要項に置きます。

このサイトでは過去問・用語解説・比較表を組み合わせ、区分所有法の事例・ケース問題で迷った論点を解き直せます。間違えた問題は理由を短くメモし、関連用語で定義と選択肢の論点を確認してから同分野へ戻ると定着しやすくなります。",頻出論点,"管理業務主任者試験の区分所有法の事例・ケース問題について、「頻出論点」の観点で整理します。制度・数値・日程は年度や改正で変わるため、学習前と申込前には管理業務主任者試験センター（公式）の最新情報を確認してください。非公式まとめは参考程度にし、最終判断は必ず公式要項に置きます。

このサイトでは過去問・用語解説・比較表を組み合わせ、区分所有法の事例・ケース問題で迷った論点を解き直せます。間違えた問題は理由を短くメモし、関連用語で定義と選択肢の論点を確認してから同分野へ戻ると定着しやすくなります。",過去問での確認方法,"管理業務主任者試験の区分所有法の事例・ケース問題について、「過去問での確認方法」の観点で整理します。制度・数値・日程は年度や改正で変わるため、学習前と申込前には管理業務主任者試験センター（公式）の最新情報を確認してください。非公式まとめは参考程度にし、最終判断は必ず公式要項に置きます。

このサイトでは過去問・用語解説・比較表を組み合わせ、区分所有法の事例・ケース問題で迷った論点を解き直せます。間違えた問題は理由を短くメモし、関連用語で定義と選択肢の論点を確認してから同分野へ戻ると定着しやすくなります。",他分野との関連,"管理業務主任者試験の区分所有法の事例・ケース問題について、「他分野との関連」の観点で整理します。制度・数値・日程は年度や改正で変わるため、学習前と申込前には管理業務主任者試験センター（公式）の最新情報を確認してください。非公式まとめは参考程度にし、最終判断は必ず公式要項に置きます。

このサイトでは過去問・用語解説・比較表を組み合わせ、区分所有法の事例・ケース問題で迷った論点を解き直せます。間違えた問題は理由を短くメモし、関連用語で定義と選択肢の論点を確認してから同分野へ戻ると定着しやすくなります。",,,,,苦手分野だけ先に学べますか？,管理業務主任者試験の区分所有法の事例・ケース問題に関する質問「苦手分野だけ先に学べますか」について、まず公式要項で最新の制度を確認してください。本サイトでは過去問演習と用語解説で、区分所有法の事例・ケース問題の理解度を具体的に確かめられます。数値や期限は資格ごとに異なるため、本文の例は必ず公式情報と照合してください。,分野別の教材は必要ですか？,管理業務主任者試験の区分所有法の事例・ケース問題に関する質問「分野別の教材は必要ですか」について、まず公式要項で最新の制度を確認してください。本サイトでは過去問演習と用語解説で、区分所有法の事例・ケース問題の理解度を具体的に確かめられます。数値や期限は資格ごとに異なるため、本文の例は必ず公式情報と照合してください。,study-plan:学習計画;past-question-strategy:過去問の使い方
field-condo-past-question-focus,分野別対策,管理業務主任者試験の区分所有法の過去問での出題傾向,管理業務主任者試験の出題傾向について、公式情報の確認方法と学習の進め方を整理します。受験前に押さえるべきポイントと、このサイトでの演習・用語解説の活用法を解説します。,特定分野の理解を深めたい人向けに、基礎から演習・復習までの進め方をまとめます。,40,分野別;試験対策,管業マスター編集部,資格学習サイトの編集チーム,公式情報確認担当,公開前に一次情報との照合を行う担当者,2026-05-30,管理業務主任者試験センター（公式）|https://www.mankan.or.jp/,分野別対策向けテンプレートから作成。公開前に本文・参照URL・関連リンクを差し替える。,本記事を読むと、管理業務主任者試験の出題傾向について、公式情報で確認すべき点と、このサイトでの学習の進め方が分かります。読了後は行動チェックリストに沿って演習・用語確認まで進められる状態を目指します。,【行動1】;【行動2】;【行動3】,試験要項・公式ページ更新時に本文と参照元を見直す。,2026-05-30,2026-06-29,2026-05-30,published,ガイド記事テンプレート で 2026-05-30 作成。,分野の位置づけ,"管理業務主任者試験の区分所有法の過去問での出題傾向について、「分野の位置づけ」の観点で整理します。制度・数値・日程は年度や改正で変わるため、学習前と申込前には管理業務主任者試験センター（公式）の最新情報を確認してください。非公式まとめは参考程度にし、最終判断は必ず公式要項に置きます。

このサイトでは過去問・用語解説・比較表を組み合わせ、区分所有法の過去問での出題傾向で迷った論点を解き直せます。間違えた問題は理由を短くメモし、関連用語で定義と選択肢の論点を確認してから同分野へ戻ると定着しやすくなります。",押さえる基礎知識,"管理業務主任者試験の区分所有法の過去問での出題傾向について、「押さえる基礎知識」の観点で整理します。制度・数値・日程は年度や改正で変わるため、学習前と申込前には管理業務主任者試験センター（公式）の最新情報を確認してください。非公式まとめは参考程度にし、最終判断は必ず公式要項に置きます。

このサイトでは過去問・用語解説・比較表を組み合わせ、区分所有法の過去問での出題傾向で迷った論点を解き直せます。間違えた問題は理由を短くメモし、関連用語で定義と選択肢の論点を確認してから同分野へ戻ると定着しやすくなります。",頻出論点,"管理業務主任者試験の区分所有法の過去問での出題傾向について、「頻出論点」の観点で整理します。制度・数値・日程は年度や改正で変わるため、学習前と申込前には管理業務主任者試験センター（公式）の最新情報を確認してください。非公式まとめは参考程度にし、最終判断は必ず公式要項に置きます。

このサイトでは過去問・用語解説・比較表を組み合わせ、区分所有法の過去問での出題傾向で迷った論点を解き直せます。間違えた問題は理由を短くメモし、関連用語で定義と選択肢の論点を確認してから同分野へ戻ると定着しやすくなります。",過去問での確認方法,"管理業務主任者試験の区分所有法の過去問での出題傾向について、「過去問での確認方法」の観点で整理します。制度・数値・日程は年度や改正で変わるため、学習前と申込前には管理業務主任者試験センター（公式）の最新情報を確認してください。非公式まとめは参考程度にし、最終判断は必ず公式要項に置きます。

このサイトでは過去問・用語解説・比較表を組み合わせ、区分所有法の過去問での出題傾向で迷った論点を解き直せます。間違えた問題は理由を短くメモし、関連用語で定義と選択肢の論点を確認してから同分野へ戻ると定着しやすくなります。",他分野との関連,"管理業務主任者試験の区分所有法の過去問での出題傾向について、「他分野との関連」の観点で整理します。制度・数値・日程は年度や改正で変わるため、学習前と申込前には管理業務主任者試験センター（公式）の最新情報を確認してください。非公式まとめは参考程度にし、最終判断は必ず公式要項に置きます。

このサイトでは過去問・用語解説・比較表を組み合わせ、区分所有法の過去問での出題傾向で迷った論点を解き直せます。間違えた問題は理由を短くメモし、関連用語で定義と選択肢の論点を確認してから同分野へ戻ると定着しやすくなります。",,,,,苦手分野だけ先に学べますか？,管理業務主任者試験の区分所有法の過去問での出題傾向に関する質問「苦手分野だけ先に学べますか」について、まず公式要項で最新の制度を確認してください。本サイトでは過去問演習と用語解説で、区分所有法の過去問での出題傾向の理解度を具体的に確かめられます。数値や期限は資格ごとに異なるため、本文の例は必ず公式情報と照合してください。,分野別の教材は必要ですか？,管理業務主任者試験の区分所有法の過去問での出題傾向に関する質問「分野別の教材は必要ですか」について、まず公式要項で最新の制度を確認してください。本サイトでは過去問演習と用語解説で、区分所有法の過去問での出題傾向の理解度を具体的に確かめられます。数値や期限は資格ごとに異なるため、本文の例は必ず公式情報と照合してください。,study-plan:学習計画;past-question-strategy:過去問の使い方
field-accounting-basics,分野別対策,管理業務主任者試験の会計・税務の基礎の押さえ方,管理業務主任者試験の押さえ方について、公式情報の確認方法と学習の進め方を整理します。受験前に押さえるべきポイントと、このサイトでの演習・用語解説の活用法を解説します。,特定分野の理解を深めたい人向けに、基礎から演習・復習までの進め方をまとめます。,40,分野別;試験対策,管業マスター編集部,資格学習サイトの編集チーム,公式情報確認担当,公開前に一次情報との照合を行う担当者,2026-05-30,管理業務主任者試験センター（公式）|https://www.mankan.or.jp/,分野別対策向けテンプレートから作成。公開前に本文・参照URL・関連リンクを差し替える。,本記事を読むと、管理業務主任者試験の押さえ方について、公式情報で確認すべき点と、このサイトでの学習の進め方が分かります。読了後は行動チェックリストに沿って演習・用語確認まで進められる状態を目指します。,【行動1】;【行動2】;【行動3】,試験要項・公式ページ更新時に本文と参照元を見直す。,2026-05-30,2026-06-29,2026-05-30,published,ガイド記事テンプレート で 2026-05-30 作成。,分野の位置づけ,"管理業務主任者試験の会計・税務の基礎の押さえ方について、「分野の位置づけ」の観点で整理します。制度・数値・日程は年度や改正で変わるため、学習前と申込前には管理業務主任者試験センター（公式）の最新情報を確認してください。非公式まとめは参考程度にし、最終判断は必ず公式要項に置きます。

このサイトでは過去問・用語解説・比較表を組み合わせ、会計・税務の基礎の押さえ方で迷った論点を解き直せます。間違えた問題は理由を短くメモし、関連用語で定義と選択肢の論点を確認してから同分野へ戻ると定着しやすくなります。",押さえる基礎知識,"管理業務主任者試験の会計・税務の基礎の押さえ方について、「押さえる基礎知識」の観点で整理します。制度・数値・日程は年度や改正で変わるため、学習前と申込前には管理業務主任者試験センター（公式）の最新情報を確認してください。非公式まとめは参考程度にし、最終判断は必ず公式要項に置きます。

このサイトでは過去問・用語解説・比較表を組み合わせ、会計・税務の基礎の押さえ方で迷った論点を解き直せます。間違えた問題は理由を短くメモし、関連用語で定義と選択肢の論点を確認してから同分野へ戻ると定着しやすくなります。",頻出論点,"管理業務主任者試験の会計・税務の基礎の押さえ方について、「頻出論点」の観点で整理します。制度・数値・日程は年度や改正で変わるため、学習前と申込前には管理業務主任者試験センター（公式）の最新情報を確認してください。非公式まとめは参考程度にし、最終判断は必ず公式要項に置きます。

このサイトでは過去問・用語解説・比較表を組み合わせ、会計・税務の基礎の押さえ方で迷った論点を解き直せます。間違えた問題は理由を短くメモし、関連用語で定義と選択肢の論点を確認してから同分野へ戻ると定着しやすくなります。",過去問での確認方法,"管理業務主任者試験の会計・税務の基礎の押さえ方について、「過去問での確認方法」の観点で整理します。制度・数値・日程は年度や改正で変わるため、学習前と申込前には管理業務主任者試験センター（公式）の最新情報を確認してください。非公式まとめは参考程度にし、最終判断は必ず公式要項に置きます。

このサイトでは過去問・用語解説・比較表を組み合わせ、会計・税務の基礎の押さえ方で迷った論点を解き直せます。間違えた問題は理由を短くメモし、関連用語で定義と選択肢の論点を確認してから同分野へ戻ると定着しやすくなります。",他分野との関連,"管理業務主任者試験の会計・税務の基礎の押さえ方について、「他分野との関連」の観点で整理します。制度・数値・日程は年度や改正で変わるため、学習前と申込前には管理業務主任者試験センター（公式）の最新情報を確認してください。非公式まとめは参考程度にし、最終判断は必ず公式要項に置きます。

このサイトでは過去問・用語解説・比較表を組み合わせ、会計・税務の基礎の押さえ方で迷った論点を解き直せます。間違えた問題は理由を短くメモし、関連用語で定義と選択肢の論点を確認してから同分野へ戻ると定着しやすくなります。",,,,,苦手分野だけ先に学べますか？,管理業務主任者試験の会計・税務の基礎の押さえ方に関する質問「苦手分野だけ先に学べますか」について、まず公式要項で最新の制度を確認してください。本サイトでは過去問演習と用語解説で、会計・税務の基礎の押さえ方の理解度を具体的に確かめられます。数値や期限は資格ごとに異なるため、本文の例は必ず公式情報と照合してください。,分野別の教材は必要ですか？,管理業務主任者試験の会計・税務の基礎の押さえ方に関する質問「分野別の教材は必要ですか」について、まず公式要項で最新の制度を確認してください。本サイトでは過去問演習と用語解説で、会計・税務の基礎の押さえ方の理解度を具体的に確かめられます。数値や期限は資格ごとに異なるため、本文の例は必ず公式情報と照合してください。,study-plan:学習計画;past-question-strategy:過去問の使い方
field-accounting-frequent-topics,分野別対策,管理業務主任者試験の会計・税務の頻出論点,管理業務主任者試験の頻出論点について、公式情報の確認方法と学習の進め方を整理します。受験前に押さえるべきポイントと、このサイトでの演習・用語解説の活用法を解説します。,特定分野の理解を深めたい人向けに、基礎から演習・復習までの進め方をまとめます。,40,分野別;試験対策,管業マスター編集部,資格学習サイトの編集チーム,公式情報確認担当,公開前に一次情報との照合を行う担当者,2026-05-30,管理業務主任者試験センター（公式）|https://www.mankan.or.jp/,分野別対策向けテンプレートから作成。公開前に本文・参照URL・関連リンクを差し替える。,本記事を読むと、管理業務主任者試験の頻出論点について、公式情報で確認すべき点と、このサイトでの学習の進め方が分かります。読了後は行動チェックリストに沿って演習・用語確認まで進められる状態を目指します。,【行動1】;【行動2】;【行動3】,試験要項・公式ページ更新時に本文と参照元を見直す。,2026-05-30,2026-06-29,2026-05-30,published,ガイド記事テンプレート で 2026-05-30 作成。,分野の位置づけ,"管理業務主任者試験の会計・税務の頻出論点について、「分野の位置づけ」の観点で整理します。制度・数値・日程は年度や改正で変わるため、学習前と申込前には管理業務主任者試験センター（公式）の最新情報を確認してください。非公式まとめは参考程度にし、最終判断は必ず公式要項に置きます。

このサイトでは過去問・用語解説・比較表を組み合わせ、会計・税務の頻出論点で迷った論点を解き直せます。間違えた問題は理由を短くメモし、関連用語で定義と選択肢の論点を確認してから同分野へ戻ると定着しやすくなります。",押さえる基礎知識,"管理業務主任者試験の会計・税務の頻出論点について、「押さえる基礎知識」の観点で整理します。制度・数値・日程は年度や改正で変わるため、学習前と申込前には管理業務主任者試験センター（公式）の最新情報を確認してください。非公式まとめは参考程度にし、最終判断は必ず公式要項に置きます。

このサイトでは過去問・用語解説・比較表を組み合わせ、会計・税務の頻出論点で迷った論点を解き直せます。間違えた問題は理由を短くメモし、関連用語で定義と選択肢の論点を確認してから同分野へ戻ると定着しやすくなります。",頻出論点,"管理業務主任者試験の会計・税務の頻出論点について、「頻出論点」の観点で整理します。制度・数値・日程は年度や改正で変わるため、学習前と申込前には管理業務主任者試験センター（公式）の最新情報を確認してください。非公式まとめは参考程度にし、最終判断は必ず公式要項に置きます。

このサイトでは過去問・用語解説・比較表を組み合わせ、会計・税務の頻出論点で迷った論点を解き直せます。間違えた問題は理由を短くメモし、関連用語で定義と選択肢の論点を確認してから同分野へ戻ると定着しやすくなります。",過去問での確認方法,"管理業務主任者試験の会計・税務の頻出論点について、「過去問での確認方法」の観点で整理します。制度・数値・日程は年度や改正で変わるため、学習前と申込前には管理業務主任者試験センター（公式）の最新情報を確認してください。非公式まとめは参考程度にし、最終判断は必ず公式要項に置きます。

このサイトでは過去問・用語解説・比較表を組み合わせ、会計・税務の頻出論点で迷った論点を解き直せます。間違えた問題は理由を短くメモし、関連用語で定義と選択肢の論点を確認してから同分野へ戻ると定着しやすくなります。",他分野との関連,"管理業務主任者試験の会計・税務の頻出論点について、「他分野との関連」の観点で整理します。制度・数値・日程は年度や改正で変わるため、学習前と申込前には管理業務主任者試験センター（公式）の最新情報を確認してください。非公式まとめは参考程度にし、最終判断は必ず公式要項に置きます。

このサイトでは過去問・用語解説・比較表を組み合わせ、会計・税務の頻出論点で迷った論点を解き直せます。間違えた問題は理由を短くメモし、関連用語で定義と選択肢の論点を確認してから同分野へ戻ると定着しやすくなります。",,,,,苦手分野だけ先に学べますか？,管理業務主任者試験の会計・税務の頻出論点に関する質問「苦手分野だけ先に学べますか」について、まず公式要項で最新の制度を確認してください。本サイトでは過去問演習と用語解説で、会計・税務の頻出論点の理解度を具体的に確かめられます。数値や期限は資格ごとに異なるため、本文の例は必ず公式情報と照合してください。,分野別の教材は必要ですか？,管理業務主任者試験の会計・税務の頻出論点に関する質問「分野別の教材は必要ですか」について、まず公式要項で最新の制度を確認してください。本サイトでは過去問演習と用語解説で、会計・税務の頻出論点の理解度を具体的に確かめられます。数値や期限は資格ごとに異なるため、本文の例は必ず公式情報と照合してください。,study-plan:学習計画;past-question-strategy:過去問の使い方
field-accounting-calculation,分野別対策,管理業務主任者試験の会計・税務の計算・数値問題,管理業務主任者試験の計算・数値問題について、公式情報の確認方法と学習の進め方を整理します。受験前に押さえるべきポイントと、このサイトでの演習・用語解説の活用法を解説します。,特定分野の理解を深めたい人向けに、基礎から演習・復習までの進め方をまとめます。,40,分野別;試験対策,管業マスター編集部,資格学習サイトの編集チーム,公式情報確認担当,公開前に一次情報との照合を行う担当者,2026-05-30,管理業務主任者試験センター（公式）|https://www.mankan.or.jp/,分野別対策向けテンプレートから作成。公開前に本文・参照URL・関連リンクを差し替える。,本記事を読むと、管理業務主任者試験の計算・数値問題について、公式情報で確認すべき点と、このサイトでの学習の進め方が分かります。読了後は行動チェックリストに沿って演習・用語確認まで進められる状態を目指します。,【行動1】;【行動2】;【行動3】,試験要項・公式ページ更新時に本文と参照元を見直す。,2026-05-30,2026-06-29,2026-05-30,published,ガイド記事テンプレート で 2026-05-30 作成。,分野の位置づけ,"管理業務主任者試験の会計・税務の計算・数値問題について、「分野の位置づけ」の観点で整理します。制度・数値・日程は年度や改正で変わるため、学習前と申込前には管理業務主任者試験センター（公式）の最新情報を確認してください。非公式まとめは参考程度にし、最終判断は必ず公式要項に置きます。

このサイトでは過去問・用語解説・比較表を組み合わせ、会計・税務の計算・数値問題で迷った論点を解き直せます。間違えた問題は理由を短くメモし、関連用語で定義と選択肢の論点を確認してから同分野へ戻ると定着しやすくなります。",押さえる基礎知識,"管理業務主任者試験の会計・税務の計算・数値問題について、「押さえる基礎知識」の観点で整理します。制度・数値・日程は年度や改正で変わるため、学習前と申込前には管理業務主任者試験センター（公式）の最新情報を確認してください。非公式まとめは参考程度にし、最終判断は必ず公式要項に置きます。

このサイトでは過去問・用語解説・比較表を組み合わせ、会計・税務の計算・数値問題で迷った論点を解き直せます。間違えた問題は理由を短くメモし、関連用語で定義と選択肢の論点を確認してから同分野へ戻ると定着しやすくなります。",頻出論点,"管理業務主任者試験の会計・税務の計算・数値問題について、「頻出論点」の観点で整理します。制度・数値・日程は年度や改正で変わるため、学習前と申込前には管理業務主任者試験センター（公式）の最新情報を確認してください。非公式まとめは参考程度にし、最終判断は必ず公式要項に置きます。

このサイトでは過去問・用語解説・比較表を組み合わせ、会計・税務の計算・数値問題で迷った論点を解き直せます。間違えた問題は理由を短くメモし、関連用語で定義と選択肢の論点を確認してから同分野へ戻ると定着しやすくなります。",過去問での確認方法,"管理業務主任者試験の会計・税務の計算・数値問題について、「過去問での確認方法」の観点で整理します。制度・数値・日程は年度や改正で変わるため、学習前と申込前には管理業務主任者試験センター（公式）の最新情報を確認してください。非公式まとめは参考程度にし、最終判断は必ず公式要項に置きます。

このサイトでは過去問・用語解説・比較表を組み合わせ、会計・税務の計算・数値問題で迷った論点を解き直せます。間違えた問題は理由を短くメモし、関連用語で定義と選択肢の論点を確認してから同分野へ戻ると定着しやすくなります。",他分野との関連,"管理業務主任者試験の会計・税務の計算・数値問題について、「他分野との関連」の観点で整理します。制度・数値・日程は年度や改正で変わるため、学習前と申込前には管理業務主任者試験センター（公式）の最新情報を確認してください。非公式まとめは参考程度にし、最終判断は必ず公式要項に置きます。

このサイトでは過去問・用語解説・比較表を組み合わせ、会計・税務の計算・数値問題で迷った論点を解き直せます。間違えた問題は理由を短くメモし、関連用語で定義と選択肢の論点を確認してから同分野へ戻ると定着しやすくなります。",,,,,苦手分野だけ先に学べますか？,管理業務主任者試験の会計・税務の計算・数値問題に関する質問「苦手分野だけ先に学べますか」について、まず公式要項で最新の制度を確認してください。本サイトでは過去問演習と用語解説で、会計・税務の計算・数値問題の理解度を具体的に確かめられます。数値や期限は資格ごとに異なるため、本文の例は必ず公式情報と照合してください。,分野別の教材は必要ですか？,管理業務主任者試験の会計・税務の計算・数値問題に関する質問「分野別の教材は必要ですか」について、まず公式要項で最新の制度を確認してください。本サイトでは過去問演習と用語解説で、会計・税務の計算・数値問題の理解度を具体的に確かめられます。数値や期限は資格ごとに異なるため、本文の例は必ず公式情報と照合してください。,study-plan:学習計画;past-question-strategy:過去問の使い方
field-accounting-case-study,分野別対策,管理業務主任者試験の会計・税務の事例・ケース問題,管理業務主任者試験の事例・ケース問題について、公式情報の確認方法と学習の進め方を整理します。受験前に押さえるべきポイントと、このサイトでの演習・用語解説の活用法を解説します。,特定分野の理解を深めたい人向けに、基礎から演習・復習までの進め方をまとめます。,40,分野別;試験対策,管業マスター編集部,資格学習サイトの編集チーム,公式情報確認担当,公開前に一次情報との照合を行う担当者,2026-05-30,管理業務主任者試験センター（公式）|https://www.mankan.or.jp/,分野別対策向けテンプレートから作成。公開前に本文・参照URL・関連リンクを差し替える。,本記事を読むと、管理業務主任者試験の事例・ケース問題について、公式情報で確認すべき点と、このサイトでの学習の進め方が分かります。読了後は行動チェックリストに沿って演習・用語確認まで進められる状態を目指します。,【行動1】;【行動2】;【行動3】,試験要項・公式ページ更新時に本文と参照元を見直す。,2026-05-30,2026-06-29,2026-05-30,published,ガイド記事テンプレート で 2026-05-30 作成。,分野の位置づけ,"管理業務主任者試験の会計・税務の事例・ケース問題について、「分野の位置づけ」の観点で整理します。制度・数値・日程は年度や改正で変わるため、学習前と申込前には管理業務主任者試験センター（公式）の最新情報を確認してください。非公式まとめは参考程度にし、最終判断は必ず公式要項に置きます。

このサイトでは過去問・用語解説・比較表を組み合わせ、会計・税務の事例・ケース問題で迷った論点を解き直せます。間違えた問題は理由を短くメモし、関連用語で定義と選択肢の論点を確認してから同分野へ戻ると定着しやすくなります。",押さえる基礎知識,"管理業務主任者試験の会計・税務の事例・ケース問題について、「押さえる基礎知識」の観点で整理します。制度・数値・日程は年度や改正で変わるため、学習前と申込前には管理業務主任者試験センター（公式）の最新情報を確認してください。非公式まとめは参考程度にし、最終判断は必ず公式要項に置きます。

このサイトでは過去問・用語解説・比較表を組み合わせ、会計・税務の事例・ケース問題で迷った論点を解き直せます。間違えた問題は理由を短くメモし、関連用語で定義と選択肢の論点を確認してから同分野へ戻ると定着しやすくなります。",頻出論点,"管理業務主任者試験の会計・税務の事例・ケース問題について、「頻出論点」の観点で整理します。制度・数値・日程は年度や改正で変わるため、学習前と申込前には管理業務主任者試験センター（公式）の最新情報を確認してください。非公式まとめは参考程度にし、最終判断は必ず公式要項に置きます。

このサイトでは過去問・用語解説・比較表を組み合わせ、会計・税務の事例・ケース問題で迷った論点を解き直せます。間違えた問題は理由を短くメモし、関連用語で定義と選択肢の論点を確認してから同分野へ戻ると定着しやすくなります。",過去問での確認方法,"管理業務主任者試験の会計・税務の事例・ケース問題について、「過去問での確認方法」の観点で整理します。制度・数値・日程は年度や改正で変わるため、学習前と申込前には管理業務主任者試験センター（公式）の最新情報を確認してください。非公式まとめは参考程度にし、最終判断は必ず公式要項に置きます。

このサイトでは過去問・用語解説・比較表を組み合わせ、会計・税務の事例・ケース問題で迷った論点を解き直せます。間違えた問題は理由を短くメモし、関連用語で定義と選択肢の論点を確認してから同分野へ戻ると定着しやすくなります。",他分野との関連,"管理業務主任者試験の会計・税務の事例・ケース問題について、「他分野との関連」の観点で整理します。制度・数値・日程は年度や改正で変わるため、学習前と申込前には管理業務主任者試験センター（公式）の最新情報を確認してください。非公式まとめは参考程度にし、最終判断は必ず公式要項に置きます。

このサイトでは過去問・用語解説・比較表を組み合わせ、会計・税務の事例・ケース問題で迷った論点を解き直せます。間違えた問題は理由を短くメモし、関連用語で定義と選択肢の論点を確認してから同分野へ戻ると定着しやすくなります。",,,,,苦手分野だけ先に学べますか？,管理業務主任者試験の会計・税務の事例・ケース問題に関する質問「苦手分野だけ先に学べますか」について、まず公式要項で最新の制度を確認してください。本サイトでは過去問演習と用語解説で、会計・税務の事例・ケース問題の理解度を具体的に確かめられます。数値や期限は資格ごとに異なるため、本文の例は必ず公式情報と照合してください。,分野別の教材は必要ですか？,管理業務主任者試験の会計・税務の事例・ケース問題に関する質問「分野別の教材は必要ですか」について、まず公式要項で最新の制度を確認してください。本サイトでは過去問演習と用語解説で、会計・税務の事例・ケース問題の理解度を具体的に確かめられます。数値や期限は資格ごとに異なるため、本文の例は必ず公式情報と照合してください。,study-plan:学習計画;past-question-strategy:過去問の使い方
field-accounting-past-question-focus,分野別対策,管理業務主任者試験の会計・税務の過去問での出題傾向,管理業務主任者試験の出題傾向について、公式情報の確認方法と学習の進め方を整理します。受験前に押さえるべきポイントと、このサイトでの演習・用語解説の活用法を解説します。,特定分野の理解を深めたい人向けに、基礎から演習・復習までの進め方をまとめます。,40,分野別;試験対策,管業マスター編集部,資格学習サイトの編集チーム,公式情報確認担当,公開前に一次情報との照合を行う担当者,2026-05-30,管理業務主任者試験センター（公式）|https://www.mankan.or.jp/,分野別対策向けテンプレートから作成。公開前に本文・参照URL・関連リンクを差し替える。,本記事を読むと、管理業務主任者試験の出題傾向について、公式情報で確認すべき点と、このサイトでの学習の進め方が分かります。読了後は行動チェックリストに沿って演習・用語確認まで進められる状態を目指します。,【行動1】;【行動2】;【行動3】,試験要項・公式ページ更新時に本文と参照元を見直す。,2026-05-30,2026-06-29,2026-05-30,published,ガイド記事テンプレート で 2026-05-30 作成。,分野の位置づけ,"管理業務主任者試験の会計・税務の過去問での出題傾向について、「分野の位置づけ」の観点で整理します。制度・数値・日程は年度や改正で変わるため、学習前と申込前には管理業務主任者試験センター（公式）の最新情報を確認してください。非公式まとめは参考程度にし、最終判断は必ず公式要項に置きます。

このサイトでは過去問・用語解説・比較表を組み合わせ、会計・税務の過去問での出題傾向で迷った論点を解き直せます。間違えた問題は理由を短くメモし、関連用語で定義と選択肢の論点を確認してから同分野へ戻ると定着しやすくなります。",押さえる基礎知識,"管理業務主任者試験の会計・税務の過去問での出題傾向について、「押さえる基礎知識」の観点で整理します。制度・数値・日程は年度や改正で変わるため、学習前と申込前には管理業務主任者試験センター（公式）の最新情報を確認してください。非公式まとめは参考程度にし、最終判断は必ず公式要項に置きます。

このサイトでは過去問・用語解説・比較表を組み合わせ、会計・税務の過去問での出題傾向で迷った論点を解き直せます。間違えた問題は理由を短くメモし、関連用語で定義と選択肢の論点を確認してから同分野へ戻ると定着しやすくなります。",頻出論点,"管理業務主任者試験の会計・税務の過去問での出題傾向について、「頻出論点」の観点で整理します。制度・数値・日程は年度や改正で変わるため、学習前と申込前には管理業務主任者試験センター（公式）の最新情報を確認してください。非公式まとめは参考程度にし、最終判断は必ず公式要項に置きます。

このサイトでは過去問・用語解説・比較表を組み合わせ、会計・税務の過去問での出題傾向で迷った論点を解き直せます。間違えた問題は理由を短くメモし、関連用語で定義と選択肢の論点を確認してから同分野へ戻ると定着しやすくなります。",過去問での確認方法,"管理業務主任者試験の会計・税務の過去問での出題傾向について、「過去問での確認方法」の観点で整理します。制度・数値・日程は年度や改正で変わるため、学習前と申込前には管理業務主任者試験センター（公式）の最新情報を確認してください。非公式まとめは参考程度にし、最終判断は必ず公式要項に置きます。

このサイトでは過去問・用語解説・比較表を組み合わせ、会計・税務の過去問での出題傾向で迷った論点を解き直せます。間違えた問題は理由を短くメモし、関連用語で定義と選択肢の論点を確認してから同分野へ戻ると定着しやすくなります。",他分野との関連,"管理業務主任者試験の会計・税務の過去問での出題傾向について、「他分野との関連」の観点で整理します。制度・数値・日程は年度や改正で変わるため、学習前と申込前には管理業務主任者試験センター（公式）の最新情報を確認してください。非公式まとめは参考程度にし、最終判断は必ず公式要項に置きます。

このサイトでは過去問・用語解説・比較表を組み合わせ、会計・税務の過去問での出題傾向で迷った論点を解き直せます。間違えた問題は理由を短くメモし、関連用語で定義と選択肢の論点を確認してから同分野へ戻ると定着しやすくなります。",,,,,苦手分野だけ先に学べますか？,管理業務主任者試験の会計・税務の過去問での出題傾向に関する質問「苦手分野だけ先に学べますか」について、まず公式要項で最新の制度を確認してください。本サイトでは過去問演習と用語解説で、会計・税務の過去問での出題傾向の理解度を具体的に確かめられます。数値や期限は資格ごとに異なるため、本文の例は必ず公式情報と照合してください。,分野別の教材は必要ですか？,管理業務主任者試験の会計・税務の過去問での出題傾向に関する質問「分野別の教材は必要ですか」について、まず公式要項で最新の制度を確認してください。本サイトでは過去問演習と用語解説で、会計・税務の過去問での出題傾向の理解度を具体的に確かめられます。数値や期限は資格ごとに異なるため、本文の例は必ず公式情報と照合してください。,study-plan:学習計画;past-question-strategy:過去問の使い方
field-tekisei-basics,分野別対策,管理業務主任者試験の管理適正化法の基礎の押さえ方,管理業務主任者試験の押さえ方について、公式情報の確認方法と学習の進め方を整理します。受験前に押さえるべきポイントと、このサイトでの演習・用語解説の活用法を解説します。,特定分野の理解を深めたい人向けに、基礎から演習・復習までの進め方をまとめます。,40,分野別;試験対策,管業マスター編集部,資格学習サイトの編集チーム,公式情報確認担当,公開前に一次情報との照合を行う担当者,2026-05-30,管理業務主任者試験センター（公式）|https://www.mankan.or.jp/,分野別対策向けテンプレートから作成。公開前に本文・参照URL・関連リンクを差し替える。,本記事を読むと、管理業務主任者試験の押さえ方について、公式情報で確認すべき点と、このサイトでの学習の進め方が分かります。読了後は行動チェックリストに沿って演習・用語確認まで進められる状態を目指します。,【行動1】;【行動2】;【行動3】,試験要項・公式ページ更新時に本文と参照元を見直す。,2026-05-30,2026-06-29,2026-05-30,published,ガイド記事テンプレート で 2026-05-30 作成。,分野の位置づけ,"管理業務主任者試験の管理適正化法の基礎の押さえ方について、「分野の位置づけ」の観点で整理します。制度・数値・日程は年度や改正で変わるため、学習前と申込前には管理業務主任者試験センター（公式）の最新情報を確認してください。非公式まとめは参考程度にし、最終判断は必ず公式要項に置きます。

このサイトでは過去問・用語解説・比較表を組み合わせ、管理適正化法の基礎の押さえ方で迷った論点を解き直せます。間違えた問題は理由を短くメモし、関連用語で定義と選択肢の論点を確認してから同分野へ戻ると定着しやすくなります。",押さえる基礎知識,"管理業務主任者試験の管理適正化法の基礎の押さえ方について、「押さえる基礎知識」の観点で整理します。制度・数値・日程は年度や改正で変わるため、学習前と申込前には管理業務主任者試験センター（公式）の最新情報を確認してください。非公式まとめは参考程度にし、最終判断は必ず公式要項に置きます。

このサイトでは過去問・用語解説・比較表を組み合わせ、管理適正化法の基礎の押さえ方で迷った論点を解き直せます。間違えた問題は理由を短くメモし、関連用語で定義と選択肢の論点を確認してから同分野へ戻ると定着しやすくなります。",頻出論点,"管理業務主任者試験の管理適正化法の基礎の押さえ方について、「頻出論点」の観点で整理します。制度・数値・日程は年度や改正で変わるため、学習前と申込前には管理業務主任者試験センター（公式）の最新情報を確認してください。非公式まとめは参考程度にし、最終判断は必ず公式要項に置きます。

このサイトでは過去問・用語解説・比較表を組み合わせ、管理適正化法の基礎の押さえ方で迷った論点を解き直せます。間違えた問題は理由を短くメモし、関連用語で定義と選択肢の論点を確認してから同分野へ戻ると定着しやすくなります。",過去問での確認方法,"管理業務主任者試験の管理適正化法の基礎の押さえ方について、「過去問での確認方法」の観点で整理します。制度・数値・日程は年度や改正で変わるため、学習前と申込前には管理業務主任者試験センター（公式）の最新情報を確認してください。非公式まとめは参考程度にし、最終判断は必ず公式要項に置きます。

このサイトでは過去問・用語解説・比較表を組み合わせ、管理適正化法の基礎の押さえ方で迷った論点を解き直せます。間違えた問題は理由を短くメモし、関連用語で定義と選択肢の論点を確認してから同分野へ戻ると定着しやすくなります。",他分野との関連,"管理業務主任者試験の管理適正化法の基礎の押さえ方について、「他分野との関連」の観点で整理します。制度・数値・日程は年度や改正で変わるため、学習前と申込前には管理業務主任者試験センター（公式）の最新情報を確認してください。非公式まとめは参考程度にし、最終判断は必ず公式要項に置きます。

このサイトでは過去問・用語解説・比較表を組み合わせ、管理適正化法の基礎の押さえ方で迷った論点を解き直せます。間違えた問題は理由を短くメモし、関連用語で定義と選択肢の論点を確認してから同分野へ戻ると定着しやすくなります。",,,,,苦手分野だけ先に学べますか？,管理業務主任者試験の管理適正化法の基礎の押さえ方に関する質問「苦手分野だけ先に学べますか」について、まず公式要項で最新の制度を確認してください。本サイトでは過去問演習と用語解説で、管理適正化法の基礎の押さえ方の理解度を具体的に確かめられます。数値や期限は資格ごとに異なるため、本文の例は必ず公式情報と照合してください。,分野別の教材は必要ですか？,管理業務主任者試験の管理適正化法の基礎の押さえ方に関する質問「分野別の教材は必要ですか」について、まず公式要項で最新の制度を確認してください。本サイトでは過去問演習と用語解説で、管理適正化法の基礎の押さえ方の理解度を具体的に確かめられます。数値や期限は資格ごとに異なるため、本文の例は必ず公式情報と照合してください。,study-plan:学習計画;past-question-strategy:過去問の使い方
field-tekisei-frequent-topics,分野別対策,管理業務主任者試験の管理適正化法の頻出論点,管理業務主任者試験の頻出論点について、公式情報の確認方法と学習の進め方を整理します。受験前に押さえるべきポイントと、このサイトでの演習・用語解説の活用法を解説します。,特定分野の理解を深めたい人向けに、基礎から演習・復習までの進め方をまとめます。,40,分野別;試験対策,管業マスター編集部,資格学習サイトの編集チーム,公式情報確認担当,公開前に一次情報との照合を行う担当者,2026-05-30,管理業務主任者試験センター（公式）|https://www.mankan.or.jp/,分野別対策向けテンプレートから作成。公開前に本文・参照URL・関連リンクを差し替える。,本記事を読むと、管理業務主任者試験の頻出論点について、公式情報で確認すべき点と、このサイトでの学習の進め方が分かります。読了後は行動チェックリストに沿って演習・用語確認まで進められる状態を目指します。,【行動1】;【行動2】;【行動3】,試験要項・公式ページ更新時に本文と参照元を見直す。,2026-05-30,2026-06-29,2026-05-30,published,ガイド記事テンプレート で 2026-05-30 作成。,分野の位置づけ,"管理業務主任者試験の管理適正化法の頻出論点について、「分野の位置づけ」の観点で整理します。制度・数値・日程は年度や改正で変わるため、学習前と申込前には管理業務主任者試験センター（公式）の最新情報を確認してください。非公式まとめは参考程度にし、最終判断は必ず公式要項に置きます。

このサイトでは過去問・用語解説・比較表を組み合わせ、管理適正化法の頻出論点で迷った論点を解き直せます。間違えた問題は理由を短くメモし、関連用語で定義と選択肢の論点を確認してから同分野へ戻ると定着しやすくなります。",押さえる基礎知識,"管理業務主任者試験の管理適正化法の頻出論点について、「押さえる基礎知識」の観点で整理します。制度・数値・日程は年度や改正で変わるため、学習前と申込前には管理業務主任者試験センター（公式）の最新情報を確認してください。非公式まとめは参考程度にし、最終判断は必ず公式要項に置きます。

このサイトでは過去問・用語解説・比較表を組み合わせ、管理適正化法の頻出論点で迷った論点を解き直せます。間違えた問題は理由を短くメモし、関連用語で定義と選択肢の論点を確認してから同分野へ戻ると定着しやすくなります。",頻出論点,"管理業務主任者試験の管理適正化法の頻出論点について、「頻出論点」の観点で整理します。制度・数値・日程は年度や改正で変わるため、学習前と申込前には管理業務主任者試験センター（公式）の最新情報を確認してください。非公式まとめは参考程度にし、最終判断は必ず公式要項に置きます。

このサイトでは過去問・用語解説・比較表を組み合わせ、管理適正化法の頻出論点で迷った論点を解き直せます。間違えた問題は理由を短くメモし、関連用語で定義と選択肢の論点を確認してから同分野へ戻ると定着しやすくなります。",過去問での確認方法,"管理業務主任者試験の管理適正化法の頻出論点について、「過去問での確認方法」の観点で整理します。制度・数値・日程は年度や改正で変わるため、学習前と申込前には管理業務主任者試験センター（公式）の最新情報を確認してください。非公式まとめは参考程度にし、最終判断は必ず公式要項に置きます。

このサイトでは過去問・用語解説・比較表を組み合わせ、管理適正化法の頻出論点で迷った論点を解き直せます。間違えた問題は理由を短くメモし、関連用語で定義と選択肢の論点を確認してから同分野へ戻ると定着しやすくなります。",他分野との関連,"管理業務主任者試験の管理適正化法の頻出論点について、「他分野との関連」の観点で整理します。制度・数値・日程は年度や改正で変わるため、学習前と申込前には管理業務主任者試験センター（公式）の最新情報を確認してください。非公式まとめは参考程度にし、最終判断は必ず公式要項に置きます。

このサイトでは過去問・用語解説・比較表を組み合わせ、管理適正化法の頻出論点で迷った論点を解き直せます。間違えた問題は理由を短くメモし、関連用語で定義と選択肢の論点を確認してから同分野へ戻ると定着しやすくなります。",,,,,苦手分野だけ先に学べますか？,管理業務主任者試験の管理適正化法の頻出論点に関する質問「苦手分野だけ先に学べますか」について、まず公式要項で最新の制度を確認してください。本サイトでは過去問演習と用語解説で、管理適正化法の頻出論点の理解度を具体的に確かめられます。数値や期限は資格ごとに異なるため、本文の例は必ず公式情報と照合してください。,分野別の教材は必要ですか？,管理業務主任者試験の管理適正化法の頻出論点に関する質問「分野別の教材は必要ですか」について、まず公式要項で最新の制度を確認してください。本サイトでは過去問演習と用語解説で、管理適正化法の頻出論点の理解度を具体的に確かめられます。数値や期限は資格ごとに異なるため、本文の例は必ず公式情報と照合してください。,study-plan:学習計画;past-question-strategy:過去問の使い方
field-tekisei-calculation,分野別対策,管理業務主任者試験の管理適正化法の計算・数値問題,管理業務主任者試験の計算・数値問題について、公式情報の確認方法と学習の進め方を整理します。受験前に押さえるべきポイントと、このサイトでの演習・用語解説の活用法を解説します。,特定分野の理解を深めたい人向けに、基礎から演習・復習までの進め方をまとめます。,40,分野別;試験対策,管業マスター編集部,資格学習サイトの編集チーム,公式情報確認担当,公開前に一次情報との照合を行う担当者,2026-05-30,管理業務主任者試験センター（公式）|https://www.mankan.or.jp/,分野別対策向けテンプレートから作成。公開前に本文・参照URL・関連リンクを差し替える。,本記事を読むと、管理業務主任者試験の計算・数値問題について、公式情報で確認すべき点と、このサイトでの学習の進め方が分かります。読了後は行動チェックリストに沿って演習・用語確認まで進められる状態を目指します。,【行動1】;【行動2】;【行動3】,試験要項・公式ページ更新時に本文と参照元を見直す。,2026-05-30,2026-06-29,2026-05-30,published,ガイド記事テンプレート で 2026-05-30 作成。,分野の位置づけ,"管理業務主任者試験の管理適正化法の計算・数値問題について、「分野の位置づけ」の観点で整理します。制度・数値・日程は年度や改正で変わるため、学習前と申込前には管理業務主任者試験センター（公式）の最新情報を確認してください。非公式まとめは参考程度にし、最終判断は必ず公式要項に置きます。

このサイトでは過去問・用語解説・比較表を組み合わせ、管理適正化法の計算・数値問題で迷った論点を解き直せます。間違えた問題は理由を短くメモし、関連用語で定義と選択肢の論点を確認してから同分野へ戻ると定着しやすくなります。",押さえる基礎知識,"管理業務主任者試験の管理適正化法の計算・数値問題について、「押さえる基礎知識」の観点で整理します。制度・数値・日程は年度や改正で変わるため、学習前と申込前には管理業務主任者試験センター（公式）の最新情報を確認してください。非公式まとめは参考程度にし、最終判断は必ず公式要項に置きます。

このサイトでは過去問・用語解説・比較表を組み合わせ、管理適正化法の計算・数値問題で迷った論点を解き直せます。間違えた問題は理由を短くメモし、関連用語で定義と選択肢の論点を確認してから同分野へ戻ると定着しやすくなります。",頻出論点,"管理業務主任者試験の管理適正化法の計算・数値問題について、「頻出論点」の観点で整理します。制度・数値・日程は年度や改正で変わるため、学習前と申込前には管理業務主任者試験センター（公式）の最新情報を確認してください。非公式まとめは参考程度にし、最終判断は必ず公式要項に置きます。

このサイトでは過去問・用語解説・比較表を組み合わせ、管理適正化法の計算・数値問題で迷った論点を解き直せます。間違えた問題は理由を短くメモし、関連用語で定義と選択肢の論点を確認してから同分野へ戻ると定着しやすくなります。",過去問での確認方法,"管理業務主任者試験の管理適正化法の計算・数値問題について、「過去問での確認方法」の観点で整理します。制度・数値・日程は年度や改正で変わるため、学習前と申込前には管理業務主任者試験センター（公式）の最新情報を確認してください。非公式まとめは参考程度にし、最終判断は必ず公式要項に置きます。

このサイトでは過去問・用語解説・比較表を組み合わせ、管理適正化法の計算・数値問題で迷った論点を解き直せます。間違えた問題は理由を短くメモし、関連用語で定義と選択肢の論点を確認してから同分野へ戻ると定着しやすくなります。",他分野との関連,"管理業務主任者試験の管理適正化法の計算・数値問題について、「他分野との関連」の観点で整理します。制度・数値・日程は年度や改正で変わるため、学習前と申込前には管理業務主任者試験センター（公式）の最新情報を確認してください。非公式まとめは参考程度にし、最終判断は必ず公式要項に置きます。

このサイトでは過去問・用語解説・比較表を組み合わせ、管理適正化法の計算・数値問題で迷った論点を解き直せます。間違えた問題は理由を短くメモし、関連用語で定義と選択肢の論点を確認してから同分野へ戻ると定着しやすくなります。",,,,,苦手分野だけ先に学べますか？,管理業務主任者試験の管理適正化法の計算・数値問題に関する質問「苦手分野だけ先に学べますか」について、まず公式要項で最新の制度を確認してください。本サイトでは過去問演習と用語解説で、管理適正化法の計算・数値問題の理解度を具体的に確かめられます。数値や期限は資格ごとに異なるため、本文の例は必ず公式情報と照合してください。,分野別の教材は必要ですか？,管理業務主任者試験の管理適正化法の計算・数値問題に関する質問「分野別の教材は必要ですか」について、まず公式要項で最新の制度を確認してください。本サイトでは過去問演習と用語解説で、管理適正化法の計算・数値問題の理解度を具体的に確かめられます。数値や期限は資格ごとに異なるため、本文の例は必ず公式情報と照合してください。,study-plan:学習計画;past-question-strategy:過去問の使い方
field-tekisei-case-study,分野別対策,管理業務主任者試験の管理適正化法の事例・ケース問題,管理業務主任者試験の事例・ケース問題について、公式情報の確認方法と学習の進め方を整理します。受験前に押さえるべきポイントと、このサイトでの演習・用語解説の活用法を解説します。,特定分野の理解を深めたい人向けに、基礎から演習・復習までの進め方をまとめます。,40,分野別;試験対策,管業マスター編集部,資格学習サイトの編集チーム,公式情報確認担当,公開前に一次情報との照合を行う担当者,2026-05-30,管理業務主任者試験センター（公式）|https://www.mankan.or.jp/,分野別対策向けテンプレートから作成。公開前に本文・参照URL・関連リンクを差し替える。,本記事を読むと、管理業務主任者試験の事例・ケース問題について、公式情報で確認すべき点と、このサイトでの学習の進め方が分かります。読了後は行動チェックリストに沿って演習・用語確認まで進められる状態を目指します。,【行動1】;【行動2】;【行動3】,試験要項・公式ページ更新時に本文と参照元を見直す。,2026-05-30,2026-06-29,2026-05-30,published,ガイド記事テンプレート で 2026-05-30 作成。,分野の位置づけ,"管理業務主任者試験の管理適正化法の事例・ケース問題について、「分野の位置づけ」の観点で整理します。制度・数値・日程は年度や改正で変わるため、学習前と申込前には管理業務主任者試験センター（公式）の最新情報を確認してください。非公式まとめは参考程度にし、最終判断は必ず公式要項に置きます。

このサイトでは過去問・用語解説・比較表を組み合わせ、管理適正化法の事例・ケース問題で迷った論点を解き直せます。間違えた問題は理由を短くメモし、関連用語で定義と選択肢の論点を確認してから同分野へ戻ると定着しやすくなります。",押さえる基礎知識,"管理業務主任者試験の管理適正化法の事例・ケース問題について、「押さえる基礎知識」の観点で整理します。制度・数値・日程は年度や改正で変わるため、学習前と申込前には管理業務主任者試験センター（公式）の最新情報を確認してください。非公式まとめは参考程度にし、最終判断は必ず公式要項に置きます。

このサイトでは過去問・用語解説・比較表を組み合わせ、管理適正化法の事例・ケース問題で迷った論点を解き直せます。間違えた問題は理由を短くメモし、関連用語で定義と選択肢の論点を確認してから同分野へ戻ると定着しやすくなります。",頻出論点,"管理業務主任者試験の管理適正化法の事例・ケース問題について、「頻出論点」の観点で整理します。制度・数値・日程は年度や改正で変わるため、学習前と申込前には管理業務主任者試験センター（公式）の最新情報を確認してください。非公式まとめは参考程度にし、最終判断は必ず公式要項に置きます。

このサイトでは過去問・用語解説・比較表を組み合わせ、管理適正化法の事例・ケース問題で迷った論点を解き直せます。間違えた問題は理由を短くメモし、関連用語で定義と選択肢の論点を確認してから同分野へ戻ると定着しやすくなります。",過去問での確認方法,"管理業務主任者試験の管理適正化法の事例・ケース問題について、「過去問での確認方法」の観点で整理します。制度・数値・日程は年度や改正で変わるため、学習前と申込前には管理業務主任者試験センター（公式）の最新情報を確認してください。非公式まとめは参考程度にし、最終判断は必ず公式要項に置きます。

このサイトでは過去問・用語解説・比較表を組み合わせ、管理適正化法の事例・ケース問題で迷った論点を解き直せます。間違えた問題は理由を短くメモし、関連用語で定義と選択肢の論点を確認してから同分野へ戻ると定着しやすくなります。",他分野との関連,"管理業務主任者試験の管理適正化法の事例・ケース問題について、「他分野との関連」の観点で整理します。制度・数値・日程は年度や改正で変わるため、学習前と申込前には管理業務主任者試験センター（公式）の最新情報を確認してください。非公式まとめは参考程度にし、最終判断は必ず公式要項に置きます。

このサイトでは過去問・用語解説・比較表を組み合わせ、管理適正化法の事例・ケース問題で迷った論点を解き直せます。間違えた問題は理由を短くメモし、関連用語で定義と選択肢の論点を確認してから同分野へ戻ると定着しやすくなります。",,,,,苦手分野だけ先に学べますか？,管理業務主任者試験の管理適正化法の事例・ケース問題に関する質問「苦手分野だけ先に学べますか」について、まず公式要項で最新の制度を確認してください。本サイトでは過去問演習と用語解説で、管理適正化法の事例・ケース問題の理解度を具体的に確かめられます。数値や期限は資格ごとに異なるため、本文の例は必ず公式情報と照合してください。,分野別の教材は必要ですか？,管理業務主任者試験の管理適正化法の事例・ケース問題に関する質問「分野別の教材は必要ですか」について、まず公式要項で最新の制度を確認してください。本サイトでは過去問演習と用語解説で、管理適正化法の事例・ケース問題の理解度を具体的に確かめられます。数値や期限は資格ごとに異なるため、本文の例は必ず公式情報と照合してください。,study-plan:学習計画;past-question-strategy:過去問の使い方
field-tekisei-past-question-focus,分野別対策,管理業務主任者試験の管理適正化法の過去問での出題傾向,管理業務主任者試験の出題傾向について、公式情報の確認方法と学習の進め方を整理します。受験前に押さえるべきポイントと、このサイトでの演習・用語解説の活用法を解説します。,特定分野の理解を深めたい人向けに、基礎から演習・復習までの進め方をまとめます。,40,分野別;試験対策,管業マスター編集部,資格学習サイトの編集チーム,公式情報確認担当,公開前に一次情報との照合を行う担当者,2026-05-30,管理業務主任者試験センター（公式）|https://www.mankan.or.jp/,分野別対策向けテンプレートから作成。公開前に本文・参照URL・関連リンクを差し替える。,本記事を読むと、管理業務主任者試験の出題傾向について、公式情報で確認すべき点と、このサイトでの学習の進め方が分かります。読了後は行動チェックリストに沿って演習・用語確認まで進められる状態を目指します。,【行動1】;【行動2】;【行動3】,試験要項・公式ページ更新時に本文と参照元を見直す。,2026-05-30,2026-06-29,2026-05-30,published,ガイド記事テンプレート で 2026-05-30 作成。,分野の位置づけ,"管理業務主任者試験の管理適正化法の過去問での出題傾向について、「分野の位置づけ」の観点で整理します。制度・数値・日程は年度や改正で変わるため、学習前と申込前には管理業務主任者試験センター（公式）の最新情報を確認してください。非公式まとめは参考程度にし、最終判断は必ず公式要項に置きます。

このサイトでは過去問・用語解説・比較表を組み合わせ、管理適正化法の過去問での出題傾向で迷った論点を解き直せます。間違えた問題は理由を短くメモし、関連用語で定義と選択肢の論点を確認してから同分野へ戻ると定着しやすくなります。",押さえる基礎知識,"管理業務主任者試験の管理適正化法の過去問での出題傾向について、「押さえる基礎知識」の観点で整理します。制度・数値・日程は年度や改正で変わるため、学習前と申込前には管理業務主任者試験センター（公式）の最新情報を確認してください。非公式まとめは参考程度にし、最終判断は必ず公式要項に置きます。

このサイトでは過去問・用語解説・比較表を組み合わせ、管理適正化法の過去問での出題傾向で迷った論点を解き直せます。間違えた問題は理由を短くメモし、関連用語で定義と選択肢の論点を確認してから同分野へ戻ると定着しやすくなります。",頻出論点,"管理業務主任者試験の管理適正化法の過去問での出題傾向について、「頻出論点」の観点で整理します。制度・数値・日程は年度や改正で変わるため、学習前と申込前には管理業務主任者試験センター（公式）の最新情報を確認してください。非公式まとめは参考程度にし、最終判断は必ず公式要項に置きます。

このサイトでは過去問・用語解説・比較表を組み合わせ、管理適正化法の過去問での出題傾向で迷った論点を解き直せます。間違えた問題は理由を短くメモし、関連用語で定義と選択肢の論点を確認してから同分野へ戻ると定着しやすくなります。",過去問での確認方法,"管理業務主任者試験の管理適正化法の過去問での出題傾向について、「過去問での確認方法」の観点で整理します。制度・数値・日程は年度や改正で変わるため、学習前と申込前には管理業務主任者試験センター（公式）の最新情報を確認してください。非公式まとめは参考程度にし、最終判断は必ず公式要項に置きます。

このサイトでは過去問・用語解説・比較表を組み合わせ、管理適正化法の過去問での出題傾向で迷った論点を解き直せます。間違えた問題は理由を短くメモし、関連用語で定義と選択肢の論点を確認してから同分野へ戻ると定着しやすくなります。",他分野との関連,"管理業務主任者試験の管理適正化法の過去問での出題傾向について、「他分野との関連」の観点で整理します。制度・数値・日程は年度や改正で変わるため、学習前と申込前には管理業務主任者試験センター（公式）の最新情報を確認してください。非公式まとめは参考程度にし、最終判断は必ず公式要項に置きます。

このサイトでは過去問・用語解説・比較表を組み合わせ、管理適正化法の過去問での出題傾向で迷った論点を解き直せます。間違えた問題は理由を短くメモし、関連用語で定義と選択肢の論点を確認してから同分野へ戻ると定着しやすくなります。",,,,,苦手分野だけ先に学べますか？,管理業務主任者試験の管理適正化法の過去問での出題傾向に関する質問「苦手分野だけ先に学べますか」について、まず公式要項で最新の制度を確認してください。本サイトでは過去問演習と用語解説で、管理適正化法の過去問での出題傾向の理解度を具体的に確かめられます。数値や期限は資格ごとに異なるため、本文の例は必ず公式情報と照合してください。,分野別の教材は必要ですか？,管理業務主任者試験の管理適正化法の過去問での出題傾向に関する質問「分野別の教材は必要ですか」について、まず公式要項で最新の制度を確認してください。本サイトでは過去問演習と用語解説で、管理適正化法の過去問での出題傾向の理解度を具体的に確かめられます。数値や期限は資格ごとに異なるため、本文の例は必ず公式情報と照合してください。,study-plan:学習計画;past-question-strategy:過去問の使い方
field-hinkaku-basics,分野別対策,管理業務主任者試験の品確法・建替円滑化法等の基礎の押さえ方,管理業務主任者試験の基礎の押さえ方について、公式情報の確認方法と学習の進め方を整理します。受験前に押さえるべきポイントと、このサイトでの演習・用語解説の活用法を解説します。,特定分野の理解を深めたい人向けに、基礎から演習・復習までの進め方をまとめます。,40,分野別;試験対策,管業マスター編集部,資格学習サイトの編集チーム,公式情報確認担当,公開前に一次情報との照合を行う担当者,2026-05-30,管理業務主任者試験センター（公式）|https://www.mankan.or.jp/,分野別対策向けテンプレートから作成。公開前に本文・参照URL・関連リンクを差し替える。,本記事を読むと、管理業務主任者試験の基礎の押さえ方について、公式情報で確認すべき点と、このサイトでの学習の進め方が分かります。読了後は行動チェックリストに沿って演習・用語確認まで進められる状態を目指します。,【行動1】;【行動2】;【行動3】,試験要項・公式ページ更新時に本文と参照元を見直す。,2026-05-30,2026-06-29,2026-05-30,published,ガイド記事テンプレート で 2026-05-30 作成。,分野の位置づけ,"管理業務主任者試験の品確法・建替円滑化法等の基礎の押さえ方について、「分野の位置づけ」の観点で整理します。制度・数値・日程は年度や改正で変わるため、学習前と申込前には管理業務主任者試験センター（公式）の最新情報を確認してください。非公式まとめは参考程度にし、最終判断は必ず公式要項に置きます。

このサイトでは過去問・用語解説・比較表を組み合わせ、品確法・建替円滑化法等の基礎の押さえ方で迷った論点を解き直せます。間違えた問題は理由を短くメモし、関連用語で定義と選択肢の論点を確認してから同分野へ戻ると定着しやすくなります。",押さえる基礎知識,"管理業務主任者試験の品確法・建替円滑化法等の基礎の押さえ方について、「押さえる基礎知識」の観点で整理します。制度・数値・日程は年度や改正で変わるため、学習前と申込前には管理業務主任者試験センター（公式）の最新情報を確認してください。非公式まとめは参考程度にし、最終判断は必ず公式要項に置きます。

このサイトでは過去問・用語解説・比較表を組み合わせ、品確法・建替円滑化法等の基礎の押さえ方で迷った論点を解き直せます。間違えた問題は理由を短くメモし、関連用語で定義と選択肢の論点を確認してから同分野へ戻ると定着しやすくなります。",頻出論点,"管理業務主任者試験の品確法・建替円滑化法等の基礎の押さえ方について、「頻出論点」の観点で整理します。制度・数値・日程は年度や改正で変わるため、学習前と申込前には管理業務主任者試験センター（公式）の最新情報を確認してください。非公式まとめは参考程度にし、最終判断は必ず公式要項に置きます。

このサイトでは過去問・用語解説・比較表を組み合わせ、品確法・建替円滑化法等の基礎の押さえ方で迷った論点を解き直せます。間違えた問題は理由を短くメモし、関連用語で定義と選択肢の論点を確認してから同分野へ戻ると定着しやすくなります。",過去問での確認方法,"管理業務主任者試験の品確法・建替円滑化法等の基礎の押さえ方について、「過去問での確認方法」の観点で整理します。制度・数値・日程は年度や改正で変わるため、学習前と申込前には管理業務主任者試験センター（公式）の最新情報を確認してください。非公式まとめは参考程度にし、最終判断は必ず公式要項に置きます。

このサイトでは過去問・用語解説・比較表を組み合わせ、品確法・建替円滑化法等の基礎の押さえ方で迷った論点を解き直せます。間違えた問題は理由を短くメモし、関連用語で定義と選択肢の論点を確認してから同分野へ戻ると定着しやすくなります。",他分野との関連,"管理業務主任者試験の品確法・建替円滑化法等の基礎の押さえ方について、「他分野との関連」の観点で整理します。制度・数値・日程は年度や改正で変わるため、学習前と申込前には管理業務主任者試験センター（公式）の最新情報を確認してください。非公式まとめは参考程度にし、最終判断は必ず公式要項に置きます。

このサイトでは過去問・用語解説・比較表を組み合わせ、品確法・建替円滑化法等の基礎の押さえ方で迷った論点を解き直せます。間違えた問題は理由を短くメモし、関連用語で定義と選択肢の論点を確認してから同分野へ戻ると定着しやすくなります。",,,,,苦手分野だけ先に学べますか？,管理業務主任者試験の品確法・建替円滑化法等の基礎の押さえ方に関する質問「苦手分野だけ先に学べますか」について、まず公式要項で最新の制度を確認してください。本サイトでは過去問演習と用語解説で、品確法・建替円滑化法等の基礎の押さえ方の理解度を具体的に確かめられます。数値や期限は資格ごとに異なるため、本文の例は必ず公式情報と照合してください。,分野別の教材は必要ですか？,管理業務主任者試験の品確法・建替円滑化法等の基礎の押さえ方に関する質問「分野別の教材は必要ですか」について、まず公式要項で最新の制度を確認してください。本サイトでは過去問演習と用語解説で、品確法・建替円滑化法等の基礎の押さえ方の理解度を具体的に確かめられます。数値や期限は資格ごとに異なるため、本文の例は必ず公式情報と照合してください。,study-plan:学習計画;past-question-strategy:過去問の使い方
field-hinkaku-frequent-topics,分野別対策,管理業務主任者試験の品確法・建替円滑化法等の頻出論点,管理業務主任者試験の頻出論点について、公式情報の確認方法と学習の進め方を整理します。受験前に押さえるべきポイントと、このサイトでの演習・用語解説の活用法を解説します。,特定分野の理解を深めたい人向けに、基礎から演習・復習までの進め方をまとめます。,40,分野別;試験対策,管業マスター編集部,資格学習サイトの編集チーム,公式情報確認担当,公開前に一次情報との照合を行う担当者,2026-05-30,管理業務主任者試験センター（公式）|https://www.mankan.or.jp/,分野別対策向けテンプレートから作成。公開前に本文・参照URL・関連リンクを差し替える。,本記事を読むと、管理業務主任者試験の頻出論点について、公式情報で確認すべき点と、このサイトでの学習の進め方が分かります。読了後は行動チェックリストに沿って演習・用語確認まで進められる状態を目指します。,【行動1】;【行動2】;【行動3】,試験要項・公式ページ更新時に本文と参照元を見直す。,2026-05-30,2026-06-29,2026-05-30,published,ガイド記事テンプレート で 2026-05-30 作成。,分野の位置づけ,"管理業務主任者試験の品確法・建替円滑化法等の頻出論点について、「分野の位置づけ」の観点で整理します。制度・数値・日程は年度や改正で変わるため、学習前と申込前には管理業務主任者試験センター（公式）の最新情報を確認してください。非公式まとめは参考程度にし、最終判断は必ず公式要項に置きます。

このサイトでは過去問・用語解説・比較表を組み合わせ、品確法・建替円滑化法等の頻出論点で迷った論点を解き直せます。間違えた問題は理由を短くメモし、関連用語で定義と選択肢の論点を確認してから同分野へ戻ると定着しやすくなります。",押さえる基礎知識,"管理業務主任者試験の品確法・建替円滑化法等の頻出論点について、「押さえる基礎知識」の観点で整理します。制度・数値・日程は年度や改正で変わるため、学習前と申込前には管理業務主任者試験センター（公式）の最新情報を確認してください。非公式まとめは参考程度にし、最終判断は必ず公式要項に置きます。

このサイトでは過去問・用語解説・比較表を組み合わせ、品確法・建替円滑化法等の頻出論点で迷った論点を解き直せます。間違えた問題は理由を短くメモし、関連用語で定義と選択肢の論点を確認してから同分野へ戻ると定着しやすくなります。",頻出論点,"管理業務主任者試験の品確法・建替円滑化法等の頻出論点について、「頻出論点」の観点で整理します。制度・数値・日程は年度や改正で変わるため、学習前と申込前には管理業務主任者試験センター（公式）の最新情報を確認してください。非公式まとめは参考程度にし、最終判断は必ず公式要項に置きます。

このサイトでは過去問・用語解説・比較表を組み合わせ、品確法・建替円滑化法等の頻出論点で迷った論点を解き直せます。間違えた問題は理由を短くメモし、関連用語で定義と選択肢の論点を確認してから同分野へ戻ると定着しやすくなります。",過去問での確認方法,"管理業務主任者試験の品確法・建替円滑化法等の頻出論点について、「過去問での確認方法」の観点で整理します。制度・数値・日程は年度や改正で変わるため、学習前と申込前には管理業務主任者試験センター（公式）の最新情報を確認してください。非公式まとめは参考程度にし、最終判断は必ず公式要項に置きます。

このサイトでは過去問・用語解説・比較表を組み合わせ、品確法・建替円滑化法等の頻出論点で迷った論点を解き直せます。間違えた問題は理由を短くメモし、関連用語で定義と選択肢の論点を確認してから同分野へ戻ると定着しやすくなります。",他分野との関連,"管理業務主任者試験の品確法・建替円滑化法等の頻出論点について、「他分野との関連」の観点で整理します。制度・数値・日程は年度や改正で変わるため、学習前と申込前には管理業務主任者試験センター（公式）の最新情報を確認してください。非公式まとめは参考程度にし、最終判断は必ず公式要項に置きます。

このサイトでは過去問・用語解説・比較表を組み合わせ、品確法・建替円滑化法等の頻出論点で迷った論点を解き直せます。間違えた問題は理由を短くメモし、関連用語で定義と選択肢の論点を確認してから同分野へ戻ると定着しやすくなります。",,,,,苦手分野だけ先に学べますか？,管理業務主任者試験の品確法・建替円滑化法等の頻出論点に関する質問「苦手分野だけ先に学べますか」について、まず公式要項で最新の制度を確認してください。本サイトでは過去問演習と用語解説で、品確法・建替円滑化法等の頻出論点の理解度を具体的に確かめられます。数値や期限は資格ごとに異なるため、本文の例は必ず公式情報と照合してください。,分野別の教材は必要ですか？,管理業務主任者試験の品確法・建替円滑化法等の頻出論点に関する質問「分野別の教材は必要ですか」について、まず公式要項で最新の制度を確認してください。本サイトでは過去問演習と用語解説で、品確法・建替円滑化法等の頻出論点の理解度を具体的に確かめられます。数値や期限は資格ごとに異なるため、本文の例は必ず公式情報と照合してください。,study-plan:学習計画;past-question-strategy:過去問の使い方
field-hinkaku-calculation,分野別対策,管理業務主任者試験の品確法・建替円滑化法等の計算・数値問題,管理業務主任者試験の計算・数値問題について、公式情報の確認方法と学習の進め方を整理します。受験前に押さえるべきポイントと、このサイトでの演習・用語解説の活用法を解説します。,特定分野の理解を深めたい人向けに、基礎から演習・復習までの進め方をまとめます。,40,分野別;試験対策,管業マスター編集部,資格学習サイトの編集チーム,公式情報確認担当,公開前に一次情報との照合を行う担当者,2026-05-30,管理業務主任者試験センター（公式）|https://www.mankan.or.jp/,分野別対策向けテンプレートから作成。公開前に本文・参照URL・関連リンクを差し替える。,本記事を読むと、管理業務主任者試験の計算・数値問題について、公式情報で確認すべき点と、このサイトでの学習の進め方が分かります。読了後は行動チェックリストに沿って演習・用語確認まで進められる状態を目指します。,【行動1】;【行動2】;【行動3】,試験要項・公式ページ更新時に本文と参照元を見直す。,2026-05-30,2026-06-29,2026-05-30,published,ガイド記事テンプレート で 2026-05-30 作成。,分野の位置づけ,"管理業務主任者試験の品確法・建替円滑化法等の計算・数値問題について、「分野の位置づけ」の観点で整理します。制度・数値・日程は年度や改正で変わるため、学習前と申込前には管理業務主任者試験センター（公式）の最新情報を確認してください。非公式まとめは参考程度にし、最終判断は必ず公式要項に置きます。

このサイトでは過去問・用語解説・比較表を組み合わせ、品確法・建替円滑化法等の計算・数値問題で迷った論点を解き直せます。間違えた問題は理由を短くメモし、関連用語で定義と選択肢の論点を確認してから同分野へ戻ると定着しやすくなります。",押さえる基礎知識,"管理業務主任者試験の品確法・建替円滑化法等の計算・数値問題について、「押さえる基礎知識」の観点で整理します。制度・数値・日程は年度や改正で変わるため、学習前と申込前には管理業務主任者試験センター（公式）の最新情報を確認してください。非公式まとめは参考程度にし、最終判断は必ず公式要項に置きます。

このサイトでは過去問・用語解説・比較表を組み合わせ、品確法・建替円滑化法等の計算・数値問題で迷った論点を解き直せます。間違えた問題は理由を短くメモし、関連用語で定義と選択肢の論点を確認してから同分野へ戻ると定着しやすくなります。",頻出論点,"管理業務主任者試験の品確法・建替円滑化法等の計算・数値問題について、「頻出論点」の観点で整理します。制度・数値・日程は年度や改正で変わるため、学習前と申込前には管理業務主任者試験センター（公式）の最新情報を確認してください。非公式まとめは参考程度にし、最終判断は必ず公式要項に置きます。

このサイトでは過去問・用語解説・比較表を組み合わせ、品確法・建替円滑化法等の計算・数値問題で迷った論点を解き直せます。間違えた問題は理由を短くメモし、関連用語で定義と選択肢の論点を確認してから同分野へ戻ると定着しやすくなります。",過去問での確認方法,"管理業務主任者試験の品確法・建替円滑化法等の計算・数値問題について、「過去問での確認方法」の観点で整理します。制度・数値・日程は年度や改正で変わるため、学習前と申込前には管理業務主任者試験センター（公式）の最新情報を確認してください。非公式まとめは参考程度にし、最終判断は必ず公式要項に置きます。

このサイトでは過去問・用語解説・比較表を組み合わせ、品確法・建替円滑化法等の計算・数値問題で迷った論点を解き直せます。間違えた問題は理由を短くメモし、関連用語で定義と選択肢の論点を確認してから同分野へ戻ると定着しやすくなります。",他分野との関連,"管理業務主任者試験の品確法・建替円滑化法等の計算・数値問題について、「他分野との関連」の観点で整理します。制度・数値・日程は年度や改正で変わるため、学習前と申込前には管理業務主任者試験センター（公式）の最新情報を確認してください。非公式まとめは参考程度にし、最終判断は必ず公式要項に置きます。

このサイトでは過去問・用語解説・比較表を組み合わせ、品確法・建替円滑化法等の計算・数値問題で迷った論点を解き直せます。間違えた問題は理由を短くメモし、関連用語で定義と選択肢の論点を確認してから同分野へ戻ると定着しやすくなります。",,,,,苦手分野だけ先に学べますか？,管理業務主任者試験の品確法・建替円滑化法等の計算・数値問題に関する質問「苦手分野だけ先に学べますか」について、まず公式要項で最新の制度を確認してください。本サイトでは過去問演習と用語解説で、品確法・建替円滑化法等の計算・数値問題の理解度を具体的に確かめられます。数値や期限は資格ごとに異なるため、本文の例は必ず公式情報と照合してください。,分野別の教材は必要ですか？,管理業務主任者試験の品確法・建替円滑化法等の計算・数値問題に関する質問「分野別の教材は必要ですか」について、まず公式要項で最新の制度を確認してください。本サイトでは過去問演習と用語解説で、品確法・建替円滑化法等の計算・数値問題の理解度を具体的に確かめられます。数値や期限は資格ごとに異なるため、本文の例は必ず公式情報と照合してください。,study-plan:学習計画;past-question-strategy:過去問の使い方
field-hinkaku-case-study,分野別対策,管理業務主任者試験の品確法・建替円滑化法等の事例・ケース問題,管理業務主任者試験の事例・ケース問題について、公式情報の確認方法と学習の進め方を整理します。受験前に押さえるべきポイントと、このサイトでの演習・用語解説の活用法を解説します。,特定分野の理解を深めたい人向けに、基礎から演習・復習までの進め方をまとめます。,40,分野別;試験対策,管業マスター編集部,資格学習サイトの編集チーム,公式情報確認担当,公開前に一次情報との照合を行う担当者,2026-05-30,管理業務主任者試験センター（公式）|https://www.mankan.or.jp/,分野別対策向けテンプレートから作成。公開前に本文・参照URL・関連リンクを差し替える。,本記事を読むと、管理業務主任者試験の事例・ケース問題について、公式情報で確認すべき点と、このサイトでの学習の進め方が分かります。読了後は行動チェックリストに沿って演習・用語確認まで進められる状態を目指します。,【行動1】;【行動2】;【行動3】,試験要項・公式ページ更新時に本文と参照元を見直す。,2026-05-30,2026-06-29,2026-05-30,published,ガイド記事テンプレート で 2026-05-30 作成。,分野の位置づけ,"管理業務主任者試験の品確法・建替円滑化法等の事例・ケース問題について、「分野の位置づけ」の観点で整理します。制度・数値・日程は年度や改正で変わるため、学習前と申込前には管理業務主任者試験センター（公式）の最新情報を確認してください。非公式まとめは参考程度にし、最終判断は必ず公式要項に置きます。

このサイトでは過去問・用語解説・比較表を組み合わせ、品確法・建替円滑化法等の事例・ケース問題で迷った論点を解き直せます。間違えた問題は理由を短くメモし、関連用語で定義と選択肢の論点を確認してから同分野へ戻ると定着しやすくなります。",押さえる基礎知識,"管理業務主任者試験の品確法・建替円滑化法等の事例・ケース問題について、「押さえる基礎知識」の観点で整理します。制度・数値・日程は年度や改正で変わるため、学習前と申込前には管理業務主任者試験センター（公式）の最新情報を確認してください。非公式まとめは参考程度にし、最終判断は必ず公式要項に置きます。

このサイトでは過去問・用語解説・比較表を組み合わせ、品確法・建替円滑化法等の事例・ケース問題で迷った論点を解き直せます。間違えた問題は理由を短くメモし、関連用語で定義と選択肢の論点を確認してから同分野へ戻ると定着しやすくなります。",頻出論点,"管理業務主任者試験の品確法・建替円滑化法等の事例・ケース問題について、「頻出論点」の観点で整理します。制度・数値・日程は年度や改正で変わるため、学習前と申込前には管理業務主任者試験センター（公式）の最新情報を確認してください。非公式まとめは参考程度にし、最終判断は必ず公式要項に置きます。

このサイトでは過去問・用語解説・比較表を組み合わせ、品確法・建替円滑化法等の事例・ケース問題で迷った論点を解き直せます。間違えた問題は理由を短くメモし、関連用語で定義と選択肢の論点を確認してから同分野へ戻ると定着しやすくなります。",過去問での確認方法,"管理業務主任者試験の品確法・建替円滑化法等の事例・ケース問題について、「過去問での確認方法」の観点で整理します。制度・数値・日程は年度や改正で変わるため、学習前と申込前には管理業務主任者試験センター（公式）の最新情報を確認してください。非公式まとめは参考程度にし、最終判断は必ず公式要項に置きます。

このサイトでは過去問・用語解説・比較表を組み合わせ、品確法・建替円滑化法等の事例・ケース問題で迷った論点を解き直せます。間違えた問題は理由を短くメモし、関連用語で定義と選択肢の論点を確認してから同分野へ戻ると定着しやすくなります。",他分野との関連,"管理業務主任者試験の品確法・建替円滑化法等の事例・ケース問題について、「他分野との関連」の観点で整理します。制度・数値・日程は年度や改正で変わるため、学習前と申込前には管理業務主任者試験センター（公式）の最新情報を確認してください。非公式まとめは参考程度にし、最終判断は必ず公式要項に置きます。

このサイトでは過去問・用語解説・比較表を組み合わせ、品確法・建替円滑化法等の事例・ケース問題で迷った論点を解き直せます。間違えた問題は理由を短くメモし、関連用語で定義と選択肢の論点を確認してから同分野へ戻ると定着しやすくなります。",,,,,苦手分野だけ先に学べますか？,管理業務主任者試験の品確法・建替円滑化法等の事例・ケース問題に関する質問「苦手分野だけ先に学べますか」について、まず公式要項で最新の制度を確認してください。本サイトでは過去問演習と用語解説で、品確法・建替円滑化法等の事例・ケース問題の理解度を具体的に確かめられます。数値や期限は資格ごとに異なるため、本文の例は必ず公式情報と照合してください。,分野別の教材は必要ですか？,管理業務主任者試験の品確法・建替円滑化法等の事例・ケース問題に関する質問「分野別の教材は必要ですか」について、まず公式要項で最新の制度を確認してください。本サイトでは過去問演習と用語解説で、品確法・建替円滑化法等の事例・ケース問題の理解度を具体的に確かめられます。数値や期限は資格ごとに異なるため、本文の例は必ず公式情報と照合してください。,study-plan:学習計画;past-question-strategy:過去問の使い方
field-hinkaku-past-question-focus,分野別対策,管理業務主任者試験の品確法・建替円滑化法等の過去問での出題傾向,管理業務主任者試験の過去問での出題傾向について、公式情報の確認方法と学習の進め方を整理します。受験前に押さえるべきポイントと、このサイトでの演習・用語解説の活用法を解説します。,特定分野の理解を深めたい人向けに、基礎から演習・復習までの進め方をまとめます。,40,分野別;試験対策,管業マスター編集部,資格学習サイトの編集チーム,公式情報確認担当,公開前に一次情報との照合を行う担当者,2026-05-30,管理業務主任者試験センター（公式）|https://www.mankan.or.jp/,分野別対策向けテンプレートから作成。公開前に本文・参照URL・関連リンクを差し替える。,本記事を読むと、管理業務主任者試験の過去問での出題傾向について、公式情報で確認すべき点と、このサイトでの学習の進め方が分かります。読了後は行動チェックリストに沿って演習・用語確認まで進められる状態を目指します。,【行動1】;【行動2】;【行動3】,試験要項・公式ページ更新時に本文と参照元を見直す。,2026-05-30,2026-06-29,2026-05-30,published,ガイド記事テンプレート で 2026-05-30 作成。,分野の位置づけ,"管理業務主任者試験の品確法・建替円滑化法等の過去問での出題傾向について、「分野の位置づけ」の観点で整理します。制度・数値・日程は年度や改正で変わるため、学習前と申込前には管理業務主任者試験センター（公式）の最新情報を確認してください。非公式まとめは参考程度にし、最終判断は必ず公式要項に置きます。

このサイトでは過去問・用語解説・比較表を組み合わせ、品確法・建替円滑化法等の過去問での出題傾向で迷った論点を解き直せます。間違えた問題は理由を短くメモし、関連用語で定義と選択肢の論点を確認してから同分野へ戻ると定着しやすくなります。",押さえる基礎知識,"管理業務主任者試験の品確法・建替円滑化法等の過去問での出題傾向について、「押さえる基礎知識」の観点で整理します。制度・数値・日程は年度や改正で変わるため、学習前と申込前には管理業務主任者試験センター（公式）の最新情報を確認してください。非公式まとめは参考程度にし、最終判断は必ず公式要項に置きます。

このサイトでは過去問・用語解説・比較表を組み合わせ、品確法・建替円滑化法等の過去問での出題傾向で迷った論点を解き直せます。間違えた問題は理由を短くメモし、関連用語で定義と選択肢の論点を確認してから同分野へ戻ると定着しやすくなります。",頻出論点,"管理業務主任者試験の品確法・建替円滑化法等の過去問での出題傾向について、「頻出論点」の観点で整理します。制度・数値・日程は年度や改正で変わるため、学習前と申込前には管理業務主任者試験センター（公式）の最新情報を確認してください。非公式まとめは参考程度にし、最終判断は必ず公式要項に置きます。

このサイトでは過去問・用語解説・比較表を組み合わせ、品確法・建替円滑化法等の過去問での出題傾向で迷った論点を解き直せます。間違えた問題は理由を短くメモし、関連用語で定義と選択肢の論点を確認してから同分野へ戻ると定着しやすくなります。",過去問での確認方法,"管理業務主任者試験の品確法・建替円滑化法等の過去問での出題傾向について、「過去問での確認方法」の観点で整理します。制度・数値・日程は年度や改正で変わるため、学習前と申込前には管理業務主任者試験センター（公式）の最新情報を確認してください。非公式まとめは参考程度にし、最終判断は必ず公式要項に置きます。

このサイトでは過去問・用語解説・比較表を組み合わせ、品確法・建替円滑化法等の過去問での出題傾向で迷った論点を解き直せます。間違えた問題は理由を短くメモし、関連用語で定義と選択肢の論点を確認してから同分野へ戻ると定着しやすくなります。",他分野との関連,"管理業務主任者試験の品確法・建替円滑化法等の過去問での出題傾向について、「他分野との関連」の観点で整理します。制度・数値・日程は年度や改正で変わるため、学習前と申込前には管理業務主任者試験センター（公式）の最新情報を確認してください。非公式まとめは参考程度にし、最終判断は必ず公式要項に置きます。

このサイトでは過去問・用語解説・比較表を組み合わせ、品確法・建替円滑化法等の過去問での出題傾向で迷った論点を解き直せます。間違えた問題は理由を短くメモし、関連用語で定義と選択肢の論点を確認してから同分野へ戻ると定着しやすくなります。",,,,,苦手分野だけ先に学べますか？,管理業務主任者試験の品確法・建替円滑化法等の過去問での出題傾向に関する質問「苦手分野だけ先に学べますか」について、まず公式要項で最新の制度を確認してください。本サイトでは過去問演習と用語解説で、品確法・建替円滑化法等の過去問での出題傾向の理解度を具体的に確かめられます。数値や期限は資格ごとに異なるため、本文の例は必ず公式情報と照合してください。,分野別の教材は必要ですか？,管理業務主任者試験の品確法・建替円滑化法等の過去問での出題傾向に関する質問「分野別の教材は必要ですか」について、まず公式要項で最新の制度を確認してください。本サイトでは過去問演習と用語解説で、品確法・建替円滑化法等の過去問での出題傾向の理解度を具体的に確かめられます。数値や期限は資格ごとに異なるため、本文の例は必ず公式情報と照合してください。,study-plan:学習計画;past-question-strategy:過去問の使い方
field-cross-basics,分野別対策,管理業務主任者試験の判例・横断総合の基礎の押さえ方,管理業務主任者試験の押さえ方について、公式情報の確認方法と学習の進め方を整理します。受験前に押さえるべきポイントと、このサイトでの演習・用語解説の活用法を解説します。,特定分野の理解を深めたい人向けに、基礎から演習・復習までの進め方をまとめます。,40,分野別;試験対策,管業マスター編集部,資格学習サイトの編集チーム,公式情報確認担当,公開前に一次情報との照合を行う担当者,2026-05-30,管理業務主任者試験センター（公式）|https://www.mankan.or.jp/,分野別対策向けテンプレートから作成。公開前に本文・参照URL・関連リンクを差し替える。,本記事を読むと、管理業務主任者試験の押さえ方について、公式情報で確認すべき点と、このサイトでの学習の進め方が分かります。読了後は行動チェックリストに沿って演習・用語確認まで進められる状態を目指します。,【行動1】;【行動2】;【行動3】,試験要項・公式ページ更新時に本文と参照元を見直す。,2026-05-30,2026-06-29,2026-05-30,published,ガイド記事テンプレート で 2026-05-30 作成。,分野の位置づけ,"管理業務主任者試験の判例・横断総合の基礎の押さえ方について、「分野の位置づけ」の観点で整理します。制度・数値・日程は年度や改正で変わるため、学習前と申込前には管理業務主任者試験センター（公式）の最新情報を確認してください。非公式まとめは参考程度にし、最終判断は必ず公式要項に置きます。

このサイトでは過去問・用語解説・比較表を組み合わせ、判例・横断総合の基礎の押さえ方で迷った論点を解き直せます。間違えた問題は理由を短くメモし、関連用語で定義と選択肢の論点を確認してから同分野へ戻ると定着しやすくなります。",押さえる基礎知識,"管理業務主任者試験の判例・横断総合の基礎の押さえ方について、「押さえる基礎知識」の観点で整理します。制度・数値・日程は年度や改正で変わるため、学習前と申込前には管理業務主任者試験センター（公式）の最新情報を確認してください。非公式まとめは参考程度にし、最終判断は必ず公式要項に置きます。

このサイトでは過去問・用語解説・比較表を組み合わせ、判例・横断総合の基礎の押さえ方で迷った論点を解き直せます。間違えた問題は理由を短くメモし、関連用語で定義と選択肢の論点を確認してから同分野へ戻ると定着しやすくなります。",頻出論点,"管理業務主任者試験の判例・横断総合の基礎の押さえ方について、「頻出論点」の観点で整理します。制度・数値・日程は年度や改正で変わるため、学習前と申込前には管理業務主任者試験センター（公式）の最新情報を確認してください。非公式まとめは参考程度にし、最終判断は必ず公式要項に置きます。

このサイトでは過去問・用語解説・比較表を組み合わせ、判例・横断総合の基礎の押さえ方で迷った論点を解き直せます。間違えた問題は理由を短くメモし、関連用語で定義と選択肢の論点を確認してから同分野へ戻ると定着しやすくなります。",過去問での確認方法,"管理業務主任者試験の判例・横断総合の基礎の押さえ方について、「過去問での確認方法」の観点で整理します。制度・数値・日程は年度や改正で変わるため、学習前と申込前には管理業務主任者試験センター（公式）の最新情報を確認してください。非公式まとめは参考程度にし、最終判断は必ず公式要項に置きます。

このサイトでは過去問・用語解説・比較表を組み合わせ、判例・横断総合の基礎の押さえ方で迷った論点を解き直せます。間違えた問題は理由を短くメモし、関連用語で定義と選択肢の論点を確認してから同分野へ戻ると定着しやすくなります。",他分野との関連,"管理業務主任者試験の判例・横断総合の基礎の押さえ方について、「他分野との関連」の観点で整理します。制度・数値・日程は年度や改正で変わるため、学習前と申込前には管理業務主任者試験センター（公式）の最新情報を確認してください。非公式まとめは参考程度にし、最終判断は必ず公式要項に置きます。

このサイトでは過去問・用語解説・比較表を組み合わせ、判例・横断総合の基礎の押さえ方で迷った論点を解き直せます。間違えた問題は理由を短くメモし、関連用語で定義と選択肢の論点を確認してから同分野へ戻ると定着しやすくなります。",,,,,苦手分野だけ先に学べますか？,管理業務主任者試験の判例・横断総合の基礎の押さえ方に関する質問「苦手分野だけ先に学べますか」について、まず公式要項で最新の制度を確認してください。本サイトでは過去問演習と用語解説で、判例・横断総合の基礎の押さえ方の理解度を具体的に確かめられます。数値や期限は資格ごとに異なるため、本文の例は必ず公式情報と照合してください。,分野別の教材は必要ですか？,管理業務主任者試験の判例・横断総合の基礎の押さえ方に関する質問「分野別の教材は必要ですか」について、まず公式要項で最新の制度を確認してください。本サイトでは過去問演習と用語解説で、判例・横断総合の基礎の押さえ方の理解度を具体的に確かめられます。数値や期限は資格ごとに異なるため、本文の例は必ず公式情報と照合してください。,study-plan:学習計画;past-question-strategy:過去問の使い方
field-cross-frequent-topics,分野別対策,管理業務主任者試験の判例・横断総合の頻出論点,管理業務主任者試験の頻出論点について、公式情報の確認方法と学習の進め方を整理します。受験前に押さえるべきポイントと、このサイトでの演習・用語解説の活用法を解説します。,特定分野の理解を深めたい人向けに、基礎から演習・復習までの進め方をまとめます。,40,分野別;試験対策,管業マスター編集部,資格学習サイトの編集チーム,公式情報確認担当,公開前に一次情報との照合を行う担当者,2026-05-30,管理業務主任者試験センター（公式）|https://www.mankan.or.jp/,分野別対策向けテンプレートから作成。公開前に本文・参照URL・関連リンクを差し替える。,本記事を読むと、管理業務主任者試験の頻出論点について、公式情報で確認すべき点と、このサイトでの学習の進め方が分かります。読了後は行動チェックリストに沿って演習・用語確認まで進められる状態を目指します。,【行動1】;【行動2】;【行動3】,試験要項・公式ページ更新時に本文と参照元を見直す。,2026-05-30,2026-06-29,2026-05-30,published,ガイド記事テンプレート で 2026-05-30 作成。,分野の位置づけ,"管理業務主任者試験の判例・横断総合の頻出論点について、「分野の位置づけ」の観点で整理します。制度・数値・日程は年度や改正で変わるため、学習前と申込前には管理業務主任者試験センター（公式）の最新情報を確認してください。非公式まとめは参考程度にし、最終判断は必ず公式要項に置きます。

このサイトでは過去問・用語解説・比較表を組み合わせ、判例・横断総合の頻出論点で迷った論点を解き直せます。間違えた問題は理由を短くメモし、関連用語で定義と選択肢の論点を確認してから同分野へ戻ると定着しやすくなります。",押さえる基礎知識,"管理業務主任者試験の判例・横断総合の頻出論点について、「押さえる基礎知識」の観点で整理します。制度・数値・日程は年度や改正で変わるため、学習前と申込前には管理業務主任者試験センター（公式）の最新情報を確認してください。非公式まとめは参考程度にし、最終判断は必ず公式要項に置きます。

このサイトでは過去問・用語解説・比較表を組み合わせ、判例・横断総合の頻出論点で迷った論点を解き直せます。間違えた問題は理由を短くメモし、関連用語で定義と選択肢の論点を確認してから同分野へ戻ると定着しやすくなります。",頻出論点,"管理業務主任者試験の判例・横断総合の頻出論点について、「頻出論点」の観点で整理します。制度・数値・日程は年度や改正で変わるため、学習前と申込前には管理業務主任者試験センター（公式）の最新情報を確認してください。非公式まとめは参考程度にし、最終判断は必ず公式要項に置きます。

このサイトでは過去問・用語解説・比較表を組み合わせ、判例・横断総合の頻出論点で迷った論点を解き直せます。間違えた問題は理由を短くメモし、関連用語で定義と選択肢の論点を確認してから同分野へ戻ると定着しやすくなります。",過去問での確認方法,"管理業務主任者試験の判例・横断総合の頻出論点について、「過去問での確認方法」の観点で整理します。制度・数値・日程は年度や改正で変わるため、学習前と申込前には管理業務主任者試験センター（公式）の最新情報を確認してください。非公式まとめは参考程度にし、最終判断は必ず公式要項に置きます。

このサイトでは過去問・用語解説・比較表を組み合わせ、判例・横断総合の頻出論点で迷った論点を解き直せます。間違えた問題は理由を短くメモし、関連用語で定義と選択肢の論点を確認してから同分野へ戻ると定着しやすくなります。",他分野との関連,"管理業務主任者試験の判例・横断総合の頻出論点について、「他分野との関連」の観点で整理します。制度・数値・日程は年度や改正で変わるため、学習前と申込前には管理業務主任者試験センター（公式）の最新情報を確認してください。非公式まとめは参考程度にし、最終判断は必ず公式要項に置きます。

このサイトでは過去問・用語解説・比較表を組み合わせ、判例・横断総合の頻出論点で迷った論点を解き直せます。間違えた問題は理由を短くメモし、関連用語で定義と選択肢の論点を確認してから同分野へ戻ると定着しやすくなります。",,,,,苦手分野だけ先に学べますか？,管理業務主任者試験の判例・横断総合の頻出論点に関する質問「苦手分野だけ先に学べますか」について、まず公式要項で最新の制度を確認してください。本サイトでは過去問演習と用語解説で、判例・横断総合の頻出論点の理解度を具体的に確かめられます。数値や期限は資格ごとに異なるため、本文の例は必ず公式情報と照合してください。,分野別の教材は必要ですか？,管理業務主任者試験の判例・横断総合の頻出論点に関する質問「分野別の教材は必要ですか」について、まず公式要項で最新の制度を確認してください。本サイトでは過去問演習と用語解説で、判例・横断総合の頻出論点の理解度を具体的に確かめられます。数値や期限は資格ごとに異なるため、本文の例は必ず公式情報と照合してください。,study-plan:学習計画;past-question-strategy:過去問の使い方
field-cross-calculation,分野別対策,管理業務主任者試験の判例・横断総合の計算・数値問題,管理業務主任者試験の計算・数値問題について、公式情報の確認方法と学習の進め方を整理します。受験前に押さえるべきポイントと、このサイトでの演習・用語解説の活用法を解説します。,特定分野の理解を深めたい人向けに、基礎から演習・復習までの進め方をまとめます。,40,分野別;試験対策,管業マスター編集部,資格学習サイトの編集チーム,公式情報確認担当,公開前に一次情報との照合を行う担当者,2026-05-30,管理業務主任者試験センター（公式）|https://www.mankan.or.jp/,分野別対策向けテンプレートから作成。公開前に本文・参照URL・関連リンクを差し替える。,本記事を読むと、管理業務主任者試験の計算・数値問題について、公式情報で確認すべき点と、このサイトでの学習の進め方が分かります。読了後は行動チェックリストに沿って演習・用語確認まで進められる状態を目指します。,【行動1】;【行動2】;【行動3】,試験要項・公式ページ更新時に本文と参照元を見直す。,2026-05-30,2026-06-29,2026-05-30,published,ガイド記事テンプレート で 2026-05-30 作成。,分野の位置づけ,"管理業務主任者試験の判例・横断総合の計算・数値問題について、「分野の位置づけ」の観点で整理します。制度・数値・日程は年度や改正で変わるため、学習前と申込前には管理業務主任者試験センター（公式）の最新情報を確認してください。非公式まとめは参考程度にし、最終判断は必ず公式要項に置きます。

このサイトでは過去問・用語解説・比較表を組み合わせ、判例・横断総合の計算・数値問題で迷った論点を解き直せます。間違えた問題は理由を短くメモし、関連用語で定義と選択肢の論点を確認してから同分野へ戻ると定着しやすくなります。",押さえる基礎知識,"管理業務主任者試験の判例・横断総合の計算・数値問題について、「押さえる基礎知識」の観点で整理します。制度・数値・日程は年度や改正で変わるため、学習前と申込前には管理業務主任者試験センター（公式）の最新情報を確認してください。非公式まとめは参考程度にし、最終判断は必ず公式要項に置きます。

このサイトでは過去問・用語解説・比較表を組み合わせ、判例・横断総合の計算・数値問題で迷った論点を解き直せます。間違えた問題は理由を短くメモし、関連用語で定義と選択肢の論点を確認してから同分野へ戻ると定着しやすくなります。",頻出論点,"管理業務主任者試験の判例・横断総合の計算・数値問題について、「頻出論点」の観点で整理します。制度・数値・日程は年度や改正で変わるため、学習前と申込前には管理業務主任者試験センター（公式）の最新情報を確認してください。非公式まとめは参考程度にし、最終判断は必ず公式要項に置きます。

このサイトでは過去問・用語解説・比較表を組み合わせ、判例・横断総合の計算・数値問題で迷った論点を解き直せます。間違えた問題は理由を短くメモし、関連用語で定義と選択肢の論点を確認してから同分野へ戻ると定着しやすくなります。",過去問での確認方法,"管理業務主任者試験の判例・横断総合の計算・数値問題について、「過去問での確認方法」の観点で整理します。制度・数値・日程は年度や改正で変わるため、学習前と申込前には管理業務主任者試験センター（公式）の最新情報を確認してください。非公式まとめは参考程度にし、最終判断は必ず公式要項に置きます。

このサイトでは過去問・用語解説・比較表を組み合わせ、判例・横断総合の計算・数値問題で迷った論点を解き直せます。間違えた問題は理由を短くメモし、関連用語で定義と選択肢の論点を確認してから同分野へ戻ると定着しやすくなります。",他分野との関連,"管理業務主任者試験の判例・横断総合の計算・数値問題について、「他分野との関連」の観点で整理します。制度・数値・日程は年度や改正で変わるため、学習前と申込前には管理業務主任者試験センター（公式）の最新情報を確認してください。非公式まとめは参考程度にし、最終判断は必ず公式要項に置きます。

このサイトでは過去問・用語解説・比較表を組み合わせ、判例・横断総合の計算・数値問題で迷った論点を解き直せます。間違えた問題は理由を短くメモし、関連用語で定義と選択肢の論点を確認してから同分野へ戻ると定着しやすくなります。",,,,,苦手分野だけ先に学べますか？,管理業務主任者試験の判例・横断総合の計算・数値問題に関する質問「苦手分野だけ先に学べますか」について、まず公式要項で最新の制度を確認してください。本サイトでは過去問演習と用語解説で、判例・横断総合の計算・数値問題の理解度を具体的に確かめられます。数値や期限は資格ごとに異なるため、本文の例は必ず公式情報と照合してください。,分野別の教材は必要ですか？,管理業務主任者試験の判例・横断総合の計算・数値問題に関する質問「分野別の教材は必要ですか」について、まず公式要項で最新の制度を確認してください。本サイトでは過去問演習と用語解説で、判例・横断総合の計算・数値問題の理解度を具体的に確かめられます。数値や期限は資格ごとに異なるため、本文の例は必ず公式情報と照合してください。,study-plan:学習計画;past-question-strategy:過去問の使い方
field-cross-case-study,分野別対策,管理業務主任者試験の判例・横断総合の事例・ケース問題,管理業務主任者試験の事例・ケース問題について、公式情報の確認方法と学習の進め方を整理します。受験前に押さえるべきポイントと、このサイトでの演習・用語解説の活用法を解説します。,特定分野の理解を深めたい人向けに、基礎から演習・復習までの進め方をまとめます。,40,分野別;試験対策,管業マスター編集部,資格学習サイトの編集チーム,公式情報確認担当,公開前に一次情報との照合を行う担当者,2026-05-30,管理業務主任者試験センター（公式）|https://www.mankan.or.jp/,分野別対策向けテンプレートから作成。公開前に本文・参照URL・関連リンクを差し替える。,本記事を読むと、管理業務主任者試験の事例・ケース問題について、公式情報で確認すべき点と、このサイトでの学習の進め方が分かります。読了後は行動チェックリストに沿って演習・用語確認まで進められる状態を目指します。,【行動1】;【行動2】;【行動3】,試験要項・公式ページ更新時に本文と参照元を見直す。,2026-05-30,2026-06-29,2026-05-30,published,ガイド記事テンプレート で 2026-05-30 作成。,分野の位置づけ,"管理業務主任者試験の判例・横断総合の事例・ケース問題について、「分野の位置づけ」の観点で整理します。制度・数値・日程は年度や改正で変わるため、学習前と申込前には管理業務主任者試験センター（公式）の最新情報を確認してください。非公式まとめは参考程度にし、最終判断は必ず公式要項に置きます。

このサイトでは過去問・用語解説・比較表を組み合わせ、判例・横断総合の事例・ケース問題で迷った論点を解き直せます。間違えた問題は理由を短くメモし、関連用語で定義と選択肢の論点を確認してから同分野へ戻ると定着しやすくなります。",押さえる基礎知識,"管理業務主任者試験の判例・横断総合の事例・ケース問題について、「押さえる基礎知識」の観点で整理します。制度・数値・日程は年度や改正で変わるため、学習前と申込前には管理業務主任者試験センター（公式）の最新情報を確認してください。非公式まとめは参考程度にし、最終判断は必ず公式要項に置きます。

このサイトでは過去問・用語解説・比較表を組み合わせ、判例・横断総合の事例・ケース問題で迷った論点を解き直せます。間違えた問題は理由を短くメモし、関連用語で定義と選択肢の論点を確認してから同分野へ戻ると定着しやすくなります。",頻出論点,"管理業務主任者試験の判例・横断総合の事例・ケース問題について、「頻出論点」の観点で整理します。制度・数値・日程は年度や改正で変わるため、学習前と申込前には管理業務主任者試験センター（公式）の最新情報を確認してください。非公式まとめは参考程度にし、最終判断は必ず公式要項に置きます。

このサイトでは過去問・用語解説・比較表を組み合わせ、判例・横断総合の事例・ケース問題で迷った論点を解き直せます。間違えた問題は理由を短くメモし、関連用語で定義と選択肢の論点を確認してから同分野へ戻ると定着しやすくなります。",過去問での確認方法,"管理業務主任者試験の判例・横断総合の事例・ケース問題について、「過去問での確認方法」の観点で整理します。制度・数値・日程は年度や改正で変わるため、学習前と申込前には管理業務主任者試験センター（公式）の最新情報を確認してください。非公式まとめは参考程度にし、最終判断は必ず公式要項に置きます。

このサイトでは過去問・用語解説・比較表を組み合わせ、判例・横断総合の事例・ケース問題で迷った論点を解き直せます。間違えた問題は理由を短くメモし、関連用語で定義と選択肢の論点を確認してから同分野へ戻ると定着しやすくなります。",他分野との関連,"管理業務主任者試験の判例・横断総合の事例・ケース問題について、「他分野との関連」の観点で整理します。制度・数値・日程は年度や改正で変わるため、学習前と申込前には管理業務主任者試験センター（公式）の最新情報を確認してください。非公式まとめは参考程度にし、最終判断は必ず公式要項に置きます。

このサイトでは過去問・用語解説・比較表を組み合わせ、判例・横断総合の事例・ケース問題で迷った論点を解き直せます。間違えた問題は理由を短くメモし、関連用語で定義と選択肢の論点を確認してから同分野へ戻ると定着しやすくなります。",,,,,苦手分野だけ先に学べますか？,管理業務主任者試験の判例・横断総合の事例・ケース問題に関する質問「苦手分野だけ先に学べますか」について、まず公式要項で最新の制度を確認してください。本サイトでは過去問演習と用語解説で、判例・横断総合の事例・ケース問題の理解度を具体的に確かめられます。数値や期限は資格ごとに異なるため、本文の例は必ず公式情報と照合してください。,分野別の教材は必要ですか？,管理業務主任者試験の判例・横断総合の事例・ケース問題に関する質問「分野別の教材は必要ですか」について、まず公式要項で最新の制度を確認してください。本サイトでは過去問演習と用語解説で、判例・横断総合の事例・ケース問題の理解度を具体的に確かめられます。数値や期限は資格ごとに異なるため、本文の例は必ず公式情報と照合してください。,study-plan:学習計画;past-question-strategy:過去問の使い方
field-cross-past-question-focus,分野別対策,管理業務主任者試験の判例・横断総合の過去問での出題傾向,管理業務主任者試験の出題傾向について、公式情報の確認方法と学習の進め方を整理します。受験前に押さえるべきポイントと、このサイトでの演習・用語解説の活用法を解説します。,特定分野の理解を深めたい人向けに、基礎から演習・復習までの進め方をまとめます。,40,分野別;試験対策,管業マスター編集部,資格学習サイトの編集チーム,公式情報確認担当,公開前に一次情報との照合を行う担当者,2026-05-30,管理業務主任者試験センター（公式）|https://www.mankan.or.jp/,分野別対策向けテンプレートから作成。公開前に本文・参照URL・関連リンクを差し替える。,本記事を読むと、管理業務主任者試験の出題傾向について、公式情報で確認すべき点と、このサイトでの学習の進め方が分かります。読了後は行動チェックリストに沿って演習・用語確認まで進められる状態を目指します。,【行動1】;【行動2】;【行動3】,試験要項・公式ページ更新時に本文と参照元を見直す。,2026-05-30,2026-06-29,2026-05-30,published,ガイド記事テンプレート で 2026-05-30 作成。,分野の位置づけ,"管理業務主任者試験の判例・横断総合の過去問での出題傾向について、「分野の位置づけ」の観点で整理します。制度・数値・日程は年度や改正で変わるため、学習前と申込前には管理業務主任者試験センター（公式）の最新情報を確認してください。非公式まとめは参考程度にし、最終判断は必ず公式要項に置きます。

このサイトでは過去問・用語解説・比較表を組み合わせ、判例・横断総合の過去問での出題傾向で迷った論点を解き直せます。間違えた問題は理由を短くメモし、関連用語で定義と選択肢の論点を確認してから同分野へ戻ると定着しやすくなります。",押さえる基礎知識,"管理業務主任者試験の判例・横断総合の過去問での出題傾向について、「押さえる基礎知識」の観点で整理します。制度・数値・日程は年度や改正で変わるため、学習前と申込前には管理業務主任者試験センター（公式）の最新情報を確認してください。非公式まとめは参考程度にし、最終判断は必ず公式要項に置きます。

このサイトでは過去問・用語解説・比較表を組み合わせ、判例・横断総合の過去問での出題傾向で迷った論点を解き直せます。間違えた問題は理由を短くメモし、関連用語で定義と選択肢の論点を確認してから同分野へ戻ると定着しやすくなります。",頻出論点,"管理業務主任者試験の判例・横断総合の過去問での出題傾向について、「頻出論点」の観点で整理します。制度・数値・日程は年度や改正で変わるため、学習前と申込前には管理業務主任者試験センター（公式）の最新情報を確認してください。非公式まとめは参考程度にし、最終判断は必ず公式要項に置きます。

このサイトでは過去問・用語解説・比較表を組み合わせ、判例・横断総合の過去問での出題傾向で迷った論点を解き直せます。間違えた問題は理由を短くメモし、関連用語で定義と選択肢の論点を確認してから同分野へ戻ると定着しやすくなります。",過去問での確認方法,"管理業務主任者試験の判例・横断総合の過去問での出題傾向について、「過去問での確認方法」の観点で整理します。制度・数値・日程は年度や改正で変わるため、学習前と申込前には管理業務主任者試験センター（公式）の最新情報を確認してください。非公式まとめは参考程度にし、最終判断は必ず公式要項に置きます。

このサイトでは過去問・用語解説・比較表を組み合わせ、判例・横断総合の過去問での出題傾向で迷った論点を解き直せます。間違えた問題は理由を短くメモし、関連用語で定義と選択肢の論点を確認してから同分野へ戻ると定着しやすくなります。",他分野との関連,"管理業務主任者試験の判例・横断総合の過去問での出題傾向について、「他分野との関連」の観点で整理します。制度・数値・日程は年度や改正で変わるため、学習前と申込前には管理業務主任者試験センター（公式）の最新情報を確認してください。非公式まとめは参考程度にし、最終判断は必ず公式要項に置きます。

このサイトでは過去問・用語解説・比較表を組み合わせ、判例・横断総合の過去問での出題傾向で迷った論点を解き直せます。間違えた問題は理由を短くメモし、関連用語で定義と選択肢の論点を確認してから同分野へ戻ると定着しやすくなります。",,,,,苦手分野だけ先に学べますか？,管理業務主任者試験の判例・横断総合の過去問での出題傾向に関する質問「苦手分野だけ先に学べますか」について、まず公式要項で最新の制度を確認してください。本サイトでは過去問演習と用語解説で、判例・横断総合の過去問での出題傾向の理解度を具体的に確かめられます。数値や期限は資格ごとに異なるため、本文の例は必ず公式情報と照合してください。,分野別の教材は必要ですか？,管理業務主任者試験の判例・横断総合の過去問での出題傾向に関する質問「分野別の教材は必要ですか」について、まず公式要項で最新の制度を確認してください。本サイトでは過去問演習と用語解説で、判例・横断総合の過去問での出題傾向の理解度を具体的に確かめられます。数値や期限は資格ごとに異なるため、本文の例は必ず公式情報と照合してください。,study-plan:学習計画;past-question-strategy:過去問の使い方
field-itaku-basics,分野別対策,管理業務主任者試験の標準管理委託契約書・指針の基礎の押さえ方,管理業務主任者試験の基礎の押さえ方について、公式情報の確認方法と学習の進め方を整理します。受験前に押さえるべきポイントと、このサイトでの演習・用語解説の活用法を解説します。,特定分野の理解を深めたい人向けに、基礎から演習・復習までの進め方をまとめます。,40,分野別;試験対策,管業マスター編集部,資格学習サイトの編集チーム,公式情報確認担当,公開前に一次情報との照合を行う担当者,2026-05-30,管理業務主任者試験センター（公式）|https://www.mankan.or.jp/,分野別対策向けテンプレートから作成。公開前に本文・参照URL・関連リンクを差し替える。,本記事を読むと、管理業務主任者試験の基礎の押さえ方について、公式情報で確認すべき点と、このサイトでの学習の進め方が分かります。読了後は行動チェックリストに沿って演習・用語確認まで進められる状態を目指します。,【行動1】;【行動2】;【行動3】,試験要項・公式ページ更新時に本文と参照元を見直す。,2026-05-30,2026-06-29,2026-05-30,published,ガイド記事テンプレート で 2026-05-30 作成。,分野の位置づけ,"管理業務主任者試験の標準管理委託契約書・指針の基礎の押さえ方について、「分野の位置づけ」の観点で整理します。制度・数値・日程は年度や改正で変わるため、学習前と申込前には管理業務主任者試験センター（公式）の最新情報を確認してください。非公式まとめは参考程度にし、最終判断は必ず公式要項に置きます。

このサイトでは過去問・用語解説・比較表を組み合わせ、標準管理委託契約書・指針の基礎の押さえ方で迷った論点を解き直せます。間違えた問題は理由を短くメモし、関連用語で定義と選択肢の論点を確認してから同分野へ戻ると定着しやすくなります。",押さえる基礎知識,"管理業務主任者試験の標準管理委託契約書・指針の基礎の押さえ方について、「押さえる基礎知識」の観点で整理します。制度・数値・日程は年度や改正で変わるため、学習前と申込前には管理業務主任者試験センター（公式）の最新情報を確認してください。非公式まとめは参考程度にし、最終判断は必ず公式要項に置きます。

このサイトでは過去問・用語解説・比較表を組み合わせ、標準管理委託契約書・指針の基礎の押さえ方で迷った論点を解き直せます。間違えた問題は理由を短くメモし、関連用語で定義と選択肢の論点を確認してから同分野へ戻ると定着しやすくなります。",頻出論点,"管理業務主任者試験の標準管理委託契約書・指針の基礎の押さえ方について、「頻出論点」の観点で整理します。制度・数値・日程は年度や改正で変わるため、学習前と申込前には管理業務主任者試験センター（公式）の最新情報を確認してください。非公式まとめは参考程度にし、最終判断は必ず公式要項に置きます。

このサイトでは過去問・用語解説・比較表を組み合わせ、標準管理委託契約書・指針の基礎の押さえ方で迷った論点を解き直せます。間違えた問題は理由を短くメモし、関連用語で定義と選択肢の論点を確認してから同分野へ戻ると定着しやすくなります。",過去問での確認方法,"管理業務主任者試験の標準管理委託契約書・指針の基礎の押さえ方について、「過去問での確認方法」の観点で整理します。制度・数値・日程は年度や改正で変わるため、学習前と申込前には管理業務主任者試験センター（公式）の最新情報を確認してください。非公式まとめは参考程度にし、最終判断は必ず公式要項に置きます。

このサイトでは過去問・用語解説・比較表を組み合わせ、標準管理委託契約書・指針の基礎の押さえ方で迷った論点を解き直せます。間違えた問題は理由を短くメモし、関連用語で定義と選択肢の論点を確認してから同分野へ戻ると定着しやすくなります。",他分野との関連,"管理業務主任者試験の標準管理委託契約書・指針の基礎の押さえ方について、「他分野との関連」の観点で整理します。制度・数値・日程は年度や改正で変わるため、学習前と申込前には管理業務主任者試験センター（公式）の最新情報を確認してください。非公式まとめは参考程度にし、最終判断は必ず公式要項に置きます。

このサイトでは過去問・用語解説・比較表を組み合わせ、標準管理委託契約書・指針の基礎の押さえ方で迷った論点を解き直せます。間違えた問題は理由を短くメモし、関連用語で定義と選択肢の論点を確認してから同分野へ戻ると定着しやすくなります。",,,,,苦手分野だけ先に学べますか？,管理業務主任者試験の標準管理委託契約書・指針の基礎の押さえ方に関する質問「苦手分野だけ先に学べますか」について、まず公式要項で最新の制度を確認してください。本サイトでは過去問演習と用語解説で、標準管理委託契約書・指針の基礎の押さえ方の理解度を具体的に確かめられます。数値や期限は資格ごとに異なるため、本文の例は必ず公式情報と照合してください。,分野別の教材は必要ですか？,管理業務主任者試験の標準管理委託契約書・指針の基礎の押さえ方に関する質問「分野別の教材は必要ですか」について、まず公式要項で最新の制度を確認してください。本サイトでは過去問演習と用語解説で、標準管理委託契約書・指針の基礎の押さえ方の理解度を具体的に確かめられます。数値や期限は資格ごとに異なるため、本文の例は必ず公式情報と照合してください。,study-plan:学習計画;past-question-strategy:過去問の使い方
field-itaku-frequent-topics,分野別対策,管理業務主任者試験の標準管理委託契約書・指針の頻出論点,管理業務主任者試験の頻出論点について、公式情報の確認方法と学習の進め方を整理します。受験前に押さえるべきポイントと、このサイトでの演習・用語解説の活用法を解説します。,特定分野の理解を深めたい人向けに、基礎から演習・復習までの進め方をまとめます。,40,分野別;試験対策,管業マスター編集部,資格学習サイトの編集チーム,公式情報確認担当,公開前に一次情報との照合を行う担当者,2026-05-30,管理業務主任者試験センター（公式）|https://www.mankan.or.jp/,分野別対策向けテンプレートから作成。公開前に本文・参照URL・関連リンクを差し替える。,本記事を読むと、管理業務主任者試験の頻出論点について、公式情報で確認すべき点と、このサイトでの学習の進め方が分かります。読了後は行動チェックリストに沿って演習・用語確認まで進められる状態を目指します。,【行動1】;【行動2】;【行動3】,試験要項・公式ページ更新時に本文と参照元を見直す。,2026-05-30,2026-06-29,2026-05-30,published,ガイド記事テンプレート で 2026-05-30 作成。,分野の位置づけ,"管理業務主任者試験の標準管理委託契約書・指針の頻出論点について、「分野の位置づけ」の観点で整理します。制度・数値・日程は年度や改正で変わるため、学習前と申込前には管理業務主任者試験センター（公式）の最新情報を確認してください。非公式まとめは参考程度にし、最終判断は必ず公式要項に置きます。

このサイトでは過去問・用語解説・比較表を組み合わせ、標準管理委託契約書・指針の頻出論点で迷った論点を解き直せます。間違えた問題は理由を短くメモし、関連用語で定義と選択肢の論点を確認してから同分野へ戻ると定着しやすくなります。",押さえる基礎知識,"管理業務主任者試験の標準管理委託契約書・指針の頻出論点について、「押さえる基礎知識」の観点で整理します。制度・数値・日程は年度や改正で変わるため、学習前と申込前には管理業務主任者試験センター（公式）の最新情報を確認してください。非公式まとめは参考程度にし、最終判断は必ず公式要項に置きます。

このサイトでは過去問・用語解説・比較表を組み合わせ、標準管理委託契約書・指針の頻出論点で迷った論点を解き直せます。間違えた問題は理由を短くメモし、関連用語で定義と選択肢の論点を確認してから同分野へ戻ると定着しやすくなります。",頻出論点,"管理業務主任者試験の標準管理委託契約書・指針の頻出論点について、「頻出論点」の観点で整理します。制度・数値・日程は年度や改正で変わるため、学習前と申込前には管理業務主任者試験センター（公式）の最新情報を確認してください。非公式まとめは参考程度にし、最終判断は必ず公式要項に置きます。

このサイトでは過去問・用語解説・比較表を組み合わせ、標準管理委託契約書・指針の頻出論点で迷った論点を解き直せます。間違えた問題は理由を短くメモし、関連用語で定義と選択肢の論点を確認してから同分野へ戻ると定着しやすくなります。",過去問での確認方法,"管理業務主任者試験の標準管理委託契約書・指針の頻出論点について、「過去問での確認方法」の観点で整理します。制度・数値・日程は年度や改正で変わるため、学習前と申込前には管理業務主任者試験センター（公式）の最新情報を確認してください。非公式まとめは参考程度にし、最終判断は必ず公式要項に置きます。

このサイトでは過去問・用語解説・比較表を組み合わせ、標準管理委託契約書・指針の頻出論点で迷った論点を解き直せます。間違えた問題は理由を短くメモし、関連用語で定義と選択肢の論点を確認してから同分野へ戻ると定着しやすくなります。",他分野との関連,"管理業務主任者試験の標準管理委託契約書・指針の頻出論点について、「他分野との関連」の観点で整理します。制度・数値・日程は年度や改正で変わるため、学習前と申込前には管理業務主任者試験センター（公式）の最新情報を確認してください。非公式まとめは参考程度にし、最終判断は必ず公式要項に置きます。

このサイトでは過去問・用語解説・比較表を組み合わせ、標準管理委託契約書・指針の頻出論点で迷った論点を解き直せます。間違えた問題は理由を短くメモし、関連用語で定義と選択肢の論点を確認してから同分野へ戻ると定着しやすくなります。",,,,,苦手分野だけ先に学べますか？,管理業務主任者試験の標準管理委託契約書・指針の頻出論点に関する質問「苦手分野だけ先に学べますか」について、まず公式要項で最新の制度を確認してください。本サイトでは過去問演習と用語解説で、標準管理委託契約書・指針の頻出論点の理解度を具体的に確かめられます。数値や期限は資格ごとに異なるため、本文の例は必ず公式情報と照合してください。,分野別の教材は必要ですか？,管理業務主任者試験の標準管理委託契約書・指針の頻出論点に関する質問「分野別の教材は必要ですか」について、まず公式要項で最新の制度を確認してください。本サイトでは過去問演習と用語解説で、標準管理委託契約書・指針の頻出論点の理解度を具体的に確かめられます。数値や期限は資格ごとに異なるため、本文の例は必ず公式情報と照合してください。,study-plan:学習計画;past-question-strategy:過去問の使い方
field-itaku-calculation,分野別対策,管理業務主任者試験の標準管理委託契約書・指針の計算・数値問題,管理業務主任者試験の計算・数値問題について、公式情報の確認方法と学習の進め方を整理します。受験前に押さえるべきポイントと、このサイトでの演習・用語解説の活用法を解説します。,特定分野の理解を深めたい人向けに、基礎から演習・復習までの進め方をまとめます。,40,分野別;試験対策,管業マスター編集部,資格学習サイトの編集チーム,公式情報確認担当,公開前に一次情報との照合を行う担当者,2026-05-30,管理業務主任者試験センター（公式）|https://www.mankan.or.jp/,分野別対策向けテンプレートから作成。公開前に本文・参照URL・関連リンクを差し替える。,本記事を読むと、管理業務主任者試験の計算・数値問題について、公式情報で確認すべき点と、このサイトでの学習の進め方が分かります。読了後は行動チェックリストに沿って演習・用語確認まで進められる状態を目指します。,【行動1】;【行動2】;【行動3】,試験要項・公式ページ更新時に本文と参照元を見直す。,2026-05-30,2026-06-29,2026-05-30,published,ガイド記事テンプレート で 2026-05-30 作成。,分野の位置づけ,"管理業務主任者試験の標準管理委託契約書・指針の計算・数値問題について、「分野の位置づけ」の観点で整理します。制度・数値・日程は年度や改正で変わるため、学習前と申込前には管理業務主任者試験センター（公式）の最新情報を確認してください。非公式まとめは参考程度にし、最終判断は必ず公式要項に置きます。

このサイトでは過去問・用語解説・比較表を組み合わせ、標準管理委託契約書・指針の計算・数値問題で迷った論点を解き直せます。間違えた問題は理由を短くメモし、関連用語で定義と選択肢の論点を確認してから同分野へ戻ると定着しやすくなります。",押さえる基礎知識,"管理業務主任者試験の標準管理委託契約書・指針の計算・数値問題について、「押さえる基礎知識」の観点で整理します。制度・数値・日程は年度や改正で変わるため、学習前と申込前には管理業務主任者試験センター（公式）の最新情報を確認してください。非公式まとめは参考程度にし、最終判断は必ず公式要項に置きます。

このサイトでは過去問・用語解説・比較表を組み合わせ、標準管理委託契約書・指針の計算・数値問題で迷った論点を解き直せます。間違えた問題は理由を短くメモし、関連用語で定義と選択肢の論点を確認してから同分野へ戻ると定着しやすくなります。",頻出論点,"管理業務主任者試験の標準管理委託契約書・指針の計算・数値問題について、「頻出論点」の観点で整理します。制度・数値・日程は年度や改正で変わるため、学習前と申込前には管理業務主任者試験センター（公式）の最新情報を確認してください。非公式まとめは参考程度にし、最終判断は必ず公式要項に置きます。

このサイトでは過去問・用語解説・比較表を組み合わせ、標準管理委託契約書・指針の計算・数値問題で迷った論点を解き直せます。間違えた問題は理由を短くメモし、関連用語で定義と選択肢の論点を確認してから同分野へ戻ると定着しやすくなります。",過去問での確認方法,"管理業務主任者試験の標準管理委託契約書・指針の計算・数値問題について、「過去問での確認方法」の観点で整理します。制度・数値・日程は年度や改正で変わるため、学習前と申込前には管理業務主任者試験センター（公式）の最新情報を確認してください。非公式まとめは参考程度にし、最終判断は必ず公式要項に置きます。

このサイトでは過去問・用語解説・比較表を組み合わせ、標準管理委託契約書・指針の計算・数値問題で迷った論点を解き直せます。間違えた問題は理由を短くメモし、関連用語で定義と選択肢の論点を確認してから同分野へ戻ると定着しやすくなります。",他分野との関連,"管理業務主任者試験の標準管理委託契約書・指針の計算・数値問題について、「他分野との関連」の観点で整理します。制度・数値・日程は年度や改正で変わるため、学習前と申込前には管理業務主任者試験センター（公式）の最新情報を確認してください。非公式まとめは参考程度にし、最終判断は必ず公式要項に置きます。

このサイトでは過去問・用語解説・比較表を組み合わせ、標準管理委託契約書・指針の計算・数値問題で迷った論点を解き直せます。間違えた問題は理由を短くメモし、関連用語で定義と選択肢の論点を確認してから同分野へ戻ると定着しやすくなります。",,,,,苦手分野だけ先に学べますか？,管理業務主任者試験の標準管理委託契約書・指針の計算・数値問題に関する質問「苦手分野だけ先に学べますか」について、まず公式要項で最新の制度を確認してください。本サイトでは過去問演習と用語解説で、標準管理委託契約書・指針の計算・数値問題の理解度を具体的に確かめられます。数値や期限は資格ごとに異なるため、本文の例は必ず公式情報と照合してください。,分野別の教材は必要ですか？,管理業務主任者試験の標準管理委託契約書・指針の計算・数値問題に関する質問「分野別の教材は必要ですか」について、まず公式要項で最新の制度を確認してください。本サイトでは過去問演習と用語解説で、標準管理委託契約書・指針の計算・数値問題の理解度を具体的に確かめられます。数値や期限は資格ごとに異なるため、本文の例は必ず公式情報と照合してください。,study-plan:学習計画;past-question-strategy:過去問の使い方
field-itaku-case-study,分野別対策,管理業務主任者試験の標準管理委託契約書・指針の事例・ケース問題,管理業務主任者試験の事例・ケース問題について、公式情報の確認方法と学習の進め方を整理します。受験前に押さえるべきポイントと、このサイトでの演習・用語解説の活用法を解説します。,特定分野の理解を深めたい人向けに、基礎から演習・復習までの進め方をまとめます。,40,分野別;試験対策,管業マスター編集部,資格学習サイトの編集チーム,公式情報確認担当,公開前に一次情報との照合を行う担当者,2026-05-30,管理業務主任者試験センター（公式）|https://www.mankan.or.jp/,分野別対策向けテンプレートから作成。公開前に本文・参照URL・関連リンクを差し替える。,本記事を読むと、管理業務主任者試験の事例・ケース問題について、公式情報で確認すべき点と、このサイトでの学習の進め方が分かります。読了後は行動チェックリストに沿って演習・用語確認まで進められる状態を目指します。,【行動1】;【行動2】;【行動3】,試験要項・公式ページ更新時に本文と参照元を見直す。,2026-05-30,2026-06-29,2026-05-30,published,ガイド記事テンプレート で 2026-05-30 作成。,分野の位置づけ,"管理業務主任者試験の標準管理委託契約書・指針の事例・ケース問題について、「分野の位置づけ」の観点で整理します。制度・数値・日程は年度や改正で変わるため、学習前と申込前には管理業務主任者試験センター（公式）の最新情報を確認してください。非公式まとめは参考程度にし、最終判断は必ず公式要項に置きます。

このサイトでは過去問・用語解説・比較表を組み合わせ、標準管理委託契約書・指針の事例・ケース問題で迷った論点を解き直せます。間違えた問題は理由を短くメモし、関連用語で定義と選択肢の論点を確認してから同分野へ戻ると定着しやすくなります。",押さえる基礎知識,"管理業務主任者試験の標準管理委託契約書・指針の事例・ケース問題について、「押さえる基礎知識」の観点で整理します。制度・数値・日程は年度や改正で変わるため、学習前と申込前には管理業務主任者試験センター（公式）の最新情報を確認してください。非公式まとめは参考程度にし、最終判断は必ず公式要項に置きます。

このサイトでは過去問・用語解説・比較表を組み合わせ、標準管理委託契約書・指針の事例・ケース問題で迷った論点を解き直せます。間違えた問題は理由を短くメモし、関連用語で定義と選択肢の論点を確認してから同分野へ戻ると定着しやすくなります。",頻出論点,"管理業務主任者試験の標準管理委託契約書・指針の事例・ケース問題について、「頻出論点」の観点で整理します。制度・数値・日程は年度や改正で変わるため、学習前と申込前には管理業務主任者試験センター（公式）の最新情報を確認してください。非公式まとめは参考程度にし、最終判断は必ず公式要項に置きます。

このサイトでは過去問・用語解説・比較表を組み合わせ、標準管理委託契約書・指針の事例・ケース問題で迷った論点を解き直せます。間違えた問題は理由を短くメモし、関連用語で定義と選択肢の論点を確認してから同分野へ戻ると定着しやすくなります。",過去問での確認方法,"管理業務主任者試験の標準管理委託契約書・指針の事例・ケース問題について、「過去問での確認方法」の観点で整理します。制度・数値・日程は年度や改正で変わるため、学習前と申込前には管理業務主任者試験センター（公式）の最新情報を確認してください。非公式まとめは参考程度にし、最終判断は必ず公式要項に置きます。

このサイトでは過去問・用語解説・比較表を組み合わせ、標準管理委託契約書・指針の事例・ケース問題で迷った論点を解き直せます。間違えた問題は理由を短くメモし、関連用語で定義と選択肢の論点を確認してから同分野へ戻ると定着しやすくなります。",他分野との関連,"管理業務主任者試験の標準管理委託契約書・指針の事例・ケース問題について、「他分野との関連」の観点で整理します。制度・数値・日程は年度や改正で変わるため、学習前と申込前には管理業務主任者試験センター（公式）の最新情報を確認してください。非公式まとめは参考程度にし、最終判断は必ず公式要項に置きます。

このサイトでは過去問・用語解説・比較表を組み合わせ、標準管理委託契約書・指針の事例・ケース問題で迷った論点を解き直せます。間違えた問題は理由を短くメモし、関連用語で定義と選択肢の論点を確認してから同分野へ戻ると定着しやすくなります。",,,,,苦手分野だけ先に学べますか？,管理業務主任者試験の標準管理委託契約書・指針の事例・ケース問題に関する質問「苦手分野だけ先に学べますか」について、まず公式要項で最新の制度を確認してください。本サイトでは過去問演習と用語解説で、標準管理委託契約書・指針の事例・ケース問題の理解度を具体的に確かめられます。数値や期限は資格ごとに異なるため、本文の例は必ず公式情報と照合してください。,分野別の教材は必要ですか？,管理業務主任者試験の標準管理委託契約書・指針の事例・ケース問題に関する質問「分野別の教材は必要ですか」について、まず公式要項で最新の制度を確認してください。本サイトでは過去問演習と用語解説で、標準管理委託契約書・指針の事例・ケース問題の理解度を具体的に確かめられます。数値や期限は資格ごとに異なるため、本文の例は必ず公式情報と照合してください。,study-plan:学習計画;past-question-strategy:過去問の使い方
field-itaku-past-question-focus,分野別対策,管理業務主任者試験の標準管理委託契約書・指針の過去問での出題傾向,管理業務主任者試験の過去問での出題傾向について、公式情報の確認方法と学習の進め方を整理します。受験前に押さえるべきポイントと、このサイトでの演習・用語解説の活用法を解説します。,特定分野の理解を深めたい人向けに、基礎から演習・復習までの進め方をまとめます。,40,分野別;試験対策,管業マスター編集部,資格学習サイトの編集チーム,公式情報確認担当,公開前に一次情報との照合を行う担当者,2026-05-30,管理業務主任者試験センター（公式）|https://www.mankan.or.jp/,分野別対策向けテンプレートから作成。公開前に本文・参照URL・関連リンクを差し替える。,本記事を読むと、管理業務主任者試験の過去問での出題傾向について、公式情報で確認すべき点と、このサイトでの学習の進め方が分かります。読了後は行動チェックリストに沿って演習・用語確認まで進められる状態を目指します。,【行動1】;【行動2】;【行動3】,試験要項・公式ページ更新時に本文と参照元を見直す。,2026-05-30,2026-06-29,2026-05-30,published,ガイド記事テンプレート で 2026-05-30 作成。,分野の位置づけ,"管理業務主任者試験の標準管理委託契約書・指針の過去問での出題傾向について、「分野の位置づけ」の観点で整理します。制度・数値・日程は年度や改正で変わるため、学習前と申込前には管理業務主任者試験センター（公式）の最新情報を確認してください。非公式まとめは参考程度にし、最終判断は必ず公式要項に置きます。

このサイトでは過去問・用語解説・比較表を組み合わせ、標準管理委託契約書・指針の過去問での出題傾向で迷った論点を解き直せます。間違えた問題は理由を短くメモし、関連用語で定義と選択肢の論点を確認してから同分野へ戻ると定着しやすくなります。",押さえる基礎知識,"管理業務主任者試験の標準管理委託契約書・指針の過去問での出題傾向について、「押さえる基礎知識」の観点で整理します。制度・数値・日程は年度や改正で変わるため、学習前と申込前には管理業務主任者試験センター（公式）の最新情報を確認してください。非公式まとめは参考程度にし、最終判断は必ず公式要項に置きます。

このサイトでは過去問・用語解説・比較表を組み合わせ、標準管理委託契約書・指針の過去問での出題傾向で迷った論点を解き直せます。間違えた問題は理由を短くメモし、関連用語で定義と選択肢の論点を確認してから同分野へ戻ると定着しやすくなります。",頻出論点,"管理業務主任者試験の標準管理委託契約書・指針の過去問での出題傾向について、「頻出論点」の観点で整理します。制度・数値・日程は年度や改正で変わるため、学習前と申込前には管理業務主任者試験センター（公式）の最新情報を確認してください。非公式まとめは参考程度にし、最終判断は必ず公式要項に置きます。

このサイトでは過去問・用語解説・比較表を組み合わせ、標準管理委託契約書・指針の過去問での出題傾向で迷った論点を解き直せます。間違えた問題は理由を短くメモし、関連用語で定義と選択肢の論点を確認してから同分野へ戻ると定着しやすくなります。",過去問での確認方法,"管理業務主任者試験の標準管理委託契約書・指針の過去問での出題傾向について、「過去問での確認方法」の観点で整理します。制度・数値・日程は年度や改正で変わるため、学習前と申込前には管理業務主任者試験センター（公式）の最新情報を確認してください。非公式まとめは参考程度にし、最終判断は必ず公式要項に置きます。

このサイトでは過去問・用語解説・比較表を組み合わせ、標準管理委託契約書・指針の過去問での出題傾向で迷った論点を解き直せます。間違えた問題は理由を短くメモし、関連用語で定義と選択肢の論点を確認してから同分野へ戻ると定着しやすくなります。",他分野との関連,"管理業務主任者試験の標準管理委託契約書・指針の過去問での出題傾向について、「他分野との関連」の観点で整理します。制度・数値・日程は年度や改正で変わるため、学習前と申込前には管理業務主任者試験センター（公式）の最新情報を確認してください。非公式まとめは参考程度にし、最終判断は必ず公式要項に置きます。

このサイトでは過去問・用語解説・比較表を組み合わせ、標準管理委託契約書・指針の過去問での出題傾向で迷った論点を解き直せます。間違えた問題は理由を短くメモし、関連用語で定義と選択肢の論点を確認してから同分野へ戻ると定着しやすくなります。",,,,,苦手分野だけ先に学べますか？,管理業務主任者試験の標準管理委託契約書・指針の過去問での出題傾向に関する質問「苦手分野だけ先に学べますか」について、まず公式要項で最新の制度を確認してください。本サイトでは過去問演習と用語解説で、標準管理委託契約書・指針の過去問での出題傾向の理解度を具体的に確かめられます。数値や期限は資格ごとに異なるため、本文の例は必ず公式情報と照合してください。,分野別の教材は必要ですか？,管理業務主任者試験の標準管理委託契約書・指針の過去問での出題傾向に関する質問「分野別の教材は必要ですか」について、まず公式要項で最新の制度を確認してください。本サイトでは過去問演習と用語解説で、標準管理委託契約書・指針の過去問での出題傾向の理解度を具体的に確かめられます。数値や期限は資格ごとに異なるため、本文の例は必ず公式情報と照合してください。,study-plan:学習計画;past-question-strategy:過去問の使い方
field-takken-basics,分野別対策,管理業務主任者試験の宅建業法の基礎の押さえ方,管理業務主任者試験の押さえ方について、公式情報の確認方法と学習の進め方を整理します。受験前に押さえるべきポイントと、このサイトでの演習・用語解説の活用法を解説します。,特定分野の理解を深めたい人向けに、基礎から演習・復習までの進め方をまとめます。,40,分野別;試験対策,管業マスター編集部,資格学習サイトの編集チーム,公式情報確認担当,公開前に一次情報との照合を行う担当者,2026-05-30,管理業務主任者試験センター（公式）|https://www.mankan.or.jp/,分野別対策向けテンプレートから作成。公開前に本文・参照URL・関連リンクを差し替える。,本記事を読むと、管理業務主任者試験の押さえ方について、公式情報で確認すべき点と、このサイトでの学習の進め方が分かります。読了後は行動チェックリストに沿って演習・用語確認まで進められる状態を目指します。,【行動1】;【行動2】;【行動3】,試験要項・公式ページ更新時に本文と参照元を見直す。,2026-05-30,2026-06-29,2026-05-30,published,ガイド記事テンプレート で 2026-05-30 作成。,分野の位置づけ,"管理業務主任者試験の宅建業法の基礎の押さえ方について、「分野の位置づけ」の観点で整理します。制度・数値・日程は年度や改正で変わるため、学習前と申込前には管理業務主任者試験センター（公式）の最新情報を確認してください。非公式まとめは参考程度にし、最終判断は必ず公式要項に置きます。

このサイトでは過去問・用語解説・比較表を組み合わせ、宅建業法の基礎の押さえ方で迷った論点を解き直せます。間違えた問題は理由を短くメモし、関連用語で定義と選択肢の論点を確認してから同分野へ戻ると定着しやすくなります。",押さえる基礎知識,"管理業務主任者試験の宅建業法の基礎の押さえ方について、「押さえる基礎知識」の観点で整理します。制度・数値・日程は年度や改正で変わるため、学習前と申込前には管理業務主任者試験センター（公式）の最新情報を確認してください。非公式まとめは参考程度にし、最終判断は必ず公式要項に置きます。

このサイトでは過去問・用語解説・比較表を組み合わせ、宅建業法の基礎の押さえ方で迷った論点を解き直せます。間違えた問題は理由を短くメモし、関連用語で定義と選択肢の論点を確認してから同分野へ戻ると定着しやすくなります。",頻出論点,"管理業務主任者試験の宅建業法の基礎の押さえ方について、「頻出論点」の観点で整理します。制度・数値・日程は年度や改正で変わるため、学習前と申込前には管理業務主任者試験センター（公式）の最新情報を確認してください。非公式まとめは参考程度にし、最終判断は必ず公式要項に置きます。

このサイトでは過去問・用語解説・比較表を組み合わせ、宅建業法の基礎の押さえ方で迷った論点を解き直せます。間違えた問題は理由を短くメモし、関連用語で定義と選択肢の論点を確認してから同分野へ戻ると定着しやすくなります。",過去問での確認方法,"管理業務主任者試験の宅建業法の基礎の押さえ方について、「過去問での確認方法」の観点で整理します。制度・数値・日程は年度や改正で変わるため、学習前と申込前には管理業務主任者試験センター（公式）の最新情報を確認してください。非公式まとめは参考程度にし、最終判断は必ず公式要項に置きます。

このサイトでは過去問・用語解説・比較表を組み合わせ、宅建業法の基礎の押さえ方で迷った論点を解き直せます。間違えた問題は理由を短くメモし、関連用語で定義と選択肢の論点を確認してから同分野へ戻ると定着しやすくなります。",他分野との関連,"管理業務主任者試験の宅建業法の基礎の押さえ方について、「他分野との関連」の観点で整理します。制度・数値・日程は年度や改正で変わるため、学習前と申込前には管理業務主任者試験センター（公式）の最新情報を確認してください。非公式まとめは参考程度にし、最終判断は必ず公式要項に置きます。

このサイトでは過去問・用語解説・比較表を組み合わせ、宅建業法の基礎の押さえ方で迷った論点を解き直せます。間違えた問題は理由を短くメモし、関連用語で定義と選択肢の論点を確認してから同分野へ戻ると定着しやすくなります。",,,,,苦手分野だけ先に学べますか？,管理業務主任者試験の宅建業法の基礎の押さえ方に関する質問「苦手分野だけ先に学べますか」について、まず公式要項で最新の制度を確認してください。本サイトでは過去問演習と用語解説で、宅建業法の基礎の押さえ方の理解度を具体的に確かめられます。数値や期限は資格ごとに異なるため、本文の例は必ず公式情報と照合してください。,分野別の教材は必要ですか？,管理業務主任者試験の宅建業法の基礎の押さえ方に関する質問「分野別の教材は必要ですか」について、まず公式要項で最新の制度を確認してください。本サイトでは過去問演習と用語解説で、宅建業法の基礎の押さえ方の理解度を具体的に確かめられます。数値や期限は資格ごとに異なるため、本文の例は必ず公式情報と照合してください。,study-plan:学習計画;past-question-strategy:過去問の使い方
field-takken-frequent-topics,分野別対策,管理業務主任者試験の宅建業法の頻出論点,管理業務主任者試験の頻出論点について、公式情報の確認方法と学習の進め方を整理します。受験前に押さえるべきポイントと、このサイトでの演習・用語解説の活用法を解説します。,特定分野の理解を深めたい人向けに、基礎から演習・復習までの進め方をまとめます。,40,分野別;試験対策,管業マスター編集部,資格学習サイトの編集チーム,公式情報確認担当,公開前に一次情報との照合を行う担当者,2026-05-30,管理業務主任者試験センター（公式）|https://www.mankan.or.jp/,分野別対策向けテンプレートから作成。公開前に本文・参照URL・関連リンクを差し替える。,本記事を読むと、管理業務主任者試験の頻出論点について、公式情報で確認すべき点と、このサイトでの学習の進め方が分かります。読了後は行動チェックリストに沿って演習・用語確認まで進められる状態を目指します。,【行動1】;【行動2】;【行動3】,試験要項・公式ページ更新時に本文と参照元を見直す。,2026-05-30,2026-06-29,2026-05-30,published,ガイド記事テンプレート で 2026-05-30 作成。,分野の位置づけ,"管理業務主任者試験の宅建業法の頻出論点について、「分野の位置づけ」の観点で整理します。制度・数値・日程は年度や改正で変わるため、学習前と申込前には管理業務主任者試験センター（公式）の最新情報を確認してください。非公式まとめは参考程度にし、最終判断は必ず公式要項に置きます。

このサイトでは過去問・用語解説・比較表を組み合わせ、宅建業法の頻出論点で迷った論点を解き直せます。間違えた問題は理由を短くメモし、関連用語で定義と選択肢の論点を確認してから同分野へ戻ると定着しやすくなります。",押さえる基礎知識,"管理業務主任者試験の宅建業法の頻出論点について、「押さえる基礎知識」の観点で整理します。制度・数値・日程は年度や改正で変わるため、学習前と申込前には管理業務主任者試験センター（公式）の最新情報を確認してください。非公式まとめは参考程度にし、最終判断は必ず公式要項に置きます。

このサイトでは過去問・用語解説・比較表を組み合わせ、宅建業法の頻出論点で迷った論点を解き直せます。間違えた問題は理由を短くメモし、関連用語で定義と選択肢の論点を確認してから同分野へ戻ると定着しやすくなります。",頻出論点,"管理業務主任者試験の宅建業法の頻出論点について、「頻出論点」の観点で整理します。制度・数値・日程は年度や改正で変わるため、学習前と申込前には管理業務主任者試験センター（公式）の最新情報を確認してください。非公式まとめは参考程度にし、最終判断は必ず公式要項に置きます。

このサイトでは過去問・用語解説・比較表を組み合わせ、宅建業法の頻出論点で迷った論点を解き直せます。間違えた問題は理由を短くメモし、関連用語で定義と選択肢の論点を確認してから同分野へ戻ると定着しやすくなります。",過去問での確認方法,"管理業務主任者試験の宅建業法の頻出論点について、「過去問での確認方法」の観点で整理します。制度・数値・日程は年度や改正で変わるため、学習前と申込前には管理業務主任者試験センター（公式）の最新情報を確認してください。非公式まとめは参考程度にし、最終判断は必ず公式要項に置きます。

このサイトでは過去問・用語解説・比較表を組み合わせ、宅建業法の頻出論点で迷った論点を解き直せます。間違えた問題は理由を短くメモし、関連用語で定義と選択肢の論点を確認してから同分野へ戻ると定着しやすくなります。",他分野との関連,"管理業務主任者試験の宅建業法の頻出論点について、「他分野との関連」の観点で整理します。制度・数値・日程は年度や改正で変わるため、学習前と申込前には管理業務主任者試験センター（公式）の最新情報を確認してください。非公式まとめは参考程度にし、最終判断は必ず公式要項に置きます。

このサイトでは過去問・用語解説・比較表を組み合わせ、宅建業法の頻出論点で迷った論点を解き直せます。間違えた問題は理由を短くメモし、関連用語で定義と選択肢の論点を確認してから同分野へ戻ると定着しやすくなります。",,,,,苦手分野だけ先に学べますか？,管理業務主任者試験の宅建業法の頻出論点に関する質問「苦手分野だけ先に学べますか」について、まず公式要項で最新の制度を確認してください。本サイトでは過去問演習と用語解説で、宅建業法の頻出論点の理解度を具体的に確かめられます。数値や期限は資格ごとに異なるため、本文の例は必ず公式情報と照合してください。,分野別の教材は必要ですか？,管理業務主任者試験の宅建業法の頻出論点に関する質問「分野別の教材は必要ですか」について、まず公式要項で最新の制度を確認してください。本サイトでは過去問演習と用語解説で、宅建業法の頻出論点の理解度を具体的に確かめられます。数値や期限は資格ごとに異なるため、本文の例は必ず公式情報と照合してください。,study-plan:学習計画;past-question-strategy:過去問の使い方
field-takken-calculation,分野別対策,管理業務主任者試験の宅建業法の計算・数値問題,管理業務主任者試験の計算・数値問題について、公式情報の確認方法と学習の進め方を整理します。受験前に押さえるべきポイントと、このサイトでの演習・用語解説の活用法を解説します。,特定分野の理解を深めたい人向けに、基礎から演習・復習までの進め方をまとめます。,40,分野別;試験対策,管業マスター編集部,資格学習サイトの編集チーム,公式情報確認担当,公開前に一次情報との照合を行う担当者,2026-05-30,管理業務主任者試験センター（公式）|https://www.mankan.or.jp/,分野別対策向けテンプレートから作成。公開前に本文・参照URL・関連リンクを差し替える。,本記事を読むと、管理業務主任者試験の計算・数値問題について、公式情報で確認すべき点と、このサイトでの学習の進め方が分かります。読了後は行動チェックリストに沿って演習・用語確認まで進められる状態を目指します。,【行動1】;【行動2】;【行動3】,試験要項・公式ページ更新時に本文と参照元を見直す。,2026-05-30,2026-06-29,2026-05-30,published,ガイド記事テンプレート で 2026-05-30 作成。,分野の位置づけ,"管理業務主任者試験の宅建業法の計算・数値問題について、「分野の位置づけ」の観点で整理します。制度・数値・日程は年度や改正で変わるため、学習前と申込前には管理業務主任者試験センター（公式）の最新情報を確認してください。非公式まとめは参考程度にし、最終判断は必ず公式要項に置きます。

このサイトでは過去問・用語解説・比較表を組み合わせ、宅建業法の計算・数値問題で迷った論点を解き直せます。間違えた問題は理由を短くメモし、関連用語で定義と選択肢の論点を確認してから同分野へ戻ると定着しやすくなります。",押さえる基礎知識,"管理業務主任者試験の宅建業法の計算・数値問題について、「押さえる基礎知識」の観点で整理します。制度・数値・日程は年度や改正で変わるため、学習前と申込前には管理業務主任者試験センター（公式）の最新情報を確認してください。非公式まとめは参考程度にし、最終判断は必ず公式要項に置きます。

このサイトでは過去問・用語解説・比較表を組み合わせ、宅建業法の計算・数値問題で迷った論点を解き直せます。間違えた問題は理由を短くメモし、関連用語で定義と選択肢の論点を確認してから同分野へ戻ると定着しやすくなります。",頻出論点,"管理業務主任者試験の宅建業法の計算・数値問題について、「頻出論点」の観点で整理します。制度・数値・日程は年度や改正で変わるため、学習前と申込前には管理業務主任者試験センター（公式）の最新情報を確認してください。非公式まとめは参考程度にし、最終判断は必ず公式要項に置きます。

このサイトでは過去問・用語解説・比較表を組み合わせ、宅建業法の計算・数値問題で迷った論点を解き直せます。間違えた問題は理由を短くメモし、関連用語で定義と選択肢の論点を確認してから同分野へ戻ると定着しやすくなります。",過去問での確認方法,"管理業務主任者試験の宅建業法の計算・数値問題について、「過去問での確認方法」の観点で整理します。制度・数値・日程は年度や改正で変わるため、学習前と申込前には管理業務主任者試験センター（公式）の最新情報を確認してください。非公式まとめは参考程度にし、最終判断は必ず公式要項に置きます。

このサイトでは過去問・用語解説・比較表を組み合わせ、宅建業法の計算・数値問題で迷った論点を解き直せます。間違えた問題は理由を短くメモし、関連用語で定義と選択肢の論点を確認してから同分野へ戻ると定着しやすくなります。",他分野との関連,"管理業務主任者試験の宅建業法の計算・数値問題について、「他分野との関連」の観点で整理します。制度・数値・日程は年度や改正で変わるため、学習前と申込前には管理業務主任者試験センター（公式）の最新情報を確認してください。非公式まとめは参考程度にし、最終判断は必ず公式要項に置きます。

このサイトでは過去問・用語解説・比較表を組み合わせ、宅建業法の計算・数値問題で迷った論点を解き直せます。間違えた問題は理由を短くメモし、関連用語で定義と選択肢の論点を確認してから同分野へ戻ると定着しやすくなります。",,,,,苦手分野だけ先に学べますか？,管理業務主任者試験の宅建業法の計算・数値問題に関する質問「苦手分野だけ先に学べますか」について、まず公式要項で最新の制度を確認してください。本サイトでは過去問演習と用語解説で、宅建業法の計算・数値問題の理解度を具体的に確かめられます。数値や期限は資格ごとに異なるため、本文の例は必ず公式情報と照合してください。,分野別の教材は必要ですか？,管理業務主任者試験の宅建業法の計算・数値問題に関する質問「分野別の教材は必要ですか」について、まず公式要項で最新の制度を確認してください。本サイトでは過去問演習と用語解説で、宅建業法の計算・数値問題の理解度を具体的に確かめられます。数値や期限は資格ごとに異なるため、本文の例は必ず公式情報と照合してください。,study-plan:学習計画;past-question-strategy:過去問の使い方
field-takken-case-study,分野別対策,管理業務主任者試験の宅建業法の事例・ケース問題,管理業務主任者試験の事例・ケース問題について、公式情報の確認方法と学習の進め方を整理します。受験前に押さえるべきポイントと、このサイトでの演習・用語解説の活用法を解説します。,特定分野の理解を深めたい人向けに、基礎から演習・復習までの進め方をまとめます。,40,分野別;試験対策,管業マスター編集部,資格学習サイトの編集チーム,公式情報確認担当,公開前に一次情報との照合を行う担当者,2026-05-30,管理業務主任者試験センター（公式）|https://www.mankan.or.jp/,分野別対策向けテンプレートから作成。公開前に本文・参照URL・関連リンクを差し替える。,本記事を読むと、管理業務主任者試験の事例・ケース問題について、公式情報で確認すべき点と、このサイトでの学習の進め方が分かります。読了後は行動チェックリストに沿って演習・用語確認まで進められる状態を目指します。,【行動1】;【行動2】;【行動3】,試験要項・公式ページ更新時に本文と参照元を見直す。,2026-05-30,2026-06-29,2026-05-30,published,ガイド記事テンプレート で 2026-05-30 作成。,分野の位置づけ,"管理業務主任者試験の宅建業法の事例・ケース問題について、「分野の位置づけ」の観点で整理します。制度・数値・日程は年度や改正で変わるため、学習前と申込前には管理業務主任者試験センター（公式）の最新情報を確認してください。非公式まとめは参考程度にし、最終判断は必ず公式要項に置きます。

このサイトでは過去問・用語解説・比較表を組み合わせ、宅建業法の事例・ケース問題で迷った論点を解き直せます。間違えた問題は理由を短くメモし、関連用語で定義と選択肢の論点を確認してから同分野へ戻ると定着しやすくなります。",押さえる基礎知識,"管理業務主任者試験の宅建業法の事例・ケース問題について、「押さえる基礎知識」の観点で整理します。制度・数値・日程は年度や改正で変わるため、学習前と申込前には管理業務主任者試験センター（公式）の最新情報を確認してください。非公式まとめは参考程度にし、最終判断は必ず公式要項に置きます。

このサイトでは過去問・用語解説・比較表を組み合わせ、宅建業法の事例・ケース問題で迷った論点を解き直せます。間違えた問題は理由を短くメモし、関連用語で定義と選択肢の論点を確認してから同分野へ戻ると定着しやすくなります。",頻出論点,"管理業務主任者試験の宅建業法の事例・ケース問題について、「頻出論点」の観点で整理します。制度・数値・日程は年度や改正で変わるため、学習前と申込前には管理業務主任者試験センター（公式）の最新情報を確認してください。非公式まとめは参考程度にし、最終判断は必ず公式要項に置きます。

このサイトでは過去問・用語解説・比較表を組み合わせ、宅建業法の事例・ケース問題で迷った論点を解き直せます。間違えた問題は理由を短くメモし、関連用語で定義と選択肢の論点を確認してから同分野へ戻ると定着しやすくなります。",過去問での確認方法,"管理業務主任者試験の宅建業法の事例・ケース問題について、「過去問での確認方法」の観点で整理します。制度・数値・日程は年度や改正で変わるため、学習前と申込前には管理業務主任者試験センター（公式）の最新情報を確認してください。非公式まとめは参考程度にし、最終判断は必ず公式要項に置きます。

このサイトでは過去問・用語解説・比較表を組み合わせ、宅建業法の事例・ケース問題で迷った論点を解き直せます。間違えた問題は理由を短くメモし、関連用語で定義と選択肢の論点を確認してから同分野へ戻ると定着しやすくなります。",他分野との関連,"管理業務主任者試験の宅建業法の事例・ケース問題について、「他分野との関連」の観点で整理します。制度・数値・日程は年度や改正で変わるため、学習前と申込前には管理業務主任者試験センター（公式）の最新情報を確認してください。非公式まとめは参考程度にし、最終判断は必ず公式要項に置きます。

このサイトでは過去問・用語解説・比較表を組み合わせ、宅建業法の事例・ケース問題で迷った論点を解き直せます。間違えた問題は理由を短くメモし、関連用語で定義と選択肢の論点を確認してから同分野へ戻ると定着しやすくなります。",,,,,苦手分野だけ先に学べますか？,管理業務主任者試験の宅建業法の事例・ケース問題に関する質問「苦手分野だけ先に学べますか」について、まず公式要項で最新の制度を確認してください。本サイトでは過去問演習と用語解説で、宅建業法の事例・ケース問題の理解度を具体的に確かめられます。数値や期限は資格ごとに異なるため、本文の例は必ず公式情報と照合してください。,分野別の教材は必要ですか？,管理業務主任者試験の宅建業法の事例・ケース問題に関する質問「分野別の教材は必要ですか」について、まず公式要項で最新の制度を確認してください。本サイトでは過去問演習と用語解説で、宅建業法の事例・ケース問題の理解度を具体的に確かめられます。数値や期限は資格ごとに異なるため、本文の例は必ず公式情報と照合してください。,study-plan:学習計画;past-question-strategy:過去問の使い方
field-takken-past-question-focus,分野別対策,管理業務主任者試験の宅建業法の過去問での出題傾向,管理業務主任者試験の出題傾向について、公式情報の確認方法と学習の進め方を整理します。受験前に押さえるべきポイントと、このサイトでの演習・用語解説の活用法を解説します。,特定分野の理解を深めたい人向けに、基礎から演習・復習までの進め方をまとめます。,40,分野別;試験対策,管業マスター編集部,資格学習サイトの編集チーム,公式情報確認担当,公開前に一次情報との照合を行う担当者,2026-05-30,管理業務主任者試験センター（公式）|https://www.mankan.or.jp/,分野別対策向けテンプレートから作成。公開前に本文・参照URL・関連リンクを差し替える。,本記事を読むと、管理業務主任者試験の出題傾向について、公式情報で確認すべき点と、このサイトでの学習の進め方が分かります。読了後は行動チェックリストに沿って演習・用語確認まで進められる状態を目指します。,【行動1】;【行動2】;【行動3】,試験要項・公式ページ更新時に本文と参照元を見直す。,2026-05-30,2026-06-29,2026-05-30,published,ガイド記事テンプレート で 2026-05-30 作成。,分野の位置づけ,"管理業務主任者試験の宅建業法の過去問での出題傾向について、「分野の位置づけ」の観点で整理します。制度・数値・日程は年度や改正で変わるため、学習前と申込前には管理業務主任者試験センター（公式）の最新情報を確認してください。非公式まとめは参考程度にし、最終判断は必ず公式要項に置きます。

このサイトでは過去問・用語解説・比較表を組み合わせ、宅建業法の過去問での出題傾向で迷った論点を解き直せます。間違えた問題は理由を短くメモし、関連用語で定義と選択肢の論点を確認してから同分野へ戻ると定着しやすくなります。",押さえる基礎知識,"管理業務主任者試験の宅建業法の過去問での出題傾向について、「押さえる基礎知識」の観点で整理します。制度・数値・日程は年度や改正で変わるため、学習前と申込前には管理業務主任者試験センター（公式）の最新情報を確認してください。非公式まとめは参考程度にし、最終判断は必ず公式要項に置きます。

このサイトでは過去問・用語解説・比較表を組み合わせ、宅建業法の過去問での出題傾向で迷った論点を解き直せます。間違えた問題は理由を短くメモし、関連用語で定義と選択肢の論点を確認してから同分野へ戻ると定着しやすくなります。",頻出論点,"管理業務主任者試験の宅建業法の過去問での出題傾向について、「頻出論点」の観点で整理します。制度・数値・日程は年度や改正で変わるため、学習前と申込前には管理業務主任者試験センター（公式）の最新情報を確認してください。非公式まとめは参考程度にし、最終判断は必ず公式要項に置きます。

このサイトでは過去問・用語解説・比較表を組み合わせ、宅建業法の過去問での出題傾向で迷った論点を解き直せます。間違えた問題は理由を短くメモし、関連用語で定義と選択肢の論点を確認してから同分野へ戻ると定着しやすくなります。",過去問での確認方法,"管理業務主任者試験の宅建業法の過去問での出題傾向について、「過去問での確認方法」の観点で整理します。制度・数値・日程は年度や改正で変わるため、学習前と申込前には管理業務主任者試験センター（公式）の最新情報を確認してください。非公式まとめは参考程度にし、最終判断は必ず公式要項に置きます。

このサイトでは過去問・用語解説・比較表を組み合わせ、宅建業法の過去問での出題傾向で迷った論点を解き直せます。間違えた問題は理由を短くメモし、関連用語で定義と選択肢の論点を確認してから同分野へ戻ると定着しやすくなります。",他分野との関連,"管理業務主任者試験の宅建業法の過去問での出題傾向について、「他分野との関連」の観点で整理します。制度・数値・日程は年度や改正で変わるため、学習前と申込前には管理業務主任者試験センター（公式）の最新情報を確認してください。非公式まとめは参考程度にし、最終判断は必ず公式要項に置きます。

このサイトでは過去問・用語解説・比較表を組み合わせ、宅建業法の過去問での出題傾向で迷った論点を解き直せます。間違えた問題は理由を短くメモし、関連用語で定義と選択肢の論点を確認してから同分野へ戻ると定着しやすくなります。",,,,,苦手分野だけ先に学べますか？,管理業務主任者試験の宅建業法の過去問での出題傾向に関する質問「苦手分野だけ先に学べますか」について、まず公式要項で最新の制度を確認してください。本サイトでは過去問演習と用語解説で、宅建業法の過去問での出題傾向の理解度を具体的に確かめられます。数値や期限は資格ごとに異なるため、本文の例は必ず公式情報と照合してください。,分野別の教材は必要ですか？,管理業務主任者試験の宅建業法の過去問での出題傾向に関する質問「分野別の教材は必要ですか」について、まず公式要項で最新の制度を確認してください。本サイトでは過去問演習と用語解説で、宅建業法の過去問での出題傾向の理解度を具体的に確かめられます。数値や期限は資格ごとに異なるため、本文の例は必ず公式情報と照合してください。,study-plan:学習計画;past-question-strategy:過去問の使い方
