slug,title,category,tags,summary,highlight,item_rows,article_title,article_lead,exam_points,common_mistakes,memory_tip,related_terms,faq_1_question,faq_1_answer,faq_2_question,faq_2_answer,faq_3_question,faq_3_answer,faq_4_question,faq_4_answer
goukaku-mondai,試験合格点・問題数,管理適正化法,合格点;問題数;相対評価,管業試験の問題数（50問/マン管士5問免除45問）と相対評価による合格点（R7=36点例）を整理します。,50問中36点（R7例）,"[{""item"": ""問題数（通常）"", ""value"": ""50問"", ""note"": ""四肢択一""}, {""item"": ""問題数（マン管士5問免除）"", ""value"": ""45問"", ""note"": ""マンション管理士試験合格者""}, {""item"": ""合格点（R7例）"", ""value"": ""36点"", ""note"": ""相対評価・年度により変動""}, {""item"": ""評価方式"", ""value"": ""相対評価"", ""note"": ""受験者間の得点分布で決定""}]",試験合格点・問題数｜管業試験,管業試験は通常50問、マン管士合格者は5問免除で45問です。合格点は相対評価で年度により変動し、R7では36点が目安でした。数値・日程・合格基準はマンション管理業協会（www.mankan.or.jp）の試験要項で必ずご確認ください。,通常50問・マン管士免除45問;合格点は相対評価;R7=36点は参考例;年度ごとに要項確認,合格点を絶対評価とする;50問免除と45問を混同;R7の36点を固定値とする,「50/45問」「相対評価・年度変動」とセットで覚える。,管理業務主任者試験;マンション管理士,管業試験の問題数は？,通常は50問の四肢択一です。マンション管理士試験合格者は5問が免除され、45問受験となります。詳細は試験要項で確認してください。数値・日程・合格基準はマンション管理業協会（www.mankan.or.jp）の試験要項で必ずご確認ください。,合格点は何点？,相対評価のため年度により変動します。R7では36点が合格点でしたが、毎年の要項で確認が必要です。数値・日程・合格基準はマンション管理業協会（www.mankan.or.jp）の試験要項で必ずご確認ください。,相対評価とは？,受験者全体の得点分布に基づき合格点が決まります。絶対点数ではなく、年度・難易度で変動します。 試験では通常50問・マン管士免除45問をセットで確認し、条文・管理規約の定めと照合しながら過去問を分類してください。 数値・日程・合格基準はマンション管理業協会（www.mankan.or.jp）の試験要項で必ずご確認ください。,マン管士5問免除の条件は？,マンション管理士試験合格者が管業試験を受験する場合に5問免除。免除科目は要項で確認してください。数値・日程・合格基準はマンション管理業協会（www.mankan.or.jp）の試験要項で必ずご確認ください。
juken-tesuryou,受験手数料,管理適正化法,受験手数料;8900円;Web297円,管業試験の受験手数料8900円とWeb申込手数料297円を整理します。,8900円+297円,"[{""item"": ""受験手数料"", ""value"": ""8,900円"", ""note"": ""試験実施団体への手数料""}, {""item"": ""Web申込手数料"", ""value"": ""297円"", ""note"": ""インターネット申込時""}, {""item"": ""合計（Web申込）"", ""value"": ""9,197円"", ""note"": ""両方合算""}, {""item"": ""確認先"", ""value"": ""試験要項"", ""note"": ""年度により変動の可能性""}]",受験手数料｜管業試験,管業試験の受験手数料は8900円、Web申込の場合は297円の手数料が加算されます。合計9197円が目安です。数値・日程・合格基準はマンション管理業協会（www.mankan.or.jp）の試験要項で必ずご確認ください。,受験手数料8900円;Web申込297円;合計9197円;年度要項で確認,8900円のみとする;297円を受験手数料と混同;手数料を固定と決めつける,「8900+297=9197」と合算で覚える。,管理業務主任者試験;マンション管理士,受験手数料はいくらですか？,管業試験の受験手数料は8900円です。Web申込の場合は297円の手数料が加算され、合計9197円となります。数値・日程・合格基準はマンション管理業協会（www.mankan.or.jp）の試験要項で必ずご確認ください。,Web申込手数料とは？,インターネットで申込む際に加算される297円です。受験手数料8900円とは別項目です。 試験では受験手数料8900円をセットで確認し、条文・管理規約の定めと照合しながら過去問を分類してください。 数値・日程・合格基準はマンション管理業協会（www.mankan.or.jp）の試験要項で必ずご確認ください。,手数料の確認先は？,マンション管理業協会（www.mankan.or.jp）の試験要項で最新の手数料を確認してください。数値・日程・合格基準はマンション管理業協会（www.mankan.or.jp）の試験要項で必ずご確認ください。,年度で変わる？,手数料は年度により改定される可能性があります。申込前に必ず要項で確認してください。数値・日程・合格基準はマンション管理業協会（www.mankan.or.jp）の試験要項で必ずご確認ください。 試験では受験手数料8900円をセットで確認し、条文・管理規約の定めと照合しながら過去問を分類してください。
shiken-jikan,試験時間・形式,管理適正化法,試験時間;120分;四肢択一,管業試験の試験時間120分・50問四肢択一の形式を整理します。,120分・50問四肢択一,"[{""item"": ""試験時間"", ""value"": ""120分"", ""note"": ""マン管士5問免除時も同様""}, {""item"": ""問題形式"", ""value"": ""四肢択一"", ""note"": ""1問1点""}, {""item"": ""問題数"", ""value"": ""50問（通常）"", ""note"": ""45問（5問免除時）""}, {""item"": ""持ち込み"", ""value"": ""要項参照"", ""note"": ""電卓等の可否は要項確認""}]",試験時間・形式｜管業試験,管業試験は120分・50問（マン管士免除時45問）の四肢択一です。1問あたり約2.4分のペース配分が目安です。数値・日程・合格基準はマンション管理業協会（www.mankan.or.jp）の試験要項で必ずご確認ください。,120分・50問四肢択一;1問約2.4分;マン管士免除も120分;形式は要項確認,60分と120分を混同;50問と45問で時間が変わる;多肢選択と四肢択一を混同,「120分・50問・四肢択一」と三つセットで覚える。,管理業務主任者試験;マンション管理士,試験時間は何分ですか？,管業試験は120分です。マン管士5問免除で45問の場合も120分が目安です。詳細は試験要項で確認してください。数値・日程・合格基準はマンション管理業協会（www.mankan.or.jp）の試験要項で必ずご確認ください。,問題形式はについて教えてください？,四肢択一（4つの選択肢から1つ選ぶ）形式です。1問1点で採点されます。 試験では120分・50問四肢択一をセットで確認し、条文・管理規約の定めと照合しながら過去問を分類してください。 数値・日程・合格基準はマンション管理業協会（www.mankan.or.jp）の試験要項で必ずご確認ください。,時間配分の目安は？,50問120分なら1問約2.4分です。難問に時間をかけすぎず、全体のペース配分が重要です。 試験では120分・50問四肢択一をセットで確認し、条文・管理規約の定めと照合しながら過去問を分類してください。 数値・日程・合格基準はマンション管理業協会（www.mankan.or.jp）の試験要項で必ずご確認ください。,持ち込み物は？,電卓・時計等の持ち込み可否は試験要項で確認してください。会場ルールも事前に確認を。数値・日程・合格基準はマンション管理業協会（www.mankan.or.jp）の試験要項で必ずご確認ください。 試験では120分・50問四肢択一をセットで確認し、条文・管理規約の定めと照合しながら過去問を分類してください。
soukai-ketsugi,総会決議要件,区分所有法,総会決議;普通決議;特別決議,区分所有法上の総会決議要件（普通決議・特別決議）を整理します。,普通決議・特別決議,"[{""item"": ""普通決議"", ""value"": ""過半数"", ""note"": ""出席者の議決権の過半数""}, {""item"": ""特別決議"", ""value"": ""5分の4以上"", ""note"": ""区分所有者の議決権の5分の4以上""}, {""item"": ""定足数"", ""value"": ""規約・法で定める"", ""note"": ""総会の成立要件""}, {""item"": ""建替え決議"", ""value"": ""5分の4議決権等"", ""note"": ""特別な要件""}]",総会決議要件｜管業試験,区分所有法の総会決議は普通決議（過半数）と特別決議（5分の4以上）に区分されます。建替え決議はさらに特別な要件があります。,普通決議＝過半数;特別決議＝5分の4以上;建替え決議は別要件;定足数も確認,普通と特別を混同;5分の4を過半数とする;建替えを普通決議で可能,「普通＝過半数」「特別＝5分の4」と数値で整理。,総会決議要件;特別決議;5分の4議決権;建替え決議,普通決議の要件は？,総会に出席した区分所有者の議決権の過半数で成立します。日常の管理事項等に用いられます。 試験では普通決議＝過半数をセットで確認し、条文・管理規約の定めと照合しながら過去問を分類してください。 本ページは学習整理用です。出題・制度変更は必ず公式情報で確認してください。,特別決議の要件は？,区分所有者の議決権の5分の4以上が必要です。管理規約の変更等、重要事項に用いられます。 試験では普通決議＝過半数をセットで確認し、条文・管理規約の定めと照合しながら過去問を分類してください。 本ページは学習整理用です。出題・制度変更は必ず公式情報で確認してください。,建替え決議は？,建替えには5分の4議決権等の特別な決議要件があります。普通決議・特別決議とは別に確認してください。 試験では普通決議＝過半数をセットで確認し、条文・管理規約の定めと照合しながら過去問を分類してください。,試験でどう問われる？,決議要件の数値、普通と特別の使い分け、建替え決議の要件が正誤問題で頻出です。 試験では普通決議＝過半数をセットで確認し、条文・管理規約の定めと照合しながら過去問を分類してください。 本ページは学習整理用です。出題・制度変更は必ず公式情報で確認してください。
rijikai-teisu,理事会定数・任期,区分所有法,理事会;理事;任期,管理組合の理事会の定数・理事の任期を整理します。,定数・任期は規約・法,"[{""item"": ""理事の定数"", ""value"": ""規約で定める"", ""note"": ""3人以上が目安""}, {""item"": ""理事の任期"", ""value"": ""規約で定める"", ""note"": ""2年が一般的""}, {""item"": ""理事長"", ""value"": ""理事会で選任"", ""note"": ""代表権""}, {""item"": ""監事"", ""value"": ""規約で定める"", ""note"": ""監査役""}]",理事会定数・任期｜管業試験,理事会の定数・任期は管理規約で定めます。理事3人以上、任期2年が一般的ですが、規約の定めを確認してください。,定数・任期は規約で定める;理事3人以上が目安;任期2年が一般的;理事長は理事会で選任,定数を法律で固定;任期を1年と決めつける;理事長を総会のみで選任,「定数・任期＝規約」「3人・2年＝目安」と整理。,理事会;理事長;監事,理事の定数は？,管理規約で定めます。3人以上とする規約が一般的です。規約の定めを確認してください。 試験では定数・任期は規約で定めるをセットで確認し、条文・管理規約の定めと照合しながら過去問を分類してください。 本ページは学習整理用です。出題・制度変更は必ず公式情報で確認してください。,理事の任期は？,管理規約で定めます。2年とする規約が多いですが、組合ごとに異なります。 試験では定数・任期は規約で定めるをセットで確認し、条文・管理規約の定めと照合しながら過去問を分類してください。 本ページは学習整理用です。出題・制度変更は必ず公式情報で確認してください。,理事長の選任は？,理事会で理事長を選任します。理事長は管理組合を代表し、理事会を招集します。 試験では定数・任期は規約で定めるをセットで確認し、条文・管理規約の定めと照合しながら過去問を分類してください。 本ページは学習整理用です。出題・制度変更は必ず公式情報で確認してください。,試験でどう問われる？,定数・任期の規約委任、理事長の選任、監事の役割が正誤問題で出ます。 試験では定数・任期は規約で定めるをセットで確認し、条文・管理規約の定めと照合しながら過去問を分類してください。 本ページは学習整理用です。出題・制度変更は必ず公式情報で確認してください。
shuzen-kaikei-kubun,修繕積立金の会計区分,会計・税務,修繕積立金;会計区分;修繕積立金会計,修繕積立金の会計区分（修繕積立金会計）と一般会計との区別を整理します。,修繕積立金会計,"[{""item"": ""会計区分"", ""value"": ""修繕積立金会計"", ""note"": ""一般会計と区分""}, {""item"": ""収入"", ""value"": ""修繕積立金"", ""note"": ""区分所有者からの積立""}, {""item"": ""支出"", ""value"": ""大規模修繕工事"", ""note"": ""長期修繕計画に基づく""}, {""item"": ""目的"", ""value"": ""将来の修繕に備える"", ""note"": ""日常管理費とは別""}]",修繕積立金の会計区分｜管業試験,修繕積立金は修繕積立金会計で処理し、一般会計（日常管理費）とは区分します。長期修繕計画に基づく積立・支出が原則です。,修繕積立金会計で処理;一般会計と区分;長期修繕計画に基づく;目的外使用に注意,積立金を一般会計で処理;日常管理費と混同;計画なしで支出,「積立金＝修繕積立金会計」「管理費＝一般会計」と整理。,修繕積立金会計;修繕積立金会計と一般会計;修繕積立金;長期修繕計画,修繕積立金の会計区分は？,修繕積立金会計で処理します。一般会計（日常管理費）とは目的が異なり、区分して管理します。 試験では修繕積立金会計で処理をセットで確認し、条文・管理規約の定めと照合しながら過去問を分類してください。 本ページは学習整理用です。出題・制度変更は必ず公式情報で確認してください。,積立金の使途は？,長期修繕計画に基づく大規模修繕工事等に充てます。日常管理費への流用は原則できません。 試験では修繕積立金会計で処理をセットで確認し、条文・管理規約の定めと照合しながら過去問を分類してください。 本ページは学習整理用です。出題・制度変更は必ず公式情報で確認してください。,試験でどう問われる？,会計区分、収入・支出の処理、一般会計との区別が正誤問題で出ます。 試験では修繕積立金会計で処理をセットで確認し、条文・管理規約の定めと照合しながら過去問を分類してください。 本ページは学習整理用です。出題・制度変更は必ず公式情報で確認してください。,積立金の算定は？,長期修繕計画に基づき、将来の修繕費用を見込んで積立金を算定します。計画と連動させて理解してください。 試験では修繕積立金会計で処理をセットで確認し、条文・管理規約の定めと照合しながら過去問を分類してください。
kan-gyou-touroku,管理業務主任者登録・更新,管理適正化法,登録;更新登録;管理業務主任者の登録,管理業務主任者の登録・更新登録の要件・手続を整理します。,試験合格→登録→更新,"[{""item"": ""初回登録"", ""value"": ""試験合格後"", ""note"": ""管理業務主任者の登録""}, {""item"": ""更新登録"", ""value"": ""5年ごと"", ""note"": ""更新登録の申請""}, {""item"": ""登録要件"", ""value"": ""試験合格"", ""note"": ""欠格事由なし""}, {""item"": ""確認先"", ""value"": ""都道府県"", ""note"": ""登録・更新の管轄""}]",管理業務主任者登録・更新｜管業試験,管業は試験合格後に登録し、5年ごとに更新登録が必要です。登録と更新登録の要件・手続の違いが試験頻出です。,試験合格が登録要件;5年ごとに更新登録;登録と届出を区別;欠格事由に注意,登録と届出を混同;更新不要とする;試験合格＝登録完了,「合格→登録→5年更新」と流れで覚える。,管理業務主任者の登録;更新登録;管理業務主任者,初回登録の要件は？,管業試験合格後、管理業務主任者の登録を申請します。欠格事由がなければ登録されます。 試験では試験合格が登録要件をセットで確認し、条文・管理規約の定めと照合しながら過去問を分類してください。 数値・日程・合格基準はマンション管理業協会（www.mankan.or.jp）の試験要項で必ずご確認ください。,更新登録はいつ？,登録から5年ごとに更新登録の申請が必要です。更新登録を怠ると登録が失効します。 試験では試験合格が登録要件をセットで確認し、条文・管理規約の定めと照合しながら過去問を分類してください。 数値・日程・合格基準はマンション管理業協会（www.mankan.or.jp）の試験要項で必ずご確認ください。,登録と届出の違いは？,登録は資格取得、届出は選任・配置等の報告です。管理業務主任者の届出と混同しないでください。 試験では試験合格が登録要件をセットで確認し、条文・管理規約の定めと照合しながら過去問を分類してください。 数値・日程・合格基準はマンション管理業協会（www.mankan.or.jp）の試験要項で必ずご確認ください。,試験でどう問われる？,登録要件、更新期間、登録と届出の区別が正誤問題で出ます。 試験では試験合格が登録要件をセットで確認し、条文・管理規約の定めと照合しながら過去問を分類してください。 数値・日程・合格基準はマンション管理業協会（www.mankan.or.jp）の試験要項で必ずご確認ください。
kanrin-in-haichi,管理員配置,管理適正化法,管理員;管理員の配置;適正化法,管理適正化法上の管理員配置要件を整理します。,管理員の配置義務,"[{""item"": ""配置義務"", ""value"": ""一定規模以上"", ""note"": ""管理適正化法に基づく""}, {""item"": ""管理員"", ""value"": ""管理業務主任者等"", ""note"": ""配置・選任の要件""}, {""item"": ""届出"", ""value"": ""管理業務主任者の届出"", ""note"": ""選任・配置の報告""}, {""item"": ""確認"", ""value"": ""都道府県"", ""note"": ""届出先""}]",管理員配置｜管業試験,一定規模以上のマンションには管理員の配置が求められます。管理業務主任者の選任・届出との関係が試験頻出です。,一定規模で配置義務;管業の選任・届出;管理員と管業の関係;届出先は都道府県,管理員不要とする;届出と登録を混同;管業が管理員と同一,「規模→配置義務」「選任→届出」と整理。,管理員の配置;管理員;管理業務主任者の届出;管理業務主任者,管理員配置の要件は何ですか？,一定規模以上のマンション等には管理員の配置が適正化法で求められます。規模の基準は法・施行規則で確認してください。 試験では一定規模で配置義務をセットで確認し、条文・管理規約の定めと照合しながら過去問を分類してください。,管理業務主任者との関係は？,管理員として管理業務主任者を選任する場合、選任・配置の届出が必要です。登録と届出は別手続です。 試験では一定規模で配置義務をセットで確認し、条文・管理規約の定めと照合しながら過去問を分類してください。,管理業務主任者の届出先は？,管理業務主任者の届出は都道府県に行います。選任・解任・配置変更時に届出が必要です。 試験では一定規模で配置義務をセットで確認し、条文・管理規約の定めと照合しながら過去問を分類してください。 本ページは学習整理用です。出題・制度変更は必ず公式情報で確認してください。,試験でどう問われる？,配置義務、管業の選任、届出と登録の区別が正誤問題で出ます。 試験では一定規模で配置義務をセットで確認し、条文・管理規約の定めと照合しながら過去問を分類してください。 本ページは学習整理用です。出題・制度変更は必ず公式情報で確認してください。
shiken-nittei-2026,2026年度試験日程確認方法,管理適正化法,試験日程;2026年度;確認方法,2026年度管業試験の日程・申込期間の確認方法を整理します。,マンション管理業協会で確認,"[{""item"": ""確認先"", ""value"": ""www.mankan.or.jp"", ""note"": ""マンション管理業協会""}, {""item"": ""試験要項"", ""value"": ""年度ごとに公開"", ""note"": ""日程・申込期間""}, {""item"": ""申込"", ""value"": ""Web申込"", ""note"": ""期間内に完了""}, {""item"": ""変更"", ""value"": ""要項で確認"", ""note"": ""年度により変動""}]",2026年度試験日程確認方法｜管業試験,2026年度管業試験の日程・申込期間はマンション管理業協会（www.mankan.or.jp）の試験要項で確認してください。数値・日程・合格基準はマンション管理業協会（www.mankan.or.jp）の試験要項で必ずご確認ください。,確認先はマンション管理業協会;試験要項で日程・申込期間;Web申込;年度ごとに要項確認,日程を固定と決めつける;確認先を誤る;申込期間を見落とす,「mankan.or.jp→要項→日程」と確認手順で覚える。,管理業務主任者試験;マンション管理士,2026年度の日程はどこで確認？,マンション管理業協会（www.mankan.or.jp）の試験要項で2026年度の試験日程・申込期間を確認してください。数値・日程・合格基準はマンション管理業協会（www.mankan.or.jp）の試験要項で必ずご確認ください。,申込方法はどのように行いますか？,Web申込が一般的です。申込期間内に手続を完了してください。手数料は要項で確認を。数値・日程・合格基準はマンション管理業協会（www.mankan.or.jp）の試験要項で必ずご確認ください。 試験では確認先はマンション管理業協会をセットで確認し、条文・管理規約の定めと照合しながら過去問を分類してください。,試験日程はいつ頃公開されますか？,試験要項は年度開始前後に公開されます。最新情報は協会サイトで随時確認してください。数値・日程・合格基準はマンション管理業協会（www.mankan.or.jp）の試験要項で必ずご確認ください。 試験では確認先はマンション管理業協会をセットで確認し、条文・管理規約の定めと照合しながら過去問を分類してください。,試験日程の変更はありますか？,試験日程・会場等は変更される場合があります。申込前・試験直前に要項・通知を確認してください。数値・日程・合格基準はマンション管理業協会（www.mankan.or.jp）の試験要項で必ずご確認ください。
goukaku-ritsu,合格率の目安,判例・横断総合,合格率;約20%;管業試験,管業試験の合格率の目安（約20%）を整理します。,約20%（目安）,"[{""item"": ""合格率目安"", ""value"": ""約20%"", ""note"": ""年度により変動""}, {""item"": ""評価"", ""value"": ""相対評価"", ""note"": ""合格点は分布で決定""}, {""item"": ""対策"", ""value"": ""過去問・条文"", ""note"": ""計画的学習""}, {""item"": ""確認"", ""value"": ""試験要項"", ""note"": ""公式発表値""}]",合格率の目安｜管業試験,管業試験の合格率は約20%が目安です。相対評価のため年度により変動し、公式発表値は試験要項・結果公告で確認してください。数値・日程・合格基準はマンション管理業協会（www.mankan.or.jp）の試験要項で必ずご確認ください。,合格率約20%が目安;年度により変動;相対評価;公式発表で確認,合格率50%とする;固定値と決めつける;相対評価を無視,「約20%・年度変動・相対評価」とセットで覚える。,管理業務主任者試験;マンション管理士,管業試験の合格率はどの程度？,約20%が目安ですが、年度・受験者数により変動します。公式の合格率は試験結果公告で確認してください。数値・日程・合格基準はマンション管理業協会（www.mankan.or.jp）の試験要項で必ずご確認ください。,相対評価との関係は？,相対評価のため、合格率と合格点は連動して変動します。絶対点数だけで判断しないでください。 試験では合格率約20%が目安をセットで確認し、条文・管理規約の定めと照合しながら過去問を分類してください。 数値・日程・合格基準はマンション管理業協会（www.mankan.or.jp）の試験要項で必ずご確認ください。,対策のポイントは？,過去問・条文の理解、計画的学習が重要です。合格率を気にしすぎず、実力向上に集中してください。 試験では合格率約20%が目安をセットで確認し、条文・管理規約の定めと照合しながら過去問を分類してください。 数値・日程・合格基準はマンション管理業協会（www.mankan.or.jp）の試験要項で必ずご確認ください。,最新の合格率は？,マンション管理業協会（www.mankan.or.jp）の試験結果公告で最新の合格率を確認してください。数値・日程・合格基準はマンション管理業協会（www.mankan.or.jp）の試験要項で必ずご確認ください。
goukaku-50-mondai,管業試験50問の内訳,管理適正化法,50問試験;管理業務主任者試験,管業試験通常50問の出題範囲・配分の目安を整理します（マン管士5問免除時は45問）。,50問（5問免除時45問）,"[{""item"": ""通常問題数"", ""value"": ""50問"", ""note"": ""四肢択一""}, {""item"": ""5問免除時"", ""value"": ""45問"", ""note"": ""マン管士合格者のみ""}, {""item"": ""試験時間"", ""value"": ""120分"", ""note"": ""要項確認""}, {""item"": ""評価"", ""value"": ""相対評価"", ""note"": ""合格点は年度変動""}, {""item"": ""確認先"", ""value"": ""www.mankan.or.jp"", ""note"": ""試験要項""}]",管業試験50問の内訳｜管業,管業試験は通常50問120分の四肢択一です。マン管士合格者は5問免除で45問となります。数値・日程・合格基準はマンション管理業協会（www.mankan.or.jp）の試験要項で必ずご確認ください。,50問が通常;45問は5問免除;120分;相対評価,全員45問;50問免除;絶対評価,「50/45・120分・相対」とセット暗記。,管理業務主任者試験;マンション管理士;管理業務主任者,管業試験は何問？,通常50問です。マンション管理士試験合格者が管業試験を受験する場合は5問免除で45問となります。数値・日程・合格基準はマンション管理業協会（www.mankan.or.jp）の試験要項で必ずご確認ください。,試験時間は？,120分が目安です。問題数が45問でも120分の場合があります。要項で確認してください。数値・日程・合格基準はマンション管理業協会（www.mankan.or.jp）の試験要項で必ずご確認ください。 試験では50問が通常をセットで確認してください。,合格点は何点ですか？,相対評価のため年度により変動します。R7では36点が参考例でした。数値・日程・合格基準はマンション管理業協会（www.mankan.or.jp）の試験要項で必ずご確認ください。 試験では50問が通常をセットで確認してください。,出題範囲は？,区分所有法・適正化法・会計・宅建業法等が中心です。試験要項の出題範囲を確認してください。数値・日程・合格基準はマンション管理業協会（www.mankan.or.jp）の試験要項で必ずご確認ください。 試験では50問が通常をセットで確認してください。
menjo-5-mondai-detail,マン管士5問免除の詳細,判例・横断総合,5問免除;マン管士;45問,マンション管理士試験合格者の管業試験5問免除の条件・問題数・時間を整理します。,5問免除→45問・120分,"[{""item"": ""対象"", ""value"": ""マン管士合格者"", ""note"": ""管業受験時のみ""}, {""item"": ""免除数"", ""value"": ""5問"", ""note"": ""全科目免除ではない""}, {""item"": ""受験数"", ""value"": ""45問"", ""note"": ""50問から5問減""}, {""item"": ""時間"", ""value"": ""120分"", ""note"": ""短縮なし（要項確認）""}, {""item"": ""確認"", ""value"": ""試験要項"", ""note"": ""www.mankan.or.jp""}]",マン管士5問免除の詳細｜管業,マン管士合格者のみ5問免除で45問受験。時間120分は同様。全科目免除ではありません。数値・日程・合格基準はマンション管理業協会（www.mankan.or.jp）の試験要項で必ずご確認ください。,マン管士合格者のみ;45問;5問のみ免除;120分,全員5問免除とする;40問受験;時間短縮あり,「マン管士合格→45問・5問のみ」。,マンション管理士;管理業務主任者試験;管理業務主任者,誰が5問免除？,マンション管理士試験合格者が管業試験を受験する場合のみです。数値・日程・合格基準はマンション管理業協会（www.mankan.or.jp）の試験要項で必ずご確認ください。 試験ではマン管士合格者のみをセットで確認してください。,受験問題数は何問ですか？,45問です。50問から5問が免除されます。数値・日程・合格基準はマンション管理業協会（www.mankan.or.jp）の試験要項で必ずご確認ください。 試験ではマン管士合格者のみをセットで確認してください。,時間は短縮？,120分が目安で、必ずしも短縮されません。要項で確認してください。数値・日程・合格基準はマンション管理業協会（www.mankan.or.jp）の試験要項で必ずご確認ください。 試験ではマン管士合格者のみをセットで確認してください。,免除科目は？,5問のみ免除。全科目免除ではありません。免除対象は要項で確認してください。数値・日程・合格基準はマンション管理業協会（www.mankan.or.jp）の試験要項で必ずご確認ください。 試験ではマン管士合格者のみをセットで確認してください。
kanrin-haichi-kijun,管理員配置の規模基準,管理適正化法,管理員;管理員の配置;適正化法,管理適正化法上の管理員配置が必要となるマンション等の規模基準の確認方法を整理します。,一定規模以上（法・規則確認）,"[{""item"": ""根拠"", ""value"": ""適正化法"", ""note"": ""管理員の配置""}, {""item"": ""基準"", ""value"": ""戸数・床面積等"", ""note"": ""施行規則で確認""}, {""item"": ""管業"", ""value"": ""選任・届出"", ""note"": ""配置と連動""}, {""item"": ""確認"", ""value"": ""条文・規則"", ""note"": ""試験要項""}, {""item"": ""更新"", ""value"": ""法改正あり"", ""note"": ""最新確認""}]",管理員配置の規模基準｜管業,一定規模以上のマンション等で管理員配置が求められます。正確な戸数・床面積基準は法・施行規則で確認してください。,一定規模で配置義務;基準は法・規則;管業選任と連動;最新条文確認,すべてのマンションで不要;基準を固定暗記;管業不要,「規模→配置義務→管業届出」の流れ。,管理員;管理員の配置;管理業務主任者の届出,管理員配置の基準は？,適正化法・施行規則で定める一定規模以上のマンション等が対象です。数値は条文で確認してください。 試験では一定規模で配置義務をセットで確認してください。 誤答ではすべてのマンションで不要に注意してください。,管業との関係は？,管理員として管業を選任する場合、選任・配置の届出が必要です。 試験では一定規模で配置義務をセットで確認してください。 誤答ではすべてのマンションで不要に注意してください。 覚え方：「規模→配置義務→管業届出」の流れ。,試験対策は？,配置義務・管業選任・届出の三点セットで正誤問題を整理してください。 試験では一定規模で配置義務をセットで確認してください。 誤答ではすべてのマンションで不要に注意してください。 覚え方：「規模→配置義務→管業届出」の流れ。,確認先はどこですか？,適正化法条文とマンション管理業協会（www.mankan.or.jp）の解説を参照してください。 試験では一定規模で配置義務をセットで確認してください。 誤答ではすべてのマンションで不要に注意してください。
koushin-5nen,更新登録5年周期,管理適正化法,更新登録;管理業務主任者の登録,管理業務主任者の更新登録（5年ごと）の要件・手続を整理します。,5年ごとに更新登録,"[{""item"": ""周期"", ""value"": ""5年"", ""note"": ""登録から算定""}, {""item"": ""手続"", ""value"": ""更新登録申請"", ""note"": ""都道府県""}, {""item"": ""怠った場合"", ""value"": ""登録失効"", ""note"": ""再手続が必要""}, {""item"": ""届出との違い"", ""value"": ""届出は選任報告"", ""note"": ""更新は資格存続""}, {""item"": ""確認"", ""value"": ""都道府県"", ""note"": ""最新要領""}]",更新登録5年周期｜管業,管業は登録から5年ごとに更新登録が必要です。更新を怠ると登録が失効します。届出（選任報告）とは別手続です。,5年更新;失効に注意;登録と届出を区別;都道府県管轄,更新不要;届出で更新;選任で自動更新,「合格→登録→5年更新」。,更新登録;管理業務主任者の登録;管理業務主任者,更新登録の周期は？,登録から5年ごとに更新登録の申請が必要です。 試験では5年更新をセットで確認してください。 誤答では更新不要に注意してください。 覚え方：「合格→登録→5年更新」。 管業は登録から5年ごとに更新登録が必要です。更新を怠ると登録が失効します。届出（選任報告）とは別手続です。,更新を怠ると？,登録が失効し、再度必要な手続が生じます。 試験では5年更新をセットで確認してください。 誤答では更新不要に注意してください。 覚え方：「合格→登録→5年更新」。 管業は登録から5年ごとに更新登録が必要です。更新を怠ると登録が失効します。届出（選任報告）とは別手続です。,届出との違いは？,届出は選任・配置の報告、更新登録は資格存続のための手続です。 試験では5年更新をセットで確認してください。 誤答では更新不要に注意してください。 覚え方：「合格→登録→5年更新」。 管業は登録から5年ごとに更新登録が必要です。更新を怠ると登録が失効します。届出（選任報告）とは別手続です。,確認先はどこですか？,都道府県の手続要領とwww.mankan.or.jpのFAQ等で確認してください。数値・日程・合格基準はマンション管理業協会（www.mankan.or.jp）の試験要項で必ずご確認ください。 試験では5年更新をセットで確認してください。
soukai-teisu,総会の定足数,区分所有法,総会;総会決議要件;定足数,管理組合総会の定足数（成立要件）の規約委任と典型例を整理します。,定足数は規約・法で定める,"[{""item"": ""定足数"", ""value"": ""規約で定める"", ""note"": ""総会成立要件""}, {""item"": ""普通決議"", ""value"": ""過半数"", ""note"": ""出席者議決権""}, {""item"": ""特別決議"", ""value"": ""5分の4以上"", ""note"": ""区分所有者全体""}, {""item"": ""建替え"", ""value"": ""5分の4議決権等"", ""note"": ""別要件""}, {""item"": ""確認"", ""value"": ""管理規約"", ""note"": ""個別規定""}]",総会定足数早見｜管業,総会の定足数は管理規約等で定めます。普通決議・特別決議・建替え決議の要件を混同しないでください。,定足数は規約委任;普通＝過半数;特別＝5分の4;建替えは別,定足数不要;すべて過半数;建替え＝普通,「定足数→普通→特別→建替え」の順。,総会;総会決議要件;特別決議;5分の4議決権,定足数とは？,総会が成立するために必要な出席者数・議決権数です。管理規約で定められます。 試験では定足数は規約委任をセットで確認してください。 誤答では定足数不要に注意してください。 覚え方：「定足数→普通→特別→建替え」の順。,普通決議は？,出席者の議決権の過半数で成立します。 試験では定足数は規約委任をセットで確認してください。 誤答では定足数不要に注意してください。 覚え方：「定足数→普通→特別→建替え」の順。 総会の定足数は管理規約等で定めます。普通決議・特別決議・建替え決議の要件を混同しないでください。,特別決議は？,区分所有者の議決権の5分の4以上が必要です。 試験では定足数は規約委任をセットで確認してください。 誤答では定足数不要に注意してください。 覚え方：「定足数→普通→特別→建替え」の順。 総会の定足数は管理規約等で定めます。普通決議・特別決議・建替え決議の要件を混同しないでください。,試験対策は？,定足数・普通・特別・建替えの四段表を作成してください。 試験では定足数は規約委任をセットで確認してください。 誤答では定足数不要に注意してください。 覚え方：「定足数→普通→特別→建替え」の順。 総会の定足数は管理規約等で定めます。普通決議・特別決議・建替え決議の要件を混同しないでください。
kanrihi-shuzen-wariai,管理費と修繕積立金の目安,区分所有法,管理費;修繕積立金;長期修繕計画,管理費（一般会計）と修繕積立金の算定・按分の考え方を整理します。,目的別に算定・按分,"[{""item"": ""管理費"", ""value"": ""日常管理費"", ""note"": ""一般会計""}, {""item"": ""修繕積立金"", ""value"": ""将来大規模修繕"", ""note"": ""修繕積立金会計""}, {""item"": ""算定"", ""value"": ""予算・規約"", ""note"": ""長期修繕計画""}, {""item"": ""按分"", ""value"": ""専有部分の床面積比等"", ""note"": ""規約で定める""}, {""item"": ""混同"", ""value"": ""同一会計"", ""note"": ""目的外流用""}]",管理費と修繕積立金の目安｜管業,管理費は日常運営、修繕積立金は将来修繕用です。長期修繕計画に基づき積立金を算定します。,目的で区分;長期修繕計画と連動;按分は規約;会計区分厳守,同一会計;積立金で日常管理;計画不要,「日常＝管理費」「将来＝積立金」。,修繕積立金;一般会計;長期修繕計画,管理費とは？,日常の管理運営に必要な費用で、一般会計で処理します。 試験では目的で区分をセットで確認してください。 誤答では同一会計に注意してください。 覚え方：「日常＝管理費」「将来＝積立金」。 管理費は日常運営、修繕積立金は将来修繕用です。長期修繕計画に基づき積立金を算定します。,修繕積立金とは？,将来の大規模修繕に備える積立金で、修繕積立金会計で処理します。 試験では目的で区分をセットで確認してください。 誤答では同一会計に注意してください。 覚え方：「日常＝管理費」「将来＝積立金」。 管理費は日常運営、修繕積立金は将来修繕用です。長期修繕計画に基づき積立金を算定します。,算定根拠は？,長期修繕計画に基づき積立金を算定します。 試験では目的で区分をセットで確認してください。 誤答では同一会計に注意してください。 覚え方：「日常＝管理費」「将来＝積立金」。 管理費は日常運営、修繕積立金は将来修繕用です。長期修繕計画に基づき積立金を算定します。,試験対策は？,会計区分と算定根拠を表にまとめてください。 試験では目的で区分をセットで確認してください。 誤答では同一会計に注意してください。 覚え方：「日常＝管理費」「将来＝積立金」。 管理費は日常運営、修繕積立金は将来修繕用です。長期修繕計画に基づき積立金を算定します。
mankan-tesuryou-2026,2026年度受験手数料,管理適正化法,受験手数料;2026年度;管業試験,2026年度管業試験の受験手数料・Web手数料の確認方法を整理します。,8900円+Web297円（要項確認）,"[{""item"": ""受験手数料"", ""value"": ""8,900円"", ""note"": ""試験要項で確認""}, {""item"": ""Web手数料"", ""value"": ""297円"", ""note"": ""Web申込時""}, {""item"": ""合計"", ""value"": ""9,197円"", ""note"": ""Web申込時""}, {""item"": ""確認先"", ""value"": ""www.mankan.or.jp"", ""note"": ""2026年度要項""}, {""item"": ""改定"", ""value"": ""年度により変動"", ""note"": ""申込前確認""}]",2026年度受験手数料｜管業,2026年度の受験手数料はマンション管理業協会（www.mankan.or.jp）の試験要項で確認してください。数値・日程・合格基準はマンション管理業協会（www.mankan.or.jp）の試験要項で必ずご確認ください。,8900+297=9197;年度要項確認;Web申込;改定あり,8900のみ;手数料固定;確認不要,「mankan.or.jp→要項→手数料」。,管理業務主任者試験;マンション管理士,2026年度の手数料は？,試験要項で確認してください。8900円+Web297円が目安でしたが、年度で改定される場合があります。数値・日程・合格基準はマンション管理業協会（www.mankan.or.jp）の試験要項で必ずご確認ください。,Web申込の手数料は？,297円が加算されます。受験手数料8900円とは別項目です。 試験では8900+297=9197をセットで確認してください。 誤答では8900のみに注意してください。 覚え方：「mankan.or.jp→要項→手数料」。,確認タイミングは？,申込前に必ず最新要項を確認してください。数値・日程・合格基準はマンション管理業協会（www.mankan.or.jp）の試験要項で必ずご確認ください。 試験では8900+297=9197をセットで確認してください。,手数料の改定はありますか？,手数料は年度により改定される可能性があります。数値・日程・合格基準はマンション管理業協会（www.mankan.or.jp）の試験要項で必ずご確認ください。 試験では8900+297=9197をセットで確認してください。
goukaku-souten-r7,相対評価合格点（R7参考）,管理適正化法,合格点;相対評価;36点,管業試験の相対評価とR7合格点36点（参考）を整理します。,R7=36点（参考・年度変動）,"[{""item"": ""評価方式"", ""value"": ""相対評価"", ""note"": ""分布で決定""}, {""item"": ""R7参考"", ""value"": ""36点"", ""note"": ""50問中""}, {""item"": ""45問時"", ""value"": ""比例換算"", ""note"": ""要項・結果確認""}, {""item"": ""固定"", ""value"": ""なし"", ""note"": ""毎年変動""}, {""item"": ""確認"", ""value"": ""結果公告"", ""note"": ""www.mankan.or.jp""}]",相対評価合格点｜管業,管業試験は相対評価のため合格点は年度により変動します。R7の36点は参考例です。数値・日程・合格基準はマンション管理業協会（www.mankan.or.jp）の試験要項で必ずご確認ください。,相対評価;R7=36点は参考;45問時も要確認;固定値としない,36点固定;絶対評価;45問で同じ36点,「相対・年度変動・R7=36参考」。,管理業務主任者試験;管理業務主任者,合格点は固定？,相対評価のため年度により変動します。R7では36点が参考例でした。数値・日程・合格基準はマンション管理業協会（www.mankan.or.jp）の試験要項で必ずご確認ください。 誤答では36点固定に注意してください。,45問の合格点は？,問題数が異なる場合、評価方法も要項・結果公告で確認してください。数値・日程・合格基準はマンション管理業協会（www.mankan.or.jp）の試験要項で必ずご確認ください。 試験では相対評価をセットで確認してください。,試験対策の要点は？,相対評価を意識し、足切りなく安定得点を目指してください。 誤答では36点固定に注意してください。 覚え方：「相対・年度変動・R7=36参考」。 管業試験は相対評価のため合格点は年度により変動します。R7の36点は参考例です。数値・日程・合格基準はマンション管理業協。,最新情報は？,マンション管理業協会（www.mankan.or.jp）の結果公告で確認してください。数値・日程・合格基準はマンション管理業協会（www.mankan.or.jp）の試験要項で必ずご確認ください。 試験では相対評価をセットで確認してください。
rijikai-3nin,理事会理事の定数目安,区分所有法,理事会;理事;監事,理事会の理事定数（3人以上が目安）と任期の規約委任を整理します。,理事3人以上・任期2年が目安,"[{""item"": ""定数"", ""value"": ""3人以上"", ""note"": ""規約で定める""}, {""item"": ""任期"", ""value"": ""2年"", ""note"": ""規約で定める・一般的""}, {""item"": ""理事長"", ""value"": ""理事会で選任"", ""note"": ""代表権""}, {""item"": ""監事"", ""value"": ""規約で定める"", ""note"": ""監査""}, {""item"": ""確認"", ""value"": ""管理規約"", ""note"": ""組合ごと""}]",理事会定数目安｜管業,理事の定数・任期は管理規約で定めます。3人以上・2年が一般的な目安です。,定数・任期は規約;3人・2年が目安;理事長は理事会選任,法律で3人固定;任期1年;総会のみで理事長選任,「定数・任期＝規約」「3人・2年＝目安」。,理事会;理事長;監事,理事の定数は？,管理規約で定めます。3人以上とする規約が一般的です。 試験では定数・任期は規約をセットで確認してください。 誤答では法律で3人固定に注意してください。 覚え方：「定数・任期＝規約」「3人・2年＝目安」。,理事の任期は？,管理規約で定めます。2年が多いですが組合ごとに異なります。 試験では定数・任期は規約をセットで確認してください。 誤答では法律で3人固定に注意してください。 覚え方：「定数・任期＝規約」「3人・2年＝目安」。,理事長の選任は？,理事会で選任します。 試験では定数・任期は規約をセットで確認してください。 誤答では法律で3人固定に注意してください。 覚え方：「定数・任期＝規約」「3人・2年＝目安」。 理事の定数・任期は管理規約で定めます。3人以上・2年が一般的な目安です。,試験対策は？,定数・任期・選任機関を表にまとめてください。 試験では定数・任期は規約をセットで確認してください。 誤答では法律で3人固定に注意してください。 覚え方：「定数・任期＝規約」「3人・2年＝目安」。 理事の定数・任期は管理規約で定めます。3人以上・2年が一般的な目安です。
todoke-todofuken,管業届出の届出先,管理適正化法,管理業務主任者の届出;都道府県,管理業務主任者の選任・配置届出の届出先（都道府県）とタイミングを整理します。,都道府県に届出,"[{""item"": ""届出先"", ""value"": ""都道府県"", ""note"": ""選任・配置""}, {""item"": ""タイミング"", ""value"": ""選任・解任・変更時"", ""note"": ""遅延に注意""}, {""item"": ""登録との違い"", ""value"": ""登録＝資格"", ""note"": ""届出＝選任報告""}, {""item"": ""管轄"", ""value"": ""マンション所在地等"", ""note"": ""要確認""}, {""item"": ""確認"", ""value"": ""都道府県要領"", ""note"": ""最新手続""}]",管業届出先早見｜管業,管理業務主任者の届出は都道府県に行います。登録（資格取得）とは手続・目的が異なります。,届出先＝都道府県;選任・解任・変更時;登録と区別,届出＝登録;市区町村;届出不要,「登録＝資格」「届出＝都道府県・選任報告」。,管理業務主任者の届出;管理業務主任者の登録;管理業務主任者,届出先はどこですか？,都道府県に管理業務主任者の選任・配置等を届出します。 試験では届出先＝都道府県をセットで確認してください。 誤答では届出＝登録に注意してください。 覚え方：「登録＝資格」「届出＝都道府県・選任報告」。,届出のタイミングは？,選任・解任・配置変更時等、法・要領で定める場合に届出します。 試験では届出先＝都道府県をセットで確認してください。 誤答では届出＝登録に注意してください。 覚え方：「登録＝資格」「届出＝都道府県・選任報告」。,登録との違いは？,登録は試験合格後の資格取得、届出は組合側の選任報告です。 試験では届出先＝都道府県をセットで確認してください。 誤答では届出＝登録に注意してください。 覚え方：「登録＝資格」「届出＝都道府県・選任報告」。,確認先はどこですか？,都道府県の手続要領とwww.mankan.or.jpを参照してください。数値・日程・合格基準はマンション管理業協会（www.mankan.or.jp）の試験要項で必ずご確認ください。 試験では届出先＝都道府県をセットで確認してください。
choki-keikaku-12nen-s32,長期修繕計画の見直し周期,区分所有法,長期修繕計画;見直し,長期修繕計画の見直し周期（おおむね12年）の目安を整理します。,おおむね12年ごとに見直し（目安）,"[{""item"": ""見直し"", ""value"": ""12年目安"", ""note"": ""計画更新""}, {""item"": ""策定"", ""value"": ""組合"", ""note"": ""専門家""}, {""item"": ""積立"", ""value"": ""連動"", ""note"": ""積立金""}, {""item"": ""試験"", ""value"": ""固定"", ""note"": ""要確認""}, {""item"": ""確認"", ""value"": ""省令・ガイド"", ""note"": ""最新""}]",修繕計画12年見直し｜管業,長期修繕計画は定期的な見直しが求められます。正確な周期は法令・ガイドラインで確認してください。数値・日程・合格基準はマンション管理業協会（www.mankan.or.jp）の試験要項で必ずご確認ください。,12年目安;見直し義務;積立と連動;最新確認,見直し不要;永久固定;管業が策定,「計画は見直す」。（暗記用フレーズ）,長期修繕計画;修繕積立金;修繕の実施,見直し周期は？,おおむね12年ごとの見直しが目安です。最新のガイドラインで確認してください。 試験では12年目安をセットで確認してください。 誤答では見直し不要に注意してください。 覚え方：「計画は見直す」。（暗記用フレーズ）,長期修繕計画は誰が策定しますか？,管理組合が中心となり策定・見直しします。 試験では12年目安をセットで確認してください。 誤答では見直し不要に注意してください。 覚え方：「計画は見直す」。（暗記用フレーズ） 長期修繕計画は定期的な見直しが求められます。正確な周期は法令・ガイドラインで確認してください。数値・日程・合格基準はマン。,試験対策は？,計画・積立・修繕の実施の数値を一表にしてください。 試験では12年目安をセットで確認してください。 誤答では見直し不要に注意してください。 覚え方：「計画は見直す」。（暗記用フレーズ） 長期修繕計画は定期的な見直しが求められます。正確な周期は法令・ガイドラインで確認してください。数値・日程・合格基準はマン。,確認先はどこですか？,区分所有法関連の用語を参照してください。 試験では12年目安をセットで確認してください。 誤答では見直し不要に注意してください。 覚え方：「計画は見直す」。（暗記用フレーズ） 長期修繕計画は定期的な見直しが求められます。正確な周期は法令・ガイドラインで確認してください。数値・日程・合格基準はマン。
tokubetsu-5bun4-s32,特別決議の議決権割合,区分所有法,特別決議;5分の4,特別決議に必要な区分所有者の議決権5分の4以上を整理します。,区分所有者の議決権の5分の4以上,"[{""item"": ""割合"", ""value"": ""5分の4以上"", ""note"": ""特別決議""}, {""item"": ""対象"", ""value"": ""規約変更等"", ""note"": ""総会""}, {""item"": ""普通"", ""value"": ""過半数"", ""note"": ""出席者""}, {""item"": ""建替え"", ""value"": ""別要件"", ""note"": ""より厳しい""}, {""item"": ""確認"", ""value"": ""区分所有法"", ""note"": ""条文""}]",特別決議5分の4｜管業,特別決議は5分の4以上、普通決議は出席者の過半数です。建替えはさらに厳しい要件があります。数値・日程・合格基準はマンション管理業協会（www.mankan.or.jp）の試験要項で必ずご確認ください。,特別＝5分の4;普通＝過半数;建替え別;定足数も規約,過半数で規約変更;建替え＝普通;定足数不要,「特別＝5/4」。（暗記用フレーズ）,特別決議;5分の4議決権;総会,特別決議の割合は？,区分所有者の議決権の5分の4以上が必要です。 試験では特別＝5分の4をセットで確認してください。 誤答では過半数で規約変更に注意してください。 覚え方：「特別＝5/4」。（暗記用フレーズ） 特別決議は5分の4以上、普通決議は出席者の過半数です。建替えはさらに厳しい要件があります。数値・日程・合格基準はマンショ。,普通決議は？,出席者の議決権の過半数で成立します。 試験では特別＝5分の4をセットで確認してください。 誤答では過半数で規約変更に注意してください。 覚え方：「特別＝5/4」。（暗記用フレーズ） 特別決議は5分の4以上、普通決議は出席者の過半数です。建替えはさらに厳しい要件があります。数値・日程・合格基準はマンショ。,試験対策は？,四段決議表を暗記してください。 試験では特別＝5分の4をセットで確認してください。 誤答では過半数で規約変更に注意してください。 覚え方：「特別＝5/4」。（暗記用フレーズ） 特別決議は5分の4以上、普通決議は出席者の過半数です。建替えはさらに厳しい要件があります。数値・日程・合格基準はマンショ。,確認先はどこですか？,区分所有法を参照してください。 試験では特別＝5分の4をセットで確認してください。 誤答では過半数で規約変更に注意してください。 覚え方：「特別＝5/4」。（暗記用フレーズ） 特別決議は5分の4以上、普通決議は出席者の過半数です。建替えはさらに厳しい要件があります。数値・日程・合格基準はマンショ。
kanrihi-wariai-s32,管理費・積立金の負担割合,区分所有法,管理費;負担割合,専有部分の床面積等に応じた管理費・積立金負担の考え方を整理します。,床面積等・規約で定める,"[{""item"": ""基準"", ""value"": ""床面積"", ""note"": ""規約""}, {""item"": ""管理費"", ""value"": ""毎月"", ""note"": ""日常""}, {""item"": ""積立"", ""value"": ""将来修繕"", ""note"": ""計画""}, {""item"": ""変更"", ""value"": ""総会・規約"", ""note"": ""手続""}, {""item"": ""確認"", ""value"": ""管理規約"", ""note"": ""個別""}]",負担割合の考え方｜管業,管理費・積立金の負担は管理規約で定め、床面積割合が典型です。数値・日程・合格基準はマンション管理業協会（www.mankan.or.jp）の試験要項で必ずご確認ください。,規約で定める;床面積;管理費と積立別;総会,均等のみ;管業が決定;積立不要,「規約で割合」。（暗記用フレーズ）,管理費;修繕積立金;管理規約,負担割合は？,管理規約で定め、床面積割合が典型です。 試験では規約で定めるをセットで確認してください。 誤答では均等のみに注意してください。 覚え方：「規約で割合」。（暗記用フレーズ） 管理費・積立金の負担は管理規約で定め、床面積割合が典型です。数値・日程・合格基準はマンション管理業協会（www.mank。,負担割合の変更手続は？,規約変更・総会決議が必要になる場合があります。 試験では規約で定めるをセットで確認してください。 誤答では均等のみに注意してください。 覚え方：「規約で割合」。（暗記用フレーズ） 管理費・積立金の負担は管理規約で定め、床面積割合が典型です。数値・日程・合格基準はマンション管理業協会（www.mank。,試験対策は？,費用と決議の対応表を作成してください。 試験では規約で定めるをセットで確認してください。 誤答では均等のみに注意してください。 覚え方：「規約で割合」。（暗記用フレーズ） 管理費・積立金の負担は管理規約で定め、床面積割合が典型です。数値・日程・合格基準はマンション管理業協会（www.mank。,確認先はどこですか？,管理規約の用語を参照してください。 試験では規約で定めるをセットで確認してください。 誤答では均等のみに注意してください。 覚え方：「規約で割合」。（暗記用フレーズ） 管理費・積立金の負担は管理規約で定め、床面積割合が典型です。数値・日程・合格基準はマンション管理業協会（www.mank。
koushin-touroku-5nen-s32,管業更新登録5年,管理適正化法,更新登録;5年,管理業務主任者の更新登録5年周期を整理します。,5年ごとに更新登録,"[{""item"": ""周期"", ""value"": ""5年"", ""note"": ""登録""}, {""item"": ""手続"", ""value"": ""都道府県"", ""note"": ""申請""}, {""item"": ""怠ると"", ""value"": ""失効"", ""note"": ""再手続""}, {""item"": ""届出"", ""value"": ""別"", ""note"": ""選任報告""}, {""item"": ""確認"", ""value"": ""要項"", ""note"": ""最新""}]",更新登録5年｜管業（試験）,管業は5年ごとに更新登録が必要です。届出（選任報告）とは別手続です。数値・日程・合格基準はマンション管理業協会（www.mankan.or.jp）の試験要項で必ずご確認ください。,5年更新;失効注意;登録と届出別;都道府県,更新不要;届出で更新;自動更新,「5年で更新」。（暗記用フレーズ）,更新登録;管理業務主任者の登録;管理業務主任者,更新周期は？,登録から5年ごとに更新登録が必要です。 試験では5年更新をセットで確認してください。 誤答では更新不要に注意してください。 覚え方：「5年で更新」。（暗記用フレーズ） 管業は5年ごとに更新登録が必要です。届出（選任報告）とは別手続です。数値・日程・合格基準はマンション管理業協会（www.。,更新を怠るとどうなりますか？,登録が失効します。 試験では5年更新をセットで確認してください。 誤答では更新不要に注意してください。 覚え方：「5年で更新」。（暗記用フレーズ） 管業は5年ごとに更新登録が必要です。届出（選任報告）とは別手続です。数値・日程・合格基準はマンション管理業協会（www.。,試験対策は？,登録・届出・更新の三手続表を作成してください。 試験では5年更新をセットで確認してください。 誤答では更新不要に注意してください。 覚え方：「5年で更新」。（暗記用フレーズ） 管業は5年ごとに更新登録が必要です。届出（選任報告）とは別手続です。数値・日程・合格基準はマンション管理業協会（www.。,確認先はどこですか？,適正化法とwww.mankan.or.jpを参照してください。 試験では5年更新をセットで確認してください。 誤答では更新不要に注意してください。 覚え方：「5年で更新」。（暗記用フレーズ） 管業は5年ごとに更新登録が必要です。届出（選任報告）とは別手続です。数値・日程・合格基準はマンション管理業協会（www.。
soukai-teisu-s32,総会の定足数（S32）,区分所有法,総会;定足数,総会成立の定足数（規約委任）を整理します。,定足数は管理規約で定める,"[{""item"": ""定足数"", ""value"": ""規約"", ""note"": ""成立要件""}, {""item"": ""普通"", ""value"": ""過半数"", ""note"": ""出席者""}, {""item"": ""特別"", ""value"": ""5分の4"", ""note"": ""全体""}, {""item"": ""建替え"", ""value"": ""別"", ""note"": ""厳しい""}, {""item"": ""確認"", ""value"": ""規約"", ""note"": ""個別""}]",総会定足数｜管業（試験）,定足数は管理規約で定めます。普通・特別・建替えの決議要件とセットです。数値・日程・合格基準はマンション管理業協会（www.mankan.or.jp）の試験要項で必ずご確認ください。,定足数＝規約;普通・特別・建替え;混同禁止,定足数不要;すべて過半数;建替え＝普通,「まず定足→次に決議」。,総会;総会決議要件;管理規約,定足数とは？,総会が成立するために必要な出席・議決権の要件です。 試験では定足数＝規約をセットで確認してください。 誤答では定足数不要に注意してください。 覚え方：「まず定足→次に決議」。 定足数は管理規約で定めます。普通・特別・建替えの決議要件とセットです。数値・日程・合格基準はマンション管理業協会（www。,決議との違いは？,定足数は成立要件、普通・特別は決議の割合です。 試験では定足数＝規約をセットで確認してください。 誤答では定足数不要に注意してください。 覚え方：「まず定足→次に決議」。 定足数は管理規約で定めます。普通・特別・建替えの決議要件とセットです。数値・日程・合格基準はマンション管理業協会（www。,試験対策は？,定足・普通・特別・建替えの四段表を作成してください。 試験では定足数＝規約をセットで確認してください。 誤答では定足数不要に注意してください。 覚え方：「まず定足→次に決議」。 定足数は管理規約で定めます。普通・特別・建替えの決議要件とセットです。数値・日程・合格基準はマンション管理業協会（www。,確認先はどこですか？,区分所有法を参照してください。 試験では定足数＝規約をセットで確認してください。 誤答では定足数不要に注意してください。 覚え方：「まず定足→次に決議」。 定足数は管理規約で定めます。普通・特別・建替えの決議要件とセットです。数値・日程・合格基準はマンション管理業協会（www。
kanrinin-kibo-s32,管理員配置の規模基準（S32）,管理適正化法,管理員;配置,管理員配置義務の一定規模基準（法・規則確認）を整理します。,一定規模以上で配置（条文確認）,"[{""item"": ""根拠"", ""value"": ""適正化法"", ""note"": ""配置""}, {""item"": ""基準"", ""value"": ""戸数等"", ""note"": ""規則""}, {""item"": ""管業"", ""value"": ""選任可"", ""note"": ""届出""}, {""item"": ""試験"", ""value"": ""すべて不要"", ""note"": ""誤り""}, {""item"": ""確認"", ""value"": ""条文"", ""note"": ""最新""}]",管理員配置基準｜管業,一定規模以上のマンション等で管理員配置が必要です。数値は施行規則で確認してください。数値・日程・合格基準はマンション管理業協会（www.mankan.or.jp）の試験要項で必ずご確認ください。,規模で義務;管業選任;届出;最新条文,全規模不要;数値固定暗記;届出不要,「規模→配置」。（暗記用フレーズ）,管理員;管理員の配置;管理業務主任者の届出,配置基準は？,法・施行規則で定める一定規模以上です。 試験では規模で義務をセットで確認してください。 誤答では全規模不要に注意してください。 覚え方：「規模→配置」。（暗記用フレーズ） 一定規模以上のマンション等で管理員配置が必要です。数値は施行規則で確認してください。数値・日程・合格基準はマンション管理。,管業との関係は？,管理員として管業を選任する場合、届出が必要です。 試験では規模で義務をセットで確認してください。 誤答では全規模不要に注意してください。 覚え方：「規模→配置」。（暗記用フレーズ） 一定規模以上のマンション等で管理員配置が必要です。数値は施行規則で確認してください。数値・日程・合格基準はマンション管理。,試験対策は？,配置・選任・届出の三点セットで整理してください。 試験では規模で義務をセットで確認してください。 誤答では全規模不要に注意してください。 覚え方：「規模→配置」。（暗記用フレーズ） 一定規模以上のマンション等で管理員配置が必要です。数値は施行規則で確認してください。数値・日程・合格基準はマンション管理。,確認先はどこですか？,適正化法を参照してください。 試験では規模で義務をセットで確認してください。 誤答では全規模不要に注意してください。 覚え方：「規模→配置」。（暗記用フレーズ） 一定規模以上のマンション等で管理員配置が必要です。数値は施行規則で確認してください。数値・日程・合格基準はマンション管理。
mankan-5mon-s32,マン管士合格の管業5問免除,判例・横断総合,マンション管理士;5問免除,マンション管理士試験合格者の管業試験5問免除（45問）を整理します。,50問→45問（5問免除）,"[{""item"": ""通常"", ""value"": ""50問"", ""note"": ""管業試験""}, {""item"": ""免除"", ""value"": ""5問"", ""note"": ""マン管士合格""}, {""item"": ""条件"", ""value"": ""マン管士合格"", ""note"": ""要項""}, {""item"": ""逆"", ""value"": ""別"", ""note"": ""管業→マン管士""}, {""item"": ""確認"", ""value"": ""要項"", ""note"": ""年度""}]",管業45問・5問免除｜管業,マン管士合格者が管業を受験する場合のみ5問免除で45問となります。数値・日程・合格基準はマンション管理業協会（www.mankan.or.jp）の試験要項で必ずご確認ください。,50/45問;マン管士が条件;逆は別;要項確認,全員45問;管業でマン管士免除;同一試験,「マン管士→管業5問」。,マンション管理士;管理業務主任者試験;管理業務主任者,5問免除の条件は？,マンション管理士試験合格者が管業試験を受験する場合です。 試験では50/45問をセットで確認してください。 誤答では全員45問に注意してください。 覚え方：「マン管士→管業5問」。 マン管士合格者が管業を受験する場合のみ5問免除で45問となります。数値・日程・合格基準はマンション管理業協会（www.m。,管業試験の問題数は？,通常50問、条件を満たすと45問です。 試験では50/45問をセットで確認してください。 誤答では全員45問に注意してください。 覚え方：「マン管士→管業5問」。 マン管士合格者が管業を受験する場合のみ5問免除で45問となります。数値・日程・合格基準はマンション管理業協会（www.m。,試験対策は？,両試験の根拠法と問題数を表で整理してください。 試験では50/45問をセットで確認してください。 誤答では全員45問に注意してください。 覚え方：「マン管士→管業5問」。 マン管士合格者が管業を受験する場合のみ5問免除で45問となります。数値・日程・合格基準はマンション管理業協会（www.m。,確認先はどこですか？,www.mankan.or.jpの要項を参照してください。 試験では50/45問をセットで確認してください。 誤答では全員45問に注意してください。 覚え方：「マン管士→管業5問」。 マン管士合格者が管業を受験する場合のみ5問免除で45問となります。数値・日程・合格基準はマンション管理業協会（www.m。
kanri-kaisha-touroku-s32,管理会社の登録,判例・横断総合,マンション管理業法;登録,マンション管理業者の登録制度（マン管業法）を整理します。,国土交通大臣登録（マン管業法）,"[{""item"": ""法律"", ""value"": ""マン管業法"", ""note"": ""管理会社""}, {""item"": ""登録"", ""value"": ""国交省"", ""note"": ""業者""}, {""item"": ""管業"", ""value"": ""別"", ""note"": ""適正化法""}, {""item"": ""契約"", ""value"": ""委託"", ""note"": ""組合""}, {""item"": ""確認"", ""value"": ""条文"", ""note"": ""最新""}]",管理会社登録｜管業（試験）,管理会社の登録はマン管業法、管業は適正化法です。別制度とみなしてください。数値・日程・合格基準はマンション管理業協会（www.mankan.or.jp）の試験要項で必ずご確認ください。,管理会社＝マン管業法;管業＝適正化法;登録別;委託契約,同一登録;管業で会社登録;登録不要,「会社＝マン管業法登録」。,マンション管理業者;管理組合;管理業務主任者,管理会社の登録は？,マンション管理業法に基づく登録です。 試験では管理会社＝マン管業法をセットで確認してください。 誤答では同一登録に注意してください。 覚え方：「会社＝マン管業法登録」。 管理会社の登録はマン管業法、管業は適正化法です。別制度とみなしてください。数値・日程・合格基準はマンション管理業協会（w。,管業登録との違いは？,管業は個人資格、管理会社は事業者登録で別制度です。 試験では管理会社＝マン管業法をセットで確認してください。 誤答では同一登録に注意してください。 覚え方：「会社＝マン管業法登録」。 管理会社の登録はマン管業法、管業は適正化法です。別制度とみなしてください。数値・日程・合格基準はマンション管理業協会（w。,試験対策は？,根拠法の引っかけ表を作成してください。 試験では管理会社＝マン管業法をセットで確認してください。 誤答では同一登録に注意してください。 覚え方：「会社＝マン管業法登録」。 管理会社の登録はマン管業法、管業は適正化法です。別制度とみなしてください。数値・日程・合格基準はマンション管理業協会（w。,確認先はどこですか？,用語集を参照してください。 試験では管理会社＝マン管業法をセットで確認してください。 誤答では同一登録に注意してください。 覚え方：「会社＝マン管業法登録」。 管理会社の登録はマン管業法、管業は適正化法です。別制度とみなしてください。数値・日程・合格基準はマンション管理業協会（w。
rijikai-kaisu-s32,理事会の開催頻度,区分所有法,理事会;開催,理事会の定期的な開催・議事録作成の実務・試験論点を整理します。,定期的に開催（規約・実務）,"[{""item"": ""頻度"", ""value"": ""規約・実務"", ""note"": ""定期開催""}, {""item"": ""議事録"", ""value"": ""作成保存"", ""note"": ""義務""}, {""item"": ""権限"", ""value"": ""執行"", ""note"": ""総会と別""}, {""item"": ""試験"", ""value"": ""開催不要"", ""note"": ""誤り""}, {""item"": ""確認"", ""value"": ""規約"", ""note"": ""個別""}]",理事会の開催｜管業（試験）,理事会は執行機関として定期的に開催し、議事録を残します。総会と役割が異なります。数値・日程・合格基準はマンション管理業協会（www.mankan.or.jp）の試験要項で必ずご確認ください。,定期開催;議事録;執行;総会と別,開催不要;議事録不要;規約変更可,「理事会＝実行部」。,理事会;総会;管理規約,理事会の頻度は？,管理規約・実務に応じ定期開催が想定されます。 誤答では開催不要に注意してください。 覚え方：「理事会＝実行部」。 理事会は執行機関として定期的に開催し、議事録を残します。総会と役割が異なります。数値・日程・合格基準はマンション管理業協。,理事会の議事録は？,作成・保存が重要です。総会議事録と区別してください。 試験では定期開催をセットで確認してください。 誤答では開催不要に注意してください。 覚え方：「理事会＝実行部」。 理事会は執行機関として定期的に開催し、議事録を残します。総会と役割が異なります。数値・日程・合格基準はマンション管理業協。,試験対策は？,機関と決議の対応表を作成してください。 試験では定期開催をセットで確認してください。 誤答では開催不要に注意してください。 覚え方：「理事会＝実行部」。 理事会は執行機関として定期的に開催し、議事録を残します。総会と役割が異なります。数値・日程・合格基準はマンション管理業協。,確認先はどこですか？,区分所有法を参照してください。 試験では定期開催をセットで確認してください。 誤答では開催不要に注意してください。 覚え方：「理事会＝実行部」。 理事会は執行機関として定期的に開催し、議事録を残します。総会と役割が異なります。数値・日程・合格基準はマンション管理業協。
shikikin-kikin-s32,修繕積立金の積立率,区分所有法,修繕積立金;積立率,長期修繕計画に基づく積立金の積立率・見直しの考え方を整理します。,計画に基づき規約で定める,"[{""item"": ""根拠"", ""value"": ""長期修繕計画"", ""note"": ""算定""}, {""item"": ""規約"", ""value"": ""積立率"", ""note"": ""総会""}, {""item"": ""見直し"", ""value"": ""計画連動"", ""note"": ""12年目安""}, {""item"": ""試験"", ""value"": ""固定率"", ""note"": ""誤り""}, {""item"": ""確認"", ""value"": ""規約"", ""note"": ""個別""}]",積立率の考え方｜管業,積立率は長期修繕計画と管理規約に基づき決めます。全国一律の固定数字とみなさないでください。数値・日程・合格基準はマンション管理業協会（www.mankan.or.jp）の試験要項で必ずご確認ください。,計画連動;規約で決定;見直し;管理費と別,全国固定;積立不要;管理費に含む,「計画→積立率」。（暗記用フレーズ）,修繕積立金;長期修繕計画;管理規約,修繕積立金の積立率は？,長期修繕計画と規約に基づき決めます。 試験では計画連動をセットで確認してください。 誤答では全国固定に注意してください。 覚え方：「計画→積立率」。（暗記用フレーズ） 積立率は長期修繕計画と管理規約に基づき決めます。全国一律の固定数字とみなさないでください。数値・日程・合格基準はマンショ。,積立率の見直しは？,計画見直しと連動します。 試験では計画連動をセットで確認してください。 誤答では全国固定に注意してください。 覚え方：「計画→積立率」。（暗記用フレーズ） 積立率は長期修繕計画と管理規約に基づき決めます。全国一律の固定数字とみなさないでください。数値・日程・合格基準はマンショ。,試験対策は？,計画・積立・修繕の実施のフローを図示してください。 試験では計画連動をセットで確認してください。 誤答では全国固定に注意してください。 覚え方：「計画→積立率」。（暗記用フレーズ） 積立率は長期修繕計画と管理規約に基づき決めます。全国一律の固定数字とみなさないでください。数値・日程・合格基準はマンショ。,確認先はどこですか？,用語集を参照してください。 試験では計画連動をセットで確認してください。 誤答では全国固定に注意してください。 覚え方：「計画→積立率」。（暗記用フレーズ） 積立率は長期修繕計画と管理規約に基づき決めます。全国一律の固定数字とみなさないでください。数値・日程・合格基準はマンショ。
tokubetsu-5bun4-s33,特別決議5分の4（S33）,区分所有法,特別決議;5分の4議決権,特別決議の議決権割合を整理します。,5分の4以上（区分所有者・目安）,"[{""item"": ""数値"", ""value"": ""5分の4以上"", ""note"": ""試験頻出""}, {""item"": ""根拠"", ""value"": ""区分所有法等"", ""note"": ""条文確認""}, {""item"": ""主体"", ""value"": ""管理組合"", ""note"": ""管業は支援""}, {""item"": ""試験"", ""value"": ""混同肢"", ""note"": ""正誤確認""}, {""item"": ""確認"", ""value"": ""用語集"", ""note"": ""最新要項""}]",特別決議5分の4（S33）｜管業,特別決議の議決権割合を整理します。数値は条文・規約で確認してください。数値・日程・合格基準はマンション管理業協会（www.mankan.or.jp）の試験要項で必ずご確認ください。,5分の4以上（区分所有者・目安）;条文確認;決議と区別;試験の正誤肢に注意,数値固定暗記;管業が決定;決議混同;試験の正誤肢に注意,「5分の4以上を確認」。,特別決議;5分の4議決権;総会,数値の要点は？,特別決議の議決権割合を整理します。条文・規約で最新を確認してください。管業試験では用語集と条文の対応づけが得点の鍵になります。最新の試験要項もあわせて確認してください。賃管試験では用語集と条文の対応づけが得点の鍵になります。最新の試験要項もあわせて確認してください。,試験の引っかけは？,普通・特別・建替え決議と混同しないでください。管業試験では用語集と条文の対応づけが得点の鍵になります。最新の試験要項もあわせて確認してください。賃管試験では用語集と条文の対応づけが得点の鍵になります。最新の試験要項もあわせて確認してください。,試験対策の進め方は？,数値一覧表を作成し、過去問を反復してください。管業試験では用語集と条文の対応づけが得点の鍵になります。最新の試験要項もあわせて確認してください。賃管試験では用語集と条文の対応づけが得点の鍵になります。最新の試験要項もあわせて確認してください。,確認先はどこですか？,区分所有法・適正化法・www.mankan.or.jpを参照してください。管業試験では用語集と条文の対応づけが得点の鍵になります。最新の試験要項もあわせて確認してください。賃管試験では用語集と条文の対応づけが得点の鍵になります。最新の試験要項もあわせて確認してください。
tatekae-wari-s33,建替え決議割合（S33）,区分所有法,建替え;5分の4議決権,建替え決議の議決権割合を整理します。,5分の4以上（建替え・条文確認）,"[{""item"": ""数値"", ""value"": ""5分の4以上"", ""note"": ""試験頻出""}, {""item"": ""根拠"", ""value"": ""区分所有法等"", ""note"": ""条文確認""}, {""item"": ""主体"", ""value"": ""管理組合"", ""note"": ""管業は支援""}, {""item"": ""試験"", ""value"": ""混同肢"", ""note"": ""正誤確認""}, {""item"": ""確認"", ""value"": ""用語集"", ""note"": ""最新要項""}]",建替え決議割合（S33）｜管業,建替え決議の議決権割合を整理します。数値は条文・規約で確認してください。数値・日程・合格基準はマンション管理業協会（www.mankan.or.jp）の試験要項で必ずご確認ください。,5分の4以上（建替え・条文確認）;条文確認;決議と区別;試験の正誤肢に注意,数値固定暗記;管業が決定;決議混同;試験の正誤肢に注意,「5分の4以上を確認」。,建替え;5分の4議決権;特別決議,数値の要点は？,建替え決議の議決権割合を整理します。条文・規約で最新を確認してください。管業試験では用語集と条文の対応づけが得点の鍵になります。最新の試験要項もあわせて確認してください。賃管試験では用語集と条文の対応づけが得点の鍵になります。最新の試験要項もあわせて確認してください。,試験の引っかけは？,普通・特別・建替え決議と混同しないでください。管業試験では用語集と条文の対応づけが得点の鍵になります。最新の試験要項もあわせて確認してください。賃管試験では用語集と条文の対応づけが得点の鍵になります。最新の試験要項もあわせて確認してください。,試験対策の進め方は？,数値一覧表を作成し、過去問を反復してください。管業試験では用語集と条文の対応づけが得点の鍵になります。最新の試験要項もあわせて確認してください。賃管試験では用語集と条文の対応づけが得点の鍵になります。最新の試験要項もあわせて確認してください。,確認先はどこですか？,区分所有法・適正化法・www.mankan.or.jpを参照してください。管業試験では用語集と条文の対応づけが得点の鍵になります。最新の試験要項もあわせて確認してください。賃管試験では用語集と条文の対応づけが得点の鍵になります。最新の試験要項もあわせて確認してください。
choki-12nen-s33,長期修繕計画12年（S33）,区分所有法,長期修繕計画;修繕積立金,計画見直し周期の目安を整理します。,12年目安（見直し・ガイド）,"[{""item"": ""数値"", ""value"": ""12年目安"", ""note"": ""試験頻出""}, {""item"": ""根拠"", ""value"": ""区分所有法等"", ""note"": ""条文確認""}, {""item"": ""主体"", ""value"": ""管理組合"", ""note"": ""管業は支援""}, {""item"": ""試験"", ""value"": ""混同肢"", ""note"": ""正誤確認""}, {""item"": ""確認"", ""value"": ""用語集"", ""note"": ""最新要項""}]",長期修繕計画12年（S33）｜管業,計画見直し周期の目安を整理します。数値は条文・規約で確認してください。数値・日程・合格基準はマンション管理業協会（www.mankan.or.jp）の試験要項で必ずご確認ください。,12年目安（見直し・ガイド）;条文確認;決議と区別;試験の正誤肢に注意,数値固定暗記;管業が決定;決議混同;試験の正誤肢に注意,「12年目安を確認」。,長期修繕計画;修繕積立金;修繕の実施,数値の要点は？,計画見直し周期の目安を整理します。条文・規約で最新を確認してください。管業試験では用語集と条文の対応づけが得点の鍵になります。最新の試験要項もあわせて確認してください。賃管試験では用語集と条文の対応づけが得点の鍵になります。最新の試験要項もあわせて確認してください。,試験の引っかけは？,普通・特別・建替え決議と混同しないでください。管業試験では用語集と条文の対応づけが得点の鍵になります。最新の試験要項もあわせて確認してください。賃管試験では用語集と条文の対応づけが得点の鍵になります。最新の試験要項もあわせて確認してください。,試験対策の進め方は？,数値一覧表を作成し、過去問を反復してください。管業試験では用語集と条文の対応づけが得点の鍵になります。最新の試験要項もあわせて確認してください。賃管試験では用語集と条文の対応づけが得点の鍵になります。最新の試験要項もあわせて確認してください。,確認先はどこですか？,区分所有法・適正化法・www.mankan.or.jpを参照してください。管業試験では用語集と条文の対応づけが得点の鍵になります。最新の試験要項もあわせて確認してください。賃管試験では用語集と条文の対応づけが得点の鍵になります。最新の試験要項もあわせて確認してください。
koushin-5nen-s33,管業更新登録5年（S33）,管理適正化法,更新登録;管理業務主任者,管業更新登録周期を整理します。,5年ごとに更新（登録・要項）,"[{""item"": ""数値"", ""value"": ""5年ごとに更新"", ""note"": ""試験頻出""}, {""item"": ""根拠"", ""value"": ""区分所有法等"", ""note"": ""条文確認""}, {""item"": ""主体"", ""value"": ""管理組合"", ""note"": ""管業は支援""}, {""item"": ""試験"", ""value"": ""混同肢"", ""note"": ""正誤確認""}, {""item"": ""確認"", ""value"": ""用語集"", ""note"": ""最新要項""}]",管業更新登録5年（S33）｜管業,管業更新登録周期を整理します。数値は条文・規約で確認してください。数値・日程・合格基準はマンション管理業協会（www.mankan.or.jp）の試験要項で必ずご確認ください。,5年ごとに更新（登録・要項）;条文確認;決議と区別;試験の正誤肢に注意,数値固定暗記;管業が決定;決議混同;試験の正誤肢に注意,「5年ごとに更新を確認」。,更新登録;管理業務主任者;管理業務主任者の登録,数値の要点は？,管業更新登録周期を整理します。条文・規約で最新を確認してください。管業試験では用語集と条文の対応づけが得点の鍵になります。最新の試験要項もあわせて確認してください。賃管試験では用語集と条文の対応づけが得点の鍵になります。最新の試験要項もあわせて確認してください。,試験の引っかけは？,普通・特別・建替え決議と混同しないでください。管業試験では用語集と条文の対応づけが得点の鍵になります。最新の試験要項もあわせて確認してください。賃管試験では用語集と条文の対応づけが得点の鍵になります。最新の試験要項もあわせて確認してください。,試験対策の進め方は？,数値一覧表を作成し、過去問を反復してください。管業試験では用語集と条文の対応づけが得点の鍵になります。最新の試験要項もあわせて確認してください。賃管試験では用語集と条文の対応づけが得点の鍵になります。最新の試験要項もあわせて確認してください。,確認先はどこですか？,区分所有法・適正化法・www.mankan.or.jpを参照してください。管業試験では用語集と条文の対応づけが得点の鍵になります。最新の試験要項もあわせて確認してください。賃管試験では用語集と条文の対応づけが得点の鍵になります。最新の試験要項もあわせて確認してください。
kanrinin-kibo-s33,管理員配置基準（S33）,管理適正化法,管理員;管理員の配置,管理員配置の規模基準を整理します。,一定規模以上（施行規則確認）,"[{""item"": ""数値"", ""value"": ""一定規模以上"", ""note"": ""試験頻出""}, {""item"": ""根拠"", ""value"": ""区分所有法等"", ""note"": ""条文確認""}, {""item"": ""主体"", ""value"": ""管理組合"", ""note"": ""管業は支援""}, {""item"": ""試験"", ""value"": ""混同肢"", ""note"": ""正誤確認""}, {""item"": ""確認"", ""value"": ""用語集"", ""note"": ""最新要項""}]",管理員配置基準（S33）｜管業,管理員配置の規模基準を整理します。数値は条文・規約で確認してください。数値・日程・合格基準はマンション管理業協会（www.mankan.or.jp）の試験要項で必ずご確認ください。,一定規模以上（施行規則確認）;条文確認;決議と区別;試験の正誤肢に注意,数値固定暗記;管業が決定;決議混同;試験の正誤肢に注意,「一定規模以上を確認」。,管理員;管理員の配置;管理業務主任者の届出,数値の要点は？,管理員配置の規模基準を整理します。条文・規約で最新を確認してください。管業試験では用語集と条文の対応づけが得点の鍵になります。最新の試験要項もあわせて確認してください。賃管試験では用語集と条文の対応づけが得点の鍵になります。最新の試験要項もあわせて確認してください。,試験の引っかけは？,普通・特別・建替え決議と混同しないでください。管業試験では用語集と条文の対応づけが得点の鍵になります。最新の試験要項もあわせて確認してください。賃管試験では用語集と条文の対応づけが得点の鍵になります。最新の試験要項もあわせて確認してください。,試験対策の進め方は？,数値一覧表を作成し、過去問を反復してください。管業試験では用語集と条文の対応づけが得点の鍵になります。最新の試験要項もあわせて確認してください。賃管試験では用語集と条文の対応づけが得点の鍵になります。最新の試験要項もあわせて確認してください。,確認先はどこですか？,区分所有法・適正化法・www.mankan.or.jpを参照してください。管業試験では用語集と条文の対応づけが得点の鍵になります。最新の試験要項もあわせて確認してください。賃管試験では用語集と条文の対応づけが得点の鍵になります。最新の試験要項もあわせて確認してください。
sokai-teisu-s33,総会定足数（S33）,区分所有法,総会;総会決議要件,総会成立の定足数を整理します。,管理規約で定める（個別確認）,"[{""item"": ""数値"", ""value"": ""管理規約で定める"", ""note"": ""試験頻出""}, {""item"": ""根拠"", ""value"": ""区分所有法等"", ""note"": ""条文確認""}, {""item"": ""主体"", ""value"": ""管理組合"", ""note"": ""管業は支援""}, {""item"": ""試験"", ""value"": ""混同肢"", ""note"": ""正誤確認""}, {""item"": ""確認"", ""value"": ""用語集"", ""note"": ""最新要項""}]",総会定足数（S33）｜管業,総会成立の定足数を整理します。数値は条文・規約で確認してください。数値・日程・合格基準はマンション管理業協会（www.mankan.or.jp）の試験要項で必ずご確認ください。,管理規約で定める（個別確認）;条文確認;決議と区別;試験の正誤肢に注意,数値固定暗記;管業が決定;決議混同;試験の正誤肢に注意,「管理規約で定めるを確認」。,総会;総会決議要件;管理規約,数値の要点は？,総会成立の定足数を整理します。条文・規約で最新を確認してください。管業試験では用語集と条文の対応づけが得点の鍵になります。最新の試験要項もあわせて確認してください。賃管試験では用語集と条文の対応づけが得点の鍵になります。最新の試験要項もあわせて確認してください。,試験の引っかけは？,普通・特別・建替え決議と混同しないでください。管業試験では用語集と条文の対応づけが得点の鍵になります。最新の試験要項もあわせて確認してください。賃管試験では用語集と条文の対応づけが得点の鍵になります。最新の試験要項もあわせて確認してください。,試験対策の進め方は？,数値一覧表を作成し、過去問を反復してください。管業試験では用語集と条文の対応づけが得点の鍵になります。最新の試験要項もあわせて確認してください。賃管試験では用語集と条文の対応づけが得点の鍵になります。最新の試験要項もあわせて確認してください。,確認先はどこですか？,区分所有法・適正化法・www.mankan.or.jpを参照してください。管業試験では用語集と条文の対応づけが得点の鍵になります。最新の試験要項もあわせて確認してください。賃管試験では用語集と条文の対応づけが得点の鍵になります。最新の試験要項もあわせて確認してください。
kanrihi-wari-s33,管理費負担割合（S33）,区分所有法,管理費;修繕積立金,床面積等に基づく負担割合を整理します。,床面積割合（規約・目安）,"[{""item"": ""数値"", ""value"": ""床面積割合"", ""note"": ""試験頻出""}, {""item"": ""根拠"", ""value"": ""区分所有法等"", ""note"": ""条文確認""}, {""item"": ""主体"", ""value"": ""管理組合"", ""note"": ""管業は支援""}, {""item"": ""試験"", ""value"": ""混同肢"", ""note"": ""正誤確認""}, {""item"": ""確認"", ""value"": ""用語集"", ""note"": ""最新要項""}]",管理費負担割合（S33）｜管業,床面積等に基づく負担割合を整理します。数値は条文・規約で確認してください。数値・日程・合格基準はマンション管理業協会（www.mankan.or.jp）の試験要項で必ずご確認ください。,床面積割合（規約・目安）;条文確認;決議と区別;試験の正誤肢に注意,数値固定暗記;管業が決定;決議混同;試験の正誤肢に注意,「床面積割合を確認」。,管理費;修繕積立金;管理規約,数値の要点は？,床面積等に基づく負担割合を整理します。条文・規約で最新を確認してください。管業試験では用語集と条文の対応づけが得点の鍵になります。最新の試験要項もあわせて確認してください。賃管試験では用語集と条文の対応づけが得点の鍵になります。最新の試験要項もあわせて確認してください。,試験の引っかけは？,普通・特別・建替え決議と混同しないでください。管業試験では用語集と条文の対応づけが得点の鍵になります。最新の試験要項もあわせて確認してください。賃管試験では用語集と条文の対応づけが得点の鍵になります。最新の試験要項もあわせて確認してください。,試験対策の進め方は？,数値一覧表を作成し、過去問を反復してください。管業試験では用語集と条文の対応づけが得点の鍵になります。最新の試験要項もあわせて確認してください。賃管試験では用語集と条文の対応づけが得点の鍵になります。最新の試験要項もあわせて確認してください。,確認先はどこですか？,区分所有法・適正化法・www.mankan.or.jpを参照してください。管業試験では用語集と条文の対応づけが得点の鍵になります。最新の試験要項もあわせて確認してください。賃管試験では用語集と条文の対応づけが得点の鍵になります。最新の試験要項もあわせて確認してください。
mankan-5mon-s33,マン管士5問免除（S33）,判例・横断総合,マンション管理士;管理業務主任者試験,管業試験の5問免除を整理します。,50問→45問（条件付き）,"[{""item"": ""数値"", ""value"": ""50問→45問"", ""note"": ""試験頻出""}, {""item"": ""根拠"", ""value"": ""区分所有法等"", ""note"": ""条文確認""}, {""item"": ""主体"", ""value"": ""管理組合"", ""note"": ""管業は支援""}, {""item"": ""試験"", ""value"": ""混同肢"", ""note"": ""正誤確認""}, {""item"": ""確認"", ""value"": ""用語集"", ""note"": ""最新要項""}]",マン管士5問免除（S33）｜管業,管業試験の5問免除を整理します。数値は条文・規約で確認してください。数値・日程・合格基準はマンション管理業協会（www.mankan.or.jp）の試験要項で必ずご確認ください。,50問→45問（条件付き）;条文確認;決議と区別;試験の正誤肢に注意,数値固定暗記;管業が決定;決議混同;試験の正誤肢に注意,「50問→45問を確認」。,マンション管理士;管理業務主任者試験;管理業務主任者,数値の要点は？,管業試験の5問免除を整理します。条文・規約で最新を確認してください。管業試験では用語集と条文の対応づけが得点の鍵になります。最新の試験要項もあわせて確認してください。賃管試験では用語集と条文の対応づけが得点の鍵になります。最新の試験要項もあわせて確認してください。,試験の引っかけは？,普通・特別・建替え決議と混同しないでください。管業試験では用語集と条文の対応づけが得点の鍵になります。最新の試験要項もあわせて確認してください。賃管試験では用語集と条文の対応づけが得点の鍵になります。最新の試験要項もあわせて確認してください。,試験対策の進め方は？,数値一覧表を作成し、過去問を反復してください。管業試験では用語集と条文の対応づけが得点の鍵になります。最新の試験要項もあわせて確認してください。賃管試験では用語集と条文の対応づけが得点の鍵になります。最新の試験要項もあわせて確認してください。,確認先はどこですか？,区分所有法・適正化法・www.mankan.or.jpを参照してください。管業試験では用語集と条文の対応づけが得点の鍵になります。最新の試験要項もあわせて確認してください。賃管試験では用語集と条文の対応づけが得点の鍵になります。最新の試験要項もあわせて確認してください。
shuzen-tumitate-s33,修繕積立金積立（S33）,区分所有法,修繕積立金;長期修繕計画,積立金の算定・見直しを整理します。,計画に基づき規約で定める,"[{""item"": ""数値"", ""value"": ""計画に基づき規約で定める"", ""note"": ""試験頻出""}, {""item"": ""根拠"", ""value"": ""区分所有法等"", ""note"": ""条文確認""}, {""item"": ""主体"", ""value"": ""管理組合"", ""note"": ""管業は支援""}, {""item"": ""試験"", ""value"": ""混同肢"", ""note"": ""正誤確認""}, {""item"": ""確認"", ""value"": ""用語集"", ""note"": ""最新要項""}]",修繕積立金積立（S33）｜管業,積立金の算定・見直しを整理します。数値は条文・規約で確認してください。数値・日程・合格基準はマンション管理業協会（www.mankan.or.jp）の試験要項で必ずご確認ください。,計画に基づき規約で定める;条文確認;決議と区別;試験の正誤肢に注意,数値固定暗記;管業が決定;決議混同;試験の正誤肢に注意,「計画に基づき規約で定めるを確認」。,修繕積立金;長期修繕計画;管理規約,数値の要点は？,積立金の算定・見直しを整理します。条文・規約で最新を確認してください。管業試験では用語集と条文の対応づけが得点の鍵になります。最新の試験要項もあわせて確認してください。賃管試験では用語集と条文の対応づけが得点の鍵になります。最新の試験要項もあわせて確認してください。,試験の引っかけは？,普通・特別・建替え決議と混同しないでください。管業試験では用語集と条文の対応づけが得点の鍵になります。最新の試験要項もあわせて確認してください。賃管試験では用語集と条文の対応づけが得点の鍵になります。最新の試験要項もあわせて確認してください。,試験対策の進め方は？,数値一覧表を作成し、過去問を反復してください。管業試験では用語集と条文の対応づけが得点の鍵になります。最新の試験要項もあわせて確認してください。賃管試験では用語集と条文の対応づけが得点の鍵になります。最新の試験要項もあわせて確認してください。,確認先はどこですか？,区分所有法・適正化法・www.mankan.or.jpを参照してください。管業試験では用語集と条文の対応づけが得点の鍵になります。最新の試験要項もあわせて確認してください。賃管試験では用語集と条文の対応づけが得点の鍵になります。最新の試験要項もあわせて確認してください。
rijikai-kaisu-s33,理事会開催頻度（S33）,区分所有法,理事会;管理規約,理事会の定期開催を整理します。,定期的に開催（規約・実務）,"[{""item"": ""数値"", ""value"": ""定期的に開催"", ""note"": ""試験頻出""}, {""item"": ""根拠"", ""value"": ""区分所有法等"", ""note"": ""条文確認""}, {""item"": ""主体"", ""value"": ""管理組合"", ""note"": ""管業は支援""}, {""item"": ""試験"", ""value"": ""混同肢"", ""note"": ""正誤確認""}, {""item"": ""確認"", ""value"": ""用語集"", ""note"": ""最新要項""}]",理事会開催頻度（S33）｜管業,理事会の定期開催を整理します。数値は条文・規約で確認してください。数値・日程・合格基準はマンション管理業協会（www.mankan.or.jp）の試験要項で必ずご確認ください。,定期的に開催（規約・実務）;条文確認;決議と区別;試験の正誤肢に注意,数値固定暗記;管業が決定;決議混同;試験の正誤肢に注意,「定期的に開催を確認」。,理事会;管理規約;総会,数値の要点は？,理事会の定期開催を整理します。条文・規約で最新を確認してください。管業試験では用語集と条文の対応づけが得点の鍵になります。最新の試験要項もあわせて確認してください。賃管試験では用語集と条文の対応づけが得点の鍵になります。最新の試験要項もあわせて確認してください。,試験の引っかけは？,普通・特別・建替え決議と混同しないでください。管業試験では用語集と条文の対応づけが得点の鍵になります。最新の試験要項もあわせて確認してください。賃管試験では用語集と条文の対応づけが得点の鍵になります。最新の試験要項もあわせて確認してください。,試験対策の進め方は？,数値一覧表を作成し、過去問を反復してください。管業試験では用語集と条文の対応づけが得点の鍵になります。最新の試験要項もあわせて確認してください。賃管試験では用語集と条文の対応づけが得点の鍵になります。最新の試験要項もあわせて確認してください。,確認先はどこですか？,区分所有法・適正化法・www.mankan.or.jpを参照してください。管業試験では用語集と条文の対応づけが得点の鍵になります。最新の試験要項もあわせて確認してください。賃管試験では用語集と条文の対応づけが得点の鍵になります。最新の試験要項もあわせて確認してください。
futsu-ketsugi-s34,普通決議の過半数（S34）,区分所有法,総会決議;総会,普通決議の議決権割合を整理します。,出席者の過半数（普通決議）,"[{""item"": ""数値"", ""value"": ""出席者の過半数"", ""note"": ""試験頻出""}, {""item"": ""根拠"", ""value"": ""区分所有法等"", ""note"": ""条文確認""}, {""item"": ""主体"", ""value"": ""管理組合"", ""note"": ""管業は支援""}, {""item"": ""試験"", ""value"": ""混同肢"", ""note"": ""正誤確認""}, {""item"": ""確認"", ""value"": ""用語集"", ""note"": ""最新要項""}]",普通決議の過半数（S34）｜管業,普通決議の議決権割合を整理します。数値は条文・規約で確認してください。数値・日程・合格基準はマンション管理業協会（www.mankan.or.jp）の試験要項で必ずご確認ください。,出席者の過半数（普通決議）;条文確認;決議と区別;試験の正誤肢に注意,数値固定暗記;管業が決定;決議混同;試験の正誤肢に注意,「出席者の過半数を確認」。,総会決議;総会;管理規約,数値の要点は？,普通決議の議決権割合を整理します。条文・規約で最新を確認してください。管業試験では用語集と条文の対応づけが得点の鍵になります。最新の試験要項もあわせて確認してください。賃管試験では用語集と条文の対応づけが得点の鍵になります。最新の試験要項もあわせて確認してください。,試験の引っかけは？,普通・特別・建替え決議と混同しないでください。管業試験では用語集と条文の対応づけが得点の鍵になります。最新の試験要項もあわせて確認してください。賃管試験では用語集と条文の対応づけが得点の鍵になります。最新の試験要項もあわせて確認してください。,試験対策の進め方は？,数値一覧表を作成し、過去問を反復してください。管業試験では用語集と条文の対応づけが得点の鍵になります。最新の試験要項もあわせて確認してください。賃管試験では用語集と条文の対応づけが得点の鍵になります。最新の試験要項もあわせて確認してください。,確認先はどこですか？,区分所有法・適正化法・www.mankan.or.jpを参照してください。管業試験では用語集と条文の対応づけが得点の鍵になります。最新の試験要項もあわせて確認してください。賃管試験では用語集と条文の対応づけが得点の鍵になります。最新の試験要項もあわせて確認してください。
ketsugi-3bun2-s34,建替え3分の2要件（S34）,区分所有法,建替え;建替え決議,建替え関連の議決権割合を整理します。,高い割合（条文・判例確認）,"[{""item"": ""数値"", ""value"": ""高い割合"", ""note"": ""試験頻出""}, {""item"": ""根拠"", ""value"": ""区分所有法等"", ""note"": ""条文確認""}, {""item"": ""主体"", ""value"": ""管理組合"", ""note"": ""管業は支援""}, {""item"": ""試験"", ""value"": ""混同肢"", ""note"": ""正誤確認""}, {""item"": ""確認"", ""value"": ""用語集"", ""note"": ""最新要項""}]",建替え3分の2要件（S34）｜管業,建替え関連の議決権割合を整理します。数値は条文・規約で確認してください。数値・日程・合格基準はマンション管理業協会（www.mankan.or.jp）の試験要項で必ずご確認ください。,高い割合（条文・判例確認）;条文確認;決議と区別;試験の正誤肢に注意,数値固定暗記;管業が決定;決議混同;試験の正誤肢に注意,「高い割合を確認」。,建替え;建替え決議;特別決議,数値の要点は？,建替え関連の議決権割合を整理します。条文・規約で最新を確認してください。管業試験では用語集と条文の対応づけが得点の鍵になります。最新の試験要項もあわせて確認してください。賃管試験では用語集と条文の対応づけが得点の鍵になります。最新の試験要項もあわせて確認してください。,試験の引っかけは？,普通・特別・建替え決議と混同しないでください。管業試験では用語集と条文の対応づけが得点の鍵になります。最新の試験要項もあわせて確認してください。賃管試験では用語集と条文の対応づけが得点の鍵になります。最新の試験要項もあわせて確認してください。,試験対策の進め方は？,数値一覧表を作成し、過去問を反復してください。管業試験では用語集と条文の対応づけが得点の鍵になります。最新の試験要項もあわせて確認してください。賃管試験では用語集と条文の対応づけが得点の鍵になります。最新の試験要項もあわせて確認してください。,確認先はどこですか？,区分所有法・適正化法・www.mankan.or.jpを参照してください。管業試験では用語集と条文の対応づけが得点の鍵になります。最新の試験要項もあわせて確認してください。賃管試験では用語集と条文の対応づけが得点の鍵になります。最新の試験要項もあわせて確認してください。
shuzen-keikaku-nen-s34,修繕計画策定周期（S34）,区分所有法,長期修繕計画;修繕の実施,計画策定・見直しの周期を整理します。,12年目安（見直し）,"[{""item"": ""数値"", ""value"": ""12年目安"", ""note"": ""試験頻出""}, {""item"": ""根拠"", ""value"": ""区分所有法等"", ""note"": ""条文確認""}, {""item"": ""主体"", ""value"": ""管理組合"", ""note"": ""管業は支援""}, {""item"": ""試験"", ""value"": ""混同肢"", ""note"": ""正誤確認""}, {""item"": ""確認"", ""value"": ""用語集"", ""note"": ""最新要項""}]",修繕計画策定周期（S34）｜管業,計画策定・見直しの周期を整理します。数値は条文・規約で確認してください。数値・日程・合格基準はマンション管理業協会（www.mankan.or.jp）の試験要項で必ずご確認ください。,12年目安（見直し）;条文確認;決議と区別;試験の正誤肢に注意,数値固定暗記;管業が決定;決議混同;試験の正誤肢に注意,「12年目安を確認」。,長期修繕計画;修繕の実施;修繕積立金,数値の要点は？,計画策定・見直しの周期を整理します。条文・規約で最新を確認してください。管業試験では用語集と条文の対応づけが得点の鍵になります。最新の試験要項もあわせて確認してください。賃管試験では用語集と条文の対応づけが得点の鍵になります。最新の試験要項もあわせて確認してください。,試験の引っかけは？,普通・特別・建替え決議と混同しないでください。管業試験では用語集と条文の対応づけが得点の鍵になります。最新の試験要項もあわせて確認してください。賃管試験では用語集と条文の対応づけが得点の鍵になります。最新の試験要項もあわせて確認してください。,試験対策の進め方は？,数値一覧表を作成し、過去問を反復してください。管業試験では用語集と条文の対応づけが得点の鍵になります。最新の試験要項もあわせて確認してください。賃管試験では用語集と条文の対応づけが得点の鍵になります。最新の試験要項もあわせて確認してください。,確認先はどこですか？,区分所有法・適正化法・www.mankan.or.jpを参照してください。管業試験では用語集と条文の対応づけが得点の鍵になります。最新の試験要項もあわせて確認してください。賃管試験では用語集と条文の対応づけが得点の鍵になります。最新の試験要項もあわせて確認してください。
kanri-itaku-nen-s34,管理委託契約期間（S34）,区分所有法,マンション標準管理委託契約書;管理組合,委託契約期間の目安を整理します。,1年単位等（契約・目安）,"[{""item"": ""数値"", ""value"": ""1年単位等"", ""note"": ""試験頻出""}, {""item"": ""根拠"", ""value"": ""区分所有法等"", ""note"": ""条文確認""}, {""item"": ""主体"", ""value"": ""管理組合"", ""note"": ""管業は支援""}, {""item"": ""試験"", ""value"": ""混同肢"", ""note"": ""正誤確認""}, {""item"": ""確認"", ""value"": ""用語集"", ""note"": ""最新要項""}]",管理委託契約期間（S34）｜管業,委託契約期間の目安を整理します。数値は条文・規約で確認してください。数値・日程・合格基準はマンション管理業協会（www.mankan.or.jp）の試験要項で必ずご確認ください。,1年単位等（契約・目安）;条文確認;決議と区別;試験の正誤肢に注意,数値固定暗記;管業が決定;決議混同;試験の正誤肢に注意,「1年単位等を確認」。,マンション標準管理委託契約書;管理組合;管理費,数値の要点は？,委託契約期間の目安を整理します。条文・規約で最新を確認してください。管業試験では用語集と条文の対応づけが得点の鍵になります。最新の試験要項もあわせて確認してください。賃管試験では用語集と条文の対応づけが得点の鍵になります。最新の試験要項もあわせて確認してください。,試験の引っかけは？,普通・特別・建替え決議と混同しないでください。管業試験では用語集と条文の対応づけが得点の鍵になります。最新の試験要項もあわせて確認してください。賃管試験では用語集と条文の対応づけが得点の鍵になります。最新の試験要項もあわせて確認してください。,試験対策の進め方は？,数値一覧表を作成し、過去問を反復してください。管業試験では用語集と条文の対応づけが得点の鍵になります。最新の試験要項もあわせて確認してください。賃管試験では用語集と条文の対応づけが得点の鍵になります。最新の試験要項もあわせて確認してください。,確認先はどこですか？,区分所有法・適正化法・www.mankan.or.jpを参照してください。管業試験では用語集と条文の対応づけが得点の鍵になります。最新の試験要項もあわせて確認してください。賃管試験では用語集と条文の対応づけが得点の鍵になります。最新の試験要項もあわせて確認してください。
kanrinin-ninzu-s34,管理員配置人数（S34）,管理適正化法,管理員;管理員の配置,管理員配置人数の考え方を整理します。,規模・規則で定める,"[{""item"": ""数値"", ""value"": ""規模・規則で定める"", ""note"": ""試験頻出""}, {""item"": ""根拠"", ""value"": ""区分所有法等"", ""note"": ""条文確認""}, {""item"": ""主体"", ""value"": ""管理組合"", ""note"": ""管業は支援""}, {""item"": ""試験"", ""value"": ""混同肢"", ""note"": ""正誤確認""}, {""item"": ""確認"", ""value"": ""用語集"", ""note"": ""最新要項""}]",管理員配置人数（S34）｜管業,管理員配置人数の考え方を整理します。数値は条文・規約で確認してください。数値・日程・合格基準はマンション管理業協会（www.mankan.or.jp）の試験要項で必ずご確認ください。,規模・規則で定める;条文確認;決議と区別;試験の正誤肢に注意,数値固定暗記;管業が決定;決議混同;試験の正誤肢に注意,「規模・規則で定めるを確認」。,管理員;管理員の配置;管理業務主任者,数値の要点は？,管理員配置人数の考え方を整理します。条文・規約で最新を確認してください。管業試験では用語集と条文の対応づけが得点の鍵になります。最新の試験要項もあわせて確認してください。賃管試験では用語集と条文の対応づけが得点の鍵になります。最新の試験要項もあわせて確認してください。,試験の引っかけは？,普通・特別・建替え決議と混同しないでください。管業試験では用語集と条文の対応づけが得点の鍵になります。最新の試験要項もあわせて確認してください。賃管試験では用語集と条文の対応づけが得点の鍵になります。最新の試験要項もあわせて確認してください。,試験対策の進め方は？,数値一覧表を作成し、過去問を反復してください。管業試験では用語集と条文の対応づけが得点の鍵になります。最新の試験要項もあわせて確認してください。賃管試験では用語集と条文の対応づけが得点の鍵になります。最新の試験要項もあわせて確認してください。,確認先はどこですか？,区分所有法・適正化法・www.mankan.or.jpを参照してください。管業試験では用語集と条文の対応づけが得点の鍵になります。最新の試験要項もあわせて確認してください。賃管試験では用語集と条文の対応づけが得点の鍵になります。最新の試験要項もあわせて確認してください。
kansa-nen-s34,監査実施周期（S34）,区分所有法,監査;監査報告,監査の実施周期を整理します。,規約・実務で定める,"[{""item"": ""数値"", ""value"": ""規約・実務で定める"", ""note"": ""試験頻出""}, {""item"": ""根拠"", ""value"": ""区分所有法等"", ""note"": ""条文確認""}, {""item"": ""主体"", ""value"": ""管理組合"", ""note"": ""管業は支援""}, {""item"": ""試験"", ""value"": ""混同肢"", ""note"": ""正誤確認""}, {""item"": ""確認"", ""value"": ""用語集"", ""note"": ""最新要項""}]",監査実施周期（S34）｜管業,監査の実施周期を整理します。数値は条文・規約で確認してください。数値・日程・合格基準はマンション管理業協会（www.mankan.or.jp）の試験要項で必ずご確認ください。,規約・実務で定める;条文確認;決議と区別;試験の正誤肢に注意,数値固定暗記;管業が決定;決議混同;試験の正誤肢に注意,「規約・実務で定めるを確認」。,監査;監査報告;管理組合会計,数値の要点は？,監査の実施周期を整理します。条文・規約で最新を確認してください。管業試験では用語集と条文の対応づけが得点の鍵になります。最新の試験要項もあわせて確認してください。賃管試験では用語集と条文の対応づけが得点の鍵になります。最新の試験要項もあわせて確認してください。,試験の引っかけは？,普通・特別・建替え決議と混同しないでください。管業試験では用語集と条文の対応づけが得点の鍵になります。最新の試験要項もあわせて確認してください。賃管試験では用語集と条文の対応づけが得点の鍵になります。最新の試験要項もあわせて確認してください。,試験対策の進め方は？,数値一覧表を作成し、過去問を反復してください。管業試験では用語集と条文の対応づけが得点の鍵になります。最新の試験要項もあわせて確認してください。賃管試験では用語集と条文の対応づけが得点の鍵になります。最新の試験要項もあわせて確認してください。,確認先はどこですか？,区分所有法・適正化法・www.mankan.or.jpを参照してください。管業試験では用語集と条文の対応づけが得点の鍵になります。最新の試験要項もあわせて確認してください。賃管試験では用語集と条文の対応づけが得点の鍵になります。最新の試験要項もあわせて確認してください。
kanrihi-getsu-s34,管理費月額（S34）,区分所有法,管理費;修繕積立金,毎月徴収の管理費を整理します。,規約で定める（毎月）,"[{""item"": ""数値"", ""value"": ""規約で定める"", ""note"": ""試験頻出""}, {""item"": ""根拠"", ""value"": ""区分所有法等"", ""note"": ""条文確認""}, {""item"": ""主体"", ""value"": ""管理組合"", ""note"": ""管業は支援""}, {""item"": ""試験"", ""value"": ""混同肢"", ""note"": ""正誤確認""}, {""item"": ""確認"", ""value"": ""用語集"", ""note"": ""最新要項""}]",管理費月額（S34）｜管業,毎月徴収の管理費を整理します。数値は条文・規約で確認してください。数値・日程・合格基準はマンション管理業協会（www.mankan.or.jp）の試験要項で必ずご確認ください。,規約で定める（毎月）;条文確認;決議と区別;試験の正誤肢に注意,数値固定暗記;管業が決定;決議混同;試験の正誤肢に注意,「規約で定めるを確認」。,管理費;修繕積立金;管理規約,数値の要点は？,毎月徴収の管理費を整理します。条文・規約で最新を確認してください。管業試験では用語集と条文の対応づけが得点の鍵になります。最新の試験要項もあわせて確認してください。賃管試験では用語集と条文の対応づけが得点の鍵になります。最新の試験要項もあわせて確認してください。,試験の引っかけは？,普通・特別・建替え決議と混同しないでください。管業試験では用語集と条文の対応づけが得点の鍵になります。最新の試験要項もあわせて確認してください。賃管試験では用語集と条文の対応づけが得点の鍵になります。最新の試験要項もあわせて確認してください。,試験対策の進め方は？,数値一覧表を作成し、過去問を反復してください。管業試験では用語集と条文の対応づけが得点の鍵になります。最新の試験要項もあわせて確認してください。賃管試験では用語集と条文の対応づけが得点の鍵になります。最新の試験要項もあわせて確認してください。,確認先はどこですか？,区分所有法・適正化法・www.mankan.or.jpを参照してください。管業試験では用語集と条文の対応づけが得点の鍵になります。最新の試験要項もあわせて確認してください。賃管試験では用語集と条文の対応づけが得点の鍵になります。最新の試験要項もあわせて確認してください。
kanri-kaisha-tou-s34,管理会社登録（S34）,判例・横断総合,マンション管理業者;マンション管理業者の義務,管理会社の登録制度を整理します。,国土交通大臣登録,"[{""item"": ""数値"", ""value"": ""国土交通大臣登録"", ""note"": ""試験頻出""}, {""item"": ""根拠"", ""value"": ""区分所有法等"", ""note"": ""条文確認""}, {""item"": ""主体"", ""value"": ""管理組合"", ""note"": ""管業は支援""}, {""item"": ""試験"", ""value"": ""混同肢"", ""note"": ""正誤確認""}, {""item"": ""確認"", ""value"": ""用語集"", ""note"": ""最新要項""}]",管理会社登録（S34）｜管業,管理会社の登録制度を整理します。数値は条文・規約で確認してください。数値・日程・合格基準はマンション管理業協会（www.mankan.or.jp）の試験要項で必ずご確認ください。,国土交通大臣登録;条文確認;決議と区別;試験の正誤肢に注意,数値固定暗記;管業が決定;決議混同;試験の正誤肢に注意,「国土交通大臣登録を確認」。,マンション管理業者;マンション管理業者の義務;管理組合,数値の要点は？,管理会社の登録制度を整理します。条文・規約で最新を確認してください。管業試験では用語集と条文の対応づけが得点の鍵になります。最新の試験要項もあわせて確認してください。賃管試験では用語集と条文の対応づけが得点の鍵になります。最新の試験要項もあわせて確認してください。,試験の引っかけは？,普通・特別・建替え決議と混同しないでください。管業試験では用語集と条文の対応づけが得点の鍵になります。最新の試験要項もあわせて確認してください。賃管試験では用語集と条文の対応づけが得点の鍵になります。最新の試験要項もあわせて確認してください。,試験対策の進め方は？,数値一覧表を作成し、過去問を反復してください。管業試験では用語集と条文の対応づけが得点の鍵になります。最新の試験要項もあわせて確認してください。賃管試験では用語集と条文の対応づけが得点の鍵になります。最新の試験要項もあわせて確認してください。,確認先はどこですか？,区分所有法・適正化法・www.mankan.or.jpを参照してください。管業試験では用語集と条文の対応づけが得点の鍵になります。最新の試験要項もあわせて確認してください。賃管試験では用語集と条文の対応づけが得点の鍵になります。最新の試験要項もあわせて確認してください。
sokai-kigen-s34,総会招集通知期間（S34）,区分所有法,総会の招集;総会,総会招集の通知期間目安を整理します。,規約・実務で定める,"[{""item"": ""数値"", ""value"": ""規約・実務で定める"", ""note"": ""試験頻出""}, {""item"": ""根拠"", ""value"": ""区分所有法等"", ""note"": ""条文確認""}, {""item"": ""主体"", ""value"": ""管理組合"", ""note"": ""管業は支援""}, {""item"": ""試験"", ""value"": ""混同肢"", ""note"": ""正誤確認""}, {""item"": ""確認"", ""value"": ""用語集"", ""note"": ""最新要項""}]",総会招集通知期間（S34）｜管業,総会招集の通知期間目安を整理します。数値は条文・規約で確認してください。数値・日程・合格基準はマンション管理業協会（www.mankan.or.jp）の試験要項で必ずご確認ください。,規約・実務で定める;条文確認;決議と区別;試験の正誤肢に注意,数値固定暗記;管業が決定;決議混同;試験の正誤肢に注意,「規約・実務で定めるを確認」。,総会の招集;総会;管理規約,数値の要点は？,総会招集の通知期間目安を整理します。条文・規約で最新を確認してください。管業試験では用語集と条文の対応づけが得点の鍵になります。最新の試験要項もあわせて確認してください。賃管試験では用語集と条文の対応づけが得点の鍵になります。最新の試験要項もあわせて確認してください。,試験の引っかけは？,普通・特別・建替え決議と混同しないでください。管業試験では用語集と条文の対応づけが得点の鍵になります。最新の試験要項もあわせて確認してください。賃管試験では用語集と条文の対応づけが得点の鍵になります。最新の試験要項もあわせて確認してください。,試験対策の進め方は？,数値一覧表を作成し、過去問を反復してください。管業試験では用語集と条文の対応づけが得点の鍵になります。最新の試験要項もあわせて確認してください。賃管試験では用語集と条文の対応づけが得点の鍵になります。最新の試験要項もあわせて確認してください。,確認先はどこですか？,区分所有法・適正化法・www.mankan.or.jpを参照してください。管業試験では用語集と条文の対応づけが得点の鍵になります。最新の試験要項もあわせて確認してください。賃管試験では用語集と条文の対応づけが得点の鍵になります。最新の試験要項もあわせて確認してください。
rijikai-teisu-s34,理事会定足数（S34）,区分所有法,理事会;理事会の決議,理事会成立の定足数を整理します。,規約で定める,"[{""item"": ""数値"", ""value"": ""規約で定める"", ""note"": ""試験頻出""}, {""item"": ""根拠"", ""value"": ""区分所有法等"", ""note"": ""条文確認""}, {""item"": ""主体"", ""value"": ""管理組合"", ""note"": ""管業は支援""}, {""item"": ""試験"", ""value"": ""混同肢"", ""note"": ""正誤確認""}, {""item"": ""確認"", ""value"": ""用語集"", ""note"": ""最新要項""}]",理事会定足数（S34）｜管業,理事会成立の定足数を整理します。数値は条文・規約で確認してください。数値・日程・合格基準はマンション管理業協会（www.mankan.or.jp）の試験要項で必ずご確認ください。,規約で定める;条文確認;決議と区別;試験の正誤肢に注意,数値固定暗記;管業が決定;決議混同;試験の正誤肢に注意,「規約で定めるを確認」。,理事会;理事会の決議;管理規約,数値の要点は？,理事会成立の定足数を整理します。条文・規約で最新を確認してください。管業試験では用語集と条文の対応づけが得点の鍵になります。最新の試験要項もあわせて確認してください。賃管試験では用語集と条文の対応づけが得点の鍵になります。最新の試験要項もあわせて確認してください。,試験の引っかけは？,普通・特別・建替え決議と混同しないでください。管業試験では用語集と条文の対応づけが得点の鍵になります。最新の試験要項もあわせて確認してください。賃管試験では用語集と条文の対応づけが得点の鍵になります。最新の試験要項もあわせて確認してください。,試験対策の進め方は？,数値一覧表を作成し、過去問を反復してください。管業試験では用語集と条文の対応づけが得点の鍵になります。最新の試験要項もあわせて確認してください。賃管試験では用語集と条文の対応づけが得点の鍵になります。最新の試験要項もあわせて確認してください。,確認先はどこですか？,区分所有法・適正化法・www.mankan.or.jpを参照してください。管業試験では用語集と条文の対応づけが得点の鍵になります。最新の試験要項もあわせて確認してください。賃管試験では用語集と条文の対応づけが得点の鍵になります。最新の試験要項もあわせて確認してください。
kumiai-unyou-num-s35,管理組合運営：組合の基本決定の数値（S35）,区分所有法,管理組合;管理者,管理組合運営（基礎整理）の数値・要件を整理します。,組合の基本決定（区分所有法）,"[{""item"": ""数値"", ""value"": ""組合の基本決定"", ""note"": ""試験頻出""}, {""item"": ""根拠"", ""value"": ""区分所有法等"", ""note"": ""条文確認""}, {""item"": ""主体"", ""value"": ""管理組合"", ""note"": ""管業は支援""}, {""item"": ""試験"", ""value"": ""混同肢"", ""note"": ""正誤確認""}, {""item"": ""確認"", ""value"": ""用語集"", ""note"": ""最新要項""}]",管理組合運営：組合の基本決定の数値（S35）｜管業,管理組合運営（基礎整理）の数値・要件を整理します。数値は条文・規約で確認してください。数値・日程・合格基準はマンション管理業協会（www.mankan.or.jp）の試験要項で必ずご確認ください。,組合の基本決定（区分所有法）;条文確認;決議と区別;試験の正誤肢に注意,数値固定暗記;管業が決定;決議混同;試験の正誤肢に注意,「組合の基本決定を確認」。,管理組合;管理者,数値の要点は？,管理組合運営（基礎整理）の数値・要件を整理します。条文・規約で最新を確認してください。管業試験では用語集と条文の対応づけが得点の鍵になります。最新の試験要項もあわせて確認してください。賃管試験では用語集と条文の対応づけが得点の鍵になります。最新の試験要項もあわせて確認してください。,試験の引っかけは？,普通・特別・建替え決議と混同しないでください。管業試験では用語集と条文の対応づけが得点の鍵になります。最新の試験要項もあわせて確認してください。賃管試験では用語集と条文の対応づけが得点の鍵になります。最新の試験要項もあわせて確認してください。,試験対策の進め方は？,数値一覧表を作成し、過去問を反復してください。管業試験では用語集と条文の対応づけが得点の鍵になります。最新の試験要項もあわせて確認してください。賃管試験では用語集と条文の対応づけが得点の鍵になります。最新の試験要項もあわせて確認してください。,確認先はどこですか？,区分所有法・適正化法・www.mankan.or.jpを参照してください。管業試験では用語集と条文の対応づけが得点の鍵になります。最新の試験要項もあわせて確認してください。賃管試験では用語集と条文の対応づけが得点の鍵になります。最新の試験要項もあわせて確認してください。
shuzen-tumitate-num-s35,修繕積立：12年目安の数値（S35）,区分所有法,修繕積立金;長期修繕計画,修繕積立（基礎整理）の数値・要件を整理します。,12年目安（見直し・ガイド）,"[{""item"": ""数値"", ""value"": ""12年目安"", ""note"": ""試験頻出""}, {""item"": ""根拠"", ""value"": ""区分所有法等"", ""note"": ""条文確認""}, {""item"": ""主体"", ""value"": ""管理組合"", ""note"": ""管業は支援""}, {""item"": ""試験"", ""value"": ""混同肢"", ""note"": ""正誤確認""}, {""item"": ""確認"", ""value"": ""用語集"", ""note"": ""最新要項""}]",修繕積立：12年目安の数値（S35）｜管業,修繕積立（基礎整理）の数値・要件を整理します。数値は条文・規約で確認してください。数値・日程・合格基準はマンション管理業協会（www.mankan.or.jp）の試験要項で必ずご確認ください。,12年目安（見直し・ガイド）;条文確認;決議と区別;試験の正誤肢に注意,数値固定暗記;管業が決定;決議混同;試験の正誤肢に注意,「12年目安を確認」。,修繕積立金;長期修繕計画,数値の要点は？,修繕積立（基礎整理）の数値・要件を整理します。条文・規約で最新を確認してください。管業試験では用語集と条文の対応づけが得点の鍵になります。最新の試験要項もあわせて確認してください。賃管試験では用語集と条文の対応づけが得点の鍵になります。最新の試験要項もあわせて確認してください。,試験の引っかけは？,普通・特別・建替え決議と混同しないでください。管業試験では用語集と条文の対応づけが得点の鍵になります。最新の試験要項もあわせて確認してください。賃管試験では用語集と条文の対応づけが得点の鍵になります。最新の試験要項もあわせて確認してください。,試験対策の進め方は？,数値一覧表を作成し、過去問を反復してください。管業試験では用語集と条文の対応づけが得点の鍵になります。最新の試験要項もあわせて確認してください。賃管試験では用語集と条文の対応づけが得点の鍵になります。最新の試験要項もあわせて確認してください。,確認先はどこですか？,区分所有法・適正化法・www.mankan.or.jpを参照してください。管業試験では用語集と条文の対応づけが得点の鍵になります。最新の試験要項もあわせて確認してください。賃管試験では用語集と条文の対応づけが得点の鍵になります。最新の試験要項もあわせて確認してください。
sokai-unyou-num-s35,総会運営：招集通知は規約で定めるの数値（S35）,区分所有法,総会;理事会,総会運営（基礎整理）の数値・要件を整理します。,招集通知は規約で定める,"[{""item"": ""数値"", ""value"": ""招集通知は規約で定める"", ""note"": ""試験頻出""}, {""item"": ""根拠"", ""value"": ""区分所有法等"", ""note"": ""条文確認""}, {""item"": ""主体"", ""value"": ""管理組合"", ""note"": ""管業は支援""}, {""item"": ""試験"", ""value"": ""混同肢"", ""note"": ""正誤確認""}, {""item"": ""確認"", ""value"": ""用語集"", ""note"": ""最新要項""}]",総会運営：招集通知は規約で定めるの数値（S35）｜管業,総会運営（基礎整理）の数値・要件を整理します。数値は条文・規約で確認してください。数値・日程・合格基準はマンション管理業協会（www.mankan.or.jp）の試験要項で必ずご確認ください。,招集通知は規約で定める;条文確認;決議と区別;試験の正誤肢に注意,数値固定暗記;管業が決定;決議混同;試験の正誤肢に注意,「招集通知は規約で定めるを確認」。,総会;理事会,数値の要点は？,総会運営（基礎整理）の数値・要件を整理します。条文・規約で最新を確認してください。管業試験では用語集と条文の対応づけが得点の鍵になります。最新の試験要項もあわせて確認してください。賃管試験では用語集と条文の対応づけが得点の鍵になります。最新の試験要項もあわせて確認してください。,試験の引っかけは？,普通・特別・建替え決議と混同しないでください。管業試験では用語集と条文の対応づけが得点の鍵になります。最新の試験要項もあわせて確認してください。賃管試験では用語集と条文の対応づけが得点の鍵になります。最新の試験要項もあわせて確認してください。,試験対策の進め方は？,数値一覧表を作成し、過去問を反復してください。管業試験では用語集と条文の対応づけが得点の鍵になります。最新の試験要項もあわせて確認してください。賃管試験では用語集と条文の対応づけが得点の鍵になります。最新の試験要項もあわせて確認してください。,確認先はどこですか？,区分所有法・適正化法・www.mankan.or.jpを参照してください。管業試験では用語集と条文の対応づけが得点の鍵になります。最新の試験要項もあわせて確認してください。賃管試験では用語集と条文の対応づけが得点の鍵になります。最新の試験要項もあわせて確認してください。
kanri-itaku-num-s35,管理委託：委託契約は組合が締結の数値（S35）,区分所有法,管理組合;管理費,管理委託（基礎整理）の数値・要件を整理します。,委託契約は組合が締結,"[{""item"": ""数値"", ""value"": ""委託契約は組合が締結"", ""note"": ""試験頻出""}, {""item"": ""根拠"", ""value"": ""区分所有法等"", ""note"": ""条文確認""}, {""item"": ""主体"", ""value"": ""管理組合"", ""note"": ""管業は支援""}, {""item"": ""試験"", ""value"": ""混同肢"", ""note"": ""正誤確認""}, {""item"": ""確認"", ""value"": ""用語集"", ""note"": ""最新要項""}]",管理委託：委託契約は組合が締結の数値（S35）｜管業,管理委託（基礎整理）の数値・要件を整理します。数値は条文・規約で確認してください。数値・日程・合格基準はマンション管理業協会（www.mankan.or.jp）の試験要項で必ずご確認ください。,委託契約は組合が締結;条文確認;決議と区別;試験の正誤肢に注意,数値固定暗記;管業が決定;決議混同;試験の正誤肢に注意,「委託契約は組合が締結を確認」。,管理組合;管理費,数値の要点は？,管理委託（基礎整理）の数値・要件を整理します。条文・規約で最新を確認してください。管業試験では用語集と条文の対応づけが得点の鍵になります。最新の試験要項もあわせて確認してください。賃管試験では用語集と条文の対応づけが得点の鍵になります。最新の試験要項もあわせて確認してください。,試験の引っかけは？,普通・特別・建替え決議と混同しないでください。管業試験では用語集と条文の対応づけが得点の鍵になります。最新の試験要項もあわせて確認してください。賃管試験では用語集と条文の対応づけが得点の鍵になります。最新の試験要項もあわせて確認してください。,試験対策の進め方は？,数値一覧表を作成し、過去問を反復してください。管業試験では用語集と条文の対応づけが得点の鍵になります。最新の試験要項もあわせて確認してください。賃管試験では用語集と条文の対応づけが得点の鍵になります。最新の試験要項もあわせて確認してください。,確認先はどこですか？,区分所有法・適正化法・www.mankan.or.jpを参照してください。管業試験では用語集と条文の対応づけが得点の鍵になります。最新の試験要項もあわせて確認してください。賃管試験では用語集と条文の対応づけが得点の鍵になります。最新の試験要項もあわせて確認してください。
tekiseika-hou-num-s35,適正化法：5年ごとに更新の数値（S35）,管理適正化法,管理業務主任者;更新登録,適正化法（基礎整理）の数値・要件を整理します。,5年ごとに更新（登録・要項）,"[{""item"": ""数値"", ""value"": ""5年ごとに更新"", ""note"": ""試験頻出""}, {""item"": ""根拠"", ""value"": ""区分所有法等"", ""note"": ""条文確認""}, {""item"": ""主体"", ""value"": ""管理組合"", ""note"": ""管業は支援""}, {""item"": ""試験"", ""value"": ""混同肢"", ""note"": ""正誤確認""}, {""item"": ""確認"", ""value"": ""用語集"", ""note"": ""最新要項""}]",適正化法：5年ごとに更新の数値（S35）｜管業,適正化法（基礎整理）の数値・要件を整理します。数値は条文・規約で確認してください。数値・日程・合格基準はマンション管理業協会（www.mankan.or.jp）の試験要項で必ずご確認ください。,5年ごとに更新（登録・要項）;条文確認;決議と区別;試験の正誤肢に注意,数値固定暗記;管業が決定;決議混同;試験の正誤肢に注意,「5年ごとに更新を確認」。,管理業務主任者;更新登録,数値の要点は？,適正化法（基礎整理）の数値・要件を整理します。条文・規約で最新を確認してください。管業試験では用語集と条文の対応づけが得点の鍵になります。最新の試験要項もあわせて確認してください。賃管試験では用語集と条文の対応づけが得点の鍵になります。最新の試験要項もあわせて確認してください。,試験の引っかけは？,普通・特別・建替え決議と混同しないでください。管業試験では用語集と条文の対応づけが得点の鍵になります。最新の試験要項もあわせて確認してください。賃管試験では用語集と条文の対応づけが得点の鍵になります。最新の試験要項もあわせて確認してください。,試験対策の進め方は？,数値一覧表を作成し、過去問を反復してください。管業試験では用語集と条文の対応づけが得点の鍵になります。最新の試験要項もあわせて確認してください。賃管試験では用語集と条文の対応づけが得点の鍵になります。最新の試験要項もあわせて確認してください。,確認先はどこですか？,区分所有法・適正化法・www.mankan.or.jpを参照してください。管業試験では用語集と条文の対応づけが得点の鍵になります。最新の試験要項もあわせて確認してください。賃管試験では用語集と条文の対応づけが得点の鍵になります。最新の試験要項もあわせて確認してください。
kubun-shoyu-num-s35,区分所有：床面積割合の数値（S35）,区分所有法,区分所有者;専有部分,区分所有（基礎整理）の数値・要件を整理します。,床面積割合（規約・目安）,"[{""item"": ""数値"", ""value"": ""床面積割合"", ""note"": ""試験頻出""}, {""item"": ""根拠"", ""value"": ""区分所有法等"", ""note"": ""条文確認""}, {""item"": ""主体"", ""value"": ""管理組合"", ""note"": ""管業は支援""}, {""item"": ""試験"", ""value"": ""混同肢"", ""note"": ""正誤確認""}, {""item"": ""確認"", ""value"": ""用語集"", ""note"": ""最新要項""}]",区分所有：床面積割合の数値（S35）｜管業,区分所有（基礎整理）の数値・要件を整理します。数値は条文・規約で確認してください。数値・日程・合格基準はマンション管理業協会（www.mankan.or.jp）の試験要項で必ずご確認ください。,床面積割合（規約・目安）;条文確認;決議と区別;試験の正誤肢に注意,数値固定暗記;管業が決定;決議混同;試験の正誤肢に注意,「床面積割合を確認」。,区分所有者;専有部分,数値の要点は？,区分所有（基礎整理）の数値・要件を整理します。条文・規約で最新を確認してください。管業試験では用語集と条文の対応づけが得点の鍵になります。最新の試験要項もあわせて確認してください。賃管試験では用語集と条文の対応づけが得点の鍵になります。最新の試験要項もあわせて確認してください。,試験の引っかけは？,普通・特別・建替え決議と混同しないでください。管業試験では用語集と条文の対応づけが得点の鍵になります。最新の試験要項もあわせて確認してください。賃管試験では用語集と条文の対応づけが得点の鍵になります。最新の試験要項もあわせて確認してください。,試験対策の進め方は？,数値一覧表を作成し、過去問を反復してください。管業試験では用語集と条文の対応づけが得点の鍵になります。最新の試験要項もあわせて確認してください。賃管試験では用語集と条文の対応づけが得点の鍵になります。最新の試験要項もあわせて確認してください。,確認先はどこですか？,区分所有法・適正化法・www.mankan.or.jpを参照してください。管業試験では用語集と条文の対応づけが得点の鍵になります。最新の試験要項もあわせて確認してください。賃管試験では用語集と条文の対応づけが得点の鍵になります。最新の試験要項もあわせて確認してください。
kanrinin-num-s35,管理員：一定規模以上の数値（S35）,管理適正化法,管理員;管理員の配置,管理員（基礎整理）の数値・要件を整理します。,一定規模以上（施行規則確認）,"[{""item"": ""数値"", ""value"": ""一定規模以上"", ""note"": ""試験頻出""}, {""item"": ""根拠"", ""value"": ""区分所有法等"", ""note"": ""条文確認""}, {""item"": ""主体"", ""value"": ""管理組合"", ""note"": ""管業は支援""}, {""item"": ""試験"", ""value"": ""混同肢"", ""note"": ""正誤確認""}, {""item"": ""確認"", ""value"": ""用語集"", ""note"": ""最新要項""}]",管理員：一定規模以上の数値（S35）｜管業,管理員（基礎整理）の数値・要件を整理します。数値は条文・規約で確認してください。数値・日程・合格基準はマンション管理業協会（www.mankan.or.jp）の試験要項で必ずご確認ください。,一定規模以上（施行規則確認）;条文確認;決議と区別;試験の正誤肢に注意,数値固定暗記;管業が決定;決議混同;試験の正誤肢に注意,「一定規模以上を確認」。,管理員;管理員の配置,数値の要点は？,管理員（基礎整理）の数値・要件を整理します。条文・規約で最新を確認してください。管業試験では用語集と条文の対応づけが得点の鍵になります。最新の試験要項もあわせて確認してください。賃管試験では用語集と条文の対応づけが得点の鍵になります。最新の試験要項もあわせて確認してください。,試験の引っかけは？,普通・特別・建替え決議と混同しないでください。管業試験では用語集と条文の対応づけが得点の鍵になります。最新の試験要項もあわせて確認してください。賃管試験では用語集と条文の対応づけが得点の鍵になります。最新の試験要項もあわせて確認してください。,試験対策の進め方は？,数値一覧表を作成し、過去問を反復してください。管業試験では用語集と条文の対応づけが得点の鍵になります。最新の試験要項もあわせて確認してください。賃管試験では用語集と条文の対応づけが得点の鍵になります。最新の試験要項もあわせて確認してください。,確認先はどこですか？,区分所有法・適正化法・www.mankan.or.jpを参照してください。管業試験では用語集と条文の対応づけが得点の鍵になります。最新の試験要項もあわせて確認してください。賃管試験では用語集と条文の対応づけが得点の鍵になります。最新の試験要項もあわせて確認してください。
kaikei-kansa-num-s35,会計監査：規約・実務で定めるの数値（S35）,区分所有法,監査;管理組合会計,会計監査（基礎整理）の数値・要件を整理します。,規約・実務で定める,"[{""item"": ""数値"", ""value"": ""規約・実務で定める"", ""note"": ""試験頻出""}, {""item"": ""根拠"", ""value"": ""区分所有法等"", ""note"": ""条文確認""}, {""item"": ""主体"", ""value"": ""管理組合"", ""note"": ""管業は支援""}, {""item"": ""試験"", ""value"": ""混同肢"", ""note"": ""正誤確認""}, {""item"": ""確認"", ""value"": ""用語集"", ""note"": ""最新要項""}]",会計監査：規約・実務で定めるの数値（S35）｜管業,会計監査（基礎整理）の数値・要件を整理します。数値は条文・規約で確認してください。数値・日程・合格基準はマンション管理業協会（www.mankan.or.jp）の試験要項で必ずご確認ください。,規約・実務で定める;条文確認;決議と区別;試験の正誤肢に注意,数値固定暗記;管業が決定;決議混同;試験の正誤肢に注意,「規約・実務で定めるを確認」。,監査;管理組合会計,数値の要点は？,会計監査（基礎整理）の数値・要件を整理します。条文・規約で最新を確認してください。管業試験では用語集と条文の対応づけが得点の鍵になります。最新の試験要項もあわせて確認してください。賃管試験では用語集と条文の対応づけが得点の鍵になります。最新の試験要項もあわせて確認してください。,試験の引っかけは？,普通・特別・建替え決議と混同しないでください。管業試験では用語集と条文の対応づけが得点の鍵になります。最新の試験要項もあわせて確認してください。賃管試験では用語集と条文の対応づけが得点の鍵になります。最新の試験要項もあわせて確認してください。,試験対策の進め方は？,数値一覧表を作成し、過去問を反復してください。管業試験では用語集と条文の対応づけが得点の鍵になります。最新の試験要項もあわせて確認してください。賃管試験では用語集と条文の対応づけが得点の鍵になります。最新の試験要項もあわせて確認してください。,確認先はどこですか？,区分所有法・適正化法・www.mankan.or.jpを参照してください。管業試験では用語集と条文の対応づけが得点の鍵になります。最新の試験要項もあわせて確認してください。賃管試験では用語集と条文の対応づけが得点の鍵になります。最新の試験要項もあわせて確認してください。
tatekae-num-s35,建替え：5分の4以上の数値（S35）,区分所有法,建替え;5分の4議決権,建替え（基礎整理）の数値・要件を整理します。,5分の4以上（建替え・条文確認）,"[{""item"": ""数値"", ""value"": ""5分の4以上"", ""note"": ""試験頻出""}, {""item"": ""根拠"", ""value"": ""区分所有法等"", ""note"": ""条文確認""}, {""item"": ""主体"", ""value"": ""管理組合"", ""note"": ""管業は支援""}, {""item"": ""試験"", ""value"": ""混同肢"", ""note"": ""正誤確認""}, {""item"": ""確認"", ""value"": ""用語集"", ""note"": ""最新要項""}]",建替え：5分の4以上の数値（S35）｜管業,建替え（基礎整理）の数値・要件を整理します。数値は条文・規約で確認してください。数値・日程・合格基準はマンション管理業協会（www.mankan.or.jp）の試験要項で必ずご確認ください。,5分の4以上（建替え・条文確認）;条文確認;決議と区別;試験の正誤肢に注意,数値固定暗記;管業が決定;決議混同;試験の正誤肢に注意,「5分の4以上を確認」。,建替え;5分の4議決権,数値の要点は？,建替え（基礎整理）の数値・要件を整理します。条文・規約で最新を確認してください。管業試験では用語集と条文の対応づけが得点の鍵になります。最新の試験要項もあわせて確認してください。賃管試験では用語集と条文の対応づけが得点の鍵になります。最新の試験要項もあわせて確認してください。,試験の引っかけは？,普通・特別・建替え決議と混同しないでください。管業試験では用語集と条文の対応づけが得点の鍵になります。最新の試験要項もあわせて確認してください。賃管試験では用語集と条文の対応づけが得点の鍵になります。最新の試験要項もあわせて確認してください。,試験対策の進め方は？,数値一覧表を作成し、過去問を反復してください。管業試験では用語集と条文の対応づけが得点の鍵になります。最新の試験要項もあわせて確認してください。賃管試験では用語集と条文の対応づけが得点の鍵になります。最新の試験要項もあわせて確認してください。,確認先はどこですか？,区分所有法・適正化法・www.mankan.or.jpを参照してください。管業試験では用語集と条文の対応づけが得点の鍵になります。最新の試験要項もあわせて確認してください。賃管試験では用語集と条文の対応づけが得点の鍵になります。最新の試験要項もあわせて確認してください。
kangyou-shiken-num-s35,管業試験：50問の数値（S35）,判例・横断総合,管理業務主任者試験;管理業務主任者,管業試験（基礎整理）の数値・要件を整理します。,50問（マークシート・要項確認）,"[{""item"": ""数値"", ""value"": ""50問"", ""note"": ""試験頻出""}, {""item"": ""根拠"", ""value"": ""区分所有法等"", ""note"": ""条文確認""}, {""item"": ""主体"", ""value"": ""管理組合"", ""note"": ""管業は支援""}, {""item"": ""試験"", ""value"": ""混同肢"", ""note"": ""正誤確認""}, {""item"": ""確認"", ""value"": ""用語集"", ""note"": ""最新要項""}]",管業試験：50問の数値（S35）｜管業,管業試験（基礎整理）の数値・要件を整理します。数値は条文・規約で確認してください。数値・日程・合格基準はマンション管理業協会（www.mankan.or.jp）の試験要項で必ずご確認ください。,50問（マークシート・要項確認）;条文確認;決議と区別;試験の正誤肢に注意,数値固定暗記;管業が決定;決議混同;試験の正誤肢に注意,「50問を確認」。（暗記用フレーズ）,管理業務主任者試験;管理業務主任者,数値の要点は？,管業試験（基礎整理）の数値・要件を整理します。条文・規約で最新を確認してください。管業試験では用語集と条文の対応づけが得点の鍵になります。最新の試験要項もあわせて確認してください。賃管試験では用語集と条文の対応づけが得点の鍵になります。最新の試験要項もあわせて確認してください。,試験の引っかけは？,普通・特別・建替え決議と混同しないでください。管業試験では用語集と条文の対応づけが得点の鍵になります。最新の試験要項もあわせて確認してください。賃管試験では用語集と条文の対応づけが得点の鍵になります。最新の試験要項もあわせて確認してください。,試験対策の進め方は？,数値一覧表を作成し、過去問を反復してください。管業試験では用語集と条文の対応づけが得点の鍵になります。最新の試験要項もあわせて確認してください。賃管試験では用語集と条文の対応づけが得点の鍵になります。最新の試験要項もあわせて確認してください。,確認先はどこですか？,区分所有法・適正化法・www.mankan.or.jpを参照してください。管業試験では用語集と条文の対応づけが得点の鍵になります。最新の試験要項もあわせて確認してください。賃管試験では用語集と条文の対応づけが得点の鍵になります。最新の試験要項もあわせて確認してください。
kumiai-unyou-num-s36,管理組合運営：組合の基本決定の数値（S36）,区分所有法,管理組合;管理者,管理組合運営（実務連動）の数値・要件を整理します。,組合の基本決定（区分所有法）,"[{""item"": ""数値"", ""value"": ""組合の基本決定"", ""note"": ""試験頻出""}, {""item"": ""根拠"", ""value"": ""区分所有法等"", ""note"": ""条文確認""}, {""item"": ""主体"", ""value"": ""管理組合"", ""note"": ""管業は支援""}, {""item"": ""試験"", ""value"": ""混同肢"", ""note"": ""正誤確認""}, {""item"": ""確認"", ""value"": ""用語集"", ""note"": ""最新要項""}]",管理組合運営：組合の基本決定の数値（S36）｜管業,管理組合運営（実務連動）の数値・要件を整理します。数値は条文・規約で確認してください。数値・日程・合格基準はマンション管理業協会（www.mankan.or.jp）の試験要項で必ずご確認ください。,組合の基本決定（区分所有法）;条文確認;決議と区別;試験の正誤肢に注意,数値固定暗記;管業が決定;決議混同;試験の正誤肢に注意,「組合の基本決定を確認」。,管理組合;管理者,数値の要点は？,管理組合運営（実務連動）の数値・要件を整理します。条文・規約で最新を確認してください。管業試験では用語集と条文の対応づけが得点の鍵になります。最新の試験要項もあわせて確認してください。賃管試験では用語集と条文の対応づけが得点の鍵になります。最新の試験要項もあわせて確認してください。,試験の引っかけは？,普通・特別・建替え決議と混同しないでください。管業試験では用語集と条文の対応づけが得点の鍵になります。最新の試験要項もあわせて確認してください。賃管試験では用語集と条文の対応づけが得点の鍵になります。最新の試験要項もあわせて確認してください。,試験対策の進め方は？,数値一覧表を作成し、過去問を反復してください。管業試験では用語集と条文の対応づけが得点の鍵になります。最新の試験要項もあわせて確認してください。賃管試験では用語集と条文の対応づけが得点の鍵になります。最新の試験要項もあわせて確認してください。,確認先はどこですか？,区分所有法・適正化法・www.mankan.or.jpを参照してください。管業試験では用語集と条文の対応づけが得点の鍵になります。最新の試験要項もあわせて確認してください。賃管試験では用語集と条文の対応づけが得点の鍵になります。最新の試験要項もあわせて確認してください。
shuzen-tumitate-num-s36,修繕積立：12年目安の数値（S36）,区分所有法,修繕積立金;長期修繕計画,修繕積立（実務連動）の数値・要件を整理します。,12年目安（見直し・ガイド）,"[{""item"": ""数値"", ""value"": ""12年目安"", ""note"": ""試験頻出""}, {""item"": ""根拠"", ""value"": ""区分所有法等"", ""note"": ""条文確認""}, {""item"": ""主体"", ""value"": ""管理組合"", ""note"": ""管業は支援""}, {""item"": ""試験"", ""value"": ""混同肢"", ""note"": ""正誤確認""}, {""item"": ""確認"", ""value"": ""用語集"", ""note"": ""最新要項""}]",修繕積立：12年目安の数値（S36）｜管業,修繕積立（実務連動）の数値・要件を整理します。数値は条文・規約で確認してください。数値・日程・合格基準はマンション管理業協会（www.mankan.or.jp）の試験要項で必ずご確認ください。,12年目安（見直し・ガイド）;条文確認;決議と区別;試験の正誤肢に注意,数値固定暗記;管業が決定;決議混同;試験の正誤肢に注意,「12年目安を確認」。,修繕積立金;長期修繕計画,数値の要点は？,修繕積立（実務連動）の数値・要件を整理します。条文・規約で最新を確認してください。管業試験では用語集と条文の対応づけが得点の鍵になります。最新の試験要項もあわせて確認してください。賃管試験では用語集と条文の対応づけが得点の鍵になります。最新の試験要項もあわせて確認してください。,試験の引っかけは？,普通・特別・建替え決議と混同しないでください。管業試験では用語集と条文の対応づけが得点の鍵になります。最新の試験要項もあわせて確認してください。賃管試験では用語集と条文の対応づけが得点の鍵になります。最新の試験要項もあわせて確認してください。,試験対策の進め方は？,数値一覧表を作成し、過去問を反復してください。管業試験では用語集と条文の対応づけが得点の鍵になります。最新の試験要項もあわせて確認してください。賃管試験では用語集と条文の対応づけが得点の鍵になります。最新の試験要項もあわせて確認してください。,確認先はどこですか？,区分所有法・適正化法・www.mankan.or.jpを参照してください。管業試験では用語集と条文の対応づけが得点の鍵になります。最新の試験要項もあわせて確認してください。賃管試験では用語集と条文の対応づけが得点の鍵になります。最新の試験要項もあわせて確認してください。
sokai-unyou-num-s36,総会運営：招集通知は規約で定めるの数値（S36）,区分所有法,総会;理事会,総会運営（実務連動）の数値・要件を整理します。,招集通知は規約で定める,"[{""item"": ""数値"", ""value"": ""招集通知は規約で定める"", ""note"": ""試験頻出""}, {""item"": ""根拠"", ""value"": ""区分所有法等"", ""note"": ""条文確認""}, {""item"": ""主体"", ""value"": ""管理組合"", ""note"": ""管業は支援""}, {""item"": ""試験"", ""value"": ""混同肢"", ""note"": ""正誤確認""}, {""item"": ""確認"", ""value"": ""用語集"", ""note"": ""最新要項""}]",総会運営：招集通知は規約で定めるの数値（S36）｜管業,総会運営（実務連動）の数値・要件を整理します。数値は条文・規約で確認してください。数値・日程・合格基準はマンション管理業協会（www.mankan.or.jp）の試験要項で必ずご確認ください。,招集通知は規約で定める;条文確認;決議と区別;試験の正誤肢に注意,数値固定暗記;管業が決定;決議混同;試験の正誤肢に注意,「招集通知は規約で定めるを確認」。,総会;理事会,数値の要点は？,総会運営（実務連動）の数値・要件を整理します。条文・規約で最新を確認してください。管業試験では用語集と条文の対応づけが得点の鍵になります。最新の試験要項もあわせて確認してください。賃管試験では用語集と条文の対応づけが得点の鍵になります。最新の試験要項もあわせて確認してください。,試験の引っかけは？,普通・特別・建替え決議と混同しないでください。管業試験では用語集と条文の対応づけが得点の鍵になります。最新の試験要項もあわせて確認してください。賃管試験では用語集と条文の対応づけが得点の鍵になります。最新の試験要項もあわせて確認してください。,試験対策の進め方は？,数値一覧表を作成し、過去問を反復してください。管業試験では用語集と条文の対応づけが得点の鍵になります。最新の試験要項もあわせて確認してください。賃管試験では用語集と条文の対応づけが得点の鍵になります。最新の試験要項もあわせて確認してください。,確認先はどこですか？,区分所有法・適正化法・www.mankan.or.jpを参照してください。管業試験では用語集と条文の対応づけが得点の鍵になります。最新の試験要項もあわせて確認してください。賃管試験では用語集と条文の対応づけが得点の鍵になります。最新の試験要項もあわせて確認してください。
kanri-itaku-num-s36,管理委託：委託契約は組合が締結の数値（S36）,区分所有法,管理組合;管理費,管理委託（実務連動）の数値・要件を整理します。,委託契約は組合が締結,"[{""item"": ""数値"", ""value"": ""委託契約は組合が締結"", ""note"": ""試験頻出""}, {""item"": ""根拠"", ""value"": ""区分所有法等"", ""note"": ""条文確認""}, {""item"": ""主体"", ""value"": ""管理組合"", ""note"": ""管業は支援""}, {""item"": ""試験"", ""value"": ""混同肢"", ""note"": ""正誤確認""}, {""item"": ""確認"", ""value"": ""用語集"", ""note"": ""最新要項""}]",管理委託：委託契約は組合が締結の数値（S36）｜管業,管理委託（実務連動）の数値・要件を整理します。数値は条文・規約で確認してください。数値・日程・合格基準はマンション管理業協会（www.mankan.or.jp）の試験要項で必ずご確認ください。,委託契約は組合が締結;条文確認;決議と区別;試験の正誤肢に注意,数値固定暗記;管業が決定;決議混同;試験の正誤肢に注意,「委託契約は組合が締結を確認」。,管理組合;管理費,数値の要点は？,管理委託（実務連動）の数値・要件を整理します。条文・規約で最新を確認してください。管業試験では用語集と条文の対応づけが得点の鍵になります。最新の試験要項もあわせて確認してください。賃管試験では用語集と条文の対応づけが得点の鍵になります。最新の試験要項もあわせて確認してください。,試験の引っかけは？,普通・特別・建替え決議と混同しないでください。管業試験では用語集と条文の対応づけが得点の鍵になります。最新の試験要項もあわせて確認してください。賃管試験では用語集と条文の対応づけが得点の鍵になります。最新の試験要項もあわせて確認してください。,試験対策の進め方は？,数値一覧表を作成し、過去問を反復してください。管業試験では用語集と条文の対応づけが得点の鍵になります。最新の試験要項もあわせて確認してください。賃管試験では用語集と条文の対応づけが得点の鍵になります。最新の試験要項もあわせて確認してください。,確認先はどこですか？,区分所有法・適正化法・www.mankan.or.jpを参照してください。管業試験では用語集と条文の対応づけが得点の鍵になります。最新の試験要項もあわせて確認してください。賃管試験では用語集と条文の対応づけが得点の鍵になります。最新の試験要項もあわせて確認してください。
tekiseika-hou-num-s36,適正化法：5年ごとに更新の数値（S36）,管理適正化法,管理業務主任者;更新登録,適正化法（実務連動）の数値・要件を整理します。,5年ごとに更新（登録・要項）,"[{""item"": ""数値"", ""value"": ""5年ごとに更新"", ""note"": ""試験頻出""}, {""item"": ""根拠"", ""value"": ""区分所有法等"", ""note"": ""条文確認""}, {""item"": ""主体"", ""value"": ""管理組合"", ""note"": ""管業は支援""}, {""item"": ""試験"", ""value"": ""混同肢"", ""note"": ""正誤確認""}, {""item"": ""確認"", ""value"": ""用語集"", ""note"": ""最新要項""}]",適正化法：5年ごとに更新の数値（S36）｜管業,適正化法（実務連動）の数値・要件を整理します。数値は条文・規約で確認してください。数値・日程・合格基準はマンション管理業協会（www.mankan.or.jp）の試験要項で必ずご確認ください。,5年ごとに更新（登録・要項）;条文確認;決議と区別;試験の正誤肢に注意,数値固定暗記;管業が決定;決議混同;試験の正誤肢に注意,「5年ごとに更新を確認」。,管理業務主任者;更新登録,数値の要点は？,適正化法（実務連動）の数値・要件を整理します。条文・規約で最新を確認してください。管業試験では用語集と条文の対応づけが得点の鍵になります。最新の試験要項もあわせて確認してください。賃管試験では用語集と条文の対応づけが得点の鍵になります。最新の試験要項もあわせて確認してください。,試験の引っかけは？,普通・特別・建替え決議と混同しないでください。管業試験では用語集と条文の対応づけが得点の鍵になります。最新の試験要項もあわせて確認してください。賃管試験では用語集と条文の対応づけが得点の鍵になります。最新の試験要項もあわせて確認してください。,試験対策の進め方は？,数値一覧表を作成し、過去問を反復してください。管業試験では用語集と条文の対応づけが得点の鍵になります。最新の試験要項もあわせて確認してください。賃管試験では用語集と条文の対応づけが得点の鍵になります。最新の試験要項もあわせて確認してください。,確認先はどこですか？,区分所有法・適正化法・www.mankan.or.jpを参照してください。管業試験では用語集と条文の対応づけが得点の鍵になります。最新の試験要項もあわせて確認してください。賃管試験では用語集と条文の対応づけが得点の鍵になります。最新の試験要項もあわせて確認してください。
kubun-shoyu-num-s36,区分所有：床面積割合の数値（S36）,区分所有法,区分所有者;専有部分,区分所有（実務連動）の数値・要件を整理します。,床面積割合（規約・目安）,"[{""item"": ""数値"", ""value"": ""床面積割合"", ""note"": ""試験頻出""}, {""item"": ""根拠"", ""value"": ""区分所有法等"", ""note"": ""条文確認""}, {""item"": ""主体"", ""value"": ""管理組合"", ""note"": ""管業は支援""}, {""item"": ""試験"", ""value"": ""混同肢"", ""note"": ""正誤確認""}, {""item"": ""確認"", ""value"": ""用語集"", ""note"": ""最新要項""}]",区分所有：床面積割合の数値（S36）｜管業,区分所有（実務連動）の数値・要件を整理します。数値は条文・規約で確認してください。数値・日程・合格基準はマンション管理業協会（www.mankan.or.jp）の試験要項で必ずご確認ください。,床面積割合（規約・目安）;条文確認;決議と区別;試験の正誤肢に注意,数値固定暗記;管業が決定;決議混同;試験の正誤肢に注意,「床面積割合を確認」。,区分所有者;専有部分,数値の要点は？,区分所有（実務連動）の数値・要件を整理します。条文・規約で最新を確認してください。管業試験では用語集と条文の対応づけが得点の鍵になります。最新の試験要項もあわせて確認してください。賃管試験では用語集と条文の対応づけが得点の鍵になります。最新の試験要項もあわせて確認してください。,試験の引っかけは？,普通・特別・建替え決議と混同しないでください。管業試験では用語集と条文の対応づけが得点の鍵になります。最新の試験要項もあわせて確認してください。賃管試験では用語集と条文の対応づけが得点の鍵になります。最新の試験要項もあわせて確認してください。,試験対策の進め方は？,数値一覧表を作成し、過去問を反復してください。管業試験では用語集と条文の対応づけが得点の鍵になります。最新の試験要項もあわせて確認してください。賃管試験では用語集と条文の対応づけが得点の鍵になります。最新の試験要項もあわせて確認してください。,確認先はどこですか？,区分所有法・適正化法・www.mankan.or.jpを参照してください。管業試験では用語集と条文の対応づけが得点の鍵になります。最新の試験要項もあわせて確認してください。賃管試験では用語集と条文の対応づけが得点の鍵になります。最新の試験要項もあわせて確認してください。
kanrinin-num-s36,管理員：一定規模以上の数値（S36）,管理適正化法,管理員;管理員の配置,管理員（実務連動）の数値・要件を整理します。,一定規模以上（施行規則確認）,"[{""item"": ""数値"", ""value"": ""一定規模以上"", ""note"": ""試験頻出""}, {""item"": ""根拠"", ""value"": ""区分所有法等"", ""note"": ""条文確認""}, {""item"": ""主体"", ""value"": ""管理組合"", ""note"": ""管業は支援""}, {""item"": ""試験"", ""value"": ""混同肢"", ""note"": ""正誤確認""}, {""item"": ""確認"", ""value"": ""用語集"", ""note"": ""最新要項""}]",管理員：一定規模以上の数値（S36）｜管業,管理員（実務連動）の数値・要件を整理します。数値は条文・規約で確認してください。数値・日程・合格基準はマンション管理業協会（www.mankan.or.jp）の試験要項で必ずご確認ください。,一定規模以上（施行規則確認）;条文確認;決議と区別;試験の正誤肢に注意,数値固定暗記;管業が決定;決議混同;試験の正誤肢に注意,「一定規模以上を確認」。,管理員;管理員の配置,数値の要点は？,管理員（実務連動）の数値・要件を整理します。条文・規約で最新を確認してください。管業試験では用語集と条文の対応づけが得点の鍵になります。最新の試験要項もあわせて確認してください。賃管試験では用語集と条文の対応づけが得点の鍵になります。最新の試験要項もあわせて確認してください。,試験の引っかけは？,普通・特別・建替え決議と混同しないでください。管業試験では用語集と条文の対応づけが得点の鍵になります。最新の試験要項もあわせて確認してください。賃管試験では用語集と条文の対応づけが得点の鍵になります。最新の試験要項もあわせて確認してください。,試験対策の進め方は？,数値一覧表を作成し、過去問を反復してください。管業試験では用語集と条文の対応づけが得点の鍵になります。最新の試験要項もあわせて確認してください。賃管試験では用語集と条文の対応づけが得点の鍵になります。最新の試験要項もあわせて確認してください。,確認先はどこですか？,区分所有法・適正化法・www.mankan.or.jpを参照してください。管業試験では用語集と条文の対応づけが得点の鍵になります。最新の試験要項もあわせて確認してください。賃管試験では用語集と条文の対応づけが得点の鍵になります。最新の試験要項もあわせて確認してください。
kaikei-kansa-num-s36,会計監査：規約・実務で定めるの数値（S36）,区分所有法,監査;管理組合会計,会計監査（実務連動）の数値・要件を整理します。,規約・実務で定める,"[{""item"": ""数値"", ""value"": ""規約・実務で定める"", ""note"": ""試験頻出""}, {""item"": ""根拠"", ""value"": ""区分所有法等"", ""note"": ""条文確認""}, {""item"": ""主体"", ""value"": ""管理組合"", ""note"": ""管業は支援""}, {""item"": ""試験"", ""value"": ""混同肢"", ""note"": ""正誤確認""}, {""item"": ""確認"", ""value"": ""用語集"", ""note"": ""最新要項""}]",会計監査：規約・実務で定めるの数値（S36）｜管業,会計監査（実務連動）の数値・要件を整理します。数値は条文・規約で確認してください。数値・日程・合格基準はマンション管理業協会（www.mankan.or.jp）の試験要項で必ずご確認ください。,規約・実務で定める;条文確認;決議と区別;試験の正誤肢に注意,数値固定暗記;管業が決定;決議混同;試験の正誤肢に注意,「規約・実務で定めるを確認」。,監査;管理組合会計,数値の要点は？,会計監査（実務連動）の数値・要件を整理します。条文・規約で最新を確認してください。管業試験では用語集と条文の対応づけが得点の鍵になります。最新の試験要項もあわせて確認してください。賃管試験では用語集と条文の対応づけが得点の鍵になります。最新の試験要項もあわせて確認してください。,試験の引っかけは？,普通・特別・建替え決議と混同しないでください。管業試験では用語集と条文の対応づけが得点の鍵になります。最新の試験要項もあわせて確認してください。賃管試験では用語集と条文の対応づけが得点の鍵になります。最新の試験要項もあわせて確認してください。,試験対策の進め方は？,数値一覧表を作成し、過去問を反復してください。管業試験では用語集と条文の対応づけが得点の鍵になります。最新の試験要項もあわせて確認してください。賃管試験では用語集と条文の対応づけが得点の鍵になります。最新の試験要項もあわせて確認してください。,確認先はどこですか？,区分所有法・適正化法・www.mankan.or.jpを参照してください。管業試験では用語集と条文の対応づけが得点の鍵になります。最新の試験要項もあわせて確認してください。賃管試験では用語集と条文の対応づけが得点の鍵になります。最新の試験要項もあわせて確認してください。
tatekae-num-s36,建替え：5分の4以上の数値（S36）,区分所有法,建替え;5分の4議決権,建替え（実務連動）の数値・要件を整理します。,5分の4以上（建替え・条文確認）,"[{""item"": ""数値"", ""value"": ""5分の4以上"", ""note"": ""試験頻出""}, {""item"": ""根拠"", ""value"": ""区分所有法等"", ""note"": ""条文確認""}, {""item"": ""主体"", ""value"": ""管理組合"", ""note"": ""管業は支援""}, {""item"": ""試験"", ""value"": ""混同肢"", ""note"": ""正誤確認""}, {""item"": ""確認"", ""value"": ""用語集"", ""note"": ""最新要項""}]",建替え：5分の4以上の数値（S36）｜管業,建替え（実務連動）の数値・要件を整理します。数値は条文・規約で確認してください。数値・日程・合格基準はマンション管理業協会（www.mankan.or.jp）の試験要項で必ずご確認ください。,5分の4以上（建替え・条文確認）;条文確認;決議と区別;試験の正誤肢に注意,数値固定暗記;管業が決定;決議混同;試験の正誤肢に注意,「5分の4以上を確認」。,建替え;5分の4議決権,数値の要点は？,建替え（実務連動）の数値・要件を整理します。条文・規約で最新を確認してください。管業試験では用語集と条文の対応づけが得点の鍵になります。最新の試験要項もあわせて確認してください。賃管試験では用語集と条文の対応づけが得点の鍵になります。最新の試験要項もあわせて確認してください。,試験の引っかけは？,普通・特別・建替え決議と混同しないでください。管業試験では用語集と条文の対応づけが得点の鍵になります。最新の試験要項もあわせて確認してください。賃管試験では用語集と条文の対応づけが得点の鍵になります。最新の試験要項もあわせて確認してください。,試験対策の進め方は？,数値一覧表を作成し、過去問を反復してください。管業試験では用語集と条文の対応づけが得点の鍵になります。最新の試験要項もあわせて確認してください。賃管試験では用語集と条文の対応づけが得点の鍵になります。最新の試験要項もあわせて確認してください。,確認先はどこですか？,区分所有法・適正化法・www.mankan.or.jpを参照してください。管業試験では用語集と条文の対応づけが得点の鍵になります。最新の試験要項もあわせて確認してください。賃管試験では用語集と条文の対応づけが得点の鍵になります。最新の試験要項もあわせて確認してください。
kangyou-shiken-num-s36,管業試験：50問の数値（S36）,判例・横断総合,管理業務主任者試験;管理業務主任者,管業試験（実務連動）の数値・要件を整理します。,50問（マークシート・要項確認）,"[{""item"": ""数値"", ""value"": ""50問"", ""note"": ""試験頻出""}, {""item"": ""根拠"", ""value"": ""区分所有法等"", ""note"": ""条文確認""}, {""item"": ""主体"", ""value"": ""管理組合"", ""note"": ""管業は支援""}, {""item"": ""試験"", ""value"": ""混同肢"", ""note"": ""正誤確認""}, {""item"": ""確認"", ""value"": ""用語集"", ""note"": ""最新要項""}]",管業試験：50問の数値（S36）｜管業,管業試験（実務連動）の数値・要件を整理します。数値は条文・規約で確認してください。数値・日程・合格基準はマンション管理業協会（www.mankan.or.jp）の試験要項で必ずご確認ください。,50問（マークシート・要項確認）;条文確認;決議と区別;試験の正誤肢に注意,数値固定暗記;管業が決定;決議混同;試験の正誤肢に注意,「50問を確認」。（暗記用フレーズ）,管理業務主任者試験;管理業務主任者,数値の要点は？,管業試験（実務連動）の数値・要件を整理します。条文・規約で最新を確認してください。管業試験では用語集と条文の対応づけが得点の鍵になります。最新の試験要項もあわせて確認してください。賃管試験では用語集と条文の対応づけが得点の鍵になります。最新の試験要項もあわせて確認してください。,試験の引っかけは？,普通・特別・建替え決議と混同しないでください。管業試験では用語集と条文の対応づけが得点の鍵になります。最新の試験要項もあわせて確認してください。賃管試験では用語集と条文の対応づけが得点の鍵になります。最新の試験要項もあわせて確認してください。,試験対策の進め方は？,数値一覧表を作成し、過去問を反復してください。管業試験では用語集と条文の対応づけが得点の鍵になります。最新の試験要項もあわせて確認してください。賃管試験では用語集と条文の対応づけが得点の鍵になります。最新の試験要項もあわせて確認してください。,確認先はどこですか？,区分所有法・適正化法・www.mankan.or.jpを参照してください。管業試験では用語集と条文の対応づけが得点の鍵になります。最新の試験要項もあわせて確認してください。賃管試験では用語集と条文の対応づけが得点の鍵になります。最新の試験要項もあわせて確認してください。
kumiai-unyou-num-s37,管理組合運営：組合の基本決定の数値（S37）,区分所有法,管理組合;管理者,管理組合運営（試験頻出）の数値・要件を整理します。,組合の基本決定（区分所有法）,"[{""item"": ""数値"", ""value"": ""組合の基本決定"", ""note"": ""試験頻出""}, {""item"": ""根拠"", ""value"": ""区分所有法等"", ""note"": ""条文確認""}, {""item"": ""主体"", ""value"": ""管理組合"", ""note"": ""管業は支援""}, {""item"": ""試験"", ""value"": ""混同肢"", ""note"": ""正誤確認""}, {""item"": ""確認"", ""value"": ""用語集"", ""note"": ""最新要項""}]",管理組合運営：組合の基本決定の数値（S37）｜管業,管理組合運営（試験頻出）の数値・要件を整理します。数値は条文・規約で確認してください。数値・日程・合格基準はマンション管理業協会（www.mankan.or.jp）の試験要項で必ずご確認ください。,組合の基本決定（区分所有法）;条文確認;決議と区別;試験の正誤肢に注意,数値固定暗記;管業が決定;決議混同;試験の正誤肢に注意,「組合の基本決定を確認」。,管理組合;管理者,数値の要点は？,管理組合運営（試験頻出）の数値・要件を整理します。条文・規約で最新を確認してください。管業試験では用語集と条文の対応づけが得点の鍵になります。最新の試験要項もあわせて確認してください。賃管試験では用語集と条文の対応づけが得点の鍵になります。最新の試験要項もあわせて確認してください。,試験の引っかけは？,普通・特別・建替え決議と混同しないでください。管業試験では用語集と条文の対応づけが得点の鍵になります。最新の試験要項もあわせて確認してください。賃管試験では用語集と条文の対応づけが得点の鍵になります。最新の試験要項もあわせて確認してください。,試験対策の進め方は？,数値一覧表を作成し、過去問を反復してください。管業試験では用語集と条文の対応づけが得点の鍵になります。最新の試験要項もあわせて確認してください。賃管試験では用語集と条文の対応づけが得点の鍵になります。最新の試験要項もあわせて確認してください。,確認先はどこですか？,区分所有法・適正化法・www.mankan.or.jpを参照してください。管業試験では用語集と条文の対応づけが得点の鍵になります。最新の試験要項もあわせて確認してください。賃管試験では用語集と条文の対応づけが得点の鍵になります。最新の試験要項もあわせて確認してください。
shuzen-tumitate-num-s37,修繕積立：12年目安の数値（S37）,区分所有法,修繕積立金;長期修繕計画,修繕積立（試験頻出）の数値・要件を整理します。,12年目安（見直し・ガイド）,"[{""item"": ""数値"", ""value"": ""12年目安"", ""note"": ""試験頻出""}, {""item"": ""根拠"", ""value"": ""区分所有法等"", ""note"": ""条文確認""}, {""item"": ""主体"", ""value"": ""管理組合"", ""note"": ""管業は支援""}, {""item"": ""試験"", ""value"": ""混同肢"", ""note"": ""正誤確認""}, {""item"": ""確認"", ""value"": ""用語集"", ""note"": ""最新要項""}]",修繕積立：12年目安の数値（S37）｜管業,修繕積立（試験頻出）の数値・要件を整理します。数値は条文・規約で確認してください。数値・日程・合格基準はマンション管理業協会（www.mankan.or.jp）の試験要項で必ずご確認ください。,12年目安（見直し・ガイド）;条文確認;決議と区別;試験の正誤肢に注意,数値固定暗記;管業が決定;決議混同;試験の正誤肢に注意,「12年目安を確認」。,修繕積立金;長期修繕計画,数値の要点は？,修繕積立（試験頻出）の数値・要件を整理します。条文・規約で最新を確認してください。管業試験では用語集と条文の対応づけが得点の鍵になります。最新の試験要項もあわせて確認してください。賃管試験では用語集と条文の対応づけが得点の鍵になります。最新の試験要項もあわせて確認してください。,試験の引っかけは？,普通・特別・建替え決議と混同しないでください。管業試験では用語集と条文の対応づけが得点の鍵になります。最新の試験要項もあわせて確認してください。賃管試験では用語集と条文の対応づけが得点の鍵になります。最新の試験要項もあわせて確認してください。,試験対策の進め方は？,数値一覧表を作成し、過去問を反復してください。管業試験では用語集と条文の対応づけが得点の鍵になります。最新の試験要項もあわせて確認してください。賃管試験では用語集と条文の対応づけが得点の鍵になります。最新の試験要項もあわせて確認してください。,確認先はどこですか？,区分所有法・適正化法・www.mankan.or.jpを参照してください。管業試験では用語集と条文の対応づけが得点の鍵になります。最新の試験要項もあわせて確認してください。賃管試験では用語集と条文の対応づけが得点の鍵になります。最新の試験要項もあわせて確認してください。
sokai-unyou-num-s37,総会運営：招集通知は規約で定めるの数値（S37）,区分所有法,総会;理事会,総会運営（試験頻出）の数値・要件を整理します。,招集通知は規約で定める,"[{""item"": ""数値"", ""value"": ""招集通知は規約で定める"", ""note"": ""試験頻出""}, {""item"": ""根拠"", ""value"": ""区分所有法等"", ""note"": ""条文確認""}, {""item"": ""主体"", ""value"": ""管理組合"", ""note"": ""管業は支援""}, {""item"": ""試験"", ""value"": ""混同肢"", ""note"": ""正誤確認""}, {""item"": ""確認"", ""value"": ""用語集"", ""note"": ""最新要項""}]",総会運営：招集通知は規約で定めるの数値（S37）｜管業,総会運営（試験頻出）の数値・要件を整理します。数値は条文・規約で確認してください。数値・日程・合格基準はマンション管理業協会（www.mankan.or.jp）の試験要項で必ずご確認ください。,招集通知は規約で定める;条文確認;決議と区別;試験の正誤肢に注意,数値固定暗記;管業が決定;決議混同;試験の正誤肢に注意,「招集通知は規約で定めるを確認」。,総会;理事会,数値の要点は？,総会運営（試験頻出）の数値・要件を整理します。条文・規約で最新を確認してください。管業試験では用語集と条文の対応づけが得点の鍵になります。最新の試験要項もあわせて確認してください。賃管試験では用語集と条文の対応づけが得点の鍵になります。最新の試験要項もあわせて確認してください。,試験の引っかけは？,普通・特別・建替え決議と混同しないでください。管業試験では用語集と条文の対応づけが得点の鍵になります。最新の試験要項もあわせて確認してください。賃管試験では用語集と条文の対応づけが得点の鍵になります。最新の試験要項もあわせて確認してください。,試験対策の進め方は？,数値一覧表を作成し、過去問を反復してください。管業試験では用語集と条文の対応づけが得点の鍵になります。最新の試験要項もあわせて確認してください。賃管試験では用語集と条文の対応づけが得点の鍵になります。最新の試験要項もあわせて確認してください。,確認先はどこですか？,区分所有法・適正化法・www.mankan.or.jpを参照してください。管業試験では用語集と条文の対応づけが得点の鍵になります。最新の試験要項もあわせて確認してください。賃管試験では用語集と条文の対応づけが得点の鍵になります。最新の試験要項もあわせて確認してください。
kanri-itaku-num-s37,管理委託：委託契約は組合が締結の数値（S37）,区分所有法,管理組合;管理費,管理委託（試験頻出）の数値・要件を整理します。,委託契約は組合が締結,"[{""item"": ""数値"", ""value"": ""委託契約は組合が締結"", ""note"": ""試験頻出""}, {""item"": ""根拠"", ""value"": ""区分所有法等"", ""note"": ""条文確認""}, {""item"": ""主体"", ""value"": ""管理組合"", ""note"": ""管業は支援""}, {""item"": ""試験"", ""value"": ""混同肢"", ""note"": ""正誤確認""}, {""item"": ""確認"", ""value"": ""用語集"", ""note"": ""最新要項""}]",管理委託：委託契約は組合が締結の数値（S37）｜管業,管理委託（試験頻出）の数値・要件を整理します。数値は条文・規約で確認してください。数値・日程・合格基準はマンション管理業協会（www.mankan.or.jp）の試験要項で必ずご確認ください。,委託契約は組合が締結;条文確認;決議と区別;試験の正誤肢に注意,数値固定暗記;管業が決定;決議混同;試験の正誤肢に注意,「委託契約は組合が締結を確認」。,管理組合;管理費,数値の要点は？,管理委託（試験頻出）の数値・要件を整理します。条文・規約で最新を確認してください。管業試験では用語集と条文の対応づけが得点の鍵になります。最新の試験要項もあわせて確認してください。賃管試験では用語集と条文の対応づけが得点の鍵になります。最新の試験要項もあわせて確認してください。,試験の引っかけは？,普通・特別・建替え決議と混同しないでください。管業試験では用語集と条文の対応づけが得点の鍵になります。最新の試験要項もあわせて確認してください。賃管試験では用語集と条文の対応づけが得点の鍵になります。最新の試験要項もあわせて確認してください。,試験対策の進め方は？,数値一覧表を作成し、過去問を反復してください。管業試験では用語集と条文の対応づけが得点の鍵になります。最新の試験要項もあわせて確認してください。賃管試験では用語集と条文の対応づけが得点の鍵になります。最新の試験要項もあわせて確認してください。,確認先はどこですか？,区分所有法・適正化法・www.mankan.or.jpを参照してください。管業試験では用語集と条文の対応づけが得点の鍵になります。最新の試験要項もあわせて確認してください。賃管試験では用語集と条文の対応づけが得点の鍵になります。最新の試験要項もあわせて確認してください。
tekiseika-hou-num-s37,適正化法：5年ごとに更新の数値（S37）,管理適正化法,管理業務主任者;更新登録,適正化法（試験頻出）の数値・要件を整理します。,5年ごとに更新（登録・要項）,"[{""item"": ""数値"", ""value"": ""5年ごとに更新"", ""note"": ""試験頻出""}, {""item"": ""根拠"", ""value"": ""区分所有法等"", ""note"": ""条文確認""}, {""item"": ""主体"", ""value"": ""管理組合"", ""note"": ""管業は支援""}, {""item"": ""試験"", ""value"": ""混同肢"", ""note"": ""正誤確認""}, {""item"": ""確認"", ""value"": ""用語集"", ""note"": ""最新要項""}]",適正化法：5年ごとに更新の数値（S37）｜管業,適正化法（試験頻出）の数値・要件を整理します。数値は条文・規約で確認してください。数値・日程・合格基準はマンション管理業協会（www.mankan.or.jp）の試験要項で必ずご確認ください。,5年ごとに更新（登録・要項）;条文確認;決議と区別;試験の正誤肢に注意,数値固定暗記;管業が決定;決議混同;試験の正誤肢に注意,「5年ごとに更新を確認」。,管理業務主任者;更新登録,数値の要点は？,適正化法（試験頻出）の数値・要件を整理します。条文・規約で最新を確認してください。管業試験では用語集と条文の対応づけが得点の鍵になります。最新の試験要項もあわせて確認してください。賃管試験では用語集と条文の対応づけが得点の鍵になります。最新の試験要項もあわせて確認してください。,試験の引っかけは？,普通・特別・建替え決議と混同しないでください。管業試験では用語集と条文の対応づけが得点の鍵になります。最新の試験要項もあわせて確認してください。賃管試験では用語集と条文の対応づけが得点の鍵になります。最新の試験要項もあわせて確認してください。,試験対策の進め方は？,数値一覧表を作成し、過去問を反復してください。管業試験では用語集と条文の対応づけが得点の鍵になります。最新の試験要項もあわせて確認してください。賃管試験では用語集と条文の対応づけが得点の鍵になります。最新の試験要項もあわせて確認してください。,確認先はどこですか？,区分所有法・適正化法・www.mankan.or.jpを参照してください。管業試験では用語集と条文の対応づけが得点の鍵になります。最新の試験要項もあわせて確認してください。賃管試験では用語集と条文の対応づけが得点の鍵になります。最新の試験要項もあわせて確認してください。
kubun-shoyu-num-s37,区分所有：床面積割合の数値（S37）,区分所有法,区分所有者;専有部分,区分所有（試験頻出）の数値・要件を整理します。,床面積割合（規約・目安）,"[{""item"": ""数値"", ""value"": ""床面積割合"", ""note"": ""試験頻出""}, {""item"": ""根拠"", ""value"": ""区分所有法等"", ""note"": ""条文確認""}, {""item"": ""主体"", ""value"": ""管理組合"", ""note"": ""管業は支援""}, {""item"": ""試験"", ""value"": ""混同肢"", ""note"": ""正誤確認""}, {""item"": ""確認"", ""value"": ""用語集"", ""note"": ""最新要項""}]",区分所有：床面積割合の数値（S37）｜管業,区分所有（試験頻出）の数値・要件を整理します。数値は条文・規約で確認してください。数値・日程・合格基準はマンション管理業協会（www.mankan.or.jp）の試験要項で必ずご確認ください。,床面積割合（規約・目安）;条文確認;決議と区別;試験の正誤肢に注意,数値固定暗記;管業が決定;決議混同;試験の正誤肢に注意,「床面積割合を確認」。,区分所有者;専有部分,数値の要点は？,区分所有（試験頻出）の数値・要件を整理します。条文・規約で最新を確認してください。管業試験では用語集と条文の対応づけが得点の鍵になります。最新の試験要項もあわせて確認してください。賃管試験では用語集と条文の対応づけが得点の鍵になります。最新の試験要項もあわせて確認してください。,試験の引っかけは？,普通・特別・建替え決議と混同しないでください。管業試験では用語集と条文の対応づけが得点の鍵になります。最新の試験要項もあわせて確認してください。賃管試験では用語集と条文の対応づけが得点の鍵になります。最新の試験要項もあわせて確認してください。,試験対策の進め方は？,数値一覧表を作成し、過去問を反復してください。管業試験では用語集と条文の対応づけが得点の鍵になります。最新の試験要項もあわせて確認してください。賃管試験では用語集と条文の対応づけが得点の鍵になります。最新の試験要項もあわせて確認してください。,確認先はどこですか？,区分所有法・適正化法・www.mankan.or.jpを参照してください。管業試験では用語集と条文の対応づけが得点の鍵になります。最新の試験要項もあわせて確認してください。賃管試験では用語集と条文の対応づけが得点の鍵になります。最新の試験要項もあわせて確認してください。
kanrinin-num-s37,管理員：一定規模以上の数値（S37）,管理適正化法,管理員;管理員の配置,管理員（試験頻出）の数値・要件を整理します。,一定規模以上（施行規則確認）,"[{""item"": ""数値"", ""value"": ""一定規模以上"", ""note"": ""試験頻出""}, {""item"": ""根拠"", ""value"": ""区分所有法等"", ""note"": ""条文確認""}, {""item"": ""主体"", ""value"": ""管理組合"", ""note"": ""管業は支援""}, {""item"": ""試験"", ""value"": ""混同肢"", ""note"": ""正誤確認""}, {""item"": ""確認"", ""value"": ""用語集"", ""note"": ""最新要項""}]",管理員：一定規模以上の数値（S37）｜管業,管理員（試験頻出）の数値・要件を整理します。数値は条文・規約で確認してください。数値・日程・合格基準はマンション管理業協会（www.mankan.or.jp）の試験要項で必ずご確認ください。,一定規模以上（施行規則確認）;条文確認;決議と区別;試験の正誤肢に注意,数値固定暗記;管業が決定;決議混同;試験の正誤肢に注意,「一定規模以上を確認」。,管理員;管理員の配置,数値の要点は？,管理員（試験頻出）の数値・要件を整理します。条文・規約で最新を確認してください。管業試験では用語集と条文の対応づけが得点の鍵になります。最新の試験要項もあわせて確認してください。賃管試験では用語集と条文の対応づけが得点の鍵になります。最新の試験要項もあわせて確認してください。,試験の引っかけは？,普通・特別・建替え決議と混同しないでください。管業試験では用語集と条文の対応づけが得点の鍵になります。最新の試験要項もあわせて確認してください。賃管試験では用語集と条文の対応づけが得点の鍵になります。最新の試験要項もあわせて確認してください。,試験対策の進め方は？,数値一覧表を作成し、過去問を反復してください。管業試験では用語集と条文の対応づけが得点の鍵になります。最新の試験要項もあわせて確認してください。賃管試験では用語集と条文の対応づけが得点の鍵になります。最新の試験要項もあわせて確認してください。,確認先はどこですか？,区分所有法・適正化法・www.mankan.or.jpを参照してください。管業試験では用語集と条文の対応づけが得点の鍵になります。最新の試験要項もあわせて確認してください。賃管試験では用語集と条文の対応づけが得点の鍵になります。最新の試験要項もあわせて確認してください。
kaikei-kansa-num-s37,会計監査：規約・実務で定めるの数値（S37）,区分所有法,監査;管理組合会計,会計監査（試験頻出）の数値・要件を整理します。,規約・実務で定める,"[{""item"": ""数値"", ""value"": ""規約・実務で定める"", ""note"": ""試験頻出""}, {""item"": ""根拠"", ""value"": ""区分所有法等"", ""note"": ""条文確認""}, {""item"": ""主体"", ""value"": ""管理組合"", ""note"": ""管業は支援""}, {""item"": ""試験"", ""value"": ""混同肢"", ""note"": ""正誤確認""}, {""item"": ""確認"", ""value"": ""用語集"", ""note"": ""最新要項""}]",会計監査：規約・実務で定めるの数値（S37）｜管業,会計監査（試験頻出）の数値・要件を整理します。数値は条文・規約で確認してください。数値・日程・合格基準はマンション管理業協会（www.mankan.or.jp）の試験要項で必ずご確認ください。,規約・実務で定める;条文確認;決議と区別;試験の正誤肢に注意,数値固定暗記;管業が決定;決議混同;試験の正誤肢に注意,「規約・実務で定めるを確認」。,監査;管理組合会計,数値の要点は？,会計監査（試験頻出）の数値・要件を整理します。条文・規約で最新を確認してください。管業試験では用語集と条文の対応づけが得点の鍵になります。最新の試験要項もあわせて確認してください。賃管試験では用語集と条文の対応づけが得点の鍵になります。最新の試験要項もあわせて確認してください。,試験の引っかけは？,普通・特別・建替え決議と混同しないでください。管業試験では用語集と条文の対応づけが得点の鍵になります。最新の試験要項もあわせて確認してください。賃管試験では用語集と条文の対応づけが得点の鍵になります。最新の試験要項もあわせて確認してください。,試験対策の進め方は？,数値一覧表を作成し、過去問を反復してください。管業試験では用語集と条文の対応づけが得点の鍵になります。最新の試験要項もあわせて確認してください。賃管試験では用語集と条文の対応づけが得点の鍵になります。最新の試験要項もあわせて確認してください。,確認先はどこですか？,区分所有法・適正化法・www.mankan.or.jpを参照してください。管業試験では用語集と条文の対応づけが得点の鍵になります。最新の試験要項もあわせて確認してください。賃管試験では用語集と条文の対応づけが得点の鍵になります。最新の試験要項もあわせて確認してください。
tatekae-num-s37,建替え：5分の4以上の数値（S37）,区分所有法,建替え;5分の4議決権,建替え（試験頻出）の数値・要件を整理します。,5分の4以上（建替え・条文確認）,"[{""item"": ""数値"", ""value"": ""5分の4以上"", ""note"": ""試験頻出""}, {""item"": ""根拠"", ""value"": ""区分所有法等"", ""note"": ""条文確認""}, {""item"": ""主体"", ""value"": ""管理組合"", ""note"": ""管業は支援""}, {""item"": ""試験"", ""value"": ""混同肢"", ""note"": ""正誤確認""}, {""item"": ""確認"", ""value"": ""用語集"", ""note"": ""最新要項""}]",建替え：5分の4以上の数値（S37）｜管業,建替え（試験頻出）の数値・要件を整理します。数値は条文・規約で確認してください。数値・日程・合格基準はマンション管理業協会（www.mankan.or.jp）の試験要項で必ずご確認ください。,5分の4以上（建替え・条文確認）;条文確認;決議と区別;試験の正誤肢に注意,数値固定暗記;管業が決定;決議混同;試験の正誤肢に注意,「5分の4以上を確認」。,建替え;5分の4議決権,数値の要点は？,建替え（試験頻出）の数値・要件を整理します。条文・規約で最新を確認してください。管業試験では用語集と条文の対応づけが得点の鍵になります。最新の試験要項もあわせて確認してください。賃管試験では用語集と条文の対応づけが得点の鍵になります。最新の試験要項もあわせて確認してください。,試験の引っかけは？,普通・特別・建替え決議と混同しないでください。管業試験では用語集と条文の対応づけが得点の鍵になります。最新の試験要項もあわせて確認してください。賃管試験では用語集と条文の対応づけが得点の鍵になります。最新の試験要項もあわせて確認してください。,試験対策の進め方は？,数値一覧表を作成し、過去問を反復してください。管業試験では用語集と条文の対応づけが得点の鍵になります。最新の試験要項もあわせて確認してください。賃管試験では用語集と条文の対応づけが得点の鍵になります。最新の試験要項もあわせて確認してください。,確認先はどこですか？,区分所有法・適正化法・www.mankan.or.jpを参照してください。管業試験では用語集と条文の対応づけが得点の鍵になります。最新の試験要項もあわせて確認してください。賃管試験では用語集と条文の対応づけが得点の鍵になります。最新の試験要項もあわせて確認してください。
kangyou-shiken-num-s37,管業試験：50問の数値（S37）,判例・横断総合,管理業務主任者試験;管理業務主任者,管業試験（試験頻出）の数値・要件を整理します。,50問（マークシート・要項確認）,"[{""item"": ""数値"", ""value"": ""50問"", ""note"": ""試験頻出""}, {""item"": ""根拠"", ""value"": ""区分所有法等"", ""note"": ""条文確認""}, {""item"": ""主体"", ""value"": ""管理組合"", ""note"": ""管業は支援""}, {""item"": ""試験"", ""value"": ""混同肢"", ""note"": ""正誤確認""}, {""item"": ""確認"", ""value"": ""用語集"", ""note"": ""最新要項""}]",管業試験：50問の数値（S37）｜管業,管業試験（試験頻出）の数値・要件を整理します。数値は条文・規約で確認してください。数値・日程・合格基準はマンション管理業協会（www.mankan.or.jp）の試験要項で必ずご確認ください。,50問（マークシート・要項確認）;条文確認;決議と区別;試験の正誤肢に注意,数値固定暗記;管業が決定;決議混同;試験の正誤肢に注意,「50問を確認」。（暗記用フレーズ）,管理業務主任者試験;管理業務主任者,数値の要点は？,管業試験（試験頻出）の数値・要件を整理します。条文・規約で最新を確認してください。管業試験では用語集と条文の対応づけが得点の鍵になります。最新の試験要項もあわせて確認してください。賃管試験では用語集と条文の対応づけが得点の鍵になります。最新の試験要項もあわせて確認してください。,試験の引っかけは？,普通・特別・建替え決議と混同しないでください。管業試験では用語集と条文の対応づけが得点の鍵になります。最新の試験要項もあわせて確認してください。賃管試験では用語集と条文の対応づけが得点の鍵になります。最新の試験要項もあわせて確認してください。,試験対策の進め方は？,数値一覧表を作成し、過去問を反復してください。管業試験では用語集と条文の対応づけが得点の鍵になります。最新の試験要項もあわせて確認してください。賃管試験では用語集と条文の対応づけが得点の鍵になります。最新の試験要項もあわせて確認してください。,確認先はどこですか？,区分所有法・適正化法・www.mankan.or.jpを参照してください。管業試験では用語集と条文の対応づけが得点の鍵になります。最新の試験要項もあわせて確認してください。賃管試験では用語集と条文の対応づけが得点の鍵になります。最新の試験要項もあわせて確認してください。
kumiai-unyou-num-s38,管理組合運営：組合の基本決定の数値（S38）,区分所有法,管理組合;管理者,管理組合運営（判例・ガイド）の数値・要件を整理します。,組合の基本決定（区分所有法）,"[{""item"": ""数値"", ""value"": ""組合の基本決定"", ""note"": ""試験頻出""}, {""item"": ""根拠"", ""value"": ""区分所有法等"", ""note"": ""条文確認""}, {""item"": ""主体"", ""value"": ""管理組合"", ""note"": ""管業は支援""}, {""item"": ""試験"", ""value"": ""混同肢"", ""note"": ""正誤確認""}, {""item"": ""確認"", ""value"": ""用語集"", ""note"": ""最新要項""}]",管理組合運営：組合の基本決定の数値（S38）｜管業,管理組合運営（判例・ガイド）の数値・要件を整理します。数値は条文・規約で確認してください。数値・日程・合格基準はマンション管理業協会（www.mankan.or.jp）の試験要項で必ずご確認ください。,組合の基本決定（区分所有法）;条文確認;決議と区別;試験の正誤肢に注意,数値固定暗記;管業が決定;決議混同;試験の正誤肢に注意,「組合の基本決定を確認」。,管理組合;管理者,数値の要点は？,管理組合運営（判例・ガイド）の数値・要件を整理します。条文・規約で最新を確認してください。管業試験では用語集と条文の対応づけが得点の鍵になります。最新の試験要項もあわせて確認してください。賃管試験では用語集と条文の対応づけが得点の鍵になります。最新の試験要項もあわせて確認してください。,試験の引っかけは？,普通・特別・建替え決議と混同しないでください。管業試験では用語集と条文の対応づけが得点の鍵になります。最新の試験要項もあわせて確認してください。賃管試験では用語集と条文の対応づけが得点の鍵になります。最新の試験要項もあわせて確認してください。,試験対策の進め方は？,数値一覧表を作成し、過去問を反復してください。管業試験では用語集と条文の対応づけが得点の鍵になります。最新の試験要項もあわせて確認してください。賃管試験では用語集と条文の対応づけが得点の鍵になります。最新の試験要項もあわせて確認してください。,確認先はどこですか？,区分所有法・適正化法・www.mankan.or.jpを参照してください。管業試験では用語集と条文の対応づけが得点の鍵になります。最新の試験要項もあわせて確認してください。賃管試験では用語集と条文の対応づけが得点の鍵になります。最新の試験要項もあわせて確認してください。
shuzen-tumitate-num-s38,修繕積立：12年目安の数値（S38）,区分所有法,修繕積立金;長期修繕計画,修繕積立（判例・ガイド）の数値・要件を整理します。,12年目安（見直し・ガイド）,"[{""item"": ""数値"", ""value"": ""12年目安"", ""note"": ""試験頻出""}, {""item"": ""根拠"", ""value"": ""区分所有法等"", ""note"": ""条文確認""}, {""item"": ""主体"", ""value"": ""管理組合"", ""note"": ""管業は支援""}, {""item"": ""試験"", ""value"": ""混同肢"", ""note"": ""正誤確認""}, {""item"": ""確認"", ""value"": ""用語集"", ""note"": ""最新要項""}]",修繕積立：12年目安の数値（S38）｜管業,修繕積立（判例・ガイド）の数値・要件を整理します。数値は条文・規約で確認してください。数値・日程・合格基準はマンション管理業協会（www.mankan.or.jp）の試験要項で必ずご確認ください。,12年目安（見直し・ガイド）;条文確認;決議と区別;試験の正誤肢に注意,数値固定暗記;管業が決定;決議混同;試験の正誤肢に注意,「12年目安を確認」。,修繕積立金;長期修繕計画,数値の要点は？,修繕積立（判例・ガイド）の数値・要件を整理します。条文・規約で最新を確認してください。管業試験では用語集と条文の対応づけが得点の鍵になります。最新の試験要項もあわせて確認してください。賃管試験では用語集と条文の対応づけが得点の鍵になります。最新の試験要項もあわせて確認してください。,試験の引っかけは？,普通・特別・建替え決議と混同しないでください。管業試験では用語集と条文の対応づけが得点の鍵になります。最新の試験要項もあわせて確認してください。賃管試験では用語集と条文の対応づけが得点の鍵になります。最新の試験要項もあわせて確認してください。,試験対策の進め方は？,数値一覧表を作成し、過去問を反復してください。管業試験では用語集と条文の対応づけが得点の鍵になります。最新の試験要項もあわせて確認してください。賃管試験では用語集と条文の対応づけが得点の鍵になります。最新の試験要項もあわせて確認してください。,確認先はどこですか？,区分所有法・適正化法・www.mankan.or.jpを参照してください。管業試験では用語集と条文の対応づけが得点の鍵になります。最新の試験要項もあわせて確認してください。賃管試験では用語集と条文の対応づけが得点の鍵になります。最新の試験要項もあわせて確認してください。
sokai-unyou-num-s38,総会運営：招集通知は規約で定めるの数値（S38）,区分所有法,総会;理事会,総会運営（判例・ガイド）の数値・要件を整理します。,招集通知は規約で定める,"[{""item"": ""数値"", ""value"": ""招集通知は規約で定める"", ""note"": ""試験頻出""}, {""item"": ""根拠"", ""value"": ""区分所有法等"", ""note"": ""条文確認""}, {""item"": ""主体"", ""value"": ""管理組合"", ""note"": ""管業は支援""}, {""item"": ""試験"", ""value"": ""混同肢"", ""note"": ""正誤確認""}, {""item"": ""確認"", ""value"": ""用語集"", ""note"": ""最新要項""}]",総会運営：招集通知は規約で定めるの数値（S38）｜管業,総会運営（判例・ガイド）の数値・要件を整理します。数値は条文・規約で確認してください。数値・日程・合格基準はマンション管理業協会（www.mankan.or.jp）の試験要項で必ずご確認ください。,招集通知は規約で定める;条文確認;決議と区別;試験の正誤肢に注意,数値固定暗記;管業が決定;決議混同;試験の正誤肢に注意,「招集通知は規約で定めるを確認」。,総会;理事会,数値の要点は？,総会運営（判例・ガイド）の数値・要件を整理します。条文・規約で最新を確認してください。管業試験では用語集と条文の対応づけが得点の鍵になります。最新の試験要項もあわせて確認してください。賃管試験では用語集と条文の対応づけが得点の鍵になります。最新の試験要項もあわせて確認してください。,試験の引っかけは？,普通・特別・建替え決議と混同しないでください。管業試験では用語集と条文の対応づけが得点の鍵になります。最新の試験要項もあわせて確認してください。賃管試験では用語集と条文の対応づけが得点の鍵になります。最新の試験要項もあわせて確認してください。,試験対策の進め方は？,数値一覧表を作成し、過去問を反復してください。管業試験では用語集と条文の対応づけが得点の鍵になります。最新の試験要項もあわせて確認してください。賃管試験では用語集と条文の対応づけが得点の鍵になります。最新の試験要項もあわせて確認してください。,確認先はどこですか？,区分所有法・適正化法・www.mankan.or.jpを参照してください。管業試験では用語集と条文の対応づけが得点の鍵になります。最新の試験要項もあわせて確認してください。賃管試験では用語集と条文の対応づけが得点の鍵になります。最新の試験要項もあわせて確認してください。
kanri-itaku-num-s38,管理委託：委託契約は組合が締結の数値（S38）,区分所有法,管理組合;管理費,管理委託（判例・ガイド）の数値・要件を整理します。,委託契約は組合が締結,"[{""item"": ""数値"", ""value"": ""委託契約は組合が締結"", ""note"": ""試験頻出""}, {""item"": ""根拠"", ""value"": ""区分所有法等"", ""note"": ""条文確認""}, {""item"": ""主体"", ""value"": ""管理組合"", ""note"": ""管業は支援""}, {""item"": ""試験"", ""value"": ""混同肢"", ""note"": ""正誤確認""}, {""item"": ""確認"", ""value"": ""用語集"", ""note"": ""最新要項""}]",管理委託：委託契約は組合が締結の数値（S38）｜管業,管理委託（判例・ガイド）の数値・要件を整理します。数値は条文・規約で確認してください。数値・日程・合格基準はマンション管理業協会（www.mankan.or.jp）の試験要項で必ずご確認ください。,委託契約は組合が締結;条文確認;決議と区別;試験の正誤肢に注意,数値固定暗記;管業が決定;決議混同;試験の正誤肢に注意,「委託契約は組合が締結を確認」。,管理組合;管理費,数値の要点は？,管理委託（判例・ガイド）の数値・要件を整理します。条文・規約で最新を確認してください。管業試験では用語集と条文の対応づけが得点の鍵になります。最新の試験要項もあわせて確認してください。賃管試験では用語集と条文の対応づけが得点の鍵になります。最新の試験要項もあわせて確認してください。,試験の引っかけは？,普通・特別・建替え決議と混同しないでください。管業試験では用語集と条文の対応づけが得点の鍵になります。最新の試験要項もあわせて確認してください。賃管試験では用語集と条文の対応づけが得点の鍵になります。最新の試験要項もあわせて確認してください。,試験対策の進め方は？,数値一覧表を作成し、過去問を反復してください。管業試験では用語集と条文の対応づけが得点の鍵になります。最新の試験要項もあわせて確認してください。賃管試験では用語集と条文の対応づけが得点の鍵になります。最新の試験要項もあわせて確認してください。,確認先はどこですか？,区分所有法・適正化法・www.mankan.or.jpを参照してください。管業試験では用語集と条文の対応づけが得点の鍵になります。最新の試験要項もあわせて確認してください。賃管試験では用語集と条文の対応づけが得点の鍵になります。最新の試験要項もあわせて確認してください。
tekiseika-hou-num-s38,適正化法：5年ごとに更新の数値（S38）,管理適正化法,管理業務主任者;更新登録,適正化法（判例・ガイド）の数値・要件を整理します。,5年ごとに更新（登録・要項）,"[{""item"": ""数値"", ""value"": ""5年ごとに更新"", ""note"": ""試験頻出""}, {""item"": ""根拠"", ""value"": ""区分所有法等"", ""note"": ""条文確認""}, {""item"": ""主体"", ""value"": ""管理組合"", ""note"": ""管業は支援""}, {""item"": ""試験"", ""value"": ""混同肢"", ""note"": ""正誤確認""}, {""item"": ""確認"", ""value"": ""用語集"", ""note"": ""最新要項""}]",適正化法：5年ごとに更新の数値（S38）｜管業,適正化法（判例・ガイド）の数値・要件を整理します。数値は条文・規約で確認してください。数値・日程・合格基準はマンション管理業協会（www.mankan.or.jp）の試験要項で必ずご確認ください。,5年ごとに更新（登録・要項）;条文確認;決議と区別;試験の正誤肢に注意,数値固定暗記;管業が決定;決議混同;試験の正誤肢に注意,「5年ごとに更新を確認」。,管理業務主任者;更新登録,数値の要点は？,適正化法（判例・ガイド）の数値・要件を整理します。条文・規約で最新を確認してください。管業試験では用語集と条文の対応づけが得点の鍵になります。最新の試験要項もあわせて確認してください。賃管試験では用語集と条文の対応づけが得点の鍵になります。最新の試験要項もあわせて確認してください。,試験の引っかけは？,普通・特別・建替え決議と混同しないでください。管業試験では用語集と条文の対応づけが得点の鍵になります。最新の試験要項もあわせて確認してください。賃管試験では用語集と条文の対応づけが得点の鍵になります。最新の試験要項もあわせて確認してください。,試験対策の進め方は？,数値一覧表を作成し、過去問を反復してください。管業試験では用語集と条文の対応づけが得点の鍵になります。最新の試験要項もあわせて確認してください。賃管試験では用語集と条文の対応づけが得点の鍵になります。最新の試験要項もあわせて確認してください。,確認先はどこですか？,区分所有法・適正化法・www.mankan.or.jpを参照してください。管業試験では用語集と条文の対応づけが得点の鍵になります。最新の試験要項もあわせて確認してください。賃管試験では用語集と条文の対応づけが得点の鍵になります。最新の試験要項もあわせて確認してください。
kubun-shoyu-num-s38,区分所有：床面積割合の数値（S38）,区分所有法,区分所有者;専有部分,区分所有（判例・ガイド）の数値・要件を整理します。,床面積割合（規約・目安）,"[{""item"": ""数値"", ""value"": ""床面積割合"", ""note"": ""試験頻出""}, {""item"": ""根拠"", ""value"": ""区分所有法等"", ""note"": ""条文確認""}, {""item"": ""主体"", ""value"": ""管理組合"", ""note"": ""管業は支援""}, {""item"": ""試験"", ""value"": ""混同肢"", ""note"": ""正誤確認""}, {""item"": ""確認"", ""value"": ""用語集"", ""note"": ""最新要項""}]",区分所有：床面積割合の数値（S38）｜管業,区分所有（判例・ガイド）の数値・要件を整理します。数値は条文・規約で確認してください。数値・日程・合格基準はマンション管理業協会（www.mankan.or.jp）の試験要項で必ずご確認ください。,床面積割合（規約・目安）;条文確認;決議と区別;試験の正誤肢に注意,数値固定暗記;管業が決定;決議混同;試験の正誤肢に注意,「床面積割合を確認」。,区分所有者;専有部分,数値の要点は？,区分所有（判例・ガイド）の数値・要件を整理します。条文・規約で最新を確認してください。管業試験では用語集と条文の対応づけが得点の鍵になります。最新の試験要項もあわせて確認してください。賃管試験では用語集と条文の対応づけが得点の鍵になります。最新の試験要項もあわせて確認してください。,試験の引っかけは？,普通・特別・建替え決議と混同しないでください。管業試験では用語集と条文の対応づけが得点の鍵になります。最新の試験要項もあわせて確認してください。賃管試験では用語集と条文の対応づけが得点の鍵になります。最新の試験要項もあわせて確認してください。,試験対策の進め方は？,数値一覧表を作成し、過去問を反復してください。管業試験では用語集と条文の対応づけが得点の鍵になります。最新の試験要項もあわせて確認してください。賃管試験では用語集と条文の対応づけが得点の鍵になります。最新の試験要項もあわせて確認してください。,確認先はどこですか？,区分所有法・適正化法・www.mankan.or.jpを参照してください。管業試験では用語集と条文の対応づけが得点の鍵になります。最新の試験要項もあわせて確認してください。賃管試験では用語集と条文の対応づけが得点の鍵になります。最新の試験要項もあわせて確認してください。
kanrinin-num-s38,管理員：一定規模以上の数値（S38）,管理適正化法,管理員;管理員の配置,管理員（判例・ガイド）の数値・要件を整理します。,一定規模以上（施行規則確認）,"[{""item"": ""数値"", ""value"": ""一定規模以上"", ""note"": ""試験頻出""}, {""item"": ""根拠"", ""value"": ""区分所有法等"", ""note"": ""条文確認""}, {""item"": ""主体"", ""value"": ""管理組合"", ""note"": ""管業は支援""}, {""item"": ""試験"", ""value"": ""混同肢"", ""note"": ""正誤確認""}, {""item"": ""確認"", ""value"": ""用語集"", ""note"": ""最新要項""}]",管理員：一定規模以上の数値（S38）｜管業,管理員（判例・ガイド）の数値・要件を整理します。数値は条文・規約で確認してください。数値・日程・合格基準はマンション管理業協会（www.mankan.or.jp）の試験要項で必ずご確認ください。,一定規模以上（施行規則確認）;条文確認;決議と区別;試験の正誤肢に注意,数値固定暗記;管業が決定;決議混同;試験の正誤肢に注意,「一定規模以上を確認」。,管理員;管理員の配置,数値の要点は？,管理員（判例・ガイド）の数値・要件を整理します。条文・規約で最新を確認してください。管業試験では用語集と条文の対応づけが得点の鍵になります。最新の試験要項もあわせて確認してください。賃管試験では用語集と条文の対応づけが得点の鍵になります。最新の試験要項もあわせて確認してください。,試験の引っかけは？,普通・特別・建替え決議と混同しないでください。管業試験では用語集と条文の対応づけが得点の鍵になります。最新の試験要項もあわせて確認してください。賃管試験では用語集と条文の対応づけが得点の鍵になります。最新の試験要項もあわせて確認してください。,試験対策の進め方は？,数値一覧表を作成し、過去問を反復してください。管業試験では用語集と条文の対応づけが得点の鍵になります。最新の試験要項もあわせて確認してください。賃管試験では用語集と条文の対応づけが得点の鍵になります。最新の試験要項もあわせて確認してください。,確認先はどこですか？,区分所有法・適正化法・www.mankan.or.jpを参照してください。管業試験では用語集と条文の対応づけが得点の鍵になります。最新の試験要項もあわせて確認してください。賃管試験では用語集と条文の対応づけが得点の鍵になります。最新の試験要項もあわせて確認してください。
kaikei-kansa-num-s38,会計監査：規約・実務で定めるの数値（S38）,区分所有法,監査;管理組合会計,会計監査（判例・ガイド）の数値・要件を整理します。,規約・実務で定める,"[{""item"": ""数値"", ""value"": ""規約・実務で定める"", ""note"": ""試験頻出""}, {""item"": ""根拠"", ""value"": ""区分所有法等"", ""note"": ""条文確認""}, {""item"": ""主体"", ""value"": ""管理組合"", ""note"": ""管業は支援""}, {""item"": ""試験"", ""value"": ""混同肢"", ""note"": ""正誤確認""}, {""item"": ""確認"", ""value"": ""用語集"", ""note"": ""最新要項""}]",会計監査：規約・実務で定めるの数値（S38）｜管業,会計監査（判例・ガイド）の数値・要件を整理します。数値は条文・規約で確認してください。数値・日程・合格基準はマンション管理業協会（www.mankan.or.jp）の試験要項で必ずご確認ください。,規約・実務で定める;条文確認;決議と区別;試験の正誤肢に注意,数値固定暗記;管業が決定;決議混同;試験の正誤肢に注意,「規約・実務で定めるを確認」。,監査;管理組合会計,数値の要点は？,会計監査（判例・ガイド）の数値・要件を整理します。条文・規約で最新を確認してください。管業試験では用語集と条文の対応づけが得点の鍵になります。最新の試験要項もあわせて確認してください。賃管試験では用語集と条文の対応づけが得点の鍵になります。最新の試験要項もあわせて確認してください。,試験の引っかけは？,普通・特別・建替え決議と混同しないでください。管業試験では用語集と条文の対応づけが得点の鍵になります。最新の試験要項もあわせて確認してください。賃管試験では用語集と条文の対応づけが得点の鍵になります。最新の試験要項もあわせて確認してください。,試験対策の進め方は？,数値一覧表を作成し、過去問を反復してください。管業試験では用語集と条文の対応づけが得点の鍵になります。最新の試験要項もあわせて確認してください。賃管試験では用語集と条文の対応づけが得点の鍵になります。最新の試験要項もあわせて確認してください。,確認先はどこですか？,区分所有法・適正化法・www.mankan.or.jpを参照してください。管業試験では用語集と条文の対応づけが得点の鍵になります。最新の試験要項もあわせて確認してください。賃管試験では用語集と条文の対応づけが得点の鍵になります。最新の試験要項もあわせて確認してください。
tatekae-num-s38,建替え：5分の4以上の数値（S38）,区分所有法,建替え;5分の4議決権,建替え（判例・ガイド）の数値・要件を整理します。,5分の4以上（建替え・条文確認）,"[{""item"": ""数値"", ""value"": ""5分の4以上"", ""note"": ""試験頻出""}, {""item"": ""根拠"", ""value"": ""区分所有法等"", ""note"": ""条文確認""}, {""item"": ""主体"", ""value"": ""管理組合"", ""note"": ""管業は支援""}, {""item"": ""試験"", ""value"": ""混同肢"", ""note"": ""正誤確認""}, {""item"": ""確認"", ""value"": ""用語集"", ""note"": ""最新要項""}]",建替え：5分の4以上の数値（S38）｜管業,建替え（判例・ガイド）の数値・要件を整理します。数値は条文・規約で確認してください。数値・日程・合格基準はマンション管理業協会（www.mankan.or.jp）の試験要項で必ずご確認ください。,5分の4以上（建替え・条文確認）;条文確認;決議と区別;試験の正誤肢に注意,数値固定暗記;管業が決定;決議混同;試験の正誤肢に注意,「5分の4以上を確認」。,建替え;5分の4議決権,数値の要点は？,建替え（判例・ガイド）の数値・要件を整理します。条文・規約で最新を確認してください。管業試験では用語集と条文の対応づけが得点の鍵になります。最新の試験要項もあわせて確認してください。賃管試験では用語集と条文の対応づけが得点の鍵になります。最新の試験要項もあわせて確認してください。,試験の引っかけは？,普通・特別・建替え決議と混同しないでください。管業試験では用語集と条文の対応づけが得点の鍵になります。最新の試験要項もあわせて確認してください。賃管試験では用語集と条文の対応づけが得点の鍵になります。最新の試験要項もあわせて確認してください。,試験対策の進め方は？,数値一覧表を作成し、過去問を反復してください。管業試験では用語集と条文の対応づけが得点の鍵になります。最新の試験要項もあわせて確認してください。賃管試験では用語集と条文の対応づけが得点の鍵になります。最新の試験要項もあわせて確認してください。,確認先はどこですか？,区分所有法・適正化法・www.mankan.or.jpを参照してください。管業試験では用語集と条文の対応づけが得点の鍵になります。最新の試験要項もあわせて確認してください。賃管試験では用語集と条文の対応づけが得点の鍵になります。最新の試験要項もあわせて確認してください。
kangyou-shiken-num-s38,管業試験：50問の数値（S38）,判例・横断総合,管理業務主任者試験;管理業務主任者,管業試験（判例・ガイド）の数値・要件を整理します。,50問（マークシート・要項確認）,"[{""item"": ""数値"", ""value"": ""50問"", ""note"": ""試験頻出""}, {""item"": ""根拠"", ""value"": ""区分所有法等"", ""note"": ""条文確認""}, {""item"": ""主体"", ""value"": ""管理組合"", ""note"": ""管業は支援""}, {""item"": ""試験"", ""value"": ""混同肢"", ""note"": ""正誤確認""}, {""item"": ""確認"", ""value"": ""用語集"", ""note"": ""最新要項""}]",管業試験：50問の数値（S38）｜管業,管業試験（判例・ガイド）の数値・要件を整理します。数値は条文・規約で確認してください。数値・日程・合格基準はマンション管理業協会（www.mankan.or.jp）の試験要項で必ずご確認ください。,50問（マークシート・要項確認）;条文確認;決議と区別;試験の正誤肢に注意,数値固定暗記;管業が決定;決議混同;試験の正誤肢に注意,「50問を確認」。（暗記用フレーズ）,管理業務主任者試験;管理業務主任者,数値の要点は？,管業試験（判例・ガイド）の数値・要件を整理します。条文・規約で最新を確認してください。管業試験では用語集と条文の対応づけが得点の鍵になります。最新の試験要項もあわせて確認してください。賃管試験では用語集と条文の対応づけが得点の鍵になります。最新の試験要項もあわせて確認してください。,試験の引っかけは？,普通・特別・建替え決議と混同しないでください。管業試験では用語集と条文の対応づけが得点の鍵になります。最新の試験要項もあわせて確認してください。賃管試験では用語集と条文の対応づけが得点の鍵になります。最新の試験要項もあわせて確認してください。,試験対策の進め方は？,数値一覧表を作成し、過去問を反復してください。管業試験では用語集と条文の対応づけが得点の鍵になります。最新の試験要項もあわせて確認してください。賃管試験では用語集と条文の対応づけが得点の鍵になります。最新の試験要項もあわせて確認してください。,確認先はどこですか？,区分所有法・適正化法・www.mankan.or.jpを参照してください。管業試験では用語集と条文の対応づけが得点の鍵になります。最新の試験要項もあわせて確認してください。賃管試験では用語集と条文の対応づけが得点の鍵になります。最新の試験要項もあわせて確認してください。
kumiai-unyou-num-s39,管理組合運営：組合の基本決定の数値（S39）,区分所有法,管理組合;管理者,管理組合運営（横断総合）の数値・要件を整理します。,組合の基本決定（区分所有法）,"[{""item"": ""数値"", ""value"": ""組合の基本決定"", ""note"": ""試験頻出""}, {""item"": ""根拠"", ""value"": ""区分所有法等"", ""note"": ""条文確認""}, {""item"": ""主体"", ""value"": ""管理組合"", ""note"": ""管業は支援""}, {""item"": ""試験"", ""value"": ""混同肢"", ""note"": ""正誤確認""}, {""item"": ""確認"", ""value"": ""用語集"", ""note"": ""最新要項""}]",管理組合運営：組合の基本決定の数値（S39）｜管業,管理組合運営（横断総合）の数値・要件を整理します。数値は条文・規約で確認してください。数値・日程・合格基準はマンション管理業協会（www.mankan.or.jp）の試験要項で必ずご確認ください。,組合の基本決定（区分所有法）;条文確認;決議と区別;試験の正誤肢に注意,数値固定暗記;管業が決定;決議混同;試験の正誤肢に注意,「組合の基本決定を確認」。,管理組合;管理者,数値の要点は？,管理組合運営（横断総合）の数値・要件を整理します。条文・規約で最新を確認してください。管業試験では用語集と条文の対応づけが得点の鍵になります。最新の試験要項もあわせて確認してください。賃管試験では用語集と条文の対応づけが得点の鍵になります。最新の試験要項もあわせて確認してください。,試験の引っかけは？,普通・特別・建替え決議と混同しないでください。管業試験では用語集と条文の対応づけが得点の鍵になります。最新の試験要項もあわせて確認してください。賃管試験では用語集と条文の対応づけが得点の鍵になります。最新の試験要項もあわせて確認してください。,試験対策の進め方は？,数値一覧表を作成し、過去問を反復してください。管業試験では用語集と条文の対応づけが得点の鍵になります。最新の試験要項もあわせて確認してください。賃管試験では用語集と条文の対応づけが得点の鍵になります。最新の試験要項もあわせて確認してください。,確認先はどこですか？,区分所有法・適正化法・www.mankan.or.jpを参照してください。管業試験では用語集と条文の対応づけが得点の鍵になります。最新の試験要項もあわせて確認してください。賃管試験では用語集と条文の対応づけが得点の鍵になります。最新の試験要項もあわせて確認してください。
shuzen-tumitate-num-s39,修繕積立：12年目安の数値（S39）,区分所有法,修繕積立金;長期修繕計画,修繕積立（横断総合）の数値・要件を整理します。,12年目安（見直し・ガイド）,"[{""item"": ""数値"", ""value"": ""12年目安"", ""note"": ""試験頻出""}, {""item"": ""根拠"", ""value"": ""区分所有法等"", ""note"": ""条文確認""}, {""item"": ""主体"", ""value"": ""管理組合"", ""note"": ""管業は支援""}, {""item"": ""試験"", ""value"": ""混同肢"", ""note"": ""正誤確認""}, {""item"": ""確認"", ""value"": ""用語集"", ""note"": ""最新要項""}]",修繕積立：12年目安の数値（S39）｜管業,修繕積立（横断総合）の数値・要件を整理します。数値は条文・規約で確認してください。数値・日程・合格基準はマンション管理業協会（www.mankan.or.jp）の試験要項で必ずご確認ください。,12年目安（見直し・ガイド）;条文確認;決議と区別;試験の正誤肢に注意,数値固定暗記;管業が決定;決議混同;試験の正誤肢に注意,「12年目安を確認」。,修繕積立金;長期修繕計画,数値の要点は？,修繕積立（横断総合）の数値・要件を整理します。条文・規約で最新を確認してください。管業試験では用語集と条文の対応づけが得点の鍵になります。最新の試験要項もあわせて確認してください。賃管試験では用語集と条文の対応づけが得点の鍵になります。最新の試験要項もあわせて確認してください。,試験の引っかけは？,普通・特別・建替え決議と混同しないでください。管業試験では用語集と条文の対応づけが得点の鍵になります。最新の試験要項もあわせて確認してください。賃管試験では用語集と条文の対応づけが得点の鍵になります。最新の試験要項もあわせて確認してください。,試験対策の進め方は？,数値一覧表を作成し、過去問を反復してください。管業試験では用語集と条文の対応づけが得点の鍵になります。最新の試験要項もあわせて確認してください。賃管試験では用語集と条文の対応づけが得点の鍵になります。最新の試験要項もあわせて確認してください。,確認先はどこですか？,区分所有法・適正化法・www.mankan.or.jpを参照してください。管業試験では用語集と条文の対応づけが得点の鍵になります。最新の試験要項もあわせて確認してください。賃管試験では用語集と条文の対応づけが得点の鍵になります。最新の試験要項もあわせて確認してください。
sokai-unyou-num-s39,総会運営：招集通知は規約で定めるの数値（S39）,区分所有法,総会;理事会,総会運営（横断総合）の数値・要件を整理します。,招集通知は規約で定める,"[{""item"": ""数値"", ""value"": ""招集通知は規約で定める"", ""note"": ""試験頻出""}, {""item"": ""根拠"", ""value"": ""区分所有法等"", ""note"": ""条文確認""}, {""item"": ""主体"", ""value"": ""管理組合"", ""note"": ""管業は支援""}, {""item"": ""試験"", ""value"": ""混同肢"", ""note"": ""正誤確認""}, {""item"": ""確認"", ""value"": ""用語集"", ""note"": ""最新要項""}]",総会運営：招集通知は規約で定めるの数値（S39）｜管業,総会運営（横断総合）の数値・要件を整理します。数値は条文・規約で確認してください。数値・日程・合格基準はマンション管理業協会（www.mankan.or.jp）の試験要項で必ずご確認ください。,招集通知は規約で定める;条文確認;決議と区別;試験の正誤肢に注意,数値固定暗記;管業が決定;決議混同;試験の正誤肢に注意,「招集通知は規約で定めるを確認」。,総会;理事会,数値の要点は？,総会運営（横断総合）の数値・要件を整理します。条文・規約で最新を確認してください。管業試験では用語集と条文の対応づけが得点の鍵になります。最新の試験要項もあわせて確認してください。賃管試験では用語集と条文の対応づけが得点の鍵になります。最新の試験要項もあわせて確認してください。,試験の引っかけは？,普通・特別・建替え決議と混同しないでください。管業試験では用語集と条文の対応づけが得点の鍵になります。最新の試験要項もあわせて確認してください。賃管試験では用語集と条文の対応づけが得点の鍵になります。最新の試験要項もあわせて確認してください。,試験対策の進め方は？,数値一覧表を作成し、過去問を反復してください。管業試験では用語集と条文の対応づけが得点の鍵になります。最新の試験要項もあわせて確認してください。賃管試験では用語集と条文の対応づけが得点の鍵になります。最新の試験要項もあわせて確認してください。,確認先はどこですか？,区分所有法・適正化法・www.mankan.or.jpを参照してください。管業試験では用語集と条文の対応づけが得点の鍵になります。最新の試験要項もあわせて確認してください。賃管試験では用語集と条文の対応づけが得点の鍵になります。最新の試験要項もあわせて確認してください。
kanri-itaku-num-s39,管理委託：委託契約は組合が締結の数値（S39）,区分所有法,管理組合;管理費,管理委託（横断総合）の数値・要件を整理します。,委託契約は組合が締結,"[{""item"": ""数値"", ""value"": ""委託契約は組合が締結"", ""note"": ""試験頻出""}, {""item"": ""根拠"", ""value"": ""区分所有法等"", ""note"": ""条文確認""}, {""item"": ""主体"", ""value"": ""管理組合"", ""note"": ""管業は支援""}, {""item"": ""試験"", ""value"": ""混同肢"", ""note"": ""正誤確認""}, {""item"": ""確認"", ""value"": ""用語集"", ""note"": ""最新要項""}]",管理委託：委託契約は組合が締結の数値（S39）｜管業,管理委託（横断総合）の数値・要件を整理します。数値は条文・規約で確認してください。数値・日程・合格基準はマンション管理業協会（www.mankan.or.jp）の試験要項で必ずご確認ください。,委託契約は組合が締結;条文確認;決議と区別;試験の正誤肢に注意,数値固定暗記;管業が決定;決議混同;試験の正誤肢に注意,「委託契約は組合が締結を確認」。,管理組合;管理費,数値の要点は？,管理委託（横断総合）の数値・要件を整理します。条文・規約で最新を確認してください。管業試験では用語集と条文の対応づけが得点の鍵になります。最新の試験要項もあわせて確認してください。賃管試験では用語集と条文の対応づけが得点の鍵になります。最新の試験要項もあわせて確認してください。,試験の引っかけは？,普通・特別・建替え決議と混同しないでください。管業試験では用語集と条文の対応づけが得点の鍵になります。最新の試験要項もあわせて確認してください。賃管試験では用語集と条文の対応づけが得点の鍵になります。最新の試験要項もあわせて確認してください。,試験対策の進め方は？,数値一覧表を作成し、過去問を反復してください。管業試験では用語集と条文の対応づけが得点の鍵になります。最新の試験要項もあわせて確認してください。賃管試験では用語集と条文の対応づけが得点の鍵になります。最新の試験要項もあわせて確認してください。,確認先はどこですか？,区分所有法・適正化法・www.mankan.or.jpを参照してください。管業試験では用語集と条文の対応づけが得点の鍵になります。最新の試験要項もあわせて確認してください。賃管試験では用語集と条文の対応づけが得点の鍵になります。最新の試験要項もあわせて確認してください。
tekiseika-hou-num-s39,適正化法：5年ごとに更新の数値（S39）,管理適正化法,管理業務主任者;更新登録,適正化法（横断総合）の数値・要件を整理します。,5年ごとに更新（登録・要項）,"[{""item"": ""数値"", ""value"": ""5年ごとに更新"", ""note"": ""試験頻出""}, {""item"": ""根拠"", ""value"": ""区分所有法等"", ""note"": ""条文確認""}, {""item"": ""主体"", ""value"": ""管理組合"", ""note"": ""管業は支援""}, {""item"": ""試験"", ""value"": ""混同肢"", ""note"": ""正誤確認""}, {""item"": ""確認"", ""value"": ""用語集"", ""note"": ""最新要項""}]",適正化法：5年ごとに更新の数値（S39）｜管業,適正化法（横断総合）の数値・要件を整理します。数値は条文・規約で確認してください。数値・日程・合格基準はマンション管理業協会（www.mankan.or.jp）の試験要項で必ずご確認ください。,5年ごとに更新（登録・要項）;条文確認;決議と区別;試験の正誤肢に注意,数値固定暗記;管業が決定;決議混同;試験の正誤肢に注意,「5年ごとに更新を確認」。,管理業務主任者;更新登録,数値の要点は？,適正化法（横断総合）の数値・要件を整理します。条文・規約で最新を確認してください。管業試験では用語集と条文の対応づけが得点の鍵になります。最新の試験要項もあわせて確認してください。賃管試験では用語集と条文の対応づけが得点の鍵になります。最新の試験要項もあわせて確認してください。,試験の引っかけは？,普通・特別・建替え決議と混同しないでください。管業試験では用語集と条文の対応づけが得点の鍵になります。最新の試験要項もあわせて確認してください。賃管試験では用語集と条文の対応づけが得点の鍵になります。最新の試験要項もあわせて確認してください。,試験対策の進め方は？,数値一覧表を作成し、過去問を反復してください。管業試験では用語集と条文の対応づけが得点の鍵になります。最新の試験要項もあわせて確認してください。賃管試験では用語集と条文の対応づけが得点の鍵になります。最新の試験要項もあわせて確認してください。,確認先はどこですか？,区分所有法・適正化法・www.mankan.or.jpを参照してください。管業試験では用語集と条文の対応づけが得点の鍵になります。最新の試験要項もあわせて確認してください。賃管試験では用語集と条文の対応づけが得点の鍵になります。最新の試験要項もあわせて確認してください。
kubun-shoyu-num-s39,区分所有：床面積割合の数値（S39）,区分所有法,区分所有者;専有部分,区分所有（横断総合）の数値・要件を整理します。,床面積割合（規約・目安）,"[{""item"": ""数値"", ""value"": ""床面積割合"", ""note"": ""試験頻出""}, {""item"": ""根拠"", ""value"": ""区分所有法等"", ""note"": ""条文確認""}, {""item"": ""主体"", ""value"": ""管理組合"", ""note"": ""管業は支援""}, {""item"": ""試験"", ""value"": ""混同肢"", ""note"": ""正誤確認""}, {""item"": ""確認"", ""value"": ""用語集"", ""note"": ""最新要項""}]",区分所有：床面積割合の数値（S39）｜管業,区分所有（横断総合）の数値・要件を整理します。数値は条文・規約で確認してください。数値・日程・合格基準はマンション管理業協会（www.mankan.or.jp）の試験要項で必ずご確認ください。,床面積割合（規約・目安）;条文確認;決議と区別;試験の正誤肢に注意,数値固定暗記;管業が決定;決議混同;試験の正誤肢に注意,「床面積割合を確認」。,区分所有者;専有部分,数値の要点は？,区分所有（横断総合）の数値・要件を整理します。条文・規約で最新を確認してください。管業試験では用語集と条文の対応づけが得点の鍵になります。最新の試験要項もあわせて確認してください。賃管試験では用語集と条文の対応づけが得点の鍵になります。最新の試験要項もあわせて確認してください。,試験の引っかけは？,普通・特別・建替え決議と混同しないでください。管業試験では用語集と条文の対応づけが得点の鍵になります。最新の試験要項もあわせて確認してください。賃管試験では用語集と条文の対応づけが得点の鍵になります。最新の試験要項もあわせて確認してください。,試験対策の進め方は？,数値一覧表を作成し、過去問を反復してください。管業試験では用語集と条文の対応づけが得点の鍵になります。最新の試験要項もあわせて確認してください。賃管試験では用語集と条文の対応づけが得点の鍵になります。最新の試験要項もあわせて確認してください。,確認先はどこですか？,区分所有法・適正化法・www.mankan.or.jpを参照してください。管業試験では用語集と条文の対応づけが得点の鍵になります。最新の試験要項もあわせて確認してください。賃管試験では用語集と条文の対応づけが得点の鍵になります。最新の試験要項もあわせて確認してください。
kanrinin-num-s39,管理員：一定規模以上の数値（S39）,管理適正化法,管理員;管理員の配置,管理員（横断総合）の数値・要件を整理します。,一定規模以上（施行規則確認）,"[{""item"": ""数値"", ""value"": ""一定規模以上"", ""note"": ""試験頻出""}, {""item"": ""根拠"", ""value"": ""区分所有法等"", ""note"": ""条文確認""}, {""item"": ""主体"", ""value"": ""管理組合"", ""note"": ""管業は支援""}, {""item"": ""試験"", ""value"": ""混同肢"", ""note"": ""正誤確認""}, {""item"": ""確認"", ""value"": ""用語集"", ""note"": ""最新要項""}]",管理員：一定規模以上の数値（S39）｜管業,管理員（横断総合）の数値・要件を整理します。数値は条文・規約で確認してください。数値・日程・合格基準はマンション管理業協会（www.mankan.or.jp）の試験要項で必ずご確認ください。,一定規模以上（施行規則確認）;条文確認;決議と区別;試験の正誤肢に注意,数値固定暗記;管業が決定;決議混同;試験の正誤肢に注意,「一定規模以上を確認」。,管理員;管理員の配置,数値の要点は？,管理員（横断総合）の数値・要件を整理します。条文・規約で最新を確認してください。管業試験では用語集と条文の対応づけが得点の鍵になります。最新の試験要項もあわせて確認してください。賃管試験では用語集と条文の対応づけが得点の鍵になります。最新の試験要項もあわせて確認してください。,試験の引っかけは？,普通・特別・建替え決議と混同しないでください。管業試験では用語集と条文の対応づけが得点の鍵になります。最新の試験要項もあわせて確認してください。賃管試験では用語集と条文の対応づけが得点の鍵になります。最新の試験要項もあわせて確認してください。,試験対策の進め方は？,数値一覧表を作成し、過去問を反復してください。管業試験では用語集と条文の対応づけが得点の鍵になります。最新の試験要項もあわせて確認してください。賃管試験では用語集と条文の対応づけが得点の鍵になります。最新の試験要項もあわせて確認してください。,確認先はどこですか？,区分所有法・適正化法・www.mankan.or.jpを参照してください。管業試験では用語集と条文の対応づけが得点の鍵になります。最新の試験要項もあわせて確認してください。賃管試験では用語集と条文の対応づけが得点の鍵になります。最新の試験要項もあわせて確認してください。
kaikei-kansa-num-s39,会計監査：規約・実務で定めるの数値（S39）,区分所有法,監査;管理組合会計,会計監査（横断総合）の数値・要件を整理します。,規約・実務で定める,"[{""item"": ""数値"", ""value"": ""規約・実務で定める"", ""note"": ""試験頻出""}, {""item"": ""根拠"", ""value"": ""区分所有法等"", ""note"": ""条文確認""}, {""item"": ""主体"", ""value"": ""管理組合"", ""note"": ""管業は支援""}, {""item"": ""試験"", ""value"": ""混同肢"", ""note"": ""正誤確認""}, {""item"": ""確認"", ""value"": ""用語集"", ""note"": ""最新要項""}]",会計監査：規約・実務で定めるの数値（S39）｜管業,会計監査（横断総合）の数値・要件を整理します。数値は条文・規約で確認してください。数値・日程・合格基準はマンション管理業協会（www.mankan.or.jp）の試験要項で必ずご確認ください。,規約・実務で定める;条文確認;決議と区別;試験の正誤肢に注意,数値固定暗記;管業が決定;決議混同;試験の正誤肢に注意,「規約・実務で定めるを確認」。,監査;管理組合会計,数値の要点は？,会計監査（横断総合）の数値・要件を整理します。条文・規約で最新を確認してください。管業試験では用語集と条文の対応づけが得点の鍵になります。最新の試験要項もあわせて確認してください。賃管試験では用語集と条文の対応づけが得点の鍵になります。最新の試験要項もあわせて確認してください。,試験の引っかけは？,普通・特別・建替え決議と混同しないでください。管業試験では用語集と条文の対応づけが得点の鍵になります。最新の試験要項もあわせて確認してください。賃管試験では用語集と条文の対応づけが得点の鍵になります。最新の試験要項もあわせて確認してください。,試験対策の進め方は？,数値一覧表を作成し、過去問を反復してください。管業試験では用語集と条文の対応づけが得点の鍵になります。最新の試験要項もあわせて確認してください。賃管試験では用語集と条文の対応づけが得点の鍵になります。最新の試験要項もあわせて確認してください。,確認先はどこですか？,区分所有法・適正化法・www.mankan.or.jpを参照してください。管業試験では用語集と条文の対応づけが得点の鍵になります。最新の試験要項もあわせて確認してください。賃管試験では用語集と条文の対応づけが得点の鍵になります。最新の試験要項もあわせて確認してください。
tatekae-num-s39,建替え：5分の4以上の数値（S39）,区分所有法,建替え;5分の4議決権,建替え（横断総合）の数値・要件を整理します。,5分の4以上（建替え・条文確認）,"[{""item"": ""数値"", ""value"": ""5分の4以上"", ""note"": ""試験頻出""}, {""item"": ""根拠"", ""value"": ""区分所有法等"", ""note"": ""条文確認""}, {""item"": ""主体"", ""value"": ""管理組合"", ""note"": ""管業は支援""}, {""item"": ""試験"", ""value"": ""混同肢"", ""note"": ""正誤確認""}, {""item"": ""確認"", ""value"": ""用語集"", ""note"": ""最新要項""}]",建替え：5分の4以上の数値（S39）｜管業,建替え（横断総合）の数値・要件を整理します。数値は条文・規約で確認してください。数値・日程・合格基準はマンション管理業協会（www.mankan.or.jp）の試験要項で必ずご確認ください。,5分の4以上（建替え・条文確認）;条文確認;決議と区別;試験の正誤肢に注意,数値固定暗記;管業が決定;決議混同;試験の正誤肢に注意,「5分の4以上を確認」。,建替え;5分の4議決権,数値の要点は？,建替え（横断総合）の数値・要件を整理します。条文・規約で最新を確認してください。管業試験では用語集と条文の対応づけが得点の鍵になります。最新の試験要項もあわせて確認してください。賃管試験では用語集と条文の対応づけが得点の鍵になります。最新の試験要項もあわせて確認してください。,試験の引っかけは？,普通・特別・建替え決議と混同しないでください。管業試験では用語集と条文の対応づけが得点の鍵になります。最新の試験要項もあわせて確認してください。賃管試験では用語集と条文の対応づけが得点の鍵になります。最新の試験要項もあわせて確認してください。,試験対策の進め方は？,数値一覧表を作成し、過去問を反復してください。管業試験では用語集と条文の対応づけが得点の鍵になります。最新の試験要項もあわせて確認してください。賃管試験では用語集と条文の対応づけが得点の鍵になります。最新の試験要項もあわせて確認してください。,確認先はどこですか？,区分所有法・適正化法・www.mankan.or.jpを参照してください。管業試験では用語集と条文の対応づけが得点の鍵になります。最新の試験要項もあわせて確認してください。賃管試験では用語集と条文の対応づけが得点の鍵になります。最新の試験要項もあわせて確認してください。
kangyou-shiken-num-s39,管業試験：50問の数値（S39）,判例・横断総合,管理業務主任者試験;管理業務主任者,管業試験（横断総合）の数値・要件を整理します。,50問（マークシート・要項確認）,"[{""item"": ""数値"", ""value"": ""50問"", ""note"": ""試験頻出""}, {""item"": ""根拠"", ""value"": ""区分所有法等"", ""note"": ""条文確認""}, {""item"": ""主体"", ""value"": ""管理組合"", ""note"": ""管業は支援""}, {""item"": ""試験"", ""value"": ""混同肢"", ""note"": ""正誤確認""}, {""item"": ""確認"", ""value"": ""用語集"", ""note"": ""最新要項""}]",管業試験：50問の数値（S39）｜管業,管業試験（横断総合）の数値・要件を整理します。数値は条文・規約で確認してください。数値・日程・合格基準はマンション管理業協会（www.mankan.or.jp）の試験要項で必ずご確認ください。,50問（マークシート・要項確認）;条文確認;決議と区別;試験の正誤肢に注意,数値固定暗記;管業が決定;決議混同;試験の正誤肢に注意,「50問を確認」。（暗記用フレーズ）,管理業務主任者試験;管理業務主任者,数値の要点は？,管業試験（横断総合）の数値・要件を整理します。条文・規約で最新を確認してください。管業試験では用語集と条文の対応づけが得点の鍵になります。最新の試験要項もあわせて確認してください。賃管試験では用語集と条文の対応づけが得点の鍵になります。最新の試験要項もあわせて確認してください。,試験の引っかけは？,普通・特別・建替え決議と混同しないでください。管業試験では用語集と条文の対応づけが得点の鍵になります。最新の試験要項もあわせて確認してください。賃管試験では用語集と条文の対応づけが得点の鍵になります。最新の試験要項もあわせて確認してください。,試験対策の進め方は？,数値一覧表を作成し、過去問を反復してください。管業試験では用語集と条文の対応づけが得点の鍵になります。最新の試験要項もあわせて確認してください。賃管試験では用語集と条文の対応づけが得点の鍵になります。最新の試験要項もあわせて確認してください。,確認先はどこですか？,区分所有法・適正化法・www.mankan.or.jpを参照してください。管業試験では用語集と条文の対応づけが得点の鍵になります。最新の試験要項もあわせて確認してください。賃管試験では用語集と条文の対応づけが得点の鍵になります。最新の試験要項もあわせて確認してください。
kumiai-kansa-num-s40,管理組合監査：規約・実務で定めるの数値（S40）,区分所有法,管理組合監査;監査,管理組合監査（基礎整理）の数値・要件を整理します。,規約・実務で定める,"[{""item"": ""数値"", ""value"": ""規約・実務で定める"", ""note"": ""試験頻出""}, {""item"": ""根拠"", ""value"": ""区分所有法等"", ""note"": ""条文確認""}, {""item"": ""主体"", ""value"": ""管理組合"", ""note"": ""管業は支援""}, {""item"": ""試験"", ""value"": ""混同肢"", ""note"": ""正誤確認""}, {""item"": ""確認"", ""value"": ""用語集"", ""note"": ""最新要項""}]",管理組合監査：規約・実務で定めるの数値（S40）｜管業,管理組合監査（基礎整理）の数値・要件を整理します。数値は条文・規約で確認してください。数値・日程・合格基準はマンション管理業協会（www.mankan.or.jp）の試験要項で必ずご確認ください。,規約・実務で定める;条文確認;決議と区別;試験の正誤肢に注意,数値固定暗記;管業が決定;決議混同;試験の正誤肢に注意,「規約・実務で定めるを確認」。,監査;管理規約,数値の要点は？,管理組合監査（基礎整理）の数値・要件を整理します。条文・規約で最新を確認してください。管業試験では用語集と条文の対応づけが得点の鍵になります。最新の試験要項もあわせて確認してください。賃管試験では用語集と条文の対応づけが得点の鍵になります。最新の試験要項もあわせて確認してください。,試験の引っかけは？,普通・特別・建替え決議と混同しないでください。管業試験では用語集と条文の対応づけが得点の鍵になります。最新の試験要項もあわせて確認してください。賃管試験では用語集と条文の対応づけが得点の鍵になります。最新の試験要項もあわせて確認してください。,試験対策の進め方は？,数値一覧表を作成し、過去問を反復してください。管業試験では用語集と条文の対応づけが得点の鍵になります。最新の試験要項もあわせて確認してください。賃管試験では用語集と条文の対応づけが得点の鍵になります。最新の試験要項もあわせて確認してください。,確認先はどこですか？,区分所有法・適正化法・www.mankan.or.jpを参照してください。管業試験では用語集と条文の対応づけが得点の鍵になります。最新の試験要項もあわせて確認してください。賃管試験では用語集と条文の対応づけが得点の鍵になります。最新の試験要項もあわせて確認してください。
shuzen-kouji-num-s40,修繕工事：積立金取崩しの数値（S40）,区分所有法,修繕工事;修繕積立金,修繕工事（基礎整理）の数値・要件を整理します。,積立金取崩し（規約確認）,"[{""item"": ""数値"", ""value"": ""積立金取崩し"", ""note"": ""試験頻出""}, {""item"": ""根拠"", ""value"": ""区分所有法等"", ""note"": ""条文確認""}, {""item"": ""主体"", ""value"": ""管理組合"", ""note"": ""管業は支援""}, {""item"": ""試験"", ""value"": ""混同肢"", ""note"": ""正誤確認""}, {""item"": ""確認"", ""value"": ""用語集"", ""note"": ""最新要項""}]",修繕工事：積立金取崩しの数値（S40）｜管業,修繕工事（基礎整理）の数値・要件を整理します。数値は条文・規約で確認してください。数値・日程・合格基準はマンション管理業協会（www.mankan.or.jp）の試験要項で必ずご確認ください。,積立金取崩し（規約確認）;条文確認;決議と区別;試験の正誤肢に注意,数値固定暗記;管業が決定;決議混同;試験の正誤肢に注意,「積立金取崩しを確認」。,修繕積立金;管理規約,数値の要点は？,修繕工事（基礎整理）の数値・要件を整理します。条文・規約で最新を確認してください。管業試験では用語集と条文の対応づけが得点の鍵になります。最新の試験要項もあわせて確認してください。賃管試験では用語集と条文の対応づけが得点の鍵になります。最新の試験要項もあわせて確認してください。,試験の引っかけは？,普通・特別・建替え決議と混同しないでください。管業試験では用語集と条文の対応づけが得点の鍵になります。最新の試験要項もあわせて確認してください。賃管試験では用語集と条文の対応づけが得点の鍵になります。最新の試験要項もあわせて確認してください。,試験対策の進め方は？,数値一覧表を作成し、過去問を反復してください。管業試験では用語集と条文の対応づけが得点の鍵になります。最新の試験要項もあわせて確認してください。賃管試験では用語集と条文の対応づけが得点の鍵になります。最新の試験要項もあわせて確認してください。,確認先はどこですか？,区分所有法・適正化法・www.mankan.or.jpを参照してください。管業試験では用語集と条文の対応づけが得点の鍵になります。最新の試験要項もあわせて確認してください。賃管試験では用語集と条文の対応づけが得点の鍵になります。最新の試験要項もあわせて確認してください。
sokai-shoushu-num-s40,総会招集：招集通知期間の数値（S40）,区分所有法,総会招集;総会,総会招集（基礎整理）の数値・要件を整理します。,招集通知期間（規約・目安）,"[{""item"": ""数値"", ""value"": ""招集通知期間"", ""note"": ""試験頻出""}, {""item"": ""根拠"", ""value"": ""区分所有法等"", ""note"": ""条文確認""}, {""item"": ""主体"", ""value"": ""管理組合"", ""note"": ""管業は支援""}, {""item"": ""試験"", ""value"": ""混同肢"", ""note"": ""正誤確認""}, {""item"": ""確認"", ""value"": ""用語集"", ""note"": ""最新要項""}]",総会招集：招集通知期間の数値（S40）｜管業,総会招集（基礎整理）の数値・要件を整理します。数値は条文・規約で確認してください。数値・日程・合格基準はマンション管理業協会（www.mankan.or.jp）の試験要項で必ずご確認ください。,招集通知期間（規約・目安）;条文確認;決議と区別;試験の正誤肢に注意,数値固定暗記;管業が決定;決議混同;試験の正誤肢に注意,「招集通知期間を確認」。,総会;管理規約,数値の要点は？,総会招集（基礎整理）の数値・要件を整理します。条文・規約で最新を確認してください。管業試験では用語集と条文の対応づけが得点の鍵になります。最新の試験要項もあわせて確認してください。賃管試験では用語集と条文の対応づけが得点の鍵になります。最新の試験要項もあわせて確認してください。,試験の引っかけは？,普通・特別・建替え決議と混同しないでください。管業試験では用語集と条文の対応づけが得点の鍵になります。最新の試験要項もあわせて確認してください。賃管試験では用語集と条文の対応づけが得点の鍵になります。最新の試験要項もあわせて確認してください。,試験対策の進め方は？,数値一覧表を作成し、過去問を反復してください。管業試験では用語集と条文の対応づけが得点の鍵になります。最新の試験要項もあわせて確認してください。賃管試験では用語集と条文の対応づけが得点の鍵になります。最新の試験要項もあわせて確認してください。,確認先はどこですか？,区分所有法・適正化法・www.mankan.or.jpを参照してください。管業試験では用語集と条文の対応づけが得点の鍵になります。最新の試験要項もあわせて確認してください。賃管試験では用語集と条文の対応づけが得点の鍵になります。最新の試験要項もあわせて確認してください。
kanri-itaku-koushin-num-s40,管理委託更新：契約期間・更新の数値（S40）,区分所有法,管理委託更新;管理組合,管理委託更新（基礎整理）の数値・要件を整理します。,契約期間・更新（規約確認）,"[{""item"": ""数値"", ""value"": ""契約期間・更新"", ""note"": ""試験頻出""}, {""item"": ""根拠"", ""value"": ""区分所有法等"", ""note"": ""条文確認""}, {""item"": ""主体"", ""value"": ""管理組合"", ""note"": ""管業は支援""}, {""item"": ""試験"", ""value"": ""混同肢"", ""note"": ""正誤確認""}, {""item"": ""確認"", ""value"": ""用語集"", ""note"": ""最新要項""}]",管理委託更新：契約期間・更新の数値（S40）｜管業,管理委託更新（基礎整理）の数値・要件を整理します。数値は条文・規約で確認してください。数値・日程・合格基準はマンション管理業協会（www.mankan.or.jp）の試験要項で必ずご確認ください。,契約期間・更新（規約確認）;条文確認;決議と区別;試験の正誤肢に注意,数値固定暗記;管業が決定;決議混同;試験の正誤肢に注意,「契約期間・更新を確認」。,管理組合;管理規約,数値の要点は？,管理委託更新（基礎整理）の数値・要件を整理します。条文・規約で最新を確認してください。管業試験では用語集と条文の対応づけが得点の鍵になります。最新の試験要項もあわせて確認してください。賃管試験では用語集と条文の対応づけが得点の鍵になります。最新の試験要項もあわせて確認してください。,試験の引っかけは？,普通・特別・建替え決議と混同しないでください。管業試験では用語集と条文の対応づけが得点の鍵になります。最新の試験要項もあわせて確認してください。賃管試験では用語集と条文の対応づけが得点の鍵になります。最新の試験要項もあわせて確認してください。,試験対策の進め方は？,数値一覧表を作成し、過去問を反復してください。管業試験では用語集と条文の対応づけが得点の鍵になります。最新の試験要項もあわせて確認してください。賃管試験では用語集と条文の対応づけが得点の鍵になります。最新の試験要項もあわせて確認してください。,確認先はどこですか？,区分所有法・適正化法・www.mankan.or.jpを参照してください。管業試験では用語集と条文の対応づけが得点の鍵になります。最新の試験要項もあわせて確認してください。賃管試験では用語集と条文の対応づけが得点の鍵になります。最新の試験要項もあわせて確認してください。
tekiseika-todoke-num-s40,適正化法届出：5年ごとに更新の数値（S40）,管理適正化法,適正化法届出;更新登録,適正化法届出（基礎整理）の数値・要件を整理します。,5年ごとに更新（登録・要項）,"[{""item"": ""数値"", ""value"": ""5年ごとに更新"", ""note"": ""試験頻出""}, {""item"": ""根拠"", ""value"": ""区分所有法等"", ""note"": ""条文確認""}, {""item"": ""主体"", ""value"": ""管理組合"", ""note"": ""管業は支援""}, {""item"": ""試験"", ""value"": ""混同肢"", ""note"": ""正誤確認""}, {""item"": ""確認"", ""value"": ""用語集"", ""note"": ""最新要項""}]",適正化法届出：5年ごとに更新の数値（S40）｜管業,適正化法届出（基礎整理）の数値・要件を整理します。数値は条文・規約で確認してください。数値・日程・合格基準はマンション管理業協会（www.mankan.or.jp）の試験要項で必ずご確認ください。,5年ごとに更新（登録・要項）;条文確認;決議と区別;試験の正誤肢に注意,数値固定暗記;管業が決定;決議混同;試験の正誤肢に注意,「5年ごとに更新を確認」。,更新登録;管理規約,数値の要点は？,適正化法届出（基礎整理）の数値・要件を整理します。条文・規約で最新を確認してください。管業試験では用語集と条文の対応づけが得点の鍵になります。最新の試験要項もあわせて確認してください。賃管試験では用語集と条文の対応づけが得点の鍵になります。最新の試験要項もあわせて確認してください。,試験の引っかけは？,普通・特別・建替え決議と混同しないでください。管業試験では用語集と条文の対応づけが得点の鍵になります。最新の試験要項もあわせて確認してください。賃管試験では用語集と条文の対応づけが得点の鍵になります。最新の試験要項もあわせて確認してください。,試験対策の進め方は？,数値一覧表を作成し、過去問を反復してください。管業試験では用語集と条文の対応づけが得点の鍵になります。最新の試験要項もあわせて確認してください。賃管試験では用語集と条文の対応づけが得点の鍵になります。最新の試験要項もあわせて確認してください。,確認先はどこですか？,区分所有法・適正化法・www.mankan.or.jpを参照してください。管業試験では用語集と条文の対応づけが得点の鍵になります。最新の試験要項もあわせて確認してください。賃管試験では用語集と条文の対応づけが得点の鍵になります。最新の試験要項もあわせて確認してください。
senyu-kanri-num-s40,専有部管理：立入り・通知の数値（S40）,区分所有法,専有部管理;区分所有者,専有部管理（基礎整理）の数値・要件を整理します。,立入り・通知（区分所有法）,"[{""item"": ""数値"", ""value"": ""立入り・通知"", ""note"": ""試験頻出""}, {""item"": ""根拠"", ""value"": ""区分所有法等"", ""note"": ""条文確認""}, {""item"": ""主体"", ""value"": ""管理組合"", ""note"": ""管業は支援""}, {""item"": ""試験"", ""value"": ""混同肢"", ""note"": ""正誤確認""}, {""item"": ""確認"", ""value"": ""用語集"", ""note"": ""最新要項""}]",専有部管理：立入り・通知の数値（S40）｜管業,専有部管理（基礎整理）の数値・要件を整理します。数値は条文・規約で確認してください。数値・日程・合格基準はマンション管理業協会（www.mankan.or.jp）の試験要項で必ずご確認ください。,立入り・通知（区分所有法）;条文確認;決議と区別;試験の正誤肢に注意,数値固定暗記;管業が決定;決議混同;試験の正誤肢に注意,「立入り・通知を確認」。,区分所有者;管理規約,数値の要点は？,専有部管理（基礎整理）の数値・要件を整理します。条文・規約で最新を確認してください。管業試験では用語集と条文の対応づけが得点の鍵になります。最新の試験要項もあわせて確認してください。賃管試験では用語集と条文の対応づけが得点の鍵になります。最新の試験要項もあわせて確認してください。,試験の引っかけは？,普通・特別・建替え決議と混同しないでください。管業試験では用語集と条文の対応づけが得点の鍵になります。最新の試験要項もあわせて確認してください。賃管試験では用語集と条文の対応づけが得点の鍵になります。最新の試験要項もあわせて確認してください。,試験対策の進め方は？,数値一覧表を作成し、過去問を反復してください。管業試験では用語集と条文の対応づけが得点の鍵になります。最新の試験要項もあわせて確認してください。賃管試験では用語集と条文の対応づけが得点の鍵になります。最新の試験要項もあわせて確認してください。,確認先はどこですか？,区分所有法・適正化法・www.mankan.or.jpを参照してください。管業試験では用語集と条文の対応づけが得点の鍵になります。最新の試験要項もあわせて確認してください。賃管試験では用語集と条文の対応づけが得点の鍵になります。最新の試験要項もあわせて確認してください。
kanrinin-kyouiku-num-s40,管理員教育：一定規模以上の数値（S40）,管理適正化法,管理員教育;管理員,管理員教育（基礎整理）の数値・要件を整理します。,一定規模以上（施行規則確認）,"[{""item"": ""数値"", ""value"": ""一定規模以上"", ""note"": ""試験頻出""}, {""item"": ""根拠"", ""value"": ""区分所有法等"", ""note"": ""条文確認""}, {""item"": ""主体"", ""value"": ""管理組合"", ""note"": ""管業は支援""}, {""item"": ""試験"", ""value"": ""混同肢"", ""note"": ""正誤確認""}, {""item"": ""確認"", ""value"": ""用語集"", ""note"": ""最新要項""}]",管理員教育：一定規模以上の数値（S40）｜管業,管理員教育（基礎整理）の数値・要件を整理します。数値は条文・規約で確認してください。数値・日程・合格基準はマンション管理業協会（www.mankan.or.jp）の試験要項で必ずご確認ください。,一定規模以上（施行規則確認）;条文確認;決議と区別;試験の正誤肢に注意,数値固定暗記;管業が決定;決議混同;試験の正誤肢に注意,「一定規模以上を確認」。,管理員;管理規約,数値の要点は？,管理員教育（基礎整理）の数値・要件を整理します。条文・規約で最新を確認してください。管業試験では用語集と条文の対応づけが得点の鍵になります。最新の試験要項もあわせて確認してください。賃管試験では用語集と条文の対応づけが得点の鍵になります。最新の試験要項もあわせて確認してください。,試験の引っかけは？,普通・特別・建替え決議と混同しないでください。管業試験では用語集と条文の対応づけが得点の鍵になります。最新の試験要項もあわせて確認してください。賃管試験では用語集と条文の対応づけが得点の鍵になります。最新の試験要項もあわせて確認してください。,試験対策の進め方は？,数値一覧表を作成し、過去問を反復してください。管業試験では用語集と条文の対応づけが得点の鍵になります。最新の試験要項もあわせて確認してください。賃管試験では用語集と条文の対応づけが得点の鍵になります。最新の試験要項もあわせて確認してください。,確認先はどこですか？,区分所有法・適正化法・www.mankan.or.jpを参照してください。管業試験では用語集と条文の対応づけが得点の鍵になります。最新の試験要項もあわせて確認してください。賃管試験では用語集と条文の対応づけが得点の鍵になります。最新の試験要項もあわせて確認してください。
kaikei-houkoku-num-s40,会計報告：区分会計・報告の数値（S40）,区分所有法,会計報告;修繕積立金会計,会計報告（基礎整理）の数値・要件を整理します。,区分会計・報告（規約確認）,"[{""item"": ""数値"", ""value"": ""区分会計・報告"", ""note"": ""試験頻出""}, {""item"": ""根拠"", ""value"": ""区分所有法等"", ""note"": ""条文確認""}, {""item"": ""主体"", ""value"": ""管理組合"", ""note"": ""管業は支援""}, {""item"": ""試験"", ""value"": ""混同肢"", ""note"": ""正誤確認""}, {""item"": ""確認"", ""value"": ""用語集"", ""note"": ""最新要項""}]",会計報告：区分会計・報告の数値（S40）｜管業,会計報告（基礎整理）の数値・要件を整理します。数値は条文・規約で確認してください。数値・日程・合格基準はマンション管理業協会（www.mankan.or.jp）の試験要項で必ずご確認ください。,区分会計・報告（規約確認）;条文確認;決議と区別;試験の正誤肢に注意,数値固定暗記;管業が決定;決議混同;試験の正誤肢に注意,「区分会計・報告を確認」。,修繕積立金会計;管理規約,数値の要点は？,会計報告（基礎整理）の数値・要件を整理します。条文・規約で最新を確認してください。管業試験では用語集と条文の対応づけが得点の鍵になります。最新の試験要項もあわせて確認してください。賃管試験では用語集と条文の対応づけが得点の鍵になります。最新の試験要項もあわせて確認してください。,試験の引っかけは？,普通・特別・建替え決議と混同しないでください。管業試験では用語集と条文の対応づけが得点の鍵になります。最新の試験要項もあわせて確認してください。賃管試験では用語集と条文の対応づけが得点の鍵になります。最新の試験要項もあわせて確認してください。,試験対策の進め方は？,数値一覧表を作成し、過去問を反復してください。管業試験では用語集と条文の対応づけが得点の鍵になります。最新の試験要項もあわせて確認してください。賃管試験では用語集と条文の対応づけが得点の鍵になります。最新の試験要項もあわせて確認してください。,確認先はどこですか？,区分所有法・適正化法・www.mankan.or.jpを参照してください。管業試験では用語集と条文の対応づけが得点の鍵になります。最新の試験要項もあわせて確認してください。賃管試験では用語集と条文の対応づけが得点の鍵になります。最新の試験要項もあわせて確認してください。
tatekae-tetsuzuki-num-s40,建替え手続：5分の4以上の数値（S40）,区分所有法,建替え手続;5分の4議決権,建替え手続（基礎整理）の数値・要件を整理します。,5分の4以上（建替え・条文確認）,"[{""item"": ""数値"", ""value"": ""5分の4以上"", ""note"": ""試験頻出""}, {""item"": ""根拠"", ""value"": ""区分所有法等"", ""note"": ""条文確認""}, {""item"": ""主体"", ""value"": ""管理組合"", ""note"": ""管業は支援""}, {""item"": ""試験"", ""value"": ""混同肢"", ""note"": ""正誤確認""}, {""item"": ""確認"", ""value"": ""用語集"", ""note"": ""最新要項""}]",建替え手続：5分の4以上の数値（S40）｜管業,建替え手続（基礎整理）の数値・要件を整理します。数値は条文・規約で確認してください。数値・日程・合格基準はマンション管理業協会（www.mankan.or.jp）の試験要項で必ずご確認ください。,5分の4以上（建替え・条文確認）;条文確認;決議と区別;試験の正誤肢に注意,数値固定暗記;管業が決定;決議混同;試験の正誤肢に注意,「5分の4以上を確認」。,5分の4議決権;管理規約,数値の要点は？,建替え手続（基礎整理）の数値・要件を整理します。条文・規約で最新を確認してください。管業試験では用語集と条文の対応づけが得点の鍵になります。最新の試験要項もあわせて確認してください。賃管試験では用語集と条文の対応づけが得点の鍵になります。最新の試験要項もあわせて確認してください。,試験の引っかけは？,普通・特別・建替え決議と混同しないでください。管業試験では用語集と条文の対応づけが得点の鍵になります。最新の試験要項もあわせて確認してください。賃管試験では用語集と条文の対応づけが得点の鍵になります。最新の試験要項もあわせて確認してください。,試験対策の進め方は？,数値一覧表を作成し、過去問を反復してください。管業試験では用語集と条文の対応づけが得点の鍵になります。最新の試験要項もあわせて確認してください。賃管試験では用語集と条文の対応づけが得点の鍵になります。最新の試験要項もあわせて確認してください。,確認先はどこですか？,区分所有法・適正化法・www.mankan.or.jpを参照してください。管業試験では用語集と条文の対応づけが得点の鍵になります。最新の試験要項もあわせて確認してください。賃管試験では用語集と条文の対応づけが得点の鍵になります。最新の試験要項もあわせて確認してください。
kangyou-chokuzen-num-s40,管業直前：50問の数値（S40）,判例・横断総合,管業直前;管理業務主任者試験,管業直前（基礎整理）の数値・要件を整理します。,50問（マークシート・要項確認）,"[{""item"": ""数値"", ""value"": ""50問"", ""note"": ""試験頻出""}, {""item"": ""根拠"", ""value"": ""区分所有法等"", ""note"": ""条文確認""}, {""item"": ""主体"", ""value"": ""管理組合"", ""note"": ""管業は支援""}, {""item"": ""試験"", ""value"": ""混同肢"", ""note"": ""正誤確認""}, {""item"": ""確認"", ""value"": ""用語集"", ""note"": ""最新要項""}]",管業直前：50問の数値（S40）｜管業,管業直前（基礎整理）の数値・要件を整理します。数値は条文・規約で確認してください。数値・日程・合格基準はマンション管理業協会（www.mankan.or.jp）の試験要項で必ずご確認ください。,50問（マークシート・要項確認）;条文確認;決議と区別;試験の正誤肢に注意,数値固定暗記;管業が決定;決議混同;試験の正誤肢に注意,「50問を確認」。（暗記用フレーズ）,管理業務主任者試験;管理規約,数値の要点は？,管業直前（基礎整理）の数値・要件を整理します。条文・規約で最新を確認してください。管業試験では用語集と条文の対応づけが得点の鍵になります。最新の試験要項もあわせて確認してください。賃管試験では用語集と条文の対応づけが得点の鍵になります。最新の試験要項もあわせて確認してください。,試験の引っかけは？,普通・特別・建替え決議と混同しないでください。管業試験では用語集と条文の対応づけが得点の鍵になります。最新の試験要項もあわせて確認してください。賃管試験では用語集と条文の対応づけが得点の鍵になります。最新の試験要項もあわせて確認してください。,試験対策の進め方は？,数値一覧表を作成し、過去問を反復してください。管業試験では用語集と条文の対応づけが得点の鍵になります。最新の試験要項もあわせて確認してください。賃管試験では用語集と条文の対応づけが得点の鍵になります。最新の試験要項もあわせて確認してください。,確認先はどこですか？,区分所有法・適正化法・www.mankan.or.jpを参照してください。管業試験では用語集と条文の対応づけが得点の鍵になります。最新の試験要項もあわせて確認してください。賃管試験では用語集と条文の対応づけが得点の鍵になります。最新の試験要項もあわせて確認してください。
kumiai-kansa-num-s41,管理組合監査：規約・実務で定めるの数値（S41）,区分所有法,管理組合監査;監査,管理組合監査（実務連動）の数値・要件を整理します。,規約・実務で定める,"[{""item"": ""数値"", ""value"": ""規約・実務で定める"", ""note"": ""試験頻出""}, {""item"": ""根拠"", ""value"": ""区分所有法等"", ""note"": ""条文確認""}, {""item"": ""主体"", ""value"": ""管理組合"", ""note"": ""管業は支援""}, {""item"": ""試験"", ""value"": ""混同肢"", ""note"": ""正誤確認""}, {""item"": ""確認"", ""value"": ""用語集"", ""note"": ""最新要項""}]",管理組合監査：規約・実務で定めるの数値（S41）｜管業,管理組合監査（実務連動）の数値・要件を整理します。数値は条文・規約で確認してください。数値・日程・合格基準はマンション管理業協会（www.mankan.or.jp）の試験要項で必ずご確認ください。,規約・実務で定める;条文確認;決議と区別;試験の正誤肢に注意,数値固定暗記;管業が決定;決議混同;試験の正誤肢に注意,「規約・実務で定めるを確認」。,監査;管理規約,数値の要点は？,管理組合監査（実務連動）の数値・要件を整理します。条文・規約で最新を確認してください。管業試験では用語集と条文の対応づけが得点の鍵になります。最新の試験要項もあわせて確認してください。賃管試験では用語集と条文の対応づけが得点の鍵になります。最新の試験要項もあわせて確認してください。,試験の引っかけは？,普通・特別・建替え決議と混同しないでください。管業試験では用語集と条文の対応づけが得点の鍵になります。最新の試験要項もあわせて確認してください。賃管試験では用語集と条文の対応づけが得点の鍵になります。最新の試験要項もあわせて確認してください。,試験対策の進め方は？,数値一覧表を作成し、過去問を反復してください。管業試験では用語集と条文の対応づけが得点の鍵になります。最新の試験要項もあわせて確認してください。賃管試験では用語集と条文の対応づけが得点の鍵になります。最新の試験要項もあわせて確認してください。,確認先はどこですか？,区分所有法・適正化法・www.mankan.or.jpを参照してください。管業試験では用語集と条文の対応づけが得点の鍵になります。最新の試験要項もあわせて確認してください。賃管試験では用語集と条文の対応づけが得点の鍵になります。最新の試験要項もあわせて確認してください。
shuzen-kouji-num-s41,修繕工事：積立金取崩しの数値（S41）,区分所有法,修繕工事;修繕積立金,修繕工事（実務連動）の数値・要件を整理します。,積立金取崩し（規約確認）,"[{""item"": ""数値"", ""value"": ""積立金取崩し"", ""note"": ""試験頻出""}, {""item"": ""根拠"", ""value"": ""区分所有法等"", ""note"": ""条文確認""}, {""item"": ""主体"", ""value"": ""管理組合"", ""note"": ""管業は支援""}, {""item"": ""試験"", ""value"": ""混同肢"", ""note"": ""正誤確認""}, {""item"": ""確認"", ""value"": ""用語集"", ""note"": ""最新要項""}]",修繕工事：積立金取崩しの数値（S41）｜管業,修繕工事（実務連動）の数値・要件を整理します。数値は条文・規約で確認してください。数値・日程・合格基準はマンション管理業協会（www.mankan.or.jp）の試験要項で必ずご確認ください。,積立金取崩し（規約確認）;条文確認;決議と区別;試験の正誤肢に注意,数値固定暗記;管業が決定;決議混同;試験の正誤肢に注意,「積立金取崩しを確認」。,修繕積立金;管理規約,数値の要点は？,修繕工事（実務連動）の数値・要件を整理します。条文・規約で最新を確認してください。管業試験では用語集と条文の対応づけが得点の鍵になります。最新の試験要項もあわせて確認してください。賃管試験では用語集と条文の対応づけが得点の鍵になります。最新の試験要項もあわせて確認してください。,試験の引っかけは？,普通・特別・建替え決議と混同しないでください。管業試験では用語集と条文の対応づけが得点の鍵になります。最新の試験要項もあわせて確認してください。賃管試験では用語集と条文の対応づけが得点の鍵になります。最新の試験要項もあわせて確認してください。,試験対策の進め方は？,数値一覧表を作成し、過去問を反復してください。管業試験では用語集と条文の対応づけが得点の鍵になります。最新の試験要項もあわせて確認してください。賃管試験では用語集と条文の対応づけが得点の鍵になります。最新の試験要項もあわせて確認してください。,確認先はどこですか？,区分所有法・適正化法・www.mankan.or.jpを参照してください。管業試験では用語集と条文の対応づけが得点の鍵になります。最新の試験要項もあわせて確認してください。賃管試験では用語集と条文の対応づけが得点の鍵になります。最新の試験要項もあわせて確認してください。
sokai-shoushu-num-s41,総会招集：招集通知期間の数値（S41）,区分所有法,総会招集;総会,総会招集（実務連動）の数値・要件を整理します。,招集通知期間（規約・目安）,"[{""item"": ""数値"", ""value"": ""招集通知期間"", ""note"": ""試験頻出""}, {""item"": ""根拠"", ""value"": ""区分所有法等"", ""note"": ""条文確認""}, {""item"": ""主体"", ""value"": ""管理組合"", ""note"": ""管業は支援""}, {""item"": ""試験"", ""value"": ""混同肢"", ""note"": ""正誤確認""}, {""item"": ""確認"", ""value"": ""用語集"", ""note"": ""最新要項""}]",総会招集：招集通知期間の数値（S41）｜管業,総会招集（実務連動）の数値・要件を整理します。数値は条文・規約で確認してください。数値・日程・合格基準はマンション管理業協会（www.mankan.or.jp）の試験要項で必ずご確認ください。,招集通知期間（規約・目安）;条文確認;決議と区別;試験の正誤肢に注意,数値固定暗記;管業が決定;決議混同;試験の正誤肢に注意,「招集通知期間を確認」。,総会;管理規約,数値の要点は？,総会招集（実務連動）の数値・要件を整理します。条文・規約で最新を確認してください。管業試験では用語集と条文の対応づけが得点の鍵になります。最新の試験要項もあわせて確認してください。賃管試験では用語集と条文の対応づけが得点の鍵になります。最新の試験要項もあわせて確認してください。,試験の引っかけは？,普通・特別・建替え決議と混同しないでください。管業試験では用語集と条文の対応づけが得点の鍵になります。最新の試験要項もあわせて確認してください。賃管試験では用語集と条文の対応づけが得点の鍵になります。最新の試験要項もあわせて確認してください。,試験対策の進め方は？,数値一覧表を作成し、過去問を反復してください。管業試験では用語集と条文の対応づけが得点の鍵になります。最新の試験要項もあわせて確認してください。賃管試験では用語集と条文の対応づけが得点の鍵になります。最新の試験要項もあわせて確認してください。,確認先はどこですか？,区分所有法・適正化法・www.mankan.or.jpを参照してください。管業試験では用語集と条文の対応づけが得点の鍵になります。最新の試験要項もあわせて確認してください。賃管試験では用語集と条文の対応づけが得点の鍵になります。最新の試験要項もあわせて確認してください。
kanri-itaku-koushin-num-s41,管理委託更新：契約期間・更新の数値（S41）,区分所有法,管理委託更新;管理組合,管理委託更新（実務連動）の数値・要件を整理します。,契約期間・更新（規約確認）,"[{""item"": ""数値"", ""value"": ""契約期間・更新"", ""note"": ""試験頻出""}, {""item"": ""根拠"", ""value"": ""区分所有法等"", ""note"": ""条文確認""}, {""item"": ""主体"", ""value"": ""管理組合"", ""note"": ""管業は支援""}, {""item"": ""試験"", ""value"": ""混同肢"", ""note"": ""正誤確認""}, {""item"": ""確認"", ""value"": ""用語集"", ""note"": ""最新要項""}]",管理委託更新：契約期間・更新の数値（S41）｜管業,管理委託更新（実務連動）の数値・要件を整理します。数値は条文・規約で確認してください。数値・日程・合格基準はマンション管理業協会（www.mankan.or.jp）の試験要項で必ずご確認ください。,契約期間・更新（規約確認）;条文確認;決議と区別;試験の正誤肢に注意,数値固定暗記;管業が決定;決議混同;試験の正誤肢に注意,「契約期間・更新を確認」。,管理組合;管理規約,数値の要点は？,管理委託更新（実務連動）の数値・要件を整理します。条文・規約で最新を確認してください。管業試験では用語集と条文の対応づけが得点の鍵になります。最新の試験要項もあわせて確認してください。賃管試験では用語集と条文の対応づけが得点の鍵になります。最新の試験要項もあわせて確認してください。,試験の引っかけは？,普通・特別・建替え決議と混同しないでください。管業試験では用語集と条文の対応づけが得点の鍵になります。最新の試験要項もあわせて確認してください。賃管試験では用語集と条文の対応づけが得点の鍵になります。最新の試験要項もあわせて確認してください。,試験対策の進め方は？,数値一覧表を作成し、過去問を反復してください。管業試験では用語集と条文の対応づけが得点の鍵になります。最新の試験要項もあわせて確認してください。賃管試験では用語集と条文の対応づけが得点の鍵になります。最新の試験要項もあわせて確認してください。,確認先はどこですか？,区分所有法・適正化法・www.mankan.or.jpを参照してください。管業試験では用語集と条文の対応づけが得点の鍵になります。最新の試験要項もあわせて確認してください。賃管試験では用語集と条文の対応づけが得点の鍵になります。最新の試験要項もあわせて確認してください。
tekiseika-todoke-num-s41,適正化法届出：5年ごとに更新の数値（S41）,管理適正化法,適正化法届出;更新登録,適正化法届出（実務連動）の数値・要件を整理します。,5年ごとに更新（登録・要項）,"[{""item"": ""数値"", ""value"": ""5年ごとに更新"", ""note"": ""試験頻出""}, {""item"": ""根拠"", ""value"": ""区分所有法等"", ""note"": ""条文確認""}, {""item"": ""主体"", ""value"": ""管理組合"", ""note"": ""管業は支援""}, {""item"": ""試験"", ""value"": ""混同肢"", ""note"": ""正誤確認""}, {""item"": ""確認"", ""value"": ""用語集"", ""note"": ""最新要項""}]",適正化法届出：5年ごとに更新の数値（S41）｜管業,適正化法届出（実務連動）の数値・要件を整理します。数値は条文・規約で確認してください。数値・日程・合格基準はマンション管理業協会（www.mankan.or.jp）の試験要項で必ずご確認ください。,5年ごとに更新（登録・要項）;条文確認;決議と区別;試験の正誤肢に注意,数値固定暗記;管業が決定;決議混同;試験の正誤肢に注意,「5年ごとに更新を確認」。,更新登録;管理規約,数値の要点は？,適正化法届出（実務連動）の数値・要件を整理します。条文・規約で最新を確認してください。管業試験では用語集と条文の対応づけが得点の鍵になります。最新の試験要項もあわせて確認してください。賃管試験では用語集と条文の対応づけが得点の鍵になります。最新の試験要項もあわせて確認してください。,試験の引っかけは？,普通・特別・建替え決議と混同しないでください。管業試験では用語集と条文の対応づけが得点の鍵になります。最新の試験要項もあわせて確認してください。賃管試験では用語集と条文の対応づけが得点の鍵になります。最新の試験要項もあわせて確認してください。,試験対策の進め方は？,数値一覧表を作成し、過去問を反復してください。管業試験では用語集と条文の対応づけが得点の鍵になります。最新の試験要項もあわせて確認してください。賃管試験では用語集と条文の対応づけが得点の鍵になります。最新の試験要項もあわせて確認してください。,確認先はどこですか？,区分所有法・適正化法・www.mankan.or.jpを参照してください。管業試験では用語集と条文の対応づけが得点の鍵になります。最新の試験要項もあわせて確認してください。賃管試験では用語集と条文の対応づけが得点の鍵になります。最新の試験要項もあわせて確認してください。
senyu-kanri-num-s41,専有部管理：立入り・通知の数値（S41）,区分所有法,専有部管理;区分所有者,専有部管理（実務連動）の数値・要件を整理します。,立入り・通知（区分所有法）,"[{""item"": ""数値"", ""value"": ""立入り・通知"", ""note"": ""試験頻出""}, {""item"": ""根拠"", ""value"": ""区分所有法等"", ""note"": ""条文確認""}, {""item"": ""主体"", ""value"": ""管理組合"", ""note"": ""管業は支援""}, {""item"": ""試験"", ""value"": ""混同肢"", ""note"": ""正誤確認""}, {""item"": ""確認"", ""value"": ""用語集"", ""note"": ""最新要項""}]",専有部管理：立入り・通知の数値（S41）｜管業,専有部管理（実務連動）の数値・要件を整理します。数値は条文・規約で確認してください。数値・日程・合格基準はマンション管理業協会（www.mankan.or.jp）の試験要項で必ずご確認ください。,立入り・通知（区分所有法）;条文確認;決議と区別;試験の正誤肢に注意,数値固定暗記;管業が決定;決議混同;試験の正誤肢に注意,「立入り・通知を確認」。,区分所有者;管理規約,数値の要点は？,専有部管理（実務連動）の数値・要件を整理します。条文・規約で最新を確認してください。管業試験では用語集と条文の対応づけが得点の鍵になります。最新の試験要項もあわせて確認してください。賃管試験では用語集と条文の対応づけが得点の鍵になります。最新の試験要項もあわせて確認してください。,試験の引っかけは？,普通・特別・建替え決議と混同しないでください。管業試験では用語集と条文の対応づけが得点の鍵になります。最新の試験要項もあわせて確認してください。賃管試験では用語集と条文の対応づけが得点の鍵になります。最新の試験要項もあわせて確認してください。,試験対策の進め方は？,数値一覧表を作成し、過去問を反復してください。管業試験では用語集と条文の対応づけが得点の鍵になります。最新の試験要項もあわせて確認してください。賃管試験では用語集と条文の対応づけが得点の鍵になります。最新の試験要項もあわせて確認してください。,確認先はどこですか？,区分所有法・適正化法・www.mankan.or.jpを参照してください。管業試験では用語集と条文の対応づけが得点の鍵になります。最新の試験要項もあわせて確認してください。賃管試験では用語集と条文の対応づけが得点の鍵になります。最新の試験要項もあわせて確認してください。
kanrinin-kyouiku-num-s41,管理員教育：一定規模以上の数値（S41）,管理適正化法,管理員教育;管理員,管理員教育（実務連動）の数値・要件を整理します。,一定規模以上（施行規則確認）,"[{""item"": ""数値"", ""value"": ""一定規模以上"", ""note"": ""試験頻出""}, {""item"": ""根拠"", ""value"": ""区分所有法等"", ""note"": ""条文確認""}, {""item"": ""主体"", ""value"": ""管理組合"", ""note"": ""管業は支援""}, {""item"": ""試験"", ""value"": ""混同肢"", ""note"": ""正誤確認""}, {""item"": ""確認"", ""value"": ""用語集"", ""note"": ""最新要項""}]",管理員教育：一定規模以上の数値（S41）｜管業,管理員教育（実務連動）の数値・要件を整理します。数値は条文・規約で確認してください。数値・日程・合格基準はマンション管理業協会（www.mankan.or.jp）の試験要項で必ずご確認ください。,一定規模以上（施行規則確認）;条文確認;決議と区別;試験の正誤肢に注意,数値固定暗記;管業が決定;決議混同;試験の正誤肢に注意,「一定規模以上を確認」。,管理員;管理規約,数値の要点は？,管理員教育（実務連動）の数値・要件を整理します。条文・規約で最新を確認してください。管業試験では用語集と条文の対応づけが得点の鍵になります。最新の試験要項もあわせて確認してください。賃管試験では用語集と条文の対応づけが得点の鍵になります。最新の試験要項もあわせて確認してください。,試験の引っかけは？,普通・特別・建替え決議と混同しないでください。管業試験では用語集と条文の対応づけが得点の鍵になります。最新の試験要項もあわせて確認してください。賃管試験では用語集と条文の対応づけが得点の鍵になります。最新の試験要項もあわせて確認してください。,試験対策の進め方は？,数値一覧表を作成し、過去問を反復してください。管業試験では用語集と条文の対応づけが得点の鍵になります。最新の試験要項もあわせて確認してください。賃管試験では用語集と条文の対応づけが得点の鍵になります。最新の試験要項もあわせて確認してください。,確認先はどこですか？,区分所有法・適正化法・www.mankan.or.jpを参照してください。管業試験では用語集と条文の対応づけが得点の鍵になります。最新の試験要項もあわせて確認してください。賃管試験では用語集と条文の対応づけが得点の鍵になります。最新の試験要項もあわせて確認してください。
kaikei-houkoku-num-s41,会計報告：区分会計・報告の数値（S41）,区分所有法,会計報告;修繕積立金会計,会計報告（実務連動）の数値・要件を整理します。,区分会計・報告（規約確認）,"[{""item"": ""数値"", ""value"": ""区分会計・報告"", ""note"": ""試験頻出""}, {""item"": ""根拠"", ""value"": ""区分所有法等"", ""note"": ""条文確認""}, {""item"": ""主体"", ""value"": ""管理組合"", ""note"": ""管業は支援""}, {""item"": ""試験"", ""value"": ""混同肢"", ""note"": ""正誤確認""}, {""item"": ""確認"", ""value"": ""用語集"", ""note"": ""最新要項""}]",会計報告：区分会計・報告の数値（S41）｜管業,会計報告（実務連動）の数値・要件を整理します。数値は条文・規約で確認してください。数値・日程・合格基準はマンション管理業協会（www.mankan.or.jp）の試験要項で必ずご確認ください。,区分会計・報告（規約確認）;条文確認;決議と区別;試験の正誤肢に注意,数値固定暗記;管業が決定;決議混同;試験の正誤肢に注意,「区分会計・報告を確認」。,修繕積立金会計;管理規約,数値の要点は？,会計報告（実務連動）の数値・要件を整理します。条文・規約で最新を確認してください。管業試験では用語集と条文の対応づけが得点の鍵になります。最新の試験要項もあわせて確認してください。賃管試験では用語集と条文の対応づけが得点の鍵になります。最新の試験要項もあわせて確認してください。,試験の引っかけは？,普通・特別・建替え決議と混同しないでください。管業試験では用語集と条文の対応づけが得点の鍵になります。最新の試験要項もあわせて確認してください。賃管試験では用語集と条文の対応づけが得点の鍵になります。最新の試験要項もあわせて確認してください。,試験対策の進め方は？,数値一覧表を作成し、過去問を反復してください。管業試験では用語集と条文の対応づけが得点の鍵になります。最新の試験要項もあわせて確認してください。賃管試験では用語集と条文の対応づけが得点の鍵になります。最新の試験要項もあわせて確認してください。,確認先はどこですか？,区分所有法・適正化法・www.mankan.or.jpを参照してください。管業試験では用語集と条文の対応づけが得点の鍵になります。最新の試験要項もあわせて確認してください。賃管試験では用語集と条文の対応づけが得点の鍵になります。最新の試験要項もあわせて確認してください。
tatekae-tetsuzuki-num-s41,建替え手続：5分の4以上の数値（S41）,区分所有法,建替え手続;5分の4議決権,建替え手続（実務連動）の数値・要件を整理します。,5分の4以上（建替え・条文確認）,"[{""item"": ""数値"", ""value"": ""5分の4以上"", ""note"": ""試験頻出""}, {""item"": ""根拠"", ""value"": ""区分所有法等"", ""note"": ""条文確認""}, {""item"": ""主体"", ""value"": ""管理組合"", ""note"": ""管業は支援""}, {""item"": ""試験"", ""value"": ""混同肢"", ""note"": ""正誤確認""}, {""item"": ""確認"", ""value"": ""用語集"", ""note"": ""最新要項""}]",建替え手続：5分の4以上の数値（S41）｜管業,建替え手続（実務連動）の数値・要件を整理します。数値は条文・規約で確認してください。数値・日程・合格基準はマンション管理業協会（www.mankan.or.jp）の試験要項で必ずご確認ください。,5分の4以上（建替え・条文確認）;条文確認;決議と区別;試験の正誤肢に注意,数値固定暗記;管業が決定;決議混同;試験の正誤肢に注意,「5分の4以上を確認」。,5分の4議決権;管理規約,数値の要点は？,建替え手続（実務連動）の数値・要件を整理します。条文・規約で最新を確認してください。管業試験では用語集と条文の対応づけが得点の鍵になります。最新の試験要項もあわせて確認してください。賃管試験では用語集と条文の対応づけが得点の鍵になります。最新の試験要項もあわせて確認してください。,試験の引っかけは？,普通・特別・建替え決議と混同しないでください。管業試験では用語集と条文の対応づけが得点の鍵になります。最新の試験要項もあわせて確認してください。賃管試験では用語集と条文の対応づけが得点の鍵になります。最新の試験要項もあわせて確認してください。,試験対策の進め方は？,数値一覧表を作成し、過去問を反復してください。管業試験では用語集と条文の対応づけが得点の鍵になります。最新の試験要項もあわせて確認してください。賃管試験では用語集と条文の対応づけが得点の鍵になります。最新の試験要項もあわせて確認してください。,確認先はどこですか？,区分所有法・適正化法・www.mankan.or.jpを参照してください。管業試験では用語集と条文の対応づけが得点の鍵になります。最新の試験要項もあわせて確認してください。賃管試験では用語集と条文の対応づけが得点の鍵になります。最新の試験要項もあわせて確認してください。
kangyou-chokuzen-num-s41,管業直前：50問の数値（S41）,判例・横断総合,管業直前;管理業務主任者試験,管業直前（実務連動）の数値・要件を整理します。,50問（マークシート・要項確認）,"[{""item"": ""数値"", ""value"": ""50問"", ""note"": ""試験頻出""}, {""item"": ""根拠"", ""value"": ""区分所有法等"", ""note"": ""条文確認""}, {""item"": ""主体"", ""value"": ""管理組合"", ""note"": ""管業は支援""}, {""item"": ""試験"", ""value"": ""混同肢"", ""note"": ""正誤確認""}, {""item"": ""確認"", ""value"": ""用語集"", ""note"": ""最新要項""}]",管業直前：50問の数値（S41）｜管業,管業直前（実務連動）の数値・要件を整理します。数値は条文・規約で確認してください。数値・日程・合格基準はマンション管理業協会（www.mankan.or.jp）の試験要項で必ずご確認ください。,50問（マークシート・要項確認）;条文確認;決議と区別;試験の正誤肢に注意,数値固定暗記;管業が決定;決議混同;試験の正誤肢に注意,「50問を確認」。（暗記用フレーズ）,管理業務主任者試験;管理規約,数値の要点は？,管業直前（実務連動）の数値・要件を整理します。条文・規約で最新を確認してください。管業試験では用語集と条文の対応づけが得点の鍵になります。最新の試験要項もあわせて確認してください。賃管試験では用語集と条文の対応づけが得点の鍵になります。最新の試験要項もあわせて確認してください。,試験の引っかけは？,普通・特別・建替え決議と混同しないでください。管業試験では用語集と条文の対応づけが得点の鍵になります。最新の試験要項もあわせて確認してください。賃管試験では用語集と条文の対応づけが得点の鍵になります。最新の試験要項もあわせて確認してください。,試験対策の進め方は？,数値一覧表を作成し、過去問を反復してください。管業試験では用語集と条文の対応づけが得点の鍵になります。最新の試験要項もあわせて確認してください。賃管試験では用語集と条文の対応づけが得点の鍵になります。最新の試験要項もあわせて確認してください。,確認先はどこですか？,区分所有法・適正化法・www.mankan.or.jpを参照してください。管業試験では用語集と条文の対応づけが得点の鍵になります。最新の試験要項もあわせて確認してください。賃管試験では用語集と条文の対応づけが得点の鍵になります。最新の試験要項もあわせて確認してください。
kumiai-kansa-num-s42,管理組合監査：規約・実務で定めるの数値（S42）,区分所有法,管理組合監査;監査,管理組合監査（試験頻出）の数値・要件を整理します。,規約・実務で定める,"[{""item"": ""数値"", ""value"": ""規約・実務で定める"", ""note"": ""試験頻出""}, {""item"": ""根拠"", ""value"": ""区分所有法等"", ""note"": ""条文確認""}, {""item"": ""主体"", ""value"": ""管理組合"", ""note"": ""管業は支援""}, {""item"": ""試験"", ""value"": ""混同肢"", ""note"": ""正誤確認""}, {""item"": ""確認"", ""value"": ""用語集"", ""note"": ""最新要項""}]",管理組合監査：規約・実務で定めるの数値（S42）｜管業,管理組合監査（試験頻出）の数値・要件を整理します。数値は条文・規約で確認してください。数値・日程・合格基準はマンション管理業協会（www.mankan.or.jp）の試験要項で必ずご確認ください。,規約・実務で定める;条文確認;決議と区別;試験の正誤肢に注意,数値固定暗記;管業が決定;決議混同;試験の正誤肢に注意,「規約・実務で定めるを確認」。,監査;管理規約,数値の要点は？,管理組合監査（試験頻出）の数値・要件を整理します。条文・規約で最新を確認してください。管業試験では用語集と条文の対応づけが得点の鍵になります。最新の試験要項もあわせて確認してください。賃管試験では用語集と条文の対応づけが得点の鍵になります。最新の試験要項もあわせて確認してください。,試験の引っかけは？,普通・特別・建替え決議と混同しないでください。管業試験では用語集と条文の対応づけが得点の鍵になります。最新の試験要項もあわせて確認してください。賃管試験では用語集と条文の対応づけが得点の鍵になります。最新の試験要項もあわせて確認してください。,試験対策の進め方は？,数値一覧表を作成し、過去問を反復してください。管業試験では用語集と条文の対応づけが得点の鍵になります。最新の試験要項もあわせて確認してください。賃管試験では用語集と条文の対応づけが得点の鍵になります。最新の試験要項もあわせて確認してください。,確認先はどこですか？,区分所有法・適正化法・www.mankan.or.jpを参照してください。管業試験では用語集と条文の対応づけが得点の鍵になります。最新の試験要項もあわせて確認してください。賃管試験では用語集と条文の対応づけが得点の鍵になります。最新の試験要項もあわせて確認してください。
shuzen-kouji-num-s42,修繕工事：積立金取崩しの数値（S42）,区分所有法,修繕工事;修繕積立金,修繕工事（試験頻出）の数値・要件を整理します。,積立金取崩し（規約確認）,"[{""item"": ""数値"", ""value"": ""積立金取崩し"", ""note"": ""試験頻出""}, {""item"": ""根拠"", ""value"": ""区分所有法等"", ""note"": ""条文確認""}, {""item"": ""主体"", ""value"": ""管理組合"", ""note"": ""管業は支援""}, {""item"": ""試験"", ""value"": ""混同肢"", ""note"": ""正誤確認""}, {""item"": ""確認"", ""value"": ""用語集"", ""note"": ""最新要項""}]",修繕工事：積立金取崩しの数値（S42）｜管業,修繕工事（試験頻出）の数値・要件を整理します。数値は条文・規約で確認してください。数値・日程・合格基準はマンション管理業協会（www.mankan.or.jp）の試験要項で必ずご確認ください。,積立金取崩し（規約確認）;条文確認;決議と区別;試験の正誤肢に注意,数値固定暗記;管業が決定;決議混同;試験の正誤肢に注意,「積立金取崩しを確認」。,修繕積立金;管理規約,数値の要点は？,修繕工事（試験頻出）の数値・要件を整理します。条文・規約で最新を確認してください。管業試験では用語集と条文の対応づけが得点の鍵になります。最新の試験要項もあわせて確認してください。賃管試験では用語集と条文の対応づけが得点の鍵になります。最新の試験要項もあわせて確認してください。,試験の引っかけは？,普通・特別・建替え決議と混同しないでください。管業試験では用語集と条文の対応づけが得点の鍵になります。最新の試験要項もあわせて確認してください。賃管試験では用語集と条文の対応づけが得点の鍵になります。最新の試験要項もあわせて確認してください。,試験対策の進め方は？,数値一覧表を作成し、過去問を反復してください。管業試験では用語集と条文の対応づけが得点の鍵になります。最新の試験要項もあわせて確認してください。賃管試験では用語集と条文の対応づけが得点の鍵になります。最新の試験要項もあわせて確認してください。,確認先はどこですか？,区分所有法・適正化法・www.mankan.or.jpを参照してください。管業試験では用語集と条文の対応づけが得点の鍵になります。最新の試験要項もあわせて確認してください。賃管試験では用語集と条文の対応づけが得点の鍵になります。最新の試験要項もあわせて確認してください。
sokai-shoushu-num-s42,総会招集：招集通知期間の数値（S42）,区分所有法,総会招集;総会,総会招集（試験頻出）の数値・要件を整理します。,招集通知期間（規約・目安）,"[{""item"": ""数値"", ""value"": ""招集通知期間"", ""note"": ""試験頻出""}, {""item"": ""根拠"", ""value"": ""区分所有法等"", ""note"": ""条文確認""}, {""item"": ""主体"", ""value"": ""管理組合"", ""note"": ""管業は支援""}, {""item"": ""試験"", ""value"": ""混同肢"", ""note"": ""正誤確認""}, {""item"": ""確認"", ""value"": ""用語集"", ""note"": ""最新要項""}]",総会招集：招集通知期間の数値（S42）｜管業,総会招集（試験頻出）の数値・要件を整理します。数値は条文・規約で確認してください。数値・日程・合格基準はマンション管理業協会（www.mankan.or.jp）の試験要項で必ずご確認ください。,招集通知期間（規約・目安）;条文確認;決議と区別;試験の正誤肢に注意,数値固定暗記;管業が決定;決議混同;試験の正誤肢に注意,「招集通知期間を確認」。,総会;管理規約,数値の要点は？,総会招集（試験頻出）の数値・要件を整理します。条文・規約で最新を確認してください。管業試験では用語集と条文の対応づけが得点の鍵になります。最新の試験要項もあわせて確認してください。賃管試験では用語集と条文の対応づけが得点の鍵になります。最新の試験要項もあわせて確認してください。,試験の引っかけは？,普通・特別・建替え決議と混同しないでください。管業試験では用語集と条文の対応づけが得点の鍵になります。最新の試験要項もあわせて確認してください。賃管試験では用語集と条文の対応づけが得点の鍵になります。最新の試験要項もあわせて確認してください。,試験対策の進め方は？,数値一覧表を作成し、過去問を反復してください。管業試験では用語集と条文の対応づけが得点の鍵になります。最新の試験要項もあわせて確認してください。賃管試験では用語集と条文の対応づけが得点の鍵になります。最新の試験要項もあわせて確認してください。,確認先はどこですか？,区分所有法・適正化法・www.mankan.or.jpを参照してください。管業試験では用語集と条文の対応づけが得点の鍵になります。最新の試験要項もあわせて確認してください。賃管試験では用語集と条文の対応づけが得点の鍵になります。最新の試験要項もあわせて確認してください。
kanri-itaku-koushin-num-s42,管理委託更新：契約期間・更新の数値（S42）,区分所有法,管理委託更新;管理組合,管理委託更新（試験頻出）の数値・要件を整理します。,契約期間・更新（規約確認）,"[{""item"": ""数値"", ""value"": ""契約期間・更新"", ""note"": ""試験頻出""}, {""item"": ""根拠"", ""value"": ""区分所有法等"", ""note"": ""条文確認""}, {""item"": ""主体"", ""value"": ""管理組合"", ""note"": ""管業は支援""}, {""item"": ""試験"", ""value"": ""混同肢"", ""note"": ""正誤確認""}, {""item"": ""確認"", ""value"": ""用語集"", ""note"": ""最新要項""}]",管理委託更新：契約期間・更新の数値（S42）｜管業,管理委託更新（試験頻出）の数値・要件を整理します。数値は条文・規約で確認してください。数値・日程・合格基準はマンション管理業協会（www.mankan.or.jp）の試験要項で必ずご確認ください。,契約期間・更新（規約確認）;条文確認;決議と区別;試験の正誤肢に注意,数値固定暗記;管業が決定;決議混同;試験の正誤肢に注意,「契約期間・更新を確認」。,管理組合;管理規約,数値の要点は？,管理委託更新（試験頻出）の数値・要件を整理します。条文・規約で最新を確認してください。管業試験では用語集と条文の対応づけが得点の鍵になります。最新の試験要項もあわせて確認してください。賃管試験では用語集と条文の対応づけが得点の鍵になります。最新の試験要項もあわせて確認してください。,試験の引っかけは？,普通・特別・建替え決議と混同しないでください。管業試験では用語集と条文の対応づけが得点の鍵になります。最新の試験要項もあわせて確認してください。賃管試験では用語集と条文の対応づけが得点の鍵になります。最新の試験要項もあわせて確認してください。,試験対策の進め方は？,数値一覧表を作成し、過去問を反復してください。管業試験では用語集と条文の対応づけが得点の鍵になります。最新の試験要項もあわせて確認してください。賃管試験では用語集と条文の対応づけが得点の鍵になります。最新の試験要項もあわせて確認してください。,確認先はどこですか？,区分所有法・適正化法・www.mankan.or.jpを参照してください。管業試験では用語集と条文の対応づけが得点の鍵になります。最新の試験要項もあわせて確認してください。賃管試験では用語集と条文の対応づけが得点の鍵になります。最新の試験要項もあわせて確認してください。
tekiseika-todoke-num-s42,適正化法届出：5年ごとに更新の数値（S42）,管理適正化法,適正化法届出;更新登録,適正化法届出（試験頻出）の数値・要件を整理します。,5年ごとに更新（登録・要項）,"[{""item"": ""数値"", ""value"": ""5年ごとに更新"", ""note"": ""試験頻出""}, {""item"": ""根拠"", ""value"": ""区分所有法等"", ""note"": ""条文確認""}, {""item"": ""主体"", ""value"": ""管理組合"", ""note"": ""管業は支援""}, {""item"": ""試験"", ""value"": ""混同肢"", ""note"": ""正誤確認""}, {""item"": ""確認"", ""value"": ""用語集"", ""note"": ""最新要項""}]",適正化法届出：5年ごとに更新の数値（S42）｜管業,適正化法届出（試験頻出）の数値・要件を整理します。数値は条文・規約で確認してください。数値・日程・合格基準はマンション管理業協会（www.mankan.or.jp）の試験要項で必ずご確認ください。,5年ごとに更新（登録・要項）;条文確認;決議と区別;試験の正誤肢に注意,数値固定暗記;管業が決定;決議混同;試験の正誤肢に注意,「5年ごとに更新を確認」。,更新登録;管理規約,数値の要点は？,適正化法届出（試験頻出）の数値・要件を整理します。条文・規約で最新を確認してください。管業試験では用語集と条文の対応づけが得点の鍵になります。最新の試験要項もあわせて確認してください。賃管試験では用語集と条文の対応づけが得点の鍵になります。最新の試験要項もあわせて確認してください。,試験の引っかけは？,普通・特別・建替え決議と混同しないでください。管業試験では用語集と条文の対応づけが得点の鍵になります。最新の試験要項もあわせて確認してください。賃管試験では用語集と条文の対応づけが得点の鍵になります。最新の試験要項もあわせて確認してください。,試験対策の進め方は？,数値一覧表を作成し、過去問を反復してください。管業試験では用語集と条文の対応づけが得点の鍵になります。最新の試験要項もあわせて確認してください。賃管試験では用語集と条文の対応づけが得点の鍵になります。最新の試験要項もあわせて確認してください。,確認先はどこですか？,区分所有法・適正化法・www.mankan.or.jpを参照してください。管業試験では用語集と条文の対応づけが得点の鍵になります。最新の試験要項もあわせて確認してください。賃管試験では用語集と条文の対応づけが得点の鍵になります。最新の試験要項もあわせて確認してください。
senyu-kanri-num-s42,専有部管理：立入り・通知の数値（S42）,区分所有法,専有部管理;区分所有者,専有部管理（試験頻出）の数値・要件を整理します。,立入り・通知（区分所有法）,"[{""item"": ""数値"", ""value"": ""立入り・通知"", ""note"": ""試験頻出""}, {""item"": ""根拠"", ""value"": ""区分所有法等"", ""note"": ""条文確認""}, {""item"": ""主体"", ""value"": ""管理組合"", ""note"": ""管業は支援""}, {""item"": ""試験"", ""value"": ""混同肢"", ""note"": ""正誤確認""}, {""item"": ""確認"", ""value"": ""用語集"", ""note"": ""最新要項""}]",専有部管理：立入り・通知の数値（S42）｜管業,専有部管理（試験頻出）の数値・要件を整理します。数値は条文・規約で確認してください。数値・日程・合格基準はマンション管理業協会（www.mankan.or.jp）の試験要項で必ずご確認ください。,立入り・通知（区分所有法）;条文確認;決議と区別;試験の正誤肢に注意,数値固定暗記;管業が決定;決議混同;試験の正誤肢に注意,「立入り・通知を確認」。,区分所有者;管理規約,数値の要点は？,専有部管理（試験頻出）の数値・要件を整理します。条文・規約で最新を確認してください。管業試験では用語集と条文の対応づけが得点の鍵になります。最新の試験要項もあわせて確認してください。賃管試験では用語集と条文の対応づけが得点の鍵になります。最新の試験要項もあわせて確認してください。,試験の引っかけは？,普通・特別・建替え決議と混同しないでください。管業試験では用語集と条文の対応づけが得点の鍵になります。最新の試験要項もあわせて確認してください。賃管試験では用語集と条文の対応づけが得点の鍵になります。最新の試験要項もあわせて確認してください。,試験対策の進め方は？,数値一覧表を作成し、過去問を反復してください。管業試験では用語集と条文の対応づけが得点の鍵になります。最新の試験要項もあわせて確認してください。賃管試験では用語集と条文の対応づけが得点の鍵になります。最新の試験要項もあわせて確認してください。,確認先はどこですか？,区分所有法・適正化法・www.mankan.or.jpを参照してください。管業試験では用語集と条文の対応づけが得点の鍵になります。最新の試験要項もあわせて確認してください。賃管試験では用語集と条文の対応づけが得点の鍵になります。最新の試験要項もあわせて確認してください。
kanrinin-kyouiku-num-s42,管理員教育：一定規模以上の数値（S42）,管理適正化法,管理員教育;管理員,管理員教育（試験頻出）の数値・要件を整理します。,一定規模以上（施行規則確認）,"[{""item"": ""数値"", ""value"": ""一定規模以上"", ""note"": ""試験頻出""}, {""item"": ""根拠"", ""value"": ""区分所有法等"", ""note"": ""条文確認""}, {""item"": ""主体"", ""value"": ""管理組合"", ""note"": ""管業は支援""}, {""item"": ""試験"", ""value"": ""混同肢"", ""note"": ""正誤確認""}, {""item"": ""確認"", ""value"": ""用語集"", ""note"": ""最新要項""}]",管理員教育：一定規模以上の数値（S42）｜管業,管理員教育（試験頻出）の数値・要件を整理します。数値は条文・規約で確認してください。数値・日程・合格基準はマンション管理業協会（www.mankan.or.jp）の試験要項で必ずご確認ください。,一定規模以上（施行規則確認）;条文確認;決議と区別;試験の正誤肢に注意,数値固定暗記;管業が決定;決議混同;試験の正誤肢に注意,「一定規模以上を確認」。,管理員;管理規約,数値の要点は？,管理員教育（試験頻出）の数値・要件を整理します。条文・規約で最新を確認してください。管業試験では用語集と条文の対応づけが得点の鍵になります。最新の試験要項もあわせて確認してください。賃管試験では用語集と条文の対応づけが得点の鍵になります。最新の試験要項もあわせて確認してください。,試験の引っかけは？,普通・特別・建替え決議と混同しないでください。管業試験では用語集と条文の対応づけが得点の鍵になります。最新の試験要項もあわせて確認してください。賃管試験では用語集と条文の対応づけが得点の鍵になります。最新の試験要項もあわせて確認してください。,試験対策の進め方は？,数値一覧表を作成し、過去問を反復してください。管業試験では用語集と条文の対応づけが得点の鍵になります。最新の試験要項もあわせて確認してください。賃管試験では用語集と条文の対応づけが得点の鍵になります。最新の試験要項もあわせて確認してください。,確認先はどこですか？,区分所有法・適正化法・www.mankan.or.jpを参照してください。管業試験では用語集と条文の対応づけが得点の鍵になります。最新の試験要項もあわせて確認してください。賃管試験では用語集と条文の対応づけが得点の鍵になります。最新の試験要項もあわせて確認してください。
kaikei-houkoku-num-s42,会計報告：区分会計・報告の数値（S42）,区分所有法,会計報告;修繕積立金会計,会計報告（試験頻出）の数値・要件を整理します。,区分会計・報告（規約確認）,"[{""item"": ""数値"", ""value"": ""区分会計・報告"", ""note"": ""試験頻出""}, {""item"": ""根拠"", ""value"": ""区分所有法等"", ""note"": ""条文確認""}, {""item"": ""主体"", ""value"": ""管理組合"", ""note"": ""管業は支援""}, {""item"": ""試験"", ""value"": ""混同肢"", ""note"": ""正誤確認""}, {""item"": ""確認"", ""value"": ""用語集"", ""note"": ""最新要項""}]",会計報告：区分会計・報告の数値（S42）｜管業,会計報告（試験頻出）の数値・要件を整理します。数値は条文・規約で確認してください。数値・日程・合格基準はマンション管理業協会（www.mankan.or.jp）の試験要項で必ずご確認ください。,区分会計・報告（規約確認）;条文確認;決議と区別;試験の正誤肢に注意,数値固定暗記;管業が決定;決議混同;試験の正誤肢に注意,「区分会計・報告を確認」。,修繕積立金会計;管理規約,数値の要点は？,会計報告（試験頻出）の数値・要件を整理します。条文・規約で最新を確認してください。管業試験では用語集と条文の対応づけが得点の鍵になります。最新の試験要項もあわせて確認してください。賃管試験では用語集と条文の対応づけが得点の鍵になります。最新の試験要項もあわせて確認してください。,試験の引っかけは？,普通・特別・建替え決議と混同しないでください。管業試験では用語集と条文の対応づけが得点の鍵になります。最新の試験要項もあわせて確認してください。賃管試験では用語集と条文の対応づけが得点の鍵になります。最新の試験要項もあわせて確認してください。,試験対策の進め方は？,数値一覧表を作成し、過去問を反復してください。管業試験では用語集と条文の対応づけが得点の鍵になります。最新の試験要項もあわせて確認してください。賃管試験では用語集と条文の対応づけが得点の鍵になります。最新の試験要項もあわせて確認してください。,確認先はどこですか？,区分所有法・適正化法・www.mankan.or.jpを参照してください。管業試験では用語集と条文の対応づけが得点の鍵になります。最新の試験要項もあわせて確認してください。賃管試験では用語集と条文の対応づけが得点の鍵になります。最新の試験要項もあわせて確認してください。
tatekae-tetsuzuki-num-s42,建替え手続：5分の4以上の数値（S42）,区分所有法,建替え手続;5分の4議決権,建替え手続（試験頻出）の数値・要件を整理します。,5分の4以上（建替え・条文確認）,"[{""item"": ""数値"", ""value"": ""5分の4以上"", ""note"": ""試験頻出""}, {""item"": ""根拠"", ""value"": ""区分所有法等"", ""note"": ""条文確認""}, {""item"": ""主体"", ""value"": ""管理組合"", ""note"": ""管業は支援""}, {""item"": ""試験"", ""value"": ""混同肢"", ""note"": ""正誤確認""}, {""item"": ""確認"", ""value"": ""用語集"", ""note"": ""最新要項""}]",建替え手続：5分の4以上の数値（S42）｜管業,建替え手続（試験頻出）の数値・要件を整理します。数値は条文・規約で確認してください。数値・日程・合格基準はマンション管理業協会（www.mankan.or.jp）の試験要項で必ずご確認ください。,5分の4以上（建替え・条文確認）;条文確認;決議と区別;試験の正誤肢に注意,数値固定暗記;管業が決定;決議混同;試験の正誤肢に注意,「5分の4以上を確認」。,5分の4議決権;管理規約,数値の要点は？,建替え手続（試験頻出）の数値・要件を整理します。条文・規約で最新を確認してください。管業試験では用語集と条文の対応づけが得点の鍵になります。最新の試験要項もあわせて確認してください。賃管試験では用語集と条文の対応づけが得点の鍵になります。最新の試験要項もあわせて確認してください。,試験の引っかけは？,普通・特別・建替え決議と混同しないでください。管業試験では用語集と条文の対応づけが得点の鍵になります。最新の試験要項もあわせて確認してください。賃管試験では用語集と条文の対応づけが得点の鍵になります。最新の試験要項もあわせて確認してください。,試験対策の進め方は？,数値一覧表を作成し、過去問を反復してください。管業試験では用語集と条文の対応づけが得点の鍵になります。最新の試験要項もあわせて確認してください。賃管試験では用語集と条文の対応づけが得点の鍵になります。最新の試験要項もあわせて確認してください。,確認先はどこですか？,区分所有法・適正化法・www.mankan.or.jpを参照してください。管業試験では用語集と条文の対応づけが得点の鍵になります。最新の試験要項もあわせて確認してください。賃管試験では用語集と条文の対応づけが得点の鍵になります。最新の試験要項もあわせて確認してください。
kangyou-chokuzen-num-s42,管業直前：50問の数値（S42）,判例・横断総合,管業直前;管理業務主任者試験,管業直前（試験頻出）の数値・要件を整理します。,50問（マークシート・要項確認）,"[{""item"": ""数値"", ""value"": ""50問"", ""note"": ""試験頻出""}, {""item"": ""根拠"", ""value"": ""区分所有法等"", ""note"": ""条文確認""}, {""item"": ""主体"", ""value"": ""管理組合"", ""note"": ""管業は支援""}, {""item"": ""試験"", ""value"": ""混同肢"", ""note"": ""正誤確認""}, {""item"": ""確認"", ""value"": ""用語集"", ""note"": ""最新要項""}]",管業直前：50問の数値（S42）｜管業,管業直前（試験頻出）の数値・要件を整理します。数値は条文・規約で確認してください。数値・日程・合格基準はマンション管理業協会（www.mankan.or.jp）の試験要項で必ずご確認ください。,50問（マークシート・要項確認）;条文確認;決議と区別;試験の正誤肢に注意,数値固定暗記;管業が決定;決議混同;試験の正誤肢に注意,「50問を確認」。（暗記用フレーズ）,管理業務主任者試験;管理規約,数値の要点は？,管業直前（試験頻出）の数値・要件を整理します。条文・規約で最新を確認してください。管業試験では用語集と条文の対応づけが得点の鍵になります。最新の試験要項もあわせて確認してください。賃管試験では用語集と条文の対応づけが得点の鍵になります。最新の試験要項もあわせて確認してください。,試験の引っかけは？,普通・特別・建替え決議と混同しないでください。管業試験では用語集と条文の対応づけが得点の鍵になります。最新の試験要項もあわせて確認してください。賃管試験では用語集と条文の対応づけが得点の鍵になります。最新の試験要項もあわせて確認してください。,試験対策の進め方は？,数値一覧表を作成し、過去問を反復してください。管業試験では用語集と条文の対応づけが得点の鍵になります。最新の試験要項もあわせて確認してください。賃管試験では用語集と条文の対応づけが得点の鍵になります。最新の試験要項もあわせて確認してください。,確認先はどこですか？,区分所有法・適正化法・www.mankan.or.jpを参照してください。管業試験では用語集と条文の対応づけが得点の鍵になります。最新の試験要項もあわせて確認してください。賃管試験では用語集と条文の対応づけが得点の鍵になります。最新の試験要項もあわせて確認してください。
kumiai-kansa-num-s43,管理組合監査：規約・実務で定めるの数値（S43）,区分所有法,管理組合監査;監査,管理組合監査（判例・ガイド）の数値・要件を整理します。,規約・実務で定める,"[{""item"": ""数値"", ""value"": ""規約・実務で定める"", ""note"": ""試験頻出""}, {""item"": ""根拠"", ""value"": ""区分所有法等"", ""note"": ""条文確認""}, {""item"": ""主体"", ""value"": ""管理組合"", ""note"": ""管業は支援""}, {""item"": ""試験"", ""value"": ""混同肢"", ""note"": ""正誤確認""}, {""item"": ""確認"", ""value"": ""用語集"", ""note"": ""最新要項""}]",管理組合監査：規約・実務で定めるの数値（S43）｜管業,管理組合監査（判例・ガイド）の数値・要件を整理します。数値は条文・規約で確認してください。数値・日程・合格基準はマンション管理業協会（www.mankan.or.jp）の試験要項で必ずご確認ください。,規約・実務で定める;条文確認;決議と区別;試験の正誤肢に注意,数値固定暗記;管業が決定;決議混同;試験の正誤肢に注意,「規約・実務で定めるを確認」。,監査;管理規約,数値の要点は？,管理組合監査（判例・ガイド）の数値・要件を整理します。条文・規約で最新を確認してください。管業試験では用語集と条文の対応づけが得点の鍵になります。最新の試験要項もあわせて確認してください。賃管試験では用語集と条文の対応づけが得点の鍵になります。最新の試験要項もあわせて確認してください。,試験の引っかけは？,普通・特別・建替え決議と混同しないでください。管業試験では用語集と条文の対応づけが得点の鍵になります。最新の試験要項もあわせて確認してください。賃管試験では用語集と条文の対応づけが得点の鍵になります。最新の試験要項もあわせて確認してください。,試験対策の進め方は？,数値一覧表を作成し、過去問を反復してください。管業試験では用語集と条文の対応づけが得点の鍵になります。最新の試験要項もあわせて確認してください。賃管試験では用語集と条文の対応づけが得点の鍵になります。最新の試験要項もあわせて確認してください。,確認先はどこですか？,区分所有法・適正化法・www.mankan.or.jpを参照してください。管業試験では用語集と条文の対応づけが得点の鍵になります。最新の試験要項もあわせて確認してください。賃管試験では用語集と条文の対応づけが得点の鍵になります。最新の試験要項もあわせて確認してください。
shuzen-kouji-num-s43,修繕工事：積立金取崩しの数値（S43）,区分所有法,修繕工事;修繕積立金,修繕工事（判例・ガイド）の数値・要件を整理します。,積立金取崩し（規約確認）,"[{""item"": ""数値"", ""value"": ""積立金取崩し"", ""note"": ""試験頻出""}, {""item"": ""根拠"", ""value"": ""区分所有法等"", ""note"": ""条文確認""}, {""item"": ""主体"", ""value"": ""管理組合"", ""note"": ""管業は支援""}, {""item"": ""試験"", ""value"": ""混同肢"", ""note"": ""正誤確認""}, {""item"": ""確認"", ""value"": ""用語集"", ""note"": ""最新要項""}]",修繕工事：積立金取崩しの数値（S43）｜管業,修繕工事（判例・ガイド）の数値・要件を整理します。数値は条文・規約で確認してください。数値・日程・合格基準はマンション管理業協会（www.mankan.or.jp）の試験要項で必ずご確認ください。,積立金取崩し（規約確認）;条文確認;決議と区別;試験の正誤肢に注意,数値固定暗記;管業が決定;決議混同;試験の正誤肢に注意,「積立金取崩しを確認」。,修繕積立金;管理規約,数値の要点は？,修繕工事（判例・ガイド）の数値・要件を整理します。条文・規約で最新を確認してください。管業試験では用語集と条文の対応づけが得点の鍵になります。最新の試験要項もあわせて確認してください。賃管試験では用語集と条文の対応づけが得点の鍵になります。最新の試験要項もあわせて確認してください。,試験の引っかけは？,普通・特別・建替え決議と混同しないでください。管業試験では用語集と条文の対応づけが得点の鍵になります。最新の試験要項もあわせて確認してください。賃管試験では用語集と条文の対応づけが得点の鍵になります。最新の試験要項もあわせて確認してください。,試験対策の進め方は？,数値一覧表を作成し、過去問を反復してください。管業試験では用語集と条文の対応づけが得点の鍵になります。最新の試験要項もあわせて確認してください。賃管試験では用語集と条文の対応づけが得点の鍵になります。最新の試験要項もあわせて確認してください。,確認先はどこですか？,区分所有法・適正化法・www.mankan.or.jpを参照してください。管業試験では用語集と条文の対応づけが得点の鍵になります。最新の試験要項もあわせて確認してください。賃管試験では用語集と条文の対応づけが得点の鍵になります。最新の試験要項もあわせて確認してください。
sokai-shoushu-num-s43,総会招集：招集通知期間の数値（S43）,区分所有法,総会招集;総会,総会招集（判例・ガイド）の数値・要件を整理します。,招集通知期間（規約・目安）,"[{""item"": ""数値"", ""value"": ""招集通知期間"", ""note"": ""試験頻出""}, {""item"": ""根拠"", ""value"": ""区分所有法等"", ""note"": ""条文確認""}, {""item"": ""主体"", ""value"": ""管理組合"", ""note"": ""管業は支援""}, {""item"": ""試験"", ""value"": ""混同肢"", ""note"": ""正誤確認""}, {""item"": ""確認"", ""value"": ""用語集"", ""note"": ""最新要項""}]",総会招集：招集通知期間の数値（S43）｜管業,総会招集（判例・ガイド）の数値・要件を整理します。数値は条文・規約で確認してください。数値・日程・合格基準はマンション管理業協会（www.mankan.or.jp）の試験要項で必ずご確認ください。,招集通知期間（規約・目安）;条文確認;決議と区別;試験の正誤肢に注意,数値固定暗記;管業が決定;決議混同;試験の正誤肢に注意,「招集通知期間を確認」。,総会;管理規約,数値の要点は？,総会招集（判例・ガイド）の数値・要件を整理します。条文・規約で最新を確認してください。管業試験では用語集と条文の対応づけが得点の鍵になります。最新の試験要項もあわせて確認してください。賃管試験では用語集と条文の対応づけが得点の鍵になります。最新の試験要項もあわせて確認してください。,試験の引っかけは？,普通・特別・建替え決議と混同しないでください。管業試験では用語集と条文の対応づけが得点の鍵になります。最新の試験要項もあわせて確認してください。賃管試験では用語集と条文の対応づけが得点の鍵になります。最新の試験要項もあわせて確認してください。,試験対策の進め方は？,数値一覧表を作成し、過去問を反復してください。管業試験では用語集と条文の対応づけが得点の鍵になります。最新の試験要項もあわせて確認してください。賃管試験では用語集と条文の対応づけが得点の鍵になります。最新の試験要項もあわせて確認してください。,確認先はどこですか？,区分所有法・適正化法・www.mankan.or.jpを参照してください。管業試験では用語集と条文の対応づけが得点の鍵になります。最新の試験要項もあわせて確認してください。賃管試験では用語集と条文の対応づけが得点の鍵になります。最新の試験要項もあわせて確認してください。
kanri-itaku-koushin-num-s43,管理委託更新：契約期間・更新の数値（S43）,区分所有法,管理委託更新;管理組合,管理委託更新（判例・ガイド）の数値・要件を整理します。,契約期間・更新（規約確認）,"[{""item"": ""数値"", ""value"": ""契約期間・更新"", ""note"": ""試験頻出""}, {""item"": ""根拠"", ""value"": ""区分所有法等"", ""note"": ""条文確認""}, {""item"": ""主体"", ""value"": ""管理組合"", ""note"": ""管業は支援""}, {""item"": ""試験"", ""value"": ""混同肢"", ""note"": ""正誤確認""}, {""item"": ""確認"", ""value"": ""用語集"", ""note"": ""最新要項""}]",管理委託更新：契約期間・更新の数値（S43）｜管業,管理委託更新（判例・ガイド）の数値・要件を整理します。数値は条文・規約で確認してください。数値・日程・合格基準はマンション管理業協会（www.mankan.or.jp）の試験要項で必ずご確認ください。,契約期間・更新（規約確認）;条文確認;決議と区別;試験の正誤肢に注意,数値固定暗記;管業が決定;決議混同;試験の正誤肢に注意,「契約期間・更新を確認」。,管理組合;管理規約,数値の要点は？,管理委託更新（判例・ガイド）の数値・要件を整理します。条文・規約で最新を確認してください。管業試験では用語集と条文の対応づけが得点の鍵になります。最新の試験要項もあわせて確認してください。賃管試験では用語集と条文の対応づけが得点の鍵になります。最新の試験要項もあわせて確認してください。,試験の引っかけは？,普通・特別・建替え決議と混同しないでください。管業試験では用語集と条文の対応づけが得点の鍵になります。最新の試験要項もあわせて確認してください。賃管試験では用語集と条文の対応づけが得点の鍵になります。最新の試験要項もあわせて確認してください。,試験対策の進め方は？,数値一覧表を作成し、過去問を反復してください。管業試験では用語集と条文の対応づけが得点の鍵になります。最新の試験要項もあわせて確認してください。賃管試験では用語集と条文の対応づけが得点の鍵になります。最新の試験要項もあわせて確認してください。,確認先はどこですか？,区分所有法・適正化法・www.mankan.or.jpを参照してください。管業試験では用語集と条文の対応づけが得点の鍵になります。最新の試験要項もあわせて確認してください。賃管試験では用語集と条文の対応づけが得点の鍵になります。最新の試験要項もあわせて確認してください。
tekiseika-todoke-num-s43,適正化法届出：5年ごとに更新の数値（S43）,管理適正化法,適正化法届出;更新登録,適正化法届出（判例・ガイド）の数値・要件を整理します。,5年ごとに更新（登録・要項）,"[{""item"": ""数値"", ""value"": ""5年ごとに更新"", ""note"": ""試験頻出""}, {""item"": ""根拠"", ""value"": ""区分所有法等"", ""note"": ""条文確認""}, {""item"": ""主体"", ""value"": ""管理組合"", ""note"": ""管業は支援""}, {""item"": ""試験"", ""value"": ""混同肢"", ""note"": ""正誤確認""}, {""item"": ""確認"", ""value"": ""用語集"", ""note"": ""最新要項""}]",適正化法届出：5年ごとに更新の数値（S43）｜管業,適正化法届出（判例・ガイド）の数値・要件を整理します。数値は条文・規約で確認してください。数値・日程・合格基準はマンション管理業協会（www.mankan.or.jp）の試験要項で必ずご確認ください。,5年ごとに更新（登録・要項）;条文確認;決議と区別;試験の正誤肢に注意,数値固定暗記;管業が決定;決議混同;試験の正誤肢に注意,「5年ごとに更新を確認」。,更新登録;管理規約,数値の要点は？,適正化法届出（判例・ガイド）の数値・要件を整理します。条文・規約で最新を確認してください。管業試験では用語集と条文の対応づけが得点の鍵になります。最新の試験要項もあわせて確認してください。賃管試験では用語集と条文の対応づけが得点の鍵になります。最新の試験要項もあわせて確認してください。,試験の引っかけは？,普通・特別・建替え決議と混同しないでください。管業試験では用語集と条文の対応づけが得点の鍵になります。最新の試験要項もあわせて確認してください。賃管試験では用語集と条文の対応づけが得点の鍵になります。最新の試験要項もあわせて確認してください。,試験対策の進め方は？,数値一覧表を作成し、過去問を反復してください。管業試験では用語集と条文の対応づけが得点の鍵になります。最新の試験要項もあわせて確認してください。賃管試験では用語集と条文の対応づけが得点の鍵になります。最新の試験要項もあわせて確認してください。,確認先はどこですか？,区分所有法・適正化法・www.mankan.or.jpを参照してください。管業試験では用語集と条文の対応づけが得点の鍵になります。最新の試験要項もあわせて確認してください。賃管試験では用語集と条文の対応づけが得点の鍵になります。最新の試験要項もあわせて確認してください。
senyu-kanri-num-s43,専有部管理：立入り・通知の数値（S43）,区分所有法,専有部管理;区分所有者,専有部管理（判例・ガイド）の数値・要件を整理します。,立入り・通知（区分所有法）,"[{""item"": ""数値"", ""value"": ""立入り・通知"", ""note"": ""試験頻出""}, {""item"": ""根拠"", ""value"": ""区分所有法等"", ""note"": ""条文確認""}, {""item"": ""主体"", ""value"": ""管理組合"", ""note"": ""管業は支援""}, {""item"": ""試験"", ""value"": ""混同肢"", ""note"": ""正誤確認""}, {""item"": ""確認"", ""value"": ""用語集"", ""note"": ""最新要項""}]",専有部管理：立入り・通知の数値（S43）｜管業,専有部管理（判例・ガイド）の数値・要件を整理します。数値は条文・規約で確認してください。数値・日程・合格基準はマンション管理業協会（www.mankan.or.jp）の試験要項で必ずご確認ください。,立入り・通知（区分所有法）;条文確認;決議と区別;試験の正誤肢に注意,数値固定暗記;管業が決定;決議混同;試験の正誤肢に注意,「立入り・通知を確認」。,区分所有者;管理規約,数値の要点は？,専有部管理（判例・ガイド）の数値・要件を整理します。条文・規約で最新を確認してください。管業試験では用語集と条文の対応づけが得点の鍵になります。最新の試験要項もあわせて確認してください。賃管試験では用語集と条文の対応づけが得点の鍵になります。最新の試験要項もあわせて確認してください。,試験の引っかけは？,普通・特別・建替え決議と混同しないでください。管業試験では用語集と条文の対応づけが得点の鍵になります。最新の試験要項もあわせて確認してください。賃管試験では用語集と条文の対応づけが得点の鍵になります。最新の試験要項もあわせて確認してください。,試験対策の進め方は？,数値一覧表を作成し、過去問を反復してください。管業試験では用語集と条文の対応づけが得点の鍵になります。最新の試験要項もあわせて確認してください。賃管試験では用語集と条文の対応づけが得点の鍵になります。最新の試験要項もあわせて確認してください。,確認先はどこですか？,区分所有法・適正化法・www.mankan.or.jpを参照してください。管業試験では用語集と条文の対応づけが得点の鍵になります。最新の試験要項もあわせて確認してください。賃管試験では用語集と条文の対応づけが得点の鍵になります。最新の試験要項もあわせて確認してください。
kanrinin-kyouiku-num-s43,管理員教育：一定規模以上の数値（S43）,管理適正化法,管理員教育;管理員,管理員教育（判例・ガイド）の数値・要件を整理します。,一定規模以上（施行規則確認）,"[{""item"": ""数値"", ""value"": ""一定規模以上"", ""note"": ""試験頻出""}, {""item"": ""根拠"", ""value"": ""区分所有法等"", ""note"": ""条文確認""}, {""item"": ""主体"", ""value"": ""管理組合"", ""note"": ""管業は支援""}, {""item"": ""試験"", ""value"": ""混同肢"", ""note"": ""正誤確認""}, {""item"": ""確認"", ""value"": ""用語集"", ""note"": ""最新要項""}]",管理員教育：一定規模以上の数値（S43）｜管業,管理員教育（判例・ガイド）の数値・要件を整理します。数値は条文・規約で確認してください。数値・日程・合格基準はマンション管理業協会（www.mankan.or.jp）の試験要項で必ずご確認ください。,一定規模以上（施行規則確認）;条文確認;決議と区別;試験の正誤肢に注意,数値固定暗記;管業が決定;決議混同;試験の正誤肢に注意,「一定規模以上を確認」。,管理員;管理規約,数値の要点は？,管理員教育（判例・ガイド）の数値・要件を整理します。条文・規約で最新を確認してください。管業試験では用語集と条文の対応づけが得点の鍵になります。最新の試験要項もあわせて確認してください。賃管試験では用語集と条文の対応づけが得点の鍵になります。最新の試験要項もあわせて確認してください。,試験の引っかけは？,普通・特別・建替え決議と混同しないでください。管業試験では用語集と条文の対応づけが得点の鍵になります。最新の試験要項もあわせて確認してください。賃管試験では用語集と条文の対応づけが得点の鍵になります。最新の試験要項もあわせて確認してください。,試験対策の進め方は？,数値一覧表を作成し、過去問を反復してください。管業試験では用語集と条文の対応づけが得点の鍵になります。最新の試験要項もあわせて確認してください。賃管試験では用語集と条文の対応づけが得点の鍵になります。最新の試験要項もあわせて確認してください。,確認先はどこですか？,区分所有法・適正化法・www.mankan.or.jpを参照してください。管業試験では用語集と条文の対応づけが得点の鍵になります。最新の試験要項もあわせて確認してください。賃管試験では用語集と条文の対応づけが得点の鍵になります。最新の試験要項もあわせて確認してください。
kaikei-houkoku-num-s43,会計報告：区分会計・報告の数値（S43）,区分所有法,会計報告;修繕積立金会計,会計報告（判例・ガイド）の数値・要件を整理します。,区分会計・報告（規約確認）,"[{""item"": ""数値"", ""value"": ""区分会計・報告"", ""note"": ""試験頻出""}, {""item"": ""根拠"", ""value"": ""区分所有法等"", ""note"": ""条文確認""}, {""item"": ""主体"", ""value"": ""管理組合"", ""note"": ""管業は支援""}, {""item"": ""試験"", ""value"": ""混同肢"", ""note"": ""正誤確認""}, {""item"": ""確認"", ""value"": ""用語集"", ""note"": ""最新要項""}]",会計報告：区分会計・報告の数値（S43）｜管業,会計報告（判例・ガイド）の数値・要件を整理します。数値は条文・規約で確認してください。数値・日程・合格基準はマンション管理業協会（www.mankan.or.jp）の試験要項で必ずご確認ください。,区分会計・報告（規約確認）;条文確認;決議と区別;試験の正誤肢に注意,数値固定暗記;管業が決定;決議混同;試験の正誤肢に注意,「区分会計・報告を確認」。,修繕積立金会計;管理規約,数値の要点は？,会計報告（判例・ガイド）の数値・要件を整理します。条文・規約で最新を確認してください。管業試験では用語集と条文の対応づけが得点の鍵になります。最新の試験要項もあわせて確認してください。賃管試験では用語集と条文の対応づけが得点の鍵になります。最新の試験要項もあわせて確認してください。,試験の引っかけは？,普通・特別・建替え決議と混同しないでください。管業試験では用語集と条文の対応づけが得点の鍵になります。最新の試験要項もあわせて確認してください。賃管試験では用語集と条文の対応づけが得点の鍵になります。最新の試験要項もあわせて確認してください。,試験対策の進め方は？,数値一覧表を作成し、過去問を反復してください。管業試験では用語集と条文の対応づけが得点の鍵になります。最新の試験要項もあわせて確認してください。賃管試験では用語集と条文の対応づけが得点の鍵になります。最新の試験要項もあわせて確認してください。,確認先はどこですか？,区分所有法・適正化法・www.mankan.or.jpを参照してください。管業試験では用語集と条文の対応づけが得点の鍵になります。最新の試験要項もあわせて確認してください。賃管試験では用語集と条文の対応づけが得点の鍵になります。最新の試験要項もあわせて確認してください。
tatekae-tetsuzuki-num-s43,建替え手続：5分の4以上の数値（S43）,区分所有法,建替え手続;5分の4議決権,建替え手続（判例・ガイド）の数値・要件を整理します。,5分の4以上（建替え・条文確認）,"[{""item"": ""数値"", ""value"": ""5分の4以上"", ""note"": ""試験頻出""}, {""item"": ""根拠"", ""value"": ""区分所有法等"", ""note"": ""条文確認""}, {""item"": ""主体"", ""value"": ""管理組合"", ""note"": ""管業は支援""}, {""item"": ""試験"", ""value"": ""混同肢"", ""note"": ""正誤確認""}, {""item"": ""確認"", ""value"": ""用語集"", ""note"": ""最新要項""}]",建替え手続：5分の4以上の数値（S43）｜管業,建替え手続（判例・ガイド）の数値・要件を整理します。数値は条文・規約で確認してください。数値・日程・合格基準はマンション管理業協会（www.mankan.or.jp）の試験要項で必ずご確認ください。,5分の4以上（建替え・条文確認）;条文確認;決議と区別;試験の正誤肢に注意,数値固定暗記;管業が決定;決議混同;試験の正誤肢に注意,「5分の4以上を確認」。,5分の4議決権;管理規約,数値の要点は？,建替え手続（判例・ガイド）の数値・要件を整理します。条文・規約で最新を確認してください。管業試験では用語集と条文の対応づけが得点の鍵になります。最新の試験要項もあわせて確認してください。賃管試験では用語集と条文の対応づけが得点の鍵になります。最新の試験要項もあわせて確認してください。,試験の引っかけは？,普通・特別・建替え決議と混同しないでください。管業試験では用語集と条文の対応づけが得点の鍵になります。最新の試験要項もあわせて確認してください。賃管試験では用語集と条文の対応づけが得点の鍵になります。最新の試験要項もあわせて確認してください。,試験対策の進め方は？,数値一覧表を作成し、過去問を反復してください。管業試験では用語集と条文の対応づけが得点の鍵になります。最新の試験要項もあわせて確認してください。賃管試験では用語集と条文の対応づけが得点の鍵になります。最新の試験要項もあわせて確認してください。,確認先はどこですか？,区分所有法・適正化法・www.mankan.or.jpを参照してください。管業試験では用語集と条文の対応づけが得点の鍵になります。最新の試験要項もあわせて確認してください。賃管試験では用語集と条文の対応づけが得点の鍵になります。最新の試験要項もあわせて確認してください。
kangyou-chokuzen-num-s43,管業直前：50問の数値（S43）,判例・横断総合,管業直前;管理業務主任者試験,管業直前（判例・ガイド）の数値・要件を整理します。,50問（マークシート・要項確認）,"[{""item"": ""数値"", ""value"": ""50問"", ""note"": ""試験頻出""}, {""item"": ""根拠"", ""value"": ""区分所有法等"", ""note"": ""条文確認""}, {""item"": ""主体"", ""value"": ""管理組合"", ""note"": ""管業は支援""}, {""item"": ""試験"", ""value"": ""混同肢"", ""note"": ""正誤確認""}, {""item"": ""確認"", ""value"": ""用語集"", ""note"": ""最新要項""}]",管業直前：50問の数値（S43）｜管業,管業直前（判例・ガイド）の数値・要件を整理します。数値は条文・規約で確認してください。数値・日程・合格基準はマンション管理業協会（www.mankan.or.jp）の試験要項で必ずご確認ください。,50問（マークシート・要項確認）;条文確認;決議と区別;試験の正誤肢に注意,数値固定暗記;管業が決定;決議混同;試験の正誤肢に注意,「50問を確認」。（暗記用フレーズ）,管理業務主任者試験;管理規約,数値の要点は？,管業直前（判例・ガイド）の数値・要件を整理します。条文・規約で最新を確認してください。管業試験では用語集と条文の対応づけが得点の鍵になります。最新の試験要項もあわせて確認してください。賃管試験では用語集と条文の対応づけが得点の鍵になります。最新の試験要項もあわせて確認してください。,試験の引っかけは？,普通・特別・建替え決議と混同しないでください。管業試験では用語集と条文の対応づけが得点の鍵になります。最新の試験要項もあわせて確認してください。賃管試験では用語集と条文の対応づけが得点の鍵になります。最新の試験要項もあわせて確認してください。,試験対策の進め方は？,数値一覧表を作成し、過去問を反復してください。管業試験では用語集と条文の対応づけが得点の鍵になります。最新の試験要項もあわせて確認してください。賃管試験では用語集と条文の対応づけが得点の鍵になります。最新の試験要項もあわせて確認してください。,確認先はどこですか？,区分所有法・適正化法・www.mankan.or.jpを参照してください。管業試験では用語集と条文の対応づけが得点の鍵になります。最新の試験要項もあわせて確認してください。賃管試験では用語集と条文の対応づけが得点の鍵になります。最新の試験要項もあわせて確認してください。
kumiai-kansa-num-s44,管理組合監査：規約・実務で定めるの数値（S44）,区分所有法,管理組合監査;監査,管理組合監査（横断総合）の数値・要件を整理します。,規約・実務で定める,"[{""item"": ""数値"", ""value"": ""規約・実務で定める"", ""note"": ""試験頻出""}, {""item"": ""根拠"", ""value"": ""区分所有法等"", ""note"": ""条文確認""}, {""item"": ""主体"", ""value"": ""管理組合"", ""note"": ""管業は支援""}, {""item"": ""試験"", ""value"": ""混同肢"", ""note"": ""正誤確認""}, {""item"": ""確認"", ""value"": ""用語集"", ""note"": ""最新要項""}]",管理組合監査：規約・実務で定めるの数値（S44）｜管業,管理組合監査（横断総合）の数値・要件を整理します。数値は条文・規約で確認してください。数値・日程・合格基準はマンション管理業協会（www.mankan.or.jp）の試験要項で必ずご確認ください。,規約・実務で定める;条文確認;決議と区別;試験の正誤肢に注意,数値固定暗記;管業が決定;決議混同;試験の正誤肢に注意,「規約・実務で定めるを確認」。,監査;管理規約,数値の要点は？,管理組合監査（横断総合）の数値・要件を整理します。条文・規約で最新を確認してください。管業試験では用語集と条文の対応づけが得点の鍵になります。最新の試験要項もあわせて確認してください。賃管試験では用語集と条文の対応づけが得点の鍵になります。最新の試験要項もあわせて確認してください。,試験の引っかけは？,普通・特別・建替え決議と混同しないでください。管業試験では用語集と条文の対応づけが得点の鍵になります。最新の試験要項もあわせて確認してください。賃管試験では用語集と条文の対応づけが得点の鍵になります。最新の試験要項もあわせて確認してください。,試験対策の進め方は？,数値一覧表を作成し、過去問を反復してください。管業試験では用語集と条文の対応づけが得点の鍵になります。最新の試験要項もあわせて確認してください。賃管試験では用語集と条文の対応づけが得点の鍵になります。最新の試験要項もあわせて確認してください。,確認先はどこですか？,区分所有法・適正化法・www.mankan.or.jpを参照してください。管業試験では用語集と条文の対応づけが得点の鍵になります。最新の試験要項もあわせて確認してください。賃管試験では用語集と条文の対応づけが得点の鍵になります。最新の試験要項もあわせて確認してください。
shuzen-kouji-num-s44,修繕工事：積立金取崩しの数値（S44）,区分所有法,修繕工事;修繕積立金,修繕工事（横断総合）の数値・要件を整理します。,積立金取崩し（規約確認）,"[{""item"": ""数値"", ""value"": ""積立金取崩し"", ""note"": ""試験頻出""}, {""item"": ""根拠"", ""value"": ""区分所有法等"", ""note"": ""条文確認""}, {""item"": ""主体"", ""value"": ""管理組合"", ""note"": ""管業は支援""}, {""item"": ""試験"", ""value"": ""混同肢"", ""note"": ""正誤確認""}, {""item"": ""確認"", ""value"": ""用語集"", ""note"": ""最新要項""}]",修繕工事：積立金取崩しの数値（S44）｜管業,修繕工事（横断総合）の数値・要件を整理します。数値は条文・規約で確認してください。数値・日程・合格基準はマンション管理業協会（www.mankan.or.jp）の試験要項で必ずご確認ください。,積立金取崩し（規約確認）;条文確認;決議と区別;試験の正誤肢に注意,数値固定暗記;管業が決定;決議混同;試験の正誤肢に注意,「積立金取崩しを確認」。,修繕積立金;管理規約,数値の要点は？,修繕工事（横断総合）の数値・要件を整理します。条文・規約で最新を確認してください。管業試験では用語集と条文の対応づけが得点の鍵になります。最新の試験要項もあわせて確認してください。賃管試験では用語集と条文の対応づけが得点の鍵になります。最新の試験要項もあわせて確認してください。,試験の引っかけは？,普通・特別・建替え決議と混同しないでください。管業試験では用語集と条文の対応づけが得点の鍵になります。最新の試験要項もあわせて確認してください。賃管試験では用語集と条文の対応づけが得点の鍵になります。最新の試験要項もあわせて確認してください。,試験対策の進め方は？,数値一覧表を作成し、過去問を反復してください。管業試験では用語集と条文の対応づけが得点の鍵になります。最新の試験要項もあわせて確認してください。賃管試験では用語集と条文の対応づけが得点の鍵になります。最新の試験要項もあわせて確認してください。,確認先はどこですか？,区分所有法・適正化法・www.mankan.or.jpを参照してください。管業試験では用語集と条文の対応づけが得点の鍵になります。最新の試験要項もあわせて確認してください。賃管試験では用語集と条文の対応づけが得点の鍵になります。最新の試験要項もあわせて確認してください。
sokai-shoushu-num-s44,総会招集：招集通知期間の数値（S44）,区分所有法,総会招集;総会,総会招集（横断総合）の数値・要件を整理します。,招集通知期間（規約・目安）,"[{""item"": ""数値"", ""value"": ""招集通知期間"", ""note"": ""試験頻出""}, {""item"": ""根拠"", ""value"": ""区分所有法等"", ""note"": ""条文確認""}, {""item"": ""主体"", ""value"": ""管理組合"", ""note"": ""管業は支援""}, {""item"": ""試験"", ""value"": ""混同肢"", ""note"": ""正誤確認""}, {""item"": ""確認"", ""value"": ""用語集"", ""note"": ""最新要項""}]",総会招集：招集通知期間の数値（S44）｜管業,総会招集（横断総合）の数値・要件を整理します。数値は条文・規約で確認してください。数値・日程・合格基準はマンション管理業協会（www.mankan.or.jp）の試験要項で必ずご確認ください。,招集通知期間（規約・目安）;条文確認;決議と区別;試験の正誤肢に注意,数値固定暗記;管業が決定;決議混同;試験の正誤肢に注意,「招集通知期間を確認」。,総会;管理規約,数値の要点は？,総会招集（横断総合）の数値・要件を整理します。条文・規約で最新を確認してください。管業試験では用語集と条文の対応づけが得点の鍵になります。最新の試験要項もあわせて確認してください。賃管試験では用語集と条文の対応づけが得点の鍵になります。最新の試験要項もあわせて確認してください。,試験の引っかけは？,普通・特別・建替え決議と混同しないでください。管業試験では用語集と条文の対応づけが得点の鍵になります。最新の試験要項もあわせて確認してください。賃管試験では用語集と条文の対応づけが得点の鍵になります。最新の試験要項もあわせて確認してください。,試験対策の進め方は？,数値一覧表を作成し、過去問を反復してください。管業試験では用語集と条文の対応づけが得点の鍵になります。最新の試験要項もあわせて確認してください。賃管試験では用語集と条文の対応づけが得点の鍵になります。最新の試験要項もあわせて確認してください。,確認先はどこですか？,区分所有法・適正化法・www.mankan.or.jpを参照してください。管業試験では用語集と条文の対応づけが得点の鍵になります。最新の試験要項もあわせて確認してください。賃管試験では用語集と条文の対応づけが得点の鍵になります。最新の試験要項もあわせて確認してください。
kanri-itaku-koushin-num-s44,管理委託更新：契約期間・更新の数値（S44）,区分所有法,管理委託更新;管理組合,管理委託更新（横断総合）の数値・要件を整理します。,契約期間・更新（規約確認）,"[{""item"": ""数値"", ""value"": ""契約期間・更新"", ""note"": ""試験頻出""}, {""item"": ""根拠"", ""value"": ""区分所有法等"", ""note"": ""条文確認""}, {""item"": ""主体"", ""value"": ""管理組合"", ""note"": ""管業は支援""}, {""item"": ""試験"", ""value"": ""混同肢"", ""note"": ""正誤確認""}, {""item"": ""確認"", ""value"": ""用語集"", ""note"": ""最新要項""}]",管理委託更新：契約期間・更新の数値（S44）｜管業,管理委託更新（横断総合）の数値・要件を整理します。数値は条文・規約で確認してください。数値・日程・合格基準はマンション管理業協会（www.mankan.or.jp）の試験要項で必ずご確認ください。,契約期間・更新（規約確認）;条文確認;決議と区別;試験の正誤肢に注意,数値固定暗記;管業が決定;決議混同;試験の正誤肢に注意,「契約期間・更新を確認」。,管理組合;管理規約,数値の要点は？,管理委託更新（横断総合）の数値・要件を整理します。条文・規約で最新を確認してください。管業試験では用語集と条文の対応づけが得点の鍵になります。最新の試験要項もあわせて確認してください。賃管試験では用語集と条文の対応づけが得点の鍵になります。最新の試験要項もあわせて確認してください。,試験の引っかけは？,普通・特別・建替え決議と混同しないでください。管業試験では用語集と条文の対応づけが得点の鍵になります。最新の試験要項もあわせて確認してください。賃管試験では用語集と条文の対応づけが得点の鍵になります。最新の試験要項もあわせて確認してください。,試験対策の進め方は？,数値一覧表を作成し、過去問を反復してください。管業試験では用語集と条文の対応づけが得点の鍵になります。最新の試験要項もあわせて確認してください。賃管試験では用語集と条文の対応づけが得点の鍵になります。最新の試験要項もあわせて確認してください。,確認先はどこですか？,区分所有法・適正化法・www.mankan.or.jpを参照してください。管業試験では用語集と条文の対応づけが得点の鍵になります。最新の試験要項もあわせて確認してください。賃管試験では用語集と条文の対応づけが得点の鍵になります。最新の試験要項もあわせて確認してください。
tekiseika-todoke-num-s44,適正化法届出：5年ごとに更新の数値（S44）,管理適正化法,適正化法届出;更新登録,適正化法届出（横断総合）の数値・要件を整理します。,5年ごとに更新（登録・要項）,"[{""item"": ""数値"", ""value"": ""5年ごとに更新"", ""note"": ""試験頻出""}, {""item"": ""根拠"", ""value"": ""区分所有法等"", ""note"": ""条文確認""}, {""item"": ""主体"", ""value"": ""管理組合"", ""note"": ""管業は支援""}, {""item"": ""試験"", ""value"": ""混同肢"", ""note"": ""正誤確認""}, {""item"": ""確認"", ""value"": ""用語集"", ""note"": ""最新要項""}]",適正化法届出：5年ごとに更新の数値（S44）｜管業,適正化法届出（横断総合）の数値・要件を整理します。数値は条文・規約で確認してください。数値・日程・合格基準はマンション管理業協会（www.mankan.or.jp）の試験要項で必ずご確認ください。,5年ごとに更新（登録・要項）;条文確認;決議と区別;試験の正誤肢に注意,数値固定暗記;管業が決定;決議混同;試験の正誤肢に注意,「5年ごとに更新を確認」。,更新登録;管理規約,数値の要点は？,適正化法届出（横断総合）の数値・要件を整理します。条文・規約で最新を確認してください。管業試験では用語集と条文の対応づけが得点の鍵になります。最新の試験要項もあわせて確認してください。賃管試験では用語集と条文の対応づけが得点の鍵になります。最新の試験要項もあわせて確認してください。,試験の引っかけは？,普通・特別・建替え決議と混同しないでください。管業試験では用語集と条文の対応づけが得点の鍵になります。最新の試験要項もあわせて確認してください。賃管試験では用語集と条文の対応づけが得点の鍵になります。最新の試験要項もあわせて確認してください。,試験対策の進め方は？,数値一覧表を作成し、過去問を反復してください。管業試験では用語集と条文の対応づけが得点の鍵になります。最新の試験要項もあわせて確認してください。賃管試験では用語集と条文の対応づけが得点の鍵になります。最新の試験要項もあわせて確認してください。,確認先はどこですか？,区分所有法・適正化法・www.mankan.or.jpを参照してください。管業試験では用語集と条文の対応づけが得点の鍵になります。最新の試験要項もあわせて確認してください。賃管試験では用語集と条文の対応づけが得点の鍵になります。最新の試験要項もあわせて確認してください。
senyu-kanri-num-s44,専有部管理：立入り・通知の数値（S44）,区分所有法,専有部管理;区分所有者,専有部管理（横断総合）の数値・要件を整理します。,立入り・通知（区分所有法）,"[{""item"": ""数値"", ""value"": ""立入り・通知"", ""note"": ""試験頻出""}, {""item"": ""根拠"", ""value"": ""区分所有法等"", ""note"": ""条文確認""}, {""item"": ""主体"", ""value"": ""管理組合"", ""note"": ""管業は支援""}, {""item"": ""試験"", ""value"": ""混同肢"", ""note"": ""正誤確認""}, {""item"": ""確認"", ""value"": ""用語集"", ""note"": ""最新要項""}]",専有部管理：立入り・通知の数値（S44）｜管業,専有部管理（横断総合）の数値・要件を整理します。数値は条文・規約で確認してください。数値・日程・合格基準はマンション管理業協会（www.mankan.or.jp）の試験要項で必ずご確認ください。,立入り・通知（区分所有法）;条文確認;決議と区別;試験の正誤肢に注意,数値固定暗記;管業が決定;決議混同;試験の正誤肢に注意,「立入り・通知を確認」。,区分所有者;管理規約,数値の要点は？,専有部管理（横断総合）の数値・要件を整理します。条文・規約で最新を確認してください。管業試験では用語集と条文の対応づけが得点の鍵になります。最新の試験要項もあわせて確認してください。賃管試験では用語集と条文の対応づけが得点の鍵になります。最新の試験要項もあわせて確認してください。,試験の引っかけは？,普通・特別・建替え決議と混同しないでください。管業試験では用語集と条文の対応づけが得点の鍵になります。最新の試験要項もあわせて確認してください。賃管試験では用語集と条文の対応づけが得点の鍵になります。最新の試験要項もあわせて確認してください。,試験対策の進め方は？,数値一覧表を作成し、過去問を反復してください。管業試験では用語集と条文の対応づけが得点の鍵になります。最新の試験要項もあわせて確認してください。賃管試験では用語集と条文の対応づけが得点の鍵になります。最新の試験要項もあわせて確認してください。,確認先はどこですか？,区分所有法・適正化法・www.mankan.or.jpを参照してください。管業試験では用語集と条文の対応づけが得点の鍵になります。最新の試験要項もあわせて確認してください。賃管試験では用語集と条文の対応づけが得点の鍵になります。最新の試験要項もあわせて確認してください。
kanrinin-kyouiku-num-s44,管理員教育：一定規模以上の数値（S44）,管理適正化法,管理員教育;管理員,管理員教育（横断総合）の数値・要件を整理します。,一定規模以上（施行規則確認）,"[{""item"": ""数値"", ""value"": ""一定規模以上"", ""note"": ""試験頻出""}, {""item"": ""根拠"", ""value"": ""区分所有法等"", ""note"": ""条文確認""}, {""item"": ""主体"", ""value"": ""管理組合"", ""note"": ""管業は支援""}, {""item"": ""試験"", ""value"": ""混同肢"", ""note"": ""正誤確認""}, {""item"": ""確認"", ""value"": ""用語集"", ""note"": ""最新要項""}]",管理員教育：一定規模以上の数値（S44）｜管業,管理員教育（横断総合）の数値・要件を整理します。数値は条文・規約で確認してください。数値・日程・合格基準はマンション管理業協会（www.mankan.or.jp）の試験要項で必ずご確認ください。,一定規模以上（施行規則確認）;条文確認;決議と区別;試験の正誤肢に注意,数値固定暗記;管業が決定;決議混同;試験の正誤肢に注意,「一定規模以上を確認」。,管理員;管理規約,数値の要点は？,管理員教育（横断総合）の数値・要件を整理します。条文・規約で最新を確認してください。管業試験では用語集と条文の対応づけが得点の鍵になります。最新の試験要項もあわせて確認してください。賃管試験では用語集と条文の対応づけが得点の鍵になります。最新の試験要項もあわせて確認してください。,試験の引っかけは？,普通・特別・建替え決議と混同しないでください。管業試験では用語集と条文の対応づけが得点の鍵になります。最新の試験要項もあわせて確認してください。賃管試験では用語集と条文の対応づけが得点の鍵になります。最新の試験要項もあわせて確認してください。,試験対策の進め方は？,数値一覧表を作成し、過去問を反復してください。管業試験では用語集と条文の対応づけが得点の鍵になります。最新の試験要項もあわせて確認してください。賃管試験では用語集と条文の対応づけが得点の鍵になります。最新の試験要項もあわせて確認してください。,確認先はどこですか？,区分所有法・適正化法・www.mankan.or.jpを参照してください。管業試験では用語集と条文の対応づけが得点の鍵になります。最新の試験要項もあわせて確認してください。賃管試験では用語集と条文の対応づけが得点の鍵になります。最新の試験要項もあわせて確認してください。
kaikei-houkoku-num-s44,会計報告：区分会計・報告の数値（S44）,区分所有法,会計報告;修繕積立金会計,会計報告（横断総合）の数値・要件を整理します。,区分会計・報告（規約確認）,"[{""item"": ""数値"", ""value"": ""区分会計・報告"", ""note"": ""試験頻出""}, {""item"": ""根拠"", ""value"": ""区分所有法等"", ""note"": ""条文確認""}, {""item"": ""主体"", ""value"": ""管理組合"", ""note"": ""管業は支援""}, {""item"": ""試験"", ""value"": ""混同肢"", ""note"": ""正誤確認""}, {""item"": ""確認"", ""value"": ""用語集"", ""note"": ""最新要項""}]",会計報告：区分会計・報告の数値（S44）｜管業,会計報告（横断総合）の数値・要件を整理します。数値は条文・規約で確認してください。数値・日程・合格基準はマンション管理業協会（www.mankan.or.jp）の試験要項で必ずご確認ください。,区分会計・報告（規約確認）;条文確認;決議と区別;試験の正誤肢に注意,数値固定暗記;管業が決定;決議混同;試験の正誤肢に注意,「区分会計・報告を確認」。,修繕積立金会計;管理規約,数値の要点は？,会計報告（横断総合）の数値・要件を整理します。条文・規約で最新を確認してください。管業試験では用語集と条文の対応づけが得点の鍵になります。最新の試験要項もあわせて確認してください。賃管試験では用語集と条文の対応づけが得点の鍵になります。最新の試験要項もあわせて確認してください。,試験の引っかけは？,普通・特別・建替え決議と混同しないでください。管業試験では用語集と条文の対応づけが得点の鍵になります。最新の試験要項もあわせて確認してください。賃管試験では用語集と条文の対応づけが得点の鍵になります。最新の試験要項もあわせて確認してください。,試験対策の進め方は？,数値一覧表を作成し、過去問を反復してください。管業試験では用語集と条文の対応づけが得点の鍵になります。最新の試験要項もあわせて確認してください。賃管試験では用語集と条文の対応づけが得点の鍵になります。最新の試験要項もあわせて確認してください。,確認先はどこですか？,区分所有法・適正化法・www.mankan.or.jpを参照してください。管業試験では用語集と条文の対応づけが得点の鍵になります。最新の試験要項もあわせて確認してください。賃管試験では用語集と条文の対応づけが得点の鍵になります。最新の試験要項もあわせて確認してください。
tatekae-tetsuzuki-num-s44,建替え手続：5分の4以上の数値（S44）,区分所有法,建替え手続;5分の4議決権,建替え手続（横断総合）の数値・要件を整理します。,5分の4以上（建替え・条文確認）,"[{""item"": ""数値"", ""value"": ""5分の4以上"", ""note"": ""試験頻出""}, {""item"": ""根拠"", ""value"": ""区分所有法等"", ""note"": ""条文確認""}, {""item"": ""主体"", ""value"": ""管理組合"", ""note"": ""管業は支援""}, {""item"": ""試験"", ""value"": ""混同肢"", ""note"": ""正誤確認""}, {""item"": ""確認"", ""value"": ""用語集"", ""note"": ""最新要項""}]",建替え手続：5分の4以上の数値（S44）｜管業,建替え手続（横断総合）の数値・要件を整理します。数値は条文・規約で確認してください。数値・日程・合格基準はマンション管理業協会（www.mankan.or.jp）の試験要項で必ずご確認ください。,5分の4以上（建替え・条文確認）;条文確認;決議と区別;試験の正誤肢に注意,数値固定暗記;管業が決定;決議混同;試験の正誤肢に注意,「5分の4以上を確認」。,5分の4議決権;管理規約,数値の要点は？,建替え手続（横断総合）の数値・要件を整理します。条文・規約で最新を確認してください。管業試験では用語集と条文の対応づけが得点の鍵になります。最新の試験要項もあわせて確認してください。賃管試験では用語集と条文の対応づけが得点の鍵になります。最新の試験要項もあわせて確認してください。,試験の引っかけは？,普通・特別・建替え決議と混同しないでください。管業試験では用語集と条文の対応づけが得点の鍵になります。最新の試験要項もあわせて確認してください。賃管試験では用語集と条文の対応づけが得点の鍵になります。最新の試験要項もあわせて確認してください。,試験対策の進め方は？,数値一覧表を作成し、過去問を反復してください。管業試験では用語集と条文の対応づけが得点の鍵になります。最新の試験要項もあわせて確認してください。賃管試験では用語集と条文の対応づけが得点の鍵になります。最新の試験要項もあわせて確認してください。,確認先はどこですか？,区分所有法・適正化法・www.mankan.or.jpを参照してください。管業試験では用語集と条文の対応づけが得点の鍵になります。最新の試験要項もあわせて確認してください。賃管試験では用語集と条文の対応づけが得点の鍵になります。最新の試験要項もあわせて確認してください。
kangyou-chokuzen-num-s44,管業直前：50問の数値（S44）,判例・横断総合,管業直前;管理業務主任者試験,管業直前（横断総合）の数値・要件を整理します。,50問（マークシート・要項確認）,"[{""item"": ""数値"", ""value"": ""50問"", ""note"": ""試験頻出""}, {""item"": ""根拠"", ""value"": ""区分所有法等"", ""note"": ""条文確認""}, {""item"": ""主体"", ""value"": ""管理組合"", ""note"": ""管業は支援""}, {""item"": ""試験"", ""value"": ""混同肢"", ""note"": ""正誤確認""}, {""item"": ""確認"", ""value"": ""用語集"", ""note"": ""最新要項""}]",管業直前：50問の数値（S44）｜管業,管業直前（横断総合）の数値・要件を整理します。数値は条文・規約で確認してください。数値・日程・合格基準はマンション管理業協会（www.mankan.or.jp）の試験要項で必ずご確認ください。,50問（マークシート・要項確認）;条文確認;決議と区別;試験の正誤肢に注意,数値固定暗記;管業が決定;決議混同;試験の正誤肢に注意,「50問を確認」。（暗記用フレーズ）,管理業務主任者試験;管理規約,数値の要点は？,管業直前（横断総合）の数値・要件を整理します。条文・規約で最新を確認してください。管業試験では用語集と条文の対応づけが得点の鍵になります。最新の試験要項もあわせて確認してください。賃管試験では用語集と条文の対応づけが得点の鍵になります。最新の試験要項もあわせて確認してください。,試験の引っかけは？,普通・特別・建替え決議と混同しないでください。管業試験では用語集と条文の対応づけが得点の鍵になります。最新の試験要項もあわせて確認してください。賃管試験では用語集と条文の対応づけが得点の鍵になります。最新の試験要項もあわせて確認してください。,試験対策の進め方は？,数値一覧表を作成し、過去問を反復してください。管業試験では用語集と条文の対応づけが得点の鍵になります。最新の試験要項もあわせて確認してください。賃管試験では用語集と条文の対応づけが得点の鍵になります。最新の試験要項もあわせて確認してください。,確認先はどこですか？,区分所有法・適正化法・www.mankan.or.jpを参照してください。管業試験では用語集と条文の対応づけが得点の鍵になります。最新の試験要項もあわせて確認してください。賃管試験では用語集と条文の対応づけが得点の鍵になります。最新の試験要項もあわせて確認してください。
