exam_year,exam_wareki,question_no,type,category,tags,stem,preamble,statement_a,statement_b,statement_c,statement_d,choice_1,choice_2,choice_3,choice_4,correct,is_exempt,is_invalidated,note,explanation,explanation_summary,explanation_correct,explanation_choices,explanation_point,related_links
2007,平成19年度,1,single,民法・借地借家法,h19;single_choice;direct_question;parsed,契約に関する次の記述のうち、民法の規定によれば、正しいものはどれか。,,,,,,双務契約の当事者の一方は、相手方の債務が弁済期にあるときは、相手方がその債 務の履行を提供するまでは、自己の債務の履行を拒むことができる。,一定の役務の提供に対して報酬が与えられることが約された契約において、当事者 双方の責めに帰することができない事由によって役務の提供ができなくなったときで も、報酬債権は消滅しない。,当事者の一方がその債務を履行期に履行しない場合において、相手方は、履行の催 告をすることなしに直ちに契約の解除をすることができる。,事者の一方がその債務を履行しない場合において、相手方が解除権を行使したと きには、損害賠償の請求をすることはできない。,1,FALSE,FALSE,,正解は1です。双務契約では、相手方の債務が弁済期にあり、その履行の提供があるまで自己の履行を拒めるため、同時履行の抗弁を述べた1が正しいです。2は、当事者双方の責めに帰することができない事由で役務提供ができなくなった場合、報酬請求権は原則としてそのまま残りません。3は、履行遅滞を理由とする解除では原則として相当期間を定めた催告が必要です。4は、契約を解除しても損害賠償請求は妨げられません。,双務契約では、相手方の債務が弁済期にあり、その履行の提供があるまで自己の履行を拒めるため、同時履行の抗弁を述べた1が正しいです。,正解は1です。双務契約では、相手方の債務が弁済期にあり、その履行の提供があるまで自己の履行を拒めるため、同時履行の抗弁を述べた1が正しいです。2は、当事者双方の責めに帰することができない事由で役務提供ができなくなった場合、報酬請求権は原則としてそのまま残りません。3は、履行遅滞を理由とする解除では原則として相当期間を定めた催告が必要です。4は、契約を解除しても損害賠償請求は妨げられません。,2:正答の解説と、主体・手続・効果のいずれかが一致していません。 選択肢（2）「一定の役務の提供に対して報酬が与えられることが約された契約において、当事者 双方の責めに帰することができない事由によって役務の提供ができなくなっ…」は本問の正答（1）とは異なるため不適です。;3:正答の解説と、主体・手続・効果のいずれかが一致していません。 選択肢（3）「当事者の一方がその債務を履行期に履行しない場合において、相手方は、履行の催 告をすることなしに直ちに契約の解除をすることができる。」は本問の正答（1）とは異なるため不適です。;4:正答の解説と、主体・手続・効果のいずれかが一致していません。 選択肢（4）「事者の一方がその債務を履行しない場合において、相手方が解除権を行使したと きには、損害賠償の請求をすることはできない。」は本問の正答（1）とは異なるため不適です。,借地借家・民法改正の問題は、権利関係の主体と効果の発生時期を一文で説明できるかが要点です。間違えた肢は「誰に・いつ・どの効果が及ぶか」で正答と対比し、関連用語から解き直してください。,
2007,平成19年度,2,combination,民法・借地借家法,h19;combination;most_appropriate;parsed,次のアからエの各事項について、下記のAからDの契約から該当するものを選択した場合に、民法の規定によれば、最も適切な組合せはどれか。ア 区分所有者が、自己が区分所有する専有部分を担保に供して、金融機関から融資を受けること。,,,,,,弁護士が、管理組合から共用部分の瑕疵に対する責任追及についての相談に応じ ること。 ウマンション管理業者が、管理組合から委託を受けて管理規約の原本等の図書を保 管すること。 エ 数人の区分所有者が、各自資金を拠出して自然保護のための啓蒙活動を行うこと を約すること。 A 寄託 B 請負 C 委任 D 組合 1 アとA,イとB,ウとC,エとD 1,4,FALSE,FALSE,,正解は4です。契約類型は、弁護士が法律相談に応じる場面は委任、管理規約の原本等を預かって保管する場面は寄託、数人が資金を出し合って共通の目的活動を行う場面は組合として整理します。請負は仕事の完成を目的とする契約なので、単なる法律相談や図書保管とは性質が異なります。各事項を契約の典型ごとに切り分けると、組合契約に当たるエを含む4が最も適切です。,契約類型は、弁護士が法律相談に応じる場面は委任、管理規約の原本等を預かって保管する場面は寄託、数人が資金を出し合って共通の目的活動を行う場面は組合として整理します。,正解は4です。契約類型は、弁護士が法律相談に応じる場面は委任、管理規約の原本等を預かって保管する場面は寄託、数人が資金を出し合って共通の目的活動を行う場面は組合として整理します。請負は仕事の完成を目的とする契約なので、単なる法律相談や図書保管とは性質が異なります。各事項を契約の典型ごとに切り分けると、組合契約に当たるエを含む4が最も適切です。,1:（1）の内容は、正答（4）「エとD 1」が示す論点とずれています。 選択肢（1）「弁護士が、管理組合から共用部分の瑕疵に対する責任追及についての相談に応じ ること。 ウマンション管理業者が、管理組合から委託を受けて管理規約の原…」は本問の正答（4）とは異なるため不適です。;2:（2）「イとB」は、単独の記述としては法令上妥当な場合がありますが、本問で選ぶべき正答は（4）「エとD 1」です。問題文の条件（次のアからエの各事項について、下記のAからDの契約から該当するものを選択した場合に、民法の規定に…）と照らし、設問が問う論点に合う肢を選び直してください。;3:（3）「ウとC」は、単独の記述としては法令上妥当な場合がありますが、本問で選ぶべき正答は（4）「エとD 1」です。問題文の条件（次のアからエの各事項について、下記のAからDの契約から該当するものを選択した場合に、民法の規定に…）と照らし、設問が問う論点に合う肢を選び直してください。,借地借家・民法改正の問題は、権利関係の主体と効果の発生時期を一文で説明できるかが要点です。間違えた肢は「誰に・いつ・どの効果が及ぶか」で正答と対比し、関連用語から解き直してください。,
2007,平成19年度,3,single,民法・借地借家法,h19;single_choice;direct_question;parsed,Aが区分所有しているマンション（マンションの管理の適正化の推進に関する法律（平成12年法律第149号。以下「マンション管理適正化法」という。）第2条第1号に規定するものをいう。以下同じ。）の専有部分（以下本問において「本件専有部分」という。）をBに無償で貸した場合に関する次の記述のうち、民法の規定によれば、正しいものはどれか。,,,,,,Bが死亡したときは、Bの相続人は、本件専有部分を明け渡さなければならない。,本件専有部分についての通常の必要費は、Aが負担する。,本件専有部分の瑕疵について、Aは、賃貸人と同じく担保責任を負う。,契約で返還の時期を定めた場合でも、Aは、Bに対し、自己が使用する必要がある ときには、いつでも本件専有部分の明渡しを請求することができる。,1,FALSE,FALSE,,正解は1です。使用貸借は借主の死亡によって終了するのが原則なので、Bが死亡した場合は相続人は明渡し義務を負います。2は、通常の必要費は貸主ではなく借主が負担するのが原則です。3は、貸主が瑕疵を知りながら告げなかった場合などに限って責任が問題となるので、賃貸借と同じような担保責任を常に負うわけではありません。4も、返還時期を定めた使用貸借であれば、貸主がいつでも自由に返還請求できるわけではありません。,使用貸借は借主の死亡によって終了するのが原則なので、Bが死亡した場合は相続人は明渡し義務を負います。,正解は1です。使用貸借は借主の死亡によって終了するのが原則なので、Bが死亡した場合は相続人は明渡し義務を負います。2は、通常の必要費は貸主ではなく借主が負担するのが原則です。3は、貸主が瑕疵を知りながら告げなかった場合などに限って責任が問題となるので、賃貸借と同じような担保責任を常に負うわけではありません。4も、返還時期を定めた使用貸借であれば、貸主がいつでも自由に返還請求できるわけではありません。,2:（2）の内容は、正答（1）「Bが死亡したときは、Bの相続人は、本件専有部分を明け渡さなければならない。」が示す論点とずれています。;3:（3）の内容は、正答（1）「Bが死亡したときは、Bの相続人は、本件専有部分を明け渡さなければならない。」が示す論点とずれています。;4:（4）の内容は、正答（1）「Bが死亡したときは、Bの相続人は、本件専有部分を明け渡さなければならない。」が示す論点とずれています。,借地借家・民法改正の問題は、権利関係の主体と効果の発生時期を一文で説明できるかが要点です。間違えた肢は「誰に・いつ・どの効果が及ぶか」で正答と対比し、関連用語から解き直してください。,
2007,平成19年度,4,single,民法・借地借家法,h19;single_choice;direct_question;parsed,Aが区分所有しているマンションの専有部分（以下本問において「本件専有部分」という。）をBに賃貸している場合におけるAの賃料債権の先取特権に関する次の記述のうち、民法の規定によれば、誤っているものはどれか。,,,,,,Aの賃料についての先取特権は、Bが本件専有部分に備え付けた動産について存在 する。,Bが本件専有部分をAの承諾を得てCに転貸した場合に、Aの賃料についての先取 特権は、Cの動産にも及ぶ。,Aの賃料についての先取特権は、Bが本件専有部分に備え付けた動産をDに売却し て引き渡した後は、その動産について行使することができない。,Aの賃料についての先取特権は、Bが本件専有部分に備え付けた動産をEに売却し た場合に、BがEから受けるべき金銭に対して行使することはできない。 2,4,FALSE,FALSE,,正解は4です。この設問は誤っているものを選ぶ問題です。賃貸人の先取特権は、賃借物に備え付けられた動産に及び、承諾のある転貸であれば転借人の動産にも及びます。また、第三者に売却して引き渡された後は、その動産自体への行使はできません。他方で、売却によって賃借人が受けるべき金銭には物上代位できるので、『行使することはできない』とする記述は誤っており、これが本問の正答（4）です。,（4）です 他方で、売却によって賃借人が受けるべき金銭には物上代位できるので、『行使することはできない』とする記述は誤っており、これが本問の正答（4）です。,（4）です 他方で、売却によって賃借人が受けるべき金銭には物上代位できるので、『行使することはできない』とする記述は誤っており、これが本問の正答（4）です。,1:（1）「Aの賃料についての先取特権は、Bが本件専有部分に備え付けた動産について存在 する。」は、正答（4）「Aの賃料についての先取特権は、Bが本件専有部分に備え付けた動産をEに売却し た場合に、BがEから…」と異なる組合せです。解説のとおり、各肢の要件（ABEBE）との対応を確認してください。;2:（2）「Bが本件専有部分をAの承諾を得てCに転貸した場合に、Aの賃料についての先取 特権は、Cの動産にも及ぶ。」は、正答（4）「Aの賃料についての先取特権は、Bが本件専有部分に備え付けた動産をEに売却し た場合に、BがEから…」と異なる組合せです。解説のとおり、各肢の要件（ABEBE）との対応を確認してください。;3:（3）「Aの賃料についての先取特権は、Bが本件専有部分に備え付けた動産をDに売却し て引き渡した後は、その動産について行使することができない。」は、正答（4）「Aの賃料についての先取特権は、Bが本件専有部分に備え付けた動産をEに売却し た場合に、BがEから…」と異なる組合せです。解説のとおり、各肢の要件（ABEBE）との対応を確認してください。,借地借家・民法改正の問題は、権利関係の主体と効果の発生時期を一文で説明できるかが要点です。間違えた肢は「誰に・いつ・どの効果が及ぶか」で正答と対比し、関連用語から解き直してください。,
2007,平成19年度,5,combination,民法・借地借家法,h19;combination;direct_question;parsed,あるマンションの専有部分である301号室をA、B、Cの3人が共有し、302号室をDが占有している場合に関する次の記述のうち、民法及び建物の区分所有等に関する法律（昭和37年法律第69号。以下「区分所有法」という。）の規定によれば、正しいもののみの組合せはどれか。ア 301号室の管理に関する事項は、A、B、Cの頭数及び各持分の価格の各過半数をもって決する。イA、B、Cは、一定期間内は分割をしない旨の契約がない限りは、いつでも301号室の分割を請求することができる。ウ 302号室について、Dは、所有の意思をもって、善意で、平穏に、かつ、公然と占有をなしているものと推定される。エ Dは、302号室については時効によって取得することができるが、共用部分の持分については、それと共に時効により取得することはできない。,,,,,,アとイ,アとウ,イとウ,イとエ,3,FALSE,FALSE,,正解は3です。イとウが正しく、組合せは『イとウ』です。アは、共有物の管理は頭数ではなく持分価格の過半数で決するため誤りです。イは、分割禁止の特約がなければ共有者はいつでも分割請求できます。ウは、占有者は所有の意思・善意・平穏・公然占有が推定されるので正しいです。エは、専有部分を時効取得すれば、それに従たる共用部分の持分も一体として取得するため誤りです。,イとウが正しく、組合せは『イとウ』です。,正解は3です。イとウが正しく、組合せは『イとウ』です。アは、共有物の管理は頭数ではなく持分価格の過半数で決するため誤りです。イは、分割禁止の特約がなければ共有者はいつでも分割請求できます。ウは、占有者は所有の意思・善意・平穏・公然占有が推定されるので正しいです。エは、専有部分を時効取得すれば、それに従たる共用部分の持分も一体として取得するため誤りです。,1:（1）「アとイ」は、単独の記述としては法令上妥当な場合がありますが、本問で選ぶべき正答は（3）「イとウ」です。問題文の条件（あるマンションの専有部分である301号室をA、B、Cの3人が共有し、302号室をDが占有している…）と照らし、設問が問う論点に合う肢を選び直してください。;2:（2）「アとウ」は、単独の記述としては法令上妥当な場合がありますが、本問で選ぶべき正答は（3）「イとウ」です。問題文の条件（あるマンションの専有部分である301号室をA、B、Cの3人が共有し、302号室をDが占有している…）と照らし、設問が問う論点に合う肢を選び直してください。;4:（4）「イとエ」は、単独の記述としては法令上妥当な場合がありますが、本問で選ぶべき正答は（3）「イとウ」です。問題文の条件（あるマンションの専有部分である301号室をA、B、Cの3人が共有し、302号室をDが占有している…）と照らし、設問が問う論点に合う肢を選び直してください。,借地借家・民法改正の問題は、権利関係の主体と効果の発生時期を一文で説明できるかが要点です。間違えた肢は「誰に・いつ・どの効果が及ぶか」で正答と対比し、関連用語から解き直してください。,
2007,平成19年度,6,single,民法・借地借家法,h19;single_choice;direct_question;parsed,Aは、Bが区分所有している専有部分（以下本問において「本件専有部分」という。）を賃借していたが、Bに無断で本件専有部分をCに転貸した。この場合に関する次の記述のうち、民法の規定及び判例によれば、誤っているものはどれか。,,,,,,AC間の転貸借契約は、Bの承諾がない場合でも有効であり、Aは、Cに対して、 賃料の支払いを請求することができる。,AC間の転貸借契約についてBの承諾が得られない場合には、Cは、Aに対して、 AC間の契約を解除することができる。,Aが本件専有部分を、AC間の転貸借契約に基づきCに使用させたときは、Bは、 AB間の賃貸借契約を解除することができる。,Bは、Aとの賃貸借契約を解除しない限り、Cに対して、所有権に基づいて本件専 有部分の明渡しを請求することはできない。 3,4,FALSE,FALSE,,正解は4です。この設問は誤っているものを選ぶ問題です。無断転貸であっても、AとCの間の転貸借契約自体は有効で、AはCに賃料請求できます。無断転貸はBによる解除原因にもなります。他方で、BはAとの賃貸借契約を解除しなければCに対して何もできないわけではなく、所有権に基づいて明渡しを求められるので、記述として誤っているのは（4）であり、これが本問の正答です。,（4）であり 他方で、BはAとの賃貸借契約を解除しなければCに対して何もできないわけではなく、所有権に基づいて明渡しを求められるので、記述として誤っているのは（4）であり、これが本問の正…,（4）であり 他方で、BはAとの賃貸借契約を解除しなければCに対して何もできないわけではなく、所有権に基づいて明渡しを求められるので、記述として誤っているのは（4）であり、これが本問の正答です。,1:（1）「AC間の転貸借契約は、Bの承諾がない場合でも有効であり、Aは、Cに対して、 賃料の支払いを請求することができる。」は、正答（4）「Bは、Aとの賃貸借契約を解除しない限り、Cに対して、所有権に基づいて本件専 有部分の明渡しを請求…」と異なる組合せです。解説のとおり、各肢の要件（BAC）との対応を確認してください。;2:（2）「AC間の転貸借契約についてBの承諾が得られない場合には、Cは、Aに対して、 AC間の契約を解除することができる。」は、正答（4）「Bは、Aとの賃貸借契約を解除しない限り、Cに対して、所有権に基づいて本件専 有部分の明渡しを請求…」と異なる組合せです。解説のとおり、各肢の要件（BAC）との対応を確認してください。;3:（3）「Aが本件専有部分を、AC間の転貸借契約に基づきCに使用させたときは、Bは、 AB間の賃貸借契約を解除することができる。」は、正答（4）「Bは、Aとの賃貸借契約を解除しない限り、Cに対して、所有権に基づいて本件専 有部分の明渡しを請求…」と異なる組合せです。解説のとおり、各肢の要件（BAC）との対応を確認してください。,借地借家・民法改正の問題は、権利関係の主体と効果の発生時期を一文で説明できるかが要点です。間違えた肢は「誰に・いつ・どの効果が及ぶか」で正答と対比し、関連用語から解き直してください。,
2007,平成19年度,7,single,標準管理委託契約書・指針,h19;single_choice;most_appropriate;parsed,宅地建物取引業者（宅地建物取引業法（昭和27年法律第176号）第2条第3号に規定する者をいう。以下同じ。）から、その行う業務の用に供する目的でマンションに関する情報の提供を要求された場合のマンション管理業者（マンション管理適正化法第2条第8号に規定する者をいう。以下同じ。）の対応に関する次の記述のうち、マンション標準管理委託契約書（平成15年4月9日国総動第1号～第4号。国土交通省総合政策局長通達。以下同じ。）の定めによれば、最も適切なものはどれか。,,,,,,マンション（専有部分を含む。）の修繕の実施状況については、書面をもって開示 するものとする。,管理規約の写しを提供するときは、当該書面に管理業務主任者をして記名押印させ、 提供しなければならない。,管理規約が電磁的記録により作成されている場合には、記録された情報内容を画面 に表示して開示するものとする。,管理組合の修繕積立金積立総額については、書面をもって開示するものとする。,4,FALSE,FALSE,,正解は4です。マンション標準管理委託契約書では、重要事項に関わる一定の情報は書面で開示する扱いになっており、修繕積立金積立総額はその代表例です。1は専有部分まで含めた修繕履歴を一律に書面開示する趣旨ではありません。2も、管理規約の写しの提供に管理業務主任者の記名押印が必須とされているわけではありません。3も、電磁的記録なら単に画面表示で足りるという整理ではありません。,マンション標準管理委託契約書では、重要事項に関わる一定の情報は書面で開示する扱いになっており、修繕積立金積立総額はその代表例です。,正解は4です。マンション標準管理委託契約書では、重要事項に関わる一定の情報は書面で開示する扱いになっており、修繕積立金積立総額はその代表例です。1は専有部分まで含めた修繕履歴を一律に書面開示する趣旨ではありません。2も、管理規約の写しの提供に管理業務主任者の記名押印が必須とされているわけではありません。3も、電磁的記録なら単に画面表示で足りるという整理ではありません。,1:（1）の内容は、正答（4）「管理組合の修繕積立金積立総額については、書面をもって開示するものとする。」が示す論点とずれています。;2:（2）の内容は、正答（4）「管理組合の修繕積立金積立総額については、書面をもって開示するものとする。」が示す論点とずれています。;3:（3）の内容は、正答（4）「管理組合の修繕積立金積立総額については、書面をもって開示するものとする。」が示す論点とずれています。,,
2007,平成19年度,8,count,標準管理委託契約書・指針,h19;count;count;parsed,管理事務に要する費用の負担及び支払方法に関する次のアからエまでの記述のうち、マンション標準管理委託契約書の定めによれば、適切なものはいくつあるか。ア 管理事務を行う上で必要な管理員室、管理用倉庫、清掃員控室、器具、備品等は、管理組合がマンション管理業者に無償で使用させるものとする。イ 定額委託業務費以外の業務費については、管理組合は、各業務終了後に、管理組合及びマンション管理業者が別に定める方法により精算の上、マンション管理業者が指定する口座に振り込む方法により支払う。ウ 定額委託業務費とは、委託業務費のうち、その負担方法が定額でかつ精算を要しない費用をいう。エマンション管理業者が管理事務を実施するのに伴い必要となる水道光熱費等の諸費用の負担については、管理組合及びマンション管理業者が協議して決定する。,,,,,,一つ,二つ,三つ,四つ,3,FALSE,FALSE,,正解は3です。適切なのはア・イ・ウの三つです。アのような管理員室や備品等を無償使用させる扱い、イのような定額委託業務費以外の精算払い、ウのような定額委託業務費の定義は、いずれも標準管理委託契約書の考え方に沿います。エは、水道光熱費等の負担をその都度の協議で決めるというより、契約上あらかじめ整理しておくべき事項なので不適切です。,適切なのはア・イ・ウの三つです。,正解は3です。適切なのはア・イ・ウの三つです。アのような管理員室や備品等を無償使用させる扱い、イのような定額委託業務費以外の精算払い、ウのような定額委託業務費の定義は、いずれも標準管理委託契約書の考え方に沿います。エは、水道光熱費等の負担をその都度の協議で決めるというより、契約上あらかじめ整理しておくべき事項なので不適切です。,1:（1）「一つ」は、単独の記述としては法令上妥当な場合がありますが、本問で選ぶべき正答は（3）「三つ」です。問題文の条件（管理事務に要する費用の負担及び支払方法に関する次のアからエまでの記述のうち、マンション標準管理委…）と照らし、設問が問う論点に合う肢を選び直してください。;2:（2）「二つ」は、単独の記述としては法令上妥当な場合がありますが、本問で選ぶべき正答は（3）「三つ」です。問題文の条件（管理事務に要する費用の負担及び支払方法に関する次のアからエまでの記述のうち、マンション標準管理委…）と照らし、設問が問う論点に合う肢を選び直してください。;4:（4）「四つ」は、単独の記述としては法令上妥当な場合がありますが、本問で選ぶべき正答は（3）「三つ」です。問題文の条件（管理事務に要する費用の負担及び支払方法に関する次のアからエまでの記述のうち、マンション標準管理委…）と照らし、設問が問う論点に合う肢を選び直してください。,,
2007,平成19年度,9,single,標準管理委託契約書・指針,h19;single_choice;most_inappropriate;parsed,マンション管理業者が行わなければならない事務管理業務に関する次の記述のうち、マンション標準管理委託契約書の定めによれば、最も不適切なものはどれか。,,,,,,管理組合の管理規約等の定め若しくは総会決議、組合員名簿若しくは組合員異動届 又は専用使用契約書に基づき、毎月、組合員別管理費等負担額一覧表を管理組合に提 出するものとする。,管理組合がマンションの維持又は修繕（大規模修繕を除く修繕又は保守点検等。） を第三者に外注する場合の企画又は実施の調整を行うものとする。,管理組合の組合員等異動届に基づき、組合員及び賃借人等の氏名、連絡先（緊急連 絡先を含む。）を記載した名簿を整備するものとする。,管理対象部分に係る各種の点検、検査等の結果を管理組合に報告すると共に、改善 等の必要がある事項については、文書をもって、具体的な方策を管理組合に助言する ものとする。,1,FALSE,FALSE,,正解は1です。この設問は最も不適切なものを選ぶ問題です。標準管理委託契約書では、組合員別管理費等負担額一覧表を毎月提出することまでを当然の事務管理業務として求めているわけではありません。これに対し、2の外注修繕等の企画・実施調整、3の組合員や賃借人等の名簿整備、4の点検結果の報告と改善方策の助言は、管理実務との結び付きが強い内容です。そのため1が最も不適切です。,この設問は最も不適切なものを選ぶ問題です。,正解は1です。この設問は最も不適切なものを選ぶ問題です。標準管理委託契約書では、組合員別管理費等負担額一覧表を毎月提出することまでを当然の事務管理業務として求めているわけではありません。これに対し、2の外注修繕等の企画・実施調整、3の組合員や賃借人等の名簿整備、4の点検結果の報告と改善方策の助言は、管理実務との結び付きが強い内容です。そのため1が最も不適切です。,2:（2）「管理組合がマンションの維持又は修繕（大規模修繕を除く修繕又は保守点検等。） を第三者に外注する場合の企画又は実施の調整を行うもの…」は、設問の趣旨では適切な記述・対応に当たることが多いです。本問は「最も不適切なもの」を選ぶ形式のため、正答は（1）「管理組合の管理規約等の定め若しくは総会決議、組合員名簿若しくは組合員異動届 又は専用使用契約書に基づき、毎月、組…」です。解説のポイント：正解は1です。この設問は最も不適切なものを選ぶ問題です。標準管理委託契約書では、組合員別管理費等負担額一覧表を毎月提出することまでを当然の事務管理業務として求めているわけではありません。これに対し、2の外注修繕等の企画・実施調整、3の組合員…;3:（3）「管理組合の組合員等異動届に基づき、組合員及び賃借人等の氏名、連絡先（緊急連 絡先を含む。）を記載した名簿を整備するものとする。」は、設問の趣旨では適切な記述・対応に当たることが多いです。本問は「最も不適切なもの」を選ぶ形式のため、正答は（1）「管理組合の管理規約等の定め若しくは総会決議、組合員名簿若しくは組合員異動届 又は専用使用契約書に基づき、毎月、組…」です。解説のポイント：正解は1です。この設問は最も不適切なものを選ぶ問題です。標準管理委託契約書では、組合員別管理費等負担額一覧表を毎月提出することまでを当然の事務管理業務として求めているわけではありません。これに対し、2の外注修繕等の企画・実施調整、3の組合員…;4:（4）「管理対象部分に係る各種の点検、検査等の結果を管理組合に報告すると共に、改善 等の必要がある事項については、文書をもって、具体的な…」は、設問の趣旨では適切な記述・対応に当たることが多いです。本問は「最も不適切なもの」を選ぶ形式のため、正答は（1）「管理組合の管理規約等の定め若しくは総会決議、組合員名簿若しくは組合員異動届 又は専用使用契約書に基づき、毎月、組…」です。解説のポイント：正解は1です。この設問は最も不適切なものを選ぶ問題です。標準管理委託契約書では、組合員別管理費等負担額一覧表を毎月提出することまでを当然の事務管理業務として求めているわけではありません。これに対し、2の外注修繕等の企画・実施調整、3の組合員…,,
2007,平成19年度,10,single,民法・借地借家法,h19;single_choice;direct_question;parsed,マンションの管理費の滞納に関する次の記述のうち、民法及び区分所有法の規定によれば、正しいものはどれか。,,,,,,管理規約に管理費についての遅延損害金の定めがない場合には、管理組合は管理費 の滞納者に対して、滞納額のみ請求することができ、遅延損害金の請求をすることは できない。,管理費の滞納者が、管理組合あてに滞納の事実を認め、滞納管理費の一部であるこ とを明示して支払った場合、全額について消滅時効が中断する。,管理費の滞納者が、滞納したまま死亡した場合、その相続人が相続放棄をしたとき でも、管理組合は、管理費について請求することができる。,管理費の滞納者が、マンションの区分所有権を売却した場合、その買主が、買い受 け当時、前区分所有者の滞納の事実及びその額について知らず、かつ過失もないとき は、管理組合に対して、その支払義務を負わない。,2,FALSE,FALSE,,正解は2です。滞納者が管理組合に対して滞納の事実を認めた上で、その一部として支払う行為は債務の承認に当たり、時効の完成猶予・更新に関わる効果が生じます。1は、規約に特約がなくても法定の遅延損害金を請求し得るので誤りです。3は、相続放棄がされた場合に直ちに請求不能になるわけではなく、相続財産管理等の場面を含め別途検討が必要です。4も、管理費債務は特定承継人に承継されるため、買主が善意無過失でも免れません。,滞納者が管理組合に対して滞納の事実を認めた上で、その一部として支払う行為は債務の承認に当たり、時効の完成猶予・更新に関わる効果が生じます。,正解は2です。滞納者が管理組合に対して滞納の事実を認めた上で、その一部として支払う行為は債務の承認に当たり、時効の完成猶予・更新に関わる効果が生じます。1は、規約に特約がなくても法定の遅延損害金を請求し得るので誤りです。3は、相続放棄がされた場合に直ちに請求不能になるわけではなく、相続財産管理等の場面を含め別途検討が必要です。4も、管理費債務は特定承継人に承継されるため、買主が善意無過失でも免れません。,1:正答の解説と、主体・手続・効果のいずれかが一致していません。 選択肢（1）「管理規約に管理費についての遅延損害金の定めがない場合には、管理組合は管理費 の滞納者に対して、滞納額のみ請求することができ、遅延損害金の請求をす…」は本問の正答（2）とは異なるため不適です。;3:（3）の内容は、正答（2）「管理費の滞納者が、管理組合あてに滞納の事実を認め、滞納管理費の一部であるこ とを明示して支払った場合、全額につい…」が示す論点とずれています。;4:正答の解説と、主体・手続・効果のいずれかが一致していません。 選択肢（4）「管理費の滞納者が、マンションの区分所有権を売却した場合、その買主が、買い受 け当時、前区分所有者の滞納の事実及びその額について知らず、かつ過失も…」は本問の正答（2）とは異なるため不適です。,借地借家・民法改正の問題は、権利関係の主体と効果の発生時期を一文で説明できるかが要点です。間違えた肢は「誰に・いつ・どの効果が及ぶか」で正答と対比し、関連用語から解き直してください。,
2007,平成19年度,11,combination,判例・横断総合,h19;combination;direct_question;parsed,管理費の滞納に対する対策及び法的手続について管理業務主任者（マンション管理適正化法第2条第9号に規定する者をいう。以下同じ。）が管理者等に対して説明した次のアからオの記述のうち、正しいもののみの組合せはどれか。ア滞納者が、そのマンションを売却し、区分所有者でなくなれば、その者には滞納管理費を請求することはできなくなります。イ滞納額が、140万円以下であれば、少額訴訟制度（民事訴訟法（平成8年法律第109号）の「少額訴訟に関する特則」）を利用することができます。ウ 管理費の滞納者が行方不明になったとしても、その者に対して訴えを提起することはできます。エ 滞納者に対して内容証明郵便による促をしたとしても、その後6箇月以内に訴えの提起等の所定の法的手続をとらないと時効中断の効力は生じません。オ滞納者が破産手続開始の決定を受けたときは、その日の翌日以降の管理費の支払義務を負わなくなります。,,,,,,ア、ウ,イ、オ,ウ、エ,エ、オ,3,FALSE,FALSE,,正解は3です。正しいのはウとエです。ウは、相手方が行方不明でも、公示送達などの手続を使って訴えを提起できるので正しいです。エも、内容証明郵便による催告だけでは時効完成猶予の効果が暫定的なものにとどまり、6か月以内に訴訟提起などをしなければ十分ではありません。アは、区分所有者でなくなっても前所有者本人の滞納債務まで当然に消えるわけではなく誤りです。イは少額訴訟の上限額の説明が誤りで、140万円以下では使えません。オも、破産手続開始決定後の管理費まで当然に支払義務がなくなるわけではありません。,正しいのはウとエです。,正解は3です。正しいのはウとエです。ウは、相手方が行方不明でも、公示送達などの手続を使って訴えを提起できるので正しいです。エも、内容証明郵便による催告だけでは時効完成猶予の効果が暫定的なものにとどまり、6か月以内に訴訟提起などをしなければ十分ではありません。アは、区分所有者でなくなっても前所有者本人の滞納債務まで当然に消えるわけではなく誤りです。イは少額訴訟の上限額の説明が誤りで、140万円以下では使えません。オも、破産手続開始決定後の管理費まで当然に支払義務がなくなるわけではありません。,1:（1）「ア、ウ」は、単独の記述としては法令上妥当な場合がありますが、本問で選ぶべき正答は（3）「ウ、エ」です。問題文の条件（管理費の滞納に対する対策及び法的手続について管理業務主任者（マンション管理適正化法第2条第9号に…）と照らし、設問が問う論点に合う肢を選び直してください。;2:（2）「イ、オ」は、単独の記述としては法令上妥当な場合がありますが、本問で選ぶべき正答は（3）「ウ、エ」です。問題文の条件（管理費の滞納に対する対策及び法的手続について管理業務主任者（マンション管理適正化法第2条第9号に…）と照らし、設問が問う論点に合う肢を選び直してください。;4:（4）「エ、オ」は、単独の記述としては法令上妥当な場合がありますが、本問で選ぶべき正答は（3）「ウ、エ」です。問題文の条件（管理費の滞納に対する対策及び法的手続について管理業務主任者（マンション管理適正化法第2条第9号に…）と照らし、設問が問う論点に合う肢を選び直してください。,,
2007,平成19年度,12,single,標準管理規約,h19;single_choice;most_inappropriate;parsed,マンション標準管理規約及びマンション標準管理規約コメント（単棟型）（平成16年1月23日国総動第232号・国住マ第37号。国土交通省総合政策局長・同住宅局長通知。以下「マンション標準管理規約」という。）によれば、管理組合の会計と承認に関する次の記述のうち、最も不適切なものはどれか。,,,,,,収支決算の結果、管理費等に不足が生じた場合には、管理組合は各区分所有者に対 して、共用部分の共有持分に応じて、その都度必要な金額の負担を求めることができ るが、それには理事会の決議を経なければならない。,収支予算を変更しようとするときは、理事長は、その案を臨時総会に提出し、その 承認を得なければならない。,管理組合は、特別の管理に要する経費に充するため、必要な範囲内において、借 り入れをすることができるが、それには総会の決議を経なければならない。,修繕積立金の保管及び運用方法を決めるには、総会の決議を経なければならない。 6,1,FALSE,FALSE,,正解は1です。この設問は最も不適切なものを選ぶ問題です。管理費等に不足が生じ、各区分所有者に追加負担を求めるのであれば、理事会決議だけで足りるものではなく、総会での承認を要する整理になります。そのため『理事会の決議を経なければならない』とする記述は最も不適切であり、これが本問の正答（1）です。2の予算変更、3の借入れ、4の修繕積立金の保管・運用方法は、いずれも総会関与を要する事項として理解できます。,そのため『理事会の決議を経なければならない』とする記述は最も不適切であり、これが本問の正答（1）です。,（1）です そのため『理事会の決議を経なければならない』とする記述は最も不適切であり、これが本問の正答（1）です。,2:（2）「収支予算を変更しようとするときは、理事長は、その案を臨時総会に提出し、その 承認を得なければならない。」は、設問の趣旨では適切な記述・対応に当たることが多いです。本問は「最も不適切なもの」を選ぶ形式のため、正答は（1）「収支決算の結果、管理費等に不足が生じた場合には、管理組合は各区分所有者に対 して、共用部分の共有持分に応じて、そ…」です。解説のポイント：正解は1です。この設問は最も不適切なものを選ぶ問題です。管理費等に不足が生じ、各区分所有者に追加負担を求めるのであれば、理事会決議だけで足りるものではなく、総会での承認を要する整理になります。そのため『理事会の決議を経なければならない』とす…;3:（3）「管理組合は、特別の管理に要する経費に充するため、必要な範囲内において、借 り入れをすることができるが、それには総会の決議を経なけ…」は、設問の趣旨では適切な記述・対応に当たることが多いです。本問は「最も不適切なもの」を選ぶ形式のため、正答は（1）「収支決算の結果、管理費等に不足が生じた場合には、管理組合は各区分所有者に対 して、共用部分の共有持分に応じて、そ…」です。解説のポイント：正解は1です。この設問は最も不適切なものを選ぶ問題です。管理費等に不足が生じ、各区分所有者に追加負担を求めるのであれば、理事会決議だけで足りるものではなく、総会での承認を要する整理になります。そのため『理事会の決議を経なければならない』とす…;4:（4）「修繕積立金の保管及び運用方法を決めるには、総会の決議を経なければならない。 6」は、設問の趣旨では適切な記述・対応に当たることが多いです。本問は「最も不適切なもの」を選ぶ形式のため、正答は（1）「収支決算の結果、管理費等に不足が生じた場合には、管理組合は各区分所有者に対 して、共用部分の共有持分に応じて、そ…」です。解説のポイント：正解は1です。この設問は最も不適切なものを選ぶ問題です。管理費等に不足が生じ、各区分所有者に追加負担を求めるのであれば、理事会決議だけで足りるものではなく、総会での承認を要する整理になります。そのため『理事会の決議を経なければならない』とす…,,
2007,平成19年度,13,single,会計・税務,h19;single_choice;most_inappropriate;parsed,管理組合会計の処理方法の一つである企業会計原則に関する次の記述のうち、最も不適切なものはどれか。,,,,,,企業会計原則の一般原則である正規の簿記の原則は、整然、明瞭な会計帳簿を作成 することを要求しており、必ずしも複式簿記によることを要求してないが、管理組合 の会計においては、複式簿記による会計帳簿を作成することが望ましく、また、適し ている。,企業会計原則の一般原則である明瞭性の原則は、財務諸表が明瞭に表示されており、 利害関係者に財務諸表に関する判断を誤らせないよう要求したものである。,企業会計原則の一般原則である単一性の原則は、財務諸表の形式は各種利害関係者 への報告目的によって異なることを容認しているが、一つの正確な会計帳簿から作成 されたものでなければならず、いわゆる二重帳簿を禁止しているものである。,企業会計原則の一般原則である継続性の原則は、財務諸表の複数年度にわたる期間 比較を可能とさせるため、会計処理の原則や手続を厳格に継続して適用することを要 求しており、いかなる場合でも変更を認めていない。 7,4,FALSE,FALSE,,正解は4です。この設問は最も不適切なものを選ぶ問題です。継続性の原則は、会計処理の原則や手続をみだりに変えないことを求めるものですが、正当な理由があり、その影響を明らかにすれば変更自体が一切禁止されるわけではありません。したがって『いかなる場合でも変更を認めていない』とする記述は最も不適切であり、これが本問の正答（4）です。1から3は、企業会計原則の説明として概ね整合しています。,したがって『いかなる場合でも変更を認めていない』とする記述は最も不適切であり、これが本問の正答（4）です。,（4）です したがって『いかなる場合でも変更を認めていない』とする記述は最も不適切であり、これが本問の正答（4）です。,1:（1）「企業会計原則の一般原則である正規の簿記の原則は、整然、明瞭な会計帳簿を作成 することを要求しており、必ずしも複式簿記によることを…」は、設問の趣旨では適切な記述・対応に当たることが多いです。本問は「最も不適切なもの」を選ぶ形式のため、正答は（4）「企業会計原則の一般原則である継続性の原則は、財務諸表の複数年度にわたる期間 比較を可能とさせるため、会計処理の原…」です。解説のポイント：正解は4です。この設問は最も不適切なものを選ぶ問題です。継続性の原則は、会計処理の原則や手続をみだりに変えないことを求めるものですが、正当な理由があり、その影響を明らかにすれば変更自体が一切禁止されるわけではありません。したがって『いかなる…;2:（2）「企業会計原則の一般原則である明瞭性の原則は、財務諸表が明瞭に表示されており、 利害関係者に財務諸表に関する判断を誤らせないよう要…」は、設問の趣旨では適切な記述・対応に当たることが多いです。本問は「最も不適切なもの」を選ぶ形式のため、正答は（4）「企業会計原則の一般原則である継続性の原則は、財務諸表の複数年度にわたる期間 比較を可能とさせるため、会計処理の原…」です。解説のポイント：正解は4です。この設問は最も不適切なものを選ぶ問題です。継続性の原則は、会計処理の原則や手続をみだりに変えないことを求めるものですが、正当な理由があり、その影響を明らかにすれば変更自体が一切禁止されるわけではありません。したがって『いかなる…;3:（3）「企業会計原則の一般原則である単一性の原則は、財務諸表の形式は各種利害関係者 への報告目的によって異なることを容認しているが、一つ…」は、設問の趣旨では適切な記述・対応に当たることが多いです。本問は「最も不適切なもの」を選ぶ形式のため、正答は（4）「企業会計原則の一般原則である継続性の原則は、財務諸表の複数年度にわたる期間 比較を可能とさせるため、会計処理の原…」です。解説のポイント：正解は4です。この設問は最も不適切なものを選ぶ問題です。継続性の原則は、会計処理の原則や手続をみだりに変えないことを求めるものですが、正当な理由があり、その影響を明らかにすれば変更自体が一切禁止されるわけではありません。したがって『いかなる…,,
2007,平成19年度,14,single,会計・税務,h19;single_choice;direct_question;parsed,"管理組合の活動における以下の取引に関し、平成19年3月分の仕訳として正しいものは次のうちどれか。ただし、この管理組合の会計年度は、4月1日から翌年3月31日までとし、期中の取引において、企業会計原則に基づき厳格な発生主義によって経理しているものとする。（取引）平成19年4月1日以降、管理組合以外の第三者に、駐車場の一部である3台分を1台当たり月額30,000円、敷金1箇月分にて貸し付けることとし、平成19年3月31日に4月分として3台分の使用料90,000円と敷金90,000円を現金で受け取った。（単位：円）",,,,,,"（借方） 現金 180,000 180,000","（借方） 現金 180,000","（借方） 現金 180,000","（借方） 現金 180,000 （貸方） 駐車場使用料収入 （貸方） 駐車場使用料収入 預り金 （貸方） 前受金 預り金 （貸方） 前受金 90,000 90,000 90,000 90,000 180,000 8",3,FALSE,FALSE,,"正解は3です。平成19年3月31日に受け取ったのは、4月分の駐車場使用料90,000円と敷金90,000円です。厳格な発生主義では、4月分使用料は3月の収益ではなく前受金、敷金は預り金として処理します。したがって、3月の仕訳は現金180,000円を借方に、前受金90,000円と預り金90,000円を貸方に計上する形になり、3が正解です。","平成19年3月31日に受け取ったのは、4月分の駐車場使用料90,000円と敷金90,000円です。","正解は3です。平成19年3月31日に受け取ったのは、4月分の駐車場使用料90,000円と敷金90,000円です。厳格な発生主義では、4月分使用料は3月の収益ではなく前受金、敷金は預り金として処理します。したがって、3月の仕訳は現金180,000円を借方に、前受金90,000円と預り金90,000円を貸方に計上する形になり、3が正解です。","1:（1）の内容は、正答（3）「（借方） 現金 180,000」が示す論点とずれています。;2:（2）「（借方） 現金 180,000」は、単独の記述としては法令上妥当な場合がありますが、本問で選ぶべき正答は（3）「（借方） 現金 180,000」です。問題文の条件（管理組合の活動における以下の取引に関し、平成19年3月分の仕訳として正しいものは次のうちどれか。…）と照らし、設問が問う論点に合う肢を選び直してください。;4:（4）の内容は、正答（3）「（借方） 現金 180,000」が示す論点とずれています。",,
2007,平成19年度,15,single,会計・税務,h19;single_choice;direct_question;parsed,管理組合の活動における以下の取引に関し、平成19年3月分の仕訳として正しいものは次のうちどれか。ただし、この管理組合の会計年度は、4月1日から翌年3月31日までとし、期中の取引において、企業会計原則に基づき厳格な発生主義によって経理しているものとする。（取引）平成19年3月分を含む以下の内容の管理委託費、水道光熱費、修繕費、損害保険料の請求書が管理組合宛に平成19年4月20日に到着したので、4月27日に、普通預金から振込みにより支払った。（請求書の内容と金額）,,,,,,".管理委託費 1,200,000円 ......... 平成19年5月分",". 水道光熱費 113,000円 （内訳） 電気料 95,000円 平成19年3月分 水道料 12,000円 平成19年3月分 ガス代 6,000円、 ・・・・・・・・• 平成19年3月分",". 修繕費 85,000円 ・・・・・・・・・ 平成19年3月共用部分の修繕分",".損書保険料 980,000円 平成19年5月1日から平成20年 •••••••••14月30日の間の火災保険彩 合 計 2,378,000円 （単位：円） （貸方） 未払金 2,378,000 1 2 3 （借方） 管理委託費 水道光熱費 修繕費 損害保険料 （借方） 前払委託管理費 水道光熱費 修繕費 前払保険料 （借方） 水道光熱費 修繕費 4 （借方） 水道光熱費 修繕費 1,200,000 113,000 85,000 980,000 （貸方） 普通預金 1,200,000 113,000 85,000 980,000 2,378,000 （貸方） 未払金 113,000 85,000 198,000 113,000 85,000 （貸方） 普通預金 9 198,000",3,FALSE,FALSE,,"正解は3です。設問は平成19年3月分の仕訳を問うているので、3月に対応する費用だけを発生主義で計上します。請求内容のうち、3月分として計上するのは水道光熱費113,000円と共用部分修繕費85,000円で、合計198,000円です。これに対し、5月分の管理委託費1,200,000円や、5月1日以後を対象とする損害保険料980,000円は3月の費用ではありません。したがって、水道光熱費と修繕費を借方に、未払金198,000円を貸方に計上する3が正解です。",設問は平成19年3月分の仕訳を問うているので、3月に対応する費用だけを発生主義で計上します。,"正解は3です。設問は平成19年3月分の仕訳を問うているので、3月に対応する費用だけを発生主義で計上します。請求内容のうち、3月分として計上するのは水道光熱費113,000円と共用部分修繕費85,000円で、合計198,000円です。これに対し、5月分の管理委託費1,200,000円や、5月1日以後を対象とする損害保険料980,000円は3月の費用ではありません。したがって、水道光熱費と修繕費を借方に、未払金198,000円を貸方に計上する3が正解です。","1:（1）の内容は、正答（3）「. 修繕費 85,000円 ・・・・・・・・・ 平成19年3月共用部分の修繕分」が示す論点とずれています。;2:（2）の内容は、正答（3）「. 修繕費 85,000円 ・・・・・・・・・ 平成19年3月共用部分の修繕分」が示す論点とずれています。;4:（4）の内容は、正答（3）「. 修繕費 85,000円 ・・・・・・・・・ 平成19年3月共用部分の修繕分」が示す論点とずれています。",,
2007,平成19年度,16,single,会計・税務,h19;single_choice;direct_question;parsed,管理組合の税務に関する次の記述のうち、消費税法（昭和63年法律第108号）の規定によれば、誤っているものはどれか。,,,,,,管理組合が支払う管理報酬、修繕費、備品の購入代、エレベーターの管理保守料は、 消費税の課税対象となる。,"消費税法上、管理組合の基準期間における課税売上高が、1,050万円の場合であっ ても、当該期間に臨時収入である備品の譲渡による課税売上高が80万円あったときは、 それを差しらくと1,000万円を下回るので、消費税の納税義務は生じない。",消費税の納税義務者は事業者とされ、また、法人格のない社団は消費税法上、法人 とみなされ、非法人管理組合及び管理組合法人は、事業者として消費税の納税義務者 となる。,管理組合の支出のうち、管理組合が雇用している従業員の人件費は不課税取引であ るので、消費税の課税対象とはならない。,2,FALSE,FALSE,,"正解は2です。この設問は誤っているものを選ぶ問題です。消費税の納税義務判定では、基準期間の課税売上高をみるため、備品の譲渡のような課税売上も原則として含めて判断します。したがって、1,050万円の課税売上高から80万円を差し引いて1,000万円未満だから納税義務が生じないとする記述は誤っており、これが本問の正答（2）です。1、3、4は、管理組合の取引や人格なき社団の扱い、人件費の不課税性の説明として妥当です。","したがって、1,050万円の課税売上高から80万円を差し引いて1,000万円未満だから納税義務が生じないとする記述は誤っており、これが本問の正答（2）です。","（2）です したがって、1,050万円の課税売上高から80万円を差し引いて1,000万円未満だから納税義務が生じないとする記述は誤っており、これが本問の正答（2）です。","1:（1）の内容は、正答（2）「消費税法上、管理組合の基準期間における課税売上高が、1,050万円の場合であっ ても、当該期間に臨時収入である備…」が示す論点とずれています。;3:（3）の内容は、正答（2）「消費税法上、管理組合の基準期間における課税売上高が、1,050万円の場合であっ ても、当該期間に臨時収入である備…」が示す論点とずれています。;4:（4）の内容は、正答（2）「消費税法上、管理組合の基準期間における課税売上高が、1,050万円の場合であっ ても、当該期間に臨時収入である備…」が示す論点とずれています。",,
2007,平成19年度,17,single,建築・設備,h19;single_choice;direct_question;parsed,建築基準法（昭和25年法律第201号）第2条の用語の定義に関する次の記述のうち、誤っているものはどれか。,,,,,,耐火性能とは、通常の火災が終了するまでの間当該火災による建築物の倒壊及び延 焼を防止するために当該建築物の部分に必要とされる性能をいう。,準耐火性能とは、通常の火災による延焼を抑制するために当該建築物の部分に必要 とされる性能をいう。,防火性能とは、当該建築物で発生した通常の火災が、周囲建築物に延焼することを 抑制するために当該建築物の内壁又は天井に必要とされる性能をいう。,遮炎性能とは、通常の火災時における火炎を有効に遮るために防火設備に必要とさ れる性能をいう。 10,3,FALSE,FALSE,,正解は3です。この設問は誤っているものを選ぶ問題です。3は、防火性能を『内壁又は天井に必要とされる性能』として説明していますが、防火性能の捉え方がずれており、建築基準法上の定義として適切ではありません。1の耐火性能、2の準耐火性能、4の遮炎性能は、いずれも法の定義に沿った説明です。用語の違いを問う基本問題として整理すると解きやすいです。,この設問は誤っているものを選ぶ問題です。,正解は3です。この設問は誤っているものを選ぶ問題です。3は、防火性能を『内壁又は天井に必要とされる性能』として説明していますが、防火性能の捉え方がずれており、建築基準法上の定義として適切ではありません。1の耐火性能、2の準耐火性能、4の遮炎性能は、いずれも法の定義に沿った説明です。用語の違いを問う基本問題として整理すると解きやすいです。,1:（1）の内容は、正答（3）「防火性能とは、当該建築物で発生した通常の火災が、周囲建築物に延焼することを 抑制するために当該建築物の内壁又は天…」が示す論点とずれています。;2:（2）の内容は、正答（3）「防火性能とは、当該建築物で発生した通常の火災が、周囲建築物に延焼することを 抑制するために当該建築物の内壁又は天…」が示す論点とずれています。;4:（4）の内容は、正答（3）「防火性能とは、当該建築物で発生した通常の火災が、周囲建築物に延焼することを 抑制するために当該建築物の内壁又は天…」が示す論点とずれています。,,
2007,平成19年度,18,single,建築・設備,h19;single_choice;direct_question;parsed,建築基準法における容積率算定において、延べ面積にすべてを算入しなければならないものは、次のうちどれか。,,,,,,建築基準法施行令第2条第1項第8号により、階数に算入しない昇降機の屋上部 分の床面積,自動車車庫の用途に供する部分の床面積,地階でその天井が地盤面からの高さ1m以下にあるものの住宅の用途に供する部分 の床面積,共同住宅の共用の廊下と階段の用に供する部分の床面積,1,FALSE,FALSE,,正解は1です。容積率算定で延べ面積に必ず算入しなければならないものを問う問題です。2の自動車車庫、3の一定の地階住宅部分、4の共同住宅の共用廊下・階段は、容積率計算で一定の不算入措置が認められることがあります。これに対し、1の昇降機の屋上部分の床面積は、階数不算入の扱いがあっても、延べ面積には算入する整理になるため、1が正解です。,容積率算定で延べ面積に必ず算入しなければならないものを問う問題です。,正解は1です。容積率算定で延べ面積に必ず算入しなければならないものを問う問題です。2の自動車車庫、3の一定の地階住宅部分、4の共同住宅の共用廊下・階段は、容積率計算で一定の不算入措置が認められることがあります。これに対し、1の昇降機の屋上部分の床面積は、階数不算入の扱いがあっても、延べ面積には算入する整理になるため、1が正解です。,2:（2）「自動車車庫の用途に供する部分の床面積」は、単独の記述としては法令上妥当な場合がありますが、本問で選ぶべき正答は（1）「建築基準法施行令第2条第1項第8号により、階数に算入しない昇降機の屋上部 分の床面積」です。問題文の条件（建築基準法における容積率算定において、延べ面積にすべてを算入しなければならないものは、次のうちど…）と照らし、設問が問う論点に合う肢を選び直してください。;3:（3）の内容は、正答（1）「建築基準法施行令第2条第1項第8号により、階数に算入しない昇降機の屋上部 分の床面積」が示す論点とずれています。;4:（4）の内容は、正答（1）「建築基準法施行令第2条第1項第8号により、階数に算入しない昇降機の屋上部 分の床面積」が示す論点とずれています。,,
2007,平成19年度,19,single,建築・設備,h19;single_choice;direct_question;parsed,昇降機についての定期検査をすることができる者が有しなければならない資格として、建築基準法第12条第3項の定める内容に適合しないものは、次のうちどれか。一級建築士二級建築士3 国土交通大臣が定める要件を満たし、かつ、国土交通大臣の登録を受けた建築設備検査資格者講習の修了者に該当する者4 国土交通大臣が定める要件を満たし、かつ、建築基準適合判定資格者に該当する者,,,,,,一級建築士,二級建築士,国土交通大臣が定める要件を満たし、かつ、国土交通大臣の登録を受けた建築設備検査資格者講習の修了者に該当する者,国土交通大臣が定める要件を満たし、かつ、建築基準適合判定資格者に該当する者,3,FALSE,FALSE,,正解は3です。昇降機の定期検査を行う資格としては、一級建築士や二級建築士、一定の要件を満たした建築基準適合判定資格者などが法令上の枠組みに入ります。他方、3の建築設備検査資格者講習の修了者は、ここで問われている昇降機の定期検査資格としては適合しません。そのため、適合しないものは3です。,昇降機の定期検査を行う資格としては、一級建築士や二級建築士、一定の要件を満たした建築基準適合判定資格者などが法令上の枠組みに入ります。,正解は3です。昇降機の定期検査を行う資格としては、一級建築士や二級建築士、一定の要件を満たした建築基準適合判定資格者などが法令上の枠組みに入ります。他方、3の建築設備検査資格者講習の修了者は、ここで問われている昇降機の定期検査資格としては適合しません。そのため、適合しないものは3です。,1:（1）「一級建築士」は、単独の記述としては法令上妥当な場合がありますが、本問で選ぶべき正答は（3）「国土交通大臣が定める要件を満たし、かつ、国土交通大臣の登録を受けた建築設備検査資格者講習の修了者に該当する者」です。問題文の条件（昇降機についての定期検査をすることができる者が有しなければならない資格として、建築基準法第12条…）と照らし、設問が問う論点に合う肢を選び直してください。;2:（2）「二級建築士」は、単独の記述としては法令上妥当な場合がありますが、本問で選ぶべき正答は（3）「国土交通大臣が定める要件を満たし、かつ、国土交通大臣の登録を受けた建築設備検査資格者講習の修了者に該当する者」です。問題文の条件（昇降機についての定期検査をすることができる者が有しなければならない資格として、建築基準法第12条…）と照らし、設問が問う論点に合う肢を選び直してください。;4:（4）の内容は、正答（3）「国土交通大臣が定める要件を満たし、かつ、国土交通大臣の登録を受けた建築設備検査資格者講習の修了者に該当する者」が示す論点とずれています。,,
2007,平成19年度,20,single,建築・設備,h19;single_choice;direct_question;parsed,昇降機に関する次の記述のうち、建築基準法の規定によれば、正しいものはどれか。,,,,,,乗用エレベーターのかごの積載荷重の最小値は、単位床面積当たりでは、床面積が 小さいものほど大きくしなければならない。,乗用エレベーターの最大定員の算定においては、1人当たりの体重を60kgとして計 算しなければならない。,エレベーターの出入口の床先とかごの床先の水平距離は、6cm以下としなければな らない。,光ファイバー又は光ファイバーケーブル（電気導体を組み込んだものを除く。）は、 昇降機に必要な配管設備でなくても昇降路内に設けることができる場合がある。,4,FALSE,FALSE,,正解は4です。建築基準法上、昇降路内には原則として昇降機に関係のない設備を設けませんが、光ファイバー又は電気導体を組み込まない光ファイバーケーブルについては、一定の場合に設置が認められます。したがって4が正しいです。1から3は、積載荷重や最大定員、出入口の床先間距離の説明が法令基準と一致していません。,建築基準法上、昇降路内には原則として昇降機に関係のない設備を設けませんが、光ファイバー又は電気導体を組み込まない光ファイバーケーブルについては、一定の場合に設置が認められます。,正解は4です。建築基準法上、昇降路内には原則として昇降機に関係のない設備を設けませんが、光ファイバー又は電気導体を組み込まない光ファイバーケーブルについては、一定の場合に設置が認められます。したがって4が正しいです。1から3は、積載荷重や最大定員、出入口の床先間距離の説明が法令基準と一致していません。,1:（1）の内容は、正答（4）「光ファイバー又は光ファイバーケーブル（電気導体を組み込んだものを除く。）は、 昇降機に必要な配管設備でなくても昇…」が示す論点とずれています。;2:（2）の内容は、正答（4）「光ファイバー又は光ファイバーケーブル（電気導体を組み込んだものを除く。）は、 昇降機に必要な配管設備でなくても昇…」が示す論点とずれています。;3:（3）の内容は、正答（4）「光ファイバー又は光ファイバーケーブル（電気導体を組み込んだものを除く。）は、 昇降機に必要な配管設備でなくても昇…」が示す論点とずれています。,,
2007,平成19年度,21,single,建築・設備,h19;single_choice;direct_question;parsed,共同住宅の非常用の照明装置に関する次の記述のうち、建築基準法の規定によれば、誤っているものはどれか。,,,,,,住戸内には非常用の照明装置を設けない設計とすることができる。,非常用の照明装置が必要な部分は、蛍光灯の間接照明とし、床面から1mの高さに おいて2ルクス以上の照度を確保しなければならない。,予備電源は、常用の電源が断たれた場合に自動的に切り替えられて接続され、かつ、 常用の電源が復旧した場合に自動的に切り替えられて復帰するものとしなければなら ない。,非常用の照明装置の水平面の照度測定は、十分に補正された低照度測定用照度計を 用いた物理測定方法によって行わなければならない。 12,2,FALSE,FALSE,,正解は2です。この設問は誤っているものを選ぶ問題です。非常用照明は、必要部分に一定の照度を確保する必要がありますが、2の説明は照明方式や照度基準の示し方が建築基準法上の基準と一致していません。1の住戸内を原則対象外とする扱い、3の予備電源の自動切替え、4の照度測定方法はいずれも制度趣旨に沿う説明です。,この設問は誤っているものを選ぶ問題です。,正解は2です。この設問は誤っているものを選ぶ問題です。非常用照明は、必要部分に一定の照度を確保する必要がありますが、2の説明は照明方式や照度基準の示し方が建築基準法上の基準と一致していません。1の住戸内を原則対象外とする扱い、3の予備電源の自動切替え、4の照度測定方法はいずれも制度趣旨に沿う説明です。,1:正答の解説と、主体・手続・効果のいずれかが一致していません。 選択肢（1）「住戸内には非常用の照明装置を設けない設計とすることができる。」は本問の正答（2）とは異なるため不適です。;3:正答の解説と、主体・手続・効果のいずれかが一致していません。 選択肢（3）「予備電源は、常用の電源が断たれた場合に自動的に切り替えられて接続され、かつ、 常用の電源が復旧した場合に自動的に切り替えられて復帰するものとしな…」は本問の正答（2）とは異なるため不適です。;4:根拠の記述が異なります。解説では「度基準の示し方が建築基準法」が根拠ですが、（4）は「用いた物理測定方法」を根拠とする内容です。 正答の解説と、主体・手続・効果のいずれかが一致していません。,,
2007,平成19年度,22,single,建築・設備,h19;single_choice;most_inappropriate;parsed,共同住宅に設置する共同住宅用スプリンクラー設備に関する次の記述のうち、最も不適切なものはどれか。,,,,,,スプリンクラーの制御弁は、パイプシャフト、パイプダクトその他これらに類する ものの中に設ける。,スプリンクラーヘッドは、自治省令に規定する小区画型ヘッドのうち、感度種別が 一種であるものに限る。,4個のスプリンクラーヘッドを同時に使用した場合の放水量は、それぞれの先端に おいて、50%/min以上である。,スプリンクラーの水源の水量は、2m以上でなければならない。,4,FALSE,FALSE,,正解は4です。この設問は最も不適切なものを選ぶ問題です。共同住宅用スプリンクラー設備の水源は、必要水量を確保することが重要であり、4の『水量は2m以上』という記述は単位・内容とも不適切です。1から3は、制御弁の設置場所や小区画型ヘッド、同時放水時の放水量に関する説明として制度の枠組みに沿っています。,この設問は最も不適切なものを選ぶ問題です。,正解は4です。この設問は最も不適切なものを選ぶ問題です。共同住宅用スプリンクラー設備の水源は、必要水量を確保することが重要であり、4の『水量は2m以上』という記述は単位・内容とも不適切です。1から3は、制御弁の設置場所や小区画型ヘッド、同時放水時の放水量に関する説明として制度の枠組みに沿っています。,1:（1）「スプリンクラーの制御弁は、パイプシャフト、パイプダクトその他これらに類する ものの中に設ける。」は、設問の趣旨では適切な記述・対応に当たることが多いです。本問は「最も不適切なもの」を選ぶ形式のため、正答は（4）「スプリンクラーの水源の水量は、2m以上でなければならない。」です。解説のポイント：正解は4です。この設問は最も不適切なものを選ぶ問題です。共同住宅用スプリンクラー設備の水源は、必要水量を確保することが重要であり、4の『水量は2m以上』という記述は単位・内容とも不適切です。1から3は、制御弁の設置場所や小区画型ヘッド、同時…;2:（2）「スプリンクラーヘッドは、自治省令に規定する小区画型ヘッドのうち、感度種別が 一種であるものに限る。」は、設問の趣旨では適切な記述・対応に当たることが多いです。本問は「最も不適切なもの」を選ぶ形式のため、正答は（4）「スプリンクラーの水源の水量は、2m以上でなければならない。」です。解説のポイント：正解は4です。この設問は最も不適切なものを選ぶ問題です。共同住宅用スプリンクラー設備の水源は、必要水量を確保することが重要であり、4の『水量は2m以上』という記述は単位・内容とも不適切です。1から3は、制御弁の設置場所や小区画型ヘッド、同時…;3:（3）「4個のスプリンクラーヘッドを同時に使用した場合の放水量は、それぞれの先端に おいて、50%/min以上である。」は、設問の趣旨では適切な記述・対応に当たることが多いです。本問は「最も不適切なもの」を選ぶ形式のため、正答は（4）「スプリンクラーの水源の水量は、2m以上でなければならない。」です。解説のポイント：正解は4です。この設問は最も不適切なものを選ぶ問題です。共同住宅用スプリンクラー設備の水源は、必要水量を確保することが重要であり、4の『水量は2m以上』という記述は単位・内容とも不適切です。1から3は、制御弁の設置場所や小区画型ヘッド、同時…,,
2007,平成19年度,23,single,建築・設備,h19;single_choice;direct_question;parsed,給排水衛生設備に関する次の事項のうち、建築基準法、同法施行令、同法施行規則及び関係告示において数値が明示されているものはどれか。,,,,,,飲料水の配管設備において、水の逆流防止のために必要な水槽、流しなどのあふれ 縁と水栓の垂直距離,給水タンクに設置する通気管の有効断面積,給水タンクに設置する場合の点検用マンホールに内接する円の直径,屋外排水の容能と管径の関係 13,3,FALSE,FALSE,,正解は3です。法令上、数値が明示されているものを問う問題で、給水タンクの点検用マンホールに内接する円の直径には具体的な数値基準があります。1のあふれ縁と水栓の垂直距離、2の通気管の有効断面積、4の屋外排水の容量と管径の関係は、ここでいう形で数値が直接明示されているものとしては扱われません。,法令上、数値が明示されているものを問う問題で、給水タンクの点検用マンホールに内接する円の直径には具体的な数値基準があります。,正解は3です。法令上、数値が明示されているものを問う問題で、給水タンクの点検用マンホールに内接する円の直径には具体的な数値基準があります。1のあふれ縁と水栓の垂直距離、2の通気管の有効断面積、4の屋外排水の容量と管径の関係は、ここでいう形で数値が直接明示されているものとしては扱われません。,1:（1）の内容は、正答（3）「給水タンクに設置する場合の点検用マンホールに内接する円の直径」が示す論点とずれています。;2:（2）の内容は、正答（3）「給水タンクに設置する場合の点検用マンホールに内接する円の直径」が示す論点とずれています。;4:（4）「屋外排水の容能と管径の関係 13」は、単独の記述としては法令上妥当な場合がありますが、本問で選ぶべき正答は（3）「給水タンクに設置する場合の点検用マンホールに内接する円の直径」です。問題文の条件（給排水衛生設備に関する次の事項のうち、建築基準法、同法施行令、同法施行規則及び関係告示において数…）と照らし、設問が問う論点に合う肢を選び直してください。,,
2007,平成19年度,24,single,建築・設備,h19;single_choice;direct_question;parsed,火を使用する室に設けなければならない換気設備等に関する次の記述のうち、建築基準法の規定によれば、誤っているものはどれか。,,,,,,火を使用する設備又は器具の近くに排気フードを有する排気筒を設ける場合におい ては、排気フードは、不燃材料で造らなければならない。,換気上有効な排気のための換気扇を設けた場合には、給気口の設置高さに対する数 値上の制限はない。,煙突、排気フードなどを設けず、排気口又は排気筒に換気扇等を設けた場合に必要 となる有効換気量は、（燃料の単位燃焼量当たりの理論廃ガス量）✕（火を使用する 設備又は器具の実況に応じた燃料消費量）の40倍以上である。,火を使用する設備又は器具の通常の使用状態において、当該室内の酸素の含有率を おおむね15%以上に保つ換気ができるものとして、国土交通大臣の認定を受けたもの は、有効換気量についての規制は受けない。,4,FALSE,FALSE,,正解は4です。この設問は誤っているものを選ぶ問題です。国土交通大臣の認定を受けた機器であっても、有効換気量について一切の規制を受けないというわけではありません。したがって、記述として誤っているのは（4）であり、これが本問の正答です。1の排気フードを不燃材料とすること、2の換気扇設置時の給気口高さ、3の有効換気量の考え方は、法令の基本構造に沿っています。,したがって、記述として誤っているのは（4）であり、これが本問の正答です。,（4）であり したがって、記述として誤っているのは（4）であり、これが本問の正答です。,1:正答の解説と、主体・手続・効果のいずれかが一致していません。 選択肢（1）「火を使用する設備又は器具の近くに排気フードを有する排気筒を設ける場合におい ては、排気フードは、不燃材料で造らなければならない。」は本問の正答（4）とは異なるため不適です。;2:正答の解説と、主体・手続・効果のいずれかが一致していません。 選択肢（2）「換気上有効な排気のための換気扇を設けた場合には、給気口の設置高さに対する数 値上の制限はない。」は本問の正答（4）とは異なるため不適です。;3:（3）の内容は、正答（4）「火を使用する設備又は器具の通常の使用状態において、当該室内の酸素の含有率を おおむね15%以上に保つ換気ができる…」が示す論点とずれています。,,
2007,平成19年度,25,single,建築・設備,h19;single_choice;most_appropriate;parsed,駐車場設備に関する次の記述のうち、最も適切なものはどれか。,,,,,,平面自走式は、敷地を平面的に利用する方式であり、1台（普通自動車）当たりの 利用面積は、2.0m✕5.0mである。,立体自走式は、駐車区画まで車が自走して出入りする2階建て以上の立体構造の駐 車場であり、建築基準法の建築物に該当する。,二段式・多段式は、駐車区画が上下二段以上の立体構造を有する機械式駐車場であ り、屋根の有無を問わず建築基準法の建築物に該当する。,すべての機械式駐車装置において、建築基準法により保守点検の基準が定められて いる。 14,2,FALSE,FALSE,,正解は2です。立体自走式駐車場は、車が自走して出入りする複数階の立体構造物であり、建築基準法上の建築物に該当します。1は平面自走式の1台当たり面積の説明が不十分です。3は、二段式・多段式が屋根の有無を問わず当然に建築物となるとする点が適切ではありません。4も、すべての機械式駐車装置について建築基準法で一律の保守点検基準が定められているわけではありません。,立体自走式駐車場は、車が自走して出入りする複数階の立体構造物であり、建築基準法上の建築物に該当します。,正解は2です。立体自走式駐車場は、車が自走して出入りする複数階の立体構造物であり、建築基準法上の建築物に該当します。1は平面自走式の1台当たり面積の説明が不十分です。3は、二段式・多段式が屋根の有無を問わず当然に建築物となるとする点が適切ではありません。4も、すべての機械式駐車装置について建築基準法で一律の保守点検基準が定められているわけではありません。,1:（1）の内容は、正答（2）「立体自走式は、駐車区画まで車が自走して出入りする2階建て以上の立体構造の駐 車場であり、建築基準法の建築物に該当…」が示す論点とずれています。;3:（3）の内容は、正答（2）「立体自走式は、駐車区画まで車が自走して出入りする2階建て以上の立体構造の駐 車場であり、建築基準法の建築物に該当…」が示す論点とずれています。;4:（4）の内容は、正答（2）「立体自走式は、駐車区画まで車が自走して出入りする2階建て以上の立体構造の駐 車場であり、建築基準法の建築物に該当…」が示す論点とずれています。,,
2007,平成19年度,26,single,建築・設備,h19;single_choice;most_inappropriate;parsed,コンクリートの中性化に関する次の記述のうち、最も不適切なものはどれか。,,,,,,打ち放しコンクリートの場合、中性化は屋外側よりも屋内側の方が進行しやすい。,豆板（ジャンカ）があるとその周囲で中性化が進行しやすい。,中性化してもコンクリート自体の強度は低下しない。,中性化は空気中の酸素の作用により進行する。,4,FALSE,FALSE,,正解は4です。この設問は最も不適切なものを選ぶ問題です。コンクリートの中性化は、主として空気中の二酸化炭素がコンクリート中に浸透して進行する現象であり、酸素の作用によるものではありません。したがって、最も不適切な記述は（4）であり、これが本問の正答です。1から3は、中性化の進みやすさや豆板の影響、中性化と圧縮強度の関係を述べたものとして妥当です。,したがって、最も不適切な記述は（4）であり、これが本問の正答です。,（4）であり したがって、最も不適切な記述は（4）であり、これが本問の正答です。,1:（1）「打ち放しコンクリートの場合、中性化は屋外側よりも屋内側の方が進行しやすい。」は、設問の趣旨では適切な記述・対応に当たることが多いです。本問は「最も不適切なもの」を選ぶ形式のため、正答は（4）「中性化は空気中の酸素の作用により進行する。」です。解説のポイント：正解は4です。この設問は最も不適切なものを選ぶ問題です。コンクリートの中性化は、主として空気中の二酸化炭素がコンクリート中に浸透して進行する現象であり、酸素の作用によるものではありません。したがって、最も不適切な記述は（4）であり、これが本…;2:（2）「豆板（ジャンカ）があるとその周囲で中性化が進行しやすい。」は、設問の趣旨では適切な記述・対応に当たることが多いです。本問は「最も不適切なもの」を選ぶ形式のため、正答は（4）「中性化は空気中の酸素の作用により進行する。」です。解説のポイント：正解は4です。この設問は最も不適切なものを選ぶ問題です。コンクリートの中性化は、主として空気中の二酸化炭素がコンクリート中に浸透して進行する現象であり、酸素の作用によるものではありません。したがって、最も不適切な記述は（4）であり、これが本…;3:（3）「中性化してもコンクリート自体の強度は低下しない。」は、設問の趣旨では適切な記述・対応に当たることが多いです。本問は「最も不適切なもの」を選ぶ形式のため、正答は（4）「中性化は空気中の酸素の作用により進行する。」です。解説のポイント：正解は4です。この設問は最も不適切なものを選ぶ問題です。コンクリートの中性化は、主として空気中の二酸化炭素がコンクリート中に浸透して進行する現象であり、酸素の作用によるものではありません。したがって、最も不適切な記述は（4）であり、これが本…,,
2007,平成19年度,27,single,建築・設備,h19;single_choice;most_inappropriate;parsed,建物の躯体コンクリートに裂を発生させる要因として、最も不適切なものはどれか。,,,,,,建物の不同沈下,コンクリートの乾燥収縮,温度変化によるコンクリートの膨張・収縮,紫外線によるコンクリートの化学変化 15,4,FALSE,FALSE,,正解は4です。この設問は最も不適切なものを選ぶ問題です。躯体コンクリートのひび割れ要因としては、不同沈下、乾燥収縮、温度変化による膨張収縮などが典型です。他方、紫外線による化学変化は、ここで問う躯体コンクリートのひび割れ要因として一般的ではありません。そのため4が不適切です。,この設問は最も不適切なものを選ぶ問題です。,正解は4です。この設問は最も不適切なものを選ぶ問題です。躯体コンクリートのひび割れ要因としては、不同沈下、乾燥収縮、温度変化による膨張収縮などが典型です。他方、紫外線による化学変化は、ここで問う躯体コンクリートのひび割れ要因として一般的ではありません。そのため4が不適切です。,1:（1）「建物の不同沈下」は、単独の記述としては法令上妥当な場合がありますが、本問で選ぶべき正答は（4）「紫外線によるコンクリートの化学変化 15」です。問題文の条件（建物の躯体コンクリートに裂を発生させる要因として、最も不適切なものはどれか。…）と照らし、設問が問う論点に合う肢を選び直してください。;2:（2）「コンクリートの乾燥収縮」は、単独の記述としては法令上妥当な場合がありますが、本問で選ぶべき正答は（4）「紫外線によるコンクリートの化学変化 15」です。問題文の条件（建物の躯体コンクリートに裂を発生させる要因として、最も不適切なものはどれか。…）と照らし、設問が問う論点に合う肢を選び直してください。;3:（3）「温度変化によるコンクリートの膨張・収縮」は、設問の趣旨では適切な記述・対応に当たることが多いです。本問は「最も不適切なもの」を選ぶ形式のため、正答は（4）「紫外線によるコンクリートの化学変化 15」です。解説のポイント：正解は4です。この設問は最も不適切なものを選ぶ問題です。躯体コンクリートのひび割れ要因としては、不同沈下、乾燥収縮、温度変化による膨張収縮などが典型です。他方、紫外線による化学変化は、ここで問う躯体コンクリートのひび割れ要因として一般的では…,,
2007,平成19年度,28,single,建築・設備,h19;single_choice;most_inappropriate;parsed,既存マンションの地震対策として、最も不適切なものはどれか。1 屋上の高置水槽に転倒等の防止のための補強をする。1階ピロティ部分の開口部に鉄骨のブレースを設置する。1階ピロティ部分の開口部を軽量ブロックで塞ぐ。1階ピロティ部分の柱に炭素繊維シートを巻く。,,,,,,屋上の高置水槽に転倒等の防止のための補強をする。,1階ピロティ部分の開口部に鉄骨のブレースを設置する。,1階ピロティ部分の開口部を軽量ブロックで塞ぐ。,1階ピロティ部分の柱に炭素繊維シートを巻く。,3,FALSE,FALSE,,正解は3です。この設問は最も不適切なものを選ぶ問題です。1階ピロティ部分の開口部を軽量ブロックで塞ぐ方法は、地震時の水平力に対する有効な補強とはいいにくく、むしろ不適切です。これに対し、屋上高置水槽の転倒防止補強、ピロティ開口部への鉄骨ブレース設置、柱への炭素繊維シート巻きは、いずれも耐震性向上の方向にある対策です。,1階ピロティ部分の開口部を軽量ブロックで塞ぐ方法は、地震時の水平力に対する有効な補強とはいいにくく、むしろ不適切です。,1階ピロティ部分の開口部を軽量ブロックで塞ぐ方法は、地震時の水平力に対する有効な補強とはいいにくく、むしろ不適切です。,1:（1）「屋上の高置水槽に転倒等の防止のための補強をする。」は、設問の趣旨では適切な記述・対応に当たることが多いです。本問は「最も不適切なもの」を選ぶ形式のため、正答は（3）「1階ピロティ部分の開口部を軽量ブロックで塞ぐ。」です。解説のポイント：正解は3です。この設問は最も不適切なものを選ぶ問題です。1階ピロティ部分の開口部を軽量ブロックで塞ぐ方法は、地震時の水平力に対する有効な補強とはいいにくく、むしろ不適切です。これに対し、屋上高置水槽の転倒防止補強、ピロティ開口部への鉄骨ブレ…;2:（2）「1階ピロティ部分の開口部に鉄骨のブレースを設置する。」は、設問の趣旨では適切な記述・対応に当たることが多いです。本問は「最も不適切なもの」を選ぶ形式のため、正答は（3）「1階ピロティ部分の開口部を軽量ブロックで塞ぐ。」です。解説のポイント：正解は3です。この設問は最も不適切なものを選ぶ問題です。1階ピロティ部分の開口部を軽量ブロックで塞ぐ方法は、地震時の水平力に対する有効な補強とはいいにくく、むしろ不適切です。これに対し、屋上高置水槽の転倒防止補強、ピロティ開口部への鉄骨ブレ…;4:（4）「1階ピロティ部分の柱に炭素繊維シートを巻く。」は、設問の趣旨では適切な記述・対応に当たることが多いです。本問は「最も不適切なもの」を選ぶ形式のため、正答は（3）「1階ピロティ部分の開口部を軽量ブロックで塞ぐ。」です。解説のポイント：正解は3です。この設問は最も不適切なものを選ぶ問題です。1階ピロティ部分の開口部を軽量ブロックで塞ぐ方法は、地震時の水平力に対する有効な補強とはいいにくく、むしろ不適切です。これに対し、屋上高置水槽の転倒防止補強、ピロティ開口部への鉄骨ブレ…,,
2007,平成19年度,29,single,標準管理規約,h19;single_choice;most_appropriate;parsed,あるマンションの管理規約に関する次の記述のうち、最も適切なものはどれか。,,,,,,専有部分を売却する場合には、予め管理組合に届け出て、買主となる者の資格審査 を受け、その承認を得なければならない旨の定めは有効である。,理事会の決議により、区分所有法第6条第1項に定める共同の利益に反する行為を した区分所有者に対し、専有部分の使用禁止の訴訟を提起することができる旨の定め は有効である。,消防用設備等の点検のため、専有部分内に強制的に立入ることができる旨の定めは 有効である。,管理費滞納者に対し、遅延損害金のほか、違約金としての弁護士費用、促及び徴 収の諸費用を加算して請求することができる旨の定めは有効である。 16,4,FALSE,FALSE,,正解は4です。管理費滞納者に対し、遅延損害金に加えて弁護士費用や督促・徴収の諸費用を請求できる旨を規約で定めることは有効と考えられています。1の買主資格審査による売却制限、2の理事会決議だけで使用禁止訴訟を提起できるとする定め、3の専有部分への強制立入りを広く認める定めは、いずれも区分所有法上の限界との関係で問題があります。そのため4が最も適切です。,管理費滞納者に対し、遅延損害金に加えて弁護士費用や督促・徴収の諸費用を請求できる旨を規約で定めることは有効と考えられています。,正解は4です。管理費滞納者に対し、遅延損害金に加えて弁護士費用や督促・徴収の諸費用を請求できる旨を規約で定めることは有効と考えられています。1の買主資格審査による売却制限、2の理事会決議だけで使用禁止訴訟を提起できるとする定め、3の専有部分への強制立入りを広く認める定めは、いずれも区分所有法上の限界との関係で問題があります。そのため4が最も適切です。,1:正答の解説と、主体・手続・効果のいずれかが一致していません。 選択肢（1）「専有部分を売却する場合には、予め管理組合に届け出て、買主となる者の資格審査 を受け、その承認を得なければならない旨の定めは有効である。」は本問の正答（4）とは異なるため不適です。;2:（2）の内容は、正答（4）「管理費滞納者に対し、遅延損害金のほか、違約金としての弁護士費用、促及び徴 収の諸費用を加算して請求することができ…」が示す論点とずれています。;3:（3）の内容は、正答（4）「管理費滞納者に対し、遅延損害金のほか、違約金としての弁護士費用、促及び徴 収の諸費用を加算して請求することができ…」が示す論点とずれています。,,
2007,平成19年度,30,single,標準管理規約,h19;single_choice;most_inappropriate;parsed,総会の出席に関する次の記述のうち、マンション標準管理規約によれば、最も不適切なものはどれか。,,,,,,占有者は、自分が賃借している住戸の区分所有者からの委任状があれば、代理人と して総会に出席することができる。,組合員でないマンション管理士は、理事会が必要と認めた場合は、総会に出席する ことができる。,マンション管理業者の従業者は、自己の属する管理業者が管理組合の総会運営の補 助業務を受託していても、総会に出席できるとは限らない。,組合員は、自分の行為の規約違反を理由として総会の議題に取り上げられる場合、 その総会に出席できるとは限らない。,4,FALSE,FALSE,,正解は4です。この設問は最も不適切なものを選ぶ問題です。規約違反を理由に議題に取り上げられる組合員であっても、そのことだけで総会出席資格を失うわけではありません。したがって、最も不適切な記述は（4）であり、これが本問の正答です。1の占有者が委任状により代理出席できること、2の理事会が必要と認めた専門家の出席、3の管理業者従業者が常に当然出席できるわけではないという整理は、標準管理規約の考え方に沿っています。,したがって、最も不適切な記述は（4）であり、これが本問の正答です。,（4）であり したがって、最も不適切な記述は（4）であり、これが本問の正答です。,1:（1）「占有者は、自分が賃借している住戸の区分所有者からの委任状があれば、代理人と して総会に出席することができる。」は、設問の趣旨では適切な記述・対応に当たることが多いです。本問は「最も不適切なもの」を選ぶ形式のため、正答は（4）「組合員は、自分の行為の規約違反を理由として総会の議題に取り上げられる場合、 その総会に出席できるとは限らない。」です。解説のポイント：正解は4です。この設問は最も不適切なものを選ぶ問題です。規約違反を理由に議題に取り上げられる組合員であっても、そのことだけで総会出席資格を失うわけではありません。したがって、最も不適切な記述は（4）であり、これが本問の正答です。1の占有者が…;2:（2）「組合員でないマンション管理士は、理事会が必要と認めた場合は、総会に出席する ことができる。」は、設問の趣旨では適切な記述・対応に当たることが多いです。本問は「最も不適切なもの」を選ぶ形式のため、正答は（4）「組合員は、自分の行為の規約違反を理由として総会の議題に取り上げられる場合、 その総会に出席できるとは限らない。」です。解説のポイント：正解は4です。この設問は最も不適切なものを選ぶ問題です。規約違反を理由に議題に取り上げられる組合員であっても、そのことだけで総会出席資格を失うわけではありません。したがって、最も不適切な記述は（4）であり、これが本問の正答です。1の占有者が…;3:（3）「マンション管理業者の従業者は、自己の属する管理業者が管理組合の総会運営の補 助業務を受託していても、総会に出席できるとは限らない…」は、設問の趣旨では適切な記述・対応に当たることが多いです。本問は「最も不適切なもの」を選ぶ形式のため、正答は（4）「組合員は、自分の行為の規約違反を理由として総会の議題に取り上げられる場合、 その総会に出席できるとは限らない。」です。解説のポイント：正解は4です。この設問は最も不適切なものを選ぶ問題です。規約違反を理由に議題に取り上げられる組合員であっても、そのことだけで総会出席資格を失うわけではありません。したがって、最も不適切な記述は（4）であり、これが本問の正答です。1の占有者が…,,
2007,平成19年度,31,single,標準管理規約,h19;single_choice;most_inappropriate;parsed,次のマンションの理事会の行為のうち、最も不適切なものはどれか。,,,,,,組合員の氏名、部屋番号、電話番号、勤務先を記載した名簿を各組合員の同意なし に全組合員に配布すること。,ペット、騒音に関する苦情調査のため、部屋番号と氏名欄を設けたアンケート用紙 を全居住者に配布すること。,エレベーター内で発生した事件について、察の求めに応じて監視カメラの影像記 録を提出すること。,水漏れ事故の原因調査のため、被害者宅のほか水漏れの原因箇所と思われる住戸へ の立入りを請求すること。 17,1,FALSE,FALSE,,正解は1です。この設問は最も不適切なものを選ぶ問題です。組合員の氏名や部屋番号に加え、電話番号や勤務先まで記載した名簿を、本人同意なく全組合員に配布する行為は、個人情報の取扱いとして問題が大きく、不適切です。2の苦情調査アンケート、3の警察への映像記録提出、4の水漏れ原因調査のための立入り請求は、いずれも目的との関連性があり得る行為です。,この設問は最も不適切なものを選ぶ問題です。,正解は1です。この設問は最も不適切なものを選ぶ問題です。組合員の氏名や部屋番号に加え、電話番号や勤務先まで記載した名簿を、本人同意なく全組合員に配布する行為は、個人情報の取扱いとして問題が大きく、不適切です。2の苦情調査アンケート、3の警察への映像記録提出、4の水漏れ原因調査のための立入り請求は、いずれも目的との関連性があり得る行為です。,2:（2）「ペット、騒音に関する苦情調査のため、部屋番号と氏名欄を設けたアンケート用紙 を全居住者に配布すること。」は、設問の趣旨では適切な記述・対応に当たることが多いです。本問は「最も不適切なもの」を選ぶ形式のため、正答は（1）「組合員の氏名、部屋番号、電話番号、勤務先を記載した名簿を各組合員の同意なし に全組合員に配布すること。」です。解説のポイント：正解は1です。この設問は最も不適切なものを選ぶ問題です。組合員の氏名や部屋番号に加え、電話番号や勤務先まで記載した名簿を、本人同意なく全組合員に配布する行為は、個人情報の取扱いとして問題が大きく、不適切です。2の苦情調査アンケート、3の警察…;3:（3）「エレベーター内で発生した事件について、察の求めに応じて監視カメラの影像記 録を提出すること。」は、設問の趣旨では適切な記述・対応に当たることが多いです。本問は「最も不適切なもの」を選ぶ形式のため、正答は（1）「組合員の氏名、部屋番号、電話番号、勤務先を記載した名簿を各組合員の同意なし に全組合員に配布すること。」です。解説のポイント：正解は1です。この設問は最も不適切なものを選ぶ問題です。組合員の氏名や部屋番号に加え、電話番号や勤務先まで記載した名簿を、本人同意なく全組合員に配布する行為は、個人情報の取扱いとして問題が大きく、不適切です。2の苦情調査アンケート、3の警察…;4:（4）「水漏れ事故の原因調査のため、被害者宅のほか水漏れの原因箇所と思われる住戸へ の立入りを請求すること。 17」は、設問の趣旨では適切な記述・対応に当たることが多いです。本問は「最も不適切なもの」を選ぶ形式のため、正答は（1）「組合員の氏名、部屋番号、電話番号、勤務先を記載した名簿を各組合員の同意なし に全組合員に配布すること。」です。解説のポイント：正解は1です。この設問は最も不適切なものを選ぶ問題です。組合員の氏名や部屋番号に加え、電話番号や勤務先まで記載した名簿を、本人同意なく全組合員に配布する行為は、個人情報の取扱いとして問題が大きく、不適切です。2の苦情調査アンケート、3の警察…,,
2007,平成19年度,32,single,標準管理規約,h19;single_choice;most_inappropriate;parsed,管理費又は修繕積立金に関する次の記述のうち、マンション標準管理規約の定めによれば、最も不適切なものはどれか。,,,,,,弁護士、一級建築士等の専門家に相談する場合の費用は、管理費から支出する。,マンションの建替えに係る合意形成に必要となる事項の調査に要する費用は、管理 費から支出する。,長期修繕計画の作成又は変更に要する費用は、管理費又は修繕積立金から支出する。,エントランスの共用自動ドアが故障した際の補修費は、管理費から支出する。,2,FALSE,FALSE,,正解は2です。この設問は最も不適切なものを選ぶ問題です。マンション建替えに係る合意形成のための調査費用は、標準管理規約上、管理費ではなく修繕積立金から支出する整理が基本です。したがって、最も不適切な記述は（2）であり、これが本問の正答です。1の専門家相談費用、3の長期修繕計画の作成・変更費用、4の共用自動ドア補修費は、それぞれ標準管理規約の支出区分として整合する内容です。,したがって、最も不適切な記述は（2）であり、これが本問の正答です。,（2）であり したがって、最も不適切な記述は（2）であり、これが本問の正答です。,1:（1）「弁護士、一級建築士等の専門家に相談する場合の費用は、管理費から支出する。」は、設問の趣旨では適切な記述・対応に当たることが多いです。本問は「最も不適切なもの」を選ぶ形式のため、正答は（2）「マンションの建替えに係る合意形成に必要となる事項の調査に要する費用は、管理 費から支出する。」です。解説のポイント：正解は2です。この設問は最も不適切なものを選ぶ問題です。マンション建替えに係る合意形成のための調査費用は、標準管理規約上、管理費ではなく修繕積立金から支出する整理が基本です。したがって、最も不適切な記述は（2）であり、これが本問の正答です。…;3:（3）「長期修繕計画の作成又は変更に要する費用は、管理費又は修繕積立金から支出する。」は、設問の趣旨では適切な記述・対応に当たることが多いです。本問は「最も不適切なもの」を選ぶ形式のため、正答は（2）「マンションの建替えに係る合意形成に必要となる事項の調査に要する費用は、管理 費から支出する。」です。解説のポイント：正解は2です。この設問は最も不適切なものを選ぶ問題です。マンション建替えに係る合意形成のための調査費用は、標準管理規約上、管理費ではなく修繕積立金から支出する整理が基本です。したがって、最も不適切な記述は（2）であり、これが本問の正答です。…;4:（4）「エントランスの共用自動ドアが故障した際の補修費は、管理費から支出する。」は、設問の趣旨では適切な記述・対応に当たることが多いです。本問は「最も不適切なもの」を選ぶ形式のため、正答は（2）「マンションの建替えに係る合意形成に必要となる事項の調査に要する費用は、管理 費から支出する。」です。解説のポイント：正解は2です。この設問は最も不適切なものを選ぶ問題です。マンション建替えに係る合意形成のための調査費用は、標準管理規約上、管理費ではなく修繕積立金から支出する整理が基本です。したがって、最も不適切な記述は（2）であり、これが本問の正答です。…,,
2007,平成19年度,33,combination,標準管理規約,h19;combination;most_appropriate;parsed,次に掲げる管理規約の改正内容と、改正に際し、その承諾を得なければならない特別の影響を受ける区分所有者の組合せのうち、最も適切なものはどれか。管理規約の改正内容管理費の負担割合は専有部分の床面積によるとの定めを、区分所有者間で同一である旨の定めに改正他人に迷惑となる動物の飼育を禁止するとの定めを、犬猫等の動物の飼育を禁止するとの定めに改正夜間のピアノ演奏は午後8時までとするとの定めを新設1階が店舗、2階以上が住宅の複合用途マンションで、1階店舗の外装工事を行う場合の合理的な制限を新設特別の影響を受ける区分所有者専有部分の床面積の小さい区分所有者小型犬を飼育している独居高齢の区分所有者音楽大学の受験生を子に持つ区分所有者1階店舗をコンビニエンスストアに賃貸している区分所有者,,,,,,管理費の負担割合は専有部分の床面積によるとの定めを、区分所有者間で同一である旨の定めに改正 専有部分の床面積の小さい区分所有者,他人に迷惑となる動物の飼育を禁止するとの定めを、犬猫等の動物の飼育を禁止するとの定めに改正 小型犬を飼育している独居高齢の区分所有者,夜間のピアノ演奏は午後8時までとするとの定めを新設 音楽大学の受験生を子に持つ区分所有者,1階が店舗、2階以上が住宅の複合用途マンションで、1階店舗の外装工事を行う場合の合理的な制限を新設 1階店舗をコンビニエンスストアに賃貸している区分所有者,1,FALSE,FALSE,,正解は1です。規約改正で特別の影響を受ける区分所有者がいる場合、その承諾が必要です。管理費負担割合を床面積按分から均等負担へ変えると、床面積の小さい区分所有者は実質的に負担増となるため、特別の影響を受ける者に当たります。したがって1の組合せが最も適切です。2から4は、規約変更の内容と承諾を要する『特別の影響』の対応関係としては直ちには当たりません。,規約改正で特別の影響を受ける区分所有者がいる場合、その承諾が必要です。,正解は1です。規約改正で特別の影響を受ける区分所有者がいる場合、その承諾が必要です。管理費負担割合を床面積按分から均等負担へ変えると、床面積の小さい区分所有者は実質的に負担増となるため、特別の影響を受ける者に当たります。したがって1の組合せが最も適切です。2から4は、規約変更の内容と承諾を要する『特別の影響』の対応関係としては直ちには当たりません。,2:（2）の内容は、正答（1）「管理費の負担割合は専有部分の床面積によるとの定めを、区分所有者間で同一である旨の定めに改正 専有部分の床面積の小…」が示す論点とずれています。;3:（3）の内容は、正答（1）「管理費の負担割合は専有部分の床面積によるとの定めを、区分所有者間で同一である旨の定めに改正 専有部分の床面積の小…」が示す論点とずれています。;4:（4）の内容は、正答（1）「管理費の負担割合は専有部分の床面積によるとの定めを、区分所有者間で同一である旨の定めに改正 専有部分の床面積の小…」が示す論点とずれています。,,
2007,平成19年度,34,single,標準管理規約,h19;single_choice;most_inappropriate;parsed,総会の議長が行った次の行為のうち、マンション標準管理規約によれば、最も不適切なものはどれか。,,,,,,組合員の配者であると称したが、委任状の提出がない者に対し、会場からの退場 を促した。,自分の賛成票を数えて可否同数になったので、議長としての決裁権を行使して可決 とした。,1つの議案の審議が合理的限度を超えて長時間に及んだので、質疑討論を打ち切り、 採決した。,理事長が、議長を選任する手続をすることなく、自ら議長を務めた。,2,FALSE,FALSE,,正解は2です。この設問は最も不適切なものを選ぶ問題です。総会議長には、可否同数の場合に自らの判断で可決にするような決裁権は認められていません。したがって、最も不適切な記述は（2）であり、これが本問の正答です。1の委任状のない配偶者の退場、3の合理的限度を超えた討論の打切り、4の理事長が議長を務める扱いは、運営上許容される場面があります。,したがって、最も不適切な記述は（2）であり、これが本問の正答です。,（2）であり したがって、最も不適切な記述は（2）であり、これが本問の正答です。,1:（1）「組合員の配者であると称したが、委任状の提出がない者に対し、会場からの退場 を促した。」は、設問の趣旨では適切な記述・対応に当たることが多いです。本問は「最も不適切なもの」を選ぶ形式のため、正答は（2）「自分の賛成票を数えて可否同数になったので、議長としての決裁権を行使して可決 とした。」です。解説のポイント：正解は2です。この設問は最も不適切なものを選ぶ問題です。総会議長には、可否同数の場合に自らの判断で可決にするような決裁権は認められていません。したがって、最も不適切な記述は（2）であり、これが本問の正答です。1の委任状のない配偶者の退場、3…;3:（3）「1つの議案の審議が合理的限度を超えて長時間に及んだので、質疑討論を打ち切り、 採決した。」は、設問の趣旨では適切な記述・対応に当たることが多いです。本問は「最も不適切なもの」を選ぶ形式のため、正答は（2）「自分の賛成票を数えて可否同数になったので、議長としての決裁権を行使して可決 とした。」です。解説のポイント：正解は2です。この設問は最も不適切なものを選ぶ問題です。総会議長には、可否同数の場合に自らの判断で可決にするような決裁権は認められていません。したがって、最も不適切な記述は（2）であり、これが本問の正答です。1の委任状のない配偶者の退場、3…;4:（4）「理事長が、議長を選任する手続をすることなく、自ら議長を務めた。」は、設問の趣旨では適切な記述・対応に当たることが多いです。本問は「最も不適切なもの」を選ぶ形式のため、正答は（2）「自分の賛成票を数えて可否同数になったので、議長としての決裁権を行使して可決 とした。」です。解説のポイント：正解は2です。この設問は最も不適切なものを選ぶ問題です。総会議長には、可否同数の場合に自らの判断で可決にするような決裁権は認められていません。したがって、最も不適切な記述は（2）であり、これが本問の正答です。1の委任状のない配偶者の退場、3…,,
2007,平成19年度,35,count,区分所有法,h19;count;count_correct;parsed,敷地又は敷地利用権に関する次のアからエまでの記述のうち、区分所有法の規定によれば、正しいものはいくつあるか。ア敷地利用権とは、専有部分を所有するための建物の敷地に関する権利をいう。イ規約敷地は、法定敷地と隣接していなくてもよい。ウ 敷地利用権は、数人で有する所有権（共有）でなくてもよい。エ 専有部分とその専有部分に係る敷地利用権とを分離して処分することができる旨の規約の定めは、無効である。,,,,,,一つ,二つ,三つ,四つ,3,FALSE,FALSE,,正解は3です。正しいものは三つあります。アは、敷地利用権の定義としてそのとおりです。イも、規約敷地は法定敷地と必ずしも隣接している必要はありません。ウも、敷地利用権は共有以外の権利形態である場合があります。他方、エは、専有部分と敷地利用権の分離処分は規約で認める余地があるため、『無効である』と断定する点が誤りです。,正しいものは三つあります。,正解は3です。正しいものは三つあります。アは、敷地利用権の定義としてそのとおりです。イも、規約敷地は法定敷地と必ずしも隣接している必要はありません。ウも、敷地利用権は共有以外の権利形態である場合があります。他方、エは、専有部分と敷地利用権の分離処分は規約で認める余地があるため、『無効である』と断定する点が誤りです。,1:（1）の内容は、正答（3）「三つ」が示す論点とずれています。 選択肢（1）「一つ」は本問の正答（3）とは異なるため不適です。;2:（2）の内容は、正答（3）「三つ」が示す論点とずれています。 選択肢（2）「二つ」は本問の正答（3）とは異なるため不適です。;4:（4）の内容は、正答（3）「三つ」が示す論点とずれています。 選択肢（4）「四つ」は本問の正答（3）とは異なるため不適です。,,
2007,平成19年度,36,single,区分所有法,h19;single_choice;direct_question;parsed,管理組合法人に関する次の記述のうち、区分所有法の規定によれば、正しいものはどれか。,,,,,,法人となることができる管理組合は、1棟の区分所有者全員で構成する管理組合に 限られる。,法人になるに当たって、法人としての規約を定めなければならない。,法人の業務執行及び代表機関として理事を置かなければならないが、これとは別に、 管理者を置くことができる。,共用部分に関する損害保険契約に基づく損害保険金の請求及び受領は、法人自身が 行う。,4,FALSE,FALSE,,正解は4です。管理組合法人は、共用部分に関する損害保険契約の保険金請求や受領を法人自身の名で行うことができます。したがって4が正しいです。1は、法人化できる管理組合が1棟の全員構成の場合に限られるわけではありません。2も、法人化のために別個の法人専用規約が必須というわけではありません。3も、理事のほかに別途管理者を置くという理解は区分所有法の仕組みと合いません。,管理組合法人は、共用部分に関する損害保険契約の保険金請求や受領を法人自身の名で行うことができます。,正解は4です。管理組合法人は、共用部分に関する損害保険契約の保険金請求や受領を法人自身の名で行うことができます。したがって4が正しいです。1は、法人化できる管理組合が1棟の全員構成の場合に限られるわけではありません。2も、法人化のために別個の法人専用規約が必須というわけではありません。3も、理事のほかに別途管理者を置くという理解は区分所有法の仕組みと合いません。,1:（1）の内容は、正答（4）「共用部分に関する損害保険契約に基づく損害保険金の請求及び受領は、法人自身が 行う。」が示す論点とずれています。;2:（2）の内容は、正答（4）「共用部分に関する損害保険契約に基づく損害保険金の請求及び受領は、法人自身が 行う。」が示す論点とずれています。;3:（3）の内容は、正答（4）「共用部分に関する損害保険契約に基づく損害保険金の請求及び受領は、法人自身が 行う。」が示す論点とずれています。,,
2007,平成19年度,37,single,区分所有法,h19;single_choice;direct_question;parsed,地震によりマンションが滅失した場合における次の記述のうち、区分所有法及び被災区分所有建物の再建等に関する特別措置法（平成7年法律第43号）の規定によれば、誤っているものはどれか。,,,,,,マンションが全部滅失した場合には、再建の決議をすることができるが、建替え決 議をすることはできない。,滅失した部分の価格が建物価格の2分の1を超える場合において、滅失の日から6 月を経過したときは、滅失した共用部分の復旧決議も建替え決議もできないことがあ る。,滅失した部分の価格が建物の価格の2分の1以下である場合には、滅失した共用部 分の復旧決議をすることはできるが、建替え決議をすることはできない。,滅失した部分の価格が建物価格の2分の1を超える場合には、滅失した共用部分の 復旧決議をすることも、建替え決議をすることもできる。 20,3,FALSE,FALSE,,正解は3です。この設問は誤っているものを選ぶ問題です。滅失部分の価格が建物価格の2分の1以下であっても、要件を満たせば建替え決議が全くできないわけではありません。したがって、記述として誤っているのは（3）であり、これが本問の正答です。1、2、4は、区分所有法と被災マンション法の制度趣旨に沿う整理です。全部滅失か一部滅失か、滅失割合が2分の1を超えるかどうかで制度が分かれる点がポイントです。,したがって、記述として誤っているのは（3）であり、これが本問の正答です。,（3）であり したがって、記述として誤っているのは（3）であり、これが本問の正答です。,1:（1）の内容は、正答（3）「滅失した部分の価格が建物の価格の2分の1以下である場合には、滅失した共用部 分の復旧決議をすることはできるが、建…」が示す論点とずれています。;2:（2）の内容は、正答（3）「滅失した部分の価格が建物の価格の2分の1以下である場合には、滅失した共用部 分の復旧決議をすることはできるが、建…」が示す論点とずれています。;4:（4）の内容は、正答（3）「滅失した部分の価格が建物の価格の2分の1以下である場合には、滅失した共用部 分の復旧決議をすることはできるが、建…」が示す論点とずれています。,,
2007,平成19年度,38,single,区分所有法,h19;single_choice;direct_question;parsed,団地内建物の建替え決議に関する次の記述のうち、区分所有法の規定によれば、誤っているものはどれか。,,,,,,団地内建物の建替え決議については、一括建替え決議をする場合も団地内の特定の 建物のみを建て替える場合でも、すべての建物が区分所有建物でなければならない。,団地内建物の敷地がその団地内建物の区分所有者全員の共有になっている場合でな ければ、一括建替え決議はできない。,規約の定めにより、団地内の区分所有建物の管理は、棟別の管理組合で行うことに なっている場合には、その規約を改正しなければ一括建替え決議はできない。,団地内の特定の建物のみで建替え決議をする場合でも、団地総会での建替え承認決 議が別途必要である。,1,FALSE,FALSE,,正解は1です。この設問は誤っているものを選ぶ問題です。団地内建物の建替えでは、すべての建物が区分所有建物でなければ一切できないとまではいえません。したがって、記述として誤っているのは（1）であり、これが本問の正答です。2の敷地共有要件、3の棟別管理規約との関係、4の特定建物のみ建替えの場合にも団地総会の承認が必要となる点は、区分所有法の団地関係規定に沿います。,したがって、記述として誤っているのは（1）であり、これが本問の正答です。,（1）であり したがって、記述として誤っているのは（1）であり、これが本問の正答です。,2:正答の解説と、主体・手続・効果のいずれかが一致していません。 選択肢（2）「団地内建物の敷地がその団地内建物の区分所有者全員の共有になっている場合でな ければ、一括建替え決議はできない。」は本問の正答（1）とは異なるため不適です。;3:正答の解説と、主体・手続・効果のいずれかが一致していません。 選択肢（3）「規約の定めにより、団地内の区分所有建物の管理は、棟別の管理組合で行うことに なっている場合には、その規約を改正しなければ一括建替え決議はできない…」は本問の正答（1）とは異なるため不適です。;4:正答の解説と、主体・手続・効果のいずれかが一致していません。 選択肢（4）「団地内の特定の建物のみで建替え決議をする場合でも、団地総会での建替え承認決 議が別途必要である。」は本問の正答（1）とは異なるため不適です。,,
2007,平成19年度,39,combination,区分所有法,h19;combination;most_appropriate;parsed,次の文章は、専有部分を賃借している暴力団組長に対して、管理組合がその明渡しを請求した事件に関する最高裁判所の判決文の一部であるが、文中の（ア）から（エ）の中に入る用語の組合せとして、最も適切なものはどれか。「区分所有者の全員又は（ア）が建物の区分所有等に関する法律60条1項に基づき、占有者が占有する専有部分の使用又は収益を目的とする契約の（イ）及びその専有部分の（ウ）を請求する訴えを提起する前提として、集会の決議をするには、同条2項によって準用される同法58条3項によりあらかじめ当該占有者に対して（ エ ） を与えれば足り、該占有者に対し右契約に基づき右専有部分の使用、収益をさせている区分所有者に対して（ エ）を与えることを要しないというべきである。」,,,,,,"A=管理組合, B=取消し, C=引渡し, D=義務違反行為の停止の機会","A=管理組合法人, B=解除, C=引渡し, D=弁明する機会","A=管理者, B=解除, C=競売, D=弁明する機会","A=管理組合法人, B=取消し, C=競売, D=不当利得返還の機会",2,FALSE,FALSE,,正解は2です。区分所有法60条に基づく占有者排除の場面では、管理組合法人が、占有者との契約の解除と専有部分の引渡しを求める訴えを提起する前提として集会決議を行うことがあり、その際に占有者へ与えるのは弁明の機会です。したがって、ア=管理組合法人、イ=解除、ウ=引渡し、エ=弁明する機会とする2が正解です。,区分所有法60条に基づく占有者排除の場面では、管理組合法人が、占有者との契約の解除と専有部分の引渡しを求める訴えを提起する前提として集会決議を行うことがあり、その際に占有者へ与えるのは弁…,正解は2です。区分所有法60条に基づく占有者排除の場面では、管理組合法人が、占有者との契約の解除と専有部分の引渡しを求める訴えを提起する前提として集会決議を行うことがあり、その際に占有者へ与えるのは弁明の機会です。したがって、ア=管理組合法人、イ=解除、ウ=引渡し、エ=弁明する機会とする2が正解です。,"1:（1）「A=管理組合, B=取消し, C=引渡し, D=義務違反行為の停止の機会」は、正答（2）「A=管理組合法人, B=解除, C=引渡し, D=弁明する機会…」と異なる組合せです。解説のとおり、各肢の要件（ABCD）との対応を確認してください。;3:（3）「A=管理者, B=解除, C=競売, D=弁明する機会」は、正答（2）「A=管理組合法人, B=解除, C=引渡し, D=弁明する機会…」と異なる組合せです。解説のとおり、各肢の要件（ABCD）との対応を確認してください。;4:（4）「A=管理組合法人, B=取消し, C=競売, D=不当利得返還の機会」は、正答（2）「A=管理組合法人, B=解除, C=引渡し, D=弁明する機会…」と異なる組合せです。解説のとおり、各肢の要件（ABCD）との対応を確認してください。",,
2007,平成19年度,40,single,宅建業法,h19;single_choice;direct_question;parsed,宅地建物取引業者が、マンションの販売を行う場合における宅地建物取引業法第35条の規定に基づく重要事項の説明に関する次の記述のうち、同条の規定に違反しないものはどれか。,,,,,,当該マンションの買主が宅地建物取引業者であったため、重要事項の説明を宅地建 物取り主任者でない従業員に行わせた。,当該マンションの買主の承諾が得られたため、重要事項説明書の交付を行わなかっ た。,当該マンションの引渡しの時期については定まっていなかったため、説明しなかっ た。,当該マンションの共用部分に関する規約が案の状態であったため、その案について の説明を行わなかった。,3,FALSE,FALSE,,正解は3です。重要事項説明では、定まっていない事項についてまで断定的な説明はできないため、引渡し時期が未定であるなら、その趣旨で説明することになります。したがって3は宅建業法35条違反になりません。1は買主が宅建業者でも説明者が宅地建物取引士でなければならず不適切です。2は書面交付を省略できず、4も共用部分規約が案の段階であればその案を説明対象に含める必要があります。,重要事項説明では、定まっていない事項についてまで断定的な説明はできないため、引渡し時期が未定であるなら、その趣旨で説明することになります。,正解は3です。重要事項説明では、定まっていない事項についてまで断定的な説明はできないため、引渡し時期が未定であるなら、その趣旨で説明することになります。したがって3は宅建業法35条違反になりません。1は買主が宅建業者でも説明者が宅地建物取引士でなければならず不適切です。2は書面交付を省略できず、4も共用部分規約が案の段階であればその案を説明対象に含める必要があります。,1:正答の解説と、主体・手続・効果のいずれかが一致していません。 選択肢（1）「当該マンションの買主が宅地建物取引業者であったため、重要事項の説明を宅地建 物取り主任者でない従業員に行わせた。」は本問の正答（3）とは異なるため不適です。;2:（2）の内容は、正答（3）「当該マンションの引渡しの時期については定まっていなかったため、説明しなかっ た。」が示す論点とずれています。;4:（4）の内容は、正答（3）「当該マンションの引渡しの時期については定まっていなかったため、説明しなかっ た。」が示す論点とずれています。,,
2007,平成19年度,41,combination,品確法・建替円滑化法等,h19;combination;direct_question;parsed,新築分譲マンションのアフターサービスに関する次の記述のうち、適切なもののみの組合せはどれか。ア アフターサービスは、天災地変等の不可抗力による損壊、購入者の使用ミスによるものについても、その対象とすることが多い。イアフターサービスの対象範囲は、マンションの専有部分に限られず、共用部分も対象とすることが多い。ウ アフターサービスは、隠れた欠陥についてのみ、その対象とすることが多い。エアフターサービスを行う期間の起算日は、対象となる部位や久陥の種類に関わらず、マンションを買主に引き渡した日とすることが多い。オアフターサービスの対象部位は、マンションの基本構造部分に限られず、専有部分内にある設備も含むことが多い。カ アフターサービスの内容について、宅地建物取引業者が遵守しなかった場合は、宅地建物取引業法に違反することとなる。,,,,,,イ、オ,ウ、オ,ア、オ、カ,イ、エ、カ 22,1,FALSE,FALSE,,正解は1です。適切なのはイとオです。アは、天災地変や購入者の使用ミスまでアフターサービスの対象にするのが一般的とはいえず誤りです。イは、専有部分だけでなく共用部分も対象とすることが多く正しいです。ウも、隠れた欠陥だけに限るものではありません。エも、部位や不具合の種類にかかわらず一律に引渡日を起算日とするとは限りません。オは、専有部分内の設備まで対象に含むことが多く正しいです。カは、アフターサービス基準違反が直ちに宅建業法違反になるわけではありません。,適切なのはイとオです。,正解は1です。適切なのはイとオです。アは、天災地変や購入者の使用ミスまでアフターサービスの対象にするのが一般的とはいえず誤りです。イは、専有部分だけでなく共用部分も対象とすることが多く正しいです。ウも、隠れた欠陥だけに限るものではありません。エも、部位や不具合の種類にかかわらず一律に引渡日を起算日とするとは限りません。オは、専有部分内の設備まで対象に含むことが多く正しいです。カは、アフターサービス基準違反が直ちに宅建業法違反になるわけではありません。,2:（2）「ウ、オ」は、単独の記述としては法令上妥当な場合がありますが、本問で選ぶべき正答は（1）「イ、オ」です。問題文の条件（新築分譲マンションのアフターサービスに関する次の記述のうち、適切なもののみの組合せはどれか。ア …）と照らし、設問が問う論点に合う肢を選び直してください。;3:（3）「ア、オ、カ」は、単独の記述としては法令上妥当な場合がありますが、本問で選ぶべき正答は（1）「イ、オ」です。問題文の条件（新築分譲マンションのアフターサービスに関する次の記述のうち、適切なもののみの組合せはどれか。ア …）と照らし、設問が問う論点に合う肢を選び直してください。;4:（4）「イ、エ、カ 22」は、単独の記述としては法令上妥当な場合がありますが、本問で選ぶべき正答は（1）「イ、オ」です。問題文の条件（新築分譲マンションのアフターサービスに関する次の記述のうち、適切なもののみの組合せはどれか。ア …）と照らし、設問が問う論点に合う肢を選び直してください。,,
2007,平成19年度,42,single,宅建業法,h19;single_choice;direct_question;parsed,宅地建物取引業者が、中古マンションを宅地建物取引業者でない者に売却した場合における、売主の瑕疵担保責任に関する次の記述のうち、民法及び宅地建物取引業法の規定によれば、正しいものはどれか。,,,,,,「買主は、損害賠償の請求はできず、瑕疵の修補の請求をしなければならない」旨 の特約は有効である。,「売主は、当該マンションを買主に対し引渡した日から1年間のみ瑕疵担保責任を 負う」旨の特約をした場合、売主は買主に対し、買主が目的物の瑕疵を知った時から 1年間責任を負うことになる。,「売主は、瑕疵について故意又は過失がある場合についてのみ、物件の引渡しの日 から10年間、瑕疵担保責任を負う」旨の特約は有効である。,売主と買主の間において、瑕疵担保責任について何らの取り決めをしなかった場合 は、売主である宅地建物取引業者は、物件の引渡しの日から2年間、瑕疵担保責任を 負うことになる。,2,FALSE,FALSE,,正解は2です。宅建業者が売主となる場合、買主に不利な瑕疵担保責任の特約には制限があります。1年だけ責任を負うとする特約は宅建業法上無効となるため、結局は民法の原則に戻り、買主が瑕疵を知った時から1年以内に権利行使できることになります。したがって2が正しいです。1や3のように買主に不利な限定は認められず、4のように何の取り決めもなければ当然に引渡しから2年になるわけでもありません。,宅建業者が売主となる場合、買主に不利な瑕疵担保責任の特約には制限があります。,正解は2です。宅建業者が売主となる場合、買主に不利な瑕疵担保責任の特約には制限があります。1年だけ責任を負うとする特約は宅建業法上無効となるため、結局は民法の原則に戻り、買主が瑕疵を知った時から1年以内に権利行使できることになります。したがって2が正しいです。1や3のように買主に不利な限定は認められず、4のように何の取り決めもなければ当然に引渡しから2年になるわけでもありません。,1:（1）の内容は、正答（2）「「売主は、当該マンションを買主に対し引渡した日から1年間のみ瑕疵担保責任を 負う」旨の特約をした場合、売主は買主…」が示す論点とずれています。;3:（3）の内容は、正答（2）「「売主は、当該マンションを買主に対し引渡した日から1年間のみ瑕疵担保責任を 負う」旨の特約をした場合、売主は買主…」が示す論点とずれています。;4:（4）の内容は、正答（2）「「売主は、当該マンションを買主に対し引渡した日から1年間のみ瑕疵担保責任を 負う」旨の特約をした場合、売主は買主…」が示す論点とずれています。,,
2007,平成19年度,43,combination,品確法・建替円滑化法等,h19;combination;most_appropriate;parsed,住宅の品質確保の促進等に関する法律（平成11年法律第81号。以下本問において「品確法」という。）に関する次の文中の（ア）から（エ）の中に入る用語の組合せとして、最も適切なものはどれか。品確法において、「新築住宅」とは、新たに建設された住宅で、まだ人の居住の用に供したことのないもの（建設工事の完了の日から起算して（ア）を経過したものを除く。）をいうとされており、その住宅の売主は、構造耐力上主要な部分又は雨水の浸入を防止する部分として政令で定めるものについて（イ）の時から（ウ）間瑕疵担保責任を負わなければならないものとされている。この場合、損害賠償や契約の解除のほかに瑕疵修補の請求もできることになっている。また、特約により、上記の政令で定める瑕疵その他の住宅の隠れた瑕疵について、その担保責任の期間を（エ）まで伸長することができる。,,,,,,"A=1年, B=引渡し, C=10年, D=20年","A=2年, B=契約締結, C=5年, D=10年","A=2年, B=契約締結, C=10年, D=20年","A=1年, B=引渡し, C=5年, D=10年",1,FALSE,FALSE,,正解は1です。品確法上の『新築住宅』は、建設工事完了の日から1年を経過したものを除きます。また、構造耐力上主要な部分や雨水の浸入を防止する部分については、売主は引渡しの時から10年間の瑕疵担保責任を負います。さらに、特約でその期間を20年まで延長できます。したがって、ア=1年、イ=引渡し、ウ=10年、エ=20年の1が正解です。,品確法上の『新築住宅』は、建設工事完了の日から1年を経過したものを除きます。,正解は1です。品確法上の『新築住宅』は、建設工事完了の日から1年を経過したものを除きます。また、構造耐力上主要な部分や雨水の浸入を防止する部分については、売主は引渡しの時から10年間の瑕疵担保責任を負います。さらに、特約でその期間を20年まで延長できます。したがって、ア=1年、イ=引渡し、ウ=10年、エ=20年の1が正解です。,"2:（2）「A=2年, B=契約締結, C=5年, D=10年」は、正答（1）「A=1年, B=引渡し, C=10年, D=20年…」と異なる組合せです。解説のとおり、各肢の要件（ABCD）との対応を確認してください。;3:（3）「A=2年, B=契約締結, C=10年, D=20年」は、正答（1）「A=1年, B=引渡し, C=10年, D=20年…」と異なる組合せです。解説のとおり、各肢の要件（ABCD）との対応を確認してください。;4:（4）「A=1年, B=引渡し, C=5年, D=10年」は、正答（1）「A=1年, B=引渡し, C=10年, D=20年…」と異なる組合せです。解説のとおり、各肢の要件（ABCD）との対応を確認してください。",,
2007,平成19年度,44,single,品確法・建替円滑化法等,h19;single_choice;direct_question;parsed,マンションの建替えの円滑化等に関する法律（平成14年法律第78号）に関する次の記述のうち、正しいものはどれか。,,,,,,マンション建替組合の定款には、事業に要する経費の分担に関する事項を定めなけ ればならない。,区分所有法の規定に基づき、建替え決議の内容により、マンションの建替えを行う 旨の合意をしたものとみなされた者は、5人以上共同して定款及び事業計画を定め、 マンション建替組合を設立することができるが、国土交通大臣の認可を受けなければ ならない。,マンション建替組合が、権利変換計画を定める場合は、組合員の4分の3以上の賛 成による総会の決議が必要である。,マンション建替事業を施行することができるのは、マンション建替組合のみであり、 区分所有者が組合を設立しないで個人施行者として行うことはできない。,1,FALSE,FALSE,,正解は1です。マンション建替組合の定款には、事業に要する経費の分担に関する事項を定める必要があり、1が正しいです。2は、設立認可権者を国土交通大臣としている点が不適切です。3も、権利変換計画の決議要件の説明が正確ではありません。4も、個人施行者によるマンション建替事業の可能性を否定しており誤りです。,マンション建替組合の定款には、事業に要する経費の分担に関する事項を定める必要があり、1が正しいです。,マンション建替組合の定款には、事業に要する経費の分担に関する事項を定める必要があり、1が正しいです。,2:正答の解説と、主体・手続・効果のいずれかが一致していません。 選択肢（2）「区分所有法の規定に基づき、建替え決議の内容により、マンションの建替えを行う 旨の合意をしたものとみなされた者は、5人以上共同して定款及び事業計画…」は本問の正答（1）とは異なるため不適です。;3:（3）の内容は、正答（1）「マンション建替組合の定款には、事業に要する経費の分担に関する事項を定めなけ ればならない。」が示す論点とずれています。;4:「のみ」「だけ」などの限定表現が解説の内容（責任主体・対象範囲の広さ）と一致しません。 正答の解説と、主体・手続・効果のいずれかが一致していません。,,
2007,平成19年度,45,single,民法・借地借家法,h19;single_choice;direct_question;parsed,区分所有者Aが貸主として、借主Bと床面積80mのマンションの1室について居住の用に供するための定期建物賃貸借契約を締結した場合に関する次の記述のうち、借地借家法（平成3年法律第90号）の規定によれば、正しいものはどれか。,,,,,,賃貸借の契約期間を10箇月と定めた場合は、1年の契約期間とみなされる。,賃貸借の契約期間を1年と定めた場合、Aは期間満了の1年前から6月前までの間 に、契約が終了する旨をBに通知しなかったときは、通知の時から6月を経過するま で、契約が終了したことをBに対抗することができない。,賃貸借契約期間の途中でもBは解約できる旨の定めをしなかった場合、Bはどのよ うなやむを得ない事情があってもAに対し、中途解約を申し入れることはできない。,契約期間満了にあたり、Bが再契約をAに申し入れた場合、Aは正当な事由がない 限り、これを拒否することはできない。 24,2,FALSE,FALSE,,正解は2です。定期建物賃貸借で期間を1年以上とした場合、貸主は期間満了の1年前から6か月前までの間に終了通知をしなければ、通知から6か月を経過するまで終了を対抗できません。したがって2が正しいです。1は、定期建物賃貸借では1年未満の期間設定も可能なので誤りです。3も、床面積200平方メートル未満の居住用建物なら、やむを得ない事情がある場合の中途解約が認められます。4も、再契約を拒むのに正当事由は要りません。,定期建物賃貸借で期間を1年以上とした場合、貸主は期間満了の1年前から6か月前までの間に終了通知をしなければ、通知から6か月を経過するまで終了を対抗できません。,正解は2です。定期建物賃貸借で期間を1年以上とした場合、貸主は期間満了の1年前から6か月前までの間に終了通知をしなければ、通知から6か月を経過するまで終了を対抗できません。したがって2が正しいです。1は、定期建物賃貸借では1年未満の期間設定も可能なので誤りです。3も、床面積200平方メートル未満の居住用建物なら、やむを得ない事情がある場合の中途解約が認められます。4も、再契約を拒むのに正当事由は要りません。,1:（1）の内容は、正答（2）「賃貸借の契約期間を1年と定めた場合、Aは期間満了の1年前から6月前までの間 に、契約が終了する旨をBに通知しなか…」が示す論点とずれています。;3:正答の解説と、主体・手続・効果のいずれかが一致していません。 選択肢（3）「賃貸借契約期間の途中でもBは解約できる旨の定めをしなかった場合、Bはどのよ うなやむを得ない事情があってもAに対し、中途解約を申し入れることはで…」は本問の正答（2）とは異なるため不適です。;4:選択肢（4）「契約期間満了にあたり、Bが再契約をAに申し入れた場合、Aは正当な事由がない 限り、これを拒否することはできない。,借地借家・民法改正の問題は、権利関係の主体と効果の発生時期を一文で説明できるかが要点です。間違えた肢は「誰に・いつ・どの効果が及ぶか」で正答と対比し、関連用語から解き直してください。,
2007,平成19年度,46,single,管理適正化法,h19;single_choice;direct_question;parsed,次の記述のうち、マンションの管理の適正化に関する指針（平成13年国土交通省告示第1288号）の「マンションの管理の適正化の基本的方向」に定められているものはどれか。,,,,,,マンションの管理の主体は、マンションの区分所有者等で構成される管理組合から 管理事務の委託を受けたマンション管理業者であり、マンション管理業者は、マンシ ョンの区分所有者等の意見が十分に反映されるよう、また、長期的な見通しをもって、 適正な運営を行うことが重要である。,管理組合を構成するマンションの区分所有者等は、管理組合の一員としての役割を 十分認識して、管理組合の運営に関心を持ち、積極的に参加する等、その役割を適切 に果たすよう努める必要がある。,マンションの管理は、専門的な知識を必要とすることが多いため、マンション管理 業者は、問題に応じ、マンション管理業者の団体の支援を得ながら、主体性をもって 適切な対応をするよう心がけることが重要である。,マンションの管理の適正化を推進するため、マンション管理士は、その役割に応じ、 必要な情報提供等を行うよう、支援体制を整備・強化することが必要である。 1 2 3 4,2,FALSE,FALSE,,正解は2です。マンション管理適正化指針の基本的方向では、区分所有者等が管理組合の一員として運営に関心を持ち、積極的に参加するよう努めることが重要とされており、2が該当します。1と3は、管理主体をマンション管理業者に置いている点で指針の考え方とずれています。4も、マンション管理士に関する支援体制整備の主体や表現が、ここでいう基本的方向の定めとは一致しません。,マンション管理適正化指針の基本的方向では、区分所有者等が管理組合の一員として運営に関心を持ち、積極的に参加するよう努めることが重要とされており、2が該当します。,正解は2です。マンション管理適正化指針の基本的方向では、区分所有者等が管理組合の一員として運営に関心を持ち、積極的に参加するよう努めることが重要とされており、2が該当します。1と3は、管理主体をマンション管理業者に置いている点で指針の考え方とずれています。4も、マンション管理士に関する支援体制整備の主体や表現が、ここでいう基本的方向の定めとは一致しません。,1:（1）の内容は、正答（2）「管理組合を構成するマンションの区分所有者等は、管理組合の一員としての役割を 十分認識して、管理組合の運営に関心を…」が示す論点とずれています。;3:（3）の内容は、正答（2）「管理組合を構成するマンションの区分所有者等は、管理組合の一員としての役割を 十分認識して、管理組合の運営に関心を…」が示す論点とずれています。;4:選択肢（4）「マンションの管理の適正化を推進するため、マンション管理士は、その役割に応じ、 必要な情報提供等を行うよう、支援体制を整備・強化することが必要であ…」は、管理適正化法の出題趣旨・問題文の条件に照らすと正答（2）ではありません。,,
2007,平成19年度,47,count,管理適正化法,h19;count;count_correct;parsed,管理業務主任者に関する次のアからエまでの記述のうち、マンション管理適正化法の規定によれば、正しいものはいくつあるか。ア 管理業務主任者とは、マンション管理適正化法第59条に規定する国土交通大臣の登録を受けた者をいう。イ管理業務主任者登録簿に、氏名、生年月日その他必要な事項を登載された者は、登録の更新申請を行わなければ、登録日以後5年をもってその登録の効力を失う。ウ 管理業務主任者は、その事務を行うに際し、マンションの区分所有者等その他の関係者から請求があったときは、管理業務主任者証を提示しなければならない。工管理業務主任者が、他人に自己の名義の使用を許し、当該他人がその名義を使用して管理業務主任者である旨の表示をしたときであって情状が特に重いときは、国土交通大臣は、当該管理業務主任者に対し、必要な指示をしなければならない。一つ二つ三つ四つ,,,,,,一つ,二つ,三つ,四つ,1,FALSE,FALSE,,正解は1です。正しいものは一つだけです。イは、5年ごとに更新が必要なのは登録そのものではなく管理業務主任者証であるため誤りです。ウも、主任者証の提示義務の場面を広く言い過ぎています。エは、名義貸しのような重大な違反行為に対しては、単なる必要な指示にとどまらず、より重い処分の対象になり得るため誤りです。したがって、残るアのみが正しいものとして扱われます。,正しいものは一つだけです。,正解は1です。正しいものは一つだけです。イは、5年ごとに更新が必要なのは登録そのものではなく管理業務主任者証であるため誤りです。ウも、主任者証の提示義務の場面を広く言い過ぎています。エは、名義貸しのような重大な違反行為に対しては、単なる必要な指示にとどまらず、より重い処分の対象になり得るため誤りです。したがって、残るアのみが正しいものとして扱われます。,2:（2）「二つ」は、単独の記述としては法令上妥当な場合がありますが、本問で選ぶべき正答は（1）「一つ」です。問題文の条件（管理業務主任者に関する次のアからエまでの記述のうち、マンション管理適正化法の規定によれば、正しい…）と照らし、設問が問う論点に合う肢を選び直してください。;3:（3）「三つ」は、単独の記述としては法令上妥当な場合がありますが、本問で選ぶべき正答は（1）「一つ」です。問題文の条件（管理業務主任者に関する次のアからエまでの記述のうち、マンション管理適正化法の規定によれば、正しい…）と照らし、設問が問う論点に合う肢を選び直してください。;4:（4）「四つ」は、単独の記述としては法令上妥当な場合がありますが、本問で選ぶべき正答は（1）「一つ」です。問題文の条件（管理業務主任者に関する次のアからエまでの記述のうち、マンション管理適正化法の規定によれば、正しい…）と照らし、設問が問う論点に合う肢を選び直してください。,,
2007,平成19年度,48,single,管理適正化法,h19;single_choice;direct_question;parsed,マンション管理業者に課せられている義務に関する次の記述のうち、マンション管理適正化法の規定によれば、誤っているものはどれか。,,,,,,マンション管理業者は、その事務所ごとに、公衆の見やすい場所に、「登録番号」 「登録年月日」「商号、名称又は氏名」「代表者氏名」「この事務所に置かれている専任の 管理業務主任者の氏名」「主たる事務所の所在地（電話番号を含む。）」が記載された標 識を掲げなければならない。,マンション管理業者は、管理組合から委託を受けた管理事務のうち基幹事務につい ては、一切他人に委託してはならない。,マンション管理業者は、管理受託契約を締結したつど、その事務所ごとに、その業 務に関して必要事項を記載した帳簿を備えなければならない。,マンション管理業者は、当該マンション管理業者の業務状況調書、貸借対照表及び 損益計算書又はこれらに代わる書面をその事務所ごとに備え置き、当該事務所の営業 時間中、その業務に係る関係者の求めに応じ、これを閲覧させなければならない。 26,2,FALSE,FALSE,,正解は2です。この設問は誤っているものを選ぶ問題です。マンション管理業者は、基幹事務を一切再委託してはならないわけではなく、法律は『一括して』他人に委託することを禁止しています。したがって2は言い過ぎで誤りです。1の標識掲示、3の帳簿備付け、4の業務状況調書や財務書類等の閲覧体制は、いずれも法の定めに沿います。,この設問は誤っているものを選ぶ問題です。,正解は2です。この設問は誤っているものを選ぶ問題です。マンション管理業者は、基幹事務を一切再委託してはならないわけではなく、法律は『一括して』他人に委託することを禁止しています。したがって2は言い過ぎで誤りです。1の標識掲示、3の帳簿備付け、4の業務状況調書や財務書類等の閲覧体制は、いずれも法の定めに沿います。,1:（1）の内容は、正答（2）「マンション管理業者は、管理組合から委託を受けた管理事務のうち基幹事務につい ては、一切他人に委託してはならない。」が示す論点とずれています。;3:（3）の内容は、正答（2）「マンション管理業者は、管理組合から委託を受けた管理事務のうち基幹事務につい ては、一切他人に委託してはならない。」が示す論点とずれています。;4:（4）の内容は、正答（2）「マンション管理業者は、管理組合から委託を受けた管理事務のうち基幹事務につい ては、一切他人に委託してはならない。」が示す論点とずれています。,,
2007,平成19年度,49,count,管理適正化法,h19;count;count_correct;parsed,マンション管理業者が、管理組合と管理受託契約を締結しようとするとき又は締結後に行う事務に関する次のアからエまでの記述のうち、マンション管理適正化法の規定によれば、正しいものはいくつあるか。アマンション管理業者は、従前の管理受託契約と同一の条件で管理組合との管理受託契約を更新しようとするときは、重要事項に関する説明会を開催する必要はないが、あらかじめ、当該管理組合の管理者等に対し、重要事項を記載した書面を交付しなければならない。イマンション管理業者は、重要事項を記載した書面を作成するときは、管理業務主任者をして、当該書面に記名押印させなければならない。ウマンション管理業者は、管理組合との管理受託契約を締結したときは、自らが当該管理組合の管理者等である場合又は当該管理組合に管理者等が置かれていない場合は、当該管理組合を構成するマンションの区分所有者等全員に対し、遅滞なく、マンション管理適正化法第73条に定める事項を記載した書面を交付しなければならない。エマンション管理業者は、マンション管理適正化法第73条に定める事項を記載した書面を作成するときは、管理業務主任者をして、当該書面に記名押印させなければならない。,,,,,,一つ,二つ,： 三つ,四つ 27,3,FALSE,FALSE,,正解は3です。正しいものは三つあります。アは、同一条件での更新時には説明会開催は不要でも、あらかじめ重要事項記載書面を交付する必要があり正しいです。イも、重要事項記載書面には管理業務主任者の記名押印が必要で正しいです。ウも、管理者等がいない場合や業者自身が管理者等である場合には、区分所有者等全員への書面交付が必要で正しいです。他方、エの73条書面については、イの重要事項説明書面と同様の管理業務主任者による記名押印を要求するものではないため誤りです。,正しいものは三つあります。,正解は3です。正しいものは三つあります。アは、同一条件での更新時には説明会開催は不要でも、あらかじめ重要事項記載書面を交付する必要があり正しいです。イも、重要事項記載書面には管理業務主任者の記名押印が必要で正しいです。ウも、管理者等がいない場合や業者自身が管理者等である場合には、区分所有者等全員への書面交付が必要で正しいです。他方、エの73条書面については、イの重要事項説明書面と同様の管理業務主任者による記名押印を要求するものではないため誤りです。,1:（1）「一つ」は、単独の記述としては法令上妥当な場合がありますが、本問で選ぶべき正答は（3）「： 三つ」です。問題文の条件（マンション管理業者が、管理組合と管理受託契約を締結しようとするとき又は締結後に行う事務に関する次…）と照らし、設問が問う論点に合う肢を選び直してください。;2:（2）「二つ」は、単独の記述としては法令上妥当な場合がありますが、本問で選ぶべき正答は（3）「： 三つ」です。問題文の条件（マンション管理業者が、管理組合と管理受託契約を締結しようとするとき又は締結後に行う事務に関する次…）と照らし、設問が問う論点に合う肢を選び直してください。;4:（4）「四つ 27」は、単独の記述としては法令上妥当な場合がありますが、本問で選ぶべき正答は（3）「： 三つ」です。問題文の条件（マンション管理業者が、管理組合と管理受託契約を締結しようとするとき又は締結後に行う事務に関する次…）と照らし、設問が問う論点に合う肢を選び直してください。,,
2007,平成19年度,50,single,管理適正化法,h19;single_choice;most_appropriate;parsed,平成18年12月19日に施行された「マンション管理業者の違反行為に対する監替処分の基準」（国総動第89号～第91号。国土交通省総合政策局長通知。以下本問において「処分基準」という。）に関する次の記述のうち、最も適切なものはどれか。,,,,,,処分基準は、マンション管理業者による違反行為について、マンション管理適正化 法に定める監処分のうち、同法第82条及び同法第83条の規定による業務停止処分又 は登録取消処分をする場合の基準を定めたものである。,処分基準によれば、業務停止処分を受けたマンション管理業者は、業務停止期間中 において、業務停止の開始日前に締結された管理受託契約に基づく管理事務を執行す る行為を除き、マンション管理業に関する行為はできない。,処分基準によれば、業務停止処分を受けたマンション管理業者において最も長期と なる業務停止期間は2年である。,処分基準によれば、マンション管理業者が、業務停止期間中において禁止される行 為をした場合には、業務停止期間が60日延長される。 28,2,FALSE,FALSE,,正解は2です。監督処分基準では、業務停止期間中であっても、業務停止開始日前に締結された管理受託契約に基づく管理事務の執行など、一定の範囲で許される行為があります。2はその内容を述べたものとして最も適切です。1は対象となる監督処分の整理が不十分で、3の最長期間2年という説明も正確ではありません。4も、違反時に当然60日延長と機械的に定まっているわけではありません。,監督処分基準では、業務停止期間中であっても、業務停止開始日前に締結された管理受託契約に基づく管理事務の執行など、一定の範囲で許される行為があります。,正解は2です。監督処分基準では、業務停止期間中であっても、業務停止開始日前に締結された管理受託契約に基づく管理事務の執行など、一定の範囲で許される行為があります。2はその内容を述べたものとして最も適切です。1は対象となる監督処分の整理が不十分で、3の最長期間2年という説明も正確ではありません。4も、違反時に当然60日延長と機械的に定まっているわけではありません。,1:（1）の内容は、正答（2）「処分基準によれば、業務停止処分を受けたマンション管理業者は、業務停止期間中 において、業務停止の開始日前に締結さ…」が示す論点とずれています。;3:（3）の内容は、正答（2）「処分基準によれば、業務停止処分を受けたマンション管理業者は、業務停止期間中 において、業務停止の開始日前に締結さ…」が示す論点とずれています。;4:（4）の内容は、正答（2）「処分基準によれば、業務停止処分を受けたマンション管理業者は、業務停止期間中 において、業務停止の開始日前に締結さ…」が示す論点とずれています。,,
2008,平成20年度,1,combination,民法・借地借家法,h20;combination;most_appropriate;parsed,次のアからエの各債務について、下記AからDに掲げた「多数当事者の債務関係」に該当するものを選択した場合に、最も適切な組合せはどれか。なお、アからエの各債務については、当事者間において別段の意思表示はないものとする。ア 各区分所有者が、管理組合に対して支払う管理費の支払債務イ管理組合が、管理会社に対して支払うべき管理委託契約に基づく委託業務費の支払債務ウ 2人が、共有する1つの専有部分を賃貸する場合における当該専有部分の引渡債務エ 1つの専有部分を2人で賃借する場合における賃料債務A分割債務B不可分債務©連帯債務D保証債務,,,,,,アとC,イとA,ウとB,エとD 1,3,FALSE,FALSE,,（解説は未入力です。）,,,,,
2008,平成20年度,2,single,民法・借地借家法,h20;single_choice;direct_question;parsed,マンション（マンションの管理の適正化の推進に関する法律（平成12年法律第149号。以下「マンション管理適正化法」という。）第2条第1号に規定するものをいう。以下同じ。）のA管理組合（以下本問において「A」という。）とBマンション管理業者（以下本問において「B」という。）との間で管理委託契約が締結された場合に関する次の記述のうち、民法の規定によれば、正しいものはどれか。,,,,,,契約の要素に錯誤があった場合には、Aは、過失があったときでも、重過失がない 限り、Bに対して、契約の無効を主張することができる。,管理委託契約が、AとBとの通謀虚表示であった場合でも、そのために契約の効 力は妨げられない。,管理委託契約が、第三者CのAに対する詐欺によってなされた場合には、Bは、契 約を取り消すことができる。,Bが管理委託業務を履行期に履行しない場合には、Aは、直ちに契約を解除するこ とができる。,1,FALSE,FALSE,,（解説は未入力です。）,,,,,
2008,平成20年度,3,single,民法・借地借家法,h20;single_choice;direct_question;parsed,契約の解除に関する次の記述のうち、民法の規定によれば、誤っているものはどれか。,,,,,,解除の意思表示は、撤回することができない。,債務が履行不能になった場合に、履行不能について債務者の責めに帰する事由がな いときには、債権者は解除することができない。,解除権の行使により、事者の一方が金銭を返還するときには、受領した時からの 利息を付す必要はなく、受領した額を返還すれば足りる。,債務者が数人ある場合に、債権者が契約の解除をするときには、債務者の全員に対 してしなければならない。 2,3,FALSE,FALSE,,（解説は未入力です。）,,,,,
2008,平成20年度,4,single,民法・借地借家法,h20;single_choice;direct_question;parsed,マンションの一住戸には、A・B夫婦と、その子C及びAの母Dが居住しており、同住戸は、AとCの2人の共有である場合、AとCの死亡に伴う同住戸の相続に関する次の記述のうち、民法の規定によれば、正しいものはどれか。なお、A、Cの死亡時には、両者のうちで生存していた者を除くと、B、D以外の親族はいないものとする。,,,,,,Aの死亡後にCが死亡した場合には、その住戸は、BとDが相続する。,Cの死亡後にAが死亡した場合には、その住戸は、Bのみが相続する。,AとCがガス漏れ事故により同時に死亡した場合には、その住戸は、BとDが相続 する。,Aが病死した日にCは海外で事故死したが、AとCの死亡の前後が明らかでない場 合には、その住戸は、Bのみが相続する。,3,FALSE,FALSE,,（解説は未入力です。）,,,,,
2008,平成20年度,5,single,民法・借地借家法,h20;single_choice;direct_question;parsed,Aマンションの区分所有者が、全員で土地所有者Bとの間で同マンションの敷地（以下本問において「本件敷地」という。）について賃借権の設定を受けている場合に関する次の記述のうち、民法、借地借家法（平成3年法律第90号）及び建物の区分所有等に関する法律（昭和37年法律第69号。以下「区分所有法」という。）の規定によれば、誤っているものはどれか。なお、同賃貸借は、借地借家法第22条の定める定期借地権及び同法第24条の建物譲渡特約付借地権の設定に係るものではない。,,,,,,本件敷地の賃貸借の存続期間を契約で定める場合には、30年より短い期間を定める ことはできず、30年以上の期間としなければならない。,本件敷地の賃貸借の存続期間が満了した場合において、契約の更新がないときは、 Aマンションの区分所有者は、Bに対し、皆該マンションを時価で買い取るべきこと を請求することができる。,Aマンションの区分所有者は、規約に別段の定めがあるときを除き、その有する専 有部分とその専有部分に係る賃借権とを分離して処分することができない。,Aマンションの区分所有者は、規約に別段の定めがあるときを除き、その有する専 有部分に係る賃借権をBの承諾を得ることなく譲渡することができる。 3,4,FALSE,FALSE,,（解説は未入力です。）,,,,,
2008,平成20年度,6,single,区分所有法,h20;single_choice;direct_question;parsed,Aが区分所有しているマンションの501号室（以下本間において「本件専有部分」という。）に、債権者Bのために抵権が設定されている場合に関する次の記述のうち、民法及び区分所有法の規定によれば、正しいものはどれか。,,,,,,Bが、自己の抵権を本件専有部分の賃借人や譲受人に対抗するためには、抵権 の登記をしなければならない。,Bの抵権の効力は、本件専有部分と共に、当該マンションの共用部分のAの共有 持分にも及ぶが、規約に別段の定めがあるときには、その効力は及ばない。,Aが本件専有部分を賃貸した場合に、Bは、Aの有する本件専有部分の賃借人に対 する賃料債権に対して、抵権を行使することはできない。,Bの抵権の効力は、その設定時に、本件専有部分内にAによって備え付けられて いた家具や家電製品などの独立の動産に及ぶ。 1 2 3 4,1,FALSE,FALSE,,（解説は未入力です。）,,,,,
2008,平成20年度,7,count,標準管理委託契約書,h20;count;count;parsed,管理事務の内容及び実施方法に関する次のアからエまでの記述のうち、マンション標準管理委託契約書及びマンション標準管理委託契約書コメント（平成15年4月9日国総動第1号～第4号。国土交通省総合政策局長通達。以下「マンション標準管理委託契約書」という。）の定めによれば、適切なものはいくつあるか。アマンション管理業者が行う管理事務の内容として、事務管理業務、管理員業務、清掃業務及び建物・設備管理業務があるが、消防法（昭和23年法律第186号）に定める防火管理者が行う業務は、管理事務に含まれない。イマンション管理業者は、建築基準法（昭和25年法律第201号）第12条に規定する特殊建築物定期調査及び建築設備定期検査を行うと共に、その報告等に係る補助を行うものとする。ウマンション管理業者は、管理対象部分に係る各種の点検、検査等を実施した場合、その結果を管理組合に報告すると共に、改善等の必要がある事項については、文書又は口頭で、具体的な方策を管理組合に助言するものとする。エマンション管理業者は、管理規約の原本、総会議事録、総会議案書等を、マンション管理業者の事務所で保管するものとする。一つ二つ三つ四つ,,,,,,一つ,二つ,三つ,四つ,2,FALSE,FALSE,,（解説は未入力です。）,,,,,
2008,平成20年度,8,single,標準管理委託契約書,h20;single_choice;most_inappropriate;parsed,管理事務に関する次の記述のうち、マンション標準管理委託契約書の定めによれば、最も不適切なものはどれか。,,,,,,マンション管理業者は、災害又は事故等の事由により、管理組合のために、緊急に 行う必要がある業務で、管理組合の承認を受ける時間的な余裕がないものについては、 承認を受けないで実施することができる。,マンション管理業者は、災害又は事故等による損害について、その損害額が一定額 を超えるときは、その一定額を超える損害額については、賠償する責任を負わないも のとする。,マンション管理業者は、管理事務を行うため必要なときは、管理組合の組合員及び その所有する専有部分の占有者に対し、管理組合に代わって、建物の保存に有害な行 為の中止を求めることができるが、マンション管理業者が中止を求めても、なおその 行為を中止しないときは、マンション管理業者はその責めを免れるものとする。,マンション管理業者は、災害又は事故等の事由により、管理組合のために緊急に業 務を行う必要がある場合、管理組合の組合員及びその所有する専有部分の占有者に対 して、立入りの請求をすることなく、専有部分に立ち入ることができる。,2,FALSE,FALSE,,（解説は未入力です。）,,,,,
2008,平成20年度,9,single,標準管理委託契約書,h20;single_choice;most_appropriate;parsed,マンション管理委託契約の解除等に関する次の記述のうち、マンション標準管理委託契約書の定めによれば、最も適切なものはどれか。,,,,,,管理組合及びマンション管理業者は、その相手方が、契約に定められた義務の履行 を怠った場合は、相当の期間を定めてその履行を催告し、相手方が当該期間内に、そ の義務を履行しないときは、契約を解除することができる。,管理組合は、マンション管理業者がマンション管理適正化法に基づく業務の停止命 令の処分を受けたときは、管理委託契約を解除することができる。,管理組合及びマンション管理業者は、その相手方に対し、少なくとも1月前に書面 で解約の申入れを行うことにより、管理委託契約を終了させることができる。,管理組合又はマンション管理業者は、管理委託契約を更新しようとする場合、当該 契約の有効期間が満了する日の3月前までに、その相手方に対し、口頭でその旨を申 し出るものとする。,1,FALSE,FALSE,,（解説は未入力です。）,,,,,
2008,平成20年度,10,single,判例・横断総合,h20;single_choice;most_appropriate;parsed,マンションの管理費の滞納に対する対策に関する次の記述のうち、最も適切なものはどれか。,,,,,,管理費の滞納者に対し、文書で催告する場合、普通郵便でも法律上は効力を有する が、内容証明郵便にすることが望ましい。,管理費の滞納者を被告として訴えを提起する場合、その滞納者が当該マンション以 外の場所に住所を有するときでも、マンションの区分所有権に係る専有部分を被告の 住所地としなければならない。,通常の売買ではなく、競売によりマンションの区分所有権を買い受けた者は、前区 分所有者の滞納管理費の支払義務を承継しない。,管理費の滞納者に対し、訴訟を提起する場合、遅延損害金のほかに弁護士費用その 他の訴訟に要する費用を請求できる旨を規約に定めることはできない。 6,1,FALSE,FALSE,,（解説は未入力です。）,,,,,
2008,平成20年度,11,single,民法・借地借家法,h20;single_choice;direct_question;parsed,マンションの管理費の消滅時効の中断に関する次の記述のうち、民法の規定によれば、正しいものはどれか。,,,,,,管理費を滞納している区分所有者が、破産手続開始の決定を受けた場合には、もは や管理費債権について時効を中断する方法はない。,管理費を滞納している区分所有者が、管理組合に対し、滞納管理費の額と滞納して いる事実を認める承諾書を提出した場合、管理費債権の時効は中断する。,管理費を滞納している区分所有者が、専有部分の区分所有権を第三者に売却した場 合は、管理費債権の時効が中断する。,民事訴訟法（平成8年法律第109号）の定める通常の訴訟でなく、同法の「少額訴 訟に関する特則」に基づく訴えを提起しただけでは、管理費債権の時効は中断しない。,2,FALSE,FALSE,,（解説は未入力です。）,,,,,
2008,平成20年度,12,single,標準管理規約,h20;single_choice;most_appropriate;parsed,区分所有者が納入する修繕積立金の取崩しに関する次の記述のうち、マンション標準管理規約及びマンション標準管理規約コメント（単棟型）（平成16年1月23日国総動第232号・国住マ第37号。国土交通省総合政策局長・同住宅局長通知。以下「マンション標準管理規約」という。）の定めによれば、最も適切なものはどれか。,,,,,,管理組合は、再建マンションの設計概要等、管理組合が行う建物の建替え検討のた めの調査に係る経費は、建物の建替えに係る区分所有者の合意形成の後でなければ、 修繕積立金を取り崩して支払うことができない。,管理組合は、専門的知識を有する者の活用に要する費用の支出に充てるため、修繕 積立金を取り崩して支払うことができる。,管理組合は、敷地及び共用部分等の変更のための経費に充てるために借入金をした 場合、修繕積立金を取り崩して、その借入金の償還に充てることができる。,管理組合は、敷地及び共用部分等の管理に関し、区分所有者全体の利益のために通 常必要となる管理に要する経費に充てるため、修繕積立金を取り崩して支払うことが できる。 7,3,FALSE,FALSE,,（解説は未入力です。）,,,,,
2008,平成20年度,13,single,判例・横断総合,h20;single_choice;most_inappropriate;parsed,管理組合の管理事務に要する費用の負担及び支払い方法に関する次の記述のうち、マンション標準管理委託契約書の定めによれば、最も不適切なものはどれか。,,,,,,管理事務の範囲・内容と定額委託業務費の関係を明確にするため、見積書等でその 内訳を明示し、当事者間で合意をしている場合を除いて、管理委託契約に定額委託業 務費の内訳を明示しなければならない。,管理組合は、管理事務として委託する事務（マンション標準管理委託契約書別表第 1から第4までに定める事務）のためにマンション管理業者に支払われる委託業務費 のほか、マンション管理業者が管理事務を実施するのに必要となる共用部分の水道光 熱費、通信費、消耗品費等の諸費用も負担する。,管理員室の使用に係る諸費用（水道光熱費、通費、備品、消耗品費等）は、管理 組合がマンション管理業者に管理事務を行わせるために不可であるので、管理組合 が負担する。,マンション管理業者は、事前にその発生を予測することが極めて困難な天災地変に よる災害、漏水又は火災等の発的な事故等の事由により、緊急に行う必要がある業 務で、管理組合の承認を受ける時間的余裕がないものについては、管理組合の承認を 受けないで実施することができ、管理組合は、マンション管理業者の責めによる事故 等の場合を除いて、該業務の遂行上やむを得ず支出した費用については、マンショ ン管理業者に速やかに支払わなければならない。,3,FALSE,FALSE,,（解説は未入力です。）,,,,,
2008,平成20年度,14,single,標準管理規約,h20;single_choice;most_inappropriate;parsed,区分所有者が納入する管理費に関する次の記述のうち、マンション標準管理規約の定めによれば、最も不適切なものはどれか。,,,,,,管理費の額については、各区分所有者の共用部分の共有持分及び使用頻度等を勘案 して算出する。,役員活動費は管理組合の運営に要する費用として、通常の管理に要する経費に含ま れる。,各居住者が、各自の判断で自治会、町内会等に加入する場合に支払う自治会費、町 内会費等の支払いについては、管理費からの支出は認められない。,管理費のうち、管理組合の運営に要する費用については、組合費として管理費とは 分離して徴収することもできる。 8,1,FALSE,FALSE,,（解説は未入力です。）,,,,,
2008,平成20年度,15,single,判例・横断総合,h20;single_choice;direct_question;parsed,"管理組合の活動における以下の取引に関して、平成20年3月分の仕訳として正しいものは次のうちどれか。ただし、この管理組合の会計年度は、4月1日から翌年3月31日までとし、期中の取引において、企業会計原則に基づき厳格な発生主義によって経理しているものとする。（取引）平成20年3月1日に、損害保険会社と以下の内容の保険契約を締結し、同日に5年分の保険料5,280,000円を一括して普通預金から支払った。損害保険会社から提示された保険の内容は以下のとおりである。損害保険の内容保険期間保険料内訳積立保険料（修繕積立部分）（月当たり保険料危険保険料（危険保険部分）（月当たり保険料合計（保険料一括支払額）（月当たり保険料5年間（平成20年3月1日から平成25年2月28日まで）3,600,000円60,000円）",,,,,,"借方 普通預金 5,280,000 貸方 積立保険料 3,600,000・支払保険料 28,000・前払保険料 1,652,000","借方 普通預金 5,280,000 貸方 積立保険料 3,600,000・支払保険料 1,680,000","借方 積立保険料 3,600,000・支払保険料 1,680,000 貸方 普通預金 5,280,000","借方 積立保険料 3,600,000・支払保険料 28,000・前払保険料 1,652,000 貸方 普通預金 5,280,000",4,FALSE,FALSE,,（解説は未入力です。）,,,,,
2008,平成20年度,16,single,判例・横断総合,h20;single_choice;direct_question;parsed,"管理組合の活動における以下の取引に関して、平成20年3月分の仕訳として正しいものは次のうちどれか。ただし、この管理組合の会計年度は、4月1日から翌年3月31日までとし、期中の取引において、企業会計原則に基づき厳格な発生主義によって経理しているものとする。（取引）平成20年1月、非常階段に大きく錆が発生していることが判明し、通常のメンテナンスとして5年に1度定期的に行う塗装は、本来、次年度の4月に行う予定であったが、前倒しを行い、業者に依頼し本年3月から4月にかけて非常階段の塗装を行った。塗装工事費用の全体は1,000,000円であるが、支払い条件は着手金として500,000円、完了時に残金を支払う約束である。この支払い条件に従って、本年3月10日に500,000円を普通預金から業者に振り込んだ。なお、この塗装工事は、本年4月25日に完了した。（単位：円）",,,,,,"（借方） 建物 1,000,000 （貸方） 未払金 1,000,000","（借方） 修繕費 1,000,000 （貸方） 普通預金 未払金 500,000 500,000","（借方） 前払金 500,000 （貸方） 普通預金 500,000","（借方） 建牣 （貸方） 500,000普通預金 500,000 10",3,FALSE,FALSE,,（解説は未入力です。）,,,,,
2008,平成20年度,17,single,判例・横断総合,h20;single_choice;direct_question;parsed,建築基準法（昭和25年法律第201号）第2条の用語の定義に関する次の記述のうち、正しいものはどれか。,,,,,,建築設備とは、建築物に設ける電気、ガス、給水、排水などの設備及び煙突、昇降 機、避雷針をいい、建築物に含まれるものと、含まれないものに分けられる。,主要構造部とは、壁、柱、床などであり、同法施行令第1条で定義される「構造耐 力上主要な部分」と同じものである。,建築とは、建築物を新築し、増築し、又は改築することをいい、移転は含まれない。,大規模の修繕とは、建築物の主要構造部の一種以上について行う過半の修繕をいう。,4,FALSE,FALSE,,（解説は未入力です。）,,,,,
2008,平成20年度,18,single,判例・横断総合,h20;single_choice;direct_question;parsed,共同住宅の避難施設等に関する次の記述のうち、建築基準法によれば、誤っているものはどれか。なお、主要構造部は耐火構造であり、避難階は1階とし、階避難安全検証法、全館避難安全検証法及び国土交通大臣の認定については考慮しないものとする。,,,,,,該当階の住戸の床面積の合計が100mを超える場合、両側に居室のある共用廊下の 幅は、1.6m以上としなければならない。,避難階又は地上に通ずる直通階段までの歩行距離に関する制限については、住戸内 の歩行距離を無視してよい。,6階の居室の床面積の合計が200mを超える場合は、2以上の直通階段を設けなけ ればならない。,屋外に設ける避難階段及び避難階における屋外への出口から道又は公園、広場、そ の他の空地に通ずる敷地内の通路の幅員は、1.5m以上でなければならない。 11,2,FALSE,FALSE,,（解説は未入力です。）,,,,,
2008,平成20年度,19,single,判例・横断総合,h20;single_choice;direct_question;parsed,建築物に作用する積載荷重及び外力に関する次の記述のうち、建築基準法によれば、誤っているものはどれか。,,,,,,床の単位面積当たりの積載荷重は、構造計算の対象により異なり、その数値を大き い順に並べると、［床の構造計算をする場合］、［地震力を計算する場合］、【大ばり、 柱又は基礎の構造計算をする場合」である。,積雪荷重は、［積雪の単位荷重］✕［屋根の水平投影面積］✕［その地方における 垂直積雪量］として求めるが、積雪の単位荷重は積雪量1cmごとに20ニュートン／m' 以上としなければならない。なお、特定行政庁が規則で特段の定めをしていないもの とする。,風圧力は、［速度圧］✕［風力係数］として計算しなければならない。,地上部分の地震力は、［当該部分の固定荷重と積載荷重の和」✕［当該高さにおけ る地震層せん断力係数」として計算するが、特定行政庁が指定する多雪区域において は、固定荷重と積載荷重の和に更に積雪荷重を加えるものとする。,1,FALSE,FALSE,,（解説は未入力です。）,,,,,
2008,平成20年度,20,single,判例・横断総合,h20;single_choice;most_inappropriate;parsed,排水管及び通気管の管径に関する次の記述のうち、最も不適切なものはどれか。,,,,,,排水管の管径は、トラップの口径以上で、かつ30mm以上とし、地中又は地階の床下 に埋設される排水管の管径は、50mm以上とする。,排水管は、立て管・横管のいずれの場合でも、排水の流下方向の管径を縮小しては ならない。,排水立て管は、どの階においても最下部の最も大きな排水負荷を負担する部分の管 径と同一とする。,伸頂通気管の管径は、排水立て管の管径より大きくしてはならない。 12,4,FALSE,FALSE,,（解説は未入力です。）,,,,,
2008,平成20年度,21,single,判例・横断総合,h20;single_choice;direct_question;parsed,避雷設備に関する次の記述のうち、建築基準法によれば、誤っているものはどれか。,,,,,,建築面積の8分の1以内の階段室を除いた高さが20mを超える建築物には、原則と して避雷設備を設けなければならない。,避雷設備の構造方法を規定する日本工業規格が2003年に改正され、それに伴い建設 省告示も改正されたが、それ以前の1992年の日本工業規格に適合するものは、現在の 国土交通省告示に適合するものとみなされる。,建物の衝撃に対する保護レベルは、IからIに区分されている。,定期的な検査を行うことを基本的条件として求めているが、その頻度については示 されていない。,1,FALSE,FALSE,,（解説は未入力です。）,,,,,
2008,平成20年度,22,single,判例・横断総合,h20;single_choice;direct_question;parsed,建築物の耐震改修の促進に関する法律（平成7年法律第123号。以下同じ。）に関する次の記述のうち、正しいものはどれか。,,,,,,"床面積の合計が1,000m'以上の共同住宅は、すべて特定建築物に含まれる。",所管行政庁は、特定建築物の耐震診断及び耐震改修について必要な指導及び助言が できる。,耐震改修を行おうとした者が、耐震改修の計画の認定を申請できるのは、特定建築 物に限られる。,所管行政庁が、耐震改修の計画の認定をした場合でも、建築基準法に基づく建築確 認を受ける必要がある。 13,2,FALSE,FALSE,,（解説は未入力です。）,,,,,
2008,平成20年度,23,combination,建築・設備,h20;combination;most_appropriate;parsed,高齢者、障害者等の移動等の円滑化の促進に関する法律（平成18年法律第91号）による移動等円滑化経路を構成するエレベーター及びその乗降ロビーに関する次の文中の（ア）から（ウ）の中に入る数値の組合せとして、最も適切なものはどれか。なお、国土交通大臣が定める特殊な構造又は使用形態のエレベーターは考慮しないものとする。かご及び昇降路の出入口の幅は（ア）cm以上、かごの奥行きは（イ）cm以上、乗降ロビーの幅及び奥行きは（ウ）cm以上としなければならない。,,,,,,"A=75, B=120, C=135","A=80, B=120, C=150","A=80, B=135, C=150","A=90, B=150, C=180",3,FALSE,FALSE,,（解説は未入力です。）,,,,,
2008,平成20年度,24,single,判例・横断総合,h20;single_choice;most_appropriate;parsed,給湯に関する次の記述のうち、最も適切なものはどれか。,,,,,,湯によるやけどは、湯温と湯に接触する時間に関係し、接触時間を10秒とするとや けどをしない湯温の限界は70°C程度である。,水に対する気体の溶解度は、水温が高くなるほど小さくなるため、水中に溶け込ん でいた溶存気体は水を加熱するに従って分離する。,サーモスタット式混合栓を用いる場合、混合での設定温度と混合に供給される 湯温の差が小さいほど安定した出湯温度が得られる。,貯湯式給湯機の場合、水道用減圧弁を介して給湯機に給水すれば、出口側に逃がし 弁（機体内の圧力を減圧する安全弁）の設置は不要である。 14,2,FALSE,FALSE,,（解説は未入力です。）,,,,,
2008,平成20年度,25,single,判例・横断総合,h20;single_choice;most_inappropriate;parsed,平成5年に（財）日本昇降機安全センター（現（財）日本建築設備・昇降機センター）が策定した「昇降機の維持及び運行の管理に関する指針」に関する次の記述のうち、最も不適切なものはどれか。,,,,,,昇降機の所有者又は管理者は、昇降機の運行に関して十分な知識を有する運行管理 者を原則として建物ごとに選任するものとしている。,昇降機の所有者又は管理者は、昇降機に係る人身事故等が発生した場合には、事故 が発生した時から24時間以内に、特定行政庁に所定の様式による昇降機事故速報を提 出するものとしている。,昇降機の所有者又は管理者は、建築基準法第12条第3項に基づく定期検査に加え、 使用頻度に応じて専門技術者に、おおむね3月以内ごとに、点検その他必要な整備又 は補修を行わせ、その記録を2年以上保存することとしている。,運行管理者は、昇降機の運行中随時巡回し、昇降機の運行に支障があると認めたと きは、直ちに運行を中止して昇降機の所有者又は管理者に報告し、専門技術者に整備 させるものとしている。,3,FALSE,FALSE,,（解説は未入力です。）,,,,,
2008,平成20年度,26,single,判例・横断総合,h20;single_choice;most_inappropriate;parsed,共同住宅の外壁の劣化の種類と現象に関する次の記述のうち、最も不適切なものはどれか。,,,,,,ポップアウトとは、コンクリート内部の部分的な膨張圧によって、コンクリート内 部が破壊された状態をいう。,エフロレッセンスとは、下地の可成分が表面に析出し、空気中の二酸化炭素ガス 等との反応によって難溶性の白色物質が表面に沈着した状態をいう。,チョーキングとは、塗膜表面の劣化により、充てん材が離脱しやすくなり、表面が 粉末状になった状態をいう。,はく落とは、浮いていたコンクリートが駆体からはがれ落ちた状態をいう。 15,1,FALSE,FALSE,,（解説は未入力です。）,,,,,
2008,平成20年度,27,single,判例・横断総合,h20;single_choice;most_inappropriate;parsed,外壁タイルの劣化調査に用いる用具で最も不適切なものは、次のうちどれか。,,,,,,ファイバースコープ,テストハンマー,サーモカメラ,建研式接着力試験器,1,FALSE,FALSE,,（解説は未入力です。）,,,,,
2008,平成20年度,28,single,判例・横断総合,h20;single_choice;most_inappropriate;parsed,マンションの耐震診断及び耐震改修に関する次の記述のうち、最も不適切なものはどれか。,,,,,,耐震診断の結果として得られる当該建築物のIs値については、その値が小さいほ ど耐震性が低いとされる。,建築物の耐震改修の促進に関する法律に基づく建築基準法の特例措置を受けるため には、耐震改修計画についての認定を受ける必要がある。,耐震改修工事を行う場合には、必ず建築確認申請をしなければならない。,既存鉄筋コンクリート造建築物の耐震診断基準では、診断内容の違いにより 1次診 断から3次診断までがある。 16,3,FALSE,FALSE,,（解説は未入力です。）,,,,,
2008,平成20年度,29,count,標準管理規約,h20;count;count;parsed,役員の任期等に関する次の記述のうち、マンション標準管理規約の定めによれば、適切なものはいくつあるか。ア 任期満了により退任する会計担当理事は、次の会計担当理事が就任するまでの間、引き続きその職務を行う。イ任期途中でマンションを売却し、組合員でなくなった理事長はその地位を失うが、後任の理事長が就任するまでの間、引き続きその職務を行う。ウ 任期途中で辞任した監事は、次の監事が就任するまでの間、引き続きその職務を行う。エ 任期途中で解任された副理事長はその地位を失うが、後任の副理事長が就任するまでの間、引き続きその職務を行う。,,,,,,一つ,二つ,三つ,四つ,2,FALSE,FALSE,,（解説は未入力です。）,,,,,
2008,平成20年度,30,count,標準管理規約,h20;count;count;parsed,委任状又は議決権行使書の取扱いに関する次の記述のうち、適切なものはいくつあるか。ア 総会の議案書には、「委任状の提出がない場合には、議案に賛成したものとみなします。」と記載したが、それに従わず、賛成票として数えなかった。イ 委任状の受任者の欄に「理事長」と記載した委任状を有効なものとして取り扱った。ウ 議決権行使書面に「賛成」の表示と部屋番号・氏名の記載はあるが、押印欄に押印がない書面を提出した組合員の議決権を賛成票として数えた。エ 議決権行使書面の部屋番号・氏名の記載はあるが、「賛成」、「反対」のいずれにも意見表示がない書面を提出した組合員の議決権を賛成票として数えなかった。,,,,,,一つ,二つ,三つ,四つ,4,FALSE,FALSE,,（解説は未入力です。）,,,,,
2008,平成20年度,31,single,判例・横断総合,h20;single_choice;most_inappropriate;parsed,住戸数100、うち2戸を所有する区分所有者が2名おり、3名の共有名義の住戸が1つあるマンションに関する次の記述のうち、マンション標準管理規約の定めによれば、最も不適切なものはどれか。なお、議決権については1住戸1議決権の定めがあるものとする。,,,,,,総会は、議決権51以上を有する組合員が出席しなければ成立しない。,使用細則改正の議案は、議決権26を有する組合員が賛成すれば可決する可能性があ る。,管理規約改正の議案は、議決権75、組合員数74人の賛成があれば可決する。,組合員の総会招集権は、議決権20、組合員数20人の同意が必要である。,1,FALSE,FALSE,,（解説は未入力です。）,,,,,
2008,平成20年度,32,count,判例・横断総合,h20;count;count;parsed,共用部分の工事に関する次の記述のうち、マンション標準管理規約の定めによれば、適切なものはいくつあるか。ア 階段室部分を改造してエレベーターを新設する工事は、特別多数決議が必要である。,,,,,,一つ,二つ,三つ,四つ,3,FALSE,FALSE,,（解説は未入力です。）,,,,,
2008,平成20年度,33,single,判例・横断総合,h20;single_choice;direct_question;parsed,あるマンションの議決権行使者に関する次の記述のうち、民法及び区分所有法の規定によれば、誤っているものはどれか。,,,,,,売れ残っている住戸がある場合には、分譲業者（売主）がその議決権行使者である。,住戸が債権者により差し押さえられている場合には、差し押さえた債権者がその議 決権行使者である。,住戸の区分所有者が行方不明の場合には、行方不明の区分所有者がその議決権行使 者である。,住戸の区分所有者が破産手統開始の決定を受けた場合の議決権行使者は、破産管財 人が選任されているときは、その破産管財人、破産手続が廃止されたときは、その破 産した区分所有者である。,2,FALSE,FALSE,,（解説は未入力です。）,,,,,
2008,平成20年度,34,single,判例・横断総合,h20;single_choice;most_inappropriate;parsed,管理規約に違反する行為をした者に関する次の記述のうち、マンション標準管理規約の定めによれば、最も不適切なものはどれか。,,,,,,区分所有者が違反する行為をした場合には、管理組合の理事長は理事会の議決を経 てその区分所有者に対し、その是正等のため必要な指示を行うことができる。,賃借人が違反する行為をした場合には、賃貸人である区分所有者はその賃借人に対 し、その是正等のため必要な措置を講じなければならない。,区分所有者の同居の家族が違反する行為をした場合には、管理組合の理事長は直接 その同居の家族に対し、その是正等のため必要な指示を行うことはできず区分所有者 に行わなければならない。,雇い主である区分所有者から住戸を貸与された従業員が違反する行為をした場合に は、管理組合の理事長は理事会の議決を経てその従業員に対し、その是正等のため必 要な指示を行うことができる。 19,3,FALSE,FALSE,,（解説は未入力です。）,,,,,
2008,平成20年度,35,single,判例・横断総合,h20;single_choice;direct_question;parsed,電磁的記録、電磁的方法に関する次の記述のうち、区分所有法の規定によれば、誤っているものはどれか。,,,,,,集会の議事録は、規約にその旨の定めがなくても、電磁的記録により作成すること ができる。,管理規約は、規約にその旨の定めがなくても、電磁的記録により作成することがで きる。,議決権行使は、規約にその旨の定め又は集会の決議がなければ、電磁的方法により これを行使することができない。,集会の決議については、規約にその旨の定めがなければ、電磁的方法による決議を することができない。,4,FALSE,FALSE,,（解説は未入力です。）,,,,,
2008,平成20年度,36,single,判例・横断総合,h20;single_choice;violation_single;parsed,管理組合の理事長又は管理組合法人の代表理事に関する次の管理規約の定めのうち、区分所有法の規定に違反するものはどれか。,,,,,,管理組合の理事長は、管理組合と利益が相反する行為については、総会の承認を得 た場合でなければ契約することができないものとする。,管理組合法人の代表理事は、損害保険契約に基づく保険金額の請求及び受領につい て、区分所有者を代理するものとする。,管理組合の理事長は区分所有者から選任するものとし、これとは別に、管理者は区 分所有者以外の第三者を選任するものとする。,管理組合法人の代表理事は、1名は区分所有者から、他の1名は区分所有者以外の 第三者から選任するものとする。 20,2,FALSE,FALSE,,（解説は未入力です。）,,,,,
2008,平成20年度,37,single,判例・横断総合,h20;single_choice;direct_question;parsed,総会の決議が必要でないものは、マンション標準管理規約の定めによれば、次のうちどれか。,,,,,,役員活動費の額及び支払方法を決定すること。,修繕積立金に係る銀行預金をおろして「マンションすまい・る債」（住宅金融支援機 構が発行する債券）を購入すること。,管理規約の改正を検討するための専門委員会を設置すること。,長期修繕計画の作成又は変更を行うこと。,3,FALSE,FALSE,,（解説は未入力です。）,,,,,
2008,平成20年度,38,single,判例・横断総合,h20;single_choice;direct_question;parsed,次に掲げるもののうち、区分所有法第4条第2項の規定により、一般的に規約共用部分にすることができるものはどれか。,,,,,,団地内の管理棟,玄関ホール,マンション内の集会室,中庭にあるトタン屋根と柱でできた自転車置場 21,3,FALSE,FALSE,,（解説は未入力です。）,,,,,
2008,平成20年度,39,combination,判例・横断総合,h20;combination;most_appropriate;parsed,次の文章は、マンションの管理人室をめぐる最高裁判所の判決に基づくものであるが、文中の（ア）から（エ）に入る用語の組合せとして、最も適切なものはどれか。なお、判決の原文に若干の修正をしている。「本件マンションにおいては、区分所有者の居住生活を円滑にし、その環境の維持保全を図るため、その業務に当たる管理人を常駐させ、多岐にわたる管理業務の遂行に当たらせる必要があるというべきであるところ、本件マンションの玄関に接する（ ア ） である管理事務室のみでは、管理人を常駐させてその業務を適切かつ円滑に遂行させることが困難であることは認定事実から明らかであるから、本件管理人室は管理事務室と合わせて一体として利用することが予定されていたものというべきであり、両室は機能的にこれを分離することができないものといわなければならない。そうすると、本件管理人室には、（イ）があるとしても、（ウ）はないというべきであり、本件管理人室は、（エ）とはならないものと解するのが相当である。」,,,,,,"A=共用部分, B=利用上の独立性, C=構造上の独立性, D=共用部分たる附属施設","A=共用部分, B=構造上の独立性, C=利用上の独立性, D=区分所有権の目的","A=専有部分, B=利用上の独立性, C=構造上の独立性, D=共用部分","A=共用部分, B=構造上の独立性, C=利用上の独立性, D=共用部分",2,FALSE,FALSE,,（解説は未入力です。）,,,,,
2008,平成20年度,40,single,判例・横断総合,h20;single_choice;direct_question;parsed,宅地建物取引業者（宅地建物取引業法（昭和27年法律第176号）第2条第3号に規定する者をいう。）Aが中古マンションの売買の媒介をする場合に関する次の記述のうち、宅地建物取引業法によれば、誤っているものはどれか。,,,,,,Aが当該マンションの売買の媒介に関して受ける報酬の額は、依頼者との間で、自 由に設定することができるが、媒介契約を締結した際、遅滞なく、当該報酬に関する 事項を記載した書面を作成して記名押印し、依頼者に交付しなければならない。,Aが、宅地建物取引主任者をして宅地建物取引業法第35条に規定する重要事項の説 明を行わせるに当たり、当該マンションについて、石綿の使用の有無の調査の結果が 記録されているときは、その内容についても説明を行わせなければならない。,Aが当該マンションの広告をするときは、その代金の額又はその支払方法等につい て著しく事実に相違する表示をしてはならない。,Aは、当該マンションの売買に関する広告をするときは、自己が契約の当事者とな って当該売買を成立させるか、代理人として当該売買を成立させるか、又は媒介して 当該売買を成立させるかの別を明示しなければならない。,1,FALSE,FALSE,,（解説は未入力です。）,,,,,
2008,平成20年度,41,single,判例・横断総合,h20;single_choice;direct_question;parsed,Aが、Bからあるマンションの301号室を買ったところ、その専有部分について瑕疵（以下本問において「本件瑕疵」という。）があった場合に関する次の記述のうち、民法の規定によれば、正しいものはどれか。,,,,,,301号室の売買契約締結時にAが本件瑕疵を知っていたときでも、Bは、Aに対し て瑕疵担保責任を負う。,301号室の売買においてBがAに対して瑕疵担保責任を負わない旨の特約をした場 合には、Bは、自ら知りながらAに告げなかった本件瑕疵についても担保責任を免れ る。,Aは、本件瑕疵のために契約締結をした目的を達することができないときでも、契 約の解除をすることはできず、Bに対して損害賠償の請求のみをすることができる。,Bは、別段の特約がない限り、Aが本件瑕疵の事実を知った時から1年以内に請求 をしない場合には、瑕疵担保責任を免れる。 23,4,FALSE,FALSE,,（解説は未入力です。）,,,,,
2008,平成20年度,42,single,判例・横断総合,h20;single_choice;most_appropriate;parsed,新築分譲マンションのアフターサービスに関する次の記述のうち、最も適切なものはどれか。,,,,,,アフターサービスの対象範囲は、専有部分の瑕疵又は欠陥に限られることが多い。,アフターサービスの対象部位は、内装や各種の設備に限られ、構造耐力上主要な部 分及び雨水の浸入を防止する部分はその範囲から除外されることが多い。,アフターサービスを行う期間の起算日は、建物の部位や欠陥の種類に関わらず、買 主に目的物を引き渡した日とすることが多い。,アフターサービスの内容は、瑕疵又は欠陥の補修であり、損害賠償の請求は定めな いことが多い。,4,FALSE,FALSE,,（解説は未入力です。）,,,,,
2008,平成20年度,43,single,判例・横断総合,h20;single_choice;direct_question;parsed,区分所有者Aが、自己所有のマンションの専有部分をBに賃貸した場合に関する次の記述のうち、借地借家法の規定によれば、誤っているものはどれか。なお、AB間の賃貸借契約は、定期建物賃貸借契約ではないものとする。,,,,,,Bは、そのマンションの賃借権の登記をしていなければ、Aからそのマンションを 買い受けた第三者に対して賃借権を対抗できない。,AB間において、BがAの同意を得て付加した畳、建具その他の造作について、賃 貸借が終了したときでも、BはAにその買取りを請求することができない旨の特約を したときは、その特約は有効である。,Bが、その専有部分を居住の用ではなく、業務の用に供するために賃借した場合で も、借地借家法の規定が適用される。,AB間の建物賃貸借契約の期間を2年間と定め、中途解約ができる旨の特約を定め なかった場合は、賃借人からも2年間は中途解約をすることができない。 24,1,FALSE,FALSE,,（解説は未入力です。）,,,,,
2008,平成20年度,44,single,判例・横断総合,h20;single_choice;direct_question;parsed,個人情報の保護に関する法律（平成15年法律第57号）に関する次の記述のうち、誤っているものはどれか。,,,,,,個人情報取扱事業者は、あらかじめ本人の同意を得ないで、特定された利用目的の 達成に必要な範囲を超えて、個人情報を取り扱ってはならない。,個人情報取扱事業者は、個人情報を取得した場合は、あらかじめその利用目的を公 表している場合を除き、速やかにその利用目的を本人に通知し、又は公表しなければ ならない。,個人情報取扱事業者であるマンション管理業者が、管理を受託している管理組合の 組合員のデータを第三者に提供する場合は、一定の場合を除き、あらかじめ本人の同 意を得なければならない。,管理組合の組合員の氏名、電話番号が記載されている組合員名簿が、コンピュータ を用いて検索できるように体系的に構成されていない場合には、その名簿は「個人情 報データベース等」ではない。,4,FALSE,FALSE,,（解説は未入力です。）,,,,,
2008,平成20年度,45,single,判例・横断総合,h20;single_choice;direct_question;parsed,各種の法令に関する次の記述のうち、誤っているものはどれか。,,,,,,消防法（昭和23年法律第186号）によれば、一定の防火対象物の管理について権原 を有する者は、防火管理者を定め、遅滞なく所轄消防長又は消防署長に届け出なけれ ばならない。,備業法（昭和47年法律第117号）によれば、警備業者は、20歳未満の者を響備業 務に従事させてはならない。,自動車の保管場所の確保等に関する法律（昭和37年法律第145号）によれば、何人 も自動車が夜間（日没時から日出時までの時間をいう。）に道路上の同一の場所に引 き続き8時間以上駐車することとなる行為をしてはならない。,動物の愛護及び管理に関する法律（昭和48年法律第105号）によれば、動物の所有 者は、その所有する動物が自己の所有に係るものであることを明らかにするための措 置として環境大臣が定めるものを講ずるように努めなければならない。 25,2,FALSE,FALSE,,（解説は未入力です。）,,,,,
2008,平成20年度,46,single,判例・横断総合,h20;single_choice;most_inappropriate;parsed,マンションの管理の適正化に関する指針（平成13年国土交通省告示第1288号）の「長期修繕計画の策定及び見直し等」に関する次の記述のうち、最も不適切なものはどれか。,,,,,,建築後相当の年数を経たマンションにおいては、長期修繕計画の検討を行う際には、 必要に応じ、建替えについても視野に入れて検討することが望ましい。,管理組合は、維持修繕を円滑かつ適切に実施するため、設計に関する図書等を保管 することが重要であり、また、この図書等について、マンションの区分所有者等の求 めに応じ、適時閲覧できるように配慮することが望ましい。,長期修繕計画の策定及び見直しにあたっては、その実効性を確保するため、マンシ ョンの区分所有者等から毎月徴収する修繕積立金額を基に、その範囲内で実施できる 修繕内容を定めることが重要である。,建替えの検討にあたっては、その過程をマンションの区分所有者等に周知させるな ど透明性に配慮しつつ、各区分所有者等の意向を十分把握し、合意形成を図りながら 進めることが必要である。,3,FALSE,FALSE,,（解説は未入力です。）,,,,,
2008,平成20年度,47,single,判例・横断総合,h20;single_choice;direct_question;parsed,マンションの定義に関する次の記述のうち、マンション管理正化法の規定によれば、誤っているものはどれか。,,,,,,二以上の区分所有者が存在し、事務所及び店舗の用にのみ供されている建物は、マ ンションに該当する。,二以上の区分所有者が存在し、複数のオフィスと一戸の住宅がある建物は、マンシ ョンに該する。,一団地内において、二以上の区分所有者が存在し、人の居住の用に供する専有部分 のある建物を含む数棟の建物の所有者の共有に属する土地は、マンションに該当する。,二以上の区分所有者が存在し、人の居住の用に供する専有部分があり、居住してい る者がすべて賃借人である建物は、マンションに該する。 26,1,FALSE,FALSE,,（解説は未入力です。）,,,,,
2008,平成20年度,48,single,判例・横断総合,h20;single_choice;direct_question;parsed,管理業務主任者（マンション管理適正化法第2条第9号に規定する者をいう。以下同じ。）に関する次の記述のうち、マンション管理適正化法によれば、誤っているものはどれか。,,,,,,偽りその他不正の手段により登録を受けたとして、国土交通大臣よりマンション管 理士の登録を取り消された者は、その取消しの日から2年を経過しなければ、管理業 務主任者の登録を受けることができない。,管理業務主任者は、他人に自己の名義の使用を許し、当該他人がその名義を使用し て管理業務主任者である旨を表示したとして、国土交通大臣より事務の禁止処分を受 けたときは、速やかに、管理業務主任者証を国土交通大臣に提出しなければならない。,管理業務主任者は、登録を受けている事項のうち、転職によりその業務に従事して いたマンション管理業者に変更があったときは、遅滞なく、その旨を国土交通大臣に 届け出なければならないが、この場合において、管理業務主任者証を添えて提出し、 その訂正を受ける必要はない。,管理業務主任者は、5年ごとに、国土交通大臣の登録を受けた者が国土交通省令で 定めるところにより行う講習を受けなければならず、これを受けなかったときは、国 土交通大臣は、その管理業務主任者の登録を取り消すことができる。,4,FALSE,FALSE,,（解説は未入力です。）,,,,,
2008,平成20年度,49,single,判例・横断総合,h20;single_choice;violation_single;parsed,マンション管理業者（マンション管理適正化法第2条第8号に規定する者をいう。以下同じ。）が行う重要事項の説明に関する次の記述のうち、マンション管理適正化法に違反するものはどれか。,,,,,,新たに建設されたマンションについて、当該建設工事の完了の日から8月で契約期 間が満了する管理事務の委託を受けることを内容とする契約を締結しようとするとき に、あらかじめ、重要事項について説明をしなかった。,従前の管理受託契約と同一の条件で管理組合との管理受託契約を更新しようとする 場合において、当該管理組合の管理者等に対し、管理業務主任者をして、重要事項を 記載した書面を交付して説明したが、管理者等以外のマンションの区分所有者等に対 しては、重要事項を記載した書面を交付しなかった。,重要事項を記載した書面を作成するときに、その事務所ごとに置かれる専任の管理 業務主任者でない管理業務主任者をして、該書面に記名押印させた。,説明会の開催日の10日前に、管理受託契約を締結しようとする管理組合を構成する マンションの区分所有者等及び当該管理組合の管理者等の全員に対し、重要事項並び に説明会の日時及び場所を記載した書面を交付した。 27,2,FALSE,FALSE,,（解説は未入力です。）,,,,,
2008,平成20年度,50,single,判例・横断総合,h20;single_choice;direct_question;parsed,管理事務（マンション管理適正化法第2条第6号に規定するものをいう。以下本問において同じ。）の報告に関する次の記述のうち、マンション管理適正化法によれば、正しいものはどれか。,,,,,,マンション管理業者は、管理事務の委託を受けた管理組合に管理者等が置かれてい るときは、マンション管理業者の事業年度終了後、遅滞なく、当該管理者等に対し、 管理業務主任者をして、該管理事務に関する報告をさせなければならない。,マンション管理業者は、管理事務報告書を作成する場合は、管理受託契約の期間、 管理組合の会計及び支出の状況のほか、管理受託契約の内容に関する事項を記載しな ければならない。,マンション管理業者は、管理事務の委託を受けた管理組合に管理者等が置かれてい ないときは、定期に、説明会を開催し、マンションの区分所有者等に対し、管理業務 主任者をして、管理事務に関する報告をしなければならないが、管理事務報告書を作 成し、マンションの区分所有者等に閲覧させれば、この説明会の開催を省略すること ができる。,マンション管理業者は、管理事務の委託を受けた管理組合に管理者等が置かれてい る場合に、管理事務に関する報告を行うときは、管理事務報告書を作成し、これを管 理者等に交付しなければならない。 28,4,FALSE,FALSE,,（解説は未入力です。）,,,,,
2009,平成21年度,1,single,判例・横断総合,h21;single_choice;direct_question;parsed,管理組合法人を一般の法人と比較した次の記述のうち、建物の区分所有等に関する法律（昭和37年法律第69号。以下「区分所有法」という。）及び一般社団法人及び一般財団法人に関する法律（平成18年法律第48号）の規定によれば、正しいものはどれか。,,,,,,一般の法人の成立は、民法その他の法律の規定によるが、管理組合法人の成立は、 民法の規定による。,一般の法人には、人の集団である社団と財産の集合体である財団とがあるが、管理 組合法人は、財団である。,一般の法人は、その主たる事務所の所在地において設立の登記をすることによって 成立するが、管理組合法人については、登記がなされなくても成立する。,一般の法人では、監事は必ずしも必須機関ではないが、管理組合法人では、監事は 必須機関である。,4,FALSE,FALSE,,（解説は未入力です。）,,,,,
2009,平成21年度,2,combination,判例・横断総合,h21;combination;direct_question;parsed,各種の契約に関する次の記述のうち、民法の規定によれば、正しいもののみの組合せはどれか。ア売買契約において目的物の引渡しについて期限があるときは、代金の支払いについては、目的物の引渡し後直ちに支払うべきものと推定する。イ金銭消費貸借契約において金銭の返還の時期を定めなかったときは、貸主は、相当の期間を定めて返還の催告をすることができる。ウ 使用貸借契約において借主が死亡したときは、その目的物を使用する権利が、借主の相続人に承継される。エ 請負契約において請負人が仕事を完成しない間は、注文者は、いつでも損害を賠償して契約の解除をすることができる。,,,,,,ア・イ,ア・ウ,イ・エ,ウ・エ 1,3,FALSE,FALSE,,（解説は未入力です。）,,,,,
2009,平成21年度,3,single,判例・横断総合,h21;single_choice;direct_question;parsed,マンション（マンションの管理の適正化の推進に関する法律（平成12年法律第149号。以下「マンション管理適正化法」という。）第2条第1号に規定するものをいう。以下同じ。）の管理組合A（以下本問において「A」という。）とマンション管理業者（マンション管理適正化法第2条第8号に規定する者をいう。以下同じ。）であるB（以下本問において「B」という。）との間で管理委託契約が締結されていたところ、同管理委託契約に係るBの職務を行うについて、Cが不法行為によりAの組合員Dに損害を加えた場合に関する次の記述のうち、民法の規定によれば、正しいものはどれか。,,,,,,CがBの代表者である場合には、BがCの選任・監督上相の注意をしたことを証 明しても、Bは、Dに対する損害賠償責任を免れない。,Cが短期間だけ臨時にBから雇用されている者の場合には、Dに対して、Cのみが 損害賠償責任を負い、Bが損害賠償責任を負うことはない。,CがBの従業員である場合に、Bに代わって監督する者Eがいる場合でも、Dは、 Eに対して損害賠償責任を追及することはできない。,BがDに対して損害賠償をした場合、Cに対して求償することはできない。 2,1,FALSE,FALSE,,（解説は未入力です。）,,,,,
2009,平成21年度,4,single,判例・横断総合,h21;single_choice;direct_question;parsed,マンションの301号室をAとBが共有している場合に関する次の記述のうち、民法の規定によれば、正しいものはどれか。,,,,,,A、Bの持分が等しいときは、301号室の保存行為を除く管理に関する事項の決定 は、両者の合意が必要である。,Aが自己の持分に応じた301号室の管理費用の支払いを怠り、Bがそれをすべて負 担している場合のように正当な事由があるときに限り、Bは、Aを被告として、裁判 所に対して301号室の分割を請求することができる。,301号室の分割請求が裁判所になされた場合に、裁判所は、分割の方法としては、 現物分割のみを命ずることができ、その競売を命ずることはできない。,Aが死亡した場合に、Aに相続人がないときには、301号室のAの持分は国庫に帰 属する。,1,FALSE,FALSE,,（解説は未入力です。）,,,,,
2009,平成21年度,5,single,判例・横断総合,h21;single_choice;direct_question;parsed,管理組合の集会において区分所有者の代理人が議決権を行使する場合に関する次の記述のうち、民法及び区分所有法の規定によれば、正しいものはどれか。,,,,,,集会において区分所有者の代理人が議決権を行使する場合には、書面で議決権の行 使をしなければならない。,代理人が、自己が代理人であることを示さないで議決権の行使をした場合に、他の 区分所有者が、その代理人が本人である区分所有者のために議決権の行使をしたこと を知ることができたときは、その議決権の行使は本人の議決権の行使として効力を生 ずる。,専有部分が数人の共有に属するときは、数人の代理人が議決権を行使することがで きる。,集会において代理人が議決権を行使する場合に、その代理人は成年者でなければな らない。 3,2,FALSE,FALSE,,（解説は未入力です。）,,,,,
2009,平成21年度,6,count,判例・横断総合,h21;count;count_incorrect;parsed,マンションの管理組合A（以下本問において「A」という。）とマンション管理業者B（以下本問において「B」という。）との間で管理委託契約が締結されていた場合に関する次の記述のうち、民法の規定によれば、誤っているものはいくつあるか。ア Bが任意に管理委託契約に基づく債務の履行をしないときは、Aは、その強制履行を裁判所に請求することができる。イAがBに支払うべき委託業務費について履行遅滞が生じた場合、BがAに対して損害賠償を請求するときにおいて、Bは、損害の証明をすることを要しない。ウ AがBに支払うべき委託業務費について履行遅滞が生じた場合、Aは、その損害賠償について、不可抗力を理由として責任を免れることはできない。エ A又はBの債務不履行を理由として相手方が管理委託契約を解除する場合に、Aに履行遅滞があったときには、Bは、解除前にAに対して相当の期間を定めて催告することを要するが、Bに履行遅満があったときには、Aは、催告することなく直ちに同契約を解除することができる。,,,,,,一つ,二つ,三つ,四つ,1,FALSE,FALSE,,（解説は未入力です。）,,,,,
2009,平成21年度,7,count,判例・横断総合,h21;count;count;parsed,管理事務の内容及び実施方法に関する次のアから工までの記述のうち、マンション標準管理委託契約書及びマンション標準管理委託契約書コメント（平成15年4月9日国総動第1～第4号。国土交通省総合政策局長通達。以下「マンション標準管理委託契約書」という。）の定めによれば、適切なものはいくつあるか。アマンション管理業者が行う管理事務の内容として、備業法（昭和47年法律第117号）に定める備業務、消防法（昭和23年法律第186号）に定める防火管理者が行う業務及び浄化槽法（昭和58年法律第43号）に規定する水質検査の業務は、管理事務に含まれない。イマンション管理業者が行う管理事務の内容は、事務管理業務、管理員業務、清掃業務及び建物・設備管理業務とし、実際の契約書作成に当たっては、個々の状況や必要性に応じて適宜追加、修正するものとする。ウ 管理事務としてマンション管理業者に委託する事務のために支払う委託業務費については、管理組合が指定する口座に振り込む方法により支払う。エマンション管理業者は、管理組合から請求があるときは、管理事務の処理状況及び管理組合の会計の収支状況について報告を行わなければならないが、この報告については、当事者間の合意があれば、あらかじめ期日を定めて行う方法とすることもできる。,,,,,,一つ,二つ,三つ,四つ,2,FALSE,FALSE,,（解説は未入力です。）,,,,,
2009,平成21年度,8,single,判例・横断総合,h21;single_choice;most_inappropriate;parsed,マンション管理業者の責任に関する次の記述のうち、マンション標準管理委託契約書の定めによれば、最も不適切なものはどれか。,,,,,,マンション管理業者は、管理事務を第三者に委託した場合においては、再委託し た管理事務の適正な処理について、管理組合に対して責任を負う。,マンション管理業者は、商号又は住所を変更したときは、速やかに、口頭又は書面 をもって、管理事務の委託を受けている管理組合に通知しなければならない。,マンション管理業者は、当該業者の従業員が、その業務の遂行に関し、管理組合又 は管理組合の組合員及びその所有する専有部分の占有者（以下「組合員等」という。） に損害を及ぼしたときは、管理組合又は管理組合の組合員等に対し、使用者としての 責任を負う。,マンション管理業者及びマンション管理業者の従業員は、正当な理由がなく、管理 事務に関して知り得た管理組合及び管理組合の組合員等の秘密を漏らしてはならず、 管理委託契約が終了した後においても、同様とする。,2,FALSE,FALSE,,（解説は未入力です。）,,,,,
2009,平成21年度,9,single,判例・横断総合,h21;single_choice;most_appropriate;parsed,マンション管理業者の管理事務の対象となる部分に関する次の記述のうち、マンション標準管理委託契約書の定めによれば、最も適切なものはどれか。,,,,,,管理対象部分とは、管理規約により管理組合が管理すべき部分及び区分所有者が専 ら管理すべき部分をいう。,専用使用部分であるバルコニー、ベランダ、専用庭は、管理対象部分に含まれない。,管理事務の対象となるマンションが「複合用途型マンション」（専有部分の用途とし て住居以外の用途（事務所等）が認められているマンション）である場合、管理事務 の対象となる部分に係る定めを適宜追加、修正をすることが必要である。,附属施設である駐車場、自転車置場、水道引込管は、管理対象部分に含まれない。 6,3,FALSE,FALSE,,（解説は未入力です。）,,,,,
2009,平成21年度,10,single,判例・横断総合,h21;single_choice;direct_question;parsed,マンションの管理費の滞納に対する法的手続に関する次の記述のうち、誤っているものはどれか。,,,,,,滞納している区分所有者が行方不明であっても、その者に対して、民事訴訟を提起 することができる。,少額訴訟制度（民事訴訟法（平成8年法律第109号）の「少額訴訟に関する特則」） によって訴えを提起する場合、その上限額は30万円である。,普通郵便による請求も内容証明郵便による請求と同様に、時効中断事由である「催 告」に該当する。,支払促の申立てをした場合、支払促の送達後2週間以内にその滞納者が促異 議の申立てをすれば、支払促は、その異議の限度で効力を失う。,2,FALSE,FALSE,,（解説は未入力です。）,,,,,
2009,平成21年度,11,count,判例・横断総合,h21;count;count_incorrect;parsed,マンションの管理費の滞納に関する次の記述のうち、誤っているものはいくつあるか。ア 管理費の滞納者が、滞納したまま死亡し、共同相続人の全員が相続放棄をした場合でも、共同相続人は管理費債務については承継する。イ管理費の滞納者が、滞納管理費の一部の弁済であることを明示した上で、当該滞納管理費の一部を支払ったときは、その残額についての時効は中断する。ウ 管理費の滞納者が、破産手続開始の決定を受けた場合、その決定の日以後に到来する支払期の管理費の支払義務を免れる。エ 管理費の滞納者が、そのマンションを売却した場合、その買主は売主が管理費を滞納していた事実を知らなかった場合には、滞納管理費の支払義務を負わない。,,,,,,一つ,二つ,三つ,四つ 7,3,FALSE,FALSE,,（解説は未入力です。）,,,,,
2009,平成21年度,12,single,判例・横断総合,h21;single_choice;most_inappropriate;parsed,管理組合の役員に関する次の記述のうち、マンション標準管理規約及びマンション標準管理規約コメント（単棟型）（平成16年1月23日国総動第232号・国住マ第37号。国土交通省総合政策局長・同住宅局長通知。以下「マンション標準管理規約」という。）の定めによれば、最も不適切なものはどれか。,,,,,,管理組合の役員には、管理費等の収納、保管、運用、支出等の会計業務を行うため 会計担当理事を置かなければならない。,管理組合の監事は、管理組合の業務の執行及び財産の状況を監査し、その結果を総 会に報告しなければならない。,管理組合の監事は、管理組合の財産の状況について不正があると認めるときは、必 ず理事会の決議を経た上で、臨時総会を招集しなければならない。,管理組合の役員は、役員としての活動に応ずる必要経費の支払いと報酬を受けるこ とができる。,3,FALSE,FALSE,,（解説は未入力です。）,,,,,
2009,平成21年度,13,single,判例・横断総合,h21;single_choice;most_appropriate;parsed,管理組合の会計等に関する次の記述のうち、マンション標準管理規約の定めによれば、最も適切なものはどれか。,,,,,,管理組合は、通常の管理に要する経費に不足を生じた場合、総会の承認により、借 入れをすることができる。,収支決算案、事業報告案、収支予算案及び事業計画案については、理事会の承認が 必要である。,建物の建替えに係る計画又は設計等の経費のための修繕積立金の取崩しは、理事会 の承認により行うことができる。,会計処理に関する細則は、理事会の承認により変更することができる。 8,2,FALSE,FALSE,,（解説は未入力です。）,,,,,
2009,平成21年度,14,single,判例・横断総合,h21;single_choice;direct_question;parsed,"管理組合の活動における以下の取引に関して、平成21年3月分の仕訳として正しいものは次のうちどれか。ただし、この管理組合の会計年度は、4月1日から翌年3月31日までとし、期中の取引において、企業会計原則に基づき厳格な発生主義によって経理しているものとする。（取引）管理組合の設備の工事に関する計画に従って、平成21年1月に工事業者に発注し、エ事業者は平成21年1月から3月にかけて以下の工事を行い、同年3月中に工事が完了し、同月末に管理組合は工事業者から工事完了報告書を受領した。なお、支払いは同年4月末日の予定である。（工事の内容）自動ドアースイッチ補修防犯カメラシステムモニター修理屋上鉄部等修繕工事高架水槽補修高架水槽取替冷暖房設備室外機取替上記冷暖房設備室外機取替工事費合計48,000円49,000円870,000円670,000円7,500,000円12,000,000円800,000円21,937,000円",,,,,,"借方 修繕費 97,000・建物附属設備 21,840,000 貸方 未払金 21,937,000","借方 修繕費 967,000・建物附属設備 20,970,000 貸方 未払金 21,937,000","借方 修繕費 1,637,000・建物附属設備 20,300,000 貸方 未払金 21,937,000","借方 修繕費 2,437,000・建物附属設備 19,500,000 貸方 未払金 21,937,000",3,FALSE,FALSE,,（解説は未入力です。）,,,,,
2009,平成21年度,15,single,判例・横断総合,h21;single_choice;direct_question;parsed,"管理組合の活動における以下の取引に関して、平成21年3月分の仕訳として正しいものは次のうちどれか。ただし、この管理組合の会計年度は、4月1日から翌年の3月31日までとし、期中の取引において、企業会計原則に基づき厳格な発生主義によって経理しているものとする。（取引）平成21年3月に、敷地内駐車場の使用者から、管理組合の普通預金に1,080,000円の振込みがあった。その内訳は、以下のとおりである。（平成21年3月入金の内訳）2 月分駐車場使用料3月分駐車場使用料4 月分駐車場使用料新規契約分敷金合計60,000円120,000円870,000円30,000円",,,,,,"借方 普通預金 1,080,000 貸方 駐車場使用料 180,000・前受金 870,000・預り金 30,000","借方 普通預金 1,080,000 貸方 未収入金 60,000・駐車場使用料 120,000・前受金 870,000・預り金 30,000","借方 普通預金 1,080,000 貸方 駐車場使用料 1,080,000","借方 普通預金 1,080,000 貸方 未収入金 60,000・駐車場使用料 1,020,000",2,FALSE,FALSE,,（解説は未入力です。）,,,,,
2009,平成21年度,16,single,判例・横断総合,h21;single_choice;direct_question;parsed,管理組合の税務に関する次の記述のうち、税法の規定によれば、誤っているものはどれか。,,,,,,管理組合の管理費及び修繕積立金の運用から生じる受取利息や受取配当金には、所 得税が課税される。,"前々年度、前年度、当年度の各一年間の課税売上高を算定したところ、それぞれ、 1,300万円、950万円、900万円であった場合、当年度は納税義務者となり消費税を計 算し納入する必要がある。",管理組合が支払う共用部分に係る火災保険料等の損害保険料は、消費税の課税対象 とはならない。,マンション敷地内の駐車場を当該管理組合の組合員以外の第三者に使用させること による駐車場収入は、消費税の課税対象とはならず、課税売上高を構成しない。,4,FALSE,FALSE,,（解説は未入力です。）,,,,,
2009,平成21年度,17,single,判例・横断総合,h21;single_choice;direct_question;parsed,建築基準法（昭和25年法律第201号）における用語の定義に関する次の記述のうち、誤っているものはどれか。,,,,,,防火上有効な公園、広場、川等の空地若しくは水面又は耐火構造の壁その他これら に類するものに面する部分を除き、隣地境界線から1階にあっては 3m以下、2階以 上にあっては5m以下にある建築物の部分は、延焼のおそれのある部分に該当する。,床が地盤面下にある階で、床面から地盤面までの高さがその階の天井の高さの4分 の1以上のものを地階という。,特定行政庁が指定する幅員4m未満の道路の中心線から水平距離で2m後退した線 までの部分は、敷地面積には算入されない。,階段室、昇降機塔、装飾塔、物見塔、屋窓その他これらに類する建築物の屋上部分 の水平投影面積の合計が、該建築物の建築面積の8分の1以内の場合、その部分の 高さは、建築物の高さに算入されないことがある。 11,2,FALSE,FALSE,,（解説は未入力です。）,,,,,
2009,平成21年度,18,single,判例・横断総合,h21;single_choice;most_inappropriate;parsed,防水工法の特徴に関する次の記述のうち、最も不適切なものはどれか。,,,,,,「アスファルト防水熱工法」は、歴史があり、「改質アスファルトシート防水工法 （トーチ工法）」に比べ、施工現場周辺の環境に及ぼす影響が少ない。,「改質アスファルトシート防水工法（トーチ工法）」は、「アスファルト防水熱工法」 に比べ、防水層の性能が施工時の気温に左右されにくい。,「塩化ビニル系構脂シート防水工法」では保護材不要で軽歩行ができる施工も一般 化しているが、「合成ゴム系シート防水工法」では厚塗り塗装材を保護層とすること により、軽歩行も可能となる。,「ウレタン系塗膜防水工法」は、突出物の多い屋上の改修工事の際に、施工が容易 なため採用されることが多い。,1,FALSE,FALSE,,（解説は未入力です。）,,,,,
2009,平成21年度,19,combination,判例・横断総合,h21;combination;direct_question;parsed,建築基準法第20条により、政令で定める基準に従った構造計算によって確かめられる安全性を有しなければならないとされる建築物に関する次の記述の（ア）から（エ）の中に入る数値の組合せとして、正しいものはどれか。木造の建築物で（ア）以上の階数を有し、又は延べ面積が（イ）mを超えるもののうち、高さが13m又は軒の高さが9mを超えるもの。木造以外の建築物で（ウ） 以上の階数を有し、又は延べ面積が（ エ）mを超えるもののうち、政令で定めるもの。,,,,,,"A=4, B=1000, C=3, D=300","A=4, B=1000, C=2, D=200","A=3, B=500, C=3, D=300","A=3, B=500, C=2, D=200",4,FALSE,FALSE,,（解説は未入力です。）,,,,,
2009,平成21年度,20,single,判例・横断総合,h21;single_choice;most_inappropriate;parsed,一般の家庭において使用されるディスポーザ排水処理システムに関する次の記述のうち、最も不適切なものはどれか。,,,,,,ディスポーザは、台所流しに取り付けられ、生ごみを破砕して水とともに排水する ものである。,ディスポーザ排水処理システムは、ディスポーザ、排水配管及び排水処理槽からな る。,ディスポーザ排水処理システムを設置する場合は、台所流しからの排水管は専用の 配管として排水処理槽に接続する。,下水道未整備地域においては、環境上の問題からディスポーザ排水処理システムを 設置することが認められていない。,4,FALSE,FALSE,,（解説は未入力です。）,,,,,
2009,平成21年度,21,single,判例・横断総合,h21;single_choice;direct_question;parsed,住戸内に設置する住宅用火災報器（消防法施行令（昭和36年政令第37号）第5条の6第1号に規定する住宅用防災管報器をいう。以下本問において同じ。）に関する次の記述のうち、消防法によれば、正しいものはどれか。,,,,,,住宅用火災報器の設置が義務化された対象は新築住宅であり、既存住宅は義務化 の対象外である。,就寝の用に供する居室及び当該居室が存在する階（避難階を除く。）から直下階に 通ずる屋内階段には、住宅用火災報器を設置しなければならない。,共同住宅用スプリンクラー設備を設置した場合であっても、住宅用火災報器の設 置を免除されることはない。,住宅用火災報器の設置場所は、天井面に限られ、壁面に設置してはならない。 13,2,FALSE,FALSE,,（解説は未入力です。）,,,,,
2009,平成21年度,22,single,判例・横断総合,h21;single_choice;most_inappropriate;parsed,テレビ共同受信設備に関する次の記述のうち、最も不適切なものはどれか。,,,,,,テレビ端子への配線方式には、直列ユニット方式（縦配線方式）と幹線分岐方式 （スター配線方式）があるが、デジタル放送、CATV（Cable Television）、インタ ーネットなどで展開される双方向通は、幹線分岐方式では対応できない。,地上波アナログテレビ放送は、平成23年7月24日までに終了することになっている。,地上波デジタルテレビ放送で使用される周波数帯は、現在地上波アナログテレビ放 送で使用されている周波数帯より高店波数帯域であるため、テレビ共同受設備のア ンテナやブースター等の取替えが必要となる場合がある。,CATVの加入料、受信料、サービス内容などは、運営している会社により異なる ので、導入に当たっては事前調査が大切である。,1,FALSE,FALSE,,（解説は未入力です。）,,,,,
2009,平成21年度,23,single,判例・横断総合,h21;single_choice;direct_question;parsed,住宅の品質確保の促進等に関する法律（平成11年法律第81号）に基づき、日本住宅性能表示基準（平成12年建設省告示第1652号）に従って表示すべき住宅の性能の「音環境に関すること」に関する次の記述のうち、正しいものはどれか。,,,,,,共同住宅等に適用されるのは、重量床衝撃音対策、軽量床撃音対策、透過損失等 級（界壁）及び透過損失等級（外壁開口部）の4項目である。,重量床撃音対策等級での対象周波数域は、軽量床衝撃音対策等級での対象周波数 域より高周波域となっている。,軽量床撃音の下階への伝わりにくさは、軽量床撃音対策等級又は相当スラブ厚 のいずれかについて評価するものとされている。,透過損失等級（界壁）において評価されるのは、界壁の構造に係る固体伝搬音の透 過のしにくさである。 14,1,FALSE,FALSE,,（解説は未入力です。）,,,,,
2009,平成21年度,24,single,判例・横断総合,h21;single_choice;direct_question;parsed,共同住宅の非常用の照明装置に関する次の記述のうち、建築基準法によれば、誤っているものはどれか。,,,,,,住戸内には非常用の照明装置を設置する必要がない。,階数が3以上で延べ面積が500mを超える建築物の居室から地上に通ずる廊下、階 段その他の通路には非常用の照明装置の設置義務があるが、採光上有効に直接外気に 開放された通路などは免除される。,非常用の照明装置において必要とされる照度の測定は、十分に補正された低照度測 定用照度計を用いた物理測定方法によらなければならない。,停電時の予備電源として蓄電池を用いるものにあっては、充電を行うことなく20分 間継続して点灯し、必要な照度を確保できるものでなければならない。,4,FALSE,FALSE,,（解説は未入力です。）,,,,,
2009,平成21年度,25,single,判例・横断総合,h21;single_choice;most_inappropriate;parsed,排水及び浄化槽に関する次の記述のうち、最も不適切なものはどれか。,,,,,,浄化槽から公共用水域等に放流される水の水質については、環境省令で、技術上の 基準が定められている。,浄化槽管理者は、環境省令で定めるところにより、毎年1回（全ばつ気方式の浄化 槽にあっては、おおむね6月ごとに1回以上）、浄化槽の清掃をしなければならない。,排水トラップの封水深は、5cm以上10cm以下（阻集器を兼ねる排水トラップについ ては5cm以上）としなければならない。,給水タンクの水抜管及びオーバーフロー管は、排水管に直接連結しなければならな い。 15,4,FALSE,FALSE,,（解説は未入力です。）,,,,,
2009,平成21年度,26,single,判例・横断総合,h21;single_choice;most_appropriate;parsed,マンションの修繕に関する次の記述のうち、マンション標準管理規約の定めによれば、最も適切なものはどれか。,,,,,,長期修繕計画の計画期間は、25年程度以上であることが最低限必要である。,計画修繕の対象となる工事には、玄関扉等の開口部の改良は含めない。,長期修繕計画の作成等のための劣化診断（建物診断）に要する経費は、修繕積立金 から充当しなければならない。,設備の保守点検や法律に定められた定期検査報告の情報は、修繕等の履歴情報には 含まれない。,1,FALSE,FALSE,,（解説は未入力です。）,,,,,
2009,平成21年度,27,single,判例・横断総合,h21;single_choice;most_inappropriate;parsed,窓サッシの改修方法に関する次の記述のうち、最も不適切なものはどれか。,,,,,,カバー工法とは、既存のサッシの枠を残し、当該サッシ枠の外側に新規建具を設置 する工法であり、既存サッシより開口寸法を大きくできることがある。,サッシの改修は、一般的に共用部分の工事となるが、既存サッシの内側に新規サッ シを設置して二重サッシとする場合には、専有部分の工事となることがある。,引抜き工法とは、油圧工具又はジャッキ等で既存のサッシを枠ごと撤去して新しい サッシと交換する工法である。,ノンシール工法は、主に便所や浴室などの比較的小型のサッシに採用される。 16,1,FALSE,FALSE,,（解説は未入力です。）,,,,,
2009,平成21年度,28,single,判例・横断総合,h21;single_choice;most_appropriate;parsed,マンションの断熱改修に関する次の記述のうち、最も適切なものはどれか。,,,,,,断熱改修は、夏の暑さに対しては効果を期待できないが、冬の寒さに対しては効果 がある。,外断熱改修工事を行った場合、結露の防止に対しては効果が期待できない。,壁体の内断熱改修工事を行うと居室の面積が減少する。,壁体の断熱改修を行えば、窓の断熱改修は必要なくなる。,3,FALSE,FALSE,,（解説は未入力です。）,,,,,
2009,平成21年度,29,single,判例・横断総合,h21;single_choice;most_inappropriate;parsed,ある管理組合で、老朽化した給水管本管の取替工事とともに、本管と構造上一体となっている専有部分としての枝管の取替工事も行いたいと考えている場合に関する各理事の意見である次の記述のうち、マンション標準管理規約の定めによれば、最も不適切なものはどれか。,,,,,,本管の取替工事は、多額の費用を要するが、総会の普通決議で行うことができる。,枝管の取替工事も総会決議があればできるが、専有部分における工事だから、でき れば特別決議を経たほうが望ましい。,本管取替工事と一体として枝管取替工事をすることについて特別決議がされても、 修繕積立金を取り崩して専有部分に係る枝管取替工事に要する費用に充てることには 疑問がある。,枝管取替工事をすることについて特別決議をすれば、専有部分内に強制立入りでき るので全戸工事を行うことができ、効果的である。 17,4,FALSE,FALSE,,（解説は未入力です。）,,,,,
2009,平成21年度,30,single,判例・横断総合,h21;single_choice;most_inappropriate;parsed,あるマンションで該マンションの区分所有者Aが自分を含め25名の区分所有者の署名を集めたとし、「収支決算に関する会計監査の問題点について」を議題とする臨時総会の招集を管理者である理事長に請求した場合における次の記述のうち、区分所有法によれば、最も不適切なものはどれか。なお、このマンションは総戸数100戸、1住戸1議決権の定めがあり、複数の住戸を所有している者はいない。また、当該マンションの管理規約には、区分所有者の総会招集請求権は、区分所有者及び議決権の各4分の1以上の者の請求によると定められている。,,,,,,Aが自分の署名のみを示し、他の署名者の氏名を示さなければ、理事長は総会招集 請求に応ずる必要がない。,Aを含む25名の総会招集請求を受け理事長が招集する総会の招集日は、Aらが理事 長に対し総会の招集請求をした日から4週間経過後の日でなければならない。,Aを含む25名の総会招集請求に理事長が応じない場合は、Aらは自ら総会を招集す ることができるが、総会当日に「規約変更の件」の議題を追加して決議することはで きない。,Aを含む20名の区分所有者の署名があれば、総会の招集を請求することができる。,2,FALSE,FALSE,,（解説は未入力です。）,,,,,
2009,平成21年度,31,single,判例・横断総合,h21;single_choice;most_inappropriate;parsed,管理組合の業務に関する次の記述のうち、マンション標準管理規約の定めによれば、最も不適切なものはどれか。,,,,,,町内会の防災対策についての情報収集のため町内会の会合に出席すること。,組合員向けに広報誌を発行すること。,マンション敷地内の樹木を伐採すること。,組合員から自治会費を徴収し、自治会に支払うこと。,4,FALSE,FALSE,,（解説は未入力です。）,,,,,
2009,平成21年度,32,count,判例・横断総合,h21;count;count_correct;parsed,管理組合法人に関する次の記述のうち、区分所有法の規定によれば、正しいものはいくつあるか。ア理事は、管理組合法人との利益が相反する事項については、管理組合法人を代表することができない。イ管理組合法人は、設立の時及び毎事業年度の終了の時に財産目録を作成し、常にこれを主たる事務所に備え置かなければならない。ウ理事は、規約又は集会の決議によって禁止されていないときに限り、特定の行為の代理を他人に委任することができる。エ 管理組合法人は、区分所有者名簿を備え置き、区分所有者の変更があるごとに必要な変更を加えなければならない。一つ二つ三つ四つ,,,,,,一つ,二つ,三つ,四つ,4,FALSE,FALSE,,（解説は未入力です。）,,,,,
2009,平成21年度,33,single,判例・横断総合,h21;single_choice;direct_question;parsed,あるマンションで、管理組合を法人化するための総会が開催された場合における次の記述のうち、区分所有法の規定によれば、誤っているものはどれか。,,,,,,総会開催日を平成20年12月13日とする場合、規約に特別の定めがないときには、招 集通知は同年12月6日に発送すれば足りる。,招集通知に、議題として「管理組合法人化の件」と明記した場合、法人化の理由そ の他議案の要領は記載する必要がない。,総戸数が200戸で1住戸1議決権の定めがあり、単独名義で1住戸を所有している 者が193名、単独名義で2住戸を所有している者が2名、2名の共有名義の住戸が3 戸（区分所有者6名は各々異なる者とする。）となっている場合、議決権数150以上、 区分所有者数149以上の賛成により可決することができる。,法人化するなら規約もそれに応じて改正すべきであるとの意見が出たが、「後日検 討する。」として総会を終了させることができる。 19,1,FALSE,FALSE,,（解説は未入力です。）,,,,,
2009,平成21年度,34,count,判例・横断総合,h21;count;count;parsed,総会決議に関する次の記述のうち、マンション標準管理規約（団地型を含む。）の定めによれば、適切なものはいくつあるか。ア 窓枠、玄関扉等の一斉交換工事をするには、総会で普通決議を経ればよい。イ規約違反の区分所有者に対し、その差止め訴訟を提起するには、理事会の決議で足り、総会決議を経なくてもよい。ウ 区分所有者のうち理事のみが記名押印した規約を規約原本とするには、総会の特別決議による規約改正が必要である。エ団地管理組合で計画的な修繕工事を実施するため、各棟修繕積立金を取り崩すには、団地総会での普通決議のほかに各棟の総会の普通決議も必要である。,,,,,,一つ,： 二つ,三っ,四つ,3,FALSE,FALSE,,（解説は未入力です。）,,,,,
2009,平成21年度,35,single,判例・横断総合,h21;single_choice;direct_question;parsed,次に掲げる者のうち、区分所有法及びマンション標準管理規約の定めによれば、理事会として総会への出席を拒否できる者として最も可能性が高いものはどれか。,,,,,,「マンション内の店舗での営業制限について」が議題になっている総会に、あらか じめ理事長への通知なく出席しようとしている店舗の賃借人,「修繕積立金の値上げについて」が議題になっている総会に、その議題に反対して いる組合員と共に出席しようとしている近隣に住む該組合員の友人である代理人弁 護士,「ペット飼育の制限について」が議題になっている総会に、盲導犬を連れて会場に 入ろうとしている目の不自由な組合員,「室内での楽器演奏時間の制限について」が議題になっている総会に、委任状持参 で出席しようとしているピアノを教えている組合員と同居する配用者 20,2,FALSE,FALSE,,（解説は未入力です。）,,,,,
2009,平成21年度,36,single,判例・横断総合,h21;single_choice;direct_question;parsed,管理組合の次の行為のうち、マンション標準管理規約の定めに違反しないものはどれか。,,,,,,収支決算の結果、管理費に余剰が生じたので、翌年度の修繕積立金に充当した。,理事会決議により、修繕積立金の運用のため、国債を購入した。,理事会決議により、修繕積立金を預金していたA銀行の口座から預金を引出し、B 銀行に口座を開設して預け替えた。,総会の普通決議により、役員に対する必要経費と報酬の額を決定し、管理費から支 弁した。,4,FALSE,FALSE,,（解説は未入力です。）,,,,,
2009,平成21年度,37,single,判例・横断総合,h21;single_choice;most_inappropriate;parsed,決議事項に関する次の記述のうち、マンション標準管理規約の定めによれば、最も不適切なものはどれか。,,,,,,ペットの飼育に関する使用細則の変更は、理事会の決議で行うことができない。,専有部分の修繕を行おうとする区分所有者からの申請に対する承認又は不承認は、 理事会の決議を経て、理事長が行うことができる。,長期修繕計画の作成又は変更は、理事会の決議で行うことができない。,建物の一部が滅失した場合の滅失した共用部分の復旧工事は、理事会の決議で行う ことができる。 21,4,FALSE,FALSE,,（解説は未入力です。）,,,,,
2009,平成21年度,38,count,判例・横断総合,h21;count;count;parsed,理事会への理事の出席や議事の取扱いに関する次の記述のうち、マンション標準管理規約の定めによれば、適切なものはいくつあるか。ア理事会を開催せずに、理事全員が決議事項につき賛成の署名をすれば、理事会の決議があったことにすること。イ 議決権行使書面が提出されれば、これをもって理事会に出席したものとみなし、決議事項につき決議すること。ウ 理事会開催日の1週間前に会議の日時と場所を通知するが、会議の目的は当日示すものとすること。エ 理事会の会議は、理事の半数以上が出席しなければ開くことができず、その議事は出席理事の過半数で決するものとすること。,,,,,,一つ,二つ,三つ,なし,1,FALSE,FALSE,,（解説は未入力です。）,,,,,
2009,平成21年度,39,combination,判例・横断総合,h21;combination;most_appropriate;parsed,次の文章は、マンションの管理費及び特別修繕費（以下「管理費等」という。）の消滅時効に関する最高裁判所の判決に基づくものであるが、文中の（ア）から（エ）に入る用語の組合せとして、最も適切なものはどれか。本件管理費等の債権は、（ア）に基づいて、区分所有者に対して発生するものであり、その具体的な額は（イ）によって確定し、月ごとに所定の方法で支払われるものである。このような本件の管理費等の債権は、（ウ）としての性格を有するものというべきである。その具体的な額が共用部分等の管理に要する費用の増減に伴い、（イ） により増減することがあるとしても、そのことは上記の結論を左右するものではない。そうすると、本件管理費等については、その支払期限からすでに（エ）を経過したものについては、消滅時効が完成していることになる。（ ア ）管理規約の規定（ イ ）総会の決議（ ウ ）基本権たる定期金債権から派生する（ エ ）5年,,,,,,"A=管理規約の規定, B=総会の決議, C=基本権たる定期金債権から派生する支分権, D=5年","A=売買契約の内容, B=総会の決議, C=共用部分の負担に関する債権, D=10年","A=管理規約の規定, B=理事会決議, C=基本権たる定期金債権から派生する支分権, D=10年","A=売買契約の内容, B=理事会決議, C=共用部分の負担に関する債権, D=5年",1,FALSE,FALSE,,（解説は未入力です。）,,,,,
2009,平成21年度,40,single,判例・横断総合,h21;single_choice;direct_question;parsed,宅地建物取引業者（宅地建物取引業法（昭和27年法律第176号）第2条第3号に規定する者をいう。）が自ら売主として、買主Aに対しマンションの一室の分譲を行うに当たり、宅地建物取引主任者Bをして宅地建物取引業法第35条に規定する重要事項の説明をさせた場合に関する次の記述のうち、同条の規定に違反しないものはどれか。,,,,,,区分所有法第2条第3項に規定する専有部分の用途について、管理規約で「楽器演 奏禁止」の制限があったが、Bは、そのことに関してAに説明を行わなかった。,区分所有法第2条第4項に規定する共用部分に関する規約はまだ案の段階であった が、Bは、Aに対し、案の段階である旨を伝えた上で、その内容について説明を行っ た。,Bは、説明に先立ち、宅地建物取引主任者証をAに提示したことから、重要事項を 記載した書面の交付に当たり、当該書面における記名押印を省略した。,Bは、売買契約の成立に先立ち、重要事項の一部を抜粋した書面をAに示して説明 を行ったほか、当該契約の成立後に、その他の重要事項を記載した書面をAに交付し た。 か,2,FALSE,FALSE,,（解説は未入力です。）,,,,,
2009,平成21年度,41,single,判例・横断総合,h21;single_choice;most_appropriate;parsed,マンションの分譲業者である売主が買主に対して負う瑕疵担保責任と買主に対して行うアフターサービスに関する次の記述のうち、最も適切なものはどれか。,,,,,,瑕疵担保責任は、売主に故意又は過失がない場合には生じない。,不動産業者の団体が制定している「アフターサービス規準」により、アフターサー ビスに関する特約をしても、売主は民法上の瑕疵担保責任を免れるものではない。,瑕疵担保責任の内容として、宅地建物取引業法により、買主からの瑕疵修補請求も 認められている。,アフターサービスの対象部位は、マンションの専有部分に限られ、共用部分は含ま れないことが多い。 24,2,FALSE,FALSE,,（解説は未入力です。）,,,,,
2009,平成21年度,42,single,判例・横断総合,h21;single_choice;direct_question;parsed,マンションの売主の瑕疵担保責任に関する次の記述のうち、民法の規定及び判例によれば、正しいものはどれか。,,,,,,売主が、瑕疵担保責任を負う期間は、マンションの5渡しの日から2年間である。,民法上、瑕疵担保責任の内容として、瑕疵の修補請求は認められていないので、修 補請求もできる旨の特約は無効である。,瑕疵担保に基づく損害賠償請求権は、目的物の引渡しの日から10年の経過により時 効により消滅する。,瑕疵担保責任を負うべき「瑕疵」とは、客観的にみて契約の目的物が通常有すべき 品質・性能を有しないことをいい、売主が特に保証した品質・性能を有しない場合は 「瑕疵」に当たらない。,3,FALSE,FALSE,,（解説は未入力です。）,,,,,
2009,平成21年度,43,single,判例・横断総合,h21;single_choice;direct_question;parsed,不動産登記法（平成16年法律第123号）に関する次の記述のうち、正しいものはどれか。,,,,,,区分建物の所有権の保存登記は、表題部所有者から所有権を取得した者も申請する ことができる。,登記記録の表題部には、表示に関する事項が記録され、土地建物いずれにおいても、 当該不動産の評価額も記録される。,仮登記がなされた場合、その後に仮登記権利者以外の者に対する所有権移転の本登 記をすることはできない。,所有権に関するものであっても、所有権の仮登記、所有権の買戻権の登記は、登記 記録の乙区欄に記録される。 25,1,FALSE,FALSE,,（解説は未入力です。）,,,,,
2009,平成21年度,44,single,判例・横断総合,h21;single_choice;direct_question;parsed,各種の法令に関する次の記述のうち、誤っているものはどれか。,,,,,,高齢者、障害者等の移動等の円滑化の促進に関する法律（平成18年法律第91号）に よれば、高齢者、障害者等の円滑な利用を確保するための基準を満たす特定建築物の 建築主は、所管行政庁の認定を受けることにより、建築物の容積率の特例の適用を受 けることができる。,動物の愛護及び管理に関する法律（昭和48年法律第105号）によれば、都道府県、 指定都市、中核市等は、犬又はねこの引取りをその所有者から求められたときは、こ れを引き取らなければならない。,自動車の保管場所の確保等に関する法律（昭和37年法律第145号）によれば、自動 車の保有者が確保しなければならない当該自動車の保管場所は、自動車の使用の本拠 の位置との間の距離が、1kmを超えないものでなければならない。,消防法によれば、一定の防火対象物の管理権原者が選任する防火管理者は、防火管 理上必要な業務を適切に遂行することができる管理的又は監督的な地位にある者で一 定の資格を有したものでなければならない。,3,FALSE,FALSE,,（解説は未入力です。）,,,,,
2009,平成21年度,45,single,判例・横断総合,h21;single_choice;direct_question;parsed,区分所有者が、自己所有の専有部分を賃貸しようとする場合に関する次の記述のうち、借地借家法（平成3年法律第90号）の規定によれば、正しいものはどれか。,,,,,,株式会社その他の法人に賃貸する場合は、借地借家法の適用はない。,契約の更新がない定期建物賃貸借契約を締結する場合は、必ず公正証書によってし なければならない。,賃貸人にとって居住の必要性が生じたときは、契約期間内であっても、解約申入れ ができるという特約は、たとえ予告期間を設けても無効である。,契約期間を定めなかったときは、期間1年の賃貸借契約とみなされる。 26,3,FALSE,FALSE,,（解説は未入力です。）,,,,,
2009,平成21年度,46,count,判例・横断総合,h21;count;count;parsed,マンションの管理の適正化に関する指針（平成13年国土交通省告示第1288号）に関する次のアから工までの記述のうち、適切なものはいくつあるか。アマンションが団地を構成する場合には、棟ごとに管理組合が組織されるため、各棟固有の事情を最優先に管理組合の運営をすることが重要であるが、必要に応じて、他棟との連携をとることが望ましい。イ 管理組合がその機能を発揮するためには、その経済的基盤が確立されていることが重要である。このため、管理費及び特別修繕費等について必要な費用を徴収するとともに、これらの費目を明確に区分して経理を行い、適正に管理する必要がある。ウ 専有部分と共用部分の区分、専用使用部分と共用部分の管理及び駐車場の使用等に関してトラブルが生じることが多いことから、共用部分の範囲を明確にする一方で、トラブル解決のため管理費用の支出は柔軟に行うことが重要である。エ 集会は、管理組合の最高意思決定機関であるが、マンションの管理は、専門的な知識を必要とすることが多いため、マンション管理業者は、管理の主体者として、事前に必要な資料を整備するなど、常に管理組合をリードし、集会において適切な判断が行われるよう配慮する必要がある。2 二つ3三つ4 四つ,,,,,,一つ,二つ,三つ,四つ,1,FALSE,FALSE,,（解説は未入力です。）,,,,,
2009,平成21年度,47,count,判例・横断総合,h21;count;count_incorrect;parsed,管理業務主任者（マンション管理適正化法第2条第9号に規定する者をいう。以下本間において同じ。）に関する次のアから工までの記述のうち、マンション管理適正化法の規定によれば、誤っているものはいくつあるか。ア 管理業務主任者が、管理業務主任者証の有効期間が過ぎたにもかかわらず、速やかに、管理業務主任者証を国土交通大臣に返納しなかったときは、10万円以下の過料に処せられる。イマンション管理業者が管理組合の管理者等に選任されていない場合であって、管理業務主任者が管理者等に対して管理事務の報告を行うに際し、当該管理者等からの請求がなかった場合には、管理業務主任者証の提示を行わなくても、マンション管理適正化法に違反しない。ウ 管理業務主任者は、管理組合から委託を受けた管理事務について、帳簿を作成し、これを保存しなければならない。エ 管理組合から管理事務の委託を受けることを内容とする契約の締結に先立ち、マンション管理業者がマンションの区分所有者等及び管理組合の管理者等に交付する重要事項を記載した書面への押印は、管理業務主任者でない者が管理業務主任者に代わって行うことができる。,,,,,,一つ,二つ,三つ,四つ 28,3,FALSE,FALSE,,（解説は未入力です。）,,,,,
2009,平成21年度,48,single,判例・横断総合,h21;single_choice;most_inappropriate;parsed,マンション管理業者が行う重要事項の説明に関する次の記述のうち、マンション管理適正化法によれば、最も不適切なものはどれか。,,,,,,マンション管理業者が管理受託契約を更新しようとするときに、該マンション管 理業者が商号を変更したが、重要事項の説明会は開催しなかった。,マンション管理業者が管理受託契約を更新しようとするときに、従前の管理受託契 約に比して管理事務の内容及び実施方法の範囲を縮小し、それに伴い管理事務に要す る費用の額を減額したが、重要事項の説明会は開催しなかった。,マンション管理業者が管理受託契約を更新しようとするときに、従前の管理受託契 約と管理事務の内容及び実施方法を同一とし、管理事務に要する費用の額を減額した が、重要事項の説明会は開催しなかった。,マンション管理業者が管理受託契約を更新しようとするときに、従前の管理受託契 約に出して更新後の契約期間を短縮したが、重要事項の説明会は開催しなかった。,2,FALSE,FALSE,,（解説は未入力です。）,,,,,
2009,平成21年度,49,single,判例・横断総合,h21;single_choice;violation_single;parsed,マンション管理業者に課せられている義務に関する次の記述のうち、マンション管理適正化法の規定に違反するものはどれか。,,,,,,マンション管理業者は、国土交通大臣に登録している事務所の所在地を変更したの で、変更のあった日の21日後に、その旨を国土交通大臣に届け出た。,マンション管理業者は、管理組合から委託を受けた管理事務のうち、当該管理組合 の会計の収入及び支出の調定に関する事務を、当該マンション管理業者とは別のマン ション管理業者に再委託をした。,マンション管理業者は、裁判において証人尋問を受けた際、その業務に関して知り 得た移密について証言した。,マンション管理業者は、管理組合から管理事務の委託を受けることを内容とする契 約を締結したときに、マンション管理適正化法第73条に定める事項を記載した書面を 作成し、自らが当該管理組合の管理者等であったので、当該管理組合を構成するマン ションの区分所有者等に代わって管理者等として当該書面の交付を受けた。 29,4,FALSE,FALSE,,（解説は未入力です。）,,,,,
2009,平成21年度,50,single,判例・横断総合,h21;single_choice;direct_question;parsed,財産の分別管理に関する次の記述のうち、マンション管理適正化法に違反しないものはどれか。ただし、マンション管理業者は、当該管理組合の管理者等でないものとする。,,,,,,保証契約（マンション管理適正化法施行規則第53条第1項第11号に規定する保証契 約をいう。以下本問において同じ。）を締結したマンション管理業者が、収納代行方 式により管理組合の修繕積立金等金銭を管理するときに、修繕積立金等金銭をマンシ ョン管理業者を名義人とする口座に預入し、当該修繕積立金等を徴収してから1月以 内に、このうち修繕積立金のみを、当該管理組合又はその管理者等（以下本問におい て「管理組合等」という。）を名義人とする口座に移し換えた。,管理組合に管理者等が置かれている場合において、マンション管理業者が保証契約 を締結せずに、修繕積立金等金銭を、管理組合等を名義人とする口座において預貯金 として管理し、その預貯金通帳と印鑑を同時に管理している。,保証契約を締結したマンション管理業者が、支払一任代行方式により管理組合の修 繕積立金等金銭を管理するときに、修繕積立金等金銭を管理組合等を名義人とする口 座に預入し、当該修繕積立金等を徴収してから1月以内に、このうち修繕積立金のみ を、当該管理組合等を名義人とする修繕積立金を管理するための別の口座に移し換え た。,管理組合の修繕積立金等が有価証券であったため、マンション管理業者は、金融機 関において、当該有価証券を他の管理組合の有価証券と同一の保管場所で管理してい る。 30,3,FALSE,FALSE,,（解説は未入力です。）,,,,,
2010,平成22年度,1,single,判例・横断総合,h22;single_choice;direct_question;parsed,マンション（マンションの管理の適正化の推進に関する法律（平成12年法律第149号。以下「マンション管理適正化法」という。）第2条第1号に規定するものをいう。以下同じ。）の建物及び敷地の共有持分の割合に関する次の記述のうち、民法及び建物の区分所有等に関する法律（昭和37年法律第69号。以下「区分所有法」という。）の規定によれば、誤っているものはどれか。,,,,,,専有部分が共有されている場合に、各共有者の持分の割合は、相等しいものと推定 される。,共用部分の各共有者の持分の割合は、その有する専有部分の床面積の割合によるが、 規約で別段の定めをすることを妨げない。,一部共用部分の各共有者の持分の割合は、その有する専有部分の床面積の割合によ るが、規約で別段の定めをすることを妨げない。,敷地の各共有者の持分の割合は、その有する敷地上の建物の専有部分の床面積の割 合によるが、規約で別段の定めをすることを妨げない。,4,FALSE,FALSE,,（解説は未入力です。）,,,,,
2010,平成22年度,2,single,判例・横断総合,h22;single_choice;direct_question;parsed,マンションの管理組合A（以下本間において「A」という。）とマンション管理業者（マンション管理適正化法第2条第8号に規定する者をいう。以下同じ。）であるB（以下本問において「B」という。）との間で管理委託契約が締結された場合に関する次の記述のうち、民法の規定によれば、正しいものはどれか。,,,,,,A及びBの債務が共に弁済期にある場合には、Aは、Bが委託業務に係る債務の履 行の提供前であっても、委託業務費の支払債務の履行を拒むことができない。,Bが、A及びB双方の責めに帰することができない事由によって委託業務に係る債 務を履行することができなくなったときには、Bは、Aに対して、委託業務費の半分 の支払いを請求することができる。,Bが、Aの責めに帰すべき事由によって委託業務に係る債務を履行することができ なくなったときには、Bは、Aに対して、委託業務費の支払いを請求することができ る。,Aが、Bに対して、管理委託契約の解除の意思表示をした場合でも、Aは、その意 思表示を撤回することができる。 1,3,FALSE,FALSE,,（解説は未入力です。）,,,,,
2010,平成22年度,3,single,判例・横断総合,h22;single_choice;direct_question;parsed,民法で定める代理人と区分所有法で定める管理者は理事を比較した場合に関する次の記述のうち、民法及び区分所有法の規定によれば、正しいものはどれか。,,,,,,民法上の代理人の行った権限内の代理行為の効力は、本人に対して生じ、管理者の 行った職務の範囲内の行為の効力は、区分所有者に対して生ずる。,権限の定めのない民法上の代理人は、保存行為をする権限を有しないが、管理者は、 保存行為をする権限を有する。,管理組合法人においては、理事が民法でいう代理人に該当し、管理組合法人が民法 でいう本人に該当する。,民法上の代理人が損害保険契約をするためには本人から代理権を授与される必要が あるが、管理者は、権限内の行為として自己の判断により共用部分につき損害保険契 約をすることができる。,1,FALSE,FALSE,,（解説は未入力です。）,,,,,
2010,平成22年度,4,count,判例・横断総合,h22;count;count;parsed,甲マンション（以下本問において「甲」という。）の管理組合A（以下本問において「A」という。）と株式会社B（以下本問において「B」という。）との間におけるアからエの各事項のうち、民法の規定によれば、Aの管理者であり、かつ、Bの代表取締役であるC（以下本間において「C」という。）が、Aの事前の許諾を得ることなく行うことができるものはいくつあるか。ア Cが、BとAとの間で、甲の補修工事につき請負契約を締結すること。イCが管理者となる前にAとBとの間で有効に成立した管理委託契約に基づいて、Bに委託業務費の支払いをすること。ウ 甲の電気設備の設置工事につきAとBとの間で請負契約を締結した際に、Cが、AのBに対する同契約に基づく請負代金債務について保証人となること。Cが、BとAとの間で、Bの製造した高性能の防犯カメラを市価の半額でAに販売し、無償で甲への設置工事を行う契約を締結すること。,,,,,,一つ,二つ,三つ,四つ 2,2,FALSE,FALSE,,（解説は未入力です。）,,,,,
2010,平成22年度,5,single,判例・横断総合,h22;single_choice;direct_question;parsed,マンションにおいて、その建物又は敷地上の工作物若しくは樹木についての設置・保存又は栽植の症により、他人に損害が発生した場合に関する次の記述のうち、民法及び区分所有法の規定によれば、正しいものはどれか。,,,,,,建物の設置又は保存の瑕疵により他人に損害が発生した場合には、その瑕症は共用 部分の設置又は保存の瑕疵とみなされるので、瑕疵の所在部分を問わず、当該マンシ ョンの管理組合が損害賠償責任を負う。,敷地上の木の栽植の瑕疵により他人に損害が発生した場合に、木は土地の工作 物ではないので、木の栽植を行った者が損害賠償責任を負い、木の占有者は責任 を負わない。,建物の専有部分を賃借人が占有している場合に、その専有部分の瑕疵により他人に 損害が発生したときには、その賃借人が損害賠償責任を負い、区分所有者である賃貸 人が責任を負うことはない。,区分所有者が自ら居住している建物の設置又は保存の瑕疵により他人に損害が発生 した場合において、損害の原因について当該区分所有者以外の者にその責任を負う者 があるときでも、当該区分所有者は責任を免れるわけではない。 3,4,FALSE,FALSE,,（解説は未入力です。）,,,,,
2010,平成22年度,6,count,判例・横断総合,h22;count;count_correct;parsed,マンションの管理組合A（以下本問において「A」という。）とマンション管理業者B（以下本問において「B」という。）との間で管理委託契約（以下本問において「本件契約」という。）が締結された場合に関する次の記述のうち、民法の規定によれば、正しいものはいくつあるか。ア 本件契約がAの管理者であるCの錯誤に基づいて締結された場合には、Aは、Cに重大な過失があるときでも、同契約の無効を主張することができる。イかってAの管理者であったが、現在は管理者でないCが、自ら管理者と称して本件契約を締結した場合に、BがCを管理者であると信じ、かつ無過失であったときには、Bは、同契約が有効であることを主張することができる。ウ 本件契約がAとBとの通謀虚偽表示に当たる場合であっても、当事者間においては同契約の効力は妨げられない。エ 本件契約がAの管理者であるCによって締結された場合に、Cが制限行為能力者であっても、同契約の効力は妨げられない。,,,,,,一つ,二つ,三つ,四つ,2,FALSE,FALSE,,（解説は未入力です。）,,,,,
2010,平成22年度,7,single,判例・横断総合,h22;single_choice;most_inappropriate;parsed,宅地建物取引業者（宅地建物取引業法（昭和27年法律第176号）第2条第3号に規定する者をいう。以下同じ。）が、マンションの管理組合の組合員から、当該組合員が所有する専有部分の売却の依頼を受け、その媒介等の業務のために、マンション管理業者に確認を求めてきた場合の当該管理組合に代わって行うマンション管理業者の対応に関する次の記述のうち、マンション標準管理委託契約書及びマンション標準管理委託契約書コメント（平成21年10月2日国総動指第30号。国土交通省建設流通政策審議官通知。以下「マンション標準管理委託契約書」という。）の定めによれば、最も不適切なものはどれか。,,,,,,当該組合員が滞納している管理費及び修繕積立金等の額について開示を求めてきた ときは、個人情報保護の観点から開示はせず、管理組合に直接確認するよう求めるべ きである。,マンション管理業者が提供・開示できる範囲は、原則として管理委託契約書に定め る範囲となるため、一般的にマンション内の事件、事故等の情報は、売主又は管理組 合に確認するよう求めるべきである。,本マンションの管理規約の提供を求めてきたときは、管理組合に代わって、当該管 理規約の写しを提供する。,本マンション（専有部分を除く。）の修繕の実施状況について開示を求めてきたと きは、管理組合に代わって、書面をもって開示する。,1,FALSE,FALSE,,（解説は未入力です。）,,,,,
2010,平成22年度,8,single,判例・横断総合,h22;single_choice;most_appropriate;parsed,管理組合A（以下本問において「A」という。）とマンション管理業者B（以下本問において「B」という。）との間で締結した管理委託契約における管理費等の出納業務に関する次の記述のうち、マンション標準管理委託契約書の定めによれば、最も適切なものはどれか。,,,,,,Aの組合員の管理費等の滞納状況については、Aの運営上重要であることから、2 月ごとに1回、Aに報告する。,保証契約を締結してAの収納口座とAの保管口座を設ける場合は、保証契約の内容 として、保証契約の額及び範囲、保証契約の期間、更新に関する事項、解除に関する 事項、免責に関する事項、保証額の支払に関する事項をそれぞれ管理委託契約書に記 載する。,Bが管理費等の収納事務を集金代行会社に再委託する場合は、管理委託契約書に当 該委託先である集金代行会社の名称を記載しなければならないが、その所在地につ いては記載する必要がない。,保証契約を締結する必要がないときにAの収納口座とAの保管口座を設ける場合に おいて、保管口座については当該口座に係る通帳、印鑑等の保管者を管理委託契約書 に明記することにしているが、収納口座についてはその必要はない。,2,FALSE,FALSE,,（解説は未入力です。）,,,,,
2010,平成22年度,9,count,判例・横断総合,h22;count;count;parsed,マンション（専有部分を除く。）の維持又は修繕に関する企画又は実施の調整の業務に関する次の記述のうち、マンション標準管理委託契約書の定めによれば、不適切なものはいくつあるか。ア 長期修繕計画案の作成及び見直しは、長期修繕計画標準様式、長期修繕計画作成ガイドライン、長期修繕計画作成ガイドラインコメント（平成20年6月国土交通省公表）を参考にして作成することが望ましい。イ管理事務を受託しているマンション管理業者は、管理事務を実施する上で当該マンションの劣化等の状況を把握することができることから、長期修繕計画案の作成業務及び建物・設備の劣化状況などを把握するための調査・診断を実施し、その結果に基づき行う当該計画の見直し業務は、管理委託契約に含めて実施することが望ましい。ウマンション管理業者は、管理組合の長期修繕計画の見直しのため、管理事務を実施する上で把握した当該マンションの劣化等の状況に基づき、当該計画の修繕工事の内容、実施予定時期、工事の概算費用等に、改善の必要があると判断した場合には、書面をもって管理組合に助言する。エ 大規模修繕工事実施設計及び工事監理業務をマンション管理業者に委託するときは、管理委託契約とは別個の契約とすることが望ましい。,,,,,,一つ,二つ,三つ,四つ 7,1,FALSE,FALSE,,（解説は未入力です。）,,,,,
2010,平成22年度,10,combination,判例・横断総合,h22;combination;direct_question;parsed,マンションの管理費の滞納に対する対策及びその法的手続に関する次の記述のうち、民法及び民事訴訟法（平成8年法律第109号）の規定によれば、誤っているもののみの組合せはどれか。ア滞納額が、60万円以下の場合は、通常の民事訴訟でなく、少額訴訟制度（民事訴訟法の「少額訴訟に関する特」）によらなければならない。イ管理費の滞納者が死亡した場合、当該マンションに居住しているか否かにかかわらず、その相続人が管理費債務を承継する。ウ 管理費を滞納している区分所有者が、民事再生手続開始の決定（民事再生法（平成11年法律第225号）の「再生手続開始の決定」）を受けた場合でも、管理費の消滅時効は中断しない。工管理費の滞納者が行方不明になった場合、公示送達により訴状を送達することにより訴訟を係属させることができる。オ管理費の滞納者に対して内容証明郵便による催告を行った場合、6箇月以内に再び催告を行えば、時効中断の効力は失われない。,,,,,,ア・オ,ア・エ,イ・オ,ウ・エ 8,1,FALSE,FALSE,,（解説は未入力です。）,,,,,
2010,平成22年度,11,single,判例・横断総合,h22;single_choice;most_inappropriate;parsed,管理費の滞納者に対する管理組合の制裁措置に関する次の記述のうち、最も不適切なものはどれか。,,,,,,管理費を1年分以上満納した者について、滞納金額を発表すること及び納入の意思 があれば公表を控えることを通知したうえで、その通知後2月が経過した時点で該当 者の氏名をマンション内の掲示板に掲示した。,区分所有者全員の氏名が記載された管理費支払状況に関する資料を管理組合の定時 総会において配布する旨を当該総会の1月前に予告したうえで、総会において滞納者 の氏名が分かる結果となる資料を配布した。,3月分以上の滞納者については、玄関の鍵を交換し、居室内に立ち入ることができ ない旨を規約に定め、3月分以上の滞納者に2度にわたる督促のうえ、滞納者の同意 なく鍵を交換した。,管理規約の定めや総会における決議がないにもかかわらず、滞納者に対し、年5パ ーセントの遅延損害金を付加して請求した。,3,FALSE,FALSE,,（解説は未入力です。）,,,,,
2010,平成22年度,12,single,判例・横断総合,h22;single_choice;most_appropriate;parsed,区分所有者が納入する修繕積立金の取崩しに関する次の記述のうち、マンション標準管理規約及びマンション標準管理規約コメント（単棟型）（平成16年1月23日国総動第232号・国住マ第37号。国土交通省総合政策局長・同住宅局長通知。以下「マンション標準管理規約」という。）の定めによれば、最も適切なものはどれか。,,,,,,修繕積立金は、周期的かつ計画的に行われる大規模な修繕等の将来の支出に備える ために積み立てられるが、管理費の滞納により通常の管理のための資金が不足する場 合は、理事会の決議により修繕積立金を管理費に流用することができる。,長期修繕計画の作成等のための劣化診断（建物診断）に要する経費の充当について は、管理組合の財政状態等に応じて管理費又は修繕積立金のどちらからでも取り崩す ことができる。,分譲会社が分譲時において将来の計画修繕に要する経費に充当していくため、一括 して購入者より修繕積立基金として徴収している場合は、特に区分経理する必要はな い。,共用設備の保守、維持に要する経費は、修繕積立金を取り崩して充することがで きる。 9,2,FALSE,FALSE,,（解説は未入力です。）,,,,,
2010,平成22年度,13,single,判例・横断総合,h22;single_choice;violation_single;parsed,修繕積立金等が金銭である場合における財産の分別管理の方法に関する次の記述のうち、マンション管理適正化法に違反するものはどれか。なお、保管口座及び収納・保管口座は管理組合を名義人とする。,,,,,,マンションの区分所有者等から徴収された修繕積立金等金銭を収納・保管口座に預 入し、当該収納・保管口座において預貯金として管理する方法。,マンションの区分所有者等から徴収された修繕積立金等金銭を収納口座に預入し、 毎月、その月分として徴収された修繕積立金等金銭から当該月中の管理事務に要した 費用を控除した残額を、翌月末日までに収納口座から保管口座に移し換え、当該保管 口座において預貯金として管理する方法。,マンション管理業者が保証契約を締結した場合において、マンションの区分所有者 等から徴収された修繕積立金等金銭をマンション管理業者を名義人とする収納口座に 預入し、当該収納口座において預貯金として管理する方法。,マンションの区分所有者等から徴収された修繕積立金を保管口座に預入し、当該口 座において預貯金として管理するとともに、マンションの区分所有者等から徴収され た管理費を収納口座に預入し、毎月、その月分として徴収された管理費から当該月中 の管理事務に要した費用を控除した残額を、翌月末日までに収納口座から保管口座に 移し換え、当該保管口座において預貯金として管理する方法。 10,3,FALSE,FALSE,,（解説は未入力です。）,,,,,
2010,平成22年度,14,single,判例・横断総合,h22;single_choice;direct_question;parsed,"管理組合の活動における以下の取引に関して、平成22年3月分の仕訳として正しいものは次のうちどれか。ただし、この管理組合の会計年度は、4月1日から翌年3月31日までとし、期中の取引において、企業会計原則に基づき厳格な発生主義によって経理しているものとする。（取引）った。平成22年3月31日に、次の内容の諸費用450,000円を普通預金から振込みにより支払（諸費用支払明細）雑排水管清掃費（平成22年2月実施、2月請求、3月支払分）水道光熱費（平成22年3月分）ボイラー修繕費（平成22年4月実施予定、3月前払分）100,000円150,000円200,000円（借方）未払金水道光熱費前払金（借 方）未払金水道光熱費修繕費（借方）清掃費水道光熱費前払金（借方）清掃費水道光熱費修繕費（貸方）普通預金（単位：円）450,000100,000150,000200,000（貸方）普通預金100,000150,000200,000450,000（貸方）普通預金100,000150,000200,000450,000（貸方）普通預金100,000150,000200,000450,000",,,,,,"借方 未払金 100,000・水道光熱費 150,000・前払金 200,000 貸方 普通預金 450,000","借方 未払金 100,000・水道光熱費 150,000・修繕費 200,000 貸方 普通預金 450,000","借方 清掃費 100,000・水道光熱費 150,000・前払金 200,000 貸方 普通預金 450,000","借方 清掃費 100,000・水道光熱費 150,000・修繕費 200,000 貸方 普通預金 450,000",1,FALSE,FALSE,,（解説は未入力です。）,,,,,
2010,平成22年度,15,single,判例・横断総合,h22;single_choice;direct_question;parsed,"管理組合の活動における以下の取引に関して、平成22年3月分の仕訳として正しいものは次のうちどれか。ただし、この管理組合の会計年度は、4月1日から翌年3月31日までとし、期中の取引において、企業会計原則に基づき厳格な発生主義によって経理しているものとする。（取引）平成22年3月に、マンションの高架水槽の撤去と給水管更新工事を行い、工事会社から以下の内容の請求書が届いた。なお、支払いは同年5月末日の予定である。（請求内訳）高架水槽撤去工事費給水管更新工事費合計500,000円2,000,000円2,500,000円",,,,,,（借方） 建牣附属設備,（借方） 未払金,"（借方） 未払金 2,500,000 2,500,000 2,500,000","（借方） 固定資産除却損 建牣附属設備 （貸方） 未払金 （貸方） 建物附属設備 （貸方） 固定資産除却損 建牣附属設備 （貸方） 未払金 （単位：円） 2500,000 2,500,000 500.000 2,000,000 500,000 2,000,000 2,500,000 12",4,FALSE,FALSE,,（解説は未入力です。）,,,,,
2010,平成22年度,16,count,判例・横断総合,h22;count;count_correct;parsed,"管理組合の税務に関する次の記述のうち、税法の規定によれば、正しいものはいくつあるか。アマンション敷地内の駐車場を当該マンションの管理組合の組合員に使用させることから生じる駐車場収入については、消費税の課税対象とはならず、課税売上高を構成しない。イ管理組合は、地方税のうち、都道府県民税及び市町村民税について条例等で免除又は減免される場合を除き、法人格の有無にかかわらず、均等割の税率により課税される。ウ 消費税法上、管理組合の基準年度における組合員以外からの駐車場収入が980万円、臨時収入である備品の譲渡による売上高45万円があった場合、合計1,025万円の課税売上高となるので、年度は納税義務者となり消費税を納入する必要がある。工管理組合が支払う共用部分に係る火災保険料等の損害保険料は、課税取引となるので、消費税が課税される。",,,,,,一つ,二つ,三つ,四つ 13,3,FALSE,FALSE,,（解説は未入力です。）,,,,,
2010,平成22年度,17,combination,判例・横断総合,h22;combination;direct_question;parsed,建築基準法（昭和25年法律第201号）第1条に規定されている同法の目的に関する次の記述の（ア）から（ウ）に入る用語の組合せとして、正しいものはどれか。この法律は、建築物の（ア）、構造、設備及び用途に関する（イ）基準を定めて、国民の（ウ）、健康及び財産の保護を図り、もって公共の福祉の増進に資することを目的とする。,,,,,,"A=意匠, B=標準となる, C=生命","A=敷地, B=標準となる, C=利便性","A=意匠, B=最低の, C=利便性","A=敷地, B=最低の, C=生命",4,FALSE,FALSE,,（解説は未入力です。）,,,,,
2010,平成22年度,18,single,判例・横断総合,h22;single_choice;most_appropriate;parsed,コンクリートの特徴に関する次の記述のうち、最も適切なものはどれか。,,,,,,温度上昇に伴う膨張の程度が鋼材とほぼ等しいため、鋼材との相性がよい。,乾燥収縮が小さく、ひび割れが生じにくい。,耐火性に優れており、引張強度が大きい。,自由な成形が可能であるが、圧縮強度は小さい。 14,1,FALSE,FALSE,,（解説は未入力です。）,,,,,
2010,平成22年度,19,combination,判例・横断総合,h22;combination;direct_question;parsed,建築士法（昭和25年法律第202号）の規定により、構造設計一級建築士が構造設計を行うか、又は構造設計一級建築士に構造関係規定に適合するかどうかの確認を求めなければならない建築物に関する次の記述の（ア）から（ウ）の中に入る数値の組合せとして、正しいものはどれか。建築士法第3条第1項の規定により一級建築士でなければ設計等を行うことができない建築物のうち、高さが（ア） mを超える建築物はすべて該当し、高さが（ア） m以下の建築物であっても、鉄筋コンクリート造・鉄骨鉄筋コンクリート造にあっては高さが（イ）mを超えるものであって2以上の階数を有し、又は延べ面積が200mを超えるもの及び鉄骨造にあっては地階を除く階数が（ウ） 以上であるものは該当する。,,,,,,"A=0, B=30, C=4","A=50, B=25, C=5","A=60, B=20, C=4","A=60, B=15, C=5",3,FALSE,FALSE,,（解説は未入力です。）,,,,,
2010,平成22年度,20,single,判例・横断総合,h22;single_choice;most_appropriate;parsed,飲料用水槽の耐震及び地震対策に関する次の記述のうち、最も適切なものはどれか。耐震クラスは、一般にS、A、Bに分けられるが、マンションでは、最も性能の低いクラスSが標準として採用されている。2 一般的な耐震設計法（局部震度法）で使用される標準設計震度は、地震力が直接作用する1階及び地階で最も大きいものとなっている。3 平成7年の阪神・淡路大震災後に行われた水槽の耐震設計基準見直しにより、スロッシング（水槽に周期的な振動が加わった際に生じる水面が大きくうねる現象）対策を施すこととなった。4 受水槽の出口側給水口端に緊急遮断弁を設けることはできるが、直接水を採取できる弁（水栓）を設けることは適切でない。,,,,,,耐震クラスは、一般にS、A、Bに分けられるが、マンションでは、最も性能の低いクラスSが標準として採用されている。,一般的な耐震設計法（局部震度法）で使用される標準設計震度は、地震力が直接作用する1階及び地階で最も大きいものとなっている。,平成7年の阪神・淡路大震災後に行われた水槽の耐震設計基準見直しにより、スロッシング（水槽に周期的な振動が加わった際に生じる水面が大きくうねる現象）対策を施すこととなった。,受水槽の出口側給水口端に緊急遮断弁を設けることはできるが、直接水を採取できる弁（水栓）を設けることは適切でない。,3,FALSE,FALSE,,（解説は未入力です。）,,,,,
2010,平成22年度,21,single,判例・横断総合,h22;single_choice;most_appropriate;parsed,住戸への電気引込み及び住戸ごとに設置される住宅用分電盤に関する次の記述のうち、最も適切なものはどれか。,,,,,,一般住宅への配線方式には、単相2線式と単相3線式があるが、単相3線式の場合 には中性線欠相保護機能付きにすべきとされている。,住宅用分電盤内には、サービスブレーカー （アンペアブレーカーとも呼ばれてい る。）、漏電遮断器、安全ブレーカーが設置されているが、これらはすべて電力会社の 所有物である。,最近のマンションの住戸への電気引込みでは、100Vと200Vを同時に供給できる単 相2線式が主流となってきている。,住宅用分電盤の設置工事は、第1種電気工事士又は第2種電気工事士が行わなけれ ばならないが、安全ブレーカーの増設や変更は第1種電気工事士又は第2種電気工事 土でなくても行うことができる。,1,FALSE,FALSE,,（解説は未入力です。）,,,,,
2010,平成22年度,22,single,判例・横断総合,h22;single_choice;most_appropriate;parsed,共同住宅で一定の要件を満たすものについて、消防用設備等の特例を認める「特定共同住宅等における必要とされる防火安全性能を有する消防の用に供する設備等に関する省令」（平成17年総務省令第40号）に関する次の記述のうち、最も適切なものはどれか。,,,,,,特定共同住宅等には、レストラン及びコンビニエンスストアが入っている複合用途 の共同住宅も含まれる。,特定共同住宅等の種類の構造類型としては、「二方向避難型特定共同住宅等」、「開 放型特定共同住宅等」、「二方向避難・開放型特定共同住宅等」及び「その他の特定共 同住宅等」の4つがある。,特定共同住宅等の種類は構造類型による区分のみで、階数による区分はない。,消防法施行令（昭和36年政令第37号）第29条の4第1項の規定により「通常用いら れる消防用設備等」に代えて用いることができることとされている「必要とされる防 火安全性能を有する消防の用に供する設備等」には、住宅用火器及び消火器具は含 まれない。 16,2,FALSE,FALSE,,（解説は未入力です。）,,,,,
2010,平成22年度,23,single,判例・横断総合,h22;single_choice;most_inappropriate;parsed,マンションの給水方式に関する次の記述のうち、最も不適切なものはどれか。,,,,,,高置水槽方式の給水圧力は、変動が少なく安定している。,受水槽方式の場合は、敷地内配管は水道法（昭和32年法律第177号）による給水装 置の適用を受けない。,受水槽方式の一つであるポンプ直送方式では、一般に小流量時用の圧力タンクを設 けている。,直結増圧方式は、受水槽・高置水槽が不要なため、スペースの有効利用や水道本管 の圧力の利用によるエネルギー低減などのメリットも多いが、断水すると水の供給が 得られなくなる。,2,FALSE,FALSE,,（解説は未入力です。）,,,,,
2010,平成22年度,24,single,判例・横断総合,h22;single_choice;most_inappropriate;parsed,給水・給湯用配管材料に関する次の記述のうち、最も不適切なものはどれか。,,,,,,亜鉛めっき鋼管は、給水管として多用されてきたが、現在では給水用にはほとんど 用いられていない。,硬質塩化ビニルライニング鋼管は、鋼管の内部に硬質塩化ビニル管が挿入されたも ので、塩化ビニルの耐食性と鋼管の剛性との長所を併せ持っている。,耐熱性硬質塩化ビニル管は、耐食性に優れ、接着接合で施工が容易であるが、直射 日光、衝撃、凍結には弱い。,水道用ポリブテン管、水道用架橋ポリエチレン管は、いずれも高温では強度が急激 に低下するため、給湯用配管には用いることはできない。 17,4,FALSE,FALSE,,（解説は未入力です。）,,,,,
2010,平成22年度,25,single,判例・横断総合,h22;single_choice;most_appropriate;parsed,マンションの電力設備に関する次の記述のうち、最も適切なものはどれか。,,,,,,マンションの共用部分への電灯と電力（動力）の引込み電力の合計が50kW未満の 場合は、原則として＜圧受電の一般用電気工作物となる。,電気事業の用に供する事業用電気工作物は、工事等の諸届出、技術基準の適合など 厳しく規制されるが、自家用電気工作物にはそのような規制はない。,出力25kWの太陽電池発電設備は、一般用電気工作物となる。,高圧受電で借室方式又は借棟方式を採用している場合には、受電容量に制限が設け られている。,1,FALSE,FALSE,,（解説は未入力です。）,,,,,
2010,平成22年度,26,single,判例・横断総合,h22;single_choice;most_appropriate;parsed,1階がピロティ形式となっている5階建鉄筋コンクリート造マンションの耐震補強方法として、最も適切なものはどれか。,,,,,,階ピロティ部分の柱に炭素繊維シートを巻きつける。,2階から4階の外壁部分に鉄骨製のブレースを取り付ける。,1階のピロティ部分開口部に軽量コンクリートブロックを積み上げる。,5階の構造体部分に制振ダンパーを設置する。 18,1,FALSE,FALSE,,（解説は未入力です。）,,,,,
2010,平成22年度,27,combination,判例・横断総合,h22;combination;most_inappropriate;parsed,マンションにおける法定点検の対象となる建物・設備とその点検を行うことができる資格者の組合せとして、次のうち最も不適切なものはどれか。法定点検の対象部分となる建物・設備建築基準法第12条第1項に規定する特殊建築物定期調査を実施する場合の「建築物の外部」建築基準法第12条第3項に規定する特殊建築物の建築設備定期検査を実施する場合の「非常用の照明装置」建築基準法第12条第 3項に規定する特殊建築物の建築設備定期検査を実施する場合の「昇降機（エレベーター）」消防法（昭和23年法律第186号）第17条の3の3に規定する消防用設備等の点検を実施する場合の「スプリンクラー設備」資格者一級建築士第1種電気工事士二級建築士甲種消防設備士（第1類）,,,,,,法定点検の対象部分: 建築基準法第12条第1項に規定する特殊建築物定期調査を実施する場合の「建築物の外部」 資格者: 一級建築士,法定点検の対象部分: 建築基準法第12条第3項に規定する特殊建築物の建築設備定期検査を実施する場合の「非常用の照明装置」 資格者: 第1種電気工事士,法定点検の対象部分: 建築基準法第12条第3項に規定する特殊建築物の建築設備定期検査を実施する場合の「昇降機（エレベーター）」 資格者: 二級建築士,法定点検の対象部分: 消防法第17条の3の3に規定する消防用設備等の点検を実施する場合の「スプリンクラー設備」 資格者: 甲種消防設備士（第1類）,2,FALSE,FALSE,,（解説は未入力です。）,,,,,
2010,平成22年度,28,single,判例・横断総合,h22;single_choice;most_inappropriate;parsed,排水管の洗浄方法の一般的名称に関する次の記述のうち、最も不適切なものはどれか。,,,,,,高圧洗浄法とは、ホース先端のノズルから噴射する高速噴流により管内付着物等を 除去する方法である。,スネークワイヤー法とは、スクリュー形、ブラシ形等のヘッドを先端に取り付けた ワイヤーを管内に挿入し、回転や押し引きによって付着物等を除去する方法である。,ロッド法とは、長い棒をつなぎ合わせたものを手動で管内に挿入して閉塞物等を除 去する方法である。,ウォーターラム法とは、閉塞した管内に洗浄剤を投入し、続いて温水を送り込み、 閉塞物等を溶解することにより除去する方法である。 19,4,FALSE,FALSE,,（解説は未入力です。）,,,,,
2010,平成22年度,29,single,判例・横断総合,h22;single_choice;direct_question;parsed,管理組合法人に関する次の記述のうち、区分所有法の規定によれば、誤っているものはどれか。,,,,,,理事が数人あるときは、各自管理組合法人を代表する。,監事は、理事の業務執行に不正があると認めるときは、集会を招集し、理事解任の 議案を提出しなければならない。,区分所有者名簿を備え置き、区分所有者の変更があるごとに必要な変更を加えなけ ればならない。,管理組合法人と理事の利益が相反する事項については、監事が管理組合法人を代表 する。,2,FALSE,FALSE,,（解説は未入力です。）,,,,,
2010,平成22年度,30,single,判例・横断総合,h22;single_choice;direct_question;parsed,次に掲げる者のうち、区分所有法及びマンション標準管理規約の定めによれば、総会への出席を拒否される者として最も可能性が高いものはどれか。,,,,,,「マンション管理業者との管理委託契約の締結について」が議題になっている総会 において、管理費等の収納方法変更の説明を理事会から求められたマンション管理業 者の従業員,「管理費等の値上げについて」が議題になっている総会において、これに反対する 組合員から代理人として出席を依頼され、委任状を受け取った賃借人,「ペット飼育の制限について」が議題になっている総会において、室内犬を飼育し ている組合員から代理人として出席を依頼され、委任状を受け取ったその組合員と同 居していない親族,「占有者に対する引渡し請求訴訟の提起について」が議題になっている総会に、出 席しようとしている共同の利益に反する行為を繰り返している該占有者である賃借 人 20,3,FALSE,FALSE,,（解説は未入力です。）,,,,,
2010,平成22年度,31,single,判例・横断総合,h22;single_choice;direct_question;parsed,あるマンションにおける次の管理規約の定めのうち、区分所有法の規定によれば、無効とされるものはどれか。,,,,,,総会の議事録は、その会議の状況を録音したテープの保存をもって、書面による作 成に代えることができる。,管理規約改正時の管理規約原本は、これを決議した時の役員全員が署名押印したも のとする。,区分所有者の6分の1以上で議決権の6分の1以上を有するものは、管理者に対し、 会議の目的たる事項を示して、総会の招集を請求することができる。,特別決議事項に関する議決権割合は専有部分の床面積割合によるものとし、普通決 議事項に関する議決権割合は1住戸 1議決権とする。,1,FALSE,FALSE,,（解説は未入力です。）,,,,,
2010,平成22年度,32,count,判例・横断総合,h22;count;count;parsed,共用部分に係る次の工事のうち、マンション標準管理規約の定めによれば、総会の普通決議でできるものはいくつあるか。ア玄関扉一斉交換工事イ不要となった高置水槽の撤去工事ウ機械式駐車場を平置き駐車場にする工事エ 防犯カメラ設置工事オマンション中庭の緑地を削って集会室を設置する工事カ エレベーター設備更新工事,,,,,,一つ,二つ,三つ,四つ,4,FALSE,FALSE,,（解説は未入力です。）,,,,,
2010,平成22年度,33,single,判例・横断総合,h22;single_choice;most_appropriate;parsed,給水管本管と枝管（専有部分であるものを含む。）を一体的に取り替える工事に関する次の記述のうち、区分所有法及びマンション標準管理規約の定めによれば、最も適切なものはどれか。,,,,,,当該工事を行うには、総会の特別決議が必要である。,当該工事を総会で決議した場合には、管理組合は、当然に組合員の居室に立入るこ とができる。,当該工事を総会で決議した場合も、配管の取替え等に要する費用のうち専有部分に 係るものについては、各組合員が実費に応じて負担すべきである。,室内リフォーム等で既に枝管を取り替えた組合員には、特別の影響が及ぶので、当 該工事について当該組合員の承諾が必要である。,3,FALSE,FALSE,,（解説は未入力です。）,,,,,
2010,平成22年度,34,single,判例・横断総合,h22;single_choice;most_appropriate;parsed,マンション標準管理規約に即した管理規約を定めているあるマンションの総会の決議に関する委任又は委任状の取扱いに関する次の記述のうち、最も適切なものはどれか。,,,,,,氏名欄に署名はあるが、押印がなかったので、有効な委任状として取り扱わなかっ た。,委任状の提出がなかったが、組合員からの電話で理事長に委任する旨の連絡をもら ったので、理事長の賛否に従い、賛成票として数えた。,欠席通知と理事長に委任する旨の委任状をあらかじめ提出していた組合員が出席し たので、理事長の賛否ではなく、出席時の当該組合員の賛否に従った。,委任状に「出席者の多数意見に従います。」と記載されていたので、出席者の賛否 を問い、賛成多数であったので、賛成票として数えた。 22,3,FALSE,FALSE,,（解説は未入力です。）,,,,,
2010,平成22年度,35,count,判例・横断総合,h22;count;count;parsed,あるマンションにおける次の管理規約の改正内容と、改正に際し、その承諾を得なければならない特別の影響を受ける区分所有者の組合せのうち、適切なものはいくつあるか。アイウエ管理規約の改正内容マンション敷地内で野良猫の餌やりを禁止する定めを新設共用部分の共有持分に応じて算出されている管理費について、利用状況にかかわらず法人である区分所有者を個人である区分所有者の2倍とする定めに改正分譲業者から 1区画100万円で購入していた駐車場使用権について、それを消滅させる改正午後8時以降にピアノ演奏をするには防音工事を施さなければならないとする定めを新設特別の影響を受ける区分所有者当該マンション敷地内で野良猫に餌やりをしている区分所有者住居として使用している法人である区分所有者該駐車場専用使用権を有する区分所有者ピアノを日常的に演奏する区分所有者,,,,,,一つ,二つ,三つ,四つ,2,FALSE,FALSE,,（解説は未入力です。）,,,,,
2010,平成22年度,36,single,判例・横断総合,h22;single_choice;direct_question;parsed,次に掲げる事項のうち、マンション標準管理規約の定めによれば、理事会の決議のみで行うことができないものはどれか。,,,,,,専有部分の修繕等に関する承認又は不承認,規約違反者に対し当該規約違反行為の差止めを求める訴訟の提起に関する承認又は 不承認,使用細則の制定又は変更,専門委員会の設置,3,FALSE,FALSE,,（解説は未入力です。）,,,,,
2010,平成22年度,37,single,判例・横断総合,h22;single_choice;direct_question;parsed,管理者に関する次の記述のうち、区分所有法の規定によれば、正しいものはどれか。,,,,,,規約又は集会の決議によっても、マンション管理業者が管理者になることはできな い。,管理者は、共用部分についての損害保険契約に基づく保険金額並びに共用部分につ いて生じた損害賠償金及び不当利得による返還金の請求及び受領について、区分所有 者を代理する。,管理者は、集会において、毎年一回一定の時期に、その事務に関する報告をしなけ ればならないが、各区分所有者に対する当該事務に関する報告を記した文書の配布を もって、これに代えることができる。,管理者は、必ず集会における議長となる。 24,2,FALSE,FALSE,,（解説は未入力です。）,,,,,
2010,平成22年度,38,single,判例・横断総合,h22;single_choice;direct_question;parsed,集会の議事録に関する次の記述のうち、区分所有法の規定によれば、誤っているものはどれか。,,,,,,議事録を電磁的記録により作成する場合でも、規約にその旨の定めを要しない。,議長が議事録を作成しないときは、20万円以下の過料に処せられる。,議事録は、建物内の見やすい場所に掲示しておかなければならない。,議事録が書面で作成されているときは、議長及び集会に出席した区分所有者2名が これに署名押印しなければならない。,3,FALSE,FALSE,,（解説は未入力です。）,,,,,
2010,平成22年度,39,single,判例・横断総合,h22;single_choice;direct_question;parsed,マンションの建物内の倉庫部分や車庫部分の内部に排気管や雑排水マンホール等の共用設備がある場合であっても、当該建物部分が建物の専有部分となるための基準に関する次の記述のうち、最高裁判所の判例によれば、不適切なものはどれか。当該建物部分の権利者の当該部分の使用によって共用設備の保存及び他の区分所有者らによる利用に影響を及ぼすことがないこと。2 当該建物部分について、専有部分である旨の登記がなされ、かつ、規約において専有部分である旨の定めがあること。3共用設備の当該建物部分に占める割合が小部分にとどまり、それ以外の部分をもって当該建物部分の権利者が独立の建物の場合と実質的に異なるところのない態様の排他的使用に供することができること。4 他の区分所有者らによる共用設備の利用及び管理によって、該建物部分の権利者の排他的使用に格別の制限ないし障害を生ずることがないこと。,,,,,,当該建物部分の権利者の当該部分の使用によって共用設備の保存及び他の区分所有者らによる利用に影響を及ぼすことがないこと。,当該建物部分について、専有部分である旨の登記がなされ、かつ、規約において専有部分である旨の定めがあること。,共用設備の当該建物部分に占める割合が小部分にとどまり、それ以外の部分をもって当該建物部分の権利者が独立の建物の場合と実質的に異なるところのない態様の排他的使用に供することができること。,他の区分所有者らによる共用設備の利用及び管理によって、当該建物部分の権利者の排他的使用に格別の制限ないし障害を生ずることがないこと。,2,FALSE,FALSE,,（解説は未入力です。）,,,,,
2010,平成22年度,40,single,判例・横断総合,h22;single_choice;direct_question;parsed,宅地建物取引業者Aが自ら売主として建物を売却する場合において、宅地建物取引業法第35条の規定により行う重要事項の説明に関する次の記述のうち、同条の規定によれば、誤っているものはどれか。,,,,,,Aは、該建物が土砂災害戒区域等における土砂災害防止対策の推進に関する法 律（平成12年法律第57号）第6条第1項により指定された土砂災害戒区域内にある ときは、その旨を説明しなければならない。,Aは、当該建物が昭和56年5月31日以前に新築の工事に着手したものであるときは、 自らその耐震診断を実施した上で、その結果の内容を説明しなければならない。,Aは、当該建物について、石綿の使用の有無の調査の結果が記録されているときは、 その内容を説明しなければならない。,Aは、当該建物の瑕疵を担保すべき責任の履行に関する責任保険契約を締結してい るときは、その旨だけでなく、その概要についても説明しなければならない。 26,2,FALSE,FALSE,,（解説は未入力です。）,,,,,
2010,平成22年度,41,combination,判例・横断総合,h22;combination;direct_question;parsed,新築分譲マンションの売主が買主に対して行うアフターサービスに関する次の記述のうち、不適切なもののみの組合せはどれか。ア アフターサービスの内容について、売主が遵守しなかった場合は、消費者契約法（平成12年法律第61号）及び宅地建物取引業法に違反することになる。イアフターサービスは、地震や台風等の不可抗力による損壊の場合は、その対象としないことが多い。ウアフターサービスの対象となる部位は、建物の構造耐力上主要な部分及び雨水の浸入を防止する部分に限られず、専有部分内にある設備も含むことが多い。エアフターサービスの内容について、売主が決定するに当たっては、宅地建物取引業の免許権者である国土交通大臣又は都道府県知事の認定を受けなければならない。オアフターサービスの内容として、損害賠償の請求や売買契約の解除は定めないことが多い。カ アフターサービスの内容として、不動産業者の団体が制定している「アフターサービス規準」のすべてに準拠している場合であっても、宅地建物取引業法第40条（瑕疵担保責任についての特約の制限）の規定は適用される。,,,,,,ア・エ,ウ・エ,ア・エ・カ,イ・オ・カ 27,1,FALSE,FALSE,,（解説は未入力です。）,,,,,
2010,平成22年度,42,count,判例・横断総合,h22;count;count_correct;parsed,宅地建物取引業者が、新築分譲マンションを宅地建物取引業者でない者に売却した場合における、売主の瑕疵担保責任に関する次の記述のうち、民法及び宅地建物取引業法の規定によれば、正しいものはいくつあるか。ア「売主は、当該マンションを買主に引き渡した日から1年間瑕疵担保責任を負う」旨の特約をした場合、売主は買主に対し、引き渡した日から2年間責任を負うことになる。イ買主が法人の場合、「買主は、損害賠償の請求に代えて瑕疵の修補の請求をしなければならない」旨の特約は有効である。ウ 売主と買主の間において、瑕疵担保責任の内容について何らの特約をしなかった場合、売主は宅地建物取引業法に違反することとなる。エ 売主は「当該マンションを買主に引き渡した日から10年間、瑕疵担保責任を負うが、その瑕疵について売主に何らの過失もなかった場合は、その責任を負わない」旨の特約は、買主が了承したとしても無効である。オ「買主は、瑕疵の事実を知った時から、1年以内に売主に契約の解除又は損害賠償の請求をしなければならない」旨の特約は無効である。,,,,,,一つ,二つ,三つ,四つ 28,1,FALSE,FALSE,,（解説は未入力です。）,,,,,
2010,平成22年度,43,single,判例・横断総合,h22;single_choice;direct_question;parsed,住宅の品質確保の促進等に関する法律（平成11年法律第81号。以下本間において「品確法」という。）に関する次の記述のうち、誤っているものはどれか。,,,,,,品確法の規定する新築住宅の瑕疵担保責任の特例におけるその責任期間は、建築請 負会社から売主に引き渡されたものである場合は売主に引き渡された時から10年間で あり、それ以外の場合は買主又は注文者に引き渡した時から10年間である。,新築住宅の売買契約において、品確法の規定する瑕疵担保責任の特例によれば、そ の責任内容として損害賠償や契約の解除のほかに修補の請求もできるとされている。,新築住宅の売買契約において、特約により、構造耐力上主要な部分及び雨水の浸入 を防止する部分だけでなくその他の部分も含め、瑕疵担保責任の期間を引き渡した時 から20年以内とすることができる。,品確法に定める住宅性能評価制度について、請負人又は売主が注文者又は買主と、 これを適用しない旨の合意をしたとしても無効である。,4,FALSE,FALSE,,（解説は未入力です。）,,,,,
2010,平成22年度,44,single,判例・横断総合,h22;single_choice;direct_question;parsed,区分所有者Aが貸主として、床面積70mのマンションの1室を借主Bの居住の用に供するため、Bと定期建物賃貸借契約を締結した場合に関する次の記述のうち、借地借家法（平成3年法律第90号）の規定によれば、誤っているものはどれか。,,,,,,賃貸借契約の期間を1年未満とする場合でも、何らかの書面をもって契約をすれば 足り、公正証書による必要はない。,賃貸借契約を締結するに当たって、AはあらかじめBに対し、当該賃貸借契約は契 約の更新がなく、期間の満了により賃貸借が終了することについて、その旨を記載し た書面を交付して説明しなければならない。,賃貸借契約の期間を5年と定めた場合、Bが入居してから1年後に転勤により、そ のマンションの1室を使用することが困難となったときは、BはAに対し解約の申入 れをすることができ、この場合解約申入れの日から1月の経過により賃貸借は終了す る。,賃貸借契約の期間を2年と定めた場合、Aは期間満了の1年前から6月前までの間 に契約が終了する旨をBに通知しなかったときは、期間満了により、改めて2年の期 間の契約が締結されたものとみなされる。 29,4,FALSE,FALSE,,（解説は未入力です。）,,,,,
2010,平成22年度,45,single,判例・横断総合,h22;single_choice;direct_question;parsed,個人情報の保護に関する法律（平成15年法律第57号。以下本間において「法」という。）に関する次の記述のうち、正しいものはどれか。,,,,,,個人情報取扱事業者であるマンション管理業者が、管理組合から委任を受けて、組 合員名簿を作成する目的で組合員が特定される個人情報を取得した場合は、あらかじ めその利用目的を公表している場合を除き、速やかに、その利用目的を、本人に通知 し、又は公表しなければならない。,マンションの分譲業者は、法にいう個人情報取扱事業者ではないが、マンション管 理業者は、個人情報取扱事業者に該当する。,法が対象としている「個人情報」とは、個人の秘密及びプライバシーに係わる情報 のことであって、氏名はこれに含まれない。,個人情報取扱事業者であるマンション管理業者が、管理費の滞納者のリストを当該 管理組合の管理者に提供することは、法に違反する。,1,FALSE,FALSE,,（解説は未入力です。）,,,,,
2010,平成22年度,46,single,判例・横断総合,h22;single_choice;most_inappropriate;parsed,マンションの管理の適正化に関する指針（平成13年国土交通省告示第1288号）に関する次の記述のうち、最も不適切なものはどれか。,,,,,,マンションの区分所有者等は、マンションの居住形態が戸建てのものとは異なり、 相隣関係等に配慮を要する住まい方であることを十分に認識し、その上で、マンショ ンの快適かつ適正な利用と資産価値の維持を図るため、管理組合の一員として、進ん で、集会その他の管理組合の管理運営に参加するとともに、定められた管理規約、集 会の決議等を遵守する必要がある。,専有部分の賃借人等の占有者は、建物又はその敷地若しくは附属施設の使用方法に つき、マンションの区分所有者等が管理規約又は集会の決議に基づいて負う義務と同 一の義務を負うものではないが、マンションに居住する一員として、管理組合の管理 運営に協力するように努める必要がある。,管理委託契約先を選定する場合には、管理組合の管理者等は、事前に必要な資料を 収集し、マンションの区分所有者等にその情報を公開するとともに、マンション管理 業者の行う説明会を活用し、適正な選定がなされるように努める必要がある。,万一、マンション管理業者の業務に関して問題が生じた場合には、管理組合は、当 該マンション管理業者にその解決を求めるとともに、必要に応じ、マンション管理業 者の所属する団体にその解決を求める等の措置を講じることが必要である。 30,2,FALSE,FALSE,,（解説は未入力です。）,,,,,
2010,平成22年度,47,count,判例・横断総合,h22;count;count;parsed,マンションの管理の適正化の推進に関する法律施行規則（平成13年国土交通省令第110号。以下「マンション管理適正化法施行規則」という。）第87条第5項で規定する管理組合の会計の収入及び支出の状況に関する書面（以下本問において「5項書面」という。）に関する次の記述のうち、マンション管理適正化法及び民間事業者等が行う書面の保存等における情報通信の技術の利用に関する法律（平成16年法律第149号）によれば、適切なものはいくつあるか。ア 5項書面とは、一般会計、修繕積立金会計等委託者たる管理組合の会計区分ごとの収支状況及び収納状況が確認できる書面をいう。イ 管理事務の委託を受けた管理組合に管理者等が置かれている場合は、マンション管理業者は、毎月、5項書面を作成し、翌月末日までに、当該5項書面を当該管理組合の管理者等に交付しなければならない。ウ 管理事務の委託を受けた管理組合に管理者等が置かれていない場合は、マンション管理業者は、5項書面の交付に代えて、対象月の属する当該管理組合の事業年度の終了の日から2月を経過する日までの間、5項書面をその事務所ごとに備え置き、該管理組合を構成するマンションの区分所有者等の求めに応じ、当該マンション管理業者の業務時間内において、これを閲覧させなければならない。エ 5項書面の交付は、書面での交付に代えて、電子メールによる送信等電子情報処理組織を使用する方法によって行うこともできるが、その場合は、あらかじめ、当該方法により交付を行うことについて交付の相手方の承諾を得なければならない。,,,,,,一つ,二つ,三つ,四つ 31,4,FALSE,FALSE,,（解説は未入力です。）,,,,,
2010,平成22年度,48,single,判例・横断総合,h22;single_choice;direct_question;parsed,財産の分別管理に関する次の記述のうち、マンション管理適正化法によれば、誤っているものはどれか。,,,,,,マンション管理適正化法第76条の規定により、財産の分別管理の対象となる財産と は、管理組合から委託を受けて管理する修繕積立金及び管理組合又はマンションの区 分所有者等から受領した管理費用に充当する金銭又は有価証券である。,マンション管理適正化法施行規則第87条第2項第1号口に定める方法により修繕積 立金等金銭を管理する場合にあっては、マンション管理業者は、マンションの区分所 有者等から徴収される1月分の修繕積立金等金銭の合計額以上の額につき有効な保証 契約を必ず締結していなければならない。,マンション管理業者以外の者が管理者である管理組合から委託を受けたマンション 管理業者は、マンション管理適正化法施行規則第87条第2項第1号イからハまでに定 める方法により修繕積立金等金銭を管理する場合にあっては、保管口座又は収納・保 管口座に係る管理組合等の印鑑、預貯金の引出用のカードその他これらに類するもの を管理してはならない。,収納・保管口座とは、マンションの区分所有者等から徴収された修繕積立金等金銭 を預入し、預貯金として管理するための口座であって、管理組合等を名義人とするも のをいう。 32,2,FALSE,FALSE,,（解説は未入力です。）,,,,,
2010,平成22年度,49,single,判例・横断総合,h22;single_choice;direct_question;parsed,管理事務（マンション管理適正化法第2条第6号に規定するものをいう。以下本間において同じ。）の報告に関する次の記述のうち、マンション管理適正化法に違反しないものはどれか。,,,,,,マンション管理業者は、管理事務の委託を受けた管理組合の事業年度の終了後、遅 滞なく、管理事務報告書を作成し、管理業務主任者をして、当該管理組合の管理者で ある理事長に交付させたが、当該理事長から説明は後日にして欲しいとの要請を受け、 当該理事長の了承を得て、後日、管理業務主任者ではない当該マンション管理業者の 担者に説明をさせた。,マンション管理業者は、マンション管理適正化法施行規則第87条第5項で規定する 月次の管理組合の会計の収入及び支出の状況に関する書面を、毎月、当該管理組合の 管理者等に対して交付し、説明していたことから、当該管理組合の会計の収入及び支 出の状況以外の管理受託契約の内容等について管理事務の報告を行った。,マンション管理業者は、管理事務の委託を受けた管理組合に管理者等が置かれてい なかったため、管理事務の報告を行う説明会を開催することとし、当該説明会の開催 日の10日前に、説明会の開催の日時及び場所を当該マンションの区分所有者等の見や すい場所に掲示した。,管理事務に関する報告をする際、管理業務主任者は、管理業務主任者証を携帯して いたものの、説明の相手方である管理組合の管理者から管理業務主任者証の提示を求 められなかったため、管理業務主任者証の提示を行わなかった。,3,FALSE,FALSE,,（解説は未入力です。）,,,,,
2010,平成22年度,50,single,判例・横断総合,h22;single_choice;direct_question;parsed,マンション管理業者に課せられている義務に関する次の記述のうち、マンション管理適正化法によれば、正しいものはどれか。,,,,,,マンション管理業を営もうとする者は、国土交通省に備えるマンション管理業者登 録簿に登録を受けなければならないが、人の居住の用に供する独立部分が6戸以上で ある建物の区分所有者を構成員に含む管理組合から委託を受けて行う管理事務を、そ の業務としない場合は、この限りでない。,マンション管理業者は、事務所ごとに置かれる成年者である専任の管理業務主任者 の変更があったときは、その日から30日以内に、その旨を国土交通大臣に届け出なけ ればならないが、変更があった事項が登録している専任の管理業務主任者の婚姻によ る氏名変更のみである場合には、変更の届出の必要はない。,法人であるマンション管理業者Aが、法人であるマンション管理業者Bとの合併に より消滅し、Bが当該合併後も存続することとなった場合は、Bを代表する役員が、 当該合併によりAが消滅した日から30日以内に、その旨を国土交通大臣に届け出なけ ればならない。,マンション管理業者は、当該マンション管理業者の事務所ごとに、公衆の見やすい 場所に、登録番号、登録の有効期間、代表者氏名等を記載した標識を掲げなければな らない。 34,4,FALSE,FALSE,,（解説は未入力です。）,,,,,
2011,平成23年度,1,single,判例・横断総合,h23;single_choice;direct_question;parsed,マンション（マンションの管理の適正化の推進に関する法律（平成12年法律第149号。以下「マンション管理適正化法」という。）第2条第1号に規定するものをいう。以下同じ。）の管理組合A（以下本問において「A」という。）の管理者B（以下本間において「B」という。）とマンション管理業者（マンション管理適正化法第2条第8号に規定する者をいう。以下同じ。）C（以下本問において「C」という。）との間で管理委託契約（以下本問において「本件契約」という。）が締結された場合に関する次の記述のうち、民法の規定及び判例によれば、誤っているものはどれか。,,,,,,本件契約の締結に当たって契約書面が作成されたが、当該契約書面の押印につきB が実印を用いていない場合でも、本件契約の効力は妨げられない。,Bが、Cの代理人である場合には、Aは、本件契約が効力を生じないことを主張で きる。,本件契約が第三者からのBに対する強迫に基づいて締結された場合、Aは、強迫を 理由に本件契約を取り消すことができる。,本件契約がBの動機の錯誤に基づいて締結された場合には、BがCに対してその動 機を表示していないときでも、Bは、要素の錯誤を理由に本件契約の無効を主張する ことができる。 1,4,FALSE,FALSE,,（解説は未入力です。）,,,,,
2011,平成23年度,2,single,判例・横断総合,h23;single_choice;direct_question;parsed,マンションの管理組合A（以下本問において「A」という。）とマンション管理業者B（以下本問において「B」という。）との間で管理委託契約が締結されていた状況の下で、Bが使用を許されていたA所有のパソコン（以下本問において「本件パソコン」という。）が盗難に遭った場合に関する次の記述のうち、民法の規定によれば、正しいものはどれか。,,,,,,Bは、本件パソコンの管理につき善良なる管理者の注意を尽くしていたとしても、 Aに対して損害賠償責任を負わなければならない。,Aは、本件パソコンの盗人に対して、盗難のあった時から1年を経過した時には、 その返還を請求することはできない。,盗人が、本件パソコンを当該マンションの敷地内に放置していた場合において、A は、本件パソコンを平穏かつ公然及び善意かつ無過失で拾得した者に対して、その返 還を請求することができる。,Aは、本件パソコンを盗人から平穏かつ公然及び善意かつ無過失で買い受けた者に 対して、その者が盗人に支払った代価を弁償すれば、いつでもその返還を請求するこ とができる。,3,FALSE,FALSE,,（解説は未入力です。）,,,,,
2011,平成23年度,3,combination,判例・横断総合,h23;combination;direct_question;parsed,マンションの専有部分を所有するAが、当該専有部分をBに賃貸した場合に関する次の記述のうち、民法、借地借家法（平成3年法律第90号）及び建物の区分所有等に関する法律（昭和37年法律第69号。以下「区分所有法」という。）の規定によれば、正しいもののみの組合せはどれか。ア Bが当該専有部分の引渡しを受けた場合には、その引渡後に当該専有部分の所有権がAからCに譲渡されたときでも、Bは、自己の賃借権をCに対し対抗できる。イBが当該専有部分について支出した費用のうち、Aは、必要費については直ちにBに償還する義務を負うが、有益費については賃貸借終了時に償還すればよい。ウ Bが当該専有部分をAに無断でDに転貸した場合には、BD間の賃貸借（転貸借）は無効であるから、Bは、Dに対して賃料を請求することはできない。エ Bが当該専有部分を規約に定める用途に違反して使用している場合でも、AB間の賃貸借契約に違反しないときには、Bは、現状のままでの使用が認められる。,,,,,,ア・イ,ア・ウ,イ・ウ,イ・エ 2,1,FALSE,FALSE,,（解説は未入力です。）,,,,,
2011,平成23年度,4,single,判例・横断総合,h23;single_choice;direct_question;parsed,マンションの管理組合A（以下本問において「A」という。）とマンション管理業者B（以下本問において「B」という。）との間で管理委託契約（以下本問において「本件契約」という。）が締結されたが、同契約において、Bに管理事務を行わせるためAに帰属する管理事務室（以下本問において「本件管理事務室」という。）を無償で使用させる旨が定められている場合に関する次の記述のうち、民法の規定によれば、正しいものはどれか。,,,,,,本件管理事務室の使用は無償であるため、Aは、Bに対して、いつでも本件管理事 務室の返還を請求することができる。,本件管理事務室の使用期間を1年未満と定めることはできず、1年未満の期間の定 めをしたときは、期間の定めのないものとみなされる。,本件契約に別段の定めがない限り、本件管理事務室の通常の必要費については、A が負担する。,Aは、本件契約の本旨に反する本件管理事務室の使用によって損害が生じた場合、 Bに対し、その賠償請求をすることができるが、本件管理事務室の返還を受けたとき には、その時から1年以内に請求しなければならない。,4,FALSE,FALSE,,（解説は未入力です。）,,,,,
2011,平成23年度,5,single,判例・横断総合,h23;single_choice;direct_question;parsed,制限行為能力者に関する次の記述のうち、民法の規定によれば、正しいものはどれか。,,,,,,成年被後見人が、成年後見人の同意を得て行ったマンションの賃貸借契約は、取り 消すことができない。,成年後見人が、成年被後見人に代わって、成年被後見人が所有する居住の用に供す るマンションの専有部分について抵権を設定する場合には、家庭裁判所の許可を得 なければならない。,未成年者が、マンションの専有部分をその区分所有者から賃借した場合は、法定代 理人の同意を得ているか否かにかかわらず、当該賃貸借契約を取り消すことができる。,被保佐人が、自己の所有するマンションの専有部分につき大修繕のための請負契約 を締結する場合には、保佐人の同意を得る必要はない。 3,2,FALSE,FALSE,,（解説は未入力です。）,,,,,
2011,平成23年度,6,single,判例・横断総合,h23;single_choice;direct_question;parsed,甲マンションと乙マンションの各敷地が隣接している場合に関する次の記述のうち、民法の規定によれば、誤っているものはどれか。,,,,,,甲マンションの管理組合は、乙マンションの敷地との境界又はその付近において、 甲マンションを修繕するため必要な範囲内で、乙マンションの敷地の使用を請求する ことができる。,境界線上に設けられた障壁は、甲マンションの管理組合と乙マンションの管理組合 の共有に属するものと推定される。,甲マンションの管理組合は、乙マンションの管理組合と共同の費用で、境界標を設 けることができる。,甲マンションの管理組合は、乙マンションの敷地の木（乙マンションの管理組合 の所有）の枝が境界線を越えるときは、その枝を自ら切除することができる。,4,FALSE,FALSE,,（解説は未入力です。）,,,,,
2011,平成23年度,7,count,判例・横断総合,h23;count;count;parsed,マンションの管理委託契約の更新等に関する次の記述のうち、マンション標準管理委託契約書及びマンション標準管理委託契約書コメント（平成21年10月2日国総動指第30号。国土交通省建設流通政策審議官通知。以下「マンション標準管理委託契約書」という。）の定めによれば、適切なものはいくつあるか。ア契約に関する有効期間を定め、その上で、有効期間が満了する日の3月前までに、管理組合と管理業者の合意があれば自動更新される。イ有効期間が満了する日の3月前までに更新の申出があった場合において、更新に関する協議がととのう見込みがないときは、管理組合及び管理業者は、本契約と同一の条件で、期間を定めて暫定契約を締結することができる。ウ 管理組合又は管理業者は、契約を更新しようとする場合、有効期間が満了する日の3月前までに、その相手方に対し、書面をもって、その旨を申し出るものとする。工管理業者は、管理組合の債務不履行を理由に管理委託契約を解除する場合を除いて、有効期間満了の日まで契約を解約することはできない。,,,,,,一つ,二つ,三つ,四つ 4,2,FALSE,FALSE,,（解説は未入力です。）,,,,,
2011,平成23年度,8,single,判例・横断総合,h23;single_choice;most_inappropriate;parsed,マンション管理業者が行う管理事務に要する費用に関する次の記述のうち、マンション標準管理委託契約書の定めによれば、最も不適切なものはどれか。,,,,,,マンション管理業者が管理事務を実施するため必要となる水道光熱費、通信費、消 耗品費等の諸費用は、マンション管理業者が負担する。,定額委託業務費とは、委託業務費のうち、その負担方法が定額でかつ精算を要しな い費用のことをいう。,定額委託業務費以外の業務費については、マンション管理業者が指定する口座に振 り込む方法により支払う。,マンション管理業者は緊急に行う必要がある業務で、管理組合の承認を受ける時間 的余裕がないものについては、管理組合の承認を受けないで実施することができるが、 この場合において、マンション管理業者は、速やかに、書面をもって、その業務の内 容及び実施に要した費用の額を管理組合に通知しなければならない。,1,FALSE,FALSE,,（解説は未入力です。）,,,,,
2011,平成23年度,9,count,判例・横断総合,h23;count;count;parsed,緊急時における管理事務に関する次の記述のうち、マンション標準管理委託契約書の定めによれば、不適切なものはいくつあるか。ア 地震により共用部分の給水管から漏水が発生しているが、マンション管理業者が受託している給水設備の管理業務の内容は、水道法（昭和32年法律第177号）に規定された水質検査や塩素等の測定、受水槽、給水管などの外観目視点検であることから、止水の作業を行うことはできない。イ地震により漏水が発生していることについて、マンション管理業者に通報があり、通報者の上階に位置する者の専有部分を調査する必要があるため、専有部分へ立ち入る場合には、その専有部分を所有する組合員に対し立入りの請求を行い、その承諾を得た後でなければ立ち入ることはできない。ウマンション管理業者が、緊急時に管理組合の承認を得ることなく、やむを得ず行った業務については、承認を得ていないものであるから、管理組合は、当該業務に要した費用を支払う必要はない。エ 地震発生後、被害状況の調査を行ったところ、エントランスホール入り口部分の天井が剥がれ、落下の可能性がある危険な状態にあるため、緊急に補修工事を行う必要がある場合でも、マンション管理業者は、管理組合の承認を受けなければ、該工事の発注をすることはできない。,,,,,,一つ,二つ,三つ,四つ,4,FALSE,FALSE,,（解説は未入力です。）,,,,,
2011,平成23年度,10,single,判例・横断総合,h23;single_choice;direct_question;parsed,マンションの管理費の滞納に対する対策及びその法的手続について管理業務主任者（マンション管理適正化法第2条第9号に規定する者をいう。以下同じ。）が管理者等に対して行った次の説明のうち、正しいものはどれか。,,,,,,管理費の滞納額の全額でなくても、滞納者が一部の支払いであることを明示して、 一部の額を支払ったときは、その残額についても時効が中断します。,滞納管理費を裁判外において書面で請求する場合、内容証明郵便により、6箇月ご との催告を継続すれば、そのつど管理費債権の消滅時効が中断します。,専有部分について賃貸借契約が締結され、その旨の通知が管理組合に対してなされ た場合、滞納管理費の請求の訴えは、賃借人を被告としなければなりません。,滞納管理費を請求する場合、管理費の滞納額が60万円以下のときは、民事訴訟法 （平成 8年法律第109号）の「少額訴訟」の手続によらなければなりません。 7,1,FALSE,FALSE,,（解説は未入力です。）,,,,,
2011,平成23年度,11,count,判例・横断総合,h23;count;count_incorrect;parsed,マンションの管理組合A（以下本問において「A」という。）とマンション管理業者B（以下本問において「B」という。）との間で管理委託契約が締結されたが、同契約では、Bが管理費等の滞納者（以下本問において「滞納組合員」という。）に対する同契約所定の促を行っても、当該滞納組合員が支払わないときは、Bは責めを免れ、その後の収納の請求はAが行うものとされている場合に関し、Aが検討している次の方策のうち、民法の規定によれば、誤っているものはいくつあるか。ア滞納組合員に対して、連帯保証人を選任してもらい、以後は、滞納組合員と連帯保証人との間の保証委託契約を、もっぱら根拠として、滞納分について連帯保証人に対して請求したい。イ滞納組合員に対して、管理費等の債務が時効により消滅するのを防ぐために、時効完成前に、時効の利益を放棄する旨の文書を提出させておきたい。ウ 滞納組合員が、Aに対して金銭債権（不法行為を理由とする以外の債権）を有しているときは、滞納額と同債権にかかる債権額とを対等額にて相殺したい。エ Aの収納請求の事務上の負担を軽減するために、滞納組合員に対して、以後は、管理費等を供託所に供託させることにしたい。,,,,,,一つ,二つ,三っ,四つ 8,3,FALSE,FALSE,,（解説は未入力です。）,,,,,
2011,平成23年度,12,single,判例・横断総合,h23;single_choice;most_appropriate;parsed,区分所有者が納入する修繕積立金に関する次の記述のうち、マンション標準管理規約及びマンション標準管理規約コメント（単棟型）（平成16年1月23日国総動第232号・国住マ第37号。国土交通省総合政策局長・同住宅局長通知。（以下「マンション標準管理規約」という。）の定めによれば、最も適切なものはどれか。,,,,,,長期修繕計画の作成又は変更に要する経費は、修繕積立金を取り崩して支払わなけ ればならない。,修繕工事の前提としての劣化診断（建物診断）に要する経費は、原則として修繕積 立金を取り崩して支払わなければならない。,駐車場使用料は、その全額を修繕積立金として積み立てなければならない。,修繕積立金を取り崩して充当することができる特別の管理に要する経費に充てるた め借入れをしたときは、修繕積立金をもってその償還に充てることができない。,2,FALSE,FALSE,,（解説は未入力です。）,,,,,
2011,平成23年度,13,single,判例・横断総合,h23;single_choice;most_inappropriate;parsed,マンション標準管理委託契約書別表第1の（2）出納によれば、管理業者による管理組合の経費の支払いに関する次の記述のうち、最も不適切なものはどれか。,,,,,,保証契約を締結して管理組合の収納口座と管理組合の保管口座を設ける場合、管理 組合の経費の支払いに関して、管理業者は、管理組合の収支予算に基づき、管理組合 の経費を、管理組合の承認を得て、管理組合の収納口座又は管理組合の保管口座から 支払う。,保証契約を締結する必要がないときに管理組合の収納口座と管理組合の保管口座を 設ける場合、管理組合の経費の支払いに関して、管理業者は、管理組合の収支予算に 基づき、管理組合の経費を、管理組合の承認を得て、管理組合の収納口座又は管理組 合の保管口座から支払う。,管理組合の収納・保管口座を設ける場合、管理組合の経費の支払いに関して、管理 業者は、管理組合の収支予算に基づき、管理組合の経費を、管理組合の承認を得て、 管理組合の収納・保管口座から支払う。,管理業者の収納口座と管理組合の保管口座を設ける場合、管理組合の経費の支払い に関して、管理業者は、管理組合の収支予算に基づき、管理組合の経費を、管理組合 の承認の下に管理業者の収納口座から、又は管理組合の承認を得て、管理組合の保管 口座から支払う。 9,1,FALSE,FALSE,,（解説は未入力です。）,,,,,
2011,平成23年度,14,single,判例・横断総合,h23;single_choice;direct_question;parsed,"管理組合の活動における以下の取引に関して、平成23年3月分の仕訳として正しいものは次のうちどれか。ただし、この管理組合の会計年度は、4月1日から翌年3月31日までとし、期中の取引において、企業会計原則に基づき厳格な発生主義によって経理しているものとする。（取引）平成23年3月31日に、管理組合の普通預金口座に組合員から合計2,570,000円の入金があった。入金の内訳は以下のとおりである。",,,,,,管理費入金内訳 ① 平成23年2月以前分 ② 平成23年3月分 ③ 平成23年4月分,修繕積立金入金内訳 ① 平成23年2月以前分 ② 平成23年 3 月分 ③ 平成23年4月分,"専用庭使用料入金 平成23年4月分 50,000円 140,000円 1,220,000円 小計1,410,000円 40,000円 120,000円 980,000円 20,000円 1 （借方） 普通預金 2,570,000 小計1,140,000円 小計 20,000円 合計 2,570,000円 （単位：円） 1,410,000 1,140,000 20,000 2 （借方） 普通預金 2,570,000 （貸方） 管理費収入 修繕積立金収入 専用庭使用料収入 （貸方） 管理費収入 修繕積立金収入 前受金 190,000 160,000 2220,000 10 3 （借方） 普通預金 2,570,000","（借 方） 普通預金 2,570,000 （貸方） 未収入金 管理費収入 修繕積立金収入 前受金 （貸方） 未収入金 管理費収入 修繕積立金収入 専用庭使用料収入 90,000 140,000 120,000 2,220,000 90,000 1,360,000 1,100,000 20,000 11",3,FALSE,FALSE,,（解説は未入力です。）,,,,,
2011,平成23年度,15,single,判例・横断総合,h23;single_choice;direct_question;parsed,管理組合の活動における以下の取引に関して、平成23年3月分の仕訳として正しいものは次のうちどれか。ただし、この管理組合の会計年度は、4月1日から翌年3月31日までとし、期中の取引において、企業会計原則に基づき厳格な発生主義によって経理しているものとする。（取引）平成23年3月に、下記の小修繕及び直結増圧ポンプ取付工事を行い、同年4月、工事会社から以下の内容の請求書が届いた。なお、支払いは同年5月末日の予定である。（請求内訳）,,,,,,自動ドア修理,3階温水器修理,外部排水管塗装,"直結増圧ポンプ取付工事 合計 50,000円 30,000円 210,000円 3,200,000円 3,490,000円 1 （借方） 修繕費 2 3 （借方） 修繕費 建物附属設備 （借方） 建牣附属設備 4 （借方） 未払金 3,490,000 （貸方） 未払金 （貸方） 未払金 （単位：円） 3,490,000 290,000 3,200,000 3,490,000 3,490,000 3,490,000 （貸方） 未払金 （貸方） 修繕費 3,490,000 3,490,000 12",2,FALSE,FALSE,,（解説は未入力です。）,,,,,
2011,平成23年度,16,single,判例・横断総合,h23;single_choice;direct_question;parsed,管理組合の税務に関する次の記述のうち、消費税法（昭和63年法律第108号）の規定によれば、正しいものはどれか。,,,,,,管理組合が、マンション敷地内の駐車場を当該管理組合の組合員以外の第三者に使 用させ、当該第三者から毎年150万円の駐車場収入があり、他に消費税課税対象収入 がない場合でも、第三者に対する駐車場収入は消費税の課税対象であるので、事業者 として消費税の納税義務者となる。,"管理組合の基準年度における課税売上高が1,000万円を超えている場合でも、当該 管理組合の組合員からの専用庭使用料については、消費税は課税されない。",管理組合が管理組合法人である場合、管理費収入については、消費税が課税される。,"管理組合の基準年度における課税売上高が1,000万円未満である場合、当該管理組 合が支払う管理委託費、小修繕の工事費、備品費は、消費税の課税対象とはならない。",2,FALSE,FALSE,,（解説は未入力です。）,,,,,
2011,平成23年度,17,single,判例・横断総合,h23;single_choice;direct_question;parsed,建築基準法（昭和25年法律第201号）及び同法施行令（昭和25年政令第338号）に規定される面積の算定に関する次の記述のうち、誤っているものはどれか。,,,,,,特定行政庁が指定する幅員4m未満の道路の中心線からの水平距離が2mまでの部 分は、敷地面積に算入しない。,建築物の外壁又はこれに代わる柱の中心線から水平距離1m以上突き出た軒、ひさ しなどの部分は、その先端から水平距離1m後退した線から建物側を建築面積に算入 する。,床面積は、建築物の各階又はその一部で、壁その他の区画の中心線で囲まれた部分 の水平投影面積による。,延べ面積は、建築物の各階の床面積の合計であり、共同住宅の容積率の算定におい ても、共用の廊下及び階段の用に供する部分の面積を含む。 13,4,FALSE,FALSE,,（解説は未入力です。）,,,,,
2011,平成23年度,18,single,判例・横断総合,h23;single_choice;direct_question;parsed,建築基準法第28条の2（石綿その他の物質の飛散又は発散に対する衛生上の措置）に関する次の記述のうち、正しいものはどれか。,,,,,,著しく衛生上有害なものとして建築材料に添加してはならない物質としては、石綿 のみが指定されている。,石綿以外の物質で、居室内において衛生上の支障を生ずるおそれがある物質として 指定されているのは、ホルムアルデヒドのみである。,吹付けロックウールで、その含有する石綿の重量が当該建築材料の重量の1%以下 のものは、建築材料として使用することができる。,第3種ホルムアルデヒド発散建築材料は、第1種ホルムアルデヒド発散建築材料よ り夏季においてホルムアルデヒドの毎時の発散量が多い。,1,FALSE,FALSE,,（解説は未入力です。）,,,,,
2011,平成23年度,19,single,判例・横断総合,h23;single_choice;most_appropriate;parsed,雨水排水設備に関する次の記述のうち、最も適切なものはどれか。,,,,,,雨水排水立て管には、し尿を含まない排水を流すを接続してよい。,敷地雨水管の合流箇所、方向を変える箇所などに用いる雨水排水ますに設けなけれ ばならない泥だまりの深さは、100m以上でなければならない。,敷地雨水管を一般排水系統の敷地排水管に合流させる場合、トラップますを介して 行う。,壁面に吹き付ける雨水が下部の屋根面などに合流する場合の管径決定においては、 壁面面積の25%を下部の屋根面などの面積に加算した上で降水量を算定する。 14,3,FALSE,FALSE,,（解説は未入力です。）,,,,,
2011,平成23年度,20,single,判例・横断総合,h23;item_set;most_appropriate;parsed,エレベーターに関する次の記述のうち、最も適切なものはどれか。,,,,,,昇降行程が20m以下で、かつ、かごの床面積が1.3m以下の共同住宅のエレベータ ーについては、国土交通省（旧建設省）の告示により、積載荷重の下限値が定められ ている。,乗用エレベーターの最大定員の算定においては、重力加速度を9.8m/sとして、1 人当たりの体重を60kgとして計算しなければならない。,火災時などの災害時に消防隊が人の救助活動及び消火活動に利用するための非常用 エレベーターは、高さ60mを超える建築物に設置が義務付けられている。,機械室不要の、いわゆる機械室レスエレベーターは、すべてリニアモーターエレベ ーターである。,1,FALSE,FALSE,,（解説は未入力です。）,,,,,
2011,平成23年度,21,single,判例・横断総合,h23;single_choice;direct_question;parsed,建築物の耐震改修の促進に関する法律（平成7年法律第123号）に関する次の記述のうち、誤っているものはどれか。,,,,,,"階数が3以上で、かつ、床面積の合計が1,000m'以上の賃貸共同住宅（既存不適格 建築物であるものに限る。）の所有者は、耐震診断を行い、必要に応じ、耐震改修を 行うよう努めなければならない。",所管行政庁によって耐震改修計画の認定を受けた場合、既存不適格建築物にかかる 制限の緩和は認められているが、耐火建築物にかかる制限の緩和は認められていない。,分譲マンション（既存不適格建築物であるものに限る。）であっても、都道府県耐 震改修促進計画に記載された道路に接する敷地に建つものにあっては、道路の幅員な どによって決まる限度以上の高さの部分がある場合には、その所有者は、耐震診断を 行い、必要に応じ、耐震改修を行うよう努めなければならない。,建築確認を要する建築物の耐震改修の計画が、所管行政庁の認定を受けた場合は、 当該建築物については確認済証の交付があったものとみなされる。 15,2,FALSE,FALSE,,（解説は未入力です。）,,,,,
2011,平成23年度,22,single,判例・横断総合,h23;single_choice;direct_question;parsed,建築基準法第39条に規定されている災害危険区域に関する次の記述のうち、正しいものはどれか。,,,,,,高潮、出水による危険の著しい区域を災害危険区域として指定することができると しているが、津波による危険は対象としていない。,災害危険区域を指定することができるのは、国土交通大臣である。,災害危険区域内においては、住居の用に供する建築物の建築を禁止することができ る。,建築物の建築に関する制限で災害防止上必要なものは、建築基準法施行令に規定さ れている。,3,FALSE,FALSE,,（解説は未入力です。）,,,,,
2011,平成23年度,23,single,判例・横断総合,h23;single_choice;most_appropriate;parsed,鉄筋コンクリート造に関する次の記述のうち、最も適切なものはどれか。,,,,,,壁式構造とは、鉄筋コンクリート造の壁や床板によって箱状の構造体を構成し、荷 重や外力に抵抗する構造形式である。,高さ20mを超えるような中高層マンションは、現在でも鉄骨鉄筋コンクリート造で 建てられており、鉄筋コンクリート造のものはない。,プレキャストコンクリート工法で用いられる鉄筋コンクリートの部材の製造は工場 で行われることが多く、現在では現場の構内で行われることはほとんどない。,プレキャストコンクリートと現場打ちコンクリートを併用する工法は、現在ではほ とんど採用されていない。 16,1,FALSE,FALSE,,（解説は未入力です。）,,,,,
2011,平成23年度,24,single,判例・横断総合,h23;single_choice;most_appropriate;parsed,共同住宅の外壁の塗材に関する次の記述のうち、最も適切なものはどれか。,,,,,,薄付け仕上塗材は、最も古い形の吹付け仕上げによる材料で、通称「吹付けタイ ル」と呼ばれている。,複層仕上塗材は、合成脂、セメントなどの結合材及び骨材、充てん材を主原料と し、下塗り、主材塗り、上塗りの3層で構成される仕上塗材で、通称「セメントリシ ン」と呼ばれている。,可とう形改修用仕上塗材は、改修工事専用の塗材で、下地調整機能の特徴を持ち、 通称「微弾性フィラー」と呼ばれている。,鉄部のさび止め塗料としては、下塗りに鉛系さび止めペイント、上塗りにボイル油 を展色剤とした油性調合ペイントが、現在最も用いられている。,3,FALSE,FALSE,,（解説は未入力です。）,,,,,
2011,平成23年度,25,single,判例・横断総合,h23;single_choice;direct_question;parsed,建築物定期調査、建築設備及び昇降機定期検査に関する次の記述のうち、建築基準法によれば、誤っているものはどれか。,,,,,,具体的な調査・検査の項目並びに項目ごとの調査・検査の方法、結果の判定基準が 告示で定められている。,建築物定期調査は、定量的な調査を主とし、目視などによる定性的な調査は、塀の 劣化及び損傷状況の調査など限られた項目のみとされている。,建築設備に関する定期検査の項目には、換気設備の風量測定、非常用の照明装置の 照度測定を含む。,昇降機定期検査では、ロープ式、油圧式等それぞれに検査結果表の様式が告示で定 められている。 17,2,FALSE,FALSE,,（解説は未入力です。）,,,,,
2011,平成23年度,26,single,判例・横断総合,h23;single_choice;most_inappropriate;parsed,マンションの省エネルギー対策として最も不適切なものは、次のうちどれか。,,,,,,窓ガラスに遮熱用フィルムを貼る。,ラピッドスタート型の蛍光灯器具を高効率型（Hf型）の器具に交換する。,フィラメント使用の電球を発光ダイオード（LED）使用のものに交換する。,既存のエレベーターの速度を上げて運転する。,4,FALSE,FALSE,,（解説は未入力です。）,,,,,
2011,平成23年度,27,single,判例・横断総合,h23;single_choice;most_appropriate;parsed,マンションの長期修繕計画の考え方に関する次の記述のうち、最も適切なものはどれか。,,,,,,修繕周期の近い工事項目は、経済性等を考慮し、なるべくまとめて実施するように 計画する。,将来想定される工事項目すべてを含めた長期修繕計画を作成すれば、それ以降は、 その計画を見直す必要はない。,修繕周期は、各部分の不具合によるリスクを減らすために長めに設定しておく。,各部分の修繕工事費用は、新築時の工事費用を採用する。 18,1,FALSE,FALSE,,（解説は未入力です。）,,,,,
2011,平成23年度,28,single,判例・横断総合,h23;single_choice;most_inappropriate;parsed,マンションの各部分の劣化状態を調査する方法として、次の記述のうち、最も不適切なものはどれか。,,,,,,タイルの浮きを調査するために「赤外線カメラ」による撮影を行う。,コンクリートの強度を推定するために「シュミットハンマー」を用いる。,防水層の劣化を調査するために「建研式接着力試験器」を用いる。,モルタル仕上げ層の浮きを調査するために「打診用ハンマー」を用いる。,3,FALSE,FALSE,,（解説は未入力です。）,,,,,
2011,平成23年度,29,single,判例・横断総合,h23;single_choice;direct_question;parsed,マンション標準管理規約の定めによれば、監事が総会を招集できる場合は、次の記述のうちどれか。,,,,,,理事長の辞任後、理事会内部が混乱し、新理事長が選任されていないので、新理事 長選任のために臨時総会を招集する。,会計年度終了後3月以上経過しても総会が招集されないので、通常総会開催のため に総会を招集する。,管理組合の業務の執行と財産の状況を監査し、その結果を総会に報告するために通 常総会を招集する。,理事長及び会計担当理事が、管理組合財産の管理について不正をしたと認められる ので、これを報告するために臨時総会を招集する。 19,4,FALSE,FALSE,,（解説は未入力です。）,,,,,
2011,平成23年度,30,single,判例・横断総合,h23;single_choice;direct_question;parsed,管理者に関する次の記述のうち、区分所有法の規定によれば、正しいものはどれか。,,,,,,管理者は、規約、集会議事録、集会決議に代わる区分所有者全員の合意書面を保管 しなければならない。,管理者に選任することができるのは、自然人、法人を問わず、また区分所有者でな くてもよいが、規約に定める理事長と同一人でなければならない。,管理者は、毎年1回集会を招集しなければならず、また毎年1回一定の時期に集会 において事務報告をしなければならないが、区分所有者全員の合意があればこれを省 略できる。,管理者は、規約に特別の定めがあるときでも、共用部分を所有することができない。,1,FALSE,FALSE,,（解説は未入力です。）,,,,,
2011,平成23年度,31,single,判例・横断総合,h23;single_choice;direct_question;parsed,集会の招集及び決議に関する次の記述のうち、民法及び区分所有法の規定に反しないものはどれか。,,,,,,「役員資格に関する規約の改正について」の議題を通知したが、資格の改正内容は 通知しなかった。,平成23年1月20日を集会開催日とする招集通知を同年1月13日に発送した。,「地震による外壁落下の補修工事の実施について」の議題に関連して、防災グッズ を購入し各組合員に配布すべきとの緊急動議が出たので、その動議について決議した。,"賃借人の居住が大半を占めるマンションで、「管理費を1戸当り2,000円値上げする 件」の議題について、招集通知を発した後も、この議題を建物内の見やすい場所に掲 示しなかった。 20",4,FALSE,FALSE,,（解説は未入力です。）,,,,,
2011,平成23年度,32,single,判例・横断総合,h23;single_choice;most_inappropriate;parsed,甲マンションは、住戸数123戸、うち2戸を所有する区分所有者が3名おり、全員異なる共有名義の住戸が5戸あるが、当該マンションの総会に関する次の記述のうち、マンション標準管理規約の定めによれば、最も不適切なものはどれか。なお、議決権については1住戸1議決権の定めがあるものとする。,,,,,,総会開催のための招集通知書は、120部用意すれば足りる。,総会を開催し、審議・議決するためには、63以上の議決権数を有する組合員が出席 しなければならない。,総会で規約変更の特別決議をするためには、組合員90人以上、議決権93以上に当た る組合員の賛成が必要である。,理事長に対し会議の目的を示して総会の招集を請求するには、組合員24人以上、議 決権25以上に当たる組合員の同意が必要である。 1 2 3 4,2,FALSE,FALSE,,（解説は未入力です。）,,,,,
2011,平成23年度,33,count,判例・横断総合,h23;count;count;parsed,"次の記述のうち、マンション標準管理規約の定めによれば、理事会の決議のみで行うことができないものはいくつあるか。ア携帯電話基地局設置の申入れがあったため、敷地の一部を電信電話会社に賃貸すること。イ修繕積立金で国債を購入すること。ウ ペット飼育に関する規約改正案検討のための専門委員会を設置すること。工管理費について、不在組合員に対して毎月1,000円を加算して課すこと。一つ二つ三つ四つ",,,,,,一つ,二つ,三つ,四つ,3,FALSE,FALSE,,（解説は未入力です。）,,,,,
2011,平成23年度,34,single,判例・横断総合,h23;single_choice;direct_question;parsed,あるマンションにおける次の管理規約の定めのうち、区分所有法の規定によれば、無効とされるものはどれか。,,,,,,マンションの敷地に接する公道の向かい側の敷地を、当該マンションの区分所有者 が利用する駐車場のために規約敷地とする。,管理者にその職務を行うに適さない事情があるときにおいても、区分所有者及び議 決権の各5分の1以上の同意を得なければ、その解任を裁判所に請求することができ ない。,集会の招集の通知は、会議の目的が共用部分等の管理に関する決議事項である場合 においても、会議の目的である事項のほか議案の要領も通知しなければならない。,区分所有者は、敷地及び共用部分に対する共有持分にかかわらず、その用方に従っ て使用することができる。 1 2 3 4,2,FALSE,FALSE,,（解説は未入力です。）,,,,,
2011,平成23年度,35,count,判例・横断総合,h23;count;count;parsed,あるマンションにおける次の管理規約の定めのうち、区分所有法の規定によれば、有効なものはいくつあるか。ア共用部分の変更については、区分所有者総数の2分の1以上及び議決権総数の4分の3以上の多数による集会の決議で決する。イ共用部分の保存行為は、管理者が行うものとし、各区分所有者はこれを行うことができない。ウ 共用部分から生ずる収益については、管理費に組み入れる。エ 共用部分の管理に関する事項（変更を除く）は、理事会の決議によりこれを行うことができる。一つ二つ三つ四つ,,,,,,一つ,二つ,三つ,四つ,3,FALSE,FALSE,,（解説は未入力です。）,,,,,
2011,平成23年度,36,count,判例・横断総合,h23;count;count;parsed,マンション標準管理規約に即した管理規約を定めているマンションの集会における委任状又は議決権行使書に関する次の記述のうち、有効なものはいくつあるか。ア 区分所有者の配者（区分所有者ではない）が自分の氏名を署名し、押印した委任状イ賛成、反対いずれの表示もなく、区分所有者の署名のみがある議決権行使書ウ 区分所有者が署名し、実印でない印鑑による押印がある委任状エ「すべての議案に反対」の記載があり、サインペンで署名しているが、当該区分所有者の押印がない議決権行使書,,,,,,一つ,二つ,： 三つ,四つ,2,FALSE,FALSE,,（解説は未入力です。）,,,,,
2011,平成23年度,37,single,判例・横断総合,h23;single_choice;direct_question;parsed,次の記述のうち、区分所有法の規定によれば、誤っているものはどれか。,,,,,,規約で、集会の成立要件について、議決権総数の4分の3以上の組合員の出席が必 要と定めることができる。,管理組合法人の理事が数人あるときは、理事が共同して管理組合法人を代表すべき ことを定めることができる。,規約違反の区分所有者に対し違反行為の停止請求の訴訟を提起することを決議する 場合でも、その者の議決権行使を認めなければならない。,共用部分の大規模修繕工事により、専有部分の使用に特別の影響を及ぼすべきとき でも、その専有部分の所有者の承諾は必要でない。 23,4,FALSE,FALSE,,（解説は未入力です。）,,,,,
2011,平成23年度,38,single,判例・横断総合,h23;single_choice;direct_question;parsed,管理組合法人に関する次の記述のうち、区分所有法の規定によれば、正しいものはどれか。,,,,,,管理組合法人に関して登記すべき事項は、登記した後でなければ、第三者に対抗す ることができない。,集会所のみを共有する1戸建て住宅で構成される団地管理組合は、団地管理組合法 人になることができない。,管理組合法人には、必ず理事を置かなければならないが、監事の設置については任 意である。,管理組合法人の代理権に加えた制限は、第三者の善意、悪意にかかわらず、その第 三者に対抗することができない。 24,1,FALSE,FALSE,,（解説は未入力です。）,,,,,
2011,平成23年度,39,single,判例・横断総合,h23;single_choice;direct_question;parsed,Aは、マンション分譲業者Bから甲マンション1階部分に所在する屋内駐車場（101号室）の区分所有権を売買により取得したが、同売買契約に当たっては、同部分を駐車場以外の他の用途に変更しない旨の合意がなされた。なお、専有部分の用途については、規約において何の定めもなかった。その後、Aは、101号室をCに売却したが、Cは、同室を屋内駐車場から飲食店舗に改造して飲食店を営んだ。さらに、101号室は、CからDに賃貸され、Dが同部分で飲食店を営んでいる。そこで甲マンション管理組合は、当該マンションが、101号室を除いてはすべての専有部分が居住の用に供されていることから、集会において規約を改正し（以下本問において改正後の規約を「本件規約」という。）、当該マンションの専有部分は、すべて住宅として使用しなければならない旨の定めを設けた。この場合に関する次の記述のうち、区分所有法の規定及び判例によれば、正しいものはどれか。,,,,,,AB間の売買契約においてなされた101号室を駐車場以外の他の用途に変更しない 旨の合意は、Aの特定承継人であるCに対しても、その効力を生ずるから、Cの行っ た店舗への改造は許されない。,占有者は、建物等の使用方法につき、区分所有者が規約に基づいて負う義務と同一 の義務を負うから、Dは、本件規約により、101号室を飲食店として使用することは できない。,本件規約に改正するに当たっては、Cの権利に特別の影響を及ぼすことから、その 承諾を得ていない限り、Cは本件規約の制限に拘束されることはなく、店舗としての 所有及び賃貸は許される。,本件規約に改正するに当たり、Cが本件規約を議題とする集会において、集会の招 集者に対して白紙委任状を提出した場合には、個別的承諾があったものとみなされ、 Cは本件規約の制限に拘束されるから、店舗としての所有及び賃貸は許されない。 25,3,FALSE,FALSE,,（解説は未入力です。）,,,,,
2011,平成23年度,40,single,判例・横断総合,h23;single_choice;direct_question;parsed,宅地建物取引業者（宅地建物取引業法（昭和27年法律第176号）第2条第3号に規定する者をいう。以下同じ。）A（以下本問において「A」という。）が自ら売主として、買主B（以下本間において「B」という。）にマンションの販売を行う場合における宅地建物取引業法第35条の規定に基づく重要事項の説明に関する次の記述のうち、同条の規定に違反しないものはどれか。,,,,,,Aは、Bの承諾が得られたため、宅地建物取引主任者に口頭で重要事項の説明を行 わせ、重要事項説明書の交付を行わなかった。,Aは、当該マンションの電気の供給施設が売買契約後に整備される見通しであった ため、その整備の状況についての説明を行わなかった。,Aは、Bが宅地建物取引業者であったため、当該マンションの管理規約で「ペット 飼育禁止」の制限があったが、当該制限についての説明を行わなかった。,Aは、Bに対し、当該マンションが住宅性能評価を受けた新築マンションである旨 を説明したが、具体的な評価内容についての説明を行わなかった。,4,FALSE,FALSE,,（解説は未入力です。）,,,,,
2011,平成23年度,41,single,判例・横断総合,h23;single_choice;most_inappropriate;parsed,A社（以下本問において「A」という。）が、新築の分譲マンションを買主B（以下本問において「B」という。）に売却した場合に、Aが負う民法上の「瑕疵担保責任」とBに対して行う「アフターサービス」を比較した次の記述のうち、最も不適切なものはどれか。,,,,,,瑕疵担保責任の内容として、民法上BはAに対し瑕疵の補修の請求をすることがで きることは、アフターサービスと異ならない。,瑕疵担保責任は、アフターサービスと異なり、民法上の法定の責任としてAがBに 対して負うものである。,瑕疵担保責任を負うべき期間は、AとBとの特約がなければBが瑕疵を知った時か ら1年間であるが、アフターサービスは、AとBとの間で約定された期間である。,瑕疵担保責任の内容として、BはAに対し損害賠償請求をすることができるが、ア フターサービスの内容として瑕疵又は欠陥の補修のみが定められているときは、損害 賠償請求はできない。 26,1,FALSE,FALSE,,（解説は未入力です。）,,,,,
2011,平成23年度,42,single,判例・横断総合,h23;single_choice;direct_question;parsed,ともに宅地建物取引業者でも法人でもない売主A（以下本問において「A」という。）と買主B（以下本間において「B」という。）が、マンションの売買契約を締結した場合における、Aの瑕疵担保責任に関する次の記述のうち、民法の規定及び判例によれば、正しいものはどれか。,,,,,,AB間において、瑕疵担保責任に関する特約をしないで、売買契約書に瑕疵担保責 任についての規定を置かなかった場合、Aは瑕疵担保責任を負わない。,AB間において「Aは瑕疵担保責任を負わない」旨の特約をした場合、その特約は 有効であるが、Aが売買契約締結当時に知っていた瑕疵についてはその責任を免れな い。,AB間において「Aはマンションの引渡しの日から2箇月間のみ瑕疵担保責任を負 う」旨の特約をしても、Aは引渡しの日から1年間はその責任を負わなければならな い。,AB間において、Aが瑕疵担保責任を負う期間を定めなかった場合、Bは引渡しの 日から5年間に限り、Aに対し瑕疵担保に基づく損害賠償請求ができる。,2,FALSE,FALSE,,（解説は未入力です。）,,,,,
2011,平成23年度,43,single,判例・横断総合,h23;single_choice;direct_question;parsed,次の記述のうち、消費者契約法（平成12年法律第61号）の規定及び判例によれば、正しいものはどれか。,,,,,,株式会社が、マンションの1室を業務用として使用する個人に売却する契約には、 消費者契約法は適用されない。,宅地建物取引業法の消費者保護に関する規定が適用される契約には、消費者契約法 は適用されない。,消費者契約法が適用されるマンションの賃貸借契約において、賃貸借契約終了時に 賃借人に返還されるべき敷金から一定額を償却する（敷引き）特約は、同法に抵触し 無効である。,売主が事業者で買主が消費者であるマンションの売買契約において、売主の瑕疵担 保による損害賠償責任の全部を免除する契約条項は、売主が宅地建物取引業者でなけ れば有効である。 27,1,FALSE,FALSE,,（解説は未入力です。）,,,,,
2011,平成23年度,44,single,判例・横断総合,h23;single_choice;direct_question;parsed,区分所有者A（以下本問において「A」という。）が、自己所有のマンシヨンの専有部分をBに賃貸した場合に関する次の記述のうち、借地借家法の規定によれば、正しいものはどれか。なお、AB間の賃貸借契約は、定期建物賃貸借契約ではないものとする。,,,,,,AB間の賃貸借契約の期間を定めなかったときは、2年間の契約期間の賃貸借契約 と推定される。,AB間において、賃貸借契約の期間を2年間と定めた場合でも、Bは1月の予告期 間を設ければ、期間内解約の申入れをすることができる。,AB間において、賃貸借契約の期間を定めた場合、Aが期間満了の1年前から6月 前までの間にBに対し更新しない旨の通知をしなかったときは、従前の契約と同一条 件で更新されたものとみなされ、更新後は契約期間の定めがない契約となる。,Aに居住の必要が生じたときは、Aは解約申入れができるという特約は、6月以上 の予告期間を設ければ有効である。,3,FALSE,FALSE,,（解説は未入力です。）,,,,,
2011,平成23年度,45,single,判例・横断総合,h23;single_choice;direct_question;parsed,不動産登記法（平成16年法律第123号）に関する次の記述のうち、誤っているものはどれか。,,,,,,区分建物の表示に関する登記における区分建物の床面積は、各階ごとに壁その他の 区画の内側線で囲まれた部分の水平投影面積により算出する。,登記記録は、表題部と権利部に区分して作成され、さらに権利部は甲区とて区に区 分される。,所有権の移転の登記の申請は、法令に別段の定めがある場合を除き、登記権利者及 び登記義務者が共同してしなければならない。,権利に関する登記を申請する場合において、売買契約書などの登記原因証書がない 場合には、申請書の副本をもってこれに代えることができる。 28,4,FALSE,FALSE,,（解説は未入力です。）,,,,,
2011,平成23年度,46,count,判例・横断総合,h23;count;count;parsed,マンションの管理の適正化に関する指針（平成13年国土交通省告示第1288号）に関する次の記述のうち、不適切なものはいくつあるか。アマンションの管理は、専門的な知識を必要とすることが多いため、管理組合は、マンション管理士やマンション管理業者等専門的知識を有する者にその管理を任せるよう心がけることが重要である。イマンションの管理の主体は、マンションの区分所有者等で構成される管理組合であり、管理組合は、マンションの区分所有者等の意見が十分に反映されるよう、また、長期的な見通しを持って、適正な運営を行うことが重要である。ウ 管理組合を構成するマンションの区分所有者等は、管理組合の一員としての役割を十分認識して、管理組合の運営に参加するよう努めなければならず、自らの意見が総会の場等において反映されない場合には、マンション管理業者に個別に働きかけるなど、その役割を適切に果たすよう努める必要がある。工管理組合は、第三者に管理事務を委託する場合において、管理事務の簡素合理化の観点から、管理事務の全部を委託すべきであって、一部のみを委託することは避けるべきである。,,,,,,一つ,二つ,三つ,四つ 29,3,FALSE,FALSE,,（解説は未入力です。）,,,,,
2011,平成23年度,47,single,判例・横断総合,h23;single_choice;direct_question;parsed,マンション管理業者が行う重要事項の説明及び契約成立時の書面の交付に関する次の記述のうち、マンション管理適正化法の規定によれば、正しいものはどれか。,,,,,,マンション管理業者は、管理者の置かれた管理組合と従前の管理受託契約と同一の 条件で管理受託契約を更新しようとするときは、当該管理者に対し、管理業務主任者 をして、重要事項について、これを記載した書面を交付して説明すれば足り、区分所 有者等全員に対し、交付する必要はない。,マンション管理業者は、新たに建設されたマンションの分譲開始の日から1年を経 過する日までの間に契約期間が満了する管理受託契約を締結しようとするときは、説 明会を開催して、重要事項について説明しなくてもよい。,マンション管理業者は、管理組合から管理事務の委託を受けることを内容とする契 約を締結したときは、管理組合の管理者等（マンション管理業者が管理者等である場 合又は管理者等が置かれていない管理組合にあっては区分所有者等全員）に契約締結 後2週間以内に管理受託契約の成立時の書面の交付をしなければならない。,マンション管理業者は、重要事項並びに説明会の日時及び場所を記載した書面を交 付するときは、管理業務主任者をして、当該書面に記名押印させなければならない。 30,4,FALSE,FALSE,,（解説は未入力です。）,,,,,
2011,平成23年度,48,single,判例・横断総合,h23;single_choice;direct_question;parsed,管理業務主任者に関する次の記述のうち、マンション管理適正化法の規定によれば、正しいものはどれか。,,,,,,管理業務主任者は、管理組合から委託を受けた管理事務について、帳簿を作成し、 これを保存しなければならない。,管理受託契約の締結に先立ちマンション管理業者が、マンションの区分所有者等及 び管理組合の管理者等に交付する重要事項を記載した書面への記名押印は、その事務 所ごとに置かれている専任の管理業務主任者が行わなければならない。,管理業務主任者は、重要事項を記載した書面の説明をするときは、説明の相手方に 対し、管理業務主任者証を提示しなければならない。,マンション管理業者は、管理組合から管理事務の委託を受けることを内容とする契 約を締結したときは、当該契約の成立時に交付すべき書面に管理業務主任者をして記 名押印させる必要はない。,3,FALSE,FALSE,,（解説は未入力です。）,,,,,
2011,平成23年度,49,count,判例・横断総合,h23;count;count_incorrect;parsed,マンション管理業者の業務に関する次の記述のうち、マンション管理適正化法によれば、誤っているものはいくつあるか。アマンション管理業者は、その事務所ごとに、公衆の見やすい場所に、「登録番号」、「登録の有効期間」、「商号、名称又は氏名」、「代表者氏名」、「この事務所に置かれている専任の管理業務主任者の氏名」、「主たる事務所の所在地（電話番号を含む）」が記載された標識を掲げなければならない。イマンション管理業者は、業務状況調書、貸借対照表及び損益計算書又はこれらに代わる書面をその事務所ごとに、備え置かれた日から起算して5年を経過する日までの間、備え置かなければならない。ウマンション管理業者は、管理組合から委託を受けた管理事務のうち基幹事務については、一括して他人に委託してはならない。エ マンション管理業者は、マンション管理業者でなくなった後においても、その業務に関して知り得た秘密を、正当な理由がなく漏らしてはならない。,,,,,,一つ,二つ,三つ,四つ,1,FALSE,FALSE,,（解説は未入力です。）,,,,,
2011,平成23年度,50,single,判例・横断総合,h23;single_choice;direct_question;parsed,管理事務（マンション管理適正化法第2条第6号に規定するものをいう。以下本問において同じ。）の報告に関する次の記述のうち、マンション管理適正化法によれば、正しいものはどれか。,,,,,,管理事務の委託を受けた管理組合に管理者等が置かれているときは、マンション管 理業者は、当該管理組合の事業年度終了後、遅滞なく、当該管理者等に管理事務に関 する報告をしなければならないが、管理事務報告書を作成して交付する必要はない。,管理事務の委託を受けた管理組合に管理者等が置かれていないときは、マンション 管理業者は、管理事務の報告を行う説明会の開催日の1週間前までに、説明会の開催 日時及び場所について、当該マンションの区分所有者等の見やすい場所に掲示しなけ ればならない。,マンション管理業者は、管理事務に関する報告を行うときは、管理業務主任者をし て、報告の対象となる期間、管理組合の会計の収入及び支出の状況並びに管理受託契 約の内容に関する事項を記載した管理事務報告書を作成させ、該書面に記名押印さ せなければならない。,管理事務の委託を受けた管理組合に管理者等が置かれていないときは、マンション 管理業者は、当該管理組合の事業年度終了後、遅滞なく、管理事務報告書を作成し、 説明会を開催すれば、当該報告書を区分所有者等に交付する必要はない。 32,2,FALSE,FALSE,,（解説は未入力です。）,,,,,
2012,平成24年度,1,combination,判例・横断総合,h24;combination;direct_question;parsed,マンション（マンションの管理の適正化の推進に関する法律（平成12年法律第149号。以下「マンション管理適正化法」という。）第2条第1号に規定するものをいう。以下同じ。）の管理組合A（以下本問において「A」という。）の理事長（管理者）B（以下本問において「B」という。）が、マンション管理業者（マンション管理適正化法第2条第8号に規定する者をいう。以下同じ。）C（以下本間において「C」という。）との間で管理委託契約（以下本間において「本件契約」という。）を締結する場合に関する次の記述のうち、民法及び建物の区分所有等に関する法律（昭和37年法律第69号。以下「区分所有法」という。）の規定によれば、正しいもののみの組合せはどれか。なお、Aは管理組合法人ではない。ア Bは、当該マンションの区分所有者を代理して本件契約を締結する。イ Bに本件契約の締結につき要素の錯誤があった場合には、Aは本件契約を取り消すことができるが、ただし、Bに過失があったときには取り消すことができない。ウ Bが、Cの代表者である場合には、Bは集会の承認を得なければ本件契約を締結することができない。エ Bが、理事長（管理者）に選任された後、後見開始の審判を受け、その後に本件契約を締結した場合であっても、本件契約は有効に成立する。,,,,,,ア・イ,ア・ウ,イ・エ,ウ・エ 1,2,FALSE,FALSE,,（解説は未入力です。）,,,,,
2012,平成24年度,2,single,判例・横断総合,h24;single_choice;direct_question;parsed,マンションの管理組合A（以下本間において「A」という。）が、管理委託契約を締結しているマンション管理業者B（以下本問において「B」という。）に対して、郵便により、ある事項についての意思表示を通知した場合に関する次の記述のうち、民法の規定によれば、誤っているものはどれか。,,,,,,Aの意思表示は、その通知がBに到達した時からその効力が生ずるので、その通知 の到達前に、Aが当該意思表示を撤回すれば、意思表示の効力は生じない。,意思表示を通知したAの理事長（管理者）が、通知を発した後に死亡したときであ っても、その意思表示の効力は失われない。,意思表示を通知したAの理事長（管理者）が、通知を発した後に行為能力を喪失し たときは、その意思表示の効力は失われる。,Aの意思表示が契約の申込みであった場合に、その申込みの通知がBに到達した後 にBが承諾の通知を発したときは、承諾の通知を発した時に契約は成立する。,3,FALSE,FALSE,,（解説は未入力です。）,,,,,
2012,平成24年度,3,single,判例・横断総合,h24;single_choice;direct_question;parsed,マンションの管理費の支払債務と時効に関する次の記述のうち、民法の規定によれば、誤っているものはどれか。,,,,,,区分所有者が、管理組合に対して負う管理費の支払債務について、管理組合が区分 所有者に対しその遅滞につき支払いの催告を行っても、催告後、6箇月以内に裁判上 の請求など一定の行為をしなければ、時効中断の効力が生じない。,区分所有者が、管理組合に対して負う管理費の支払債務が時効により消滅した場合 には、管理費の支払いの遅滞によって発生した遅延損害金も消滅する。,区分所有者が、管理組合に対して管理費を支払わないまま10年間又は20年間にわた り共用部分の占有を継続した場合でも、その事実だけで当該共用部分の所有権を時効 取得できるわけではない。,区分所有者が、管理組合に対して負う管理費の支払債務について、区分所有者は時 効の利益をあらかじめ放棄することを規約に定めておくことができる。 2,4,FALSE,FALSE,,（解説は未入力です。）,,,,,
2012,平成24年度,4,single,判例・横断総合,h24;single_choice;direct_question;parsed,区分所有法に定める管理者の権利義務に関する次の記述のうち、民法及び区分所有法の規定によれば、誤っているものはどれか。,,,,,,管理者が、職務を行うに当たって費用を要するときであっても、区分所有者に対し て、その費用の前払を請求することはできない。,管理者は、その職務上受け取った金銭その他の物を区分所有者に引き渡さなければ ならない。,管理者は、その職務を行うに当たって必要と認められる費用を支出したときは、区 分所有者に対して、その費用及び支出の日以後におけるその利息の償還を請求するこ とができる。,管理者が、その職務を行うため自己に過失なく損害を受けたときは、区分所有者に 対して、その賠償を請求することができる。,1,FALSE,FALSE,,（解説は未入力です。）,,,,,
2012,平成24年度,5,single,判例・横断総合,h24;single_choice;direct_question;parsed,AのBに対する金銭債務に関する次の記述のうち、民法の規定によれば、正しいものはどれか。,,,,,,AのBに対する金銭債務について、Cが同債務を保証するための保証契約の当事者 は、AとCである。,AのBに対する金銭債務について、Cが連帯債務者となった場合に、Cは、Bに対 して自己の負担部分についてのみ弁済の責任を負う。,AのBに対する金銭債務について、Cが連帯保証人となった場合に、Cは、Bから の請求に対して催告及び検索の抗弁権を行使することができる。,AのBに対する金銭債務について、Cが保証人となった場合に、Cは、AのBに対 する金銭債権による相殺をもってBに対抗することができる。 3,4,FALSE,FALSE,,（解説は未入力です。）,,,,,
2012,平成24年度,6,combination,判例・横断総合,h24;combination;direct_question;parsed,請負と委任の異同に関する次の記述のうち、民法の規定によれば、誤っているもののみの組合せはどれか。ア請負も委任も、いずれも諸成の双務契約である。イ請負においては、請負人は請負に係る仕事を第三者に行わせることはできないが、委任においては、受任者は委託に係る法律行為を第三者に行わせることができる。ウ 請負人は、仕事の目的物の引渡しと同時に報酬の支払いを請求することができるが、受任者は報酬を受けるべき場合には、委任事務を履行した後に報酬を請求することができる。エ請負は、各当事者がいつでも契約を解除することができるが、委任は、委任事務の履行の着手前に限り、委任者のみが契約を解除することができる。,,,,,,ア・イ,ア・ウ,イ・エ,ウ・エ,3,FALSE,FALSE,,（解説は未入力です。）,,,,,
2012,平成24年度,7,single,判例・横断総合,h24;single_choice;most_appropriate;parsed,管理事務の内容及び実施方法に関する次の記述のうち、マンション標準管理委託契約書及びマンション標準管理委託契約書コメント（平成21年10月2日国総動指第30号。国土交通省建設流通政策審議官通知。以下「マンション標準管理委託契約書」という。）の定めによれば、最も適切なものはどれか。,,,,,,マンション管理業者に委託する管理事務として契約書に記載する事項は、事務管理 業務、管理員業務、清掃業務、建物・設備管理業務のほか、植栽管理業務などを個々 の委託の状況や必要性に応じて、適宜追加してもよい。,マンション管理業者が行う管理対象部分は、管理規約により管理組合が管理すべき 部分のうち、マンション管理業者が受託して管理する部分であり、区分所有者が管理 すべき部分は含まないため、専用使用部分（バルコニー、トランクルーム、専用庭 等）については管理事務の対象には含まれない。,マンション管理業者は、管理組合に対し、管理事務の処理状況及びマンション管理 業者の会計の収支の結果を記載した書面を交付し、管理業務主任者をして、報告をさ せなければならない。,マンション管理業者がマンション管理適正化法の規定に基づき処分を受けたときは、 管理組合に対して、速やかに口頭にて、通知しなければならない。 4,1,FALSE,FALSE,,（解説は未入力です。）,,,,,
2012,平成24年度,8,count,判例・横断総合,h24;count;count;parsed,マンションの管理委託契約（以下本問において「契約」という。）の解除及び解約の申入れに関する次の記述のうち、マンション標準管理委託契約書の定めによれば、不適切なものはいくつあるか。アマンション管理業者が、マンション管理適正化法の規定に違反し、業務停止の処分を受けた場合、管理組合は契約を解除することができる。イ管理組合及びマンション管理業者は、解約の申入れをしようとする場合、少なくとも3月前までに、その相手方に対し、書面をもって申し入れるものとする。ウ 管理組合及びマンション管理業者は、その相手方が、契約に定められた義務の履行を怠った場合、直ちに契約を解除することができる。エマンション管理業者が破産を申し立てたときは、管理組合は契約を解除することができるが、会社更生、民事再生の申立てをしたときは、契約を解除することができない。,,,,,,一つ,二つ,三つ,四つ,3,FALSE,FALSE,,（解説は未入力です。）,,,,,
2012,平成24年度,9,single,判例・横断総合,h24;single_choice;most_appropriate;parsed,マンション管理業者が行う出納に関する次の記述のうち、マンション標準管理委託契約書の定めによれば、最も適切なものはどれか。,,,,,,マンション管理業者が管理費等の収納事務を集金代行会社に再委託する場合、再委 託先の集金代行会社の名称及び代表者名を管理委託契約書に記載しなければならない。,マンション管理業者は管理費等滞納者に対する促について、電話若しくは自宅訪 問又は促状の方法により、その支払の督促を行い、毎月、管理業務主任者をして管 理費等の滞納状況を、管理組合に報告しなければならない。,通帳等の保管等について、収納口座及び保管口座のうち、収納口座については通帳、 印鑑等をマンション管理業者又は管理組合のいずれが保管しているかを管理委託契約 書に記載しなければならないが、保管口座の保管者についての記載は任意である。,マンション管理業者が保証契約を締結している場合、保証契約の契約内容の記載に ついては、保証契約書等の添付により確認できる場合は、解除に関する事項、免責に 関する事項、保証額の支払に関する事項など、一部の記載を省略することができる。,4,FALSE,FALSE,,（解説は未入力です。）,,,,,
2012,平成24年度,10,single,判例・横断総合,h24;single_choice;direct_question;parsed,マンションの滞納管理費を回収するための訴訟に関する次の記述のうち、民事訴訟法（平成8年法律第109号）及び裁判所法（昭和22年法律第59号）の規定によれば、誤っているものはどれか。,,,,,,滞納管理費の総額が60万円以下の場合でも、民事訴訟法の「少額訴訟」の手続によ らず、通常の民事訴訟の手続によることができる。,管理費の滞納者に対して、訴訟を提起するためには、事前に少なくとも1回、内容 証明郵便による促を行ったことが必要である。,管理費の滞納者が行方不明になっている場合でも、訴訟を提起することができる。,管理費の滞納額が140万円を超えない場合は、簡易裁判所に対して訴えを提起する ことができる。 6,2,FALSE,FALSE,,（解説は未入力です。）,,,,,
2012,平成24年度,11,single,判例・横断総合,h24;single_choice;direct_question;parsed,マンションの管理費の滞納に関する次の記述のうち、民法及び区分所有法の規定によれば、誤っているものはどれか。,,,,,,管理費の滞納者が死亡した場合、管理組合は、滞納者の相続人のうち、滞納者が区 分所有していた専有部分を現に占有している者に対してのみ、滞納管理費を請求する ことができる。,規約に管理費に関する遅延損害金の定めがない場合でも、民法所定の法定利率によ って遅延損害金を請求することができる。,競売によってマンションの区分所有権を買い受けた者も、前区分所有者の滞納管理 費の支払義務を承継する。,専有部分が賃貸され、その賃貸借契約において、管理費の支払いは賃借人が行う旨 を定めていた場合でも、その滞納があったときは、管理組合は賃貸人である区分所有 者に滞納管理費を請求することができる。,1,FALSE,FALSE,,（解説は未入力です。）,,,,,
2012,平成24年度,12,single,判例・横断総合,h24;single_choice;most_appropriate;parsed,区分所有者が納入する管理費及び修繕積立金に関する次の記述のうち、マンション標準管理規約及びマンション標準管理規約コメント（単棟型）（平成23年7月27日国土動指第3号、国住マ第18号。国土交通省土地・建設産業局長、同住宅局長通知。以下「マンション標準管理規約」という。）の定めによれば、最も適切なものはどれか。,,,,,,管理組合役員として官公署との打合せに出席するための交通費は、通常の管理に要 する経費に該当しない。,管理組合は、敷地や共用部分等の通常の管理に要する費用に充当するため、修繕積 立金を取り崩すことができない。,居住者が各自の判断で自治会、町内会等に加入するときに支払った自治会費、町内 会費を管理組合が負担する場合、その負担額は通常の管理活動に係る経費に該当する。,管理費等の負担割合を定めるに当たっては、共用部分の使用頻度も勘案する。 7,2,FALSE,FALSE,,（解説は未入力です。）,,,,,
2012,平成24年度,13,single,判例・横断総合,h24;single_choice;most_appropriate;parsed,管理組合の会計等に関する次の記述のうち、マンション標準管理規約の定めによれば、最も適切なものはどれか。,,,,,,管理費等に不足が生じた場合、管理組合は組合員に対して、各区分所有者の共用部 分の共有持分に応じた負担割合により、総会の決議をもって必要な金額の負担を求め ることができる。,管理組合の会計処理に関する細則の変更は、理事会の決議により行うことができる。,建物の建替えに係る計画又は設計等の経費のための修繕積立金の取崩しは、理事会 の決議により行うことができる。,収支決算の結果、管理費に余剰を生じた場合には、その余剰は翌年度における修繕 積立金として積み立てる。,1,FALSE,FALSE,,（解説は未入力です。）,,,,,
2012,平成24年度,14,single,判例・横断総合,h24;single_choice;direct_question;parsed,"管理組合の活動における以下の取引に関して、平成24年3月分の仕訳として正しいものは次のうちどれか。ただし、この管理組合の会計年度は、4月1日から翌年3月31日までとし、期中の取引において、企業会計原則に基づき厳格な発生主義によって経理しているものとする。（取引）平成24年3月31日に、管理組合の普通預金口座に組合員から合計1,540,000円の入金があった。入金の内訳は以下のとおりである。なお、3月分の管理費等の未収入金は、管理費30,000円、修繕積立金20,000円であった。",,,,,,管理費入金内訳 ① 平成24年2月以前分 ② 平成24年 3月分 ③ 平成24年4月分,"修繕積立金入金内訳 ① 平成24年2月以前分 ② 平成24年3月分 ③ 平成24年4月分 80,000円 250,000円 520,000円 60,000円 130,000円 500,000円 小計 850,000円 1 （借方） 普通預金 1,540,000 小計 690,000円 合計1,540,000円 （単位：円） 850,000 690,000 2 （借方） 普通預金 1,540,000","（借方） 普通預金 未収入金 1,540,000 50,000","（借方） 普通預金 未収入金 1,540,000 50,000 （貸方） 管理費収入 修繕積立金収入 （貸方） 管理費収入 修繕積立金収入 前受金 （貸方） 未収入金 管理費収入 修繕積立金収入 前受金 （貸方） 未収入金 管理費収入 修繕積立金収入 330,000 190,000 1,020,000 140,000 280,000 150,000 1,020,000 140,000 800,000 650,000 9",3,FALSE,FALSE,,（解説は未入力です。）,,,,,
2012,平成24年度,15,single,判例・横断総合,h24;single_choice;direct_question;parsed,管理組合の活動における以下の取引に関して、平成24年3月分の仕訳として正しいものは次のうちどれか。ただし、この管理組合の会計年度は、4月1日から翌年3月31日までとし、期中の取引において、企業会計原則に基づき厳格な発生主義によって経理しているものとする。（取引）平成24年3月、管理会社を通じて、以下の内容の請求書が届き、同年3月31日に普通預金からその全額を支払った。（請求内訳）,,,,,,エレベーター内の防犯カメラ2ヵ所取換え代金（納入・設置同年3月）,高架水槽清掃代金（同年2月完了）,"漏水補修工事費用の前払い（同年4月実施予定） 合計 400,000円 100,000円 200,000円 700,000円 1 （借方） 什器備品 未払金 修繕費 2 3","（借方） 修繕費 （借方） 修繕費 前払金 （借方） 什器備品 未払金 前払金 （貸方） 普通預金 （単位：円） 700,000 400,000 100,000 200,000 700,000 （貸方） 普通預金 （貸方） 普通預金 700,000 500,000 200,000 700,000 （貸方） 普通預金 400,000 100,000 200,000 700,000 10",4,FALSE,FALSE,,（解説は未入力です。）,,,,,
2012,平成24年度,16,single,判例・横断総合,h24;single_choice;direct_question;parsed,管理組合の税務に関する次の記述のうち、税法の規定によれば、正しいものはどれか。,,,,,,所得税法上、管理組合が受け取る預金利子や配当による収入には、所得税は課税さ れない。,組合員が使用する駐車場の収入は、消費税の課税対象とはならず、課税売上高を構 成しないが、専用庭使用料は消費税の課税対象となる。,管理組合の支出のうち管理組合が雇用している従業員の給与は、消費税の課税取引 として課税対象となる。,"前々年度（平成22年1月1日から1年間）の課税売上高が300万円、前年度（平成 23年1月1日から1年間）の課税売上高が1,200万円、当年度（平成24年1月1日か ら1年間）の課税売上高が1,300万円の場合、当年度は消費税の納税義務者とはなら ず、消費税を納入する必要はない。",4,FALSE,FALSE,,（解説は未入力です。）,,,,,
2012,平成24年度,17,combination,判例・横断総合,h24;combination;direct_question;parsed,建築基準法（昭和25年法律第201号）に規定されている建築物の高さに関する次の記述の（ア）から（ウ）に入る数値の組合せとして、正しいものはどれか。避雷設備を設けなければならない建築物は、原則として高さが （ア）mを超えるもの、非常用の昇降機を設けなければならない建築物は、原則として高さが（イ）mを超えるものであり、また、高さが（ウ） mを超える建築物は、その構造方法について、構造計算によって安全性が確かめられたものとして国土交通大臣の認定を受けなければならない。,,,,,,"A=31, B=20, C=31","A=31, B=20, C=60","A=20, B=31, C=60","A=20, B=31, C=31",3,FALSE,FALSE,,（解説は未入力です。）,,,,,
2012,平成24年度,18,single,判例・横断総合,h24;single_choice;direct_question;parsed,建築基準法に用いられている用語に関する次の記述のうち、誤っているものはどれか。,,,,,,居室には、集会、娯楽のために使用する室は含まれない。,主要構造部と構造耐力上主要な部分の範囲は異なる。,不燃材料には、国土交通大臣が定めたものと国土交通大臣の認定を受けたものがあ る。,建築基準法の各条文の目的により、適用される特殊建築物の範囲は異なる。,1,FALSE,FALSE,,（解説は未入力です。）,,,,,
2012,平成24年度,19,single,判例・横断総合,h24;single_choice;direct_question;parsed,共同住宅の防火管理者に関する次の記述のうち、消防法（昭和23年法律第186号）によれば、誤っているものはどれか。,,,,,,一定の資格を有する防火管理者により防火上の管理を行わなければならない防火対象物は、収容人員が50人以上のものである。,防火管理者により防火上の管理を行わなければならない防火対象物で、延べ面積が500m以上のものの防火管理者は、甲種防火管理講習の課程を修了した者その他一定の資格を有する者でなければならない。,防火管理者が行うべき業務には、消火、通報及び避難訓練の実施が含まれる。,防火管理者の業務については、できる限り外部の専門業者への委託により行うこととされている。,4,FALSE,FALSE,,（解説は未入力です。）,,,,,
2012,平成24年度,20,single,判例・横断総合,h24;single_choice;most_appropriate;parsed,免震構造・工法に関する次の記述のうち、最も適切なものはどれか。,,,,,,免震構造とは、免震層を配置することにより、地震力に対して建築物がゆっくりと 水平移動し、建築物に作用する地震力を低減する構造形式をいう。,免震工法を採用した建築物を建築する場合の構造方法は、必ず国土交通大臣の認定 を受けなければならない。,免震構造に用いられる免震材料は、直荷重を支持し、建築物の水平方向の変形性 能を確保する支承材のみである。,免震構造の建築物であっても、建築設備の設計・施工においては耐震及び制震構造 の建築物との違いはない。,1,FALSE,FALSE,,（解説は未入力です。）,,,,,
2012,平成24年度,21,single,判例・横断総合,h24;single_choice;direct_question;parsed,建築基準法施行令（昭和25年政令第338号）第107条に規定されている耐火性能に関する技術的基準に関する次の記述のうち、誤っているものはどれか。なお、本問において「要求耐火時間」とは、通常の火災による火熱が加えられた場合に、建築物の当該部分が構造耐力上支障のある変形、溶融、破壊その他の損傷を生じないで耐えなければならない時間をいう。,,,,,,要求耐火時間としては、30分間、1時間、2時間、3時間の4つが規定されている。,高層建築物の柱、はりの要求耐火時間は、高層階ほど長いものとなっている。,壁及び床については、要求耐火時間以外に、加熱面以外の面（屋内に面するものに 限る。）の上昇温度についても規定されている。,外壁及び屋根については、要求耐火時間以外に、屋外に火炎を出す原因となるき裂 その他の損傷を生じないものであることが規定されている。 13,2,FALSE,FALSE,,（解説は未入力です。）,,,,,
2012,平成24年度,22,single,判例・横断総合,h24;single_choice;most_appropriate;parsed,コンクリートに関する次の記述のうち、最も適切なものはどれか。,,,,,,まだ固まらない状態にあるコンクリートを、プレーンコンクリートという。,コンクリートから細骨材を除いたものは、モルタルである。,工場で生産され、まだ固まらない状態のまま現場にコンクリートミキサー車などで 運搬されるコンクリートを、レディーミクストコンクリートという。,建設当初にコンクリートが持つ強アルカリ性が徐々に失われ、内部の鉄筋が錆びや すい状況になる現象を、コンクリートの酸性化という。,3,FALSE,FALSE,,（解説は未入力です。）,,,,,
2012,平成24年度,23,single,判例・横断総合,h24;single_choice;most_inappropriate;parsed,マンションの外壁に使用される陶磁器質タイルの種類、材質及び工法に関する次の記述のうち、最も不適切なものはどれか。,,,,,,四丁掛タイル、三丁掛タイル、二丁掛タイルの長さ（長辺）は同じであるが、幅が 異なり、四丁掛タイルは、二丁掛タイルの2倍の幅である。,日本工業規格の基準によれば、タイルは、素地の質によりI類から皿類の3種類に 分けられ、そのうち吸水率の最も高いものはI類である。,近年に建築されたマンションでは、コンクリート下地に直接タイルを張る直張り工 法が多く用いられている。,改良圧着張りは、下地に張付けモルタルを塗り付けるとともに、タイル裏面にも張 付けモルタルを塗り付け、タイルを張り付ける工法である。 14,1,FALSE,FALSE,,（解説は未入力です。）,,,,,
2012,平成24年度,24,single,判例・横断総合,h24;single_choice;most_appropriate;parsed,飲料水槽の設置及び構造に関する次の記述のうち、最も適切なものはどれか。,,,,,,水槽底部には100分の1程度の高能を設け、最低部に設けたピット又は溝に水抜管 を設置すること。,建築物の内部に設けられる飲料用水槽については、有効水量2m以下の取り外しが できるものを除き、天井、底又は周壁の保守点検ができるよう、床、壁及び天井面か ら45cm以上離れるように設置すること。,オーバーフロー管の管端開口部には、防虫網を設けないこと。,水抜管は排水管と直結し、オーバーフロー管は排水口空間を設け間接排水とするこ と。,3,FALSE,FALSE,,（解説は未入力です。）,,,,,
2012,平成24年度,25,single,判例・横断総合,h24;single_choice;most_inappropriate;parsed,マンションの給水ポンプに関する次の記述のうち、最も不適切なものはどれか。,,,,,,給水ポンプ本体に使用される主な材質としては、鋳鉄製とステンレス鋼製のものが ある。,高置水槽方式の揚水ポンプは、通常2台設置して自動交互運転とする。,ポンプ直送方式における回転数制御方式としては、吐出圧力一定制御と推定末端圧 カー定制がある。,給水ポンプを防振架台上に設置する場合、耐震ストッパを設けないこと。 15,2,FALSE,FALSE,,（解説は未入力です。）,,,,,
2012,平成24年度,26,single,判例・横断総合,h24;single_choice;direct_question;parsed,次の現象に関する記述のうち、結露が発生原因である可能性が最も低いものはどれか。,,,,,,冬季に住戸の玄関の鋼製ドアの室内側表面に水滴がつく。,北側の押入れ内部でカビが発生する。,窓サッシの枠と外壁駆体の間から水が垂れる。,湿気の多い日の朝方に屋内のモルタル塗りの通路が濡れる。,3,FALSE,FALSE,,（解説は未入力です。）,,,,,
2012,平成24年度,27,single,判例・横断総合,h24;single_choice;most_inappropriate;parsed,コンクリートのひび割れを発生させる原因として、最も不適切なものは、次のうちどれか。,,,,,,鉄筋の発錆,建物の不同沈下,コンクリートの乾燥収縮,コンクリート骨材の収縮 16,4,FALSE,FALSE,,（解説は未入力です。）,,,,,
2012,平成24年度,28,single,判例・横断総合,h24;single_choice;most_inappropriate;parsed,マンションの省エネルギー対策として、最も不適切なものは、次のうちどれか。,,,,,,集会室のガラス窓に厚手のカーテンを設置する。,高置水槽方式をポンプ直送方式に変更する。,屋上の防水層を断熱材付きのものに変更する。,廊下の照明器具に人感センサーを設置する。,2,FALSE,FALSE,,（解説は未入力です。）,,,,,
2012,平成24年度,29,single,判例・横断総合,h24;single_choice;most_inappropriate;parsed,総会における議決権行使に関する次の記述のうち、区分所有法及びマンション標準管理規約によれば、最も不適切なものはどれか。,,,,,,賃借人が、賃貸人である区分所有者からの委任状を理事長に提出したので、議決権 行使を認めた。,2つの議決権を有する区分所有者が、同一議案について議決権の1つは反対する旨 の、もう1つの議決権については賛成する旨の議決権行使書を提出したので、それら の議決権行使を認めた。,専有部分の共有者の1人から転居先を総会招集通知場所とする届出がなされていた が、議決権行使者の届出はなかったので、出席した在住共有者の議決権行使を認めた。,区分所有者から提出された議決権行使書に署名押印はあるが、賛否の記載がないの で、有効な議決権行使とは認めなかった。 17,3,FALSE,FALSE,,（解説は未入力です。）,,,,,
2012,平成24年度,30,combination,判例・横断総合,h24;combination;most_inappropriate;parsed,管理費から充することができる費用と修繕積立金を取り崩すことができる工事費用とを具体的に列記した次の組合せのうち、マンション標準管理規約によれば、最も不適切なものはどれか。管理費から充当することができる費用 修繕積立金を取り崩すことができる工事費用,,,,,,役員活動費 耐震改修工事費 機械式駐車場一部撤去・自転車置場増設工,専門的知識を有する者に支払う相談料 事費,植栽尊定費,階段すべり止め剥離箇所の修理費 外壁塗装・屋上防水工事費 専有部分内の給水管取替工事費,4,FALSE,FALSE,,（解説は未入力です。）,,,,,
2012,平成24年度,31,single,判例・横断総合,h24;single_choice;direct_question;parsed,集会の招集通知に関する次の記述のうち、区分所有法の規定によれば、誤っているものはどれか。,,,,,,区分所有者の5分の1以上で議決権の5分の1以上を有するものが管理者に対し集会の招集を請求した場合、管理者は自らの名で集会の招集通知を発することができる。,管理者が一定期間内に区分所有者の5分の1以上で議決権の5分の1以上を有するものの集会招集請求に応じなかった場合、5分の1以上の者の代表者1人が、その名で集会の招集通知を発することができる。,管理組合法人が集会を招集する場合、理事が数人いても、そのうちの1人の名で招集通知を発することができる。,管理者が事故で急死し、管理者がない場合、区分所有者の5分の1以上で議決権の5分の1以上を有するものが、連名で集会の招集通知を発することができる。,2,FALSE,FALSE,,（解説は未入力です。）,,,,,
2012,平成24年度,32,single,判例・横断総合,h24;single_choice;most_appropriate;parsed,通常総会の議案書発送後、会日の3日前になって決算内容の重大ミスに気づき、その訂正が必要になった場合における各理事の意見である次の記述のうち、最も適切なものはどれか。,,,,,,既に提出された委任状と議決権行使書で過半数に達しているので、これを流用させ てもらうことにし、総会の出席者には訂正文書を手渡して説明を行い、それを総会議 事録に記載して全組合員に配布すればよい。,今から訂正文書を全組合員に発送すれば会日までに届くから、既に提出した委任状、 議決権行使書を返して欲しいという人を除き、過半数の賛成がとれればよい。,決算内容に関する限り、改めて議案書の配布をしなければ既に提出された委任状、 議決権行使書は使えないから、予定した総会は延期し、改めて総会招集通知を出す旨 を全組合員に連絡すべきである。,収支決算及び事業報告の第1号議案のみ上程を取りやめる旨を総会で報告し、新役 員が決まった後の臨時総会で審議・承認してもらう方法が簡便でよい。 1 2 3 4,3,FALSE,FALSE,,（解説は未入力です。）,,,,,
2012,平成24年度,33,count,判例・横断総合,h24;count;count;parsed,規約等の遵守義務に関する次の記述のうち、区分所有法及びマンション標準管理規約によれば、適切なものはいくつあるか。ア占有者は、建物等の使用方法について規約及び集会の決議を遵守しなければならない。イ区分所有者の特定承継人は、規約及び集会の決議を遵守しなければならない。ウ 店舗の賃借人は、その従業員に対し、規約又は集会の決議を遵守させなければならない。エ 区分所有者は、専有部分を賃貸した場合は、規約及び集会の決議の遵守義務を負わない。一つ二つ三つ四つ,,,,,,一つ,二つ,三つ,四つ,3,FALSE,FALSE,,（解説は未入力です。）,,,,,
2012,平成24年度,34,single,判例・横断総合,h24;single_choice;direct_question;parsed,管理組合法人に関する次の記述のうち、区分所有法の規定によれば、正しいものはどれか。,,,,,,管理組合法人の事務のうち、保存行為は理事が決することができる。,義務違反者に対し、共同の利益に反する行為の停止等を請求する場合は、理事が原 告となる。,理事が特定の行為の代理を他人に委任することを、規約又は集会の決議によって禁 止することはできない。,共用部分に関する損害保険契約に基づく損害保険金の請求及び受領は、理事が行う。,1,FALSE,FALSE,,（解説は未入力です。）,,,,,
2012,平成24年度,35,single,判例・横断総合,h24;single_choice;most_inappropriate;parsed,マンションの駐車場の使用に関する次の記述のうち、マンション標準管理規約によれば、最も不適切なものはどれか。,,,,,,区分所有者がその所有する専有部分を、第三者に貸与したときは、その区分所有者 の駐車場使用契約は効力を失う。,管理組合が駐車場を組合員以外の第三者に貸与した後に、総会において駐車場使用 料の値上げを決議しても、それだけで当該第三者に対して、値上げした使用料の請求 ができるとは限らない。,駐車場使用料は、その管理に要する費用に充てるほか、修繕積立金として積み立て る。,駐車場の使用細則は、理事会の決議をもって制定又は変更することができる。 20,4,FALSE,FALSE,,（解説は未入力です。）,,,,,
2012,平成24年度,36,single,判例・横断総合,h24;single_choice;direct_question;parsed,あるマンションにおける次の管理規約の定めのうち、区分所有法の規定によれば、無効とされるものはどれか。,,,,,,集会の招集の通知は、会日より少なくとも5日前に、会議の目的たる事項を示して、 各区分所有者に発しなければならない。,区分所有者の4分の1以上で議決権の4分の1以上を有するものに限り、管理者に 対し、会議の目的たる事項を示して、集会の招集を請求することができる。,集会の議事録は、書面に代えて電磁的記録により作成することができる。,管理費については、各区分所有者の共用部分に対する共有持分にかかわらず、同額 とする。,2,FALSE,FALSE,,（解説は未入力です。）,,,,,
2012,平成24年度,37,single,判例・横断総合,h24;single_choice;direct_question;parsed,地震によりマンションが滅失した場合に関する次の記述のうち、区分所有法の規定によれば、誤っているものはどれか。,,,,,,滅失した部分の価格が建物の価格の2分の1以下に相当する場合は、建替え決議を することができない。,滅失した部分の価格が建物の価格の2分の1を超える場合は、建替え決議をするこ とができる。,マンションが全部滅失した場合は、建替え決議をすることができない。,滅失した部分の価格が建物の価格の2分の1を超える場合において、滅失した日か ら6月を経過したときは、建替え決議ができないことがある。 21,1,FALSE,FALSE,,（解説は未入力です。）,,,,,
2012,平成24年度,38,count,判例・横断総合,h24;count;count_correct;parsed,次の記述のうち、区分所有法の規定によれば、正しいものはいくつあるか。ア 区分所有者全員の同意がなければ、集会招集の手続を省略することはできない。イ集会の決議事項について、区分所有者全員の書面による合意があったときは、書面による決議があったものとみなされる。ウー部共用部分の管理のうち、区分所有者全員の利害に関係するものは、区分所有者全員で管理しなければならない。エ 共用部分の各共有者は、共用部分をその用方に従って使用することができる。四つ,,,,,,一つ,二つ,三つ,四つ,4,FALSE,FALSE,,（解説は未入力です。）,,,,,
2012,平成24年度,39,combination,判例・横断総合,h24;combination;most_appropriate;parsed,次の文章は、ある事件に関する最高裁判所の判決文の一部分であるが、文中の（ア）から（エ）の中に入る用語の組合せとして、最も適切なものはどれか。なお、文中の「法」は、「建物の区分所有等に関する法律」である。「法57条に基づく（ア）等の請求については、マンション内部の不正を指摘し是正を求める者の言動を（イ）の名において封じるなど、少数者の言動の自由を必要以上に制約することにならないよう、その要件を満たしているか否かを判断するに当たって慎重な配慮が必要であることはいうまでもないものの、マンションの区分所有者が、業務執行に当たっている（ウ）をひぼう中傷する内容の文書を配布し、マンションの防音工事等を受注した業者の業務を妨害するなどする行為は、それが単なる特定の個人に対するひぼう中傷等の域を超えるもので、それにより管理組合の業務の遂行や運営に支障が生ずるなどしてマンションの正常な管理又は使用が阻害される場合には、法6条1項所定の「区分所有者の（エ）に反する行為」に当たるとみる余地があるというべきである。」,,,,,,構造上及び機能上、独立性を有する建物部分ではあるが、その一部に他の区分所有者らの共用に供される設備が設置されている以上、当該建物部分は、専有部分として区分所有権の目的とはなり得ない。,専有部分が賃貸され暴力団事務所として使用されていることを理由に、賃貸借契約の解除及びその専有部分の引渡しを請求する訴えを提起するために集会の決議をするには、あらかじめ賃借人と共に賃貸人たる区分所有者に対して弁明の機会を与えなければならない。,管理規約の規定に基づいて、区分所有者に対し管理費の支払いが義務づけられ、月ごとに所定の方法でそれが支払われる場合に、その管理費の債権は、基本権たる定期金債権から派生する支分権として消滅時効にかかる。,法人格を取得していない権利能力なき社団であるマンション管理組合について原告適格が認められることはなく、訴訟担当が認められるのは、管理者又は集会の決議により指定された区分所有者のみである。,1,FALSE,FALSE,,（解説は未入力です。）,,,,,
2012,平成24年度,40,count,判例・横断総合,h24;count;count_correct;parsed,マンションの分譲業者が、民法上、売主として負う瑕疵担保責任と売買契約の特約として行うアフターサービスに関する次の記述のうち、正しいものはいくつあるか。ア瑕疵担保責任は、売主の故意又は過失を問わない無過失責任である。イアフターサービスの内容として、瑕疵又は欠陥の補修のみを定め、損害賠償の請求はできない旨を定めることはできない。ウ アフターサービスの対象部位を、マンションの専有部分及び共用部分の一定範囲とした場合、瑕疵担保責任の及ぶ範囲も同一となる。エアフターサービスは、法定の責任ではなく、対象部位や種類ごとに、そのサービス期間と起算日を定めていることが多い。オ瑕疵担保責任の内容として、民法においては、損害賠償及び瑕疵の補修と一定の場合の契約解除を定めている。カ 瑕疵担保責任について、何らの特約をしなかった場合は、売主は瑕疵担保責任を負わない。,,,,,,一つ,二つ,三つ,四つ 24,2,FALSE,FALSE,,（解説は未入力です。）,,,,,
2012,平成24年度,41,single,判例・横断総合,h24;single_choice;direct_question;parsed,宅地建物取引業者（宅地建物取引業法（昭和27年法律第176号）第2条3号に規定する者をいう。以下同じ。）Aが、新築の分譲マンションを宅地建物取引業者でない買主Bに売却した場合における、瑕疵担保責任に関する次の記述のうち、民法及び宅地建物取引業法の規定によれば、正しいものはどれか。,,,,,,AB間において、Aが瑕疵担保責任を負う期間を「物件の引渡しの日から1年間」 と定めた場合でも、Aは「物件の引渡しの日から2年間」瑕疵担保責任を負わなけれ ばならない。,瑕疵担保責任の内容として、Bは損害賠償請求に代えて瑕疵の補修を請求すること もできる旨の特約は有効である。,当該マンションの販売代理業者は、マンションの隠れた瑕疵についてAと連帯して 瑕疵担保責任を負う。,Aに故意又は重大な過失があったときは瑕疵担保責任を負うが、軽過失のときはそ の責任を負わない旨の特約は有効である。,2,FALSE,FALSE,,（解説は未入力です。）,,,,,
2012,平成24年度,42,single,判例・横断総合,h24;single_choice;direct_question;parsed,マンション建替組合（以下本間において「組合」という。）に関する次の記述のうち、マンションの建替えの円滑化等に関する法律（平成14年法律第78号）の規定によれば、正しいものはどれか。,,,,,,組合は、必ずしも法人としなくてもよい。,組合を設立するためには、建替え合意者が5人以上共同して、定款を定め、都道府 県知事等の認可を受けなければならないが、事業計画を定めるのは認可後でよい。,組合の設立の認可を申請しようとする建替え合意者は、組合の設立について、建替 え合意者の5分の4以上の同意を得なければならない。,組合において権利変換計画及びその変更を行うときは、組合員の議決権及び持分割 合の各5分の4以上の総会決議で決する。 25,4,FALSE,FALSE,,（解説は未入力です。）,,,,,
2012,平成24年度,43,single,判例・横断総合,h24;single_choice;direct_question;parsed,区分所有者Aが、自己所有のマンションの専有部分をBに賃貸する場合に関する次の記述のうち、民法及び借地借家法（平成3年法律第90号）の規定によれば、誤っているものはどれか。,,,,,,AB間の賃貸借を定期建物賃貸借契約とするときは、契約を公正証書その他何らか の書面によってしなければならない。,AB間の賃貸借を定期建物賃貸借契約ではない期間2年間の賃貸借契約とするとき に、賃借人からの中途解約を認めない旨の特約は有効である。,Bが、Aの承諾を得ないで当該専有部分をCに転貸しようとする契約を締結したと きは、まだCが専有部分を使用していない場合でも、AはBとの賃貸借契約を解除す ることができる。,Bが、Aの同意を得て専有部分に付加した造作について、賃貸借契約の終了時に、 Aに買取請求をすることができない旨の特約は有効である。,3,FALSE,FALSE,,（解説は未入力です。）,,,,,
2012,平成24年度,44,single,判例・横断総合,h24;single_choice;direct_question;parsed,各種の法令に関する次の記述のうち、正しいものはどれか。,,,,,,自動車の保管場所の確保等に関する法律（昭和37年法律第145号）によれば、何人 も自動車を道路上の同一場所に引き続き 8時間以上（夜間においては5時間以上）駐 車する行為をしてはならない。,エネルギーの使用の合理化に関する法律（昭和54年法律第49号）によれば、延床面 積の合計が300m以上の共同住宅については、定期に当該建築物の維持保全の状況に ついて、所管行政庁に報告しなければならない。,消防法（昭和23年法律第186号）によれば、一定の防火対象物の関係者は、当該防 火対象物における消防用設備について、総務省令で定めるところにより、定期に消防 設備士等の有資格者に点検させ、その結果を消防長又は消防署長に報告しなければな らない。,備業法（昭和47年法律第117号）によれば、備業者及び備員は、備業務を 行うに当たっては、内閣府令で定める公務員の法令に基づいて定められた制服と型式 又は標章により、明確に識別することができる服装を用いなければならないが、服装 のまでは規制されていない。 26,3,FALSE,FALSE,,（解説は未入力です。）,,,,,
2012,平成24年度,45,single,判例・横断総合,h24;single_choice;direct_question;parsed,"宅地建物取引業者Aが自ら売主として、宅地建物取引業者でない買主Bに代金4,000万円で中古マンションを売却する場合における、Aの手付金等に関する次の行為のうち、宅地建物取引業法の規定に違反しないものはどれか。",,,,,,Bは、売買契約書の内容に基づいて手付金400万円をAに支払ったが、Aは当該手 付金について保全措置を講じなかった。,Aは、手付金500万円を受領したが、当該マンションについてAの所有権保存の登 記がされた後だったため、保全措置を講じなかった。,Aは、Bとの売買契約書に基づき証約手付金の名目で600万円を受領したが、解約 手付として受領したものではなかったため、AB双方が履行に着手する前だったにも 関わらず、Bからの契約解除に応じなかった。,Aは、Bから受領した手付金400万円をBに返還すれば、手付に基づく解除をする ことができる旨の特約をした。,1,FALSE,FALSE,,（解説は未入力です。）,,,,,
2012,平成24年度,46,single,判例・横断総合,h24;single_choice;most_appropriate;parsed,マンションの管理の適正化に関する指針（平成13年国土交通省告示第1288号）に関する次の記述のうち、最も適切なものはどれか。,,,,,,マンションの管理は、専門的な知識を必要とすることが多いことから、管理組合か ら委託を受けた専門的知識を有する者であるマンション管理業者が主体性をもって、 適切な対応をするよう心がけることが重要である。,管理委託契約先を選定する場合には、管理組合の管理者等は、事前に必要な資料を 収集し、マンションの区分所有者等にその情報を公開するとともに、マンション管理 業者の行う説明会を活用し、適正な選定がなされるように努める必要がある。,管理規約又は使用細則等に違反する行為があった場合、マンション管理業者は、そ の是正のため、必要な勧告、指示等を行うとともに、法令等に則り、その是正又は排 除を求める措置をとらなければならない。,複合用途型マンションにあっては、住宅部分と非住宅部分はそれぞれ別々の管理を 行い、費用負担等についても特段配慮することなく、住宅部分の利害を中心に管理す ることが望ましい。 27,2,FALSE,FALSE,,（解説は未入力です。）,,,,,
2012,平成24年度,47,single,判例・横断総合,h24;single_choice;direct_question;parsed,マンション管理業者が行う重要事項の説明に関する次の記述のうち、マンション管理適正化法によれば、正しいものはどれか。,,,,,,マンション管理業者は、重要事項の説明会を開催する場合、当該説明会の日の一週 間前までに、重要事項並びに説明会の日時及び場所を記載した書面を当該管理組合の 管理者に交付すればよい。,マンション管理業者は、従前の管理受託契約と同一の条件で管理組合との管理受託 契約を更新しようとするときは、区分所有者等全員に対し、重要事項を記載した書面 を交付したうえで、重要事項の説明会を開催しなければならない。,マンション管理業者は、重要事項を記載した書面を交付する際、事務所ごとに置か れる専任の管理業務主任者をして、当該書面に記名押印させなければならない。,マンション管理業者は、新たに建設されたマンションの当該建設工事の完了の日か ら1年を経過する日までの間に契約期間が満了する管理受託契約を締結するときは、 重要事項を説明する義務はない。,3,FALSE,FALSE,,（解説は未入力です。）,,,,,
2012,平成24年度,48,single,判例・横断総合,h24;single_choice;direct_question;parsed,管理組合の財産の分別管理に関する次の記述のうち、マンション管理適正化法によれば、正しいものはどれか。,,,,,,収納・保管口座とは、マンションの区分所有者等から徴収された修繕積立金等金銭 を預入し、預貯金として管理するための口座であって、マンション管理業者を名義人 とするものをいう。,マンション管理業者は、修繕積立金等金銭を管理する場合にあっては、収納口座に 係る管理組合等の印鑑、預貯金の引出用のカードその他これらに類するものを管理し てはならない。,マンション管理業者は、修繕積立金等が有価証券である場合、金融機関又は証券会 社に、当該有価証券の保管場所を自己の固有財産及び他の管理組合の財産である有価 証券の保管場所と明確に区分させて管理させなければならない。,マンション管理業者は、マンション管理業者から委託を受けた者がマンションの区 分所有者等から修繕積立金等金銭を徴収する場合であれば、マンションの区分所有者 等から徴収される1月分の修繕積立金等金銭の合計額以上の額につき、有効な保証契 約を締結しなくてもよい。 28,2,FALSE,FALSE,,（解説は未入力です。）,,,,,
2012,平成24年度,49,count,判例・横断総合,h24;count;count_incorrect;parsed,マンション管理業者に課せられている義務に関する次の記述のうち、マンション管理適正化法の規定によれば、誤っているものはいくつあるか。アマンション管理業者は、当該マンション管理業者の業務及び財産の状況を記載した書類をその事務所ごとに備え置き、その業務に係る関係者の求めに応じ、これを閲覧させなければならない。イマンション管理業者は、管理組合から委託を受けた管理事務について、帳簿を作成し、これを保存しなければならない。ウマンション管理業者は、正当な理由がなく、その業務に関して知り得た秘密を漏らしてはならないが、マンション管理業者でなくなった場合は、その義務を負わない。エマンション管理業者は、管理組合から委託を受けた管理事務のうち基幹事務については、その一部であっても他人に委託してはならない。,,,,,,一つ,二つ,三つ,四つ 29,1,FALSE,FALSE,,（解説は未入力です。）,,,,,
2012,平成24年度,50,single,判例・横断総合,h24;single_choice;direct_question;parsed,管理業務主任者（マンション管理適正化法第2条第9号に規定する者をいう。）に関する次の記述のうち、マンション管理適正化法によれば、誤っているものはどれか。,,,,,,管理業務主任者は、登録を受けた事項のうち、転職などにより業務に従事するマン ション管理業者に変更があった場合、管理業務主任者証の記載の訂正を受けなければ ならない。,管理業務主任者証の有効期間は5年であるが、有効期間の更新を受けようとする場 合、交付の申請の日前6月以内に行われる登録講習機関が行う講習を受けなければな らない。,管理業務主任者は、登録が消除されたとき、又は理業務主任者証がその効力を失 ったときは、速やかに、管理業務主任者証を国土交通大臣に返納しなければならない。,管理業務主任者は、国土交通大臣より事務の禁止処分を受けたときは、速やかに、 管理業務主任者証を国土交通大臣に提出しなければならない。 30,1,FALSE,FALSE,,（解説は未入力です。）,,,,,
2013,平成25年度,1,count,判例・横断総合,h25;count;count_correct;parsed,マンション（マンションの管理の適正化の推進に関する法律（平成12年法律第149号。以下「マンション管理適正化法」という。）第2条第1号に規定するものをいう。以下同じ。）の管理組合法人A（以下、本問において「A」という。）が、マンション管理業者（マンション管理適正化法第2条第8号に規定する者をいう。以下同じ。）B（以下、本問において「B」という。）との間で管理委託契約（以下、本間において「本件契約」という。）締結の前に、Bが管理業務主任者（マンション管理適正化法第2条第9号に規定する者をいう。以下同じ。）をして、重要事項の説明をさせ、その後、本件契約を締結した場合に関する次の記述のうち、民法及び建物の区分所有等に関する法律（昭和37年法律第69号。以下「区分所有法」という。）の規定によれば、正しいものはいくつあるか。ア 本件契約の締結前に開催した契約に関する重要事項についての説明会において、本件契約の内容について説明を行う管理業務主任者は、Bの復代理人である。イ 本件契約を締結したAを代表する理事Cは、Aの代理人ではない。ウ 本件契約を締結したAを代表する理事Cが本件契約締結後に行為能力を喪失したときは、その後、C以外のAの理事によって本件契約が追認されない限り、本件契約は効力を生じない。エ 本件契約を締結したAを代表する理事Cが、Bを他のマンション管理業者Dであると誤認して本件契約を締結した場合に、Cが誤認したことについて重大な過失がないときは、Aは錯誤を理由に本件契約を取消し又は解除することができる。,,,,,,一つ,二つ,三つ,四つ,1,FALSE,FALSE,,（解説は未入力です。）,,,,,
2013,平成25年度,2,count,判例・横断総合,h25;count;count;parsed,あるマンション管理業者が、管理組合との間で締結した管理委託契約に基づく業務の一つとして、管理費滞納者に対して管理費（水道光熱費は含まないものとする。）の支払いを促する業務がある場合において、当該マンション管理業者が促を行う予定の次の者のうち、管理費債務を負担しないことから、促の相手方として不適切であるものはいくつあるか。ア 区分所有者の相続人イ区分所有者から当該専有部分を賃借している者ウ 区分所有者から当該専有部分の贈与を受けた者エ 区分所有者と当該専有部分に同居している2親等内の親族,,,,,,一つ,二つ,三つ,四つ,2,FALSE,FALSE,,（解説は未入力です。）,,,,,
2013,平成25年度,3,single,判例・横断総合,h25;single_choice;direct_question;parsed,"管理費の支払い等に関する次の記述のうち、民法及び区分所有法の規定によれば、正しいものはどれか。なお、本問において管理組合の管理費月額は10,000円であり、毎月月末に当月分を支払う定めがあるものとする。",,,,,,"区分所有者が、管理組合に対して、ある期の管理費について、管理費月額を15,000 円であると誤認して支払った場合には、その過払分5,000円については、次期の管理 費として然に充され、管理組合に対して返還請求をすることはできない。","区分所有者が、管理組合に対して、ある年の5月分の管理費月額10,000円を同年5 月1日に支払った場合には、当該区分所有者は、同年5月末日の到来前において、管 理組合に対して、その支払額の返還を請求することができる。",区分所有者Aが、他の区分所有者Bの管理費を立て替えて支払った場合に、Aは、 Bに対して有する求償権について、Bの区分所有権及び建物に備え付けた動産の上に 先取特権を有する。,区分所有者が、管理組合の理事長に対して、不法なことを行わせる目的で金銭を給 付した場合に、当該区分所有者は、当該理事長に対して、上記給付は公序良俗に反し 無効であるとして返還を請求することができる。 2,3,FALSE,FALSE,,（解説は未入力です。）,,,,,
2013,平成25年度,4,single,判例・横断総合,h25;single_choice;direct_question;parsed,マンションの専有部分甲（以下「甲」という。）について区分所有権を有するAが、甲を売買又は賃貸した場合に関する次の記述のうち、民法、借地借家法（平成3年法律第90号）の規定及び最高裁判所の判例に照らして、正しいものはどれか。,,,,,,Aが甲をBに売ったが、その旨の移転登記がなされない限り、Bは、甲についての 区分所有権を取得しない。,Aが甲をBに売り、BがそれをCに転売してCがそこに居住している場合に、その 後、AがBの代金不払いを理由に売買契約を解除したときには、Aは、Cに対して、 Cが甲の移転登記を得ているか否かにかかわらず、甲の明渡しを請求することができ る。,Aが甲をBに賃貸し、BがそれをAに無断でCに転貸してCがそこに居住した場合 に、Aは、特段の事情がない限り、Bとの賃貸借契約を解除し、Cに対して甲の明渡 しを請求することができる。,Aが甲をBに賃貸し、Bがそこに居住した後に、Aが甲をCに売りその旨の登記を Cに移転した場合に、Cは、Bに対して、甲の明渡しを請求することができる。,3,FALSE,FALSE,,（解説は未入力です。）,,,,,
2013,平成25年度,5,single,判例・横断総合,h25;single_choice;direct_question;parsed,管理組合法人A（以下、本問において「A」という。）は、建設会社B（以下、本問において「B」という。）との間でマンションの共用部分である1階部分の廊下の修繕工事（以下、本問において「本件工事」という。）を内容とする請負契約を締結した。この場合に関する次の記述のうち、民法及び区分所有法の規定によれば、正しいものはどれか。,,,,,,本件工事に瑕疵があるときは、Aは、Bに対し、その瑕疵について、契約の解除又 は損害賠償の請求をすることはできるが、修補を請求することはできない。,本件工事が完成しない間は、Aは、Bに対し、いつでも損害を賠償して契約の解除 をすることができる。,本件工事に瑕疵がある場合に、AがBに対して損害賠償請求をするためには、Aが その瑕疵を知ったときから1年以内にしなければならない。,Aの財産をもって、AのBに対する本件工事代金債務を完済することができない場 合に、Bは、当該マンションの各区分所有者に対しては同債務の弁済を請求すること はできない。 3,2,FALSE,FALSE,,（解説は未入力です。）,,,,,
2013,平成25年度,6,count,判例・横断総合,h25;count;count_incorrect;parsed,マンションにおいて発生した次の各不法行為に関する記述のうち、民法及び区分所有法の規定によれば、誤っているものはいくつあるか。ア 管理組合A（以下、本問において「A」という。）とマンション管理業者B（以下、本問において「B」という。）との間で管理委託契約が締結されていたところ、同管理委託契約にかかるBの職務を行うについて、Bの被用者CがAの組合員Dの名誉を毀損した場合に、Dは、損害賠償請求を、Bに対してすることはできるが、Cに対してすることはできない。イマンションの敷地にある木につき栽植又は支持に瑕疵があったために、当該菌木が倒れて通行人Eが負傷した場合に、Eは、損害賠償請求を、当該マンションの理事長又は管理者に対してすることはできるが、管理組合又は組合員全員に対してすることはできない。ウマンション内で飼育されている犬に噛まれて来訪者Fが怪我をした場合に、Fは、損害賠償請求をその犬の占有者に対してすることはできない。エ 建物の設置又は保存に瑕疵があることによってAの組合員Gに損害を与えた場合、その瑕疵が専有部分に存したときには、Gは、当該専有部分の区分所有者に対して損害賠償請求をすることができるが、管理組合又は組合員全員に対してすることはできない。,,,,,,一つ,二つ,三つ,四つ,3,FALSE,FALSE,,（解説は未入力です。）,,,,,
2013,平成25年度,7,single,判例・横断総合,h25;single_choice;most_appropriate;parsed,マンション標準管理委託契約書及びマンション標準管理委託契約書コメント（平成15年4月9日国総動第3号。国土交通省総合政策局長通知。以下「マンション標準管理委託契約書」という。）の定めによれば、最も適切なものはどれか。,,,,,,マンション管理業者は、事務管理業務、管理員業務、清掃業務、建物・設備管理業 務の管理事務の全部を第三者に委託することができる。,マンションの管理事務の対象部分とは、管理規約により管理組合が管理すべき部分 のうち、マンション管理業者が受託して管理する部分をいい、区分所有者が管理すべ き部分も含まれる。,管理委託契約の有効期間が満了する日の3月前までに契約の更新について申出があ った場合において、その有効期間が満了する日までに更新に関する協議がととのわな いときは、管理組合及びマンション管理業者は、期間を定めて暫定契約を締結するこ とはできないため、契約は終了する。,マンション管理業者が、書面をもって注意喚起したにもかかわらず、管理組合が承 認しなかった事項に起因して、管理組合又は管理組合の組合員等が損害を受けたとき、 当該マンション管理業者は、その損害を賠償する責任を負わない。,4,FALSE,FALSE,,（解説は未入力です。）,,,,,
2013,平成25年度,8,single,判例・横断総合,h25;single_choice;most_appropriate;parsed,宅地建物取引業者（宅地建物取引業法（昭和27年法律第176号）第2条第3号に規定する者をいう。以下同じ。）が、マンションの管理組合の組合員から、当該組合員が所有する専有部分の売却の依頼を受け、その媒介等の業務のために、マンション管理業者に情報の提供・開示を求めてきた場合の当該管理組合に代わって行うマンション管理業者の対応に関する次の記述のうち、マンション標準管理委託契約書の定めによれば、最も適切なものはどれか。,,,,,,当該組合員の負担に係る管理費及び修繕積立金等については、月額並びに滞納があ るときはその金額を書面をもって開示する。,マンションの修繕の実施状況については、該組合員の所有する専有部分に関する 修繕の実施状況を含めて、書面をもって開示する。,管理費等の改定の予定及び修繕一時金の徴収の予定並びに大規模修繕の実施予定は、 開示する情報として含めない。,マンション管理業者が提供・開示できる範囲は、常に宅地建物取引業者から求めら れたすべての範囲である。,1,FALSE,FALSE,,（解説は未入力です。）,,,,,
2013,平成25年度,9,combination,判例・横断総合,h25;combination;direct_question;parsed,マンション標準管理委託契約書における通知義務に関する次の記述のうち、正しいものの組み合わせはどれか。アマンション管理業者がマンション管理業の登録の取消しの処分を受けたときは、マンション管理業者は、速やかに、書面をもって、管理組合に通知しなければならない。イマンションの管理組合の組合員がその専有部分を第三者に貸与したときは、管理組合は、書面をもって、マンション管理業者に通知する必要はないが、管理組合の役員又は組合員が変更したときは、管理組合は、速やかに、書面をもって、マンション管理業者に通知しなければならない。ウマンション管理業者が会社更生、民事再生の申立てを受けたときは、書面をもって、管理組合に通知する必要はないが、銀行の取引を停止されたとき、若しくは破産の申立てを受けたときは、速やかに、書面をもって、管理組合に通知をしなければならない。エマンション管理業者が商号又は住所を変更したときは、マンション管理業者は、速やかに、書面をもって、管理組合に通知しなければならず、マンション管理業者が合併又は会社分割をしたときも、同様に通知しなければならない。,,,,,,ア、ウ,ア、エ,イ、ウ,イ、エ,2,FALSE,FALSE,,（解説は未入力です。）,,,,,
2013,平成25年度,10,single,判例・横断総合,h25;single_choice;direct_question;parsed,マンションの管理組合が、区分所有者に対して有する管理費に係る債権の消滅時効の中断に関する次の記述のうち、民法の規定によれば、誤っているものはどれか。,,,,,,滞納している区分所有者が、管理組合あてに滞納している事実を認める書面を提出 したときは、時効が中断する。,滞納している区分所有者が、破産手続開始の決定を受けた場合、管理組合がその破 産手統において債権の届出をしたときは、時効が中断する。,滞納している区分所有者が死亡し、相続が開始しても、共同相続人間で遺産分割協 議が調わない間は、時効が中断する。,管理組合が、理事長を管理組合の代表として、滞納している区分所有者に支払請求 訴訟を提起したとしても、その訴えを取り下げた場合は、時効が中断しなかったこと になる。,3,FALSE,FALSE,,（解説は未入力です。）,,,,,
2013,平成25年度,11,single,判例・横断総合,h25;single_choice;most_inappropriate;parsed,マンションの管理費の支払義務に関する次の記述のうち、最も不適切なものはどれか。,,,,,,管理組合の規約において、各区分所有者は管理費の債務については消滅時効の主張 をすることができない旨を定めた場合、滞納区分所有者は、たとえ消滅時効が完成し ても時効の主張をすることができない。,区分所有者が破産手続開始の決定を受けたとしても、当該区分所有者は、破産手続 開始決定の日の翌日以降の管理費の支払義務を免れない。,専有部分について賃貸借契約が締結され、当該賃貸借契約において、管理費の支払 義務者を賃借人と定めた場合でも、特段の事情がない限り、賃貸人である区分所有者 は管理組合に対して、その約定を主張することはできない。,管理費の支払債務の消滅時効の起算日は、管理費の各支払期日が経過した時である。 7,1,FALSE,FALSE,,（解説は未入力です。）,,,,,
2013,平成25年度,12,count,判例・横断総合,h25;count;count;parsed,あるマンション管理業者が実施している管理事務（マンション管理適正化法第2条第6号に規定するものをいう。以下同じ。）の報告等に関する次の記述のうち、マンション標準管理委託契約書の定めによれば、適切なものはいくつあるか。アマンション管理業者は、管理組合の事業年度終了後、契約で定めた期限内に、管理組合に対して、当該年度における管理事務の処理状況及び管理組合の会計の収支の結果を記載した書面を交付し、管理業務主任者以外の者によって報告を行わせている。イマンション管理業者は、毎月末日までに、管理組合に対し、前月における管理組合の会計の収支状況に関する書面を交付し、管理業務主任者以外の者によって報告を行わせている。ウマンション管理業者は、管理組合から請求があるときは、管理組合の会計の収支状況について管理業務主任者以外の者によって報告を行わせている。エ 管理組合から管理組合の会計の収支状況に関する報告について請求があった場合には、マンション管理業者は、管理組合の会計の収支に係る関係書類の提示を管理業務主任者以外の者によって行わせている。2二つ3三つ4 四つ,,,,,,一つ,二つ,三つ,四つ,3,FALSE,FALSE,,（解説は未入力です。）,,,,,
2013,平成25年度,13,count,判例・横断総合,h25;count;count;parsed,管理組合の会計及び承認に関する次の記述のうち、マンション標準管理規約及びマンション標準管理規約コメント（単棟型）（平成16年1月23日国総動第232号・国住マ第37号、国土交通省総合政策局長・同住宅局長通知。以下「マンション標準管理規約」という。）の定めによれば、不適切なものはいくつあるか。ア 管理組合は、建物の建替えに係る合意形成に必要となる事項の調査を行うため、必要な範囲内において借入れをすることができる。イ駐車場使用料等の使用料は、それらの管理に要する費用に充てるほか、修繕積立金として積み立てることも可能である。ウ 収支決算の結果、管理費に余剰を生じた場合には、その余剰は翌年度の管理費に充当することも修繕積立金に充当することも可能である。工管理組合は、管理費等に不足が生じた場合には、総会の決議により、その都度必要な金額の負担を組合員に求めることができる。,,,,,,一つ,二つ,三つ,四つ,1,FALSE,FALSE,,（解説は未入力です。）,,,,,
2013,平成25年度,14,single,判例・横断総合,h25;single_choice;most_inappropriate;parsed,修繕積立金に関する次の記述のうち、マンション標準管理規約の定めによれば、最も不適切なものはどれか。,,,,,,修繕積立金の保管及び運用方法を決めるには、総会の決議によらなければならない。,長期修繕計画の作成等のために劣化診断（建物診断）に要する経費については、修 繕積立金を取り崩して充当してはならない。,管理組合は、共用部分等に係る火災保険料については、修繕積立金を取り崩して充 当してはならない。,共用設備の保守、維持及び運転に要する経費については、修繕積立金を取り崩して 充当してはならない。 10,2,FALSE,FALSE,,（解説は未入力です。）,,,,,
2013,平成25年度,15,single,判例・横断総合,h25;item_set;direct_question;parsed,"管理組合の活動における以下の取引に関して、平成25年3月分の仕訳として正しいものは次のうちどれか。ただし、この管理組合の会計年度は、4月1日から翌年3月31日までとし、期中の取引において、企業会計原則に基づき厳格な発生主義によって経理しているものとする。（取引）平成24年度における管理組合が発注した以下の工事等に関して、（1）から（4）は平成25年3月末まで予定通りに完了あるいは納入しているが、（5）、（6）及び（7）の工事等は同年3月末現在、未だ完了していない。これらの工事の支払いに関しては、（1） 及び（2）は同年3月末に普通預金から全額を支払い、（3）及び（4）は同年4月末日支払いの予定である。（5）、（6）及び（7）は工事費等の一部である2,500,000円を手付金として同年3月末日に普通預金から支払った。（発注した工事等）（1）共用非常照明修理工事（2）排水管塗装工事（3）壁補修工事（4）防犯カメラ取替（取付費含む）（5）消防設備不備箇所改良工事（6）エレベーター改良工事（7）エレベーター工事に伴う部品交換合計75,000円368,000円21,000円670,000円580,000円7,500,000円800,000円10,014,000円（単位：円）",,,,,,"借方 修繕費 464,000・什器備品 670,000・前払金 2,500,000 貸方 普通預金 2,943,000・未払金 691,000","借方 修繕費 464,000・什器備品 670,000・前払金 8,880,000 貸方 普通預金 2,943,000・未払金 7,071,000","借方 修繕費 443,000・什器備品 691,000・前払金 2,500,000 貸方 普通預金 2,943,000・未払金 691,000","借方 修繕費 443,000・什器備品 691,000・付属設備 2,500,000 貸方 普通預金 2,943,000・未払金 691,000",1,FALSE,FALSE,,（解説は未入力です。）,,,,,
2013,平成25年度,16,single,判例・横断総合,h25;single_choice;direct_question;parsed,"管理組合の活動における以下の取引に関して、平成25年3月分の仕訳として正しいものは次のうちどれか。ただし、この管理組合の会計年度は、4月1日から翌年の3月31日までとし、期中の取引において、企業会計原則に基づき厳格な発生主義によって経理しているものとする。（取引）平成25年4月19日、マンション管理業者を通じて、以下の内訳の請求書が管理組合宛に届いたので、同年4月30日に管理組合の普通預金から全額を支払った。（請求書の内訳）管理委託費5 月分電気料3月分水道料2～3月分リース料4月分合計850,000円180,000円86,000円30,000円",,,,,,"借方 管理委託費 850,000・電気料 180,000・水道料 86,000・賃借料 30,000 貸方 未払金 1,146,000","借方 電気料 180,000・水道料 86,000 貸方 未払金 266,000","借方 管理委託費 850,000・電気料 180,000・水道料 86,000・賃借料 30,000 貸方 普通預金 1,146,000","借方 電気料 180,000・水道料 86,000 貸方 普通預金 266,000",2,FALSE,FALSE,,（解説は未入力です。）,,,,,
2013,平成25年度,17,single,判例・横断総合,h25;single_choice;direct_question;parsed,用語の定義に関する次の記述のうち、建築基準法（昭和25年法律第201号）によれば、誤っているものはどれか。,,,,,,主要構造部に、最下階の床は含まれない。,構造耐力上主要な部分に、屋根版は含まれない。,耐水材料に、れんがは含まれる。,地階とは、床が地盤面下にある階で、床面から地盤面までの高さがその階の天井の 高さの3分の1以上のものをいう。,2,FALSE,FALSE,,（解説は未入力です。）,,,,,
2013,平成25年度,18,single,判例・横断総合,h25;single_choice;direct_question;parsed,住宅用防災管報器及び住宅用防災報知設備に関する次の記述のうち、消防法（昭和23年法律第186号）によれば、誤っているものはどれか。,,,,,,自動試験機能とは、住宅用防災報器及び住宅用防災報知設備に係る機能が適正に 維持されていることを、自動的に確認することができる装置による試験機能をいう。,住宅用防災警報器のうちスイッチの操作により火災報を停止することのできるも のにあっては、当該スイッチの操作により火災報を停止したとき、15分以内に自動 的に適正な監視状態に復旧するものでなければならない。,住宅用防災報器及び住宅用防災報知設備の感知器は、天井にあっては壁又ははり から0.6m以上離れた屋内に面する部分、壁にあっては天井から下0.15m以上0.5m 以内の位置にある屋内に面する部分で、かつ、換気口等の空気吹出し口から1.0m以 上離れた位置に設置しなければならない。,共同住宅用スプリンクラー設備、共同住宅用自動火災報知設備又は住戸用自動火災 報知設備を、それぞれ省令に定める技術上の基準に従い設置した場合には、住宅用防 災報器又は住宅用防災報知設備の設置は免除される。 13,3,FALSE,FALSE,,（解説は未入力です。）,,,,,
2013,平成25年度,19,single,判例・横断総合,h25;single_choice;most_inappropriate;parsed,排水設備に関する用語の説明として、最も不適切なものはどれか。,,,,,,伸頂通気管とは、最上部の排水横枝管が排水立て管に接続した点よりも更に上方へ、 その排水立てを立ち上げて、これを通気管に使用する部分をいう。,通気弁とは、排水通気管の端部に設ける可動弁で、排水通気管内に生じる正圧及び 負圧を緩和する弁をいう。,排水口空間とは、間接排水管の管端と、一般の排水系統に直結している水受け容器 又は排水器具のあふれ縁との間の垂直距離をいう。,封水強度とは、排水管内に正圧又は負圧が生じたときの排水トラップの封水保持能 力をいう。,2,FALSE,FALSE,,（解説は未入力です。）,,,,,
2013,平成25年度,20,single,判例・横断総合,h25;single_choice;direct_question;parsed,換気設備に関する次の記述のうち、建築基準法によれば、誤っているものはどれか。,,,,,,居室には、政令で定める技術的基準に従って換気設備を設けた場合を除いて、換気 のための窓その他の開口部を設け、その換気に有効な部分の面積は、その居室の床面 積に対して、20分の1以上とすること。,換気設備を設けるべき調理室等に煙突、排気フードなどを設けず、排気口又は排気 筒に換気扇を設ける場合にあっては、その有効換気量を、（燃料の単位燃焼量当たり の理論廃ガス量）✕（火を使用する設備又は器具の実況に応じた燃料消費量）の40倍 以上とすること。,機械換気設備の構造は、換気上有効な給気機及び排気機、換気上有効な給気機及び 排気口又は換気上有効な給気口及び排気機を有すること。,火を使用する設備又は器具の通常の使用状態において、換気設備は、当該室内の酸 素の含有率をおおむね15.0%以上に保つことができるものとして、国土交通大臣の認 定を受けたものも認められる。 14,4,FALSE,FALSE,,（解説は未入力です。）,,,,,
2013,平成25年度,21,single,判例・横断総合,h25;single_choice;direct_question;parsed,共同住宅の各種調査、検査、報告の義務に関する次の記述のうち、建築基準法、消防法によれば、正しいものはどれか。,,,,,,建築基準法第12条第1項に掲げる建築物の定期調査及び同条第3項に掲げる昇降機 以外の建築設備の定期調査は、一級建築士若しくは二級建築士でなければ行うことが できない。,建築基準法第12条第1項に掲げる特殊建築物の定期調査は、5年に1回実施しなけ ればならない。,建築基準法第12条第3項に掲げる昇降機の定期検査は、3年に1回実施しなければ ならない。,消防用設備等の点検の結果についての報告は、3年に1回実施しなければならない。,4,FALSE,FALSE,,（解説は未入力です。）,,,,,
2013,平成25年度,22,single,判例・横断総合,h25;single_choice;most_inappropriate;parsed,マンションの遮音に関する次の記述のうち、最も不適切なものはどれか。,,,,,,音の伝わり方には、固体伝搬音と空気伝搬音がある。,床衝撃音の遮音性能を評価する衝撃源として重量衝撃源と軽量衝撃源があり、子供 の椅子からの飛び降りは、軽量衝撃源に分類される。,界壁の遮音等級D値は、その値が大きいほど遮音性能が高い。,床衝撃音の遮音等級L値は、その値が大きいほど遮音性能が低い。 15,2,FALSE,FALSE,,（解説は未入力です。）,,,,,
2013,平成25年度,23,single,判例・横断総合,h25;item_set;most_inappropriate;parsed,マンションの住戸における電気の配線に関する次の記述のうち、最も不適切なものはどれか。,,,,,,単相3線式で200ボルトの電気器具を使用する場合においては、3本の電気配線の うち中性線と他の電圧線を利用する。,単相3線式で引込んでいる住戸においては、漏電遮断器は中性線相保護機能付の ものとするのが望ましい。,エアコン用のコンセントは、専用回路とするのが望ましい。,3路スイッチ等を使用することにより、複数の箇所から照明器具のスイッチのオン、 オフが可能となる。,1,FALSE,FALSE,,（解説は未入力です。）,,,,,
2013,平成25年度,24,combination,判例・横断総合,h25;combination;direct_question;parsed,消防法第1条（目的）の次の記述のうち（ア）（イ）（ウ）に入る用語の組合せとして、正しいものはどれか。この法律は、火災を予防し、戒し及び（ア）し、国民の生命、身体及び財産を火災から保護するとともに、火災又は（イ）等の災害による被害を軽減するほか、災害等による傷病者の搬送を適切に行い、もって安寧秩序を保持し、（ウ）に資することを目的とする。,,,,,,"A=鎮圧, B=地震, C=社会公共の福祉の増進","A=鎮圧, B=洪水, C=健全な国民生活の安定向上","A=防護, B=地震, C=健全な国民生活の安定向上","A=防護, B=洪水, C=社会公共の福祉の増進",1,FALSE,FALSE,,（解説は未入力です。）,,,,,
2013,平成25年度,25,single,判例・横断総合,h25;single_choice;most_appropriate;parsed,コンクリートに関する次の記述のうち、建築工事標準仕様書・同解説（JASS 5）によれば、最も適切なものはどれか。,,,,,,コンクリートの計画供用期間とは、建築物の計画時又は設計時に、建築主又は設計 者が設定する、建築物の予定供用期間であり、3つの級が設定されている。,空気量とは、硬化後のコンクリートに含まれる空気（骨材内部の空気は含まない） の容積のコンクリート容積に対する百分率をいう。,運搬とは、フレッシュコンクリートを工事現場の荷卸し地点から打込み地点まで運 ぶことをいう。,品質基準強度とは、構造体の要求性能を得るために必要とされるコンクリートの圧 縮強度であり、通常、設計基準強度と耐久設計基準強度を確保するために、コンクリ ートの品質の基準として定める強度である。,4,FALSE,FALSE,,（解説は未入力です。）,,,,,
2013,平成25年度,26,single,判例・横断総合,h25;single_choice;direct_question;parsed,建築基準法第12条第1項に規定される特殊建築物において、定期調査の調査項目に含まれないものは、次のうちどれか。ただし、特定行政庁の定めるものは除くものとする。,,,,,,機械式駐車場の劣化及び損傷の状況,擁壁の劣化及び損傷の状況,サッシ等の劣化及び損傷の状況,避雷針、避雷導線等の劣化及び損傷の状況 17,1,FALSE,FALSE,,（解説は未入力です。）,,,,,
2013,平成25年度,27,single,判例・横断総合,h25;single_choice;most_inappropriate;parsed,マンション標準管理規約のコメントにおける長期修繕計画の内容に関する次の記述のうち、最も不適切なものはどれか。,,,,,,既存マンションの長期修繕計画は、計画期間が25年程度以上であることが必要であ る。,計画修繕の対象となる工事として、外壁補修、屋上防水、給排水管取替え、窓及び 玄関扉等の開口部の改良等が掲げられ、各部位ごとに修繕周期、工事金額等が定めら れていることが必要である。,長期修繕計画の作成又は変更及び修繕工事の実施の前提として、劣化診断（建物診 断）を管理組合として併せて行うことが必要である。,長期修繕計画の内容については、定期的な（おおむね10年程度ごとに）見直しをす ることが必要である。,4,FALSE,FALSE,,（解説は未入力です。）,,,,,
2013,平成25年度,28,single,判例・横断総合,h25;single_choice;most_appropriate;parsed,マンションの給水設備に関する次の記述のうち、最も適切なものはどれか。,,,,,,受水槽にマンホールを設置しなければならない場合には、そのマンホールは直径 50cmの円が内接するものでなければならない。,ウォーターハンマーを防止するためには、各水栓器具に減圧弁を設けなければなら ない。,飲料水の給水系統と消防用水の系統は、逆流を防止する装置などを利用すれば直接 連結することができる。,給水立て主管から各階への分岐管には、分岐点に近接した部分で、かつ、操作を容 易にできる部分に止水弁を設けなければならない。 18,4,FALSE,FALSE,,（解説は未入力です。）,,,,,
2013,平成25年度,29,count,判例・横断総合,h25;count;count;parsed,マンションの敷地上の駐車場に関する次の記述のうち、マンション標準管理規約によれば、不適切なものはいくつあるか。ア 駐車場使用契約により使用者から使用料を徴収している以上、管理組合は必ず車両の保管責任を負わなければならない。イ駐車場使用者は、その専有部分を他の区分所有者に貸与した場合にあっても、区分所有者である以上、当該駐車場使用契約は効力を失わない。ウ 駐車場使用者が、管理費、修繕積立金等の滞納等の規約違反をしている場合にあっても、駐車場使用細則、駐車場使用契約等に明文規定がなければ、管理組合は当該駐車場使用契約を解除することはできない。工賃借人等の占有者にも駐車場を使用させることができるようにするためには、管理規約を改正しなければならない。,,,,,,一つ,二つ,三つ,四つ,2,FALSE,FALSE,,（解説は未入力です。）,,,,,
2013,平成25年度,30,count,判例・横断総合,h25;count;count;parsed,次の記述のうち、区分所有法及びマンション標準管理規約によれば、不適切なものはいくつあるか。ア 管理組合が、大規模修繕工事の実施に向け、一級建築士事務所とコンサルティング契約を締結する場合において、理事会が、同契約の締結を管理組合の業務に関する重要事項であると判断したときは、契約の締結に関する決定を理事会の決議で行うことができる。イ 管理組合に専門委員会を設置するには、理事会の決議で設置することができる場合がある。ウ 理事長が管理費等の滞納者に対して、管理組合を代表して管理費等の支払請求訴訟を提起するには、マンション標準管理規約によれば、理事会の決議で行うことができる。エ 理事長が、外壁に穴を開けた区分所有者に対して、共同の利益に反することを理由に区分所有法第57条に基づき原状回復を請求するには、理事会の決議で行うことができる。,,,,,,一つ,二つ,三つ,四つ 20,2,FALSE,FALSE,,（解説は未入力です。）,,,,,
2013,平成25年度,31,single,判例・横断総合,h25;single_choice;direct_question;parsed,団地管理組合の成立に関する次の記述のうち、区分所有法の規定によれば、誤っているものはどれか。,,,,,,一筆の土地である甲の上に建物A（区分所有建物）、建物B（区分所有建物）、建物 C （区分所有建物）、建物D（区分所有建物）が存在する場合において、甲が建物A、 建物B、建物C、建物Dの区分所有者全員の共有に属しているときは、団地管理組合 が成立する。,一筆の土地である甲の上に建物A（区分所有建物）、建物B（戸建て住宅）、建物C （戸建て住宅）が存在する場合において、建物A、建物B、建物Cの所有者全員が甲 を共有するときは、団地管理組合が成立する。,四筆の土地である甲、乙、丙、丁の上に、それぞれ、建物A（戸建て住宅）、建物 B（戸建て住宅）、建物C（戸建て住宅）、集会所Dが存在する場合において、建物A、 建物B、建物Cの所有者全員が集会所Dを共有していたとしても団地管理組合は成立 しない。,四筆の土地である甲、乙、内、丁の上に、それぞれ、建物A（区分所有建物）、建 物B（区分所有建物）、建物C（区分所有建物）、建物D（区分所有建物）が存在する 場合において、建物Dの中に存在する管理事務室が建物A、建物B、建物C、建物D の区分所有者全員の共有に属しているときは団地管理組合が成立する。 21,3,FALSE,FALSE,,（解説は未入力です。）,,,,,
2013,平成25年度,32,single,判例・横断総合,h25;single_choice;most_appropriate;parsed,マンションの専有部分と共用部分に関する次の記述のうち、マンション標準管理規約によれば、最も適切なものはどれか。,,,,,,各住戸の玄関扉の内部塗装部分及び窓ガラスの内側部分は専有部分である。,雑排水管及び汚水管については、配管枝管から配管継手部分までが専有部分である。,給水管については、本管から各住戸メーターを含む部分までが共用部分である。,メーターボックス内にある給湯器ボイラーは共用部分である。 22,3,FALSE,FALSE,,（解説は未入力です。）,,,,,
2013,平成25年度,33,single,判例・横断総合,h25;single_choice;most_inappropriate;parsed,あるマンションの管理組合（理事長A、理事B、理事C、理事、監事E）において、理事Bが、自分以外の他の理事が不正に管理費等を使用しているなどと前議中傷する文書をばらまいたため、理事Cが辞任し、後任理事が未選任の場合に関する次の記述のうち、区分所有法及びマンション標準管理規約によれば、最も不適切なものはどれか。,,,,,,理事Cは、総会又は理事会の承認がなくても辞任することができるが、後任の理事 が就任するまでの間は引続きその職務を行わなければならない。,理事長Aは、理事会の決議をもって、理事Bの理事解任を議題とする臨時総会を招 集することができるが、この場合、辞任した理事Cも理事会の決議につき議決権を有 する。,理事会決議が得られないことを知った理事Dほか10名の組合員は、理事長Aに対し、 組合員の総会招集請求権の要件を満たしたとして、理事Bの理事解任を議題とする臨 時総会の招集を請求したが、個人情報保護を理由に理事Dが10名の組合員の氏名を明 らかにしない以上、理事長Aはこの総会を招集することができない。,監事Eは、管理組合及び理事会の業務執行と財産の状況を調べ、理事B以外の理事 には不正行為がなかった場合には、組合業務の妨害を行った理事Bの解任を議題とす る臨時総会を招集することができる。 23,4,FALSE,FALSE,,（解説は未入力です。）,,,,,
2013,平成25年度,34,single,判例・横断総合,h25;single_choice;most_inappropriate;parsed,管理組合の会計年度と役員の業務に関する次の記述のうち、マンション標準管理規約によれば、最も不適切なものはどれか。,,,,,,新年度開始後も、前年度理事長及び理事は、新年度理事が選任されるまでの間、管 理組合の業務を行わなければならない。,新年度の監事は、新年度開始後自分が就任するまでの間の管理組合の業務の執行及 び財産の状況についても監査しなければならない。,新年度開始後に前年度理事長が理事会の承認を得て支出を行うことができるものは、 経常的であり、かつ新年度の収支予算案が総会で承認する前に支出することがやむを 得ないものに限られる。,新年度理事長及び理事は、前年度理事会が通常総会に提出し承認された新年度の事 業計画及び収支予算に拘束され、これを変更するには臨時総会で承認を得なければな らない。,3,FALSE,FALSE,,（解説は未入力です。）,,,,,
2013,平成25年度,35,single,判例・横断総合,h25;single_choice;most_inappropriate;parsed,管理組合で、セントラル給湯システム（一括給湯方式）の装置の老朽化とランニングコストの試算結果により、個別給湯方式に切り替えようとしている場合に関する次の記述のうち、区分所有法及びマンション標準管理規約によれば、最も不適切なものはどれか。,,,,,,一括給湯方式を個別給湯方式に切り替えるには、各住戸内の給湯器装置への配管工 事も必要になるから、この各住戸内の給湯器設置への配管工事も総会の決議を経れば、 管理組合が行うことができる。,この切替え工事の実施には、総会で特別決議を経なければならない。,この切替え工事の実施に伴う規約の変更については、区分所有者全体に一律にその 影響が及ぶから特定の区分所有者の承諾は不要である。,各住戸内の給湯器設置については、もともとは共用部分に設置されていた給湯装置 を変更することに伴い必要とされるものなので、修繕積立金から支出することができ る。 24,4,FALSE,FALSE,,（解説は未入力です。）,,,,,
2013,平成25年度,36,single,判例・横断総合,h25;single_choice;direct_question;parsed,管理組合法人に関する次の記述のうち、区分所有法によれば、誤っているものはどれか。,,,,,,管理組合法人は、その名称中に管理組合法人という文字を用いなければならない。,管理組合法人は、理事及び監事の氏名、住所を登記しなければならない。,管理組合法人は、理事がその職務を行うについて第三者に損害を加えた場合には、 その損害を賠償しなければならない。,管理組合法人が、集会の特別決議によって解散する場合には、区分所有法第3条の 団体としての管理組合はなお存続する。,2,FALSE,FALSE,,（解説は未入力です。）,,,,,
2013,平成25年度,37,single,判例・横断総合,h25;single_choice;direct_question;parsed,次の記述のうち、マンション標準管理規約によれば、「正当な理由」が必要とされないものはどれか。,,,,,,専有部分の修繕工事に関し、必要な調査を行うため、理事長が修繕箇所への立入り を請求したが、その専有部分の区分所有者がこれを拒否する場合。,階段室をエレベーター室に改造することが専有部分の使用に特別の影響を及ぼす場 合に、その専有部分の区分所有者が承諾を拒否するとき。,管理組合がバルコニーの防水工事を行うため、区分所有者の住戸に接続するバルコ ニーへの立入りを請求したが、その区分所有者がこれを拒否する場合。,組合員からの総会議事録の閲覧請求及び閲覧の日時、場所等の申出が不相な場合 に、理事長がこれを拒否するとき。 25,4,FALSE,FALSE,,（解説は未入力です。）,,,,,
2013,平成25年度,38,single,判例・横断総合,h25;single_choice;most_appropriate;parsed,管理組合が行った規約の変更又は取り扱いに関する次の記述のうち、区分所有法及びマンション標準管理規約によれば、最も適切なものはどれか。,,,,,,専有部分の賃貸借契約において、管理費相当額の負担を約束した賃借人は、管理費 の増額を議題とする集会で意見を述べるべき利害関係を有する者であると判断した。,管理規約の変更についての集会における決議要件を、区分所有者及び議決権の各4 分の3以上から各3分の2以上に改めた。,大規模修繕工事を円滑に実施するにあたり、集会における決議要件を「区分所有者 及び議決権の各過半数」から「出席組合員の議決権の過半数」に改めた。,管理者の都合で、年1回の集会での事務報告ができなくなったので、書面による報 告を区分所有者全員に送付する方法を採用した。,3,FALSE,FALSE,,（解説は未入力です。）,,,,,
2013,平成25年度,39,single,判例・横断総合,h25;single_choice;direct_question;parsed,マンションに関する次の記述のうち、最高裁判所の判例によれば、正しいものはどれか。,,,,,,構造上及び機能上、独立性を有する建物部分ではあるが、その一部に他の区分所有 者らの共用に供される設備が設置されている以上、当該建物部分は、専有部分として 区分所有権の目的とはなり得ない。,専有部分が賃貸され暴力団事務所として使用されていることを理由に、賃貸借契約 の解除及びその専有部分の引渡しを請求する訴えを提起するために集会の決議をする には、あらかじめ賃借人と共に賃貸人たる区分所有者に対して弁明の機会を与えなけ ればならない。,管理規約の規定に基づいて、区分所有者に対し管理費の支払いが義務づけられ、月 ごとに所定の方法でそれが支払われる場合に、その管理費の債権は、基本権たる定期 金債権から派生する支分権として消滅時効にかかる。,法人格を取得していない権利能力なき社団であるマンション管理組合について原告 適格が認められることはなく、訴訟担当が認められるのは、管理者又は集会の決議に より指定された区分所有者のみである。 26,3,FALSE,FALSE,,（解説は未入力です。）,,,,,
2013,平成25年度,40,count,判例・横断総合,h25;count;count;parsed,宅地建物取引業者A（以下、本間において「A」という。）が、宅地建物取引業者でないB（以下、本問において「B」という。）に対し、中古マンションを売却した場合における瑕疵担保責任についての特約に関する次の記述のうち、民法及び宅地建物取引業法の規定によれば、有効なものはいくつあるか。ア「売主Aは、買主Bとの売買契約締結の日から2年間瑕疵担保責任を負う」旨の特約イ「瑕症がある場合、買主Bは損害賠償請求と瑕疵の修補請求をすることができるが、いかなる場合でも契約の解除はできない」旨の特約ウ「売主Aは、買主Bが売買契約締結当時に知っていた瑕疵については、その責任を負わない」旨の特約エ「売主Aは、その瑕疵についてAに何らの過失もない場合は、その責任を負わない」旨の特約,,,,,,一つ,二つ,三つ,四つ 27,1,FALSE,FALSE,,（解説は未入力です。）,,,,,
2013,平成25年度,41,count,判例・横断総合,h25;count;count_correct;parsed,個人情報取扱事業者であるマンション管理業者に関する次の記述のうち、個人情報の保護に関する法律（平成15年法律第57号。以下、本問において「個人情報保護法」という。）の規定によれば、正しいものはいくつあるか。アマンション管理業者は、管理組合の組合員の個人情報を取得した場合には、あらかじめその利用目的を公表している場合を除き、速やかに、その利用目的を本人に通知し又は公表しなければならない。イ管理組合の組合員の氏名、電話番号等が記載されている組合員名簿が、紙面で処理された個人情報であっても、個人情報保護法上の「個人情報データベース等」に該当する場合がある。ウマンション管理業者は、特定の組合員から当該本人が識別される保有個人データの開示を求められたときは、無償で開示しなければならない。エマンションの防犯カメラに映る映像は、特定の個人が判別できるものであっても、個人情報保護法上の「個人情報」ではない。,,,,,,一つ,二つ,三つ,四つ 28,2,FALSE,FALSE,,（解説は未入力です。）,,,,,
2013,平成25年度,42,single,判例・横断総合,h25;single_choice;direct_question;parsed,区分所有者A（以下、本問において「A」という。）が、自己所有のマンションの専有部分をBに賃貸した場合に関する次の記述のうち、民法及び借地借家法の規定によれば、正しいものはどれか。なお、当該賃貸借契約は、定期建物賃貸借契約ではないものとする。,,,,,,AB間において、Aが当該区分所有権を第三者に譲渡したときは、その時から6月 後にAB間の賃貸借契約は終了する旨の特約は有効である。,AB間の賃貸借契約の期間について1年未満の期間を定めた場合は、その期間につ いて無効であり、契約期間1年の賃貸借とみなされる。,AB間において、一定期間、賃料を増額しない旨の特約をした場合でも、当該賃料 が不相当になったときは、Aは増額請求をすることができる。,Bが転勤により第三者Cに建物賃借権を譲渡しようとする場合に、Aがその譲渡を 承諾しないときにおいて、Bは、裁判所にAの承諾に代わる許可の裁判を申し立てる ことはできない。,4,FALSE,FALSE,,（解説は未入力です。）,,,,,
2013,平成25年度,43,single,判例・横断総合,h25;single_choice;direct_question;parsed,不動産登記法（平成16年法律第123号）に関する次の記述のうち、正しいものはどれか。,,,,,,区分建物が属する一棟の建物が新築された場合における各区分建物についての表題 登記の申請は、当該建物に属する他の区分建物についての表題登記の申請と併せてし なければならない。,区分建物を売買により取得した者は、取得した日から1月以内に所有権移転の登記 を申請しなければならない。,権利に関する登記を申請する場合には、登記識別情報を申請情報と併せて提供しな ければならず、これを提供できないときには、登記申請をすることができない。,登記の前後は、登記記録の同一の区にした登記相互間においても、別の区にした登 記相互間においても、ともに順位番号による。 29,1,FALSE,FALSE,,（解説は未入力です。）,,,,,
2013,平成25年度,44,single,判例・横断総合,h25;single_choice;direct_question;parsed,各種の法令に関する次の記述のうち、誤っているものはどれか。,,,,,,「備業法」（昭和47年法律第117号）によれば、成年被後見人、被保佐人若しくは被 補助人又は破産者で復権を得ないものは、備業を営んではならない。,「高齢者、障害者等の移動等の円滑化の促進に関する法律」（平成18年法律第91号） によれば、学校や共同住宅等の特定建築物の建築をしようとするときは、当該特定建 築物を建築物移動等円滑化基準に適合させるための措置を講ずる努力義務が課せられ ているが、特別特定建築物の政令で定める規模以上の建築をしようとするときは、当 該特別特定建築物を建築物移動等円滑化基準に適合させる義務が課されている。,「住生活基本法」（平成18年法律第61号）によれば、国土交通大臣は、関係行政機関 の長に対し、住生活の安定の確保及び向上の促進に関する施策の実施状況について報 告を求めることができる。,「自動車の保管場所の確保等に関する法律」（昭和37年法律第145号）によれば、法人 の代表者又は法人若しくは人の代理人、使用人その他の従業者が、その法人又は人の 業務に関し本法に関する違反行為をしたときは、行為者を罰するほか、その法人又は 人に対しても、罰金刑を科する。,1,FALSE,FALSE,,（解説は未入力です。）,,,,,
2013,平成25年度,45,single,判例・横断総合,h25;single_choice;direct_question;parsed,宅地建物取引業者A（以下、本問において「A」という。）が自ら売主としてマンションの売買を行う場合に、宅地建物取引業法第35条の規定により行う重要事項の説明に関する次の記述のうち、正しいものはどれか。,,,,,,Aは、天災その他不可抗力による損害の負担に関する事項を説明しなければならな い。,Aは、当該マンションの管理が委託されているときは、その管理委託契約の内容に ついて説明しなければならない。,Aは、台所、浴室、便所その他の当該マンションの設備の備の状況について、説 明しなければならない。,Aは、当該マンションが津波防災地域づくりに関する法律（平成23年法律第123号） 第53条第1項により指定された津波災害戒区域内にあるときは、その旨を説明しな ければならない。 30,4,FALSE,FALSE,,（解説は未入力です。）,,,,,
2013,平成25年度,46,count,判例・横断総合,h25;count;count;parsed,次の記述のうち、マンションの管理の適正化に関する指針（平成13年国土交通省告示第1288号）によれば、不適切なものはいくつあるか。ア集会は、管理組合の最高意思決定機関であるため、管理組合の管理者等は、その意思決定にあたっては、事前に必要な資料を整備し、集会において適切な判断が行われるよう配慮する必要がある。イ長期修繕計画の実効性を確保するためには、修繕内容、資金計画を適正かつ明確に定め、それらをマンションの区分所有者等に十分周知させることが必要である。ウマンションの区分所有者等は、マンションの快適かつ適正な利用と資産価値の維持を図るため、進んで管理者に管理組合の運営を一任することが必要である。工管理組合の経理について、管理組合の管理者等は、必要な帳票類を作成してこれを保管するとともに、マンションの区分所有者等の請求があった時は、これを速やかに開示することにより、経理の透明性を確保する必要がある。,,,,,,一つ,二つ,三つ,四つ 31,1,FALSE,FALSE,,（解説は未入力です。）,,,,,
2013,平成25年度,47,count,判例・横断総合,h25;count;count_incorrect;parsed,マンション管理業者が行う重要事項の説明及び契約成立時の書面の交付に関する次の記述のうち、マンション管理適正化法によれば、誤っているものはいくつあるか。アマンション管理業者は、管理組合から管理事務の委託を受けることを内容とする契約を締結した場合、該管理組合に管理者等が置かれていないときは、該管理組合を構成するマンションの区分所有者等全員に対し、遅滞なく、契約の成立時の書面を交付しなければならない。イマンション管理業者は、契約の成立時の書面をマンションの区分所有者等及び該管理組合の管理者等の見やすい場所に掲示しなければならない。ウマンション管理業者は、管理業務主任者をして、重要事項として免責に関する事項を説明させなければならないが、契約の成立時の書面には免責に関する事項を記載する必要はない。エマンション管理業者は、重要事項を記載した書面及び契約の成立時の書面を作成するときは、管理業務主任者をして、そのいずれの書面にも記名押印をさせなければならない。,,,,,,一つ,二つ,三つ,四つ 32 1 2 3 4,2,FALSE,FALSE,,（解説は未入力です。）,,,,,
2013,平成25年度,48,combination,判例・横断総合,h25;combination;direct_question;parsed,管理業務主任者に関する次の記述のうち、マンション管理適正化法によれば、空欄に当てはまる言葉の組み合わせとして正しいものはどれか。アマンション管理業者がその事務所ごとに置かなければならない成年者である専任の管理業務主任者の数は、管理事務の委託を受けた管理組合の数をAで除したもの（1未満の端数は切り上げる。）以上とする。イ管理業務主任者証の交付を受けようとする者で、管理業務主任者試験に合格した日からBに交付を受けようとする者については、国土交通大臣の登録を受けた者（登録講習機関）が行う講習を受けなくても交付を申請することができる。ウ 管理業務主任者試験に合格した者で、管理事務に関し、Cの実務の経験を有する者は、国土交通大臣の登録を受けることができる。工管理業務主任者が、管理業務主任者として行う事務に関し、不正又は著しく不当な行為をしたときは、国土交通大臣は、その者に対し、Dの期間を定めて、管理業務主任者としてすべき事務を行うことを禁止することができる。AB6ヶ月以内6ヶ月以内,,,,,,"A=6, B=6ヶ月以内, C=2年以上, D=1年以内","A=30, B=6ヶ月以内, C=1年以上, D=2年以内","A=6, B=1年以内, C=1年以上, D=2年以内","A=30, B=1年以内, C=2年以上, D=1年以内",4,FALSE,FALSE,,（解説は未入力です。）,,,,,
2013,平成25年度,49,single,判例・横断総合,h25;single_choice;direct_question;parsed,管理事務の報告に関する次の記述のうち、マンション管理適正化法によれば、正しいものはどれか。,,,,,,管理事務の委託を受けた管理組合に管理者等が置かれている場合、マンション管理 業者は、当該管理組合の事業年度終了後、遅滞なく、管理者等に管理事務に関する報 告をしなければならないが、管理事務報告書を区分所有者等の見やすい場所に掲示す ることで、管理者等への報告を省略することができる。,管理事務の委託を受けた管理組合に管理者等が置かれていない場合、マンション管 理業者は、区分所有者等からの求めがあったときのみ、管理事務の報告を行う説明会 の開催日の1週間前までに、説明会の開催の日時及び場所を当該管理組合を構成する マンションの区分所有者等の見やすい場所に掲示しなければならない。,管理事務の委託を受けた管理組合に管理者等が置かれている場合、マンション管理 業者が管理事務に関する報告を行うときは、報告の対象となる期間、管理組合の会計 の収入及び支出の状況及び管理受託契約の内容に関する事項を記載した管理事務報告 書を作成し、管理業務主任者をして、これを管理者等に交付して説明をさせなければ ならないが、当該書面に記名押印することまでは求められていない。,管理事務の委託を受けた管理組合に管理者等が置かれていない場合、マンション管 理業者は、当該管理組合の事業年度終了後、遅滞なく、管理事務報告書を作成し説明 会を開催しなければならないが、管理事務報告書については、説明会の日の1週間前 までに区分所有者等全員に配布しなければならない。 34,3,FALSE,FALSE,,（解説は未入力です。）,,,,,
2013,平成25年度,50,count,判例・横断総合,h25;count;count_correct;parsed,マンション管理業者に対する監替に関する次の記述のうち、マンション管理適正化法の規定によれば、正しいものはいくつあるか。アマンション管理業者が、偽りその他不正の手段によりマンション管理業の登録を受けたときは、国土交通大臣は、当該マンション管理業者に対し、業務停止命令をすることができる。イマンション管理業者が、マンション管理業に関し、不正又は著しく不当な行為をしたときは、国土交通大臣は、当該マンション管理業者に対し、2年以内の期間を定めて、その業務の全部又は一部の停止を命ずることができる。ウ 業務の停止の命令を受けたマンション管理業者が、その業務停止命令に違反したとき、国土交通大臣はその登録を取り消さなければならない。工法人であるマンション管理業者の役員が、破産者で復権を得ないものとなったときは、国土交通大臣はそのマンション管理業者に対し、必要な指示をすることができる。,,,,,,一つ,二つ,三つ,四つ,1,FALSE,FALSE,,（解説は未入力です。）,,,,,
2014,平成26年度,1,single,判例・横断総合,h26;single_choice;direct_question;parsed,甲建物を所有するAが、同建物をBに売却する旨のAB間の契約（以下、本問において「本件契約」という。）を締結した場合に関する次の記述のうち、民法の規定及び判例によれば、正しいものはどれか。,,,,,,本件契約の締結後に、Aが、Cに甲建物を売却する旨の契約を締結し、Cに移転登 記がなされた場合に、Cが、Aとの契約の締結時に本件契約があったことについて知 っていたか、過失により知らなかったときには、Cは、甲建物の所有権の取得をBに 主張することはできない。,本件契約がAB間の通謀虚表示により締結され、移転登記がされた後に、Bが、 Cに甲建物を売却する旨の契約をCとの間で締結し、移転登記がされた場合に、Cが、 Bとの契約の締結時に、本件契約が通謀虚表示によることを知っていたときでも、 Aは、本件契約の無効をCに主張することはできない。,本件契約がCのAに対する詐欺によって締結された場合に、Bが、本件契約の締結 時にその詐欺の事実を知っていたときは、Aは、本件契約を取り消すことができる。,本件契約を締結するに当たり、Bが、甲建物を乙建物であると誤認して買い受けた 場合には、Bは、自らが甲建物を乙建物であると思ったことについて重大な過失があ るときでも、Bに移転登記がなされていない限り、本件契約の無効を主張することが できる。,3,FALSE,FALSE,,（解説は未入力です。）,,,,,
2014,平成26年度,2,single,判例・横断総合,h26;single_choice;direct_question;parsed,マンション（マンションの管理の適正化の推進に関する法律（平成12年法律第149号。以下、「マンション管理適正化法」という。）第2条第1号に規定するものをいう。以下同じ。）の管理組合A（以下、本問において「A」という。）が、マンション管理業者（マンション管理適正化法第2条第8号に規定する者をいう。以下同じ。）B（以下、本問において「B」という。）の代理人と称するCとの間で管理委託契約（以下、本問において「本件契約」という。）を締結した場合に関する次の記述のうち、民法の規定によれば、誤っているものはどれか。なお、CはBから代理権を与えられていなかったものとする。,,,,,,Bが、本件契約について、Cに対して追認したときは、Cは、当然に本件契約をA に対抗することができる。,Aは、Bに対し、相当の期間を定めて、その期間内に追認をするかどうかを確答す べき旨の催告をすることができるが、この場合において、Bがその期間内に確答をし ないときは、追認を拒絶したものとみなす。,Aは、本件契約の締結の時においてCが代理権を有しないことを知らなかったとき は、Bの追認がない間は、本件契約を取り消すことができる。,Bの追認は、別段の意思表示がないときは、第三者の権利を害さない範囲で本件契 約の時にさかのぼってその効力を生ずる。 2,1,FALSE,FALSE,,（解説は未入力です。）,,,,,
2014,平成26年度,3,combination,判例・横断総合,h26;combination;direct_question;parsed,A、B、Cは、甲マンション内の一住戸（以下、本問において「本件専有部分」という。）を共同所有しており、その持分は、Aが2分の1、BとCがそれぞれ4分の1である。この場合に関する次のアからエの記述のうち、民法の規定によれば、誤っているもののみの組合せはどれか。ア A、B、Cは、それぞれ自己の持分の多寡とは関係なく、本件専有部分の全部について等しく使用することができる。イAが、本件専有部分を第三者に売却するためには、B又はCの同意を得なければならない。ウ Bが、本件専有部分について自己の持分を放棄したときは、その持分はBの推定相続人に帰属する。エ Cは、本件専有部分の保存行為を単独ですることができる。,,,,,,ア・イ・ウ,ア・イ・エ,ア・ウ・エ,イ・ウ・エ 3,1,FALSE,FALSE,,（解説は未入力です。）,,,,,
2014,平成26年度,4,combination,判例・横断総合,h26;combination;direct_question;parsed,マンションの管理組合A（以下、本間において「A」という。）は、B会社（以下、本問において「B」という。）との間で、Bが、当該マンションの屋上に広告塔を設置して使用し、その対価として毎月5万円の賃料（以下、本問において「本件賃料」という。）をAに支払う旨の契約（以下、本問において「本件契約」という。）を締結した。この場合に関する次の記述のうち、民法の規定及び判例によれば、誤っているもののみの組合せはどれか。ア 本件契約は、土地や建物内の住戸の使用を目的とするものではなく、建物の一部である屋上部分の使用を目的とするものであるので、使用貸借である。イ本件賃料を第三者Cが支払う旨の契約は、AとCの間のみで締結することはできず、A・B・Cの三者間において締結されなければならない。ウ 本件賃料を第三者Cも重畳的に負担する旨の契約は、Bの意思に反しても、AとCの間のみの契約で締結することができる。エ AのBに対する本件賃料債権は、5年間行使しないときは、時効によって消滅する。,,,,,,ア・イ,ア・エ,イ・ウ,ウ・エ,1,FALSE,FALSE,,（解説は未入力です。）,,,,,
2014,平成26年度,5,single,判例・横断総合,h26;single_choice;direct_question;parsed,マンション管理業者A（以下、本問において「A」という。）が、Aの顧問弁護士B（以下、本問において「B」という。）との間で委任契約を締結した場合に関する次の記述のうち、民法の規定によれば、誤っているものはどれか。,,,,,,Aは、Bが委任事務を処理するについて費用を要するときは、Bの請求により、そ の前払をしなければならない。,Bは、Aの請求があるときでも、遅滞なく委任事務の処理の状況を報告する必要は なく、委任が終了した後に、遅滞なくその経過及び結果を報告しなければならない。,Aが破産手続開始の決定を受けたとき、又はBが死亡したときは、当該委任契約は 終了する。,Bは、委任の本旨に従い、善良な管理者の注意をもって、委任事務を処理する義務 を負う。,2,FALSE,FALSE,,（解説は未入力です。）,,,,,
2014,平成26年度,6,single,判例・横断総合,h26;single_choice;direct_question;parsed,マンションの管理組合A（以下、本間において「A」という。）がマンション管理業者B（以下、本問において「B」という。）との間で管理委託契約を締結した事情の下での不法行為に関する次の各場合のうち、民法の規定によれば、Bが不法行為責任を負わないものはどれか。,,,,,,Bの従業員が、Bの事業の執行について、Aの理事長と共に、Aの組合員（区分所 有者）の名誉をき損した場合。,Bの従業員が、Bの事業の執行について、Aの組合員（区分所有者）以外の第三者 に損害を与えた場合。,Bから再委託を受けた清掃業者の従業員が、Bの事業の執行について、Aの組合員 （区分所有者）に損害を与えた場合。,Bがその従業員の選任及びその事業の監について相当の注意をしていたにもかか わらず、当該従業員が、Bの事業の執行について、Aの組合員（区分所有者）に損害 を与えた場合。,4,FALSE,FALSE,,（解説は未入力です。）,,,,,
2014,平成26年度,7,single,判例・横断総合,h26;single_choice;most_inappropriate;parsed,マンション標準管理委託契約書及びマンション標準管理委託契約書コメント（平成15年4月9日国総動第3号。国土交通省総合政策局長通知。以下、「マンション標準管理委託契約書」という。）に関する次の記述のうち、最も不適切なものはどれか。,,,,,,管理組合及びマンション管理業者は、マンションにおいて滅失、き損、瑕疵等の事 実を知った場合においては、速やかに、その状況を相手方に通知しなければならない。,マンション管理業者が管理組合の組合員に対し、管理委託契約の定めに従った管理 費等の促を行っても、なお当該組合員が支払わないときは、その後の収納の請求は 管理組合が行うものとし、管理組合がマンション管理業者の協力を必要とするときは、 管理組合及びマンション管理業者は、その協力方法について協議するものとする。,マンション管理業者は、災害又は事故等の事由により、管理組合のために、緊急に 行う必要がある業務で、管理組合の承認を受ける時間的な余裕がないものについては、 管理組合の承認を受けないで実施することができる。,マンション管理業者は、管理事務を行うために不可欠な管理事務室の使用料及び管 理事務室の使用に係る諸費用（水道光熱費、通信費、備品、消耗品費等）を負担する 義務を負う。,4,FALSE,FALSE,,（解説は未入力です。）,,,,,
2014,平成26年度,8,count,判例・横断総合,h26;count;count;parsed,マンション標準管理委託契約書における契約（以下、本間において「本契約」という。）の解除及び更新の定めに関する次のアからエまでの記述のうち、適切なものはいくつあるか。ア 管理組合及びマンション管理業者は、その相手方が、本契約に定められた義務の履行を怠った場合は、相当の期間を定めてその履行を催告することはできるが、本契約を解除することまではできない。イ管理組合は、マンション管理業者がマンション管理業の登録の取消しの処分を受けたときは、本契約を解除することができる。ウ 管理組合又はマンション管理業者は、本契約を更新しようとする場合、本契約の有効期間が満了する日までに、その相手方に対し、書面をもって、その旨を申し出る必要がある。工管理組合及びマンション管理業者は、相手方から本契約の更新について申出があった場合において、その有効期間が満了する日までに更新に関する協議がととのう見込みがないときは、本契約と同一の条件で、期間を定めて暫定契約を締結することができる。2二つ3三つ4 四つ,,,,,,一つ,二つ,三つ,四つ,2,FALSE,FALSE,,（解説は未入力です。）,,,,,
2014,平成26年度,9,single,判例・横断総合,h26;single_choice;most_inappropriate;parsed,マンション管理業者の管理事務の対象となる部分に関する次の記述のうち、マンション標準管理委託契約書の定めによれば、最も不適切なものはどれか。,,,,,,専用使用部分（バルコニー、トランクルーム、専用庭等）については、管理組合が 行うべき管理業務の範囲内においてマンション管理業者が管理事務を行う。,附属施設である塀及びフェンスは、管理対象部分に含まれない。,大多数の区分所有者がマンション外に住所地を有するリゾートマンションを管理事 務の対象とする場合には、管理事務の対象となる部分に係るマンション標準管理委託 契約書の定めを適宜追加、修正をすることが必要である。,共用部分の設備等の故障等発信機器やインターネット等の設備等が設置され、当該 設備等の維持・管理業務をマンション管理業者に委託するときは、管理事務の対象と なる部分に係るマンション標準管理委託契約書の定めを適宜追加、修正をすることが 必要である。,2,FALSE,FALSE,,（解説は未入力です。）,,,,,
2014,平成26年度,10,single,判例・横断総合,h26;single_choice;direct_question;parsed,マンションの管理費の滞納に関する次の記述のうち、民法及び建物の区分所有等に関する法律（昭和37年法律第69号。以下、「区分所有法」という。）の規定によれば、誤っているものはどれか。,,,,,,区分所有者が管理費を支払うべき期日に支払わなかった場合、規約に遅延損害金に 関する定めがなくても、当該区分所有者に対し、年5分の割合による遅延損害金を請 求することができる。,管理費を滞納している区分所有者から、マンションの専有部分を購入した者が、売 買契約に際して、当該滞納者から「管理費の滞納分はない」旨を告げられ、それを言 ずるについて過失がない場合でも、滞納管理費の支払義務を負う。,管理費を滞納している区分所有者が死亡した場合、共同相続人のうち当該滞納者の 区分所有権を相続する者が確定するまでは、管理組合は滞納管理費の請求をすること ができない。,管理費を滞納している区分所有者に対して内容証明郵便による催告を行い、その催 告後6箇月以内に再び内容証明郵便による催告を行ったとしても、時効中断の効力を 維持することはできない。 8,3,FALSE,FALSE,,（解説は未入力です。）,,,,,
2014,平成26年度,11,combination,判例・横断総合,h26;combination;direct_question;parsed,マンションの管理費の滞納に関して、管理業務主任者（マンション管理適正化法第2条第9号に規定するものをいう。以下同じ。）が管理者等（マンション管理適正化法第2条第4号に規定するものをいう。以下同じ。）に対して説明した次のアからオの記述のうち、適切なもののみの組合せはどれか。ア 管理費を滞納している区分所有者が、支払不能に陥って自己破産の申立てをした場合は、滞納管理費の請求はできません。イ管理費を滞納している区分所有者が、所有する専有部分について賃貸借契約を締結している場合、規約に別段の定めがなくても、その賃借人に滞納管理費を請求することができます。ウ 管理費を滞納している区分所有者が、管理組合あてに滞納の事実を認める書面を提出し、滞納している管理費の一部であることを明示して滞納管理費を支払った場合、滞納額全額について消滅時効が中断します。工管理費を滞納している区分所有者が、行方不明であっても、裁判所に滞納管理費を請求する訴えを提起することができます。オ 管理費を滞納している区分所有者が、滞納している債務の時効完成前に、区分所有権等を売却した場合、買主がその区分所有権等を取得した日から改めて時効期間を起算することになります。,,,,,,ア・ウ,イ・エ,ウ・エ,エ・オ 9,3,FALSE,FALSE,,（解説は未入力です。）,,,,,
2014,平成26年度,12,single,判例・横断総合,h26;single_choice;most_appropriate;parsed,管理組合の会計等に関する次の記述のうち、マンション標準管理規約及びマンション標準管理規約コメント（単棟型）（平成16年1月23日国総動第232号・国住マ第37号。国土交通省総合政策局長・同住宅局長通知。以下、「マンション標準管理規約」という。）の定めによれば、最も適切なものはどれか。,,,,,,管理組合の会計年度の開始後、通常総会において収支予算の承認を得るまでの間に、 通常の管理に要する経費のうち、経常的であり、かつ、通常総会において収支予算の 承認を得る前に支出することがやむを得ないものについては、理事長はその権限によ って支出することができる。,管理組合は、通常の管理に要する経費の支払いに不足が生じた場合であっても、借 入れをすることができない。,会計処理に関する規約の変更は、総会の決議を経なければならないが、その使用細 則の変更は、理事会の決議だけで足りる。,収支予算及び事業計画は、総会の決議を経なければならないが、収支決算及び事業 報告は、理事会の決議だけで足りる。,2,FALSE,FALSE,,（解説は未入力です。）,,,,,
2014,平成26年度,13,single,判例・横断総合,h26;single_choice;most_inappropriate;parsed,管理組合の監事の監査に関する次の記述のうち、マンション標準管理規約の定めによれば、最も不適切なものはどれか。,,,,,,管理組合の監事は、監査を実施するにあたって、理事から必要な証憑書類等を提出 させるとともに、理事会に出席しなければならない。,管理組合の監事は、管理組合の業務の執行及び財産の状況を監査し、その結果を総 会に報告しなければならない。,管理組合の理事長は、毎会計年度の収支決算案を監事の会計監査を経て、通常総会 に報告し、その承認を得なければならない。,管理組合の監事は、管理組合の業務の執行及び財産の状況について、不正があると 認めるときは、臨時総会を招集することができる。 10,1,FALSE,FALSE,,（解説は未入力です。）,,,,,
2014,平成26年度,14,single,判例・横断総合,h26;single_choice;direct_question;parsed,管理組合の活動における以下の取引に関して、平成26年3月分の仕訳として正しいものは次のうちどれか。ただし、この管理組合の会計年度は、毎年4月1日から翌年3月31日までとし、期中の取引において、企業会計原則に基づき厳格な発生主義によって経理しているものとする。（取引）平成25年12月に、非常階段に錆が発生していることが判明し、業者に依頼し平成26年,,,,,,"借方 修繕費 3,000,000 貸方 普通預金 3,000,000","借方 構築物 3,000,000 貸方 前払金 2,000,000・未払金 1,000,000","借方 前払金 2,000,000 貸方 普通預金 2,000,000","借方 修繕費 3,000,000 貸方 前払金 2,000,000・未払金 1,000,000",4,FALSE,FALSE,,（解説は未入力です。）,,,,,
2014,平成26年度,15,single,判例・横断総合,h26;single_choice;direct_question;parsed,"管理組合の活動における以下の取引に関して、平成26年3月分の仕訳として正しいものは次のうちどれか。ただし、この管理組合の会計年度は、毎年4月1日から翌年3月31日までとし、期中の取引において、企業会計原則に基づき厳格な発生主義によって経理しており、支払保険料についても毎月初めに当月発生額を費用計上しているものとする。（取引）当管理組合は、保険期間を5年、保険料支払方法を年払いとする「修繕積立保険」に加入しており、平成25年6月30日に平成25年7月1日から平成26年6月末までの期間1年分の保険料1,800,000円を管理組合名義の普通預金から支払っている。なお、当該保険料の内訳は、以下のとおりである。",,,,,,". 危険保険料（危険保険部分）年額 900,000円","．積立保険料（修繕積立部分）年額 900,000円 修繕積立保険料 合計 1,800,000円 （注）「修繕積立保険」とは、マンションの共用部分の火災等による補償と修繕費用の 積立ての2つの目的を1つの保険に組み込んだ、マンション管理組合向けの積立型 商品 1 （借方） 支払危険保険料 保険積立金 2",（借方） 支払危険保険料 （借方） 支払危険保険料,"（借方） 保険積立金 （貸方） 普通預金 （単位：円） 150,000 75,000 75,000 75,000 75,000 150,000 （貸方） 前払保険料 （貸方） 普通預金 （貸方） 前払保険料 75,000 75,000 150,000 12",2,FALSE,FALSE,,（解説は未入力です。）,,,,,
2014,平成26年度,16,single,判例・横断総合,h26;single_choice;direct_question;parsed,管理組合の活動に係る消費税に関する次の記述のうち、消費税法（昭禾63年法律第108号）の規定によれば、正しいものはどれか。,,,,,,管理組合が大規模修繕を行う際に、銀行からその費用の一部を借り入れたが、その 弁済金の金部分には消費税は課税されないが、その支払利息部分には消費税は課税 される。,消費税法上、管理組合が納税義務者かどうかを判断する場合の、基準期間における 課税売上高には、組合員から収受する駐車場収入が含まれる。,消費税法上、非法人の管理組合は納税義務者とはならないが、管理組合法人は納税 義務者となる。,管理組合の支出のうち、火災保険料等の損害保険料は非課税であるので、消費税の 課税対象とはならない。,4,FALSE,FALSE,,（解説は未入力です。）,,,,,
2014,平成26年度,17,single,判例・横断総合,h26;single_choice;direct_question;parsed,特殊建築物等の内装に関する制限（以下、本問において「内装制限」という。）に関する次の記述のうち、建築基準法（昭和25年法律第201号）によれば、正しいものはどれか。,,,,,,国土交通大臣が定めたもの又は国土交通大臣の認定を受けたものである不燃材料・ 準不燃材料・難燃材料において、不燃性能に関して難燃材料は不燃材料に含まれる。,内装制限を受けるのは、床・壁・天井であり、床に対する基準が最も厳しいものと なっている。,耐火建築物の共同住宅で、400m以内ごとに準耐火構造の床、壁又は建築基準法第 2条第9号の2口に規定する防火設備で区画されている住戸にある居室には、内装制 限が適用されない。,屋内避難階段及び特別避難階段の階段室の天井及び壁の室内に面する部分は、不燃 材料で仕上げをし、かつ、その下地も不燃材料で造らなければならない。 13,4,FALSE,FALSE,,（解説は未入力です。）,,,,,
2014,平成26年度,18,combination,判例・横断総合,h26;combination;direct_question;parsed,コンクリートの特徴に関する次のアからカの記述のうち、不適切なもののみの組合せはどれか。ア5張強度が大きい。イ剛性が高い。ウ 自由な成形ができる。エ ひび割れが生じにくい。オ乾燥収縮が大きい。カ 耐火性が劣る。,,,,,,ア・イ・ウ,ア・エ・カ,イ・ウ・オ,エ・オ・カ,2,FALSE,FALSE,,（解説は未入力です。）,,,,,
2014,平成26年度,19,single,判例・横断総合,h26;single_choice;most_inappropriate;parsed,住戸セントラル給湯方式用熱源機器に関する次の記述のうち、最も不適切なものはどれか。,,,,,,自然冷媒ヒートポンプ給湯機とは、冷媒にフロンなどを使用せずに、二酸化炭素を 利用したヒートポンプ給湯機である。,潜熱回収型ガス給湯機とは、従来のガス給湯機の燃焼ガス排気部に給水管を導き、 燃焼時に熱交換して昇温してから、これまでと同様に燃焼部へ水を送り再加熱するも のである。,電力を利用した自然冷媒ヒートポンプ給湯機の加熱効率（COP） （加熱量［kWh」 ／ヒートポンプ入力電力量［kWh］）は年間平均でほぼ1である。,東日本大震災で貯湯式の給湯設備に被害が多かったことから告示改正が行われ、人 が危害を受けるおそれのない場合等を除き、設置場所、満水時の質量、アスペクト比 ごとに、建築物の部分等に固定するアンカーボルトの種類・本数などが規定された。 14,3,FALSE,FALSE,,（解説は未入力です。）,,,,,
2014,平成26年度,20,single,判例・横断総合,h26;single_choice;direct_question;parsed,防災設備に必要とされる非常用電源に関する次の記述のうち、建築基準法及び消防法（昭和23年法律第186号）によれば、誤っているものはどれか。,,,,,,非常用の照明装置の予備電源は、常用の電源が断たれた場合に自動的に切り替えら れて接続され、かつ、常用の電源が復旧した場合に自動的に切り替えられて復帰する ものとしなければならない。,停電時の予備電源として蓄電池を用いる非常用の照明装置にあっては、充電を行う ことなく60分間以上継続して点灯できなければならない。,停電時の非常電源として自家発電設備を用いる屋内消火設備は、有効に30分間以 上作動できるものでなければならない。,停電時の非常電源として蓄電池を用いる自動火災報知設備は、有効に10分間以上作 動できるものでなければならない。,2,FALSE,FALSE,,（解説は未入力です。）,,,,,
2014,平成26年度,21,single,判例・横断総合,h26;single_choice;most_inappropriate;parsed,熱環境等に関する次の記述のうち、最も不適切なものはどれか。,,,,,,温熱要素とは、人体の体感に影響を及ぼす気温・湿度・気流・放射の総称である。,熱貫流には、熱伝導と熱伝達の2つの要素があり、熱伝導とは、周囲流体から固体 表面、又は固体表面から周囲流体に熱が移動する現象であり、熱伝達とは、熱が物体 の高温部から低温部へ移る現象である。,コールドドラフトとは、冬期に室内に低温の気流が流れ込むか、又はガラスなどの 冷壁面で冷された冷風が下降する現象である。,露点温度とは、空気の温度が下がっていくとき空気中の水蒸気の圧力が飽和水蒸気 圧に達する温度をいい、それ以下になったとき壁などの表面で結露する。 15,2,FALSE,FALSE,,（解説は未入力です。）,,,,,
2014,平成26年度,22,single,判例・横断総合,h26;single_choice;direct_question;parsed,建築基準法における面積・高さなどの算定方法に関する次の記述のうち、誤っているものはどれか。,,,,,,がけ地、川、線路敷地等に沿う道路のうち特定行政庁が指定する幅員4m未満の道 路において、当該がけ地等の境界線から道の側に4mまでの部分は、敷地面積に算入 されない。,自動車車庫の床面積は、当該敷地内の建築物の各階の床面積の合計（同一敷地内に 2以上の建築物がある場合においては、それらの建築物の各階の床面積の合計の和） に5分の1を乗じて得た面積を限度として、延べ面積には算入されない。,地階で、地盤面上1.5m以下にある部分は、建築面積に算入されない。,階段室、昇降機塔などの建築物の屋上部分の水平投影面積の合計が、当該建築物の 建築面積の8分の1以内の場合、その部分の高さは、建築物の高さに算入されないこ とがある。,3,FALSE,FALSE,,（解説は未入力です。）,,,,,
2014,平成26年度,23,combination,判例・横断総合,h26;combination;direct_question;parsed,建築士法（昭和25年法律第202号）により、設備設計一級建築士が設備設計を行うか、又は設備設計一級建築士に設備関係規定に適合するかどうかの確認を求めなければならないとされている建築物に関する次の記述の（ア） 及び （イ）の中に入る数値の組合せとして、正しいものはどれか。階数が（ア） 以上で床面積の合計が（イ）mを超える建築物,,,,,,"A=3, B=2,000","A=3, B=5,000","A=5, B=5,000","A=10, B=10,000",2,FALSE,FALSE,,（解説は未入力です。）,,,,,
2014,平成26年度,24,combination,判例・横断総合,h26;combination;direct_question;parsed,国土交通省住宅局が示した「共同住宅に係る防犯上の留意事項」及び「防犯に配慮した共同住宅に係る設計指針」（平成13年3月23日公表）において、共用部分の床面又は地面に必要な平均水平面照度に関する次の記述のうち、（ア）から（ウ）の中に入る数値の組合せとして適切なものはどれか。・ 10m先の人の顔、行動が明確に識別でき、誰であるか明確にわかる程度以上の照度は、概ね（ア） ルクス以上。・ 10m先の人の顔、行動が識別でき、誰であるかわかる程度以上の照度は、概ね（イ） ルクス以上。・ 4m先の人の挙動、姿勢等が識別できる程度以上の照度は、概ね（ウ）ルクス以上。（ア）100（イ）（ウ）,,,,,,"A=10, B=5, C=1","A=20, B=10, C=1","A=50, B=20, C=3","A=100, B=50, C=10",3,FALSE,FALSE,,（解説は未入力です。）,,,,,
2014,平成26年度,25,single,判例・横断総合,h26;single_choice;direct_question;parsed,区分所有建築物に関する次の記述のうち、建築物の耐震改修の促進に関する法律（平成7年法律第123号）及び区分所有法の規定によれば、誤っているものはどれか。,,,,,,既存耐震不適格建築物である区分所有建築物の所有者は、耐震改修を行なわなけれ ばならない。,所管行政庁が耐震改修の計画を認定した場合においては、容積率又は建ぺい率の特 例が認められる場合がある。,所管行政庁から耐震改修が必要である旨の認定を受けた区分所有建築物については、 規約に別段の定めのない限り、区分所有者及び議決権の各過半数による集会の決議を 経て耐震改修を行うことができる。,地震に対する安全性に係る基準に適合していると認定を受けた建築物についてその 旨を表示できる制度は、区分所有建築物を含む全ての建築物が対象である。,1,FALSE,FALSE,,（解説は未入力です。）,,,,,
2014,平成26年度,26,single,判例・横断総合,h26;single_choice;most_inappropriate;parsed,排水管の洗浄方法に関する次の記述のうち、最も不適切なものはどれか。,,,,,,高圧洗浄法の前方噴射タイプには、洗浄機能に加えて自走機能がある。,塩化ビニール管にスネークワイヤ法を適用すると、その曲り部分が削られる危険性 がある。,ロッド法は、主に敷地排水管に適用され、排水ますから器具を挿入して作業する。,化学的洗浄法は、機械的洗浄法が適用しにくい場合に用いるのがよい。 18,1,FALSE,FALSE,,（解説は未入力です。）,,,,,
2014,平成26年度,27,single,判例・横断総合,h26;single_choice;most_inappropriate;parsed,国土交通省による「長期修繕計画作成ガイドライン」（平成20年6月17日公表）に示されている「長期修繕計画の作成の考え方」及び「修繕積立金の額の設定の考え方」の内容として、最も不適切なものはどれか。,,,,,,推定修繕工事は、建物及び設備の性能・機能を工事時点における新築物件と同等の 水準に維持、回復する修繕工事を基本とする。,推定修繕工事費用には、長期修繕計画の見直しの費用は含まない。,現場管理費及び一般管理費は、見込まれる推定修繕工事ごとの総額に応じた比率の 額を単価に含める。,修繕積立金の積立ては、長期修繕計画の作成時点において、計画期間に積み立てる 修繕積立金の額を均等にする積立方式を基本とする。,2,FALSE,FALSE,,（解説は未入力です。）,,,,,
2014,平成26年度,28,single,判例・横断総合,h26;single_choice;most_appropriate;parsed,建築用板ガラスに関する次の記述のうち、最も適切なものはどれか。,,,,,,合わせガラスは、2枚のガラスをスペーサーで一定の間隔に保ち、その周囲を封着 材で密閉し、内部に乾燥空気を満たしたガラスである。,強化ガラスは、ガラスを加熱したのち、急冷して、耐風圧強度を高めたガラスであ る。,複層ガラスは、2枚以上のガラスを特殊な合成構脂フィルムで接着したガラスであ る。,フロート板ガラスは、熱の通しやすさに関しては複層ガラスと同等である。 19 1 2 3 4,2,FALSE,FALSE,,（解説は未入力です。）,,,,,
2014,平成26年度,29,count,判例・横断総合,h26;count;count;parsed,修繕積立金に関する次の記述のうち、マンション標準管理規約によれば、不適切なものはいくつあるか。ア積み立てた修繕積立金がかなり潤沢になったので、総会の決議により、その一部を取り崩して各区分所有者に配分した。イ 大規模修繕工事を間近に控えて、積み立てた修繕積立金が不足することがわかったので、総会の決議により、毎月徴収する修繕積立金月額を、各区分所有者の共用部分の共有持分にかかわらず、各戸同額の値上げを行った。ウ 給水管取替え工事につき、総会の決議により、専有部分に係る工事費用を、積み立てた修繕積立金を取り崩して支払った。エ 駐車場使用料につき、駐車場の管理に要する費用に充てるほか、修繕積立金として積み立てた。一つ二つ三つ四つ,,,,,,一つ,二つ,三つ,四つ,3,FALSE,FALSE,,（解説は未入力です。）,,,,,
2014,平成26年度,30,single,判例・横断総合,h26;single_choice;direct_question;parsed,共用部分の工事に関する次の記述のうち、区分所有法及びマンション標準管理規約によれば、総会の普通決議でできないものはどれか。,,,,,,バリアフリー工事に関し、建物の基本的構造部分を取り壊す等の加工を伴わずに階 段にスロープを併設し、手すりを追加する工事,耐震性が不足するため、柱やはうに炭素繊維シートや鉄板を巻き付けて補修するエ 事,IT化工事に関し、既存のパイプスペースを利用して光ファイバー・ケーブルを敷 設する工事,太陽光発電のため、屋上全面に太陽光パネルを設置する工事,4,FALSE,FALSE,,（解説は未入力です。）,,,,,
2014,平成26年度,31,single,判例・横断総合,h26;single_choice;direct_question;parsed,期間に関する次の記述のうち、区分所有法の規定によれば、誤っているものはどれか。,,,,,,集会（建替え決議を会議の目的とするものを除く。）の招集通知は、会日の少なく とも1週間前に会議の目的たる事項を示して、各区分所有者に発しなければならない が、この期間は、規約により伸長も短縮もできる。,区分所有法第59条に基づく競売の申立ては、その判決が確定した日から6月を経過 したときは、することができず、この期間は、規約により伸長することができない。,建替え決議を会議の目的とする集会を招集するときは、その招集通知は、会日より 少なくとも2月前に発しなければならないが、この期間は、規約により伸長すること ができる。,管理組合法人の理事及び監事の任期は2年であり、この期間は、規約により伸長も 短縮もできない。 21,4,FALSE,FALSE,,（解説は未入力です。）,,,,,
2014,平成26年度,32,count,判例・横断総合,h26;count;count_correct;parsed,管理組合法人に関する次の記述のうち、区分所有法の規定によれば、正しいものはいくつあるか。ア 管理組合法人は、区分所有者名簿を備え置き、区分所有者の変更があるごとに必要な変更を加えなければならない。イ理事は、損害保険契約に基づく保険金額の請求及び受領のほか、共用部分等について生じた損害賠償金及び不当利得による返金の請求及び受領について、区分所有者を代理する。ウ 管理組合法人と理事との利益が相反する事項については、監事が管理組合法人を代表する。エ理事は、集会の決議により、管理組合法人の事務に関し、区分所有者のために、原告又は被告となることができるが、この場合には、遅滞なく、原告又は被告となった旨を区分所有者に通知しなければならない。,,,,,,一つ,二つ,三つ,四つ 22,2,FALSE,FALSE,,（解説は未入力です。）,,,,,
2014,平成26年度,33,count,判例・横断総合,h26;count;count;parsed,総会の議長に関する次の記述のうち、マンション標準管理規約の定めによれば、不適切なものはいくつあるか。ア 理事長が通常総会を欠席した場合、議長は、副理事長が理事長を代理して務める。イ 組合員が組合員総数の5分の1以上及び議決権総数の5分の1以上に当たる区分所有者の同意を得て、総会の招集を請求した場合において、理事長が規約の定めに従った期間内に臨時総会の招集通知を発したときの議長は、理事長が務める。ウ 組合員が組合員総数の5分の1以上及び議決権総数の 5分の1以上に当たる区分所有者の同意を得て、総会の招集を請求した場合において、規約の定めに従った期間内に、理事長が総会の招集通知を発しなかったときは、総会の招集を請求した組合員は臨時総会を招集することができるが、この場合の議長は、総会に出席した組合員（書面、電磁的方法又は代理人によって議決権を行使する者を含む。）の議決権の過半数をもって、組合員の中から選任する。エ 総会の議事は、議長を含む出席組合員（書面、電磁的方法又は代理人によって議決権を行使する者を含む。）の議決権の過半数で決する。,,,,,,一つ,二つ,三つ,四つ 23,1,FALSE,FALSE,,（解説は未入力です。）,,,,,
2014,平成26年度,34,single,判例・横断総合,h26;single_choice;direct_question;parsed,敷地に関する次の記述のうち、区分所有法の規定によれば、誤っているものはどれか。,,,,,,建物の敷地とは、建物が所在する土地（以下、本間において「法定敷地」とい う。）及び区分所有法第5条第1項の規定により、規約で敷地と定めた土地（以下、 本間において「規約敷地」という。）を指す。,法定敷地は、数筆の土地であっても構わず、また、同土地は同一の者に帰属するこ とを要しない。,規約敷地は、区分所有者が建物及び建物が所在する土地と一体として管理又は使用 する庭、通路その他の土地を指すが、建物が所在する土地の隣接地でなくともよい。,法定敷地である甲乙二筆の土地にまたがって建っている建物のうち、甲地に所在す る建物（建物の価格の2分の1以下に相当する）部分が全部滅失してしまった場合、 甲地に所在した当該建物部分を復旧するためには、区分所有者の団体は、まず集会を 開いて甲地を規約敷地にしなければならない。,4,FALSE,FALSE,,（解説は未入力です。）,,,,,
2014,平成26年度,35,single,判例・横断総合,h26;single_choice;most_inappropriate;parsed,マンションの駐車場に関する次の記述のうち、民法、区分所有法及び判例によれば、最も不適切なものはどれか。,,,,,,分譲業者が、敷地に区画された駐車場部分に排他的利用を可能とする専用使用権を 設定して、区分所有権とは別に分譲・販売することは、民法第90条の公序良俗に反し 無効な契約であり、分譲業者は受け取った対価を管理組合に返還しなければならない。,建物内の構造上、利用上の独立性が認められる駐車場部分を、専有部分として登記 して、住戸部分とは別に分譲・販売することができる。,敷地上の駐車場使用契約が使用貸借契約である場合には、契約の相手方である駐車 場使用者との契約更改がない限り、集会決議によって有償化することはできない。,敷地に区画された駐車場について、無償で利用している一部の区分所有者等の専用 使用権を消滅させるには、その変更に必要性、合理性、相性が認められない限り、 集会の決議のほかにその者の承諾が必要である。 24,1,FALSE,FALSE,,（解説は未入力です。）,,,,,
2014,平成26年度,36,single,判例・横断総合,h26;single_choice;most_inappropriate;parsed,共用部分の管理に関する次の記述のうち、区分所有法によれば最も不適切なものはどれか。,,,,,,共用部分のうち、一部の区分所有者のみに供されることが明らかな部分（以下、本 問において「一部共用部分」という。）は、それらの者の管理に服する。,一部共用部分に関する事項であっても、該部分が区分所有者全員の利害に関係す る部分である場合には、規約にその定めがなくても区分所有者全員で管理する。,一部共用部分に関する事項で、区分所有者全員の利害に関係しないものは、これを 共用すべき区分所有者の規約によって管理することができるが、区分所有者全員の規 約に別段の定めをすれば、区分所有者全員で管理できる。,1棟の建物に設置された1基のエレベーターの管理を区分所有者全員で管理するこ とはできるが、その旨を規約で定めておかなければならず、費用負担に階差を設けな ければならない。 25,4,FALSE,FALSE,,（解説は未入力です。）,,,,,
2014,平成26年度,37,count,判例・横断総合,h26;count;count;parsed,管理組合の役員に関する次の記述のうち、区分所有法及びマンション標準管理規約によれば、適切なものはいくつあるか。ア 非法人の管理組合においては、理事とは別に必ず管理者を定めなければならないが、管理組合法人においては、法人の代表理事以外に管理者を定めることはできない。イ管理組合法人の監事は、管理組合法人の業務の執行及び財産の状況について不正があると認めるときは、理事の業務執行を中止できるとともに、管理組合法人と理事との利益が相反する事項については、監事が管理組合法人を代表する。ウ 管理組合法人においても、非法人の管理組合においても、監事が欠けた場合にあって、予め職務代行者が定まっていないときは、理事長は、至急に理事会を開いて監事を選任しなければならない。エ 副理事長は、理事長に事故があるときは、その職務を代理し、理事長が欠けたときは、その職務を行う。,,,,,,一つ,二つ,三つ,四つ 26,1,FALSE,FALSE,,（解説は未入力です。）,,,,,
2014,平成26年度,38,single,判例・横断総合,h26;single_choice;direct_question;parsed,管理者、理事又は清算人の義務違反行為に関する次の記述のうち、区分所有法の規定によれば、過料に処せられないものはどれか。,,,,,,管理組合法人の理事の数が欠けた場合において、その選任手続を怠った場合,管理組合法人が法人登記を怠った場合,管理組合法人が区分所有者名簿を備え置かない場合,管理組合の清算人が破産手続開始の申立てを怠った場合,4,FALSE,FALSE,,（解説は未入力です。）,,,,,
2014,平成26年度,39,single,判例・横断総合,h26;single_choice;most_appropriate;parsed,次の記述のうち、最高裁判所の判例によれば、最も適切なものはどれか。,,,,,,特定の専有部分の汚水を排水本に流す排水管は、その構造及び設置場所にかかわ らず、専有部分に属する建物の附属物であるから、区分所有者全員の共用部分と解す ることはできない。,マンションの専有部分を駐車場以外に変更することができない旨の制限条項を、分 譲業者とその買受人である区分所有者との間で設けた場合には、同制限条項は規約で 定めた場合と同様に、該区分所有者の特定承継人に対しても効力を有する。,マンションにおける専有部分に接するバルコニーについては、管理組合の管理する 共用部分であり、規約等によりその改築を禁止することができるにしても、管理組合 は、規約等に違反してバルコニーの改築工事を終えた区分所有者に対しては、同改築 部分を撤去して復旧すべき旨の請求をすることはできない。,マンションの建設が近接する地域の景観に影響を与える場合でも、近隣の居住者に、 良好な景観の恵沢を享受する利益を超えて、私法上の権利といい得るような明確な実 体を有する「景観権」を認めることはできない。 27,4,FALSE,FALSE,,（解説は未入力です。）,,,,,
2014,平成26年度,40,single,判例・横断総合,h26;single_choice;direct_question;parsed,ともに宅地建物取引業者（宅地建物取引業法（昭和27年法律第176号）第2条第3号に規定する者をいう。以下同じ。）でない売主Aと買主Bが締結したマンションの売買契約における売主の瑕疵担保責任に関する次の記述のうち、民法の規定及び判例によれば、誤っているものはどれか。,,,,,,マンションの引渡しの時から10年を経過したときは、消滅時効によりBはAに対し 瑕疵担保に基づく損害賠償請求権の行使ができない。,AB間の売買契約の目的物であるマンションに隠れた瑕疵があり、Bがこれを知ら ずに購入し、そのために契約をした目的を達することができない場合に、Bが売買契 約を解除したときは、BはAに損害賠償の請求をすることができなくなる。,Bは、Aに対し当該瑕疵の修補の請求しかできず、損害賠償請求はできない旨の特 約は有効である。,Bは、売買契約締結当時に通常の注意をすれば知ることができた瑕疵については、 Aに対し瑕疵担保責任を追及することができない。,2,FALSE,FALSE,,（解説は未入力です。）,,,,,
2014,平成26年度,41,combination,判例・横断総合,h26;combination;most_appropriate;parsed,住宅の品質確保の促進等に関する法律（平成11年法律第81号。以下、本問において「品確法」という。）に規定される瑕疵担保責任の特例に関する次の文中の（ア）から（ウ）の中に入る用語の組合せとして、最も適切なものはどれか。品確法において売主の瑕疵担保責任の特例の対象となる新築住宅とは、新たに建設された住宅で、まだ人の居住の用に供したことのないもの（（ア）から起算して（イ）を経過したものを除く。）をいう。その住宅の売主は、構造耐力上主要な部分又は雨水の浸入を防止する部分として政令で定めるものについて（ウ）の時から10年間瑕疵担保責任を負わなければならない。これに反する特約で買主に不利な特約は無効とされている。,,,,,,"A=建設工事完了の日, B=1年, C=引渡し","A=売買契約締結の日, B=1年, C=所有権保存登記","A=売買契約締結の日, B=2年, C=引渡し","A=建設工事完了の日, B=2年, C=所有権保存登記",1,FALSE,FALSE,,（解説は未入力です。）,,,,,
2014,平成26年度,42,single,判例・横断総合,h26;single_choice;most_inappropriate;parsed,マンションの共用部分に係る損害保険に関する次の記述のうち、区分所有法及びマンション標準管理規約によれば、最も不適切なものはどれか。,,,,,,共用部分について、損害保険契約を締結することは、共用部分の管理に関する事項 とみなされる。,管理規約において、共用部分について、管理組合が損害保険契約の締結をすること が定められていても、損害保険契約を締結するにあたっては、別途、集会決議が必要 である。,理事長（区分所有法で定める管理者）は、共用部分に係る損害保険契約に基づく保 険金の請求及び受領について、区分所有者を代理する。,共用部分に係る損害保険料は、規約に別段の定めがない限り、専有部分の床面積の 割合に応じて負担する。,2,FALSE,FALSE,,（解説は未入力です。）,,,,,
2014,平成26年度,43,single,判例・横断総合,h26;single_choice;direct_question;parsed,区分所有者が、自己所有のマンションの専有部分を賃貸しようとする場合に、管理業務主任者が当該区分所有者に説明した内容についての次の記述のうち、借地借家法（平成3年法律第90号）の規定によれば、誤っているものはどれか。,,,,,,契約期間の更新がない定期建物賃貸借契約を締結する場合は、契約内容を明記した 書面によってしなければなりませんが、必ずしも公正証書による必要はありません。,法人に賃貸する場合でも、借地借家法が適用されます。,定期建物賃貸借契約でない契約において、1年未満の契約期間を定めたときは契約 期間1年の賃貸借契約とみなされることになります。,「賃貸人が、自己使用の必要性があるときは、6箇月の予告期間を置けば、期間内 解約ができる」旨の特約は無効です。 29,3,FALSE,FALSE,,（解説は未入力です。）,,,,,
2014,平成26年度,44,single,判例・横断総合,h26;single_choice;direct_question;parsed,消費者契約法（平成12年法律第61号）の規定によれば、次の記述のうち、誤っているものはどれか。,,,,,,消費者契約法において「事業者」とは、法人その他の団体及び事業として又は事業 のために契約の当事者となる場合における個人をいう。,事業者と消費者との間で締結される契約の条項の効力について宅地建物取引業法に 別段の定めがある場合でも、消費者契約法の規定が優先して適用される。,マンションの売主が消費者で、買主が事業者である売買契約において、売主の瑕疵 担保による損害賠償責任の全部を免除する条項は有効である。,消費者契約法において「適格消費者団体」とは、不特定かつ多数の消費者の利益の ためにこの法律の規定による差止請求権を行使するのに必要な適格性を有する法人で ある消費者団体として内閣総理大臣の認定を受けた者をいう。,2,FALSE,FALSE,,（解説は未入力です。）,,,,,
2014,平成26年度,45,single,判例・横断総合,h26;single_choice;direct_question;parsed,宅地建物取引業者A（以下、本問において「A」という。）が、あるマンションの一住戸の所有者B（以下、本問において「B」という。）からその住戸の売却の媒介依頼を受け、Bと専任媒介契約（以下、本問において「媒介契約」という。）を締結した場合に関する次の記述のうち、宅地建物取引業法によれば、正しいものはどれか。,,,,,,AがBとの間で有効期間を3月とする媒介契約を締結する際、有効期間の更新につ いて、3月を超えない期間であれば自動更新する旨の特約を定めることができる。,Aが媒介契約を締結したときに宅地建物取引業法第34条の2第1項の規定に基づき Bに交付すべき書面には、その媒介契約が、国土交通大臣が定めた標準媒介契約約款 に基づくものであるか否かの別を記載しなければならない。,媒介契約にAが探索した相手方以外の者と売買契約を締結することができない旨の 特約を含まない場合には、Aは、当該住戸の売買契約を成立させた旨を指定流通機構 に通知する必要はない。,AがBに対して、当該媒介契約に係る業務の処理状況を7日に1回以上報告すると いう特約は無効である。 30,2,FALSE,FALSE,,（解説は未入力です。）,,,,,
2014,平成26年度,46,single,判例・横断総合,h26;single_choice;most_inappropriate;parsed,マンションの管理の適正化に関する指針（平成13年国土交通省告示第1288号）によれば、次の記述のうち、最も不適切なものはどれか。,,,,,,管理組合がマンションの維持修繕を円滑かつ適切に実施するため、マンション管理 業者は、設計に関する図書等を保管することが重要であり、この図書等について、マ ンションの区分所有者等の求めに応じ、適時閲覧できるように配慮することが望まし い。,マンションの管理の主体は、マンションの区分所有者等で構成される管理組合であ り、管理組合は、マンションの区分所有者等の意見が十分に反映されるよう、適正な 運営を行うことが重要である。,管理組合の経理において、管理組合の管理者等は、必要な帳票類を作成してこれを 保管するとともに、マンションの区分所有者等の請求があった時は、これを速やかに 開示することにより、経理の透明性を確保する必要がある。,管理規約又は使用細則等に違反する行為があった場合、管理組合の管理者等は、そ の是正のため、必要な勧告、指示等を行うとともに、法令等に則り、その是正又は排 除を求める措置をとることが重要である。,2,FALSE,FALSE,,（解説は未入力です。）,,,,,
2014,平成26年度,47,single,判例・横断総合,h26;single_choice;direct_question;parsed,マンションの定義に関する次の記述のうち、マンション管理適正化法によれば、誤っているものはどれか。,,,,,,2人以上の区分所有者が居住している専有部分のある建物及びその敷地のほかに、 駐車場、ごみ集積所等の附属施設もマンションに含まれる。,2人以上の区分所有者が存在し、複数の事務所及び店舗等と1の住居がある建物は、 マンションに含まれる。,2人以上の賃借人が居住し、1人の所有に属する建物及びその敷地は、マンション に含まれる。,1団地内において、2人以上の区分所有者が存する建物で人の居住の用に供する専 有部分のあるものを含む、数棟の建物の所有者の共有に属する土地は、マンションに 含まれる。 31,1,FALSE,FALSE,,（解説は未入力です。）,,,,,
2014,平成26年度,48,count,判例・横断総合,h26;count;count_correct;parsed,株式会社甲は、A及びBの2つの事務所（マンション管理適正化法第45条第1項第2号に規定する事務所をいう。以下、本問において同じ。）を有するマンション管理業者である。A事務所は、人の居住の用に供する独立部分（区分所有法第1条に規定する建物の部分をいう。以下、本問において「独立部分」という。）の数が全て6以上の150の管理組合、B 事務所は、独立部分が全て5以下の30の管理組合からそれぞれ管理事務の委託を受けている。専任の管理業務主任者に関する次のアからエまでの記述のうち、マンション管理適正化法によれば、正しいものはいくつあるか。ア A事務所において、5人の成年者である管理業務主任者がいる場合に、その中の,,,,,,人が退職したときは、1月以内に新たに専任の管理業務主任者を1人置かなけれ ばならない。 イB事務所においては、成年者である専任の管理業務主任者を1人も設置する必要 がない。 ウ B事務所において、新たに独立部分が6以上ある1の管理組合から管理事務の委 託を受けることになった場合には、成年者である専任の管理業務主任者を1人設置 しなければならない。 エ A事務所において、専任の管理業務主任者となっている者は、専任の取引主任者 （宅地建物取引業法第15条第1項に規定する者をいう。）を兼務することができる。 1 一つ,二つ,三つ,四つ 32,3,FALSE,FALSE,,（解説は未入力です。）,,,,,
2014,平成26年度,49,single,判例・横断総合,h26;single_choice;direct_question;parsed,マンション管理業者が行う重要事項の説明に関する次の記述のうち、マンション管理適正化法によれば、誤っているものはどれか。,,,,,,マンション管理業者は、管理組合と管理受託契約を締結するにあたって、新たに建 設されたマンションの建設工事の完了の日から1年を経過するまでの間に契約期間が 満了するものについては、重要事項説明をしなくても契約を締結できる。,マンション管理業者は、管理受託契約を更新しようとする場合において、従前の管 理受託契約に比して、管理事務の内容及び実施方法の範囲を縮小し、管理事務に要す る費用の額を減額する変更を行い、その他の契約内容を同一とするときは、あらかじ め、重要事項説明会を開催する必要はない。,マンション管理業者は、管理受託契約を更新しようとする場合において、従前の管 理受託契約に比して、契約期間を短縮し、その他の契約内容を同一とするときは、あ らかじめ、重要事項説明会を開催する必要はない。,マンション管理業者は、従前の契約と同一の条件で管理組合との管理受託契約を更 新しようとする場合において、当該管理組合に管理者等が置かれているときは、当該 管理者等に対し、管理業務主任者をして、重要事項について、これを記載した書面を 交付して説明をさせなければならない。,2,FALSE,FALSE,,（解説は未入力です。）,,,,,
2014,平成26年度,50,single,判例・横断総合,h26;single_choice;direct_question;parsed,管理業務主任者に関する次の記述のうち、マンション管理適正化法によれば、正しいものはどれか。,,,,,,マンション管理業者は、管理受託契約を締結したときは、管理業務主任者をして、 当該契約の成立時に交付すべき書面を作成させ、当該書面に記名押印させなければな らない。,管理業務主任者証の有効期間は5年間であり、申請により更新することができるが、 更新を受けようとする者は、その申請の日前6月以内に行われる登録講習機関の講習 を受けなければならない。,マンション管理業者は、管理事務に関する報告を行うときは、対象となる期間、管 理組合の会計の収入及び支出の状況及び管理受託契約の内容に関する事項を記載した 管理事務報告書を作成し、管理者等に対し、専任の管理業務主任者をして、当該管理 事務に関する報告をさせなければならない。,管理業務主任者は、マンションの管理に関する事務を行うに際し、マンションの区 分所有者等その他の関係者から請求があったときは、管理業務主任者証を提示する必 要があるが、従業者であることを証する書面の提示までは義務付けられていない。 34 平成26年度管理業務主任者試験問題 ． 正解 問題番号 1 正 解 3 1 1 1 2 4 肢 問題番号 26 27 28 正 解肢 1 2 2 3 4 4 2 11 12 13 14 15 3 1 2 4 2 2 3 2 3 1 30 31 32 33 34 35 36 37 38 39 40 41 42 43 44 45 46 47 48 49 50 4 4 1 3， 4 2 1 2 4 2 1 3 2 2 2 合否、試験問題および正解の根拠等に関するお問い合わせにはお答えできません。 ＊間38については、選択肢3および選択肢4がともに、過料に処せられない可能性が ありうることから、いずれも正解とすることといたしました。,2,FALSE,FALSE,,（解説は未入力です。）,,,,,
2015,平成27年度,1,single,判例・横断総合,h27;single_choice;direct_question;parsed,マンション（マンションの管理の適正化の推進に関する法律（平成12年法律第149号。以下、本試験問題において「マンション管理適正化法」という。）第2条第1号に規定するものをいう。以下、本試験問題において同じ。）の管理組合A（以下、本問において「A」という。）の管理者B（以下、本間において「B」という。）が、その職務に関し、C会社（以下、本問において「C」という。）との間で取引行為をした場合に関する次の記述のうち、民法（明治29年法律第89号）、建物の区分所有等に関する法律（昭和37年法律第69号。以下、本試験問題において「区分所有法」という。）の規定及び判例によれば、正しいものはどれか。,,,,,,Bが、Aのためにすることを示さないでした意思表示は、Cが、BがAのためにす ることを知っていたときでも、Bがした意思表示の効果はAに帰属することはない。,Bが、自己の利益を図るために職務の範囲内の行為をした場合には、Cがそのこと を知ることができたときでも、Bがした行為の効果はAに帰属する。,Bは、Bの職務に関しその代理権に加えられた制限について、その制限を知らなか ったCに対抗することができない。,Bが、職務の範囲外の行為をした場合において、Cが、Bの職務の範囲外であるこ とを知ることができたときでも、CはBがした行為の効果をAに主張することができ る。 1,3,FALSE,FALSE,,（解説は未入力です。）,,,,,
2015,平成27年度,2,single,判例・横断総合,h27;single_choice;direct_question;parsed,区分所有者A（以下、本問において「A」という。）が、マンションの管理組合法人B（以下、本問において「B」という。）に対して管理費等を滞納している場合に関する次の記述のうち、民法及び区分所有法の規定によれば、誤っているものはどれか。,,,,,,Bは、Aに対する管理費等債権について、Aの区分所有権及び建物に備え付けた動 産の上に先取特権を有するが、その回収に当たっては、まず建物に備え付けた動産か ら弁済を受けなければならない。,AがCから借りて一時的に建物に備え付けていた動産について、BがCのものと知 らず、かつ知らないことに過失がなかったときは、Bは当該動産の上に先取特権を取 得する。,Aが自ら建物に備え付けた動産をDに譲渡し、Dがその引渡しを受けた場合、Bは、 その動産については、先取特権を行使することはできない。,Aの区分所有権に、Eからの借入れのために抵権が設定され、すでに登記も具備 されていた場合でも、Bは、先取特権の登記がなくても、Eに優先して弁済を受ける ことができる。,4,FALSE,FALSE,,（解説は未入力です。）,,,,,
2015,平成27年度,3,single,判例・横断総合,h27;single_choice;direct_question;parsed,マンションの管理組合法人A（以下、本問において「A」という。）が、区分所有者B（以下、本問において「B」という。）に対する管理費債権（以下、本問において「本件被保全債権」という。）を保全するため、Bの債務者（以下、本問において「C」という。）に対する金銭債権（以下、本問において「本件代位債権」という。）を代位行使する場合に関する次の記述のうち、民法の規定及び判例によれば、誤っているものはどれか。,,,,,,AがCに対して、本件代位債権を代位行使する場合、本件被保全債権の範囲で行使 することができる。,本件代位債権が国民年金受給権である場合、Aはそれを代位行使することはできな い。,Aが、本件代位債権の消滅時効を中断させるには、本件被保全債権の弁済期が到来 しない間は、裁判上の代位によらなければならない。,AがCに対して、本件代位債権を代位行使する場合、Bへ支払うように請求するこ ともできるし、直接Aへ支払うように請求することもできる。 2,3,FALSE,FALSE,,（解説は未入力です。）,,,,,
2015,平成27年度,4,single,判例・横断総合,h27;single_choice;direct_question;parsed,マンションの区分所有者A（以下、本間において「A」という。）が、その専有部分をBに賃貸している場合に、Bの賃料の支払いに関する次の記述のうち、民法の規定及び判例によれば、誤っているものはどれか。,,,,,,第三者であるCがBの賃料を支払うことについて、Bが反対の意思を表示したとき は、たとえCがBとの間に利害関係を有していても、Cは、Bに代わって賃料を支払 うことはできない。,Aの債権者であるDが、AのBに対する賃料債権を差し押さえたにもかかわらず、 BがAに賃料を支払った場合、Dは、それにより受けた損害の限度において、さらに 弁済をすべき旨をBに請求することができる。,Bの賃料の支払いをAがあらかじめ拒絶した場合、BはAに、賃料支払いの準備が できている旨を通知し、その受領を催告すれば、当該賃貸借の債務不履行の責任を免 れることができる。,Bの賃料の支払いをAが受け取らない場合、Bは、当該賃料を供託すれば、当該賃 料債務を免れることができる。,1,FALSE,FALSE,,（解説は未入力です。）,,,,,
2015,平成27年度,5,single,判例・横断総合,h27;single_choice;direct_question;parsed,マンションの専有部分甲（以下、本問において「甲」という。）を所有するAが、Aの友人であるBに甲を贈与する場合に関する次の記述のうち、民法の規定及び判例によれば、正しいものはどれか。,,,,,,贈与は、当事者の一方が自己の財産を無償で相手方に与える意思を表示することによって成立するので、Bは、Aに対し承諾の意思を表示する必要がない。,AがBに、書面によらないで甲を贈与した場合、Bへの所有権移転登記が完了すれば、その贈与は、撤回することができない。,Aは、甲に瑕疵があることを知っていた場合、その瑕疵についてBに告げなかったとしても、Bに対して担保責任を負うことはない。,AとBが、Aが死亡したときに甲を贈与する旨の契約を締結する場合、遺贈の規定が準用されるので、公正証書による贈与契約書を作成しなければならない。,2,FALSE,FALSE,,（解説は未入力です。）,,,,,
2015,平成27年度,6,single,判例・横断総合,h27;single_choice;direct_question;parsed,Aが所有するマンションの専有部分甲（以下、本間において「甲」という。）を賃借するBが、第三者であるCに、当該賃借権を譲渡又は甲を転貸した場合に関する次の記述のうち、民法、借地借家法（平成3年法律第90号）の規定及び判例によれば、正しいものはどれか。,,,,,,Bが、Aの承諾を得てCに転貸した場合、Aは、Bに対する賃料額を限度にCから 支払いを受けることができる。,Bが、Aの承諾を得てCに転貸した場合、AB間の賃貸借契約がBの債務不履行に より解除されたときは、Aは、Cに催告をして弁済の機会を与えなければ、賃貸借の 終了をCに対抗することができない。,Bが、Aの承諾を得ないでCに譲渡した場合、それがAに対する背行為と認める に足りない特段の事情があるときでも、Aは、Bとの間の賃貸借契約を解除すること ができる。,BからCへの譲渡に関して、Aに不利となるおそれがないにもかかわらず、Aが当 該譲渡を承諾しないときは、裁判所は、Bの申立てにより、Aの承諾に代わる許可を 与えることができる。,1,FALSE,FALSE,,（解説は未入力です。）,,,,,
2015,平成27年度,7,single,判例・横断総合,h27;single_choice;most_inappropriate;parsed,マンション標準管理委託契約書及びマンション標準管理委託契約書コメント（平成15年4月9日国総動第3号。国土交通省総合政策局長通知。以下、本試験問題において「マンション標準管理委託契約書」という。）の定めによれば、管理事務（マンション管理適正化法第2条第6号に規定するものをいう。以下、本試験問題において同じ。）に要する費用の負担及び支払方法に関する次の記述のうち、最も不適切なものはどれか。,,,,,,定額委託業務費とは、委託業務費のうち、その負担方法が定額でかつ精算を要しな い費用をいう。,定額委託業務費以外の業務費については、管理組合は、各業務終了後に、管理組合 及びマンション管理業者（マンション管理適正化法第2条第8号に規定する者をいう。 以下、本試験問題において同じ。）が別に定める方法により精算の上、マンション管 理業者が指定する口座に振り込む方法により支払う。,定額委託業務費以外の費用の額についても、管理委託契約書において内訳を明示す るものとする。,マンション管理業者が管理事務を実施するのに伴い必要となる水道光熱費、通信費、 消耗品費等の諸費用は、マンション管理業者が負担する。 4,4,FALSE,FALSE,,（解説は未入力です。）,,,,,
2015,平成27年度,8,single,判例・横断総合,h27;single_choice;most_inappropriate;parsed,宅地建物取引業者（宅地建物取引業法（昭和27年法律第176号）第2条第3号に規定する者をいう。以下、本試験問題において同じ。）が、管理組合の組合員から、当該組合員が所有する専有部分の売却の依頼を受け、その媒介等の業務のために、マンション管理業者に確認を求めてきた場合の当該管理組合に代わって行うマンション管理業者の対応に関する次の記述のうち、マンション標準管理委託契約書の定めによれば、最も不適切なものはどれか。,,,,,,マンション管理業者が提供・開示できる範囲は、原則として管理委託契約書に定め る範囲となるため、一般的にマンション内の事件、事故等の情報は、当該組合員又は 管理組合に確認するよう求めるべきである。,当該専有部分の修繕の実施状況について開示を求めてきたときは、書面をもって開 示するものとする。,管理組合の修繕積立金積立総額並びに管理費及び修繕積立金等の滞納額について開 示を求めてきたときは、書面をもって開示するものとする。,管理費等の改定の予定及び修繕一時金の徴収の予定並びに大規模修繕の実施予定 （理事会で改定等が決議されたものを含む。）がある場合には、これらも開示する情報 に含め、書面をもって開示するものとする。,2,FALSE,FALSE,,（解説は未入力です。）,,,,,
2015,平成27年度,9,single,判例・横断総合,h27;single_choice;most_appropriate;parsed,マンション標準管理委託契約書における出納業務及び会計業務に関する次の記述のうち、最も適切なものはどれか。,,,,,,マンション管理業者は、管理組合の会計に係る管理費等の出納簿や支出に係る証拠 書類等を整備、保管し、当該管理組合の定期総会終了後、遅滞なく、当該管理組合に 引き渡さなければならない。,保証契約を締結して管理組合の収納口座と管理組合の保管口座を設ける場合、保管 口座については当該口座に係る通帳、印鑑等の保管者を管理委託契約書に明記しなけ ればならないが、収納口座についてはその必要はない。,マンション管理業者は、毎月、管理組合の収支状況及び収納状況が確認できる書面 を作成し、管理業務主任者（マンション管理適正化法第2条第9号に規定する者をい う。以下、本試験問題において同じ。）をして管理組合に報告させなければならない。,マンション管理業者は、管理組合の管理規約等の定め若しくは総会決議、組合員名 簿若しくは組合員異動届又は専用使用契約書に基づき、毎月、組合員別管理費等負担 額一覧表を管理組合に提出しなければならない。,1,FALSE,FALSE,,（解説は未入力です。）,,,,,
2015,平成27年度,10,single,判例・横断総合,h27;single_choice;direct_question;parsed,マンションの管理費の支払債務の消滅時効に関する次の記述のうち、民法の規定によれば、正しいものはどれか。,,,,,,管理費の支払債務は、区分所有者が支払期の到来したことを知らなくても、その支 払期が到来した時から時効が進行する。,マンションの区分所有者全員が、「管理費債務の消滅時効の主張はしない」旨の文 書をあらかじめ管理組合に提出している場合、各区分所有者は時効を主張することが できない。,管理費の滞納者が死亡し、その相続人が当該区分所有権を承継した場合は、管理費 債務の時効は、その承継により中断する。,管理費の滞納者が、破産手続開始決定を受けた場合は、その決定により時効が中断 する。 6,1,FALSE,FALSE,,（解説は未入力です。）,,,,,
2015,平成27年度,11,single,判例・横断総合,h27;single_choice;direct_question;parsed,民事訴訟法（平成8年法律第109号）の「少額訴訟に関する特則」に関する次の記述のうち、誤っているものはどれか。,,,,,,少額訴訟による審理及び裁判を求める旨の申述は、訴えの提起の際にしなければな らない。,少額訴訟における被告は、反訴を提起することができない。,少額訴訟における被告は、所定の時期までは、当該訴訟を通常の訴訟手続に移行さ せる旨の申述をすることができる。,少額訴訟の終局判決に不服のある事者は、その判決をした裁判所に異議を申し立 てることはできないが、地方裁判所に控訴をすることはできる。,4,FALSE,FALSE,,（解説は未入力です。）,,,,,
2015,平成27年度,12,count,判例・横断総合,h27;count;count;parsed,管理組合の会計等に関する次の記述のうち、マンション標準管理規約及びマンション標準管理規約コメント（単棟型）（平成16年1月23日国総動第232号・国住マ第37号。国土交通省総合政策局長・同住宅局長通知。以下、本試験問題において「マンション標準管理規約」という。）の定めによれば、適切なものはいくつあるか。ア 機械式駐車場を有する場合、駐車場使用料は、管理費及び修繕積立金とは区分して経理することもできる。イ 管理組合の会計処理に関する細則の変更は、理事会の決議だけでできる。ウ長期修繕計画の変更は、理事会の決議だけでできる。エ 駐車場使用料は、その管理に要する費用に充てるほか、修繕積立金として積み立てる。,,,,,,一つ,二つ,三つ,四つ 7,2,FALSE,FALSE,,（解説は未入力です。）,,,,,
2015,平成27年度,13,single,判例・横断総合,h27;single_choice;most_inappropriate;parsed,管理組合の会計及び役員に関する次の記述のうち、マンション標準管理規約の定めによれば、最も不適切なものはどれか。,,,,,,管理組合の役員には、管理費等の収納、保管、運用、支出等の会計業務を行うため に会計担当理事を置くこととしており、その選任は理事の互選による。,管理組合は、借入れが緊急に必要な場合であっても、総会の決議を経なければ、特 別の管理に要する経費に充当するための借入れをすることができない。,監事は、管理組合の業務の執行及び財産の状況について不正があると認めるときは、 理事長の承認を得ずに臨時総会を招集することができる。,管理組合の会計年度の開始後、通常総会において当該年度の収支予算の承認を得る までの間に、通常の管理に要する経費のうち、経常的であり、かつ、収支予算の承認 を得る前に支出することがやむを得ないと認められる経費の支出が必要になった場合 には、理事長は自らの判断により、その支出を行うことができる。,4,FALSE,FALSE,,（解説は未入力です。）,,,,,
2015,平成27年度,14,single,判例・横断総合,h27;single_choice;most_appropriate;parsed,"管理組合における以下の取引に関して、平成27年3月分の仕訳として最も適切なものは次のうちどれか。ただし、この管理組合の会計年度は、毎年4月1日から翌年3月31日までとし、期中の取引において、企業会計原則に基づき厳格な発生主義によって経理しているものとする。（取引）平成27年2月に、増圧直結給水ポンプ設置工事を工事業者Aに依頼し、同年3月末をもって工事が完了した。なお、工事代金は4,000,000円であり、同年2月に代金の一部800,000円を普通預金から支払い、残額については、同年4月末日に振込により支払うことになっている。また、同年4月に実施する予定の外壁塗装補修工事に関し、工事費用総額3,000,000円の一部1,000,000円を同年3月31日に工事業者Bに対し普通預金から支払った。（単位：円）",,,,,,"4,000,000 1,000,000 4,000,000 1,000,000","（借方） 建靿附属設備 前払金 （借方） 建物附属設備 修繕費 4,000,000 1,000,000",（借方） 建物附属設備 修繕費,",000,000 3,000,000 4 （借方） 建牣附属設備 前払金 4,000,000 1,000,000 （貸方） 未払金 普通預金 （貸方） 前払金 未払金 普通預金 （貸方） 前払金 未払金 普通預金 （貸方） 前払金 未払金 普通預金 800,000 3,200,000 1,000,000 800,000 3,200,000 3,000,000 800,000 3,200,000 1,000,000 9",4,FALSE,FALSE,,（解説は未入力です。）,,,,,
2015,平成27年度,15,single,判例・横断総合,h27;single_choice;most_appropriate;parsed,"管理組合における以下の取引に関して、平成27年3月分の仕訳として最も適切なものは次のうちどれか。ただし、この管理組合の会計年度は、毎年4月1日から翌年3月31日までとし、期中の取引において、企業会計原則に基づき厳格な発生主義によって経理しているものとする。（取引）平成27年3月31日に、管理組合の普通預金口座に組合員から合計1,860,000円の入金があった。入金の内訳は以下のとおりである。なお、3月分の管理費等の未収入金は、管理費80,000円、修繕積立金40,000円であった。",,,,,,"管理費入金内訳 ① 平成27年2月以前分 ② 平成27年3月分 ③ 平成27年4月分 100,000円 220,000円 920,000円 小計 1,240,000円","修繕積立金入金内訳 ① 平成27年2月以前分 ② 平成27年3月分 ③ 平成27年4月分 50,000円 110,000円 460,000円 小計 合計 620,000円 1,860,000円 10 1 （借方） 普通預金 未収入金 2 （借方） 普通預金",（借方） 普通預金 未収入金,"（借方） 普通預金 未収入金 1,860,000 120,000 1,860,000 480,000 120,000 1,710,000 120,000 （貸方） 未収入金 管理費収入 修繕積立金収入 前受金 （貸方） 未収入金 管理費収入 修繕積立金収入 前受金 （貸方） 未収入金 管理費収入 修繕積立金収入 （貸方） 管理費収入 修繕積立金収入 前受金 （単位：円） 150,000 300,000 150,000 1,380,000 150,000 220,000 110,000 1,380,000 150,000 300,000 150,000 300,000 150,000 1,380,000 11",1,FALSE,FALSE,,（解説は未入力です。）,,,,,
2015,平成27年度,16,single,判例・横断総合,h27;single_choice;most_appropriate;parsed,管理組合の税務の取扱いに関する次の記述のうち、法人税法（昭和40年法律第34号）及び消費税法（昭和63年法律第108号）によれば、最も適切なものはどれか。,,,,,,法人税法上、管理組合がマンション敷地内で行う駐車場業は、組合員以外の第三者 が利用する場合であっても非収益事業となるため、課税されない。,消費税法上、管理組合の支出のうち、管理組合が雇用している従業員の給与は課税 取らであり、課税対象となる。,消費税法上、管理組合が納税義務者か否かを判定する場合の基準期間の課税売上高 とは、前々事業年度の課税売上高のことである。,"消費税法上、基準期間における収入が1,100万円（内訳は管理費等が900万円、マン ション敷地内の組合員利用に基づく駐車場収入が150万円、マンション敷地内の施設 を第三者に使用させた使用料が50万円）であり、かつ基準期間以降における収入の内 訳及びそれぞれの金額が同一であって、給与等支払額がない場合、当事業年度におい ては、納税義務は免除されない。",3,FALSE,FALSE,,（解説は未入力です。）,,,,,
2015,平成27年度,17,single,判例・横断総合,h27;single_choice;direct_question;parsed,鉄筋コンクリート造に関する次の記述のうち、建築基準法（昭和25年法律第201号）によれば、誤っているものはどれか。,,,,,,主筋の継手の重ね長さは、継手を構造部材における引張力の最も小さい部分以外の 部分に設ける場合にあっては、国土交通大臣が定めた構造方法を用いる場合を除き、 主筋の径の10倍以上としなければならない。,コンクリートの養生における温度管理については、凝結及び硬化を促進するための 特別の措置を講じない場合、コンクリート打込み中及び打込み後5日間は、コンクリ ートの温度が2°Cを下らないようにしなければならない。,構造耐力上主要な部分であるはらは、複筋ばりとし、これにあばら筋をはりの丈の,分の3（臥楽にあっては30cm）以下の間隔で配置しなければならない。 4 布基礎の立上り部分を除いた基礎においては、鉄筋に対するコンクリートのかぶり 厚さは、捨コンクリートの部分を除き、6cm以上としなければならない（国土交通大 臣が定めた構造方法を用いる部材及び国土交通大臣の認定を受けた部材を除く。）。 12,1,FALSE,FALSE,,（解説は未入力です。）,,,,,
2015,平成27年度,18,single,判例・横断総合,h27;single_choice;direct_question;parsed,建築基準法による用語の定義及び面積、高さ等の算定方法に関する次の記述のうち、正しいものはどれか。,,,,,,延焼のおそれのある部分とは、防火上有効な公園、広場、川等の空地若しくは水面 又は耐火構造の壁その他これらに類するものに面する部分を除き、隣地境界線、道路 中心線又は同一敷地内の2以上の建築物（延べ面積の合計が500m°以内の建築物は、 1の建築物とみなす。）相互の外壁間の中心線から、1階にあっては5m以下、2階 以上にあっては3m以下の距離にある建築物の部分をいう。,建築物の容積率を算定する場合、専ら防災のために設ける備蓄倉庫の用途に供する 部分の床面積は、当該敷地内の建築物の各階の床面積の合計（同一敷地内に2以上の 建築物がある場合においては、それらの建築物の各階の床面積の合計の和）に5分の1 を乗じて得た面積を限度として、延べ面積には算入されない。,階数の算定において、昇降機、装飾、物見その他これらに類する建築物の屋 上部分又は地階の倉庫、機械室その他これらに類する建築物の部分で、水平投影面積 の合計がそれぞれ当該建築物の建築面積の8分の1以下のものは、当該建築物の階数 に算入しない。,建築面積、建築物の高さ、軒の高さを算定する際の地盤面とは、建築物が周囲の地 面と接する位置の平均の高さにおける水平面をいい、その接する位置の高低差が6m を超える場合においては、その高低差6m以内ごとの平均の高さにおける水平面をい う。 13,3,FALSE,FALSE,,（解説は未入力です。）,,,,,
2015,平成27年度,19,single,判例・横断総合,h27;single_choice;direct_question;parsed,建築基準法に基づく石綿その他の物質の飛散又は発散に対する衛生上の措置に関する次の記述のうち、誤っているものはどれか。,,,,,,建築材料に添加しないこととされている、石綿その他の著しく衛生上有害なものと して政令で定められている物質は、石綿のみである。,吹付けロックウールでその含有する石綿の重量が当該建築材料の重量の0.01%を超 えるもの及び吹付け石綿は、建築材料として使用することができない。,居室を有する建築物については、建築材料にクロルピリホスを添加してはならず、 また、あらかじめこれを添加した建築材料についても、国土交通大臣が定めた発散さ せるおそれがない場合を除き、使用することができない。,ホルムアルデヒドの夏季における発散速度が、表面積1 m'につき毎時0.005ミリグ ラムを超えないものとして国土交通大臣の認定を受けた建築材料のみを、居室の内装 の仕上げに用いる場合は、その使用面積に対する制限はない。,2,FALSE,FALSE,,（解説は未入力です。）,,,,,
2015,平成27年度,20,single,判例・横断総合,h27;item_set;most_inappropriate;parsed,マンションの給排水設備に関する用語の説明として、最も不適切なものはどれか。,,,,,,排水トラップとは、衛生器具又は排水系統中の装置として、その内部に封水部を有 し、排水の流れに支障を与えることなく排水管中の空気が室内に侵入してくることを 阻止することができるものをいう。,破封とは、排水立て管の通気性能不足に起因する吸い出し・はね出し現象や自己サ イフォン・毛管現象（毛細管現象）・蒸発などにより封水が破れる現象をいう。,バキュームブレーカとは、水使用機器において、吐水した水又は使用した水が逆サ イフォン作用により上水系統へ逆流するのを防止するための止水弁をいう。,ウォータハンマとは、水撃作用ともいい、管内水流を急に締め切ったときに、水流 の慣性で管内に衝撃・振動水圧が発生する現象をいう。 14,3,FALSE,FALSE,,（解説は未入力です。）,,,,,
2015,平成27年度,21,single,判例・横断総合,h27;single_choice;most_inappropriate;parsed,マンションの受水槽に関する次の記述のうち、最も不適切なものはどれか。,,,,,,受水槽の水位は、水道から受水槽への給水系統に主弁と副弁で構成される定水位弁 を設けて制御する。,受水槽を、耐力壁などの面に接して堅固に固定することは禁止されている。,受水槽の水を給水ポンプにより建物内の必要な箇所へ直送する方式は、超高層マン ションにも使われる。,受水槽の有効容量は、1日予想給水量の3倍とすることが望ましい。,4,FALSE,FALSE,,（解説は未入力です。）,,,,,
2015,平成27年度,22,single,判例・横断総合,h27;single_choice;most_inappropriate;parsed,マンションの電気設備に関する次の記述のうち、最も不適切なものはどれか。,,,,,,小出力発電設備に該する設備のうち、太陽電池発電設備は、燃料電池発電設備と 比較して、出力が大きいものまで認められている。,マンション内の電気工作物が自家用電気工作物に該当する場合には、当該電気工作 物の設置者は、必ず電気主任技術者を選任しなければならない。,マンションの敷地内に電柱を設け、柱上変圧器を通じて供給を受けようとする場合、 供給可能な最大電力には制限がある。,マンションの敷地内に電力会社用の専用借室を設けて600ボルト以下の電圧で受電 し、その電気を当該マンションの敷地内で使用するための電気工作物は、一般用電気 工作物に該当する。 15,2,FALSE,FALSE,,（解説は未入力です。）,,,,,
2015,平成27年度,23,single,判例・横断総合,h27;single_choice;most_appropriate;parsed,非常用照明装置及び誘導灯に関する次の記述のうち、建築基準法及び消防法（昭和23年法律第186号）によれば、最も適切なものはどれか。,,,,,,非常用照明装置については消防法、誘導灯については建築基準法により、それぞれ 設置基準が定められている。,誘導灯については、光源の種類としては白熱灯と蛍光灯に限られ、LEDランプは 認められていない。,非常用照明装置については、直接照明、間接照明を問わず、床面から1mの高さに おいて1ルクス以上の照度を確保しなければならない。,非常用照明装置については、停電時の予備電源として蓄電池を用いる場合は、充電 を行うことなく30分間継続して点灯するものでなければならない。,4,FALSE,FALSE,,（解説は未入力です。）,,,,,
2015,平成27年度,24,single,判例・横断総合,h27;item_set;most_appropriate;parsed,エレベーターに関する次の記述のうち、最も適切なものはどれか。,,,,,,乗用エレベーター（人荷共用エレベーターを含み、寝台用エレベーターを除く。） は、かごの床面積が大きくなるほど、単位面積当たりの積載荷重が小さい値になるよ う、建築基準法施行令で定められている。,乗用のトラクション方式ロープ式で機械室がないエレベーターでは、定格速度が毎 分600m以上の高速なものが既に普及している。,近年の地震による閉じ込め事故の多発が契機となり、エレベーターの構造等に関す る建築基準法施行令等の改正により、新築建物のエレベーターには地震時管制運転装 置を設けなければならないこととなった。,エレベーターの保守契約にはFM（フルメンテナンス）契約とPOG（パーツ・オ イル・グリース）契約があるが、マンション標準管理委託契約書では、FM契約によ ることとされている。 16,3,FALSE,FALSE,,（解説は未入力です。）,,,,,
2015,平成27年度,25,single,判例・横断総合,h27;item_set;direct_question;parsed,エネルギーの使用の合理化等に関する法律（昭和54年法律第49号）に関する次の記述のうち、誤っているものはどれか。,,,,,,建築物の所有者（所有者と管理者が異なる場合にあっては、管理者）は、建築物に 係るエネルギーの使用の合理化に資するよう努めるとともに、電気の需要の平準化に 資するよう努めなければならない。,特定建築物の改築を行おうとする者は、エネルギーの使用の合理化等に関する措置 について、第1種特定建築物に限り、当該改築に係る部分の床面積にかかわらず所管 行政庁への届出が定められている。,エネルギーの使用の合理化を図ることが必要な特定熱損失防止建築材料（いわゆる 建材トップランナー制度の対象の建築材料）として、断熱材、サッシ、複層ガラスが 定められている。,一戸建ての住宅及び共同住宅等については、建築主等に対して、「外壁、窓等を通 しての熱の損失の防止に関する基準」並びに「単位住戸及び共同住宅等全体の一次エ ネルギー消費量の基準」へ適合する措置を講ずることが定められている。,2,FALSE,FALSE,,（解説は未入力です。）,,,,,
2015,平成27年度,26,single,判例・横断総合,h27;single_choice;most_inappropriate;parsed,建築基準法に基づいて実施されたマンションの定期調査・検査の内容又は方法として、最も不適切なものはどれか。,,,,,,外壁仕上げのタイルについて、手の届く範囲をテストハンマーで打診し、その他の 部分については双眼鏡等を使用して目視により、異常がないことを確認した。,各階の主要な防火戸について、3年以内に実施した最新の点検記録があったため、 閉鎖又は作動の状況をその記録のみにより確認した。,可視状態にある免震装置について、3年以内に実施した最新の点検記録があったた め、劣化及び損傷の状況をその記録のみにより確認した。,非常用照明装置の予備電源について、予備電源への切替え及び器具の点灯の状況を 確認した。 17,3,FALSE,FALSE,,（解説は未入力です。）,,,,,
2015,平成27年度,27,single,判例・横断総合,h27;single_choice;direct_question;parsed,マンションの大規模修繕工事の工事監理を行う場合における、工事監理者の業務内容に関する次の記述のうち、「建築士法第25条の規定に基づき、建築士事務所の開設者がその業務に関して請求することのできる報酬の基準」（平成21年国土交通省告示第15号）において、工事監理に関する標準業務として示されていないものはどれか。なお、本問において、建築主は管理組合とする。,,,,,,工事監理の着手に先立って、工事監理体制その他工事監理方針について建築主に説 明すること。,工事施工者から提出される工事請負契約書の適否を合理的な方法により検討し、設 計者に報告すること。,設計図書の内容を把握し、設計図書に明らかな、矛盾、誤設、脱漏、不適切な納ま り等を発見した場合には、建築主に報告し、必要に応じて建築主を通じて設計者に確 認すること。,工事と設計図書との照合及び確認の結果、工事が設計図書のとおりに実施されてい ないと認めるときは、直ちに、工事施工者に注意を与え、工事施工者がこれに従わな いときは、その旨を建築主に報告すること。,2,FALSE,FALSE,,（解説は未入力です。）,,,,,
2015,平成27年度,28,single,判例・横断総合,h27;single_choice;most_inappropriate;parsed,給水設備の管理・点検に関する次の記述のうち、最も不適切なものはどれか。,,,,,,給水ポンプに空気が入るとポンプが空転して送水しなくなり、電流計の値及び圧力 計器の値が正常値より高くなるので、あらかじめ正常値を把握しておく。,給水配管が水道メーターやバルブなどの砲金製部材と接触する部分は、腐食しやす く漏水が発生しやすい場所なので、注意して確認する。,水槽回りは、漏水の有無やマンホールの施錠、オーバーフロー管の防虫網などの点 検を行う。,受水槽のオーバーフロー管の排水口や水栓の吐水口は、適切な排水口空間、吐水口 空間が確保されていることを確認する。 18,1,FALSE,FALSE,,（解説は未入力です。）,,,,,
2015,平成27年度,29,single,判例・横断総合,h27;single_choice;most_inappropriate;parsed,共用部分の管理、変更又は規約の変更における特別の影響に関する次の記述のうち、区分所有法によれば、最も不適切なものはどれか。,,,,,,1住戸1議決権の定めを1区分所有者1議決権とする規約に変更する場合、2住戸 以上を所有する区分所有者がいるときは、その区分所有者の承諾が必要である。,101号室前の敷地に防災用倉庫を新設するには、区分所有者及び議決権の各4分の,以上の多数による集会の決議が必要であり、さらに工事期間中の騒音が101号室に 及ぶ場合には、その影響の程度にかかわらず、その区分所有者の承諾が必要である。 3 101号室前の共用廊下に管理組合の掲示板を設置するには、区分所有者及び議決権 の各過半数の集会の決議で足り、101号室の使用に影響が生じないときは、その区分 所有者の承諾は不要である。,共用部分の変更に関する決議要件のうち、区分所有者の定数を4分の3以上から過 半数とする規約に変更するには、区分所有者及び議決権の各4分の3以上の多数によ る集会の決議が必要であるが、この場合、2住戸以上を所有する区分所有者がいると きでも、その区分所有者の承諾を得る必要はない。,2,FALSE,FALSE,,（解説は未入力です。）,,,,,
2015,平成27年度,30,single,判例・横断総合,h27;single_choice;direct_question;parsed,管理組合法人に関する次の記述のうち、区分所有法の規定及び判例によれば、正しいものはどれか。,,,,,,管理組合法人は、その設立登記によって、その事務に関し、区分所有者のために原 告又は被告となることができる。,理事は、規約又は集会の決議によって禁止されていないときに限り、配者又は1 親等の親族のみに特定の行為の代理を委任することができる。,全ての専有部分が1人の区分所有者に帰属することになった場合、管理組合法人は 解散したものとみなされる。,代表理事が、個人として、管理組合法人名義の土地を購入する場合は、その価格が 適正なものであっても、監事が管理組合法人を代表する必要がある。 19,4,FALSE,FALSE,,（解説は未入力です。）,,,,,
2015,平成27年度,31,single,判例・横断総合,h27;single_choice;most_inappropriate;parsed,総会の議事録に関する次の記述のうち、マンション標準管理規約の定めによれば、最も不適切なものはどれか。,,,,,,議長は、総会が開催された日から2か月以内に、議事録を作成しなければならない。,理事長は、組合員又は利害関係人の書面による閲覧請求があったときは、閲覧の理 由が記載されていなくても、議事録を閲覧させなければならない。,理事長は、所定の掲示場所に、議事録の保管場所を掲示しなければならない。,総会に出席しなかった組合員は、議事録に署名押印することはできない。,1,FALSE,FALSE,,（解説は未入力です。）,,,,,
2015,平成27年度,32,single,判例・横断総合,h27;single_choice;most_appropriate;parsed,団地内での総会決議に関する次の記述のうち、マンション標準管理規約及びマンション標準管理規約コメント（団地型）（平成16年1月23日国総動第232号・国住マ第37号。国土交通省総合政策局長・同住宅局長通知。）の定めによれば、最も適切なものはどれか。,,,,,,A棟の外壁の補修工事を行う場合、団地総会の決議のみでA棟の修繕積立金を取り 崩すことができる。,B棟の区分所有者が、専有部分を暴力団事務所として利用することを止めない場合、 区分所有法第59条の競売請求の訴訟を提起するには、団地総会の決議を経なければな らない。,修繕積立金の保管及び運用方法については、団地修繕積立金は団地総会の決議を、 各棟修繕積立金は各棟総会の決議を、それぞれ経なければならない。,団地の集会所を増改築してキッズルームとしても利用するために、団地修繕積立金 を取り崩すには、団地総会の決議及び各棟総会の決議を経なければならない。 20,1,FALSE,FALSE,,（解説は未入力です。）,,,,,
2015,平成27年度,33,single,判例・横断総合,h27;single_choice;direct_question;parsed,次の記述のうち、区分所有法によれば、規約の定めとして効力を有しないものはどれか。,,,,,,各専有部分に属する排水管を管理組合が定期的に点検・補修を行うと定めること。,各住戸の専有部分の床面積に差異が少ない場合に、共用部分に対する各区分所有者 の共有持分の割合を、全住戸均等に配分すると定めること。,各住戸の専有部分の床面積に差異が少ない場合に、総会における議決権割合を、議 決権の過半数による決議事項については1住戸1議決権、議決権の4分の3以上の多 数による決議事項については専有部分の床面積割合と定めること。,管理者は、毎年1回一定の時期にその事務に関する報告をしなければならないが、 当該報告を各区分所有者に郵送又は電子メールで送信することにより、総会での報告 に代えることができると定めること。 21,4,FALSE,FALSE,,（解説は未入力です。）,,,,,
2015,平成27年度,34,count,判例・横断総合,h27;count;count;parsed,管理組合の管理行為に関する次の記述のうち、マンション標準管理規約の定めによれば、不適切なものはいくつあるか。ア 管理組合は、計画修繕、不測の事故その他特別の事由により必要となる修繕、敷地及び共用部分等の変更、建替えに係る合意形成に必要となる事項の調査費用、その他敷地及び共用部分等の管理に関し、区分所有者全体の利益のために特別に必要となる管理のためには、修繕積立金を取り崩すことができる。イ管理組合は、計画修繕、不測の事故その他特別の事由により必要となる修繕、敷地及び共用部分等の変更、建替えに係る合意形成に必要となる事項の調査費用、その他敷地及び共用部分等の管理に関し、区分所有者全体の利益のために特別に必要となる管理のためには、借入れをすることができる。ウ 管理組合は、収支決算の結果、管理費に余剰が生じた場合、区分所有者から返還の求めがあるときは、負担割合に応じて返還することができる。工管理組合は、修繕積立金に充当するため、建物の屋上部分の一部を携帯電話会社に賃貸することができる。,,,,,,一つ,二つ,三つ,四つ 22,1,FALSE,FALSE,,（解説は未入力です。）,,,,,
2015,平成27年度,35,single,判例・横断総合,h27;single_choice;most_inappropriate;parsed,規約に別段の定めがない場合、敷地及び共用部分等の共有持分の割合に関する次の記述のうち、民法、区分所有法及びマンション標準管理規約によれば、最も不適切なものはどれか。,,,,,,共有持分の割合を計算する場合、一部共用部分の床面積は、これを共用すべき各区 分所有者の専有部分の床面積の割合により配分されて、それぞれの区分所有者の専有 部分の床面積に算入される。,敷地については、公正証書によりその共有持分の割合が定まっている場合、それに 合わせる必要がある。,共有持分の割合の基準となる面積は、マンション標準管理規約によれば、壁心計算 による。,建替え決議に基づき建物が取り壊された場合には、一時的に土地についての民法の 共有関係が生じるので、共有持分の割合についても民法の規定に従う。,4,FALSE,FALSE,,（解説は未入力です。）,,,,,
2015,平成27年度,36,single,判例・横断総合,h27;single_choice;direct_question;parsed,団地内の建物の一括建替え決議において示さなければならない事項として、区分所有法において規定されていないものは、次のうちどれか。,,,,,,建替えをしないとした場合における当該建物の効用の維持又は回復をするのに要す る費用の額及びその内訳,建団地内敷地の一体的な利用についての計画の概要,団地内建物の全部の取壊し及び再建団地内建物の建築に要する費用の分担割合,施工業者に関する事項 23,4,FALSE,FALSE,,（解説は未入力です。）,,,,,
2015,平成27年度,37,single,判例・横断総合,h27;single_choice;direct_question;parsed,計画修繕を怠っていたために、マンションの外壁が老朽化により落下して通行人に大けがをさせた場合の損害賠償責任について、当該マンションの理事会における各理事の意見のうち、民法及び区分所有法の規定によれば、誤っているものはどれか。理事A「当組合は管理組合法人なので、まずは、管理組合法人の財産によって損害賠償をしなければなりません。」2 理事B「管理組合法人の財産には、各区分所有者の共有に属する建物の共用部分、附属施設、附属建物、敷地等の他、管理組合法人名義で有する不動産、動産、金銭、権利一切が含まれることになります。」3理事C「もし、管理組合法人の財産でまかなえない場合、その残債務については、全区分所有者で負うことになります。」4理事D「ただし、C理事の言われる残債務は金銭債務であるため、原則として、各区分所有者の共用部分の持分の割合に応じて、分割された債務となり、各区分所有者はその分割された範囲で無限責任を負うことになります。」,,,,,,理事A「当組合は管理組合法人なので、まずは、管理組合法人の財産によって損害賠償をしなければなりません。」,理事B「管理組合法人の財産には、各区分所有者の共有に属する建物の共用部分、附属施設、附属建物、敷地等の他、管理組合法人名義で有する不動産、動産、金銭、権利一切が含まれることになります。」,理事C「もし、管理組合法人の財産でまかなえない場合、その残債務については、全区分所有者で負うことになります。」,理事D「ただし、C理事の言われる残債務は金銭債務であるため、原則として、各区分所有者の共用部分の持分の割合に応じて、分割された債務となり、各区分所有者はその分割された範囲で無限責任を負うことになります。」,2,FALSE,FALSE,,（解説は未入力です。）,,,,,
2015,平成27年度,38,single,判例・横断総合,h27;single_choice;direct_question;parsed,区分所有者間に生じる債権に関する次の記述のうち、民法及び区分所有法の規定によれば、誤っているものはどれか。,,,,,,区分所有者は、規約又は集会の決議により他の区分所有者に対して有する債権につ いて、その債務者の区分所有権及び建物に備え付けた動産の上に先取特権を有する。,区分所有者は、共用部分、建物の敷地又は共用部分以外の建物の附属施設につき他 の区分所有者に対して有する債権について、その債務者の区分所有権及び建物に備え 付けた動産の上に先取特権を有する。,区分所有者が、規約又は集会の決議により他の区分所有者に対して有する債権につ いて、その債務者の区分所有権の上に有する先取特権は、規約又は集会の決議で承継 する旨を定めた場合にのみ、特定承継人にもその効力が及ぶ。,区分所有者が、共用部分、建物の敷地又は共用部分以外の建物の附属施設につき他 の区分所有者に対して有する債権について、債務者の区分所有権の上に有する先取特 権は、その順位と効力については、共益費用の先取特権として扱われる。 24,3,FALSE,FALSE,,（解説は未入力です。）,,,,,
2015,平成27年度,39,combination,判例・横断総合,h27;combination;correct_combination;parsed,次の記述のうち、判例によれば、正しいものの組合せはどれか。ア甲マンションにおいて、これまでにペットの飼育に関する規約がなかった場合に、盲導犬等を除いて犬や猫などのペットの飼育を禁止する旨の規約を設定することは、その飼育による実害の発生又はその発生の蓋然性がないときでも許される。イ乙マンションの区分所有者が、業務執行に当たっている管理組合の役員らをひぼう中傷等することによって管理組合の業務の遂行や運営に支障を生じさせた場合には、区分所有法に定める「区分所有者の共同の利益に反する行為」に該当する余地がある。ウ丙マンションの建物内の倉庫部分について、構造上及び利用上の独立性があっても、当該倉庫部分の一部に他の区分所有者のための共用設備が設置されている場合には、当該倉庫部分が専有部分となる余地はない。エ 丁建物について、区分所有建物である旨の登記が可能であるにもかかわらず、区分所有建物ではない1棟の建物としての登記がなされた場合には、丁建物は「区分所有建物ではない建物」とみなされるので、その後、これにつき区分所有建物である旨の登記をすることはできない。,,,,,,ア・イ,ア・ウ,イ・エ,ウ・エ 25,1,FALSE,FALSE,,（解説は未入力です。）,,,,,
2015,平成27年度,40,single,判例・横断総合,h27;single_choice;most_appropriate;parsed,マンションの分譲業者が買主に対して特約として行うアフターサービスと、売主の瑕疵担保責任についての民法及び宅地建物取引業法の規定に関する次の記述のうち、最も適切なものはどれか。,,,,,,宅地建物取引業者である売主が、宅地建物取引業者でない買主に新築マンションの 住戸を売却する場合において、アフターサービスの期間を引渡しの日から3年間と定 めた場合は、売主は瑕疵担保責任を負わない旨の特約をすることができる。,アフターサービスの対象となる部位は、住戸内の内装や各種の設備に限られ、構造 耐力上主要な部分及び雨水の浸入を防止する部分は含まれないことが多い。,宅地建物取引業者である売主が、宅地建物取引業者でない買主に新築マンションの 住戸を売却する場合において、「売主は、当該住戸を引き渡した日から1年間瑕疵担 保責任を負う」旨の特約をしても、当該特約は無効である。,民法では、売主の瑕疵担保責任の内容として、修補が可能な場合には修補、修補が できない場合には当該環症に対する損害賠償、瑕疵のために契約目的を達成すること ができないときには契約の解除が定められている。,3,FALSE,FALSE,,（解説は未入力です。）,,,,,
2015,平成27年度,41,single,判例・横断総合,h27;single_choice;direct_question;parsed,Aが、Bからマンションの住戸を購入した場合、その住戸の瑕疵に関する次の記述のうち、民法の規定によれば、誤っているものはどれか。なお、AとBは、ともに宅地建物取引業者ではない個人とする。,,,,,,AB間の売買契約書に、「Bは瑕疵担保責任を負わない」旨の特約が設けられてい た場合であっても、Bがその存在を知りながらAに告げなかった瑕疵については、そ の責任を免れることができない。,Aが通常の注意をすれば知ることのできた瑕疵については、AはBに対し瑕疵担保 責任を追及することができない。,AB間の売買契約書に、瑕疵担保に関する規定が設けられていなかったときは、A はBに対し瑕疵担保責任を追及することができない。,AB間の売買契約書に、「瑕疵の修補請求のみでき、損害賠償請求はできない」旨 の特約が設けられていたときは、AはBに対し損害賠償請求ができない。 26,2,FALSE,FALSE,,（解説は未入力です。）,,,,,
2015,平成27年度,42,single,判例・横断総合,h27;single_choice;direct_question;parsed,マンション建替組合（以下、本間において「組合」という。）に関する次の記述のうち、マンションの建替え等の円滑化に関する法律（平成14年法律第78号）の規定によれば、正しいものはどれか。,,,,,,マンション建替事業を施行することができるのは、組合のみである。,組合の組合員となることができる者は、そのマンションの区分所有者又はその包括 承継人に限られる。,組合は、建替えに参加しない旨を回答した〆分所有者（その承継人を含み、その後 に建替え合意者等となった者を除く。）に対し、区分所有権及び敷地利用権を時価で 売り渡すべきことを請求することができる。,組合において権利変換計画及びその変更を行うときは、組合員の議決権及び持分割 合の各4分の3以上の総会決議で決する。,3,FALSE,FALSE,,（解説は未入力です。）,,,,,
2015,平成27年度,43,single,判例・横断総合,h27;single_choice;direct_question;parsed,次の記述のうち、個人情報の保護に関する法律（平成15年法律第57号）によれば、正しいものはどれか。,,,,,,個人情報取扱事業者であるマンション管理業者は、個人情報を取得した場合は、あ らかじめその利用目的を公表している場合であっても、必ず、速やかに、その利用目 的を、本人に通知しなければならない。,マンションの防犯カメラに映る映像は、特定の個人が識別できるものであっても、 「個人情報」には該当しない。,個人情報取扱事業者であるマンション管理業者が、管理組合と締結した管理受託契 約に基づいて保有している組合員の個人情報は、個人情報取扱事業者としての義務の 対象とはならない。,管理組合の組合員の氏名が記載されている組合員名簿が、コンピュータに入力され ておらず、紙面で作成されている場合であっても、五十音順など一定の規則に従って 整理・分類され、容易に検索できるような場合には、その名簿は「個人情報データベ ース等」に該当する。 27,4,FALSE,FALSE,,（解説は未入力です。）,,,,,
2015,平成27年度,44,single,判例・横断総合,h27;single_choice;direct_question;parsed,区分所有者であるAが、自己所有のマンションの専有部分を、居住目的で、借主であるBと期間3年の定期建物賃貸借契約（以下、本間において「本件契約」という。）を締結した場合に関する次の記述のうち、民法及び借地借家法の規定によれば、正しいものはどれか。,,,,,,賃貸借は諸成契約であるので、本件契約の締結には、当事者の口頭による合意があ れば足り、書面の作成は不要である。,Aは、本件契約の締結に先立って、Bに対し、当該賃貸借は契約の更新がなく、契 約期間の満了により終了することについて、その旨を記載した書面を交付して説明し なければならない。,Aは、本件契約の期間が満了する1年前から6月前までの間に、Bに対し、本件契 約が終了する旨の通知をしなければならず、この通知は書面でしなければ効力を生じ ない。,本件契約の期間が満了する前に、Bが死亡した場合、Bに相続人がいる場合でも、 本件契約は終了する。,2,FALSE,FALSE,,（解説は未入力です。）,,,,,
2015,平成27年度,45,single,判例・横断総合,h27;single_choice;direct_question;parsed,宅地建物取引業者であるAが自ら売主として、宅地建物取引業者ではないB、又は宅地建物取引業者であるCとの間で、A所有のマンションの住戸の売買を行う場合に、宅地建物取引業法第35条の規定により行う重要事項の説明に関する次の記述のうち、正しいものはどれか。,,,,,,Aは、当該マンションが昭和56年5月31日以前に新築の工事に着手したものである ときは、自らその耐震診断を実施した上で、その報告書を重要事項説明書に添付しな ければならない。,Aは、当該マンションが住宅性能評価を受けた新築マンションであるときは、その 旨を説明する必要がある。,Aは、Bの自宅においては、重要事項の説明を行うことができない。,Aは、Cに対しては、重要事項の説明を省略することができる。 28,2,FALSE,FALSE,,（解説は未入力です。）,,,,,
2015,平成27年度,46,single,判例・横断総合,h27;single_choice;most_inappropriate;parsed,マンションの管理の適正化に関する指針（平成13年国土交通省告示第1288号）に関する次の記述のうち、最も不適切なものはどれか。,,,,,,マンションが団地を構成する場合には、棟ごとに管理組合が組織されるため、全棟 の連携よりも各棟固有の事情を優先して、管理組合の運営をすることが重要である。,マンションの区分所有者等は、マンションの居住形態が戸建てのものとは異なり、 相隣関係等に配慮を要する住まい方であることを十分に認織し、その上で、マンショ ンの快適かつ適正な利用と資産価値の維持を図るため、管理組合の一員として、進ん で、集会その他の管理組合の管理運営に参加するとともに、定められた管理規約、集 会の決議等を遵守する必要がある。,マンションの管理の主体は、マンションの区分所有者等で構成される管理組合であ り、管理組合は、マンションの区分所有者等の意見が十分に反映されるよう、また、 長期的な見通しを持って、適正な運営を行うことが重要である。,専有部分の賃借人等の占有者は、建物又はその敷地若しくは附属施設の使用方法に つき、マンションの区分所有者等が管理規約又は集会の決議に基づいて負う義務と同 一の義務を負うことに十分に留意することが重要である。 29,1,FALSE,FALSE,,（解説は未入力です。）,,,,,
2015,平成27年度,47,single,判例・横断総合,h27;single_choice;direct_question;parsed,マンション管理業者が行う、マンション管理適正化法第73条の規定に基づく契約の成立時の書面の交付に関する次の記述のうち、マンション管理適正化法の規定によれば、正しいものはどれか。,,,,,,マンション管理業者は、マンション管理適正化法第73条の規定により、同条第1項 各号に定める事項を記載した書面を作成するときは、専任の管理業務主任者をして、 当該書面に記名押印させなければならない。,マンション管理業者は、管理組合から管理事務の委託を受けることを内容とする契 約を締結した場合において、該管理組合に管理者等（マンション管理業者が該管 理組合の管理者等である場合を除く。）が置かれているときは、当該管理組合の管理 者等に対して、遅滞なく、マンション管理適正化法第73条第1項各号に定める事項を 記載した書面を交付すれば足り、当該管理組合を構成する区分所有者等全員に対し、 当該書面を交付する義務はない。,マンション管理業者は、管理組合から管理事務の委託を受けることを内容とする契 約を締結した場合において、自らが当該管理組合の管理者等であるときは、当該管理 組合を構成するマンションの区分所有者等全員に対し、遅滞なく、マンション管理適 正化法第73条第1項各号に定める事項を記載した書面を交付するとともに、当該書面 を当該管理組合を構成するマンションの区分所有者等の見やすい場所に掲示しなけれ ばならない。,マンション管理業者は、新たに建設されたマンションに関し、管理組合から管理事 務の委託を受けることを内容とする契約であって、当該マンションの建設工事の完了 の日から1年を経過する日までの間に契約期間が満了するものを締結した場合には、 管理組合の管理者等（マンション管理業者が当該管理組合の管理者等である場合を除 く。）に対し、マンション管理適正化法第73条の規定に基づく契約の成立時の書面を 交付する義務はない。 30,2,FALSE,FALSE,,（解説は未入力です。）,,,,,
2015,平成27年度,48,single,判例・横断総合,h27;single_choice;direct_question;parsed,マンション管理業者が行う、マンション管理適正化法第77条の規定に基づく管理事務の報告に関する次の記述のうち、マンション管理適正化法によれば、正しいものはどれか。,,,,,,マンション管理業者は、管理事務に関する報告を行うときは、報告の対象となる期 間、管理組合の会計の収入及び支出の状況並びに管理受託契約の内容に関する事項を 記載した管理事務報告書を管理業務主任者をして作成させ、当該書面に記名押印させ なければならない。,マンション管理業者は、管理事務の委託を受けた管理組合に管理者等が置かれてい るときは、マンション管理業者の事業年度終了後、遅滞なく、当該管理者等に対し、 管理業務主任者をして、当該管理事務に関する報告をさせなければならない。,マンション管理業者は、管理事務の委託を受けた管理組合に管理者等が置かれてい ないときは、区分所有者等に対し当該管理事務に関する報告を行うための説明会を開 催しなければならないが、この場合、当該説明会の開催日の1週間前までに、説明会 の開催日時及び場所について、当該マンションの区分所有者等の見やすい場所に掲示 しなければならない。,マンション管理業者は、マンション管理適正化法施行規則第87条第5項に規定する 月次の管理組合の会計の収入及び支出の状況に関する書面を、毎月、当該管理組合の 管理者等に対して交付し、説明しているときは、管理事務に関する報告については、 当該管理組合の会計の収入及び支出の状況以外の管理受託契約の内容等について行え ば足りる。 31,3,FALSE,FALSE,,（解説は未入力です。）,,,,,
2015,平成27年度,49,single,判例・横断総合,h27;single_choice;direct_question;parsed,管理業務主任者に関する次の記述のうち、マンション管理適正化法によれば、正しいものはどれか。,,,,,,管理業務主任者登録簿に、氏名、生年月日その他必要な事項を登載された者は、登 録の更新申請を行わなければ、登録日以後5年をもってその登録の効力を失う。,マンション管理業者は、管理組合から委託を受けた管理事務について、管理業務主 任者をして帳簿を作成させなければならない。,マンション管理業者AのB事務所は、人の居住の用に供する独立部分（区分所有法 第1条に規定する建物の部分をいう。以下、本問において「独立部分」という。）が 6以上である30の管理組合及び独立部分が5以下である30の管理組合の計60の管理組 合から委託を受けて管理事務を行っているが、この場合において、当該B事務所には、 成年者である専任の管理業務主任者を2名設置しなければならない。,管理業務主任者は、登録を受けている事項のうち、転職によりその業務に従事して いたマンション管理業者に変更があったときは、遅滞なく、その旨を国土交通大臣に 届け出なければならないが、この場合において、管理業務主任者証を添えて提出し、 その訂正を受ける必要はない。,4,FALSE,FALSE,,（解説は未入力です。）,,,,,
2015,平成27年度,50,single,判例・横断総合,h27;single_choice;direct_question;parsed,マンション管理業者に課せられている義務に関する次の記述のうち、マンション管理適正化法によれば、誤っているものはどれか。,,,,,,マンション管理業者は、マンション管理業者登録簿に登録を受けている事項のうち、 登録年月日及び登録番号以外の事項について変更があった場合には、その日から30日 以内に国土交通大臣に届け出なければならない。,マンション管理業者は、管理組合から委託を受けた管理事務のうち、基幹事務につ いては、その一部であっても他人に委託してはならない。,マンション管理業者は、当該マンション管理業者の業務状況調書、貸借対照表及び 損益計算書又はこれらに代わる書面をその事務所ごとに備え置き、その備え置かれた 日から起算して3年を経過する日までの間、当該事務所の営業時間中、その業務に係 る関係者の求めに応じ、これを閲覧させなければならない。,マンション管理業者は、その事務所ごとに、公衆の見やすい場所に、「登録番号」、 「登録の有効期間」、「商号、名称又は氏名」、「代表者氏名」、「この事務所に置かれて いる専任の管理業務主任者の氏名」、「主たる事務所の所在地（電話番号を含む。）」が 記載された標識を掲げなければならない。 32,2,FALSE,FALSE,,（解説は未入力です。）,,,,,
2016,平成28年度,1,combination,判例・横断総合,h28;combination;direct_question;parsed,被保佐人が所有するマンション（マンションの管理の適正化の推進に関する法律（以下、「マンション管理適正化法」という。）第2条第1号に規定するものをいう。以下同じ。）の一住戸甲（以下、本問において「甲」という。）の売却に関する次の記述のうち、民法の規定及び判例によれば、誤っているものの組み合わせはどれか。ア 被保佐人が保佐人の同意を得ることなく甲を売却した場合、当該売買契約を取り消すことができる者は、被保佐人に限られている。イ保佐人の請求により、家庭裁判所が被保佐人のために甲の売却について当該保佐人に代理権を付与する旨の審判をするには、被保佐人の同意がなければならない。ウ 被保佐人が、保佐人の同意を得ることなく甲を売却した場合、相手方が被保佐人に対し、1箇月以上の期間を定めて、保佐人の追認を得るべき旨の催告をしたときは、相手方がその期間内に追認を得た旨の通知を受けなくても、その行為を保佐人が追認したものとみなされる。エ 被保佐人が甲を売却する際に、自らが行為能力者であることを信じさせるため、被保佐人であることを黙秘していたことが、他の言動などと相まって、相手方を誤肩させ、又は誤情を強めたものと認められる場合には、被保佐人はその行為を取り消すことができない。,,,,,,ア・ウ,ア・エ,イ・ウ,イ・エ 1,1,FALSE,FALSE,,（解説は未入力です。）,,,,,
2016,平成28年度,2,single,判例・横断総合,h28;single_choice;direct_question;parsed,マンションの管理組合A（以下、本問において「A」という。）の管理者B（以下、本問において「B」という。）が、その職務に関し、C会社（以下、本問において「C」という。）との間で取引行為（以下、本問において「本件取引行為」という。）をする場合に関する次の記述のうち、民法の規定によれば、正しいものはどれか。,,,,,,Bの本件取引行為に係る意思表示について要素の錯誤があった場合には、Aは、C に対してその意思表示を取り消すことができる。,第三者DがBに詐欺を行い、これによりBが本件取引行為に係る意思表示をした場 合、Cがその事実を知っていたときに限り、Aはその意思表示を取り消すことができ る。,Bが、本件取引行為をする前に、補助開始の審判を受けていたときは、Bの代理権 は消滅しているので、本件取引行為の効力は生じない。,Bが管理者を解任された後に本件取引行為をしていたとした場合、Cがその解任の 事実を知らず、かつ知らなかったことにつき過失がなかったときでも、本件取引行為 の効力は生じない。,2,FALSE,FALSE,,（解説は未入力です。）,,,,,
2016,平成28年度,3,single,判例・横断総合,h28;single_choice;direct_question;parsed,消滅時効及び除斥期間に関する次の記述のうち、民法の規定及び判例によれば、誤っているものはどれか。,,,,,,売主の詐欺によりマンションの一住戸の売買契約が締結された場合、買主の意思表 示の取消権は、追認をすることができる時から5年間行使しないとき、また意思表示 の時から20年を経過したときは消滅する。,管理組合の組合員に対する管理費支払請求権は、滞納の時から5年間行使しないと きは消滅する。,管理組合から請け負った工事に関する施工業者の報酬請求権は、工事に着手した時 から3年間行使しないときは消滅する。,第三者の不法行為により管理組合に損害が生じた場合、管理組合の損害賠償請求権 は、損害及び加害者を知った時から3年間行使しないとき、また不法行為の時から20 年を経過したときは消滅する。 2,3,FALSE,FALSE,,（解説は未入力です。）,,,,,
2016,平成28年度,4,single,判例・横断総合,h28;single_choice;direct_question;parsed,甲マンションの一住戸乙（以下、本問において「乙」という。）を数人が共有する場合に関する次の記述のうち、民法及び建物の区分所有等に関する法律（以下、「区分所有法」という。）の規定によれば、正しいものはどれか。,,,,,,各共有者は、5年を超えない期間内は乙の分割をしない旨の契約をしない限りは、 いつでも乙の分割を請求することができる。,各共有者は、規約に別段の定めがある場合は、甲マンションの集会で、乙に対する それぞれの持分に応じて議決権を行使することができる。,各共有者は、他の共有者全員の同意を得なければ、乙についての自己の持分を処分 することができない。,共有者全員の合意により乙が売却された場合、各共有者は、別段の意思表示がない 限り、その買主に対して売却代金全額を請求することができる。,1,FALSE,FALSE,,（解説は未入力です。）,,,,,
2016,平成28年度,5,single,判例・横断総合,h28;single_choice;direct_question;parsed,マンションの管理組合A（以下、本問において「A」という。）は、敷地に集会棟を新築する工事（以下、本問において「本件工事」という。）を行うため、建設会社B（以下、本問において「B」という。）との間で請負契約を締結した。この場合に関する次の記述のうち、民法及び区分所有法の規定によれば、正しいものはどれか。,,,,,,Bが本件工事を完成できない場合でも、それが当事者双方の責めに帰することがで きない事由によるものであったときは、BはAに対して報酬の支払いを請求すること ができる。,Bが本件工事を完成したが、集会棟に最があり、そのために契約をした目的を達 することができないときは、Aは契約を解除して、Bに対し損害賠償を請求すること ができる。,本件工事に伴い既存の共用部分に生じた損害について、区分所有者全員のためにA の管理者が原告となってBに訴訟を提起するには、その旨の規約の定めによるのでは なく、集会の決議が必要である。,Bが本件工事を完成しない間は、Aは、いつでも損害を賠償して契約を解除するこ とができる。 3,4,FALSE,FALSE,,（解説は未入力です。）,,,,,
2016,平成28年度,6,single,判例・横断総合,h28;single_choice;direct_question;parsed,マンションの一住戸甲（以下、本問において「甲」という。）の区分所有者A（以下、本問において「A」という。）の死亡により、法定相続人であるBとCが甲を相続分2分の1ずつで共同相続した場合に関する次の記述のうち、民法の規定及び判例によれば、正しいものはどれか。,,,,,,BとCが協議で遺産分割をするときには、自己のために相続開始があったことを 知った時から3箇月以内にしなければならない。,Bが、甲を単独相続するために、Aの死亡後、遺言書を偽造した場合でも、Bは、 家庭裁判所がその大格事由を認定しない限り、相続人としての資格を失わない。,Bが、Cに無断で甲を単独で所有する旨の登記をした上で、Dに売却し、移転登記 を完了させた場合でも、Cは、自らが相続した甲の持分について、登記がなくてもD に対抗することができる。,Bの相続放棄によりCが甲を単独相続したが、その前に、Bが相続した甲の持分に ついてEが差押えをしていた場合には、CはEの権利を書することができない。 4,3,FALSE,FALSE,,（解説は未入力です。）,,,,,
2016,平成28年度,7,single,判例・横断総合,h28;single_choice;most_appropriate;parsed,次の記述のうち、マンション標準管理委託契約書及びマンション標準管理委託契約書コメント（平成15年4月9日国総動第3号。国土交通省総合政策局長通知。以下、「標準管理委託契約書」という。）によれば、最も適切なものはどれか。,,,,,,マンション管理業者（マンション管理適正化法第2条第8号に規定する者をいう。 以下同じ。）又は管理組合は、管理委託契約の更新について申出があった場合におい て、当該管理委託契約の有効期間が満了する日までに両者の間で更新に関する協議が ととのう見込みがないときは、当該管理委託契約と同一の条件で暫定契約を締結する ことができるが、その暫定契約の期間は3月を超えることができない。,マンション管理業者は、管理員業務、清掃業務又は建物・設備管理業務について、 それらの業務の一部を第三者に再委託することはできるが、当該業務の全部を第三者 に再委託することはできない。,マンション管理業者は、解約等により管理委託契約が終了した場合には、マンショ ン管理業者が保管する設計図書、管理規約の原本、総会議事録、総会議案書等の図書 等に加え、組合員等の名簿及び出納事務のためマンション管理業者が預かっている管 理組合の口座の通帳、印鑑等を遅滞なく管理組合に引き渡さなければならない。,マンション管理業者は、定額委託業務費の内訳について、マンション管理適正化法 第72条に基づく重要事項の説明の際に管理組合に対して見積書等であらかじめ明示し ている場合には、管理組合との合意を得ていなくても、管理委託契約に定額委託業務 費の内訳を記載しないことができる。,3,FALSE,FALSE,,（解説は未入力です。）,,,,,
2016,平成28年度,8,combination,判例・横断総合,h28;combination;appropriate_combination;parsed,次の記述のうち、標準管理委託契約書によれば、適切なものの組み合わせはどれか。アマンション管理業者は、管理委託契約の契約期間が1年である場合において、3年ごとに実施する特殊建築物定期調査のように、当該管理委託契約の契約期間をまたいで実施する管理事務（マンション管理適正化法第2条第6号に規定するものをいう。以下同じ。）を定額委託業務費に含める場合は、実施時期や費用を管理組合に明示するとともに、当該管理事務を実施しない場合の精算方法をあらかじめ明らかにすべきである。イマンション管理業者が行う管理事務の内容に、響備業法に定める響備業務、消防法に定める防火管理者が行う業務及び浄化槽法に定める水質検査の業務は含まれない。ウマンション管理業者が行う管理事務の対象となる部分は、管理規約により管理組合が管理すべき部分のうち、マンション管理業者が受託して管理する部分であり、専用使用部分（バルコニー、トランクルーム、専用庭等）については、管理組合が行うべき管理業務の範囲内において、マンション管理業者が管理事務を行う。エマンション管理業者は、管理組合の債務不履行を理由に管理委託契約を解除する場合を除き、契約期間の中途において、管理委託契約を解約することはできない。,,,,,,ア・ウ,ア・エ,イ・ウ,イ・エ 6,1,FALSE,FALSE,,（解説は未入力です。）,,,,,
2016,平成28年度,9,single,判例・横断総合,h28;single_choice;most_inappropriate;parsed,次の記述のうち、標準管理委託契約書によれば、最も不適切なものはどれか。,,,,,,マンション管理業者及びその従業員は、管理委託契約が終了した後においても、正 当な理由がなく、管理事務に関して知り得た管理組合及び当該管理組合の組合員等の 秘密を漏らしてはならない。,マンション管理業者は、管理事務を通じて当該マンションの劣化等の状況を把握す ることができることから、長期修繕計画案の作成業務を実施する場合、当該業務に係 る契約については、管理委託契約と別個の契約としてはならない。,マンション管理業者は、管理組合の長期修繕計画の見直しのため、管理事務を実施 する上で把握した当該マンションの劣化等の状況に基づき、当該計画の修繕工事の内 容等について、改善の必要があると判断した場合には、書面をもって管理組合に助言 するものとする。,マンション管理業者が、理事会の設置する各種専門委員会の運営支援業務を実施す る場合は、その業務内容、費用負担について、別途、管理組合とマンション管理業者 が協議して定めるものとする。,2,FALSE,FALSE,,（解説は未入力です。）,,,,,
2016,平成28年度,10,single,判例・横断総合,h28;single_choice;direct_question;parsed,マンションの管理費の滞納に関する次の記述のうち、民法、民事訴訟法及び区分所有法の規定によれば、正しいものはどれか。,,,,,,滞納額140万円の支払いを求める訴えを簡易裁判所に提起する場合には、民事訴訟 法上の少額訴訟制度を利用することができる。,滞納者に対して、普通郵便による督促をした場合、その後6箇月以内に裁判上の請 求をすれば、普通郵便が滞納者に到達した時に、管理費債権の消滅時効が中断したこ ととなる。,専有部分について賃貸借契約がなされた場合、管理組合は滞納管理費について、規 約に別段の定めがなくても、貸主である区分所有者又は賃借人である占有者のいずれ に対しても訴えを提起することができる。,滞納者に対して、訴えを提起したところ、「必ず払います。」との誓約書を提出した ため、終局判決の前に訴えを取り下げた場合は、その後、支払いがなされなかったと きでも手び訴えを提起することはできない。 7,2,FALSE,FALSE,,（解説は未入力です。）,,,,,
2016,平成28年度,11,single,判例・横断総合,h28;single_choice;most_appropriate;parsed,れか。マンションの管理費の滞納に関する次の記述のうち、最も適切なものはど,,,,,,管理費を滞納している区分所有者が、当該住戸を売却した場合、買主は、売買契約 の締結時に滞納の事実を知らなかったとしても、当該滞納管理費の支払義務を負う。,規約に管理費に関する遅延損害金を定める場合は、民法所定の法定利率である年5 %を超えて定めることはできない。,管理費を滞納している区分所有者が、裁判所に民事再生手続開始の申立てをした場 合、当該区分所有者はその申立てにより滞納管理費の支払義務を免れる。,管理費を滞納している区分所有者が、当該住戸を贈与した場合、受贈者が滞納管理 費の支払義務を負い、当該区分所有者はその義務を免れる。,1,FALSE,FALSE,,（解説は未入力です。）,,,,,
2016,平成28年度,12,single,判例・横断総合,h28;single_choice;most_inappropriate;parsed,建物の建替えに係る経費及び修繕積立金に関する次の記述のうち、マンション標準管理規約及びマンション標準管理規約コメント（単棟型）（平成16年1月23日国総動第232号、国住マ第37号。国土交通省総合政策局長・同住宅局長通知。以下、「標準管理規約」という。）によれば、最も不適切なものはどれか。,,,,,,建替え決議の前に、建物の建替えに係る合意形成に必要となる事項の調査に要する経費に充当するために修繕積立金を取り崩すには、総会の決議を経なければならない。,分譲会社が分譲時において将来の計画修繕に要する経費に充当するため、一括して購入者より修繕積立基金を徴収している場合には、当該金銭についても修繕積立金として区分経理すべきである。,建替え決議の後であっても、建物の建替えに係る計画又は設計等に必要がある場合には、その経費に充当するため、総会の決議を経て修繕積立金を取り崩すことができる場合がある。,建替えに係る調査に必要な経費の支出は、マンションの実態にかかわらず、管理費から支出する旨を管理規約に規定することはできない。,4,FALSE,FALSE,,（解説は未入力です。）,,,,,
2016,平成28年度,13,single,判例・横断総合,h28;single_choice;most_inappropriate;parsed,管理組合の会計等に関する次の記述のうち、標準管理規約の定めによれば、最も不適切なものはどれか。,,,,,,管理組合は、その会計処理に関する規約及び細則を変更するには、いずれも総会の 決議を経なければならない。,管理組合は、収支決算の結果、管理費に余剰が生じた場合、その余剰を翌年度にお ける管理費に充当する。,管理組合は、計画修繕に要する経費に充てるために借入れをしたときは、管理費を もってその償還に充てるものとする。,管理組合は、不測の事故により必要となる修繕に要する経費に充てるため、修繕積 立金を取り崩すことができる。 9,3,FALSE,FALSE,,（解説は未入力です。）,,,,,
2016,平成28年度,14,single,判例・横断総合,h28;single_choice;most_appropriate;parsed,"管理組合の活動における以下の取引に関して、平成28年3月分の仕訳として最も適切なものは次のうちどれか。ただし、この管理組合の会計年度は、毎年4月1日から翌年3月31日までとし、期中の取引において、企業会計原則に基づき厳格な発生主義によって経理しているものとする。（取引）平成28年3月に、敷地内駐車場を使用している組合員から、管理組合の普通預金口座に合計1,000,000円の入金があった。入金の内訳は、以下のとおりである。なお、3月分駐車場使用料のうち20,000円については、3月末現在、入金されていない。（平成28年3月入金の内訳）3月分駐車場使用料4月分駐車場使用料新規契約分敷金合計100,000円850,000円50,000円",,,,,,",000,000円 1 （借方） 普通預金 未収入金 1,000,000 20.000",（借 方） 普通預金 1.000.000,"（借方） 普通預金 1,000,000","（借方） 普通預金 未収入金 1,000,000 20,000 （貸方） 駐車場使用料収入 前受金 預り金 （貸方） 駐車場使用料収入 前受金 預り金 （貸方） 駐車場使用料収入 前受金 （貸方） 駐車場使用料収入 前受金 （単位：円） 120,000 850,000 50,000 100,000 850,000 50,000 100.000 900,000 120,000 900,000 10",1,FALSE,FALSE,,（解説は未入力です。）,,,,,
2016,平成28年度,15,single,判例・横断総合,h28;single_choice;most_appropriate;parsed,"管理組合の活動における以下の取引に関して、平成28年3月分の仕訳として最も適切なものは次のうちどれか。ただし、この管理組合の会計年度は、毎年4月1日から翌年3月31日までとし、期中の取引において、企業会計原則に基づき厳格な発生主義によって経理しているものとする。（取引）共用部分である外階段の塗装が剥がれてきたため、平成28年2月10日に塗装会社に対して、塗装工事を代金1,500,000円で発注し、発注時に着手金として500,000円を支払い、塗装会社は同年3月中に塗装工事を完成させた。なお、この塗装工事代金の残金1,000,000円は、同年4月末日に振込により支払う約東である。",,,,,,（借方） 未払金 前払金,（借方） 未払金 前払金,"（借方） 建物 1,000,000 500,000 （貸方） 修繕費 （単位：円） 1,500,000 1,000,000 500,000 （貸方） 建牣 1,500,000 1.500.000","（借方） 修繕費 1,500,000 （貸方） 未払金 前払金 （貸方） 未払金 前払金 1,000,000 500,000 1,000,000 500,000 11 +",4,FALSE,FALSE,,（解説は未入力です。）,,,,,
2016,平成28年度,16,single,判例・横断総合,h28;single_choice;most_appropriate;parsed,管理組合の活動に係る税務の取扱いに関する次の記述のうち、最も適切なものはどれか。,,,,,,法人税法上、人格のない社団である管理組合においても、組合員から徴収する専用 使用料収入については課税対象である収入となる。,消費税法上、管理組合が共用部分である駐車場を有償で使用させる場合、使用者が 組合員であっても使用料は課税の対象となる。,消費税法上、管理組合が金融機関から借入れをした場合に生じる借入金の利子は、 課税取引であり消費税の課税対象となる。,"消費税法上、基準期間における課税売上高が1,000万円以下となる場合であっても、 特定期間の課税売上高によっては、消費税の納税義務が免除されない場合がある。",4,FALSE,FALSE,,（解説は未入力です。）,,,,,
2016,平成28年度,17,single,判例・横断総合,h28;single_choice;direct_question;parsed,建ぺい率、容積率などに関する次の記述のうち、建築基準法によれば、誤っているものはどれか。,,,,,,建ぺい率とは、建築物の建築面積（同一敷地内に2以上の建築物がある場合におい ては、その建築面積の合計）の敷地面積に対する割合をいう。,建築面積の算定には、地階の面積はすべて含まれない。,容積率とは、建築物の延べ面積の敷地面積に対する割合をいう。,容積率の上限値には、前面道路の幅員による制限が加わる場合がある。 12,2,FALSE,FALSE,,（解説は未入力です。）,,,,,
2016,平成28年度,18,single,判例・横断総合,h28;single_choice;direct_question;parsed,． マンションの廊下及び屋内階段に関する次の記述のうち、建築基準法によれば、正しいものはどれか。なお、避難上の安全の検証は行わず、国土交通大臣が定めた構造方法については考慮しないものとする。,,,,,,その階の住戸面積の合計が100miを超える場合の廊下の幅は、廊下の両側に居室が ある場合には1.5m以上、その他の場合には1.0m以上としなければならない。,直上階の居室の床面積の合計が200miを超える地上階に設ける階段のけあげは24cm 以下、踏面は20cm以上でなければならない。,回り階段の踏面の寸法は、階段の幅の中央において測るものとする。,階段の幅は、階段に設ける手すりの幅が10cm以下である場合、手すりの幅がないも のとみなして算定する。,4,FALSE,FALSE,,（解説は未入力です。）,,,,,
2016,平成28年度,19,single,判例・横断総合,h28;item_set;most_inappropriate;parsed,エレベーターの安全装置に関する次の記述のうち、最も不適切なものはどれか。,,,,,,戸開走行保護装置とは、駆動装置又は制街器に故障が生じ、かご及び昇降路のすべ ての出入口の戸が閉じる前にかごが昇降したときなどに、自動的にかごを制止する装 置をいう。,地震時等管制運転装置とは、地震等の加速度を検知し、自動的に、かごを昇降路の 避難階の出入口の戸の位置に停止させ、かごと昇降路の各出入口の戸を開くことなど ができる装置をいう。,火災時管制運転装置とは、防災センター等の火災管制スイッチの操作や自動火災報 知器からの信号により、エレベーターを一斉に避難階に呼び戻す装置をいう。,建築基準法によれば、戸開走行保護装置及び地震時等管制運転装置の設置義務があ る。 13 +,2,FALSE,FALSE,,（解説は未入力です。）,,,,,
2016,平成28年度,20,single,判例・横断総合,h28;single_choice;most_appropriate;parsed,マンションの屋上、バルコニー等の防水に関する次の記述のうち、最も適切なものはどれか。,,,,,,メンブレン防水とは、被膜を形成して防水層を作る工法の総称で、アスファルト防 水を含めない。,アスファルト防水以外のシート防水、塗膜防水などに用いられる防水材の日本工業 規格（JIS）のすべてが、1990年代になってから制定されたものである。,防水施工に関わる者には、国による技能検定制度があり、技能検定に合格した者は、 技能士と称することができる。,日本建築学会の建築工事標準仕様書・同解説（JASS 8）に示されている仕様 であれば、シート防水層、塗膜防水層は、仕上げの種類にかかわらず通常の歩行に耐 えうる。,3,FALSE,FALSE,,（解説は未入力です。）,,,,,
2016,平成28年度,21,single,判例・横断総合,h28;single_choice;direct_question;parsed,次の記述のうち、水道法及び「水質基準に関する省令」によれば、誤っているものはどれか。,,,,,,「給水装置」とは、需要者に水を供給するために水道事業者の施設した配水管から 分して設けられた給水管及びこれに直結する給水用具をいう。,「水質基準に関する省令」では、水道水の水質基準として、26の検査項目が示され ている。,「水質基準に関する省令」では、塩素は検査項目に含まれていない。,「水質基準に関する省令」では、一般細菌の基準値は、「1ミリリットルの検水で 形成される集落数が100以下」である。 14 ー,2,FALSE,FALSE,,（解説は未入力です。）,,,,,
2016,平成28年度,22,single,判例・横断総合,h28;single_choice;direct_question;parsed,共同住宅の消防用設備等の設置の特例を認める「特定共同住宅等における必要とされる防火安全性能を有する消防の用に供する設備等に関する省令」に関する次の記述のうち、誤っているものはどれか。,,,,,,特定共同住宅等は、二方向避難型、開放型、二方向避難・開放型、その他の4つの 構造類型に分けられる。,特定共同住宅等には、1階が飲食店、2階以上が住戸になっている建物は含まれな い。,特定共同住宅等に、「通常用いる消防用設備等」に代えて設置できる「必要とされ る防火安全性能を有する消防の用に供する設備等」は、特定共同住宅等の構造類型、 階数により決められている。,特定共同住宅等における、「必要とされる防火安全性能を有する消防の用に供する 設備等」は、火災時に安全に避難することを支援する性能を有する消防用設備に限ら れている。,4,FALSE,FALSE,,（解説は未入力です。）,,,,,
2016,平成28年度,23,single,判例・横断総合,h28;single_choice;direct_question;parsed,「建築物の耐震診断及び耐震改修の促進を図るための基本的な方針」（平成18年国土交通省告示第184号）に示された建築物の耐震診断の指針（以下、本問において「本指針」という。）に関する次の記述のうち、誤っているものはどれか。,,,,,,本指針は、建築物に対するものであり、敷地に関する基準等は含まれていない。,構造耐力上主要な部分の地震に対する安全性の評価に用いられる指標には Isとq があり、Isは建築物の各階の構造耐震指標をいい、qは建築物の各階の保有水平耐 力に係る指標をいう。,鉄筋コンクリート造のマンションでは、構造耐力上主要な部分が地震の振動及び衝 撃に対して倒壊し、又は崩壊する危険性が低いと判断されるのは、Isが0.6以上の場 合で、かつ、qが1.0以上の場合である。,国土交通大臣が本指針の一部又は全部と同等以上の効力を有すると認める方法に よって耐震診断を行う場合においては、当該方法によることができる。 15,1,FALSE,FALSE,,（解説は未入力です。）,,,,,
2016,平成28年度,24,single,判例・横断総合,h28;single_choice;direct_question;parsed,住宅の品質確保の促進等に関する法律に基づく住宅性能表示制度における新築住宅に関する次の記述のうち、誤っているものはどれか。,,,,,,住宅性能の評価結果をまとめた性能評価書には、設計図書の段階の評価結果をまと めた「設計住宅性能評価書」と、施工・完成段階の検査を経た評価結果をまとめた 「建設住宅性能評価書」の2種類がある。,新築住宅の請負契約書や売買契約書には、住宅性能評価書やその写しを添付するこ とが義務づけられている。,性能表示事項は必須と選択に区分され、そのうち「空気環境に関すること」、「光・ 視環境に関すること」「高齢者等への配慮に関すること」については、選択分野に含 まれる。,性能表示事項は、等級や数値などで表示され、等級では、数字が大きいものほど性 能が高いことを表す。,2,FALSE,FALSE,,（解説は未入力です。）,,,,,
2016,平成28年度,25,single,判例・横断総合,h28;single_choice;most_inappropriate;parsed,消費生活用製品安全法等に基づく長期使用製品安全点検制度に関する次の記述のうち、最も不適切なものはどれか。,,,,,,本制度は、消費生活用製品のうち、長期間の使用に伴い生ずる劣化により安全上支 障が生じ、一般消費者の生命又は身体に対して特に重大な危害を及ぼすおそれが多い と認められる製品の適切な保守を促進するために設けられたものである。,特定保守製品には、屋内式の都市ガス用及び液化石油ガス用の瞬間湯沸器及びふろ がま、屋内式及び屋外式の石油ふろがま、密閉燃焼式の石油温風暖房機、ビルトイン 式の電気食器洗機が含まれる。,特定保守製品には、製造年月を始期とし、経年劣化により安全上支障が生じるおそ れが著しく少ないことを確認した時期を終期とした設計標準使用期間などを表示しな ければならない。,特定保守製品取引事業者とは、特定保守製品の取得者に対し適切な保守の必要性や 所有者情報の提供の必要性などを理解させるために、正当な理由のない限り説明義務 のある事業者をいい、特定保守製品の付属する建物の販売を行う事業者は含まれない。 16 +,4,FALSE,FALSE,,（解説は未入力です。）,,,,,
2016,平成28年度,26,combination,判例・横断総合,h28;combination;direct_question;parsed,消防法第8条の規定内容に関する次の記述の（ア）、（イ）に入る語句の組み合わせとして、正しいものはどれか。共同住宅で居住者の数が（ア）人以上の場合、管理についての権原を有する者は防火管理者を定め、（イ）を作成させ、当該計画に基づく消火・避難訓練の実施、消防設備・施設の点検警備などのほか、防火管理上必要な業務を行わせなければならない。100100消防計画避難計画消防計画避難計画,,,,,,"A=100, B=消防計画","A=100, B=避難計画","A=50, B=消防計画","A=50, B=避難計画",3,FALSE,FALSE,,（解説は未入力です。）,,,,,
2016,平成28年度,27,single,判例・横断総合,h28;single_choice;most_appropriate;parsed,排水設備に関する次の記述のうち、最も適切なものはどれか。,,,,,,排水槽には、汚水槽、雑排水槽、湧水槽、雨水槽がある。,屋外排水桝の清掃においては、ゴミ堆積物は引き上げ、汚泥は下水道などに流して 処理をする。,排水ポンプは運転用と予備用の2台を設置し、予備用のポンプについては常時休止 させておき、非常時以外は使用しない。,雑排水と雨水は、各階で同じ排水立て管に接続してよい。 17,1,FALSE,FALSE,,（解説は未入力です。）,,,,,
2016,平成28年度,28,single,判例・横断総合,h28;single_choice;most_inappropriate;parsed,窓サッシの改修工法に関する次の記述のうち、最も不適切なものはどれか。,,,,,,カバー工法、持出し工法は、既存サッシ枠を残して、その上に新規のサッシ枠を取 り付けるので、開口寸法は既存のものよりも小さくなる工法である。,ノンシール工法は、比較的大型の窓サッシに採用され、既存躯体との間には、タイ ト材を使用するので、外部側のシーリング充填作業が省略できる工法である。,はつり工法は、既存サッシ枠回りの駆体をはつり取り、新規のサッシ枠を取り付け るので、振動、粉じんが多く周囲への影響が大きい工法である。,引抜き工法は、既存サッシ枠を油圧工具又はジャッキ等で撤去するので、はつりエ 法に比較して、騒音が発生しにくい工法である。,2,FALSE,FALSE,,（解説は未入力です。）,,,,,
2016,平成28年度,29,single,判例・横断総合,h28;single_choice;most_inappropriate;parsed,専用使用部分の損傷等に関する次の記述のうち、標準管理規約によれば、最も不適切なものはどれか。,,,,,,区分所有者の不注意により損傷した窓ガラスを、区分所有者の希望により、窓枠等 の変更を必要としない範囲で、強度の高いものに取り換える場合には、理事会の承認 を得たうえ、区分所有者がその責任と負担で行う。,通常の使用に伴い損傷した網戸の補修は、区分所有者がその責任と負担で行う。,第三者による犯罪行為により損傷した面格子の補修をする場合には、管理組合がそ の責任と負担で行う。,専有部分の賃借人の不注意により損傷した玄関扉の補修については、賃貸人である 区分所有者はその責任と負担を負わない。 18 +,4,FALSE,FALSE,,（解説は未入力です。）,,,,,
2016,平成28年度,30,single,判例・横断総合,h28;single_choice;most_appropriate;parsed,管理組合の役員の職務に関する次の記述のうち、標準管理規約の定めによれば、最も適切なものはどれか。,,,,,,理事長と管理組合との利益が相反する事項については、理事長は、管理組合が承認 した場合を除いて、代表権を有しない。,監事は、理事会に出席し、必要があると認めるときは、意見を述べなければならな,理事は、管理組合に著しい損害を及ぼすおそれのある事実があることを発見したと きは、直ちに、その事実を理事長に報告しなければならない。,監事は、会計担当理事に不正行為があると認めたときは、直ちに理事会を招集しな ければならない。,2,FALSE,FALSE,,（解説は未入力です。）,,,,,
2016,平成28年度,31,single,判例・横断総合,h28;single_choice;direct_question;parsed,次のうち、標準管理規約によれば、理事長が、組合員又は利害関係人の閲覧請求に応じる必要のないものはどれか。,,,,,,理由を付さない書面で、管理規約原本の閲覧請求があった場合,理由を付した書面で、会計帳簿と出金に関する請求書及び領収書の閲覧請求があっ た場合,理由を付した書面で、長期修繕計画書の閲覧請求があった場合,理由を付した書面で、各組合員の総会における議決権行使書及び委任状の閲覧請求 があった場合 19 +,4,FALSE,FALSE,,（解説は未入力です。）,,,,,
2016,平成28年度,32,count,判例・横断総合,h28;count;count;parsed,次のうち、標準管理規約によれば、専有部分であるものはいくつあるか。ア 各住戸のメーターボックス内にある給湯器ボイラーイパイプスペースウ 各住戸の水道メーターエ 各住戸の玄関扉の錠,,,,,,一つ,二つ,三つ,四つ,2,FALSE,FALSE,,（解説は未入力です。）,,,,,
2016,平成28年度,33,single,判例・横断総合,h28;single_choice;direct_question;parsed,次のうち、区分所有法によれば、規約に定めることのできないものはどれ,,,,,,規約の設定、変更又は廃止は、区分所有者の過半数及び議決権の4分の3以上で決 する。,総会の議長は、総会に出席した区分所有者のうちから選任する。,敷地及び共用部分等の変更は、その形状又は効用の著しい変更を伴わないもので あっても、区分所有者及び議決権の各4分の3以上で決する。,管理組合の理事長を区分所有者から選任し、区分所有法に定める管理者を区分所有 者以外の第三者から選任する。 20,1,FALSE,FALSE,,（解説は未入力です。）,,,,,
2016,平成28年度,34,single,判例・横断総合,h28;single_choice;most_inappropriate;parsed,マンションの専有部分及び専用使用権に関する次の記述のうち、区分所有法、標準管理規約及び判例によれば、最も不適切なものはどれか。,,,,,,専有部分とは、一棟の建物に構造上区分され、かつ、住居、店舗、事務所又は倉庫 その他建物としての用途に独立して供することができるように利用上区分された、区 分所有権の目的である建物の部分である。,地下に設けられた駐車場部分は、必ずしも周囲すべてが完全に遮蔽されていなくて も、構造上、利用上の独立性を備えている場合には、専有部分として登記して分譲す ることができる。,専用使用権とは、敷地及び共用部分等の一部について、特定の区分所有者が排他的 に使用できる権利であり、専用使用権の対象となっている当該部分を専用使用部分と いう。,敷地に、特定の区分所有者に対して無償の駐車場専用使用権が規約に基づいて設け られていた場合、後に、当該駐車場部分の使用を有償化する決議をするには、必ず当 該専用使用権者の承諾を得なければならない。,4,FALSE,FALSE,,（解説は未入力です。）,,,,,
2016,平成28年度,35,single,判例・横断総合,h28;single_choice;most_inappropriate;parsed,管理者の専有部分等への立入りに関する次の記述のうち、標準管理規約の定めによれば、最も不適切なものはどれか。,,,,,,敷地及び共用部分等の管理の必要性がある場合に、管理を行う者は、管理を行うた めに必要な範囲内において、他の者が管理する専有部分又は専用使用部分への立入り を請求することができる。,敷地及び共用部分等の管理の必要性がある場合に、管理を行う者から、専有部分へ の立入りを請求された区分所有者は、正当な理由なく立入りを拒否したときは、その 結果生じた摂害を賠償しなければならない。,災害、事故等が発生した場合であって、緊急に立ち入らないと共用部分等又は他の 専有部分に対して物理的に又は機能上重大な影響を与えるおそれがあるときは、理事 長は、当該専有部分の区分所有者の承諾がなくても、自ら立ち入り、又は委任した者 に立ち入らせることができる。,立入りをした者は、緊急性に基づかない立入りの場合には、速やかに立入りをした 箇所を原状に復さなければならないが、緊急性に基づく立入りの場合には、そのよう な義務はない。 21,4,FALSE,FALSE,,（解説は未入力です。）,,,,,
2016,平成28年度,36,single,判例・横断総合,h28;single_choice;direct_question;parsed,区分所有者の団体に関する次の記述のうち、区分所有法の規定によれば、誤っているものはどれか。,,,,,,区分所有法第3条に規定される団体は、建物並びにその敷地及び附属施設を管理す るための団体であり、区分所有者の合意によって設立されるものではない。,一部の区分所有者のみの共用に供されるべきことが明らかな共用部分の管理のうち、 区分所有者全員の利害に関係するものは、区分所有者全員で構成する区分所有法第3 条に規定する団体が、その管理を行う。,区分所有法第3条に規定される団体は、区分所有者及び議決権の各4分の3以上の 多数によって管理組合法人となる旨を決議し、一般社団法人の設立に必要な定款作成 や設立登記等の一連の事務手続が終了することにより、管理組合法人となる。,建物（一部共用部分を共用すべき区分所有者で構成する管理組合法人にあっては、 その共用部分）の全部が滅失した場合には、管理組合法人は解散する。 22 +,3,FALSE,FALSE,,（解説は未入力です。）,,,,,
2016,平成28年度,37,combination,判例・横断総合,h28;combination;direct_question;parsed,管理者でない区分所有者Aが、単独で行使できる裁判上の請求に関する次の記述のうち、民法及び区分所有法によれば、請求が認められないものの組み合わせはどれか。ただし、規約又は集会の決議による請求権者や請求方法についての定めはないものとする。ア区分所有者Bが、自らが所有する住戸の共用廊下側の窓を改造して出入口を作っていたところ、管理者が黙認し、放置状態にあるので、共用部分の共有持分権に基づく保存行為として、同改造部分の原状回復を請求することイマンション管理業者がずさんな管理を続けているところ、管理者が黙認し、放置状態にあるので、管理委託契約の準共有持分権に基づく保存行為として、当該管理業者との契約の解除を請求することウ 管理者に不正な行為その他その職務を行うに適しない事情があるので、管理者の解任を請求すること工区分所有者Cが、自ら専有部分を暴力団事務所として利用し、他の方法によってはその障害を除去することが困難であるため、当該専有部分の競売を請求すること,,,,,,ア・イ,ア・ウ,イ・エ,ウ・エ 23,3,FALSE,FALSE,,（解説は未入力です。）,,,,,
2016,平成28年度,38,single,判例・横断総合,h28;single_choice;direct_question;parsed,どれか。次の記述のうち、区分所有法の規定及び判例によれば、誤っているものは,,,,,,区分所有者の承諾を得て専有部分を占有する者（以下、本間において「占有者」と いう。）は、会議の目的たる事項につき利害関係を有する場合には、集会に出席して 意見を述べることができるが、この占有者に区分所有者の同居の親族は含まれない。,会議の目的たる事項につき利害関係を有する占有者がいる場合には、集会を招集す る者は、各区分所有者へ招集の通知を発した後遅滞なく、集会の日時、場所及び会議 の目的たる事項を建物内の見やすい場所に掲示しなければならない。,専有部分の占有者が、区分所有法第6条第1項に規定する建物の保存に有害な行為 をした場合又はその行為をするおそれがある場合には、当該専有部分の区分所有者以 外の区分所有者の全員又は管理組合法人は、その行為を停止し、その行為の結果を除 去し、又はその行為を予防するため必要な措置を執ることを請求することができる。,区分所有法第60条に基づく、占有者に対する引渡し請求をする場合には、当該占有 者が占有する専有部分の貸主である区分所有者と借主である占有者の双方に、あらか じめ集会で弁明する機会を与えなければならない。 24,2,FALSE,FALSE,,（解説は未入力です。）,,,,,
2016,平成28年度,39,combination,判例・横断総合,h28;combination;direct_question;parsed,以下のア～ウの記述は、最高裁判所の判決は決定の一部に若干の修正をしたものであるが、（a）～（c）に入る用語の組み合わせとして、正しいものは、次の1～4のうちどれか。ア区分所有法第59条第1項の競売の請求は、特定の区分所有者が、（a）に反する行為をし、又はその行為をするおそれがあることを原因として認められるものである。イ区分所有法第31条第1項の「（b）を及ぼすべきとき」とは、規約の設定、変更等の必要性及び合理性とこれによって一部の区分所有者が受ける不利益とを比較衡量し、当該区分所有関係の実態に照らして、その不利益が区分所有者の受忍すべき限度を超えると認められる場合をいうものと解される。ウ 本件専有部分にある排水管は、その構造及び設置場所に照らし、専有部分に属しない（c）に当たり、かつ、区分所有者全員の共用部分に当たると解するのが相当である。,,,,,,"A=規約遵守義務, B=特別の影響, C=専用使用部分","A=区分所有者の共同の利益, B=特別の影響, C=建物の附属物","A=区分所有者の共同の利益, B=顕著な被害, C=専用使用部分","A=規約遵守義務, B=顕著な被害, C=建物の附属物",4,FALSE,FALSE,,（解説は未入力です。）,,,,,
2016,平成28年度,40,single,判例・横断総合,h28;single_choice;direct_question;parsed,複合用途型の甲マンションにおいて、Aが区分所有する居住用の専有部分をBに、Cが区分所有する事務所用の専有部分をDに、それぞれが賃貸する契約を締結する場合に関する次の記述のうち、民法、借地借家法の規定及び判例によれば、正しいものはどれか。なお、いずれの賃貸借契約も、定期建物賃貸借契約ではないものとする。,,,,,,AB間の賃貸借契約において、一定期間賃料を増額しない旨の特約は有効である。,AB間で賃貸借契約を締結し、Bが入居した後にAが当該専有部分を第三者である Eに譲渡する場合は、Bの同意を得なければ、賃貸人の地位はEに移転しない。,AB間の賃貸借契約において、解約の申入れは、Aからは解約日の6月前までに、 Bからは解約日の1月前までに行えば、相互に正当の事由の有無を問わず解約できる 旨の特約は有効である。,CD間の賃貸借契約には、借地借家法は適用されない。,2,FALSE,FALSE,,（解説は未入力です。）,,,,,
2016,平成28年度,41,single,判例・横断総合,h28;single_choice;direct_question;parsed,宅地建物取引業者（宅地建物取引業法第2条第3号に規定する者をいう。以下同じ。）である売主A（以下、本問において「A」という。）が、宅地建物取引業者でない買主B（以下、本間において「B」という。）にマンションの一住戸用（以下、本問において「甲」という。）を売却した場合におけるAの瑕疵担保責任に関する次の記述のうち、民法及び宅地建物取引業法の規定によれば、正しいものはどれか。,,,,,,甲の売買契約の特約で、Aが瑕疵担保責任を負うべき期間について、引渡しの日か ら1年間と定めたとしても、Bは瑕疵を知った日から1年間、Aに対し瑕疵担保責任 を追及することができる。,甲の売買契約締結時に、Bのみが知っていた甲の瑕疵についても、BはAに対し瑕 疵担保責任を追及することができる。,甲の隠れた瑕疵の原因について、Aに故意も過失もないときは、BはAに対し瑕疵 担保責任を追及することができない。,甲の売買契約の特約において、Aは、瑕疵を原因とする損害賠償責任を負わない代 わりに、甲の引渡しの日から5年間、瑕疵の修補を行う旨の定めは有効である。 26,3,FALSE,FALSE,,（解説は未入力です。）,,,,,
2016,平成28年度,42,combination,判例・横断総合,h28;combination;direct_question;parsed,次の文章は、消費者契約法第1条（目的）の規定であるが、文中の（ア）～（エ）に入る語句の組み合わせとして、正しいものはどれか。この法律は、消費者と事業者との間の（ア）並びに交渉力の格差にかんがみ、事業者の一定の行為により消費者が誤認し、又は困惑した場合について契約の申込み又はその承諾の意思表示を取り消すことができることとするとともに、事業者の（イ）を免除する条項その他の消費者の利益を不当に害することとなる条項の全部又は一部を無効とするほか、消費者の被害の発生又は拡大を防止するため（ウ）が事業者等に対し（エ）をすることができることとすることにより、消費者の利益の擁護を図り、もって国民生活の安定向上と国民経済の健全な発展に寄与することを目的とする。（7）（ ，）（ ウ ）（ エ ）,,,,,,情報の質及び量 損害賠償の責任適格消費者団体差止請求,取引形態の多様化及び複雑化 取引条件の説明 地方公共団体 立入調査,取引形態の多様化及び複雑化 取引条件の説明適格消費者団体損害賠償請求,情報の質及び量 損害賠償の責任地方公共団体 是正指導 27,2,FALSE,FALSE,,（解説は未入力です。）,,,,,
2016,平成28年度,43,single,判例・横断総合,h28;single_choice;direct_question;parsed,不動産登記法に関する次の記述のうち、正しいものはどれか。,,,,,,登記記録のうち、建物の表題部には、所在地、家屋番号、種類、構造、床面積及び 固定資産税評価額が記載される。,登記記録は、表題部と権利部に区分して作成され、権利部は甲区と乙区に区分され、 所有権移転の仮登記は乙文に記録される。,区分建物が属する一棟の建物が新築された場合における表題登記の申請は、新築さ れた一棟の建物に属する他の区分建物の全部について併せて申請しなければならない。,区分建物の表示に関する登記における区分建物の床面積は、各階ごとに壁その他の 区画の中心線で囲まれた部分の水平投影面積により算出する。,1,FALSE,FALSE,,（解説は未入力です。）,,,,,
2016,平成28年度,44,single,判例・横断総合,h28;single_choice;direct_question;parsed,各種の法令に関する次の記述のうち、誤っているものはどれか。,,,,,,高齢者、障害者等の移動等の円滑化の促進に関する法律において、特定建築物とは、 学校、病院、劇場その他多数の者が利用する政令で定める建築物をいい、共同住宅は これに含まれない。,自動車の保管場所の確保等に関する法律によれば、自動車の保有者が確保しなけれ ばならない当該自動車の保管場所は、自動車の使用の本拠の位置との間の距離が、2km を超えないものでなければならない。,營備業法によれば、18歳未満の者は、響備員となってはならない。,身体障害者補助犬法によれば、住宅を管理する者（国等を除く。）は、その管理す る住宅に居住する身体障害者が当該住宅において身体障害者補助犬を使用することを 拒まないよう努めなければならない。 28,3,FALSE,FALSE,,（解説は未入力です。）,,,,,
2016,平成28年度,45,single,判例・横断総合,h28;single_choice;direct_question;parsed,マンションの一住戸の売買の際に、宅地建物取引業者が、宅地建物取引業法第35条の規定に基づく重要事項の説明を行う場合において、説明しなければならない事項として定められていないものは、次のうちどれか。,,,,,,中古マンションの売買の媒介において、当該マンションの維持修繕の実施状況が記 録されている場合は、その内容,新築マンションの売買において、当該マンションの瑕疵を担保すべき責任の履行に 関し保証保険契約の締結措置を講じる場合は、その概要,新築マンションの売買においては、所有権の保存登記の申請の時期、中古マンショ ンの売買の媒介においては、所有権の移転登記の申請の時期,中古マンションの売買の媒介において、当該マンションについて、石綿の使用がな い旨の調査結果が記録されているときは、その内容 29 ||,1,FALSE,FALSE,,（解説は未入力です。）,,,,,
2016,平成28年度,46,single,判例・横断総合,h28;single_choice;direct_question;parsed,次の記述のうち、マンションの管理の適正化に関する指針（平成13年国土交通省告示第1288号）に定められていないものはどれか。,,,,,,管理組合を構成するマンションの区分所有者等は、管理組合の一員としての役割を 十分認識して、管理組合の運営に関心を持ち、積極的に参加する等、その役割を適切 に果たすよう努める必要がある。,マンションの状況によっては、外部の専門家が、管理組合の管理者等又は役員に就 任することも考えられるが、その場合には、マンションの区分所有者等が当該管理者 等又は役員の選任や業務の監視等を適正に行うとともに、監視・監督の強化のための 措置等を講じることにより適正な業務運営を担保することが重要である。,マンションの管理は、専門的な知識を必要とすることが多いため、マンション管理 業者は、問題に応じ、マンション管理業者の団体の支援を得ながら、主体性をもって 適切な対応をするよう心がけることが重要である。,マンションにおけるコミュニティ形成については、自治会及び町内会等（以下「自 治会」という。）は管理組合と異なり、各居住者が各自の判断で加入するものである ことに留意するとともに、特に管理費の使途については、マンションの管理と自治会 活動の範囲・相互関係を整理し、管理費と自治会費の徴収、支出を分けて適切に運用 することが必要である。 30,3,FALSE,FALSE,,（解説は未入力です。）,,,,,
2016,平成28年度,47,single,判例・横断総合,h28;single_choice;violation_single;parsed,マンション管理業者A（以下、本問において「A」という。）は、管理組合B（以下、本問において「B」という。）と管理委託契約を締結し、Bの管理事務を行っているが、この業務に関する次の記述のうち、マンション管理適正化法に違反するものはどれか。,,,,,,Aは、Bとの管理委託契約の有効期間中に、マンション管理業（マンション管理適 正化法第2条第7号に規定するものをいう。）を廃止し、その旨を国土交通大臣に届 け出たが、Bとの管理委託契約の期間が満了する日まで、当該管理委託に係る管理事 務を結了する目的の範囲内における業務を行った。,Aは、Bから委託を受けた管理事務について、帳簿を作成し、その事務所に備え置 いていたが、事務所に備え置いてから3年を経過したことから、当該帳簿を処分した。,Aは、その業務及び財産の状況を記載した書類をその事務所に備え置いていたが、 Bの組合員から当該書類の閲覧を求められたため、これを閲覧させた。,Bから管理事務の委託を受けたAの事務所の成年者である専任の管理業務主任者 （マンション管理適正化法第2条第9号に規定する者をいう。以下同じ。）はCのみで あったが、Bとの管理委託契約の有効期間中に、Cが急に退職したため、Cが退職し た日の10日後に、Aは、成年者である専任の管理業務主任者を新たに設置した。 31,3,FALSE,FALSE,,（解説は未入力です。）,,,,,
2016,平成28年度,48,single,判例・横断総合,h28;single_choice;most_appropriate;parsed,マンション管理業者A（以下、本問において「A」という。）が、管理受託契約を締結している管理組合B（以下、本間において「B」という。）に、マンション管理適正化法第77条の規定に基づく管理事務の報告を行う場合に関する次の記述のうち、マンション管理適正化法及び民間事業者等が行う書面の保存等における情報通信の技術の利用に関する法律によれば、最も適切なものはどれか。,,,,,,Aは、Bの事業年度終了後、遅滞なく、管理事務報告書を作成し、Bの管理者の承 諾を得た上で、当該報告書を竜磁的方法により当該管理者に交付した。,Aは、Bに管理者が置かれていないため、管理事務の報告のための説明会の開催に 代えて、管理事務報告書をAの事務所に備え置き、Bの区分所有者等の求めに応じて これを閲覧させた。,Aは、毎月、マンションの管理の適正化の推進に関する法律施行規則（以下、「マ ンション管理適正化法施行規則」という。）第87条第5項に規定するBのその月の会 計の収入及び支出の状況に関する書面を作成し、Bの管理者に交付していたことから、 Bの事業年度に係る会計の収入及び支出の状況については管理事務の報告を行わな かった。,Aの従業者である管理業務主任者Cは、管理事務の報告を行う際に、Bの管理者か ら提示を求められなかったが、携帯していた管理業務主任者証を提示した。 32,2,FALSE,FALSE,,（解説は未入力です。）,,,,,
2016,平成28年度,49,count,判例・横断総合,h28;count;count;parsed,マンション管理業者A（以下、本問において「A」という。）が、管理組合法人B（以下、本問において「B」という。）から委託を受けて、Bの修繕積立金等金銭の管理を行う場合に関する次の記述のうち、マンション管理適正化法に違反するものはいくつあるか。ア Bを名義人とする収納口座と保管口座がある場合において、Aは、当該収納口座に係るBの印鑑を管理しつつ、マンション管理適正化法施行規則第87条第2項第1号イに定める方法により修繕積立金等金銭の管理を行っているが、Bの区分所有者等から徴収される1月分の修繕積立金等金銭の合計額以上の額につき保証契約を締結していない。イBを名義人とする収納口座と保管口座がある場合において、Aは、当該収納口座に係るBの印鑑を管理しつつ、マンション管理適正化法施行規則第87条第2項第1号口に定める方法により修繕積立金等金銭の管理を行っているが、Bの承認を得て、Bの収納口座に預入された管理費用に充当する金銭のうち、その月分として徴収されたものから当該月中の管理事務に要した費用を控除した残額を、保管口座に移し換えずに、そのまま3月間当該収納口座で管理している。ウ Bを名義人とする収納・保管口座がある場合において、Aは、マンション管理適正化法施行規則第87条第2項第1号ハに定める方法により修繕積立金等金銭の管理を行っているが、Bの依頼を受けて、当該収納・保管口座の通帳を管理している。エAが、Bの修繕積立金等金銭を一時的に預貯金として管理するために、Aを名義人とする収納口座がある場合において、Aは、Bの区分所有者等から徴収される2月分の修繕積立金等金銭の合計額につき保証契約を締結し、当該収納口座に係る印鑑及び預貯金の引出用カードを管理している。一つ二つ三つ四つDKJL-W.smd Page 3416/11/15 15:57 v3.30,,,,,,一つ,二つ,三つ,四つ,4,FALSE,FALSE,,（解説は未入力です。）,,,,,
2016,平成28年度,50,single,判例・横断総合,h28;single_choice;violation_single;parsed,マンション管理業者A（以下、本問において「A」という。）が、管理組合から管理事務を受託する際に、マンション管理適正化法第72条の規定に基づく重要事項の説明を行う場合に関する次の記述のうち、マンション管理適正化法の規定に違反するものはどれか。,,,,,,Aは、人の居住の用に供する独立部分（区分所有法第1条に規定する建物の部分を いう。）の数が5戸であるマンションの管理組合Bと管理受託契約を新たに締結しよ うとするときに、重要事項の説明会を開催したが、管理業務主任者ではないAの事務 所の代表者をして重要事項について説明させた。,Aは、管理受託契約の更新について、管理者の置かれていない管理組合Cに申し出 たが、当該管理受託契約の有効期間が満了する日までに更新に関する協議がととのう 見込みがなかったため、当該管理受託契約と契約内容が同一で契約期間を3月間に短 縮した暫定契約を締結することとしたが、区分所有者の全員に対し重要事項を記載し た書面を交付したのみで、重要事項の説明会を開催しなかった。,Aは、契約期間を3月間とする暫定契約を、管理者の置かれている管理組合Dと締 結していたが、その後、当該暫定契約の有効期間が満了する日までに管理組合Dとの 協議をととのえ、あらためて当該暫定契約前の契約と、契約内容及び契約期間1年間 を同一とする管理受託契約を締結することとしたが、区分所有者及び管理者の全員に 対し重要事項を記載した書面を交付したのみで、重要事項の説明会を開催しなかった。,Aは、管理受託契約の更新について、管理組合法人Eに申し出て、従前の管理受託 契約と同一の条件で契約を更新することとなったが、区分所有者及び理事の全員に対 し重要事項を記載した書面を交付する際に、専任ではない管理業務主任者をして当該 書面に記名押印をさせた。 34,4,FALSE,FALSE,,（解説は未入力です。）,,,,,
2017,平成29年度,1,single,判例・横断総合,h29;single_choice;direct_question;parsed,A、B及びCは、マンション（マンション管理適正化法第2条第1号に規定するものをいう。以下同じ。）の一住戸を共有しており、その持分は、Aが3分の2、BとCがそれぞれ6分の1である。この場合に関する次の記述のうち、民法、区分所有法の規定及び判例によれば、誤っているものはどれか。,,,,,,Aは、BとCの同意を得なくても、当該住戸について、単独で抵当権を設定できる。,Cが当該住戸を単独で占有している場合に、AとBは、Cの持分が少ないからと いって、Cに対して明渡しを請求できるとは限らない。,Bが、自らの専有部分の共有持分を放棄したときは、その共有持分は、共用部分及 び敷地のBの共有持分とともに、AとCにそれぞれの持分に応じて帰属する。,Cは、当該住戸を不法占拠する第三者に対し、単独で、その明渡しを請求すること ができる。,1,FALSE,FALSE,,（解説は未入力です。）,,,,,
2017,平成29年度,2,single,判例・横断総合,h29;single_choice;direct_question;parsed,甲マンション（以下、本問において「甲」という。）において生じた不法行為に関する次の記述のうち、民法、区分所有法の規定及び判例によれば、正しいものはどれか。,,,,,,甲の管理組合法人の防災担当理事Aが、過失により防災訓練実施中に区分所有者B にけがをさせた場合、甲の管理組合法人とともにAもBに対して損害賠償責任を負う。,甲の管理組合法人から設備点検を受託している設備会社Cの従業員が、過失により 甲の施設を点検中に設備を損傷した場合、Cは、その従業員の選任及び監督について 過失がなかったときでも、甲に生じた害について損害賠償責任を負う。,甲の区分所有者Dが、過失により浴室から漏水させ、階下の区分所有者Eに損害を 与えた場合、EがDに対して損害賠償請求をした時からDは遅滞の責任を負う。,甲の大規模修繕工事に際し、同工事を請け負った建設会社の従業員が、過失により 建築資材を地上に落下させ、通行人が負傷した場合、甲の管理組合法人は、注文又は 指図について過失がない場合でも、当該通行人に対して損害賠償責任を負う。 1,1,FALSE,FALSE,,（解説は未入力です。）,,,,,
2017,平成29年度,3,single,判例・横断総合,h29;single_choice;direct_question;parsed,売主Aと買主Bが、マンションの一住戸甲（以下、本問において「甲」という。）の売買契約（以下、本問において「本件契約」という。）を締結した場合に関する次の記述のうち、民法の規定及び判例によれば、正しいものはどれか。,,,,,,本件契約が、AとBの通謀虚表示により締結された場合、Bが甲の所有者と称し て、甲を、その事情を知らないCに譲渡したときであっても、AはCに対し、自己の 所有権を主張することができる。,本件契約が、Bの強迫により締結された場合、Bが、甲を、その事情を知らないD に譲渡したときは、Aは、Bに対する意思表示を取り消したことをDに対抗すること ができない。,本件契約が、Bの詐欺により締結された場合、Aに、それを言じたことに重大な過 失があったときでも、Aは、売却の意思表示を取り消すことができる。,本件契約が、甲とは別の住戸を購入する意思を有していたBの錯誤により締結され た場合、Bにその錯誤による本件契約の無効を主張する意思がなくても、Aは、原則 として本件契約の無効を主張することができる。,3,FALSE,FALSE,,（解説は未入力です。）,,,,,
2017,平成29年度,4,single,判例・横断総合,h29;single_choice;direct_question;parsed,Aは、所有するマンションの一住戸甲（以下、本問において「甲」という。）をBに売却しようと考え、Cとの間で、甲の売却についてCを代理人とする委任契約を締結した。この場合に関する次の記述のうち、民法の規定及び判例によれば、誤っているものはどれか。,,,,,,AB間の売買契約の成立後に、甲についてAからBへの所有権移転登記手続を行う 場合、Cは、AとBの双方を代理することができる。,甲の売却について、Cが、Aの許諾を得てDを復代理人に選任した場合、Cは代理 権を失わず、CとDの両者がAの代理人となる。,AC間の委任契約が解除されCの代理権が消滅した後に、CがAの代理人と称して Bに対して甲を売却した場合、売買契約締結の際にCに代理権がないことをBが知っ ていたときは、Cは、Bに対し無権代理人の責任を負わない。,AC間の委任契約が解除されCの代理権が消滅した後に、CがAの代理人と称して Bに対して甲を売却した場合、売買契約締結の際にCに代理権がないことをBが知っ ていたときは、Bは、Aに対し相当期間内に当該行為を追認するかどうかの催告をす ることができない。 2,4,FALSE,FALSE,,（解説は未入力です。）,,,,,
2017,平成29年度,5,single,判例・横断総合,h29;single_choice;direct_question;parsed,"AとBが、連帯債務者としてCから5,000万円の融資を受け、甲マンションの一住戸を購入した場合に関する次の記述のうち、民法の規定によれば、誤っているものはどれか。",,,,,,"Cが、Aに対し5,000万円の弁済を請求した場合、これにより、Bも5,000万円の弁 済の請求を受けたことになる。",Bが、Cに対し、自己の300万円の反対債権をもって相殺する旨の意思表示をした ときは、これにより、300万円の範囲でAとBはともに債務を免れる。,Cに対するAとBの連帯債務につき、Dが保証人となる旨の保証契約は、CとDの 口頭による合意で成立する。,"Aが、Cに対し5,000万円を弁済したときは、Aは、Bに対し、その負担部分につ いて求償することができる。",3,FALSE,FALSE,,（解説は未入力です。）,,,,,
2017,平成29年度,6,single,判例・横断総合,h29;single_choice;direct_question;parsed,AとBが、Bを受任者とする委任契約を締結した場合に関する次の記述のうち、民法の規定及び判例によれば、正しいものはどれか。,,,,,,Bは、Aの承諾がなければ、受任者たる地位を第三者に譲渡することができない。,Bが後見開始又は保佐開始の審判を受けた場合、AB間の委任契約は終了する。,Bが、委任事務の処理に際して、自己の過失によらず損害を受けた場合であっても、 Aの指図について過失がなければ、Bは、Aに対し損害賠償の請求をすることができ ない。,Bが無償で受任した場合は、Bが委任事務の処理に際して善管注意義務に違反した ときであっても、Bは、Aに対し債務不履行責任を負わない。 3,1,FALSE,FALSE,,（解説は未入力です。）,,,,,
2017,平成29年度,7,single,判例・横断総合,h29;single_choice;most_inappropriate;parsed,次の記述のうち、標準管理委託契約書の定めによれば、最も不適切なものはどれか。,,,,,,マンション管理業者（マンション管理適正化法第2条第8号に規定する者をいう。 以下同じ。）は、管理事務（マンション管理適正化法第2条第6号に規定するものを いう。以下同じ。）を行うため必要があるときは、管理組合の組合員及びその所有す る専有部分の占有者（以下「組合員等」という。）に対して、その専有部分又は専用 使用部分への立入りを請求することができる。,マンション管理業者は、地震等の災害により、管理組合のために、緊急に行う必要 がある業務で、管理組合の承認を受ける時間的な余裕がないものについては、管理組 合の承認を受けないで実施することができるが、この場合において、マンション管理 業者は、速やかに、書面をもって、その業務の内容及び実施に要した費用の額を管理 組合に通知しなければならない。,マンション管理業者は、火災等の事故（マンション管理業者の責めによらない場合 に限る。）により管理組合又は管理組合の組合員等が受けた損害について、その損害 額が一定額を超えるときは、その一定額を超える損害部分については、賠償する責任 を負わない。,マンション管理業者は、管理事務を行うため必要なときは、管理組合の組合員等に 対し、管理組合に代わって、建物の保存に有害な行為の中止を求めることができるが、 マンション管理業者が中止を求めても、なお管理組合の組合員等がその行為を中止し ないときは、マンション管理業者はその責めを免れる。 4,3,FALSE,FALSE,,（解説は未入力です。）,,,,,
2017,平成29年度,8,single,判例・横断総合,h29;single_choice;most_appropriate;parsed,次の記述のうち、標準管理委託契約書の定めによれば、最も適切なものはどれか。,,,,,,マンション管理業者は、管理組合の管理規約の原本、総会議事録、総会議案書等を、 マンション管理業者の事務所で保管する。,マンション管理業者は、当該業者の従業員が、その業務の遂行に関し、管理組合又 は管理組合の組合員等に損害を及ほしたときは、管理組合又は管理組合の組合員等に 対し、使用者としての責任を負う。,マンション管理業者は、管理対象部分に係る各種の点検、検査等を実施した場合、 その結果を管理組合に口頭で報告すると共に、改善等の必要がある事項については、 書面をもって、具体的な方策を管理組合に助言する。,管理組合は、マンション管理業者がマンション管理業（マンション管理適正化法第 2条第7号に規定するものをいう。）の登録の取消しの処分を受けたとしても、管理 委託契約を解除することはできない。,2,FALSE,FALSE,,（解説は未入力です。）,,,,,
2017,平成29年度,9,single,判例・横断総合,h29;single_choice;most_inappropriate;parsed,宅地建物取引業者（宅地建物取引業法第2条第3号に規定する者をいう。以下同じ。）が、管理組合の組合員から、当該組合員が所有する専有部分の売却の依頼を受け、その媒介等の業務のために、宅地建物取引業法施行規則第16条の2に定める事項等について、マンション管理業者に確認を求めてきた場合等の当該管理組合に代わって行うマンション管理業者の対応に関する次の記述のうち、標準管理委託契約書の定めによれば、最も不適切なものはどれか。,,,,,,管理組合の組合員が、当該組合員が所有する専有部分の売却等を目的とする情報収 集のために、理由を付した書面により管理組合の収支及び予算の状況の開示を求めて きたときは、マンション管理業者はそのことについて開示するものとする。,宅地建物取引業者が、理由を付した書面により管理規約の提供を求めてきたときは、 マンション管理業者は管理規約の写しを提供するものとする。,マンション管理業者は、管理規約の提供等に要する費用を、管理規約の提供等を行 う相手方である宅地建物取引業者から受領することができる。,宅地建物取引業者が、理由を付した書面により管理費等の変更予定等について開示 を求めてきたときは、変更予定の有無のいずれかを記載するが、変更について検討中 の場合は、「変更予定有」と記載する。,4,FALSE,FALSE,,（解説は未入力です。）,,,,,
2017,平成29年度,10,single,判例・横断総合,h29;single_choice;direct_question;parsed,管理組合Aが、区分所有者Bに対してマンションの滞納管理費を請求するために、民事訴訟法に定められている「少額訴訟」を利用する場合に関する次の記述のうち、誤っているものはどれか。,,,,,,AとBは、口頭弁論が続行された場合を除き、第1回口頭弁論期日前又はその期日 において、すべての主張と証拠を提出しなければならない。,Bは、所定の時期までは、少額訴訟を通常の訴訟手続に移行させる旨の申述をする ことができる。,Aが、同一の年に同一の簡易裁判所において、少額訴訟による審理及び裁判を求め ることができる回数には制限がある。,A又はBが、少額訴訟の終局判決に対する不服申立てをするには、地方裁判所に控 訴をしなければならない。,4,FALSE,FALSE,,（解説は未入力です。）,,,,,
2017,平成29年度,11,single,判例・横断総合,h29;single_choice;direct_question;parsed,マンションの管理組合が区分所有者に対して有する管理費支払請求権の消滅時効の中断に関する次の記述のうち、民法の規定によれば、誤っているものはどれか。,,,,,,支払促は、所定の期間内に仮執行の宜言の申立てをしないことによりその効力を 失うときは、時効の中断の効力を生じない。,民事調停が調わないときは、6箇月以内に訴えを提起しなければ、時効の中断の効 力を生じない。,管理費を滞納している区分所有者が、滞納の事実を認める承認書を管理組合の管理 者あてに提出したときは、管理費支払請求権の時効が中断する。,管理組合の管理者が死亡し、後任の理者が決まらなかったとしても、管理費支払 請求権の時効は中断しない。 6 +,2,FALSE,FALSE,,（解説は未入力です。）,,,,,
2017,平成29年度,12,single,判例・横断総合,h29;single_choice;most_inappropriate;parsed,標準管理規約によれば、管理費等に関する次の記述のうち、最も不適切なものはどれか。,,,,,,管理費等の負担割合を定めるに当たっては、共用部分等の使用頻度等は勘案しない。,管理組合は、目的を問わず、必要な範囲内において借入れをすることができる。,収支決算の結果、管理費に余剰を生じた場合には、その余剰は翌年度における管理 費に充当する。,管理費等の額については、各区分所有者の共用部分の共有持分に応じて算出する。,2,FALSE,FALSE,,（解説は未入力です。）,,,,,
2017,平成29年度,13,count,判例・横断総合,h29;count;count;parsed,管理組合の監事に関する次の記述のうち、標準管理規約の定めによれば、適切なものはいくつあるか。ア監事は、理事会に出席し、必要があると認めるときは、意見を述べなければならない。イ監事は、理事が不正の行為をするおそれがあると認めるときは、理事長に対し、臨時総会の招集を求めなければならない。ウ監事は、いつでも、理事に対して業務の報告を求め、又は業務及び財産の状況の調査をすることができる。エ監事は、管理組合の業務の執行及び財産の状況を監査し、その結果を総会に報告しなければならない。,,,,,,一つ,二つ,三つ,四つ 7,3,FALSE,FALSE,,（解説は未入力です。）,,,,,
2017,平成29年度,14,single,判例・横断総合,h29;single_choice;most_appropriate;parsed,"管理組合の活動における以下の取引に関して、平成29年3月分の仕訳として最も適切なものは次のうちどれか。ただし、この管理組合の会計年度は、毎年4月1日から翌年3月31日までとし、期中の取引においても、企業会計原則に基づき厳格な発生主義によって経理しているものとする。（取引）平成29年3月31日に、次の内容の諸費用690,000円を普通預金から振込みにより支払った。（諸費用支払明細）① 損害保険料（掛捨保険、平成29年4月1日～平成30年3月31日までの1年分の保険料）② 漏水補修工事費用（平成29年4月実施予定工事の着手金）③ 雑排水管清掃費用（平成29年2月実施完了、2月請求、3月支払分）④水道光熱費（平成29年3月分）合計240,000円200,000円100,000円150,000円690,000円DKJL-W.smd Page 1017/11/17 14:34 V3.40",,,,,,（借方） 前払保険料 前払金 未払金 水道光熱費,（借 方） 支払保険料 修繕費 未払金 水道光熱費,（借 方） 支払保険料 前払金 未払金 水道光熱費,"（借方） 前払保険料 前払金 排水管洗浄費 水道光熱費 240,000 200,000 100,000 150,000 240,000 200,000 100,000 150,000 240,000 200,000 100,000 150,000 240,000 200,000 100,000 150,000 （貸方） 普通預金 （単位：円） 690,000 （貸方） 普通預金 690,000 （貸方） 普通預金 690,000 （貸方） 普通預金 690,000 9 T7/1/71434 340.",1,FALSE,FALSE,,（解説は未入力です。）,,,,,
2017,平成29年度,15,single,判例・横断総合,h29;single_choice;most_appropriate;parsed,"管理組合の活動における以下の取引に関して、平成29年3月分の仕訳として最も適切なものは次のうちどれか。ただし、この管理組合の会計年度は、毎年4月1日から翌年3月31日までとし、期中の取引においても、企業会計原則に基づき厳格な発生主義によって経理しているものとする。（取引）平成29年3月に、敷地内駐車場の利用者から、管理組合の普通預金に950,000円の入金があった。その内訳は、以下のとおりである。なお、3月分駐車場使用料のうち80,000円については、3月末現在、入金されていない。（平成29年3月入金の内訳）2月分駐車場使用料3月分駐車場使用料4月分駐車場使用料新規契約分敷金合計100,000円240,000円560,000円50,000円950,000円",,,,,,1 （借方） 普通預金,（借方） 普通預金 未収入金,（借方） 普通預金 未収入金,"（借方） 普通預金 コ 1 950,000 950,000 80,000 950,000 80,000 950,000 （貸方） 未収入金 駐車場使用料収入 前受金 預り金 （貸方） 未収入金 駐車場使用料収入 前受金 （貸方） 未収入金 駐車場使用料収入 前受金 預り金 （貸方） 未収入金 駐車場使用料収入 前受金 （単位：円） 100,000 240,000 560,000 50,000 100,000 370,000 560,000 100,000 320,000 560,000 50,000 100,000 290,000 560,000 11",3,FALSE,FALSE,,（解説は未入力です。）,,,,,
2017,平成29年度,16,single,判例・横断総合,h29;single_choice;most_appropriate;parsed,管理組合の活動に係る税務の取扱いに関する次の記述のうち、最も適切なものはどれか。,,,,,,消費税法上、消費税の納税義務者は事業者とされ、法人格を有しない管理組合及び 管理組合法人は納税義務者とはならない。,消費税法上、管理組合が、組合員との駐車場使用契約に基づき収受した使用料は、 課税取引として課税対象となる。,消費税法上、管理組合の支出のうち、火災保険料等の損害保険料は、課税取引とし て課税対象となる。,法人税法上、管理組合法人が、その共用部分を携帯電話基地局設置のために通信事 業者に賃貸することは、収益事業に該当する。,4,FALSE,FALSE,,（解説は未入力です。）,,,,,
2017,平成29年度,17,single,判例・横断総合,h29;single_choice;direct_question;parsed,建築物の階数等に関する次の記述のうち、建築基準法によれば、誤っているものはどれか。,,,,,,建築物の敷地が斜面又は段地である場合で、建築物の部分によって階数を異にする 場合においては、これらの階数のうち最大のものが、その建築物の階数となる。,昇降機塔、装飾、物見その他これらに類する建築物の屋上部分の水平投影面積 の合計が、当該建築物の建築面積の8分の1以下のものは階数に算入しない。,地階の倉庫、機械室その他これらに類する部分の水平投影面積の合計が、当該建築 物の建築面積の8分の1以下のものは階数に算入しない。,地階とは、床が地盤面下にある階で、床面から地盤面までの高さがその階の天井の 高さの2分の1以上のものをいう。 12,1,FALSE,FALSE,,（解説は未入力です。）,,,,,
2017,平成29年度,18,single,判例・横断総合,h29;single_choice;direct_question;parsed,住宅における居住のための居室に関する次の記述のうち、建築基準法によれば、誤っているものはどれか。,,,,,,居室の天井の高さは、一室で天井の高さの異なる部分がない場合においては、2.4m 以上でなければならない。,居室を2階に設ける場合には、採光のための窓その他の開口部を設け、その採光に 有効な部分の面積は、当該居室の床面積に対して、7分の1以上としなければならな い。,政令で定める技術的基準に従った換気設備を設けない限り、居室には、換気のため の窓その他の開口部を設け、その換気に有効な部分の面積は、当該居室の床面積に対 して、20分の1以上としなければならない。,国土交通大臣が定めるところにより、からほらその他の空地に面する開口部を設け て直接土に接する外壁、床及び屋根又はこれらの部分に水の浸透を防止するための防 水層が設けられていれば、居室を地階に設けることができる。,1,FALSE,FALSE,,（解説は未入力です。）,,,,,
2017,平成29年度,19,single,判例・横断総合,h29;single_choice;most_inappropriate;parsed,鉄骨鉄筋コンクリート造に関する次の記述のうち、最も不適切なものはどれか。,,,,,,鉄骨鉄筋コンクリート造は、力学的には、鉄骨造と鉄筋コンクリート造それぞれの 長所を生かした構造である。,鉄骨鉄筋コンクリート造は、高層建物に適しており、柱間のスパンを大きく取るこ とが可能となる。,建築基準法によれば、国土交通大臣が定めた構造方法を用いる部材及び国土交通大 臣の認定を受けた部材を用いる場合を除き、鉄骨のかぶり厚さは、鉄筋のかぶり厚さ と同様に3cm以上としなければならない。,建築基準法によれば、構造部分については、柱の防火被覆など一部の規定を除き、 鉄骨造の規定が準用される。 13,3,FALSE,FALSE,,（解説は未入力です。）,,,,,
2017,平成29年度,20,single,判例・横断総合,h29;single_choice;most_appropriate;parsed,地震に関する次の記述のうち、最も適切なものはどれか。,,,,,,地震の規模を表すマグニチュードは、その値が1増えるごとにエネルギーが約10倍 になる。,日本では、地震による揺れの強さを表す震度を7階級としている。,日本では、現在でも、震度の判定は体感及び目視によっている。,地震波にはP波とS波があり、P波の方がS波より速く伝わる性質がある。,4,FALSE,FALSE,,（解説は未入力です。）,,,,,
2017,平成29年度,21,single,判例・横断総合,h29;single_choice;most_inappropriate;parsed,音に関する次の記述のうち、最も不適切なものはどれか。,,,,,,"人間が聴き取ることのできる周波数帯は、約20ヘルツから20,000ヘルツである。",加齢性難聴は、低い周波数から始まり、次第に高い周波数でもみられるようになる。,人間が聴き取ることのできる最小の音圧は、周波数によってかなり変化する。,固体伝搬音とは、建物の躯体構造を伝わる振動によって居室内の壁面や天井面等か ら発生する音のことである。 14 コ 1,1,FALSE,FALSE,,（解説は未入力です。）,,,,,
2017,平成29年度,22,single,判例・横断総合,h29;single_choice;most_appropriate;parsed,雨水排水設備に関する次の記述のうち、最も適切なものはどれか。,,,,,,1mの雨が1mの面積に降ったときの量は、10リットルである。,敷地雨水管の流速は、毎秒2m以上になるように設計する。,敷地雨水管の起点や合流箇所、方向を変える箇所などに設置する雨水ますに設ける 泥だまりは、100mm以上とする。,敷地に降る雨の排水設備を設計する場合には、その排水設備が排水すべき敷地面積 に、当該敷地に接する建物外壁面積の50%を加えて計算する。,1,FALSE,FALSE,,（解説は未入力です。）,,,,,
2017,平成29年度,23,single,判例・横断総合,h29;single_choice;most_inappropriate;parsed,浄化槽に関する次の記述のうち、最も不適切なものはどれか。,,,,,,建築基準法によれば、尿浄化槽の漏水検査は、満水して12時間以上漏水しないこ とを確かめなければならない。,建築基準法によれば、地下浸透方式を除く合併処理浄化槽の汚物処理性能に関して、 放流水に含まれる大腸菌群数の個数についての技術的基準がある。,「建築物の用途別による床尿浄化槽の処理対象人員算定基準（JIS A 3302）」によ れば、「共同住宅」と「住宅」の算定基準は異なる。,浄化槽の主たる処理方法は、生物膜法と活性汚泥法に大別される。 15,1,FALSE,FALSE,,（解説は未入力です。）,,,,,
2017,平成29年度,24,single,判例・横断総合,h29;single_choice;most_inappropriate;parsed,照明用LEDランプに関する次の記述のうち、最も不適切なものはどれか。,,,,,,LEDランプから放射される全光は、ルーメン単位で表される。,白光のLEDランプは、一部の発光方式を除き、紫外線をほとんど放出しないた め、照らされた物の退を軽減できる。,LEDランプには、微量ながら水銀が含まれているので、破損に注意して処分しな ければならない。,直管形のLEDランプを従来の蛍光灯照明器具に設置すると、発熱・発煙などの事 故が起きる場合がある。,4,FALSE,FALSE,,（解説は未入力です。）,,,,,
2017,平成29年度,25,single,判例・横断総合,h29;single_choice;direct_question;parsed,長期優良住宅の普及の促進に関する法律によれば、次の記述のうち、誤っているものはどれか。,,,,,,同法の目的には、長期にわたり良好な状態で使用するための措置がその構造及び設 備について講じられた優良な住宅の普及を促進することが含まれる。,同法における「建築」とは、住宅を新築することをいい、増築し、又は改築するこ とを含まない。,長期優良住宅建築等計画の認定の申請に係る共同住宅の1戸の床面積の合計（共用 部分の床面積を除く。）には、一定の基準がある。,所管行政庁から長期優良住宅建築等計画の認定を受けた者は、国土交通省令で定め るところにより、認定長期優良住宅の建築及び維持保全の状況に関する記録を作成し、 これを保存しなければならない。 16,4,FALSE,FALSE,,（解説は未入力です。）,,,,,
2017,平成29年度,26,single,判例・横断総合,h29;single_choice;most_inappropriate;parsed,マンションの維持保全とマンション管理業者に関する次の記述のうち、最も不適切なものはどれか。,,,,,,建築基準法によれば、マンション管理業者は、マンションの維持保全に関し、同法 に規定されている義務を負い、当該マンションの所有者と管理組合にはその義務がな い。,標準管理委託契約書によれば、マンション管理業者は、管理組合の長期修繕計画に 改善の必要があると判断した場合には、書面をもって当該管理組合に助言する。,標準管理委託契約書によれば、マンション管理業者は、管理組合がマンションの維 持又は修繕（大規模修繕を除く修繕又は保守点検等。）を当該マンション管理業者以 外の業者に行わせる場合、当該工事に関する見積書の受理、発注補助、実施の確認を 行う。,標準管理委託契約書によれば、マンション管理業者が、長期修繕計画案の作成業務 を行う場合は、本契約とは別個の契約とする。,1,FALSE,FALSE,,（解説は未入力です。）,,,,,
2017,平成29年度,27,single,判例・横断総合,h29;single_choice;direct_question;parsed,建築基準法第12条に規定する建築設備等の報告、検査等に関する次の記述のうち、誤っているものはどれか。,,,,,,排煙設備の排煙風量測定の定期報告の時期は、5年の間隔をおいて特定行政庁が定 める時期（建築基準法施行規則で別途定めるものを除く。）とする。,防火設備の定期報告の時期は、種類、用途、構造等に応じて、おおむね6月から1 年まで（ただし、国土交通大臣が定める検査の項目については、1年から3年まで） の間隔をおいて特定行政庁が定める時期（建築基準法施行規則で別途定めるものを除 く。）とする。,非常用の照明装置に白熱灯を用いる場合には、避難上必要となる最も暗い部分の水 平床面においての照度が1ルクス以上であることを確認する。,昇降機を含む特定建築設備等について、一級建築士若しくは二級建築士又は建築設 備等検査員資格者証の交付を受けている者は、建築基準法施行規則で定める定期検査 を行うことができる。 17,1,FALSE,FALSE,,（解説は未入力です。）,,,,,
2017,平成29年度,28,count,判例・横断総合,h29;count;count;parsed,標準管理委託契約書の定めによれば、管理対象部分に関する次の記述のうち、不適切なものはいくつあるか。アエレベーターホールは、「専有部分に属さない建物の部分」に含まれる。イテレビ共同受言設備は、「専有部分に属さない建物の附属物」に含まれる。ウ 専用庭は、「規約共用部分」に含まれる。工管理事務室は、「附属施設」に含まれる。,,,,,,一つ,ニっ,三っ,四つ,2,FALSE,FALSE,,（解説は未入力です。）,,,,,
2017,平成29年度,29,single,判例・横断総合,h29;single_choice;most_inappropriate;parsed,区分所有者の承諾を得て専有部分を占有する者（以下、本問において「占有者」という。）の集会（総会）への出席に関する次の記述のうち、最も不適切なものはどれか。,,,,,,区分所有法によれば、占有者は、会議の目的たる事項につき利害関係を有する場合 には、集会に出席して意見を述べることができる。,区分所有法によれば、集会における意見陳述権を有する占有者がいる場合には、集 会を招集する者は、集会の日時、場所及び会議の目的たる事項を示して、招集の通知 を区分所有者及び当該占有者に発しなければならない。,標準管理規約によれば、総会における意見陳述権を有する占有者が総会に出席して 意見を述べようとする場合には、当該占有者は、あらかじめ理事長にその旨を通知し なければならない。,標準管理規約によれば、理事会が必要と認めた場合には、占有者は総会に出席する ことができる。 18,2,FALSE,FALSE,,（解説は未入力です。）,,,,,
2017,平成29年度,30,single,判例・横断総合,h29;single_choice;direct_question;parsed,管理組合法人に関する次の記述のうち、区分所有法の規定によれば、誤っているものはどれか。,,,,,,管理組合法人は、その事務に関し、区分所有者を代理する。,理事は、規約又は集会の決議によって禁止されていないときに限り、特定の行為の 代理を他人に委任することができる。,理事は、管理組合法人の事務のうち、保存行為について、決することができる。,理事は、管理組合法人の事務に関し、区分所有者のために、原告又は被告になるこ とができる。,4,FALSE,FALSE,,（解説は未入力です。）,,,,,
2017,平成29年度,31,single,判例・横断総合,h29;single_choice;most_inappropriate;parsed,ともに専有部分のある建物であるA棟及びB棟の2棟からなる団地に関する次の記述のうち、マンション標準管理規約（団地型）及びマンション標準管理規約（団地型） コメント（平成28年3月31日国土動指第91号・国住マ第77号。国土交通省土地・建設産業局長・同住宅局長通知。）の定めによれば、最も不適切なものはどれか。,,,,,,A棟の外壁タイル前離の全面補修工事の実施及びそれに充てるためのA様の各棟修 繕積立金の取崩しには、A棟の棟総会の決議が必要である。,B棟の建替えに係る合意形成に必要となる事項の調査の実施及びその経費に充当す るためのB棟の各棟修繕積立金の取崩しには、B棟の棟総会の決議が必要である。,A棟の区分所有者Cに対し、区分所有法第59条の競売請求の訴えを提起するには、 A棟の棟総会の決議が必要である。,B棟の建物の一部が滅失した場合、その共用部分を復旧するには、B棟の棟総会の 決議が必要である。 19 1,1,FALSE,FALSE,,（解説は未入力です。）,,,,,
2017,平成29年度,32,single,判例・横断総合,h29;single_choice;direct_question;parsed,次の記述のうち、標準管理規約の定めによれば、理事長がその職務を行うにつき、理事会の承認又は決議を必要としないものはどれか。,,,,,,管理組合の業務の遂行に際し、職員を採用し、又は解雇すること,他の理事に、その職務の一部を委任すること,組合員の総会招集請求権に基づき、適正な手続を経て臨時総会の招集を請求された 場合に、その招集通知を発すること,組合員から、その専有部分について、共用部分又は他の専有部分に影響を与えるお それのある修繕等の工事を行う旨の申請があった場合、当該申請に対し承認すること,3,FALSE,FALSE,,（解説は未入力です。）,,,,,
2017,平成29年度,33,single,判例・横断総合,h29;single_choice;most_inappropriate;parsed,管理組合の役員の職務に関する次の記述のうち、標準管理規約によれば、最も不適切なものはどれか。,,,,,,会計担当理事は、管理費等の収納、保管、運用、支出等の会計業務を行う。,理事長は、管理組合が締結した共用部分等に関する損害保険契約に基づく保険金額 の請求及び受領について、区分所有者を代理する。,理事長は、その責任と権限の範囲内において、専門委員会を設置し、特定の課題を 調査又は検討させ、その結果を具申させることができる。,大規模な災害や突発的な被災では、理事会の開催も困難な場合があることから、そ のような場合には、保存行為に限らず、応急的な修繕行為の実施まで理事長単独で判 断し実施することができる旨を、規約において定めることもできる。 20,3,FALSE,FALSE,,（解説は未入力です。）,,,,,
2017,平成29年度,34,single,判例・横断総合,h29;single_choice;direct_question;parsed,区分所有法の規定によれば、規約による建物の敷地に関する次の記述のうち、誤っているものはどれか。,,,,,,区分所有者が建物及び建物が所在する土地と一体として管理又は使用をする庭、通 路その他の土地は、規約により建物の敷地とすることができる。,建物が所在する土地が建物の一部の滅失により建物が所在する土地以外の土地と なったときは、その土地は、規約で建物の敷地と定められたものとみなされる。,建物が所在する土地の一部が分割により建物が所在する土地以外の土地となったと きは、その土地は、規約で建物の敷地と定められたものとみなされる。,建物が所在する土地に隣接する土地を、当該建物の区分所有者全員が取得したとき は、その土地は、規約で建物の敷地と定められたものとみなされる。,4,FALSE,FALSE,,（解説は未入力です。）,,,,,
2017,平成29年度,35,single,判例・横断総合,h29;single_choice;direct_question;parsed,区分所有法第7条に規定される先取特権に関する次の記述のうち、民法及び区分所有法の規定によれば、誤っているものはどれか。,,,,,,区分所有者は、共用部分、建物の敷地又は共用部分以外の建物の附属施設につき他 の区分所有者に対して有する債権について、債務者の区分所有権（共用部分に関する 権利及び敷地利用権を含む。）及び建物に備え付けた動産の上に先取特権を有する。,区分所有者は、規約又は集会の決議に基づき他の区分所有者に対して有する債権に ついて、債務者の区分所有権（共用部分に関する権利及び敷地利用権を含む。）及び 建物に備え付けた動産の上に先取特権を有する。,管理者又は管理組合法人は、その職務又は業務を行うにつき区分所有者に対して有 する債権について、債務者の区分所有権（共用部分に関する権利及び敷地利用権を含 む。）及び建物に備え付けた動産の上に先取特権を有する。,区分所有法第7条に規定される先取特権は、優先権の順位、効力及び目的物につい ては、民法に規定される共益費用の先取特権とみなされる。 21,4,FALSE,FALSE,,（解説は未入力です。）,,,,,
2017,平成29年度,36,single,判例・横断総合,h29;single_choice;direct_question;parsed,専有部分と敷地利用権との分離処分等に関する次の記述のうち、民法及び区分所有法の規定によれば、誤っているものはどれか。,,,,,,敷地利用権が数人で有する所有権その他の権利である場合には、区分所有者は、規 約に別段の定めがない限り、その有する専有部分とその専有部分に係る敷地利用権と を分離して処分することができない。,敷地利用権が数人で有する所有権その他の権利である場合、規約の定めに違反した 専有部分又は敷地利用権の分離処分については、当該処分の前に、不動産登記法の定 めるところにより分離して処分することができない専有部分及び敷地利用権であるこ とを登記していたときは、当該規約の定めを知らなかった相手方に対して、その処分 の無効を主張することができる。,敷地利用権が借地権であるマンションにおいて、区分所有者の一人が借地料を滞納 し、当該区分所有者と土地所有者との借地契約が解除された場合には、その区分所有 者の敷地利用権は消滅する。,敷地利用権を有しない専有部分の所有者があるときは、その者は、敷地の所有者に 対して、それぞれの敷地利用権の持分の割合に応じて、敷地利用権を時価で売り渡す べきことを請求することができる。 22 1,1,FALSE,FALSE,,（解説は未入力です。）,,,,,
2017,平成29年度,37,single,判例・横断総合,h29;single_choice;direct_question;parsed,集会の招集及び決議に関する次の記述のうち、区分所有法の規定によれば、誤っているものはどれか。ただし、規約に別段の定めはないものとする。,,,,,,管理者を解任するには、集会において区分所有者及び議決権の各4分の3以上の多 数による決議が必要である。,共用部分の変更で、その形状又は効用の著しい変更を伴わないものについては、集 会において区分所有者及び議決権の各過半数による決議が必要である。,集会の招集手続を省略して集会を開くには、区分所有者全員の同意が必要である。,規約を変更するには、集会において区分所有者及び議決権の各4分の3以上の多数 による決議が必要であり、この場合において、当該変更が一部の区分所有者の権利に 特別の影響を及はすべきときは、その承諾が必要である。,1,FALSE,FALSE,,（解説は未入力です。）,,,,,
2017,平成29年度,38,single,判例・横断総合,h29;single_choice;direct_question;parsed,管理組合法人に関する次の記述のうち、区分所有法の規定によれば、誤っているものはどれか。,,,,,,管理組合法人の住所は、その主たる事務所の所在地にあるものとする。,管理組合法人の財産をもってその債務を完済することができないときは、区分所有 者は、規約に別段の定めがない限り共用部分の持分の割合に応じて、その債務の弁済 の責任を負う。,法人格を有していない管理組合が管理組合法人になった場合、管理者の職務のうち、 不利得による返還金の請求及び受領については、当該管理組合法人の代表理事が承 継することになる。,管理組合法人の代理権に加えた制限は、善意の第三者に対抗することができない。 23,3,FALSE,FALSE,,（解説は未入力です。）,,,,,
2017,平成29年度,39,combination,判例・横断総合,h29;combination;direct_question;parsed,次の文章は、団地内の区分所有建物の建替えに関する事件についての最高裁判所の判決の一部である。その文中の（ア）～（エ）に入るべき語句の組み合わせとして正しいものはどれか。なお、文中の「同法」は、「建物の区分所有等に関する法律」をいう。「同法70条1項は、団地内の各建物の区分所有者及び議決権の各（ア）以上の賛成があれば、団地内区分所有者及び議決権の各（イ）以上の多数の賛成で団地内全建物一括建替えの決議ができるものとしているが、団地内全建物一括建替えは、団地全体として計画的に良好かつ安全な住環境を確保し、その敷地全体の効率的かつ一体的な利用を図ろうとするものであるところ、・・・（略）・・・、団地全体では同法62条1項の議決要件と同一の議決要件を定め、各建物単位では区分所有者の数及び議決権数の過半数を相当超える議決要件を定めているのであり、同法70条1項の定めは、なお合理性を失うものではないというべきである。また、団地内全建物一括建替えの場合、1棟建替えの場合と同じく、・・・（略）・・・、建替えに参加しない区分所有者は、（ウ）ことにより、区分所有権及び敷地利用権を（エ）こととされているのであり（同法70条4項、63条4項）、その経済的損失については相応の手当がされているというべきである。」（ ア ）3分の2（イ）4分の3（ ウ）買取請求権を行使する3分の24分の34分の35分の45分の44分の3売渡請求権の行使を受ける買取請求権を行使する売渡請求権の行使を受ける（ エ ）敷地利用権のみの価格で買い取らせる時価で売り渡す時価で買い取らせる敷地利用権のみの価格で売り渡すDKJL-W.smd Page 2617/11/17 14:34 V3.40,,,,,,"A=3分の2, B=4分の3, C=買取請求権を行使する, D=敷地利用権のみの価格で買い取らせる","A=3分の2, B=5分の4, C=売渡請求権の行使を受ける, D=時価で売り渡す","A=4分の3, B=5分の4, C=買取請求権を行使する, D=時価で買い取らせる","A=4分の3, B=4分の3, C=売渡請求権の行使を受ける, D=敷地利用権のみの価格で売り渡す",2,FALSE,FALSE,,（解説は未入力です。）,,,,,
2017,平成29年度,40,single,判例・横断総合,h29;single_choice;direct_question;parsed,住宅の品質確保の促進等に関する法律に関する次の記述のうち、正しいものはどれか。,,,,,,「新築住宅」とは、新たに建設された住宅で、建設工事の完了の日から起算して1 年を経過していないものをいい、既に人の居住の用に供したことがあるか否かを問わ ない。,新築住宅の売買契約においては、売主が構造耐力上主要な部分及び雨水の浸入を防 止する部分について瑕疵担保責任を負うべき期間を、買主に引き渡した時から5年間 に短縮することができる。,既存の共同住宅に係る建設住宅性能評価を受ける場合、共用部分と専有部分の両方 の評価が必要である。,指定住宅紛争処理機関が行う、建設住宅性能評価書が交付された住宅の建設工事の 請負契約又は売買契約に関する紛争処理の対象は、新築住宅のみである。,3,FALSE,FALSE,,（解説は未入力です。）,,,,,
2017,平成29年度,41,single,判例・横断総合,h29;single_choice;direct_question;parsed,買主Aと売主Bが、マンションの一住戸の売買契約を締結した場合におけるBの瑕疵担保責任に関する次の記述のうち、民法の規定によれば、誤っているものはどれか。なお、AとBは、ともに宅地建物取引業者ではない個人とする。,,,,,,別段の特約がない限り、AのBに対する瑕疵担保責任に基づく請求は、Aが瑕疵の 事実を知った時から1年以内にしなければならない。,「AはBに対して、瑕疵の修補請求はできるが、損害賠償請求はできない」旨の特 約をすることはできない。,「BはAに対して、いかなる瑕疵についてもその責任を負わない」旨の特約があっ ても、Bが、売買契約締結時に瑕疵があることを知りながらAに告げなかった事実に ついては、Bはその責任を免れることができない。,Aが、売買契約締結時に目的物の瑕疵を知っていた場合には、Bは瑕疵担保責任を 負わない。 25,2,FALSE,FALSE,,（解説は未入力です。）,,,,,
2017,平成29年度,42,single,判例・横断総合,h29;single_choice;direct_question;parsed,マンションの建替え等の円滑化に関する法律の規定によれば、マンション敷地売却に関する次の記述のうち、誤っているものはどれか。なお、本問において、「マンション」とは、同法第2条第1項第1号に規定するものとする。,,,,,,建築物の耐震改修の促進に関する法律に規定する耐震診断が行われた結果、耐震性 が不足していると認められたマンションの管理者等は、特定行政庁に対し、当該マン ションを除却する必要がある旨の認定を申請することができる。,除却する必要がある旨の認定を受けたマンションについては、区分所有者集会にお いて、区分所有者、議決権及び敷地利用権の持分の価格の各5分の4以上の多数で、 当該マンション及びその敷地（敷地利用権が借地権であるときは、その借地権）を売 却する旨の決議をすることができる。,マンション敷地売却組合は、その名称中に「マンション敷地売却組合」という文字 を用いた法人でなければならない。,マンション敷地売却組合を設立するためには、マンション敷地売却合意者が5人以 上共同して、定款及び資金計画を定め、都道府県知事等の認可を求めるとともに、マ ンション敷地売却組合の設立について、マンション敷地売却合意者の敷地利用権の持 分の価格の5分の4以上の同意を得なければならない。 26 1,1,FALSE,FALSE,,（解説は未入力です。）,,,,,
2017,平成29年度,43,combination,判例・横断総合,h29;combination;direct_question;parsed,次の記述のうち、「地震保険に関する法律」によれば、正しいものの組み合わせはどれか。ア地震保険は、地震若しくは噴火又はこれらによる津波を直接又は間接の原因とする火災、損壊、埋没又は流失による損害（政令に定めるものに限る。）をてん補することを内容とする損害保険である。イ地震保険は、火災保険等特定の損害保険に附帯して締結され、地震保険単独での締結はできない。ウ地震保険は、居住の用に供する建物のみを保険の目的とし、生活用動産を保険の目的とすることはできない。エ 地震等により損害を受けた場合に支払われる保険金額は、損害の区分によって異なり、損害の区分として政令に定められているのは「全損」と「一部損」の2つである。,,,,,,ア・イ,ア・エ,イ・ウ,ウ・エ 27 1,1,FALSE,FALSE,,（解説は未入力です。）,,,,,
2017,平成29年度,44,single,判例・横断総合,h29;single_choice;direct_question;parsed,区分所有者Aが、自己所有のマンションの専有部分についてBと定期建物賃貸借契約（以下、本問において「本件契約」という。）を締結する場合に関する次の記述のうち、借地借家法の規定によれば、誤っているものはどれか。,,,,,,本件契約は、公正証書によってしなければならない。,本件契約は、期間を1年未満とすることもできる。,本件契約を締結するに当たり、Aが、あらかじめBに対し、期間満了により当該建 物の賃貸借が終了し、契約の更新がないことについて書面を交付して説明しなかった 場合には、契約の更新がないこととする旨の本件契約の定めは無効となる。,本件契約においては、相互に賃料の増減額請求をすることはできない旨の特約は有 効である。,4,FALSE,FALSE,,（解説は未入力です。）,,,,,
2017,平成29年度,45,single,判例・横断総合,h29;single_choice;direct_question;parsed,宅地建物取引業者Aが自ら売主として、宅地建物取引業者ではないB又は宅地建物取引業者との間で、マンションの住戸の売買を行う場合、宅地建物取引業法第35条の規定に基づく重要事項の説明等に関する次の記述のうち、正しいものはどれか。,,,,,,AB間の売買において、Aは、飲用水、電気及びガスの供給並びに排水のための施 設の整備の状況について、これらの施設が整備されていない場合、これら施設の整備 に関して説明する必要はない。,AB間の売買において、Aが、Bから預り金を受領しようとする場合、当該預り金 について保全措置を講ずるときは、AはBに対して、保全措置を講ずる旨の説明をす れば、その措置の概要については説明する必要はない。,AC間の売買において、Aは、売買契約締結後のマンションの住戸の引渡しの時期 について、書面に記載しなければならない。,AC間の売買において、Aは、書面の交付を行えば、重要事項の説明を行う必要は ない。 28,3,FALSE,FALSE,,（解説は未入力です。）,,,,,
2017,平成29年度,46,count,判例・横断総合,h29;count;count;parsed,次の記述のうち、マンションの管理の適正化に関する指針（平成13年国土交通省告示第1288号）に定められているものはいくつあるか。アマンションにおけるコミュニティ形成は、日常的なトラブルの防止や防災減災、防犯などの観点から重要なものであり、管理組合においても、区分所有法に則り、良好なコミュニティの形成に積極的に取り組むことが望ましい。イ管理業務の委託や工事の発注等については、利益相反等に注意して、適正に行われる必要があるが、とりわけ外部の専門家が管理組合の管理者等又は役員に就任する場合においては、マンションの区分所有者等から信頼されるような発注等に係るルールの整備が必要である。ウ管理組合の管理者等は、維持修繕を円滑かつ適切に実施するため、設計に関する図書等を保管することが重要であり、この図書等について、マンション管理業者の求めに応じ、適時閲覧できるようにすることが望ましい。エマンションを購入しようとする者は、マンションの管理の重要性を十分認識し、売買契約だけでなく、管理規約、使用細則、管理委託契約、長期修繕計画等管理に関する事項に十分に留意する必要がある。,,,,,,一つ,二つ,三つ,四つ 29 1,3,FALSE,FALSE,,（解説は未入力です。）,,,,,
2017,平成29年度,47,single,判例・横断総合,h29;single_choice;direct_question;parsed,マンション管理業者が行う、マンション管理適正化法第77条の規定に基づく管理事務の報告に関する次の記述のうち、マンション管理適正化法によれば、正しいものはどれか。,,,,,,マンション管理業者は、管理事務の委託を受けた管理組合に管理者等が置かれてい るときは、管理業務主任者（マンション管理適正化法第2条第9号に規定する者をい う。以下同じ。）をして、当該管理者等に対し、当該管理事務に関する報告をさせる とともに、説明会を開催し、区分所有者等に対しても、同様に報告をさせなければな らない。,管理事務報告書には、報告の対象となる期間、管理組合の会計の収入及び支出の状 況のほか、管理受託契約の内容に関する事項を記載しなければならない。,マンション管理業者による管理事務に関する報告の説明会の開催が必要な場合、当 該説明会の参加者の参集の便を十分に考慮した結果であれば、説明会を開催する日時 及び場所の掲示を開始する時期は、開催日まで1週間を下回ってもよい。,マンション管理業者は、管理組合の管理者等に対し、管理事務に関する報告を行う 際に、管理業務主任者を同席させていれば、管理業務主任者ではない従業者に当該報 告をさせることができる。 30 1,3,FALSE,FALSE,,（解説は未入力です。）,,,,,
2017,平成29年度,48,single,判例・横断総合,h29;single_choice;direct_question;parsed,「マンション」の定義に関する次の記述のうち、マンション管理適正化法の規定によれば、正しいものはどれか。,,,,,,2以上の区分所有者が存する建物であって、人の居住の用に供する専有部分のある 建物は、「マンション」に当たらない。,2以上の区分所有者が存する建物であって、人の居住の用に供する専有部分のある 建物の附属施設は、「マンション」に当たらない。,一団地内において、2以上の区分所有者が存する建物であってその専有部分のすべ てを事務所又は店舗の用に供する建物と、専有部分のない建物であって居住の用に供 する建物のみからなる、数棟の建物の所有者の共有に属する附属施設は、「マンショ ン」に当たる。,一団地内において、2以上の区分所有者が存する建物であって人の居住の用に供す る専有部分のある建物を含む、数棟の建物の所有者の共有に属する土地は、「マン ション」に当たる。,4,FALSE,FALSE,,（解説は未入力です。）,,,,,
2017,平成29年度,49,single,判例・横断総合,h29;single_choice;direct_question;parsed,管理業務主任者に関する次の記述のうち、マンション管理適正化法によれば、正しいものはどれか。,,,,,,マンション管理業者の従業者である管理業務主任者は、その事務を行うに際し、管 理業務主任者証を携帯しているため、マンション管理業者の従業者であることを証す る証明書の携帯は省略することができる。,管理業務主任者が、管理業務主任者として行う事務に関し、不正又は著しく不当な 行為をし、その情状が特に重いときは、国土交通大臣は、当該管理業務主任者の登録 を取り消さなければならない。,管理業務主任者は、登録を受けている事項のうち、その住所に変更があった場合に は、遅滞なく、その旨を国土交通大臣に届け出るとともに、管理業務主任者証を添え て提出し、その訂正を受けなければならない。,管理業務主任者は、管理業務主任者証の亡失によりその再交付を受けた後において、 亡失した管理業務主任者証を発見したときは、速やかに、発見した管理業務主任者証 を廃棄しなければならない。 31,2,FALSE,FALSE,,（解説は未入力です。）,,,,,
2017,平成29年度,50,single,判例・横断総合,h29;single_choice;direct_question;parsed,マンション管理業者であるAが、管理組合であるBに、マンション管理適正化法第73条の規定に基づき、同条第1項各号に定める事項を記載した書面（以下、本問において「契約の成立時の書面」という。）の交付を行う場合に関する次の記述のうち、マンション管理適正化法によれば、正しいものはどれか。なお、Bには管理者が置かれており、当該管理者はAではないものとする。,,,,,,Aは、Bと新たに管理受託契約を締結したが、その契約の成立時の書面をBの管理 者にのみ交付した。,Aは、Bと従前の管理受託契約と同一の条件で契約を更新したが、当該更新契約に 係る契約の成立時の書面を新たに交付せずに、Bの管理者に対して、従前の管理受託 契約を締結した際の契約の成立時の書面の写しのみを交付した。,Aは、Bと新たに管理受託契約を締結したが、Bが新築マンションの管理組合であ り、当該契約が当該マンションの建設工事完了の日から1年を経過する日までの間に 契約期間が満了するものであったので、Bの管理者に対し、契約の成立時の書面を交 付しなかった。,Aは、Bと新たに管理受託契約を締結したことから、契約の成立時の書面を作成し たが、その際に、Aの従業者である管理業務主任者Cの記名押印ではなく、Cの管理 業務主任者証の写しを添付してBの管理者に交付した。 32 1,3,FALSE,FALSE,,（解説は未入力です。）,,,,,
2018,平成30年度,1,single,判例・横断総合,h30_0;single_choice;direct_question;parsed,委任契約に関する次の記述のうち、民法の規定によれば、正しいものはどれか。,,,,,,委任とは、当事者の一方が相手方のために法律行為をすることを約し、相手方がこ れに対してその報酬を支払うことを約することによって、その効力を生ずる契約であ,受任者が、委任事務を処理するのに必要と認められる費用を支出したときは、委任 者は、現に利益を受けている限度において受任者に対して費用の償還義務を負う。,委任契約が解除された場合に、解除の効力は将来に向かってのみ生じる。,受任者が、委任者に引き渡すべき金額を自己のために消費した場合でも、委任者に 損害が生じていないときは、受任者は、利息を支払う義務を負わない。 1,3,FALSE,FALSE,,（解説は未入力です。）,,,,,
2018,平成30年度,2,single,判例・横断総合,h30_0;single_choice;direct_question;parsed,AB間で、Aの所有するマンション（マンション管理適正化法第2条第1号に規定するものをいう。以下同じ。）の1住戸用（以下、本問において「甲」という。）をBに売却する契約（以下、本問において「本件契約」という。）が締結され、AB間の協議により、BはAに解約手付としての手付金を交付した。また、本件契約において、Aは、契約締結の日から1か月後に代金と引換えに甲を引き渡すことが約定されていた。この場合に関する次の記述のうち、民法の規定及び判例によれば、正しいものはどれか。,,,,,,Bが本件契約の履行に着手していない場合、Aは、Bに対し、手付金の倍額を償還 することにより本件契約を解除する旨の通知を送達すれば、本件契約を解除すること ができる。,Aが本件契約の履行に着手していない場合、BがAに対し、手付金を放棄し、本件 契約を解除する旨の意思表示をしたときは、Aは、Bに対して損害賠償を請求するこ とができない。,契約締結の日から1か月後に、Aが甲の引渡しの準備をしていなかった場合でも、 Bが代金の支払の準備を整えていたときは、AとBはいずれも、解約手付による解除 権を行使することができない。,BがAの債務不履行により売買契約を解除した場合、Bは、Aに対して手付金の返 還を請求することができるが、損害賠償を請求することはできない。 2,2,FALSE,FALSE,,（解説は未入力です。）,,,,,
2018,平成30年度,3,single,判例・横断総合,h30_0;single_choice;direct_question;parsed,債務不履行責任に関する次の記述のうち、民法の規定及び判例によれば、誤っているものはどれか。,,,,,,損害賠償額が予定されている場合において、債務不履行の事実があったときは、債 権者は、原則として、損害の発生及び損害額を証明することなく、予定された賠償額 を請求することができる。,損害賠償額が予定されている場合において、債務不履行の事実があったとき、債権 者は、実際の損害額が予定賠償額より大きいことを立証しても賠償額の増額を請求す ることができない。,債務不履行により通常生ずべき損害が生じた場合、債務者が、当該債務不履行時ま でにその損害が生じることを予見し、又は予見することができた場合でなければ、債 権者は、損害賠償を請求することができない。,金銭債務の債務者は、不可抗力により期日に金銭の支払をすることができなかった ときであっても、その不履行によって生じた損害の賠償責任を免れない。,3,FALSE,FALSE,,（解説は未入力です。）,,,,,
2018,平成30年度,4,single,判例・横断総合,h30_0;single_choice;direct_question;parsed,Aは、Bに対し、Aが所有するマンションの1住戸甲（以下、本問において「甲」という。）に抵権を設定する旨の代理権を授与していた。この場合に関する次の記述のうち、民法の規定及び判例によれば、正しいものはどれか。,,,,,,Bが、Cとの間で、甲の売買契約を締結した場合において、Bの無権代理行為につ いて表見代理が成立するときでも、Cは、Aに対して表見代理の成立を主張せず、B に対して、無権代理人としての責任を追及することができる。,AがBに代理権を授与した時に、Bが制限行為能力者であった場合は、Bは、代理 人となることはできない。,Bは、Aが復代理人の選任について拒否し、かつ、やむを得ない事由がない場合で も、自己の責任で復代理人Dを選任することができる。,Bがやむを得ない事由により復代理人Eを選任した場合、Eは、Bの名においてB を代理する。 3,1,FALSE,FALSE,,（解説は未入力です。）,,,,,
2018,平成30年度,5,single,判例・横断総合,h30_0;single_choice;direct_question;parsed,AとBとの間で、Aが所有するマンションの1住戸甲（以下、本問において「甲」という。）についての賃貸借契約が締結され、AはBに甲を引き渡した。この場合に関する次の記述のうち、民法の規定及び判例によれば、誤っているものはどれか。,,,,,,Bが、Aの承諾を得ないで、甲をCに転貸した場合であっても、Bの行為について Aに対する背備行為と認めるに足りない特段の事情があるときは、Aは、Bとの間の 賃貸借契約を、無断転貸を理由として解除することができない。,Bが、Aの承諾を得て、甲をCに転貸した場合、Bの債務不履行を理由としてAが 賃貸借契約を解除したときは、Cの転借権も消滅する。,Bが、Aの承諾を得て、甲をCに転貸した場合、Cは、Aに対して直接に義務を負 う。,Bが、Aの承諾を得て、甲の賃借権をCに譲渡した場合、BがAに交付した敷金に 関する権利義務関係は、当然にCに承継される。,4,FALSE,FALSE,,（解説は未入力です。）,,,,,
2018,平成30年度,6,single,判例・横断総合,h30_0;single_choice;direct_question;parsed,不法行為に関する次の記述のうち、民法の規定及び判例によれば、正しいものはどれか。,,,,,,不法行為の時点で胎児であった被害者は、出生後、加害者に対して財産的損害の賠 償を請求することはできない。,不法行為による慰謝料請求権は、被害者がこれを行使する意思を表明し、又はこれ を表明したと同視すべき状況にあったときはじめて相続の対象となる。,使用者が被用者の選任及びその事業の監について相当の注意をしたこと、又は相 当の注意をしても損害が生ずべきであったことを証明できなければ、被用者に故意又 は過失がなくても、使用者は、被用者がその事業の執行につき第三者に加えた損害を 賠償しなければならない。,土地の工作物の設置又は保存に最疵があることによって他人に損害を生じたとき は、その工作物の占有者がその損害を賠償する責任を負うが、当該占有者が損害の発 生を防止するのに必要な注意をしたときは、所有者がその損害を賠償しなければなら ない。 4,4,FALSE,FALSE,,（解説は未入力です。）,,,,,
2018,平成30年度,7,count,判例・横断総合,h30_0;count;count;parsed,次の記述のうち、標準管理委託契約書によれば、適切なものはいくつあるか。ア基本的にマンション管理業者（マンション管理適正化法第2条第8号に規定する者をいう。以下同じ。）の管理対象部分は敷地及び共用部分等であるが、専有部分である設備のうち共用部分と構造上一体となった配管や配線は共用部分と一体で理を行う必要があるため、管理組合が管理を行うとされている場合において、管理組合から依頼があるときに管理委託契約に含めることも可能である。イマンション管理業者は、管理組合の組合員等に関する個人情報について、その適正な取扱いを確保しなければならない。ウマンション管理業者は、管理組合に対し、自らが、暴力団、暴力団関係企業、総会屋若しくはこれらに準ずる者又はその構成員ではないことを確約するが、管理委託契約の有効期間内に、当該確約に反する申告をしたことが判明した場合、管理組合が当該契約を解除するには、マンション管理業者に対して相当の期間を定めて催告しなければならない。エマンション管理業者は、管理組合が、管理委託契約にかかるマンションの維持又は修繕（大規模修繕を除く修繕又は保守点検等。）を外注により、当該マンション管理業者以外の業者に行わせる場合、見積書の受理を行うが、当該見積書の内容に対する助言は含まれない。,,,,,,一つ,二つ,三っ,四つ,3,FALSE,FALSE,,（解説は未入力です。）,,,,,
2018,平成30年度,8,single,判例・横断総合,h30_0;item_set;most_inappropriate;parsed,マンションの維持又は修繕に関する企画又は実施の調整の業務に関する次の記述のうち、標準管理委託契約書によれば、最も不適切なものはどれか。,,,,,,マンション管理業者は、管理組合が、管理委託契約にかかるマンションの維持又は 修繕（大規模修繕を除く修繕又は保守点検等。）を外注により、当該マンション管理 業者以外の業者に行わせる場合、実施の確認を行うこととされているが、当該実施の 確認は、管理員が外注業務の完了の立会いにより確認できる内容のものをいう。,マンション管理業者は、管理組合の長期修繕計画の見直しのため、管理事務（マン ション管理適正化法第2条第6号に規定するものをいう。以下同じ。）を実施する上 で把握したマンションの劣化等の状況に基づき、当該計画の修繕工事の内容に改善の 必要があると判断した場合には、書面又は口頭により当該管理組合に助言をする。,長期修繕計画案の作成業務以外にも、必要な年度に特別に行われ、業務内容の独立 性が高いという業務の性格から、建物・設備の性能向上に資する改良工事の企画又は 実施の調整の業務をマンション管理業者に委託するときは、管理委託契約とは別個の 契約にすることが望ましい。,長期修繕計画案の作成及び見直しは、長期修繕計画標準様式、長期修繕計画作成が イドライン、長期修繕計画作成ガイドラインコメント（平成20年6月国土交通省公 表）を参考にして作成することが望ましい。 6 コ,2,FALSE,FALSE,,（解説は未入力です。）,,,,,
2018,平成30年度,9,single,判例・横断総合,h30_0;single_choice;most_inappropriate;parsed,次の記述のうち、標準管理委託契約書によれば、最も不適切なものはどれか。,,,,,,宅地建物取引業者（宅地建物取引業法第2条第3号に規定する者をいう。以下同 じ。）が媒介等の業務のために、管理規約等の提供・開示を求めてきた場合に、マン ション管理業者が、当該宅地建物取引業者に対して、管理規約等の提供・開示を行う ときは、管理規約等において宅地建物取引業者等への提供・開示に関する根拠が明確 に規定されるとともに、これと整合的に管理委託契約書においてマンション管理業者 による提供・開示に関して規定されることが必要である。,マンション管理業者は、理事会支援業務や総会支援業務について、区分所有法及び 管理組合の管理規約に照らし、当該管理組合の管理者以外に、正規に招集の権限があ ると考えられる者から当該支援業務に関する契約書に規定する業務の履行の要求が あった場合は、これを拒否すべき正当な理由がある場合を除き、業務を履行すべきで ある。,理事会及び総会の議事録については、議事の経過の要点及びその結果を記載する必 要があり、「議事の経過」とは議題、議案、討議の内容及び採決方法等を指すところ、 それらの要点を記載することで足り、すべての発言を一言一句記録するものではない が、議事に影響を与える重要な発言は記録することに留意する必要がある。,マンション管理業者が管理事務の一部を第三者に再委託した場合においては、当該 マンション管理業者は、再委託した管理事務の適正な処理について、管理組合に対す る責任を免れる。 7,4,FALSE,FALSE,,（解説は未入力です。）,,,,,
2018,平成30年度,10,combination,判例・横断総合,h30_0;combination;direct_question;parsed,マンションの管理費の滞納等に関して、管理業務主任者（マンション管理適正化法第2条第9号に規定する者をいう。以下同じ。）が管理組合の管理者等に対して行った次のア～エの説明のうち、誤っているものの組み合わせはどれか。ア滞納管理費の額が60万円以下のときは、民事訴訟法に定める「少額訴訟」の手続によらなければなりません。イ管理費を滞納している区分所有者が死亡した場合、当該区分所有権を取得する相続人が決定していなくても、すべての相続人に対し、その法定相続分に応じて滞納管理費を請求することができます。ウ 専有部分の売買契約によって、区分所有権を取得した買主は、売主が滞納していた管理費の支払債務を負いますが、売主の支払債務がなくなるわけではありませエ 区分所有者が破産手続開始の決定を受けたときは、当該区分所有者は、破産手続開始決定の日の翌日以降の管理費の支払債務を負わなくてよいことになります。,,,,,,ア・ウ,ア・エ,イ・ウ,イ・エ 8,2,FALSE,FALSE,,（解説は未入力です。）,,,,,
2018,平成30年度,11,single,判例・横断総合,h30_0;single_choice;most_appropriate;parsed,マンションの管理費の滞納に対する対策及び法的手続に関する次の記述のうち、最も適切なものはどれか。,,,,,,管理組合が管理費を滞納している区分所有者に書面で督促する場合、内容証明郵便 で行わなければ、「催告」に該当せず、時効の中断の効力を生じない。,管理規約に管理費の遅延損害金の定めがない場合には、管理組合は、民法所定の法 定利率による遅延損害金を請求することができない。,管理費を滞納している区分所有者が、自己破産の申立てを行い、破産手続開始の決 定を受けた場合、管理組合は、先取特権の実行を除き、破産手続に参加しなければ、 滞納管理費の回収をすることができない。,管理費を滞納している区分所有者が行方不明の場合は、管理組合は、その者に対し て、滞納管理費の支払請求についての訴えを提起することはできない。,3,FALSE,FALSE,,（解説は未入力です。）,,,,,
2018,平成30年度,12,single,判例・横断総合,h30_0;single_choice;most_inappropriate;parsed,管理組合の会計等における理事長の職務に関する次の記述のうち、標準管理規約によれば、最も不適切なものはどれか。,,,,,,毎会計年度の収支予算案を通常総会に提出し、その承認を得なければならない。,会計年度の開始後、収支予算案が通常総会で承認を得るまでの間に、通常の管理に 要する経費のうち、経常的であり、かつ、収支予算案が通常総会で承認を得る前に支 出することがやむを得ないと認められるものについては、理事会の承認を得ずに支出 を行うことができる。,収支予算を変更しようとするときは、その案を臨時総会に提出し、その承認を得な ければならない。,毎会計年度の収支決算案を監事の会計監査を経て、通常総会に報告し、その承認を 得なければならない。 9,2,FALSE,FALSE,,（解説は未入力です。）,,,,,
2018,平成30年度,13,single,判例・横断総合,h30_0;single_choice;most_inappropriate;parsed,標準管理規約によれば、管理費等に関する次の記述のうち、最も不適切なものはどれか。,,,,,,管理費等に不足を生じた場合には、管理組合は組合員に対して、管理費等の負担割 合により、その都度必要な金額の負担を求めることができる。,管理費等の負担割合を定めるに当たっては、共用部分等の使用頻度等は勘案しな,管理費のうち、管理組合の運営に要する費用については、組合費として管理費とは 分離して徴収することができる。,議決権割合の設定方法について、1戸1議決権や価値割合を採用する場合、管理費 等の負担もこの割合によらなければならない。 10 1,4,FALSE,FALSE,,（解説は未入力です。）,,,,,
2018,平成30年度,14,single,判例・横断総合,h30_0;single_choice;most_appropriate;parsed,管理組合の活動における以下の取引に関して、平成30年3月分の仕訳として最も適切なものは次のうちどれか。ただし、この管理組合の会計年度は、毎年4月1日から翌年3月31日までとし、期中の取引においても、企業会計原則に基づき厳格な発生主義によって経理しているものとする。（取引）平成30年4月20日に、マンション管理業者を通じて、以下の内訳の請求書が管理組合宛に届いたので、同年4月30日に普通預金から振込により支払った。（請求書の内訳）① 5月分委託業務費② 3 月分電話料③ 3月分電気料④ 5月分管理事務室用コピー機リース料合計,,,,,,"借方 通信費 15,000・水道光熱費 175,000 貸方 普通預金 190,000","借方 通信費 15,000・水道光熱費 175,000 貸方 未払金 190,000","借方 通信費 15,000・水道光熱費 175,000・前払金 1,220,000 貸方 未払金 190,000・委託業務費 1,200,000・リース料 20,000","借方 委託業務費 1,200,000・通信費 15,000・水道光熱費 175,000・リース料 20,000 貸方 普通預金 1,410,000",2,FALSE,FALSE,,（解説は未入力です。）,,,,,
2018,平成30年度,15,single,判例・横断総合,h30_0;single_choice;most_appropriate;parsed,"管理組合の活動における以下の取引に関して、平成30年3月分の仕訳として最も適切なものは次のうちどれか。ただし、この管理組合の会計年度は、毎年4月1日から翌年3月31日までとし、期中の取引においても、企業会計原則に基づき厳格な発生主義によって経理しているものとする。（取引）外壁の補修工事及び防犯カメラの設置について見積書を取得し、平成30年1月に、総会の決議を経た上で、甲社及び乙社に、それぞれ見積書記載の内容のとおり発注した。甲社及び乙社の見積書の内容は以下のとおりである。（見積書の内容）件名外壁補修工事会社名甲社金額250,000円期間着工予定日平成30年3月5日工事完了、引渡予定日平成30年3月15日支払条件引渡日の1か月後に指定口座に振込防犯カメラ設置乙社3,500,000円（取付費含む）着手予定日平成30年2月25日設置完了、引渡予定日平成30年3月5日着手時、手付金500,000円残金は引渡日の10日後に指定口座に振込それぞれは、見積書の期間のとおり行われ、予定の日に引渡しを受けたので、必要な支払について、見積書の支払条件のとおり、普通預金から振込により支払った。コ",,,,,,"借方 什器備品 3,500,000・修繕費 250,000 貸方 前払金 500,000・普通預金 3,000,000・未払金 250,000","借方 什器備品 3,500,000・修繕費 250,000 貸方 普通預金 3,500,000・未払金 250,000","借方 修繕費 3,750,000 貸方 前払金 500,000・普通預金 3,250,000","借方 什器備品 3,750,000 貸方 前払金 500,000・普通預金 3,000,000・未払金 250,000",1,FALSE,FALSE,,（解説は未入力です。）,,,,,
2018,平成30年度,16,single,判例・横断総合,h30_0;single_choice;direct_question;parsed,次のうち、消費税法によれば、管理組合が当課税期間において、必ず消費税の課税事業者となるものはどれか。,,,,,,"基準期間における管理組合が運営する売店の売上高は820万円、組合員以外の第三 者からの駐車場使用料収入は120万円であり、特定期間の当該売店の売上高は750万 円、組合員以外の第三者からの駐車場使用料収入は60万円であったが、特定期間の給 与等支払額は1,025万円であった。","基準期間における管理組合の全収入は1,120万円で、その内訳は、管理費等収入が 950万円、駐車場使用料収入が145万円（組合員以外の第三者からのもの28万円を含 む）、専用庭使用料収入が25万円であったが、基準期間以降についても、同額の収入 構成であった。","基準期間における管理組合の課税売上高は890万円、特定期間の課税売上高は1,020 万円であったが、特定期間の給与等支払額は650万円であった。","基準期間における管理組合の課税売上高は850万円、特定期間の課税売上高は1,050 万円であったが、特定期間の給与等支払額は1,020万円であった。",4,FALSE,FALSE,,（解説は未入力です。）,,,,,
2018,平成30年度,17,single,判例・横断総合,h30_0;single_choice;direct_question;parsed,建築基準法による「影による中高層の建築物の高さの制限」（以下、本問において「日影規制」という。）に関する次の記述のうち、正しいものはどれか。,,,,,,日影規制の対象区域とは、同法別表第4に掲げる地域又は区域の全部又は一部で、 地方公共団体の条例で指定する区域をいう。,日影規制の対象となる用途地域には、中高層住居専用地域は含まれるが、近隣商業 地域、準工業地域は含まれない。,同法によれば、日影は、冬至日の日本標準時による午前8時から午後5時までの間 において、平均地盤面に生ずるもので判断する。,建築物が日影規制の対象区域外にあれば、高さが10mを超える建築物でも日影規制 は適用されない。 14,1,FALSE,FALSE,,（解説は未入力です。）,,,,,
2018,平成30年度,18,single,判例・横断総合,h30_0;single_choice;direct_question;parsed,補強コンクリートブロック造の塀に関する次の記述のうち、建築基準法によれば、誤っているものはどれか。ただし、国土交通大臣が定める基準に従った構造計算によって構造耐力上安全であることの確認はしていないものとする。,,,,,,塀の高さは3m以下とする。,塀の高さが1.2mを超える場合には、長さ3.4m以下ごとに、所定の基準に従った控 壁を設ける。,塀の高さが1.2mを超える場合には、塀の基礎の丈は35cm以上とし、根入れの深さ は30cm以上とする。,同法第12条に基づく定期調査報告の対象となる塀についての劣化及び損傷の状況 は、目視、下げ振り等により確認する。,1,FALSE,FALSE,,（解説は未入力です。）,,,,,
2018,平成30年度,19,single,判例・横断総合,h30_0;single_choice;most_inappropriate;parsed,鉄筋コンクリートに関する次の記述のうち、最も不適切なものはどれか。,,,,,,中性化とは、硬化したコンクリートが空気中の炭酸ガス（CO2）の作用によって 次第にアルカリ性を失って中性に近づく現象をいう。,中性化の進行を遅らせるためには、モルタル塗り等の仕上げが有効である。,アルカリ骨材反応とは、アルカリ反応性骨材と鉄筋が長期にわたって反応し、その 鉄筋が発舗し膨張することにより、コンクリートにひび割れを生じたり崩壊したりす る現象をいう。,アルカリ骨材反応を抑制するためには、「コンクリート中のアルカリ総量の抑制」、 「抑制効果のある混合セメントの使用」、「安全と認められる骨材の使用」の抑制対策 のうち、いずれか一つについて確認をとらなければならない。 15,3,FALSE,FALSE,,（解説は未入力です。）,,,,,
2018,平成30年度,20,single,判例・横断総合,h30_0;single_choice;most_inappropriate;parsed,給排水衛生設備に関する次の記述のうち、最も不適切なものはどれか。,,,,,,飲料水の給水タンク等の天井が蓋を兼ねていない場合に当該給水タンク等に設ける マンホールは、外部から内部の保守点検を容易かつ安全に行うことができる小規模な 給水タンク等を除き、直径60cm以上の円が内接できるものとする。,飲料水の給水タンクの局部震度法による設計用標準震度は、同じ耐震クラスでは、 地階よりも屋上の方が大きい。,ガス瞬間式給湯器の能力表示は、一般に「号」で表され、1号は、流量毎分1リッ トルの水の温度を25°C上昇させる能力を表している。,排水横の必要最小こう配は、径が大きくなるほど大きくなる。,4,FALSE,FALSE,,（解説は未入力です。）,,,,,
2018,平成30年度,21,single,判例・横断総合,h30_0;single_choice;direct_question;parsed,給水装置に関する次の記述のうち、水道法によれば、正しいものはどれか。,,,,,,水道水を受水槽に受けて給水しているマンションにおいては、水道事業者の施設し た配水管から分岐して設けられた給水管及びこれに直結している受水槽の給水用具ま でが給水装置に該当する。,水道事業者は、当該水道によって水の供給を受ける者の給水装置の構造及び材質 が、政令で定める基準に適合していないときであっても、その者に対する給水を停止 することはできない。,「給水装置の構造及び材質の基準に関する省令」では、一定のものを除く給水装置 は、厚生労働大臣が定める耐圧に関する試験により1.0メガパスカルの静水圧を1分 間加えたとき、水漏れ、変形、破損その他の異常を生じないこととしている。,「給水装置の構造及び材質の基準に関する省令」では、給水装置から金属等が浸出 し、汚染されることを防止するために、「水質基準に関する省令」に定められる51種 類の水質基準項目について、浸出液の濃度が基準値以下であることを確認しなければ ならないとしている。 16,1,FALSE,FALSE,,（解説は未入力です。）,,,,,
2018,平成30年度,22,single,判例・横断総合,h30_0;single_choice;most_inappropriate;parsed,住宅用分電盤に関する次の記述のうち、最も不適切なものはどれか。,,,,,,分電盤内に設置されている漏電遮断器（漏電ブレーカー）及び配線用遮断器（安全 ブレーカー）は、電力会社の所有物である。,電気設備の技術上必要な事項を規定した民間規格である内線規程（以下、本問にお いて「内線規程」という。）によれば、単相3線式電路に施設する漏電遮断器は、中 性線欠相保護機能付きのものとすることが望ましいとされている。,内閣府等が推奨している感震遮断機能付住宅用分電盤は、安全確保を行うことを目 的に、揺れを感知すると普報を発し、一定時間を経過してから電気が遮断されるもの である。,内線規程によれば、「地震時等に著しく危険な密集市街地」の住宅などには、感震 遮断機能付住宅用分電盤を施設することが勧告的事項とされている。,1,FALSE,FALSE,,（解説は未入力です。）,,,,,
2018,平成30年度,23,single,判例・横断総合,h30_0;single_choice;direct_question;parsed,次の記述のうち、「特定共同住宅等における必要とされる防火安全性能を有する消防の用に供する設備等に関する省令」によれば、誤っているものはどれか。,,,,,,「特定共同住宅等」には、ホテルも含まれる。,住居専用のマンションにおいて、住宅用火器及び消火器具は、火災の拡大を初期 に抑制する性能を主として有する「通常用いられる消防用設備等」に代えて用いるこ とのできる設備等に含まれる。,住居専用のマンションにおいて、共同住宅用自動火災報知設備は、火災時に安全に 避難することを支援する性能を主として有する「通常用いられる消防用設備等」に代 えて用いることのできる設備等に含まれる。,住居専用のマンションにおいて、共同住宅用連結送水管は、消防隊による活動を支 援する性能を主として有する「通常用いられる消防用設備等」に代えて用いることの できる設備等に含まれる。 17,1,FALSE,FALSE,,（解説は未入力です。）,,,,,
2018,平成30年度,24,single,判例・横断総合,h30_0;single_choice;direct_question;parsed,住生活基本法に基づき、2016年に閣議決定された「住生活基本計画（全国計画）」に関する次の記述のうち、誤っているものはどれか。,,,,,,高齢者が自立して暮らすことができる住生活の実現に関し、基本的な施策の一つ に、「「新たな高齢者向け住宅のガイドライン」の検討・創設」が示された。,建替えやリフォームによる安全で質の高い住宅ストックへの更新に関し、基本的な 施策の一つに、「耐震性を充たさない住宅の建替え等による更新」が示された。,急増する空き家の活用・除却の推進に関し、基本的な施策の一つに、「良質な既存 住宅が市場に流通し、空き家増加が抑制される新たな住宅循環システムの構築」が示 された。,強い経済の実現に貢献する住生活産業の成長に関し、基本的な施策の一つに、「住 生活産業の市場規模をさらに拡大するための、新築住宅の供給戸数の増大に資する支 援の推進」が示された。,4,FALSE,FALSE,,（解説は未入力です。）,,,,,
2018,平成30年度,25,single,判例・横断総合,h30_0;single_choice;direct_question;parsed,次の記述のうち、高齢者、障害者等の移動等の円滑化の促進に関する法律によれば、誤っているものはどれか。,,,,,,共同住宅は特定建築物であり、特定建築物には、これに附属する建築物特定施設を 含む。,建築主等は、特定建築物（特別特定建築物を除く。）の建築をしようとするときは、 該特定建築物を建築物移動等円滑化基準に適合させるために必要な措置を講ずるよ う努めなければならない。,建築物移動等円滑化基準では、主として高齢者、障害者等が利用する階段は、回り 階段以外の階段を設ける空間を確保することが困難であるときを除き、主たる階段は 回り階段でないこととしている。,建築物移動等円滑化基準では、主として高齢者、障害者等が利用する駐車場を設け る場合には、そのうち1以上に、車いす使用者が円滑に利用することができる駐車施 設を3以上設けなければならない。 18,4,FALSE,FALSE,,（解説は未入力です。）,,,,,
2018,平成30年度,26,single,判例・横断総合,h30_0;single_choice;most_inappropriate;parsed,鉄筋コンクリート造のマンションに生じる劣化現象とその推測される原因に関する次の記述のうち、最も不適切なものはどれか。,,,,,,コンクリートの表面に白い粉状のものが付着していたので、鉄筋に塩害が生じてい ると判断した。,コンクリート柱の表面に水平な茶色のシミが出ている裂が、等間隔で数本確認さ れたので、内部の鉄筋に錆が生じていると判断した。,モルタル塗り面を鋼球型テストハンマーで叩くと、高く硬い音がしたので、浮きが 無いと判断した。,北側外部に面した壁の室内側表面の壁紙に黒いしみのようなものが見えたので、カ ビが生じていると判断した。,1,FALSE,FALSE,,（解説は未入力です。）,,,,,
2018,平成30年度,27,single,判例・横断総合,h30_0;single_choice;most_inappropriate;parsed,鉄筋コンクリート造のマンションの耐震改修の方法として、最も不適切なものはどれか。,,,,,,給水方法を高置水槽方式から直結増圧方式に変更し、屋上の高置水槽を撤去する。,地震時にエキスパンションジョイント部のカバーが落下することを防止するため、 そのカバーを両端で駆体に固定する。,構造耐力上主要な独立柱に炭素繊維シートを巻き付ける。,耐震設計において考慮していなかった非構造の腰壁が、構造耐力上主要な柱と接続 している部分に、縁を切るためのスリットを入れる。 19,2,FALSE,FALSE,,（解説は未入力です。）,,,,,
2018,平成30年度,28,single,判例・横断総合,h30_0;single_choice;most_appropriate;parsed,マンションの屋上にコンクリート保護層のあるアスファルト防水が施工されている場合、建築改修工事監理指針によれば、改修工事の計画として最も適切なものは、次のうちどれか。,,,,,,冬季の工事において、外気温の著しい低下が予想されるときは、既存保護層及び防 水層を撤去し、塗膜防水を施工する。,最上階住戸の断熱性能の向上を目的として、既存保護層（立上り部等を除く）は撤 去しないで、新たに、粘着層付改質アスファルトシートを用いた常温粘着工法による 改質アスファルトシート防水を施工する。,工事費用を削減し、居住者に対する施工時の環境を改善するため、既存保護層及び 防水層を撤去し、新たに熱工法によるアスファルト防水を施工する。,施工期間を短縮するため、既存保護層（立上り部等を除く）は撤去しないで、下地 調整を行った後、その上にウレタンゴム系塗膜防水を施工する。,4,FALSE,FALSE,,（解説は未入力です。）,,,,,
2018,平成30年度,29,single,判例・横断総合,h30_0;single_choice;direct_question;parsed,地震等の災害時に備えて管理組合が共用部分の工事を行う場合の次の記述のうち、区分所有法の規定及び標準管理規約によれば、集会（総会）の普通決議で行うことができないものはどれか。,,,,,,マンションの地下に設けられた駐輪場を、壁と扉を設置して、災害用の備蓄倉庫と すること。,エレベーター設備を、地震時には最寄りの階に停止して、扉が開く性能のものに更 新すること。,各住戸の玄関扉を、枠を含めて耐震（対震）性のあるものに更新すること。,マンションの敷地のブロック塀が地震時に倒壊しないよう、必要な箇所に控壁を設 置すること。 20,1,FALSE,FALSE,,（解説は未入力です。）,,,,,
2018,平成30年度,30,single,判例・横断総合,h30_0;single_choice;most_appropriate;parsed,甲マンションに居住している組合員Aが死亡し、同居する妻Bと、甲マンションの近隣に住む子Cが共同相続した場合に関する次の記述のうち、標準管理規約によれば、最も適切なものはどれか。,,,,,,総会の招集通知を発するときは、BとCの両方に対して発しなければならない。,Cが議決権を行便する者としての届出をしたときは、Bは、議決権を行使すること ができない。,BとCが議決権を行使する者の届出をしなかったときは、BとCは、その相続分に 応じて議決権を行使することができる。,Cは、甲マンションに現に居住している組合員ではないので、管理組合の役員にな ることはできない。,2,FALSE,FALSE,,（解説は未入力です。）,,,,,
2018,平成30年度,31,single,判例・横断総合,h30_0;single_choice;most_appropriate;parsed,理事会に関する次の取扱いのうち、標準管理規約によれば、最も適切なものはどれか。,,,,,,出席が予定されていた理事が急病になったので、理事会の決議によって、その配 者の出席を認め、議決権を代理行使してもらった。,組合員から、給排水管の改修を伴う浴室の改修工事についての「専有部分修繕等工 事申請書」が提出されたので、理事の過半数の承諾を得て、電磁的方法により承認の 決議をした。,海外出張のため出席できない理事に対して、理事会の決議によって、議決権行使書 により議決権を行使してもらった。,不正が明らかになった会計担当理事の役職を解くため、入院中で出席できない理事 に対して、理事会の決議によって、委任状により議決権を行使してもらった。 21 1,2,FALSE,FALSE,,（解説は未入力です。）,,,,,
2018,平成30年度,32,single,判例・横断総合,h30_0;single_choice;most_inappropriate;parsed,専用使用権の設定された1階に面する庭（以下、本問において「専用庭」という。）又はマンションの敷地上の駐車場に関する次の記述のうち、標準管理規約によれば、最も不適切なものはどれか。なお、駐車場は、現在、区分所有者のみが駐車場使用契約により使用しているものとする。,,,,,,駐車場使用料は、総会の決議により値上げすることができる。,専用庭使用料は、総会の決議により値上げすることができる。,区分所有者が専有部分を譲渡した場合、譲受人は、前区分所有者が管理組合と締結 した駐車場使用契約に基づいて、その契約期間中は当該駐車場を使用することができ る。,区分所有者が専有部分を賃貸した場合、賃借人は、専用庭を使用することができる が、駐車場は然には使用することができない。 22 1,3,FALSE,FALSE,,（解説は未入力です。）,,,,,
2018,平成30年度,33,combination,判例・横断総合,h30_0;combination;most_inappropriate;parsed,次の表は、各項目について、A欄には区分所有法の原則的な内容、B欄には標準管理規約の原則的な内容をそれぞれ記載したものであるが、A欄、B欄の内容の組み合わせとして、最も不適切なものは次の1～4のうちどれか。項目A欄,,,,,,集会（総会）の招集通知の発信日（会議の目的が、建替え決議又はマンション敷地売却決議である場合を除く。） A: 会日より少なくとも1週間前に発しなければならない B: 少なくとも会議を開く日の2週間前までに発しなければならない,共用部分の負担の割合 A: 壁その他の区画の内側線で囲まれた部分の水平投影面積による専有部分の床面積の割合 B: 界壁の中心線で囲まれた部分の面積による専有部分の床面積の割合,集会（総会）の議事の普通決議要件 A: 区分所有者及び議決権の各過半数 B: 総組合員の議決権の過半数,集会（通常総会）の開催 A: 少なくとも毎年1回招集しなければならない B: 毎年1回新会計年度開始以後2か月以内に招集しなければならない,3,FALSE,FALSE,,（解説は未入力です。）,,,,,
2018,平成30年度,34,combination,判例・横断総合,h30_0;combination;direct_question;parsed,区分所有法第8条に規定される特定承継人の責任に関する次の記述のうち、民法及び区分所有法の規定によれば、誤っているものの組み合わせはどれか。ア 債務者たる区分所有者の特定承継人とは、特定の原因により区分所有権を承継して実質的に区分所有関係に入る者をいい、単に当該区分所有権を転売する目的で取得した者は、特定承継人には該当しない。イ区分所有者は、共用部分、建物の敷地若しくは共用部分以外の建物の附属施設につき他の区分所有者に対して有する債権について、債務者たる区分所有者の特定承継人に対しても行うことができる。ウ区分所有者は、規約若しくは集会の決議に基づき他の区分所有者に対して有する債権について、債務者たる区分所有者の特定承継人に対しても行うことができる。エマンションの外壁の剥落事故により負傷した第三者は、事故後に当該マンションの区分所有者となった特定承継人に対して、その損害の賠償を請求することができる。,,,,,,ア・イ,ア・ウ,ア・エ,イ・エ 24 1,3,FALSE,FALSE,,（解説は未入力です。）,,,,,
2018,平成30年度,35,single,判例・横断総合,h30_0;single_choice;most_inappropriate;parsed,マンションにおける平穏な居住環境の維持を目的として、暴力団員（暴力団員による不当な行為の防止等に関する法律第2条第6号に規定する暴力団員をいう。以下同じ。）への専有部分の貸与を禁止する場合等における次の記述のうち、区分所有法の規定、標準管理規約及び判例によれば、最も不適切なものはどれか。,,,,,,組合員が、その専有部分を賃貸する場合、契約の相手方が暴力団員でないこと及び 契約後に暴力団員にならないことを確約することを、当該賃貸借契約に定めなければ ならない。,組合員が、その専有部分を賃貸する場合、契約の相手方が暴力団員であることが判 明したときには、管理組合は、相当の期間を定めた催告後、区分所有者に代理して解 約権を行使することができることを、当該賃貸借契約に定めなければならない。,組合員が所有する専有部分を暴力団組長に賃貸した場合、常時暴力団員が出入りす るなど、居住者の日常生活に著しい障害を与えているときは、管理組合の管理者又は 集会において指定された区分所有者は、区分所有法第60条に基づき、当該専有部分の 占有者に弁明の機会を与え、当該賃貸借契約の解除及び専有部分の引渡しを請求する ことができる。,暴力団員である者又は暴力団員でなくなった日から5年を経過しない者は、管理組 合の役員となることができない。 25 1,2,FALSE,FALSE,,（解説は未入力です。）,,,,,
2018,平成30年度,36,single,判例・横断総合,h30_0;single_choice;direct_question;parsed,1棟の区分所有建物の復旧に関する次の記述のうち、区分所有法の規定によれば、誤っているものはどれか。,,,,,,建物の価格の2分の1以下に相当する部分が滅失した場合、規約に別段の定めがな い限り、滅失した共用部分について、各区分所有者は、その復旧工事に着手するまで に、集会において、滅失した共用部分を復旧する旨の決議、建物の建替え決議又は団 地内の建物の一括建替え決議があったときは、滅失した共用部分を復旧することがで きない。,建物の価格の2分の1を超える部分が滅失（以下、本問において「大規模滅失」と いう。）した場合、復旧の決議がされた後2週間を経過したときは、復旧の決議に賛 成しなかった者（以下、本問において「決議非賛成者」という。）は、賛成者（以下、 本問において「決議賛成者」という。）の全部又は一部に対して、その者が有する建 物及び敷地に関する権利を時価で買い取るべきことを請求（以下、本問において「買 取請求」という。）することができる。,大規模滅失した場合、復旧の決議の日から2週間以内に、決議賛成者の全員の合意 により買取指定者が指定され、決議非賛成者が、当該買取指定者から書面でその旨の 通知を受け取ったときは、以後、決議非費成者は、その買取指定者に対してのみ、買 取請求を行うことができる。,買取指定者が、買取請求に基づく売買の代金に係る債務の弁済をしないときは、当 該債務について、決議賛成者は、当該買取請求を行う者に対して、決議非成者を除 いて算定した区分所有法第14条に定める割合に応じて弁済の責めに任じられる。 26 1 18/11/0/76:32V3.31,4,FALSE,FALSE,,（解説は未入力です。）,,,,,
2018,平成30年度,37,single,判例・横断総合,h30_0;single_choice;most_inappropriate;parsed,標準管理規約に定める、マンションの管理に外部専門家を活用する場合の次の記述のうち、最も不適切なものはどれか。,,,,,,「理事・監事外部専門家型」とは、理事会管理方式において、理事や監事に外部専 門家が加わり、理事会の運営面の不全の改善を図るものであり、外部役員の選任・解 任規定、役員の欠格要件、外部役員の業務執行のチェック体制について規約の規定等 の整備が必要である。,「理事長外部専門家型」とは、理事会管理方式において、理事長に外部専門家が加 わるものであり、理事長の選任・解任規定、理事長の業務執行に関する理事会の監 体制について規約の規定等の整備が必要である。,「外部管理者理事会監督型」とは、理事長が管理者を兼任することを撤廃し、外部 専門家による管理者管理方式をとるものであり、理事会が監事的立場となり、管理者 の業務執行を直接に監視するものである。,「外部管理者総会監督型」とは、理事会制度を撤廃し、管理者管理方式をとるもの で、管理者及び監事を外部専門家が担当し、各区分所有者は、総会を通じた監督にと どまることから管理の負担は最も軽減される。,4,FALSE,FALSE,,（解説は未入力です。）,,,,,
2018,平成30年度,38,count,判例・横断総合,h30_0;count;count;parsed,専有部分の範囲に関する次の記述のうち、標準管理規約によれば、不適切なものはいくつあるか。ア 天井、床及び壁は、躯体の中心線から内側が専有部分である。イ玄関扉は、錠及び内部塗装部分のみが専有部分である。ウ 窓枠は専有部分に含まれないが、窓ガラスは専有部分である。エ雨戸又は網戸は、専有部分に含まれない。,,,,,,一つ,二つ,三つ,四つ 27 18/11/0/76:32V3.51,2,FALSE,FALSE,,（解説は未入力です。）,,,,,
2018,平成30年度,39,combination,判例・横断総合,h30_0;combination;direct_question;parsed,以下の文章は、マンションの管理組合が有する管理費等の債権が、民法第169条に定める5年の消滅時効に服すると判示した最高裁判所の判決の一部である。その文中の（ア）～（エ）に入るべき語句の組み合わせとして、正しいものは次の1～4のうちどれか。「管理費等の債権は、・・（略）・・、（ア）の規定に基づいて、区分所有者に対して発生するものであり、その具体的な額は（イ）の決議によって確定し、月ごとに所定の方法で支払われるものである。このような・・（略）・・管理費等の債権は、基本権たる（ウ）から派生する（エ）として、民法169条所定の債権に当たるというべきである。」（ ア ）（ 1 ）,,,,,,管理規約 理事会,建物の区分所有等に関する法律 ：理事会,建物の区分所有等に関する法律 集会,管理規約 総会 （ ウ ） （ エ ） 定期給付債権分割債権 定期給付債権 支分権 定期金債権 分割債権 定期金債権 支分権 28 1,4,FALSE,FALSE,,（解説は未入力です。）,,,,,
2018,平成30年度,40,single,判例・横断総合,h30_0;single_choice;direct_question;parsed,買主Aが売主Bからマンションの1住戸を買ったところ、その専有部分について瑕疵（以下、本問において「本件瑕疵」という。）があった場合に関する次の記述のうち、民法の規定によれば、正しいものはどれか。なお、AとBは、ともに宅地建物取引業者ではない個人とする。,,,,,,売買契約において、BがAに対して本件瑕疵の担保責任を一切負わない旨の特約を した場合には、Bが本件瑕疵を知りながら、Aに告げなかったときであっても瑕疵担 保責任を負わない。,売買契約において、別段の特約がない限り、Aが、売買の目的物の引渡しを受けた 時から1年以内にBに対して請求をしなければ、Bは瑕疵担保責任を免れる。,売買契約において、AとBが瑕疵担保責任について何らの取り決めをしなかった場 合でも、AはBに対して、瑕疵担保責任を追及することができる。,AがBに対して、瑕疵の修補請求をするときは、Bが定める補修方法によらなけれ ばならない旨の特約は無効である。,3,FALSE,FALSE,,（解説は未入力です。）,,,,,
2018,平成30年度,41,single,判例・横断総合,h30_0;single_choice;direct_question;parsed,消費者契約法の適用に関する次の記述のうち、誤っているものはどれか。,,,,,,宅地建物取引業者ではないA株式会社が、宅地建物取引業者であるB株式会社に対 し、社宅用としてマンションの1住戸を売却する契約には、消費者契約法が適用され ない。,複合用途の賃貸用共同住宅を経営する個人Cが、個人経営者であるDに、当該共同 住宅の1階の店舗部分をDの事業のために賃貸する契約には、消費者契約法が適用さ れる。,宅地建物取引業者である個人Eが、賃貸用共同住宅を経営する個人Fから、自らの 居住用として当該共同住宅の1室を賃借する契約には、消費者契約法が適用される。,賃貸用共同住宅を経営する個人Gが、宅地建物取引業者である日株式会社に対し、 当該共同住宅の媒介を依頼する契約には、消費者契約法が適用されない。 29,2,FALSE,FALSE,,（解説は未入力です。）,,,,,
2018,平成30年度,42,single,判例・横断総合,h30_0;single_choice;direct_question;parsed,区分所有者Aが、自己所有のマンションの専有部分甲（以下、本問において「甲」という。）をBに賃貸する場合に関する次の記述のうち、民法、借地借家法の規定及び判例によれば、正しいものはどれか。なお、AB間の賃貸借契約は、定期建物賃貸借契約ではないものとする。,,,,,,AB間において、一定期間、賃料を増額しない旨の特約がある場合には、経済事情 の変動により、当該賃料が近傍同種の建物に比較して不相当になったときでも、A は、当該特約に定める期間、増額請求をすることができない。,AB間で賃貸借契約を締結し、Bが入居した後に、Aが甲を第三者Cに譲渡し、C が移転登記をした場合でも、Cに賃貸人たる地位が移転した旨をAがBに通知しなけ れば、Cに賃貸人の地位は移転しない。,AB間の賃貸借契約において、Aからの解約は6月の予告期間を置き、Bからの解 約は1月の予告期間を置けば、正当の事由の有無を問わず中途解約できる旨の特約は 有効である。,AB間において、甲の使用目的を専らBの事務所として賃貸借する旨を賃貸借契約 書に明示した場合は、借地借家法は適用されない。 30 1,1,FALSE,FALSE,,（解説は未入力です。）,,,,,
2018,平成30年度,43,combination,判例・横断総合,h30_0;combination;direct_question;parsed,個人情報の保護に関する法律第2条（定義）に関する以下のア～エの文章について、（a ）～（d）に入る語句の組み合わせとして、正しいものは次の1～4のうちどれか。ア 「個人情報」とは、（a）に関する情報であって、当該情報に含まれる氏名、生年月日その他の記述等（文書、図画若しくは電磁的記録）に記載され、若しくは記録され、又は音声、動作その他の方法を用いて表された一切の事項（個人識別符号を除く。）により特定の個人を識別することができるもの、又は個人識別待号が含まれるものをいう。イ 「個人情報データベース等」とは、個人情報を含む情報の（b）であって、特定の個人情報を電子計算機を用いて検索できるように体系的に構成したもの及び特定の個人情報を容易に検索することができるように体系的に構成したものとして政令で定めるものであって、利用方法からみて個人の権利利益を害するおそれが少ないものとして政令で定めるものを除くものをいう。ウ 「個人情報取扱事業者」とは、（c）を事業の用に供している者であって、国の機関、地方公共団体、独立行政法人等、地方独立行政法人を除く者をいう。エ「（d）」とは、個人情報取扱事業者が、開示、内容の訂正、追加又は削除、利用の停止、消去及び第三者への提供の停止を行うことのできる権限を有する個人データであって、その存否が明らかになることにより公益その他の利益が害されるものとして政令で定めるもの又は1年以内の政令で定める期間以内に消去することとなるもの以外のものをいう。（ a ）（ b個人集合物生存する個人集合物3 個人総体4 生存する個人総体（ c ）個人データ個人情報データベース等個人情報データベース等個人データ（d ）特別保護データ保有個人データ特別保護データ保有個人データDKJL-W.smd Page 3318/11/07 16:32 v3.51,,,,,,"A=個人, B=集合物, C=個人データ, D=特別保護データ","A=生存する個人, B=集合物, C=個人情報データベース等, D=保有個人データ","A=個人, B=総体, C=個人情報データベース等, D=特別保護データ","A=生存する個人, B=総体, C=個人データ, D=保有個人データ",2,FALSE,FALSE,,（解説は未入力です。）,,,,,
2018,平成30年度,44,single,判例・横断総合,h30_0;single_choice;direct_question;parsed,次の記述のうち、不動産登記法によれば、誤っているものはどれか。,,,,,,登記記録の甲区及び乙区に記録する登記事項がない場合には、甲区及び乙区は作成 されず、所有権の登記がない不動産（規約共用部分である旨の登記又は団地規約共用 部分である旨の登記がある建物を除く。）については、表題部に所有者の氏名又は名 称及び住所並びに所有者が2人以上であるときはその所有者ごとの持分が記録され る。,敷地権付き区分建物において、表題部所有者から所有権を取得した者が、所有権の 保存の登記を申請するときは、当該敷地権の登記名義人の承諾を得なければならな い。,仮登記の登記権利者は、登記義務者の承諾書を添付して、単独で仮登記を申請する ことができる。,処分禁止の仮処分、差押え、所有権の買戻権の登記は、登記記録の権利部の乙区に 記録される。,4,FALSE,FALSE,,（解説は未入力です。）,,,,,
2018,平成30年度,45,single,判例・横断総合,h30_0;single_choice;direct_question;parsed,宅地建物取引業者A（以下、本問において「A」という。）が自ら売主として、宅地建物取引業者ではないB又は宅地建物取引業者であるCを買主として、マンションの1住戸の売買を行う場合に、宅地建物取引業法第35条の規定に基づく重要事項の説明等に関する次の記述のうち、正しいものはどれか。,,,,,,Aは、当該マンションが既存の建物であるときは、自ら建物状況調査（実施後国土 交通省令で定める期間を経過していないものに限る。）を実施した上で、その結果の 概要について、Bに説明しなければならない。,Aは、当該マンションの管理が他の者に委託されているときは、その委託を受けて いる者の氏名（法人にあっては、その商号又は名称）、住所（法人にあっては、その 主たる事務所の所在地）及び主たる事務所に置かれる専任の管理業務主任者の氏名 を、Bに説明しなければならない。,Aは、当該マンションの所有者が負担しなければならない通常の管理費用の額につ いて、Bに説明しなければならない。,Aは、Cに交付する重要事項説明書への宅地建物取引士の記名押印を省略すること ができる。 32,3,FALSE,FALSE,,（解説は未入力です。）,,,,,
2018,平成30年度,46,single,判例・横断総合,h30_0;single_choice;direct_question;parsed,管理業務主任者に関する次の記述のうち、マンション管理適正化法によれば、誤っているものはどれか。,,,,,,管理業務主任者とは、管理業務主任者試験に合格した者で、管理事務に関し2年以 上の実務の経験を有するもの又は国土交通大臣がその実務の経験を有するものと同等 以上の能力を有すると認めたものであり、国土交通大臣の登録を受けた者をいう。,専任の管理業務主任者は、原則として、マンション管理業（マンション管理適正化 法第2条第7号に規定するものをいう。以下同じ。）を営む事務所に常勤して、専ら マンション管理業に従事する必要があるが、当該事務所がマンション管理業以外の業 種を兼業している場合等で、当該事務所において一時的にマンション管理業の業務が 行われていない間に他の業種に係る業務に従事することは差し支えない。,管理業務主任者試験に合格した者で、管理事務に関し2年以上の実務の経験を有す るものは、国土交通大臣の登録を受けることができるが、マンション管理適正化法第 65条第1項第2号に該当することにより登録を取り消され、その取消しの日から2年 を経過しない者は登録を受けることはできない。,マンション管理業者（法人である場合においては、その役員）が管理業務主任者で あるときは、その者が自ら主として業務に従事するマンション管理業を営む事務所に ついては、その者は、その事務所に置かれる成年者である専任の管理業務主任者とみ なされる。 33 1,1,FALSE,FALSE,,（解説は未入力です。）,,,,,
2018,平成30年度,47,single,判例・横断総合,h30_0;single_choice;direct_question;parsed,マンション管理適正化法第2条に規定する用語の意義に関する次の記述のうち、マンション管理適正化法によれば、誤っているものはどれか。,,,,,,マンションとは、2以上の区分所有者が存する建物で人の居住の用に供する専有部 分のあるもの並びにその敷地及び附属施設をいうが、この場合、専有部分に居住する 者がすべて賃借人であるときも含まれる。,管理者等とは、区分所有法第25条第1項の規定により選任された管理者又は区分所 有法第49条第1項の規定により置かれた理事をいう。,管理事務とは、マンションの管理に関する事務であって、管理組合の会計の収入及 び支出の調定及び出納並びに専有部分を除くマンションの維持又は修繕に関する企画 又は実施の調整を含むものをいう。,マンション管理業とは、管理組合から委託を受けて、基幹事務を含むマンションの 管理事務を行う行為で業として行うものであり、当該基幹事務すべてを業として行う ものをいうが、「業として行う」に該当するためには、営利目的を要し、また、反復 継続的に管理事務を行っている必要がある。 34 1,4,FALSE,FALSE,,（解説は未入力です。）,,,,,
2018,平成30年度,48,count,判例・横断総合,h30_0;count;count_correct;parsed,マンション管理業者が行うマンション管理適正化法第72条の規定に基づく重要事項の説明等に関する次の記述のうち、マンション管理適正化法によれば、正しいものはいくつあるか。アマンション管理業者は、管理受託契約を更新しようとする場合において、従前の管理受託契約に比して管理事務の内容及び実施方法の範囲を拡大し、管理事務に要する費用の額を同一とし又は減額しようとする場合、あらかじめ、重要事項の説明会を開催する必要はない。イ 管理業務主任者は重要事項を記載した書面に記名押印をすべきこととされているが、この場合において「記名」されるべき管理業務主任者は、原則として、重要事項について十分に調査検討し、それらの事項が真実に合致し誤り及び記載漏れがないかどうか等を確認した者であって、実際に当該重要事項説明書をもって重要事項説明を行う者である。ウマンション管理業者は、いわゆる「団地組合」が形成されており、その内部に複数の別の管理組合が存在している場合でこれらの組合からそれぞれ委託を受けて管理事務を行っている場合にあっては、重要事項の説明は、それぞれの管理組合の管理者等及び区分所有者等に対して行わなければならない。エマンション管理業者は、管理組合から管理事務の委託を受けることを内容とする契約を締結しようとするときは、当該契約締結の1週間前までに、重要事項の説明会を開催しなければならない。,,,,,,一つ,二つ,三つ,四つ,3,FALSE,FALSE,,（解説は未入力です。）,,,,,
2018,平成30年度,49,single,判例・横断総合,h30_0;single_choice;direct_question;parsed,管理組合の財産の分別管理に関する次の記述のうち、マンション管理適正化法によれば、誤っているものはどれか。,,,,,,収納口座とは、マンションの区分所有者等から徴収された修繕積立金等金銭又はマ ンション管理適正化法施行規則（以下、本問において「規則」という。）第87条第1 項に規定する財産を預入し、一時的に預貯金として管理するための口座であって、マ ンション管理業者を名義人とすることもできるものをいう。,収納・保管口座とは、マンションの区分所有者等から徴収された修繕積立金等金銭 を預入し、又は修繕積立金等金銭若しくは規則第87条第1項に規定する財産の残額を 収納口座から移し換え、これらを預貯金として管理するための口座であって、管理組 合等を名義人とするものをいう。,マンション管理業者は、規則第87条第2項第1号イに定める方法により修繕積立金 等金銭を管理する場合にあっては、保管口座に係る管理組合の印鑑、預貯金の引出用 のカードその他これらに類するものを管理してはならないが、管理組合に管理者等が 置かれていない場合において、管理者等が選任されるまでの比較的短い期間に限り保 管する場合は、この限りでない。,マンション管理業者は、規則第87条第2項第1号イに定める方法により修繕積立金 等金銭を管理する場合において、マンション管理業者から委託を受けた者がマンショ ンの区分所有者等から修繕積立金等金銭を徴収するときは、マンションの区分所有者 等から徴収される1月分の修繕積立金等金銭の合計額以上の額につき、有効な保証契 約を締結していなければならない。 36 1 18/11/0/76:32V3.31,2,FALSE,FALSE,,（解説は未入力です。）,,,,,
2018,平成30年度,50,count,判例・横断総合,h30_0;count;count_incorrect;parsed,マンション管理業者が行うマンション管理適正化法第77条の規定に基づく管理事務の報告に関する次の記述のうち、マンション管理適正化法によれば、誤っているものはいくつあるか。アマンション管理業者は、管理事務の委託を受けた管理組合に管理者等が置かれていないときは、定期に、説明会を開催し、当該管理組合を構成するマンションの区分所有者等に対し、管理業務主任者をして、当該管理事務に関する報告をさせなければならない。イ管理業務主任者は、管理事務の報告を行うときは、その相手方から求められなければ、管理業務主任者証を提示する必要はない。ウマンション管理業者は、管理事務の委託を受けた管理組合に管理者等が置かれているときは、管理事務の報告を行う場合、報告の対象となる期間、管理組合の会計及び支出の状況のほか、管理受託契約の内容に関する事項を記載した管理事務報告書を作成し、管理業務主任者をして、これを管理者等に交付して説明をさせなければならない。エマンション管理業者は、管理事務の委託を受けた管理組合に管理者等が置かれていないときは、管理事務に関する報告の説明会の開催日の1週間前までに、当該説明会の開催の日時及び場所について、当該管理組合を構成するマンションの区分所有者等の見やすい場所に掲示しなければならない。,,,,,,一つ,二つ,三つ,四つ 37 1 18/11/0/76:32V3.31,2,FALSE,FALSE,,（解説は未入力です。）,,,,,
2019,令和元年度,1,single,判例・横断総合,r01;single_choice;direct_question;parsed,相続に関する次の記述のうち、民法の規定によれば、正しいものはどれか。,,,,,,未成年者が法定代理人の同意を得ずに相続を放棄した場合において、当該未成年者 及びその法定代理人は、制限行為能力を理由に、相続の放棄の意思表示を取り消すこ とができない。,相続人が数人あるときは、限定承認は、共同相続人の全員が共同してのみこれをす ることができる。,相続の放棄は、相続の開始があった時から3箇月以内にしなければならない。,被相続人Aの子Bが相の放棄をした場合において、Bの子CがAの直系卑属であ るときは、CがBを代襲する。,2,FALSE,FALSE,,（解説は未入力です。）,,,,,
2019,令和元年度,2,single,判例・横断総合,r01;single_choice;direct_question;parsed,Aは、自己の所有するマンション（マンション管理適正化法第2条第1号に規定するものをいう。以下同じ。）の一住戸用（以下、本問において「甲」という。）をBに贈与する契約を締結した。この場合に関する次の記述のうち、民法の規定及び判例によれば、誤っているものはどれか。,,,,,,贈与契約は無償契約であるから、AB間の贈与契約締結後、Bへの引渡し前に、A が甲に頭症があることを知っていた場合であっても、Aは瑕疵担保責任を負わない。,AB間の贈与契約が書面でなされた場合において、その贈与契約の効力がAの死亡 によって生じるものとされていたときは、遺贈の規定が準用されるから、Aはいつで もこの贈与契約を書面で撤回することができる。,AB間の贈与契約が口頭でなされた場合において、甲をBに引き渡した後は、Bに 所有権移転登記をする前であっても、Aは、贈与契約を撤回することができない。,AB間の贈与契約が書面でなされた場合において、AB間の贈与契約の内容に、B がAを扶養する旨の負担が付いていたときは、Bが契約で定められた扶養を始めない 限り、Aは、甲の引渡しを拒むことができる。 1,1,FALSE,FALSE,,（解説は未入力です。）,,,,,
2019,令和元年度,3,single,判例・横断総合,r01;single_choice;direct_question;parsed,不法行為に関する次の記述のうち、民法の規定及び判例によれば、正しいものはどれか。,,,,,,債権が不法行為によって生じたときは、被害者は、加害者の反対債権が金銭債権の 場合であっても、相殺をもってその加害者に対抗することができない。,土地の工作物の設置又は保存に瑕疵があり、それによって他人に損害を生じた場合 において、当該工作物の占有者及び所有者は、その損害の発生を防止するのに必要な 注意をしたときは、その損害を賠償する責任を負わない。,被害者に対する加害行為とその加害行為の前から存在した当該被害者の疾患がとも に原因となり損害が発生した場合において、加害者にその損害の全部を賠償させるの が公平を失するときは、裁判所は、その加害行為の前から存在した当該被害者の疾患 を考慮して、損害賠償の額を定めることができる。,不法行為により被害者が死亡した場合において、当該被害者の父母は、非財産的損 害については、加害者に対して、賠償請求をすることができない。,3,FALSE,FALSE,,（解説は未入力です。）,,,,,
2019,令和元年度,4,single,判例・横断総合,r01;single_choice;direct_question;parsed,留置権に関する次の記述のうち、民法の規定及び判例によれば、正しいものはどれか。,,,,,,AB間で建物甲（以下、本間において「甲」という。）につき売買契約が締結され たが、買主Bが代金を支払わずに甲をCに転売し、Cへの登記を済ませた場合におい ては、Aは、Cからの甲の所有権に基づく引渡請求に対し、甲について留置権を主張 することができる。,AB間で甲につき売買契約が締結され、売主Aが買主Bへの登記を済ませたが、代 金の支払いがなされていなかった場合において、Bへの引渡し前に甲が火災により焼 失したときは、Aは、売買代金を確保するため、Bが取得する火災保険金請求権に対 し、留置権に基づく物上代位をすることができる。,Aが、Bに甲を譲渡し、その後、Cにも甲を譲渡した場合において、CがBより先 に登記を備えたときは、Bは、Aに対する履行不能に基づく填補賠償請求権を保全す るため、甲について留置権を主張することができる。,AB間における甲の賃貸借契約が終了し、賃借人Bが賃貸人Aに対して造作買取請 求権を行使した場合においては、Bは、その造作代金債権を保全するため、甲につい て留置権を主張することができる。 2,1,FALSE,FALSE,,（解説は未入力です。）,,,,,
2019,令和元年度,5,single,判例・横断総合,r01;single_choice;direct_question;parsed,Aが、Bに対するCの債務を保証するためBとの間で保証契約を締結する場合に関する次の記述のうち、民法の規定及び判例によれば、正しいものはどれか。,,,,,,AがCの委託を受けて保証人となり、保証債務を弁済した場合において、BがC所 有の不動産に抵当権の設定を受けていたときは、Aは、Bの同意を得なければ、Bに 代位して当該抵権を実行することができない。,AがCの委託を受けずに保証人となったが、それがCの意思に反する場合におい て、AがCに代わり弁済をしたときは、Aは、弁済の当時にCが利益を受けた限度で 求償することができる。,BC間で特定物の売買を内容とする契約が締結され、売主Cの目的物引渡債務につ いてAが保証人となった場合において、Aは、Cの債務不履行により契約が解除され たときの代金返還債務については、特に保証する旨の意思表示のない限り、責任を負 わない。,AがCの委託を受けずに保証人となった場合において、Aは、Cに対し、事前の求 償権を行使することはできない。,4,FALSE,FALSE,,（解説は未入力です。）,,,,,
2019,令和元年度,6,single,判例・横断総合,r01;single_choice;direct_question;parsed,同時履行の抗弁権に関する次の記述のうち、民法の規定及び判例によれは、誤っているものはどれか。,,,,,,AB間の売買契約を、売主Aが、買主Bの詐欺を理由として取り消した場合におい ては、Aの原状回復義務とBの原状回復義務とは同時履行の関係に立たない。,AB間の建物の賃貸借契約が期間の満了により終了する場合において、それに伴う 賃貸人Aの敷金返還債務と賃借人Bの建物明渡債務とは、特別の約定のない限り、同 時履行の関係に立たない。,AB間の借地契約の終了に伴い、賃貸人Aに対して賃借人Bの建物買取請求権が行 使された場合においては、その土地の賃貸人Aの建物代金債務と賃借人Bの建物土地 明渡債務とは、同時履行の関係に立つ。,AB間の金銭消費貸借契約にかかる担保のために、債権者Aに対して債務者Bが、 自己所有の土地に抵権を設定した場合においては、Aの抵権設定登記の抹消義務 とBの債務の弁済とは、同時履行の関係に立たない。 3,1,FALSE,FALSE,,（解説は未入力です。）,,,,,
2019,令和元年度,7,count,判例・横断総合,r01;count;count;parsed,次のア～エの記述のうち、標準管理委託契約書によれば、適切なものはいくつあるか。アマンション管理業者（マンション管理適正化法第2条第8号に規定する者をいう。以下同じ。）が行う管理事務（マンション管理適正化法第2条第6号に規定するものをいう。以下同じ。）の対象となる部分は、管理規約により管理組合が管理すべき部分のうち、マンション管理業者が受託して管理する部分であり、オートロック設備や宅配ボックスも管理事務の対象に含まれる。イマンション管理業者が行う管理事務の内容として、事務管理業務、管理員業務、清掃業務、建物・設備管理業務及び響備業法に定める響備業務がある。ウ マンション管理業者は、建築基準法第12条第1項に規定する特定建築物定期調査及び同条第3項に規定する特定建築物の建築設備等定期検査を行うとともに、その報告等に係る補助を行うものとする。エマンション管理業者は、受託した管理事務の内容にかかわらず、災害又は事故等の事由により、管理組合のために、緊急に行う必要がある業務で、管理組合の承認を受ける時間的な余裕がないものについては、管理組合の承認を受けないで実施することができる。,,,,,,一つ,二つ,三つ,四つ 4,3,FALSE,FALSE,,（解説は未入力です。）,,,,,
2019,令和元年度,8,single,判例・横断総合,r01;single_choice;most_inappropriate;parsed,次の記述のうち、標準管理委託契約書によれば、最も不適切なものはどれか。,,,,,,マンション管理業者が、管理委託契約の有効期間内に、自ら又は第三者を利用し て、相手方に対する脅迫的な言動又は暴力を用いる行為をしないことの確約に反する 行為をした場合には、管理組合は、相当の期間を定めて催告しなければ、当該契約を 解除することができない。,マンション管理業者が、管理委託契約に従い、組合員に対し管理費等の督促を行っ ても、なお当該組合員が支払わないときは、その責めを免れるものとし、その後の収 納の請求は管理組合が行うものとする。,消費税法等の税制の制定又は改廃により、税率等の改定があった場合には、委託業 務費のうちの消費税額等は、その改定に基づく額に変更するものとする。,マンション管理業者が、専有部分内を対象とする業務を実施しようとする場合にお いては、費用負担をめぐってトラブルにならないよう、基本的に便益を受ける者が 用を負担することに留意した契約方法とする必要がある。,1,FALSE,FALSE,,（解説は未入力です。）,,,,,
2019,令和元年度,9,single,判例・横断総合,r01;single_choice;most_inappropriate;parsed,次の記述のうち、標準管理委託契約書によれば、最も不適切なものはどれか。,,,,,,管理組合及びマンション管理業者は、その相手方が、管理委託契約に定められた義 務の履行を怠った場合は、相当の期間を定めてその履行を催告し、相手方が当該期間 内に、その義務を履行しないときは、当該契約を解除することができる。,管理事務を受託する管理組合のマンションにおけるマンション管理業者の免責事項 については、排水設備の能力以上に機械式駐車場内に雨水流入があったときの車両に 対する損害等、必要に応じて具体的な内容を記載することができる。,マンション管理業者は、管理事務を受託する管理組合のマンションにおいて滅失、 き損、瑕疵等の事実を知った場合においては、書面をもって、当該管理組合に通知し なければならない。,マンション管理業者は、マンション管理適正化法の規定に基づく処分を受けたとき には、管理事務を受託する管理組合に対して、速やかに、書面をもって、通知しなけ ればならない。,3,FALSE,FALSE,,（解説は未入力です。）,,,,,
2019,令和元年度,10,single,判例・横断総合,r01;single_choice;direct_question;parsed,マンションの管理費又はその滞納に関する次の記述のうち、民法、民事訴訟法及び区分所有法の規定によれば、正しいものはどれか。,,,,,,競売によって区分所有権を買い受けた者は、通常の売買の場合と異なり、前区分所 有者の滞納管理費の支払債務を承継しない。,区分所有者は、自己の所有する住戸を賃貸し、そこに賃借人が居住するときでも、 管理費の支払債務を負う。,管理者が病気で長期入院した場合においては、その期間の滞納管理費の消滅時効 は、完成しない。,管理者は、滞納管理費に対する支払請求訴訟を提起するためには、管理費の滞納者 に対し、あらかじめ書面により滞納管理費に対する支払促をしておかなければなら ない。,2,FALSE,FALSE,,（解説は未入力です。）,,,,,
2019,令和元年度,11,count,判例・横断総合,r01;count;count_correct;parsed,マンションの管理費の支払債務の時効の中断に関する次のア～エの記述のうち、民法の規定によれば、正しいものはいくつあるか。ア管理費の滞納者が死亡した場合においては、時効は中断する。イ 管理費の滞納者が破産手続開始の決定を受けた場合においては、その破産手続開始決定の時に時効が中断する。ウ 管理費の滞納者に対して内容証明郵便による催告をしても、催告後6箇月以内に裁判上の請求など一定の時効中断手続をとらないと、時効の中断の効力は失われる。工管理費の滞納者が、滞納している事実を認める旨の承認書を管理組合に提出した場合においては、その承認書が公正証書によるものでなくても、時効が中断する。,,,,,,一つ,二つ,三つ,四つ,2,FALSE,FALSE,,（解説は未入力です。）,,,,,
2019,令和元年度,12,single,判例・横断総合,r01;single_choice;most_inappropriate;parsed,区分所有者が負担する管理費及び修繕積立金に関する次の記述のうち、標準管理規約（単棟型）によれば、最も不適切なものはどれか。,,,,,,管理組合は、官公署との渉外業務に要する経費を負担してはならない。,管理組合は、共用部分等に係る火災保険料、地震保険料その他の損害保険料を支払 うため、修繕積立金を取り崩して充当してはならない。,管理組合は、マンション管理業者に対する管理委託業務費を支払うため、修繕積立 金を取り崩して充当してはならない。,管理組合は、一定年数の経過ごとに計画的に行う修繕に関する経費を金融機関から の借入金で賄った場合においては、当該借入金の償還に充てるため、修繕積立金を取 り崩すことができる。 7,1,FALSE,FALSE,,（解説は未入力です。）,,,,,
2019,令和元年度,13,combination,判例・横断総合,r01;combination;appropriate_combination;parsed,マンション管理業者が行う管理組合への管理事務の報告等に関する次の記述のうち、標準管理委託契約書によれば、適切なものの組み合わせはどれか。アマンション管理業者は、管理組合の事業年度終了後、管理組合と合意した期限内に、当該年度における管理事務の処理状況及び管理組合の会計の収支の結果を記載した書面を管理組合に交付し、管理業務主任者をして、報告をさせなければならない。イマンション管理業者は、毎月末日までに、前月における管理組合の会計の収支状況に関する書面を管理組合に交付し、管理業務主任者をして、報告をさせなければならない。ウマンション管理業者は、管理組合から請求があるときは、管理事務の処理状況及び管理組合の会計の収支状況についての書面を管理組合に交付し、管理業務主任者をして、報告をさせなければならない。エマンション管理業者は、管理組合の会計の収支状況に関する書面について、あらかじめ管理組合が当該書面の交付に代えて電磁的方法による交付を承諾した場合には、当該方法による交付を行うことができる。,,,,,,ア・イ,ア・エ,イ・ウ,ウ・エ 8,2,FALSE,FALSE,,（解説は未入力です。）,,,,,
2019,令和元年度,14,single,判例・横断総合,r01;single_choice;most_inappropriate;parsed,管理組合の監事が行う業務に関する次の記述のうち、標準管理規約（単棟型）の定めによれば、最も不適切なものはどれか。,,,,,,監事は、理事が不正の行為をし、若しくは当該行為をするおそれがあると認めると きは、遅滞なく、その旨を理事会に報告しなければならない。,監事は、管理組合の業務の執行及び財産の状況について特段の意見がない場合で あっても、理事会に出席しなければならない。,監事は、管理組合の業務の執行及び財産の状況について不正があると認めるとき は、直ちに、理事会を招集することができる。,監事は、いつでも、理事に対して業務の報告を求め、又は業務及び財産の状況の調 査をすることができる。 9,3,FALSE,FALSE,,（解説は未入力です。）,,,,,
2019,令和元年度,15,single,判例・横断総合,r01;item_set;most_appropriate;parsed,"管理組合の活動における以下のア～エの取引に関し、平成31年3月分のア～エそれぞれの仕訳として、最も適切なものは、次の1～4のうちのどれか。なお、この管理組合の会計は、企業会計の原則に基づき、毎月厳格な発生主義によって経理しているものとする。＜管理組合の会計年度：毎年4月1日から翌年3月31日まで＞ァ 排水管塗装工事一式560,000円平成31年2月1日発注した平成31年2月28日完成した平成31年3月20日普通預金にて支払ったイ防犯カメラ取替（取付費も含む）平成31年3月1日発注した平成31年3月15日取付を完了した平成31年3月20日普通預金にて支払った450,000円ウ高置水槽清掃平成31年3月1日平成31年3月21日平成31年4月20日100,000円発注した清掃を完了した普通預金にて支払う予定エ エレベーター改良工事平成31年3月1日平成31年3月1日平成31年3月10日平成31年4月30日令和元年5月20日6,800,000円発注した前払金として3,000,000円を普通預金にて支払った工事に着手した完成する予定普通預金にて残金を支払う予定DKJL_w.smd Page 1219/11/19 09:21 v3.60アの取引に関わる平成31年 3月分の仕訳（借方）修繕費560,000（貸方）｜普通預金イの取引に関わる平成31年3月分の仕訳（借方）修繕費（貸方）450,0001普通預金3ウの取引に関わる平成31年3月分の仕訳（借方）清掃費100,000（貸方）1未払金4 エの取引に関わる平成31年3月分の仕訳（借方）前払金付属設備3,000,0003,800,000（貸方）普通預金未払金DKJLw.smd Page 13（単位：円）560,000450,000100,0003,000,0003,800.00019/11/19 09:21 v3.60",,,,,,"アの取引: 借方 修繕費 560,000 貸方 普通預金 560,000","イの取引: 借方 修繕費 450,000 貸方 普通預金 450,000","ウの取引: 借方 清掃費 100,000 貸方 未払金 100,000","エの取引: 借方 前払金 3,000,000・付属設備 3,800,000 貸方 普通預金 3,000,000・未払金 3,800,000",3,FALSE,FALSE,,（解説は未入力です。）,,,,,
2019,令和元年度,16,single,判例・横断総合,r01;item_set;most_appropriate;parsed,管理組合の活動における以下のア～エの入金状況に関し、平成31年3月分のア～エを合わせた仕訳として、最も適切なものは、次の1～4のうちのどれか。なお、この管理組合の会計は、企業会計の原則に基づき、毎月厳格な発生主義によって経理しているものとする。＜管理組合の会計年度：毎年4月1日から翌年3月31日まで＞ア 平成31年2月末日までに普通預金口座に入金された管理費・修繕積立金（内訳）① 平成31年3月分管理費② 平成31年3月分修繕積立金合計,,,,,,",300,000円 650,000円 1,950,000円 イ 平成31年3月1日から3月末日までに普通預金口座に入金された管理費 （内訳） ① 平成31年2月以前分 ② 平成31年3月分 ③ 平成31年4月分 合計 150,000円 200,000円 1,200,000円 1,550,000円 ウ 平成31年3月1日から3月末日までに普通預金口座に入金された修繕積立金 （内訳） ① 平成31年2月以前分 ② 平成31年3月分 ③ 平成31年4月分 合計 70,000円 100,000円 600,000円 770,000円 エ平成31年3月末日までに普通預金口座に入金されていない管理費・修繕積立金 （内訳） ① 平成31年3月分管理費 ② 平成31年3月分修繕積立金 合計 60,000円 30,000円 90,000円 12 ＜平成31年3月分の仕訳＞ 1 （借方） 普通預金",",320,000 2 （借方） 前受金 普通預金 未収入金",（借 方） 前受金 普通預金 管理費収入 修繕積立金収入,"（借方） 前受金 普通預金 未収入金 1,950,000 2,320.000 90,000 1,950,000 2,320,000 60,000 30.000 1,950,000 2.320,000 90,000 （貸方） 管理費収入 修繕積立金収入 （貸方） 管理費収入 修繕積立金収入 未収入金 （貸方） 管理費収入 修繕積立金収入 前受金 未収入金 （貸方） 管理費収入 修繕積立金収入 前受金 未収入金 （単位：円） 1,550,000 770,000 2,760,000 1,380,000 220,000 1,500,000 750,000 1.800.000 310,000 1,560,000 780,000 1,800,000 220,000 13",4,FALSE,FALSE,,（解説は未入力です。）,,,,,
2019,令和元年度,17,combination,判例・横断総合,r01;combination;direct_question;parsed,直上階の居室の床面積の合計が200mを超える地上階における共同住宅の共用階段に関する次の記述のうち、（a）～（d）に入る数値の組み合わせとして、建築基準法によれば、正しいものはどれか。ただし、この階段は、屋外階段ではないものとする。階段の踊場は、高さ（a） m以内ごとに設けなければならない。その踊場と階段の幅は（b）cm以上、蹴上げの寸法は（©）©以下、踏面の寸法は（d）cm以上でなければならない。（ a ）（ b ）120120100100C）（d ）,,,,,,"a=4, b=120, c=20, d=24","a=3, b=120, c=24, d=20","a=4, b=100, c=20, d=24","a=3, b=100, c=24, d=20",1,FALSE,FALSE,,（解説は未入力です。）,,,,,
2019,令和元年度,18,single,判例・横断総合,r01;single_choice;direct_question;parsed,用途地域内の建築制限に関する次の記述のうち、建築基準法の規定によれば、正しいものはどれか。ただし、特定行政庁の許可は受けないものとし、用途地域以外の地域、地区等は考慮しないものとする。,,,,,,共同住宅は、工業地域に建築することができる。,倉庫業を営む倉庫は、第一種中高層住居専用地域に建築することができる。,旅館は、第二種中高層住居専用地域に建築することができる。,病院は、田園住居地域に建築することができる。,1,FALSE,FALSE,,（解説は未入力です。）,,,,,
2019,令和元年度,19,single,判例・横断総合,r01;single_choice;most_appropriate;parsed,建築物の容積率に関する次の記述のうち、建築基準法によれば、最も適切なものはどれか。,,,,,,容積率の限度が前面道路の幅員によって定まる場合において、当該前面道路が2以 上あるときは、それらの幅員のうち最小のものが、容積率の算定の基礎となる数値と して採用される。,容積率を算定する場合において、宅配ボックス設置部分の床面積は、その敷地内の 全ての建築物の各階の床面積の合計に100分の1を乗じて得た面積を限度として、延 べ面積には算入されない。,エレベーターの昇降路の部分の床面積は、容積率の算定の基礎となる延べ面積に算 入される。,容積率に関する制限を受ける地域、地区又は区域が2以上にわたる場合において、 その敷地面積の過半を占める地域、地区又は区域の限度が適用される。,2,FALSE,FALSE,,（解説は未入力です。）,,,,,
2019,令和元年度,20,single,判例・横断総合,r01;single_choice;most_inappropriate;parsed,「特定住宅瑕疵担保責任の履行の確保等に関する法律」に関する次の記述のうち、最も不適切なものはどれか。,,,,,,この法律は、「住宅の品質確保の促進等に関する法律」で定められた瑕疵担保責任 の履行を確保するために制定された。,この法律が適用される住宅には、新築住宅であれば、賃貸住宅も含まれる。,建設業者は、注文住宅について、住宅建設瑕疵担保保証金の供託又は住宅建設瑕疵 担保責任保険契約を締結しなければならない。,建設業者は、宅地建物取引業者が自ら売主となって買主に引き渡す新築の分譲住宅 について、住宅販売瑕疵担保保証金の供託又は住宅販売瑕疵担保責任保険契約を締結 しなければならない。 15,4,FALSE,FALSE,,（解説は未入力です。）,,,,,
2019,令和元年度,21,single,判例・横断総合,r01;single_choice;most_appropriate;parsed,マンションの構造・部材に関する次の記述のうち、最も適切なものはどれか。,,,,,,建築基準法に定める「主要構造部」には、最下階の床は含まれない。,鉄筋に対するコンクリートのかぶり厚さが同じ場合において、鉄骨鉄筋コンクリー ト造は、鉄筋コンクリート造に比べ、耐火性が劣る。,1つの建築物で高さが部分的に異なる場合において、原則として、各部分の高さに 応じて異なる構造方法による基礎を併用しなければならない。,全ての地域において、平成29年4月1日以降に申請する性能評価に基づく大臣認定 によって新築される地上4階建て以上の免震建築物については、長周期地震動による 影響を検討する必要はない。,1,FALSE,FALSE,,（解説は未入力です。）,,,,,
2019,令和元年度,22,single,判例・横断総合,r01;single_choice;direct_question;parsed,次の記述のうち、建築士法の規定によれば、正しいものはどれか。,,,,,,「設計図書」とは、建築物の建築工事の実施のために必要な現寸図を含む図面をい い、仕様書は含まれない。,「構造設計」とは、建築設備の各階平面図及び構造詳細図その他の建築設備に関す る設計図書で国土交通省令で定めるものの設計をいう。,「工事監理」とは、その者の責任において、工事を設計図書と照合し、当該工事が 設計図書のとおりに実施されているかいないかを確認することをいう。,建築士事務所に属する一級建築士は、2年ごとに、登録講習機関が行う講習を受け なければならない。 16,3,FALSE,FALSE,,（解説は未入力です。）,,,,,
2019,令和元年度,23,single,判例・横断総合,r01;single_choice;most_inappropriate;parsed,雨水排水設備に関する次の記述のうち、最も不適切なものはどれか。,,,,,,雨水排水管径の算定に用いる降水量は、各地域ごとの平均降水量を採用する。,雨水排水ますは、敷地雨水管の起点や合流箇所、方向を変える箇所、配管距離が長 い箇所などの継手の代わりに設置し、敷地雨水管の掃除口の役目を果たすものであ,雨水排水ますには、雨水中に混在する泥などが排水管に流れ込まないようにするた めに、150m以上の泥だまりを設ける。,雨水排水を一般排水系統の敷地排水管と接続させる場合においては、排水管や下 水道からの臭気の侵入を防ぐため、雨水排水系統にトラップますを設置する。,1,FALSE,FALSE,,（解説は未入力です。）,,,,,
2019,令和元年度,24,single,判例・横断総合,r01;single_choice;direct_question;parsed,次の消防用設備等のうち、消防法によれば、「消火活動上必要な施設」に該するものはどれか。,,,,,,屋外火栓設備,非常コンセント設備,非常暼報設備,誘導灯 17,2,FALSE,FALSE,,（解説は未入力です。）,,,,,
2019,令和元年度,25,single,判例・横断総合,r01;single_choice;most_inappropriate;parsed,LEDランプ（エル・イー・ディー・ランプ）に関する次の記述のうち、最も不適切なものはどれか。,,,,,,LEDランプは、同じ光東の場合において、白熱灯や蛍光灯よりも発熱量が少な,LEDランプは、電気用品安全法の規制の対象外となっている。,LEDランプは、消防法により設置が義務付けられる避難口誘導灯の光源に用いる ことができる。,LEDランプを、建築基準法により設置が義務付けられる非常用の照明装置の光源 に用いる場合は、常温下で床面において水平面照度で2ルクス以上を確保することが できるものとしなければならない。,2,FALSE,FALSE,,（解説は未入力です。）,,,,,
2019,令和元年度,26,combination,判例・横断総合,r01;combination;most_appropriate;parsed,標準管理規約（単棟型）の定めによれば、マンションの住戸の次の修繕工事のうち、共用部分の工事に該当するものの組み合わせとして、最も適切なものはア 床のフローリング工事イ 玄関扉内部塗装の補修工事ウ 網戸の交換工事エ バルコニー床面の防水工事,,,,,,ア・イ,ア・エ,イ・ウ,ウ・エ 18,4,FALSE,FALSE,,（解説は未入力です。）,,,,,
2019,令和元年度,27,single,判例・横断総合,r01;single_choice;most_inappropriate;parsed,国土交通省による「長期修繕計画作成ガイドライン」によれば、次の用語の定義として、最も不適切なものはどれか。,,,,,,推定修繕工事とは、長期修繕計画において、計画期間内に見込まれる修繕工事及び 改修工事をいう。,修繕積立金とは、計画修繕工事に要する費用に充当するための積立金をいう。,計画修繕工事とは、長期修繕計画に基づいて計画的に実施する修繕工事及び改修工 事をいう。,大規模修繕工事とは、建物の全体又は複数の主要構造部について、計画修繕工事と は別に実施される、大規模な修繕工事及び改修工事をいう。,4,FALSE,FALSE,,（解説は未入力です。）,,,,,
2019,令和元年度,28,single,判例・横断総合,r01;single_choice;most_inappropriate;parsed,国土交通省による「長期修繕計画作成ガイドライン」によれば、次の記述のうち、最も不適切なものはどれか。,,,,,,新築マンションの場合においては、分譲事業者が提示した長期修繕計画（案）と修 繕積立金の額について、購入契約時の書面合意により分譲事業者からの引渡しが完了 した時点で決議したものとすることができる。,長期修繕計画の見直しに当たっては、必要に応じて専門委員会を設置するなど、検 討を行うために管理組合内の体制を整えることが必要である。,長期修繕計画の見直しは、大規模修繕工事実施の直前又は直後に行うことにより、 大規模修繕工事と大規模修繕工事の中間の時期に単独で行うことは不要となる。,計画修繕工事を実施する際は、その基本計画の検討時において、建物及び設備の現 状、修繕等の履歴などの調査・診断を行い、その結果に基づいて内容や時期等を判断 する。 19 一1,3,FALSE,FALSE,,（解説は未入力です。）,,,,,
2019,令和元年度,29,count,判例・横断総合,r01;count;count;parsed,次のア～オのうち、標準管理規約（単棟型）の定めによれば、共用部分の範囲に属するものはいくつあるか。アインターネット通言設備イ雑排水管の配管継手ウ 集合郵便受箱エ トランクルームオ 給湯器ボイラー,,,,,,二つ,三つ,四つ,五つ,3,FALSE,FALSE,,（解説は未入力です。）,,,,,
2019,令和元年度,30,single,判例・横断総合,r01;single_choice;direct_question;parsed,次の記述のうち、標準管理規約（団地型）の定めによれば、団地総会の決議を必要とせず、棟総会の決議のみで決することができる事項はどれか。,,,,,,各棟修繕積立金の保管及び運用方法,1棟を同一規模の建物に建て替える場合の建替え決議の承認,各棟の階段及び廊下の補修工事,建物の一部が滅失した場合の滅失した棟の共用部分の復旧,4,FALSE,FALSE,,（解説は未入力です。）,,,,,
2019,令和元年度,31,single,判例・横断総合,r01;single_choice;most_inappropriate;parsed,理事長が、自己の経営する会社のために管理組合と取引（以下、本問において「当該取引」という。）をしようとする場合における次の記述のうち、標準管理規約（単棟型）によれば、最も不適切なものはどれか。,,,,,,理事長は、理事会において、当該取引につき重要な事実を開示し、その承認を受け なければならない。,当該取引の承認について、理事長は、理事会の議決に加わることができない。,管理組合が当該取引のための契約を締結するに当たっては、必ず理事長以外の理事 が、管理組合を代表しなければならない。,理事長以外の理事は、当該取引が管理組合に著しい損害を及ぼすおそれがあること を発見したときは、直ちに、その事実を監事に報告しなければならない。,3,FALSE,FALSE,,（解説は未入力です。）,,,,,
2019,令和元年度,32,single,判例・横断総合,r01;single_choice;most_appropriate;parsed,複合用途型マンションに関する次の記述のうち、標準管理規約（複合用途型）によれば、最も適切なものはどれか。,,,,,,管理組合は、区分所有者が納入する費用について、全体管理費、住宅一部管理費、 店舗一部管理費及び全体修繕積立金の4つに区分して経理しなければならない。,駐車場使用料は、その管理に要する費用に充てるほか、全体修繕積立金として積み 立てる。,新たに店舗部分の区分所有者となった者は、店舗として使用する場合の営業形態及 び営業行為について書面で届け出なければ、組合員の資格を取得することができな い。,管理組合には、その意思決定機関として、住宅部分の区分所有者で構成する住宅部 会及び店舗部分の区分所有者で構成する店舗部会を置かなければならない。 21,2,FALSE,FALSE,,（解説は未入力です。）,,,,,
2019,令和元年度,33,single,判例・横断総合,r01;single_choice;most_inappropriate;parsed,専有部分の修繕等に関する次の記述のうち、区分所有法の規定及び標準管理規約（単棟型）によれば、最も不適切なものはどれか。,,,,,,区分所有者は、工事業者に依頼し、畳の交換や壁紙の張替えを行う場合において は、あらかじめ、理事長にその旨を届け出る必要がある。,理事長の承認を受けた工事であっても、当該工事の結果、共用部分又は他の専有部 分に生じた事後的な影響については、当該工事を発注した区分所有者は、その責任や 負担を免れるわけではない。,理事長は、施工状況の確認のために立入り、調査を行った結果、申請又は届出を受 けたものとは異なる内容の工事が行われていることが確認された場合においては、原 状回復のための必要な措置等をとることができる。,理事長の承認を受けた工事であれば、総会の決議を経なくても、当該工事に必要な 外壁の乱、駆体の一部撤去を行うことができる。,4,FALSE,FALSE,,（解説は未入力です。）,,,,,
2019,令和元年度,34,count,判例・横断総合,r01;count;count;parsed,役員の任期に関する次のア～エの記述のうち、標準管理規約（単棟型）の定めによれば、適切なものはいくつあるか。ア 任期満了により退任する会計担当理事は、後任の会計担当理事が就任するまでの間、引き続きその職務を行う。イ任期途中に理事長が海外に単身赴任した場合においては、後任の理事長が就任するまでの間、当該住戸に居住する配者が、不在区分所有者となった理事長の職務を代理する。ウ任期途中で辞任した監事は、後任の監事が就任するまでの間、引き続きその職務を行う。エ任期途中で理事長が、総会決議で解任された場合においては、後任の理事長が就任するまでの間、引き続きその職務を行う。,,,,,,一つ,二つ,三つ,四つ 22,2,FALSE,FALSE,,（解説は未入力です。）,,,,,
2019,令和元年度,35,single,判例・横断総合,r01;single_choice;direct_question;parsed,区分所有法第71条の罰則規定に関する次の記述のうち、誤っているものはどれか。,,,,,,管理組合法人において、登記に関して必要な事項の登記を怠った場合にあっては、 理事は過料に処せられる。,議長は、集会の議事において、議事録に記載すべき事項を記載しなかった場合に、 過料に処せられる。,監事は、集会の議事において、管理者の管理事務についての監査報告を怠った場合 に、過料に処せられる。,管理組合法人において、規約に定めた理事の員数が欠けた場合にあって、その選任 手続を怠ったときは、理事は過料に処せられる。,3,FALSE,FALSE,,（解説は未入力です。）,,,,,
2019,令和元年度,36,single,判例・横断総合,r01;single_choice;most_inappropriate;parsed,専有部分の用途に関する次の記述のうち、区分所有法の規定及び標準管理規約（単棟型）によれば、最も不適切なものはどれか。,,,,,,専有部分を居住用家として使用することを可能とする場合においては、専有部分 の用途を住宅専用である旨を規約に明記しておくだけでは足りない。,専有部分を住宅宿泊事業として使用することを禁止とする場合においては、専有部 分の用途を住宅専用である旨を規約に明記しておくだけでは足りない。,専有部分の用途として住宅宿泊事業を可能とする規約があったとしても、他の居住 者の住宅としての使用を妨げる行為については、当該住宅宿泊事業を営む者は、共同 の利益に反する義務違反者としての責任を免れない。,専有部分の用途として住宅宿泊事業を可能とする規約があったとしても、旅館業法 に違反して行われる宿泊事業は認められない。 23,1,FALSE,FALSE,,（解説は未入力です。）,,,,,
2019,令和元年度,37,single,判例・横断総合,r01;single_choice;direct_question;parsed,次の事項のうち、区分所有法の規定によれば、規約で別段の定めをすることができないものはどれか。,,,,,,専有部分と敷地利用権の分離処分の禁止,先取特権の被担保債権の範囲,集会におけるあらかじめ通知していない事項（集会の決議につき特別の定数が定め られているものを除く。）の決議,解散した管理組合法人の残余財産の帰属の割合,2,FALSE,FALSE,,（解説は未入力です。）,,,,,
2019,令和元年度,38,single,判例・横断総合,r01;single_choice;direct_question;parsed,管理組合法人に関する次の記述のうち、区分所有法の規定によれば、誤っているものはどれか。,,,,,,管理組合法人は、理事の任期を5年と定めることができる。,管理組合法人は、代表権のない理事を置くことができる。,管理組合法人は、管理者を置くことができない。,管理組合法人の監事は、理事又は管理組合法人の使用人を兼ねてはならない。 24,1,FALSE,FALSE,,（解説は未入力です。）,,,,,
2019,令和元年度,39,single,判例・横断総合,r01;item_set;direct_question;parsed,次のア～エの文を正しく並べると、理事長の解任に関する最高裁判所の判決文の一部となるが、正しい順番に並べたものは1～4のうちどれか。ア これは、理事長を理事が就く役職の1つと位置付けた上、総会で選任された理事に対し、原則として、その互選により理事長の職に就く者を定めることを委ねるものと解される。イ そうすると、このような定めは、理事の互選により選任された理事長について理事の過半数の一致により理事長の職を解き、別の理事を理事長に定めることも総会で選任された理事に委ねる趣旨と解するのが、本件規約を定めた区分所有者の合理的意思に合致するというべきである。ウ そして、本件規約は、理事長を区分所有法に定める管理者とし（43条2項）、役員である理事に理事長等を含むものとした上（40条1項）、役員の選任及び解任について総会の決議を経なければならない（53条13号）とする一方で、理事は、組合員のうちから総会で選任し（40条2項）、その互選により理事長を選任する（同条3項）としている。エ 区分所有法は、集会の決議以外の方法による管理者の解任を認めるか否か及びその方法について区分所有者の意思に基づく自治的規範である規約に委ねているものと解される。,,,,,,ア、イ、ウ、エ,イ、ア、ウ、エ,ウ、ア、イ、エ,エ、ウ、ア、イ 25,4,FALSE,FALSE,,（解説は未入力です。）,,,,,
2019,令和元年度,40,single,判例・横断総合,r01;single_choice;direct_question;parsed,「住宅の品質確保の促進等に関する法律」に関する次の記述のうち、誤っているものはどれか。,,,,,,新築住宅とは、新たに建設された住宅で、かつ、まだ人の居住の用に供したことの ないもので、建設工事完了の日から1年を経過していないものをいう。,新築住宅について、住宅新築請負契約に基づき請負人が注文者に引き渡した時から 10年間瑕疵担保責任を負う部位は、同住宅の構造耐力上主要な部分又は雨水の浸入を 防止する部分として政令で定めるものである。,新築住宅に係る瑕疵担保責任の特例の規定は、法人が買主である売買契約において は適用されない。,新築住宅の瑕疵担保責任について、瑕疵を修補する責任に限定し、契約の解除や損 害賠償の請求はできないこととする特約は無効である。,3,FALSE,FALSE,,（解説は未入力です。）,,,,,
2019,令和元年度,41,single,判例・横断総合,r01;single_choice;most_inappropriate;parsed,マンションの損害保険に関する次の記述のうち、区分所有法、地震保険に関する法律及び標準管理規約（単棟型）によれば、最も不適切なものはどれか。,,,,,,地震若しくは噴火又はこれらによる津波を直接又は間接の原因とする火災、損壊、 埋没、流失による損害（政令で定めるものに限る。）をてん補する地震保険契約は、 火災保険契約等特定の損害保険契約に附帯して締結される。,共用部分に係る損害保険料は、各区分所有者が、その有する専有部分の床面積の割 合に応じて負担するが、規約でこれと異なる定めをすることができる。,理事長（管理者）は、共用部分に係る損害保険契約に基づく保険金額の請求及び受 領について、区分所有者を代理する。,共用部分について、損害保険契約をするか否かの決定を、理事会の決議により行う 旨を規約で定めることはできない。 26,4,FALSE,FALSE,,（解説は未入力です。）,,,,,
2019,令和元年度,42,single,判例・横断総合,r01;single_choice;direct_question;parsed,Aが所有するマンションの一住戸について、自らを貸主とし、借主Bと、期間を5年とする定期建物賃貸借契約（以下、本問において「本件契約」という。）を締結しようとする場合に関する次の記述のうち、借地借家法の規定及び判例によれば、正しいものはどれか。,,,,,,本件契約において、相互に賃料の増減額請求をすることはできない旨の特約は無効 である。,Aは、本件契約を締結するに当たり、あらかじめBに対し、本件契約期間満了後の 更新はなく終了することについて、その旨を記載した書面を交付して説明しなければ ならないが、本件契約書に明確にその旨が記載され、Bがその内容を認識していると きは、説明をしなくてもよい。,本件契約の期間を6箇月とした場合においては、本件契約は期間の定めのない契約 とみなされる。,本件契約の目的が、事業用のものであるか否かにかかわらず、公正証書による等書 面によりしなければならない。,4,FALSE,FALSE,,（解説は未入力です。）,,,,,
2019,令和元年度,43,single,判例・横断総合,r01;single_choice;direct_question;parsed,マンション建替事業に関する次の記述のうち、「マンションの建替え等の円滑化に関する法律」の規定によれば、正しいものはどれか。,,,,,,権利変換計画の決定及びその変更を行うときは、マンション建替組合（以下、本問 において「組合」という。）の総会において、組合員の議決権及び持分割合の各4分 の3以上の決議で決する。,マンション建替事業は、組合によるほか、区分所有者又はその同意を得た者が1人 でも施行することができる。,参加組合員として組合の組合員となることができる者は、当該マンションの区分所 有者又はその包括承継人に限られる。,建替えに参加しない旨を組合に回答した区分所有者（その承継人を含み、その後に 建替え合意者等となった者を除く。）は、組合に対し、区分所有権及び敷地利用権を 時価で買い取るべきことを請求することができる。 27,2,FALSE,FALSE,,（解説は未入力です。）,,,,,
2019,令和元年度,44,single,判例・横断総合,r01;single_choice;direct_question;parsed,各種の法令に関する次の記述のうち、誤っているものはどれか。,,,,,,「個人情報の保護に関する法律」によれば、個人情報取扱事業者であるマンション 管理業者が、管理費を滞納している組合員の氏名及び滞納額が記載されたリストを、 その管理事務を受託する管理組合に提出するときは、当該組合員の同意を得なければ ならない。,身体障害者補助犬法によれば、身体障害者補助犬を同伴して同法の定める施設等 （住宅を除く。）の利用又は使用する身体障害者は、その身体障害者補助犬に、その者 のために訓練された身体障害者補助犬である旨を明らかにするための表示をしなけれ ばならない。,消防法によれば、共同住宅等の一定の防火対象物の管理について権原を有する者 は、防火管理者を定め、遅滞なく所轄消防長又は消防署長に届け出なければならな い。,「高齢者、障害者等の移動等の円滑化の促進に関する法律」によれば、国民は、高 齢者、障害者等の円滑な移動及び施設の利用を確保するために必要な協力をするよう 努めなければならない。,1,FALSE,FALSE,,（解説は未入力です。）,,,,,
2019,令和元年度,45,single,判例・横断総合,r01;single_choice;direct_question;parsed,宅地建物取引業者Aが、自ら売主として、宅地建物取引業者ではないB又は宅地建物取引業者Cを買主として、マンションの一住戸の売買を行う場合における、宅地建物取引業法第35条の規定に基づき宅地建物取引士が書面を交付して行う重要事項の説明等に関する次の記述のうち、正しいものはどれか。,,,,,,AB間の売買において、天災その他不可抗力による損害の負担に関する定めがある ときは、Aは、Bに対して、その内容について、説明しなければならない。,AB間の売買において、Aは、Bに対して、代金又は交換差金に関する金銭の貸借 のあっせんの内容及び当該あっせんに係る金銭の貸借が成立しないときの措置につい て、説明しなければならない。,AB間の売買において、共用部分に関する規約が案の段階である場合にあっては、 Aは、Bに対して、当該規約案の内容について、説明する必要はない。,AC間の売買において、Aは、Cに対して、重要事項について説明しなければなら ない。 28,2,FALSE,FALSE,,（解説は未入力です。）,,,,,
2019,令和元年度,46,count,判例・横断総合,r01;count;count;parsed,次のア～エの記述のうち、マンション管理適正化指針によれば、適切なものはいくつあるか。ア 管理組合は、マンションの快適な居住環境を確保するため、あらかじめ、共用部分の範囲及び管理費用を明確にし、トラブルの未然防止を図ることが重要である。イ 建築後相当の年数を経たマンションにおいては、長期修繕計画の検討を行う際には、必要に応じ、建替え等についても視野に入れて検討することが望ましい。ウ 複合用途型マンションにあっては、住宅部分と非住宅部分との利害の調整を図り、その管理、費用負担等について適切な配慮をすることが重要である。エマンションの管理は、専門的な知識を必要とすることが多いため、管理組合は、問題に応じ、マンション管理士等専門的知識を有する者の支援を得ながら、主体性をもって適切な対応をするよう心がけることが重要である。,,,,,,一つ,二つ,三つ,四つ,4,FALSE,FALSE,,（解説は未入力です。）,,,,,
2019,令和元年度,47,single,判例・横断総合,r01;single_choice;most_inappropriate;parsed,マンション管理業者が行うマンション管理適正化法第76条の規定に基づく財産の分別管理に関する次の記述のうち、マンション管理適正化法によれば、最も不適切なものはどれか。,,,,,,マンション管理業者は、マンション管理適正化法施行規則第87条第2項第1号イに 定める方法により修繕積立金等金銭を管理する場合にあっては、原則、保管口座に係 る管理組合等の印鑑、預貯金の引出用のカードその他これらに類するもの（以下、本 肢において「印鑑等」という。）を管理してはならないが、管理者から依頼を受けた 場合は、一時的に当該保管口座の印鑑等を管理することができる。,マンション管理業者は、マンション管理適正化法施行規則第87条第3項に基づき保 証契約を締結しなければならない場合において、管理委託契約の契約期間の途中に当 該保証契約の期間が満了するときは、当該保証契約の更新等を行う必要がある。,分別管理の対象となる財産とは、管理組合から委託を受けて修繕積立金として管理 する金銭又は有価証券及び管理組合又はマンションの区分所有者等から受領した管理 費用に充当する金銭又は有価証券である。,マンション管理業者は、管理組合から委託を受けて有価証券を管理する場合におい ては、金融機関又は証券会社に、当該有価証券の保管場所を自己の固有財産及び他の 管理組合の財産である有価証券の保管場所と明確に区分させ、かつ、当該有価証券が 受託契約を締結した管理組合の有価証券であることを判別できる状態で管理させなけ ればならない。 30,1,FALSE,FALSE,,（解説は未入力です。）,,,,,
2019,令和元年度,48,single,判例・横断総合,r01;single_choice;most_appropriate;parsed,マンション管理業者が行うマンション管理適正化法第72条の規定に基づく重要事項の説明等に関する次の記述のうち、マンション管理適正化法によれば、最も適切なものはどれか。,,,,,,マンション管理業者は、新規に管理受託契約を締結しようとする場合において、当 該マンション管理業者が管理者等に選任されているときは、重要事項の説明会を開催 する必要はない。,マンション管理業者は、重要事項並びに説明会の日時及び場所を記載した書面を作 成し、管理組合を構成するマンションの区分所有者等及び当該管理組合の管理者等の 全員に対し交付するときは、管理業務主任者をして、当該書面に記名押印させなけれ ばならない。,マンション管理業者は、管理者等の置かれた管理組合と、従前の管理受託契約と同 一の条件で管理受託契約を更新しようとするときは、当該管理者等に対して、管理業 務主任者をして、重要事項について記載した書面を交付して説明すれば足りる。,マンション管理業者は、当初の管理受託契約に係る変更契約を締結しようとする場 合においては、同一の条件でない管理受託契約に変更するときであっても、管理組合 の管理者等に対して、管理業務主任者をして、重要事項について記載した書面を交付 して説明すれば足りる。 31,2,FALSE,FALSE,,（解説は未入力です。）,,,,,
2019,令和元年度,49,single,判例・横断総合,r01;single_choice;most_appropriate;parsed,マンション管理業者が行うマンション管理適正化法第77条の規定に基づく管理事務の報告に関する次の記述のうち、マンション管理適正化法によれば、最も適切なものはどれか。,,,,,,マンション管理業者は、管理事務の委託を受けた管理組合に管理者等が置かれてい る場合であっても、当該管理者等に報告するとともに、説明会を開催し、当該管理組 合を構成する区分所有者等全員に対して、管理業務主任者をして、当該管理事務の報 告をさせなければならない。,マンション管理業者は、管理組合の同意があれば、当該管理組合の管理者等に対 し、管理業務主任者以外の者をして報告させることができる。,管理事務報告書には、報告の対象となる期間、管理組合の会計の収入及び支出の状 況並びにその他管理受託契約の内容に関する事項を記載しなければならない。,管理事務の報告の説明会が開催される場合においては、説明会の参加者の参集の便 を考慮して、説明会の開催日の2週間前までに、当該説明会を開催する日時及び場所 の掲示をしなければならない。,3,FALSE,FALSE,,（解説は未入力です。）,,,,,
2019,令和元年度,50,single,判例・横断総合,r01;single_choice;most_inappropriate;parsed,マンション管理業者の登録等に関する次の記述のうち、マンション管理適正化法によれば、最も不適切なものはどれか。,,,,,,マンション管理業の更新の登録を受けようとする者は、登録の有効期間満了の日の 90日前から30日前までの間に登録申請書を提出しなければならないが、当該有効期間 の満了の日までにその申請に対する処分がなされないときは、従前の登録は、当該有 効期間の満了後もその処分がなされるまでの間は、なお効力を有する。,マンション管理業の登録申請書に記載すべき事務所とは、本店又は支店（商人以外 の者にあっては、主たる事務所又は従たる事務所）のほか、継続的に業務を行うこと ができる施設を有する場所で、マンション管理業に係る契約の締結又は履行に関する 権限を有する使用人を置く事務所をいう。,"国土交通大臣は、マンション管理適正化法施行規則により算定した、マンション管 理業の登録を受けようとする者の資産額が1,000万円以上でない場合においては、そ の登録を拒否しなければならない。",マンション管理業者がマンション管理業を廃止した場合においては、マンション管 理業者であった個人又はマンション管理業者であった法人を代表する役員は、その日 から30日以内に、その旨を国土交通大臣に届け出なければならない。 32,3,FALSE,FALSE,,（解説は未入力です。）,,,,,
2020,令和2年度,1,single,判例・横断総合,r02_1;single_choice;direct_question;parsed,土地甲を所有するAが死亡した場合に、甲の相続に関する次の記述のうち、民法の規定によれば、正しいものはどれか。なお、Aには配者B、子C、直系尊属の父Dのみがいるものとする。,,,,,,AとCは同乗する飛行機の墜落事故で死亡したが、AとCのどちらが先に死亡した か明らかでない場合は、Dの相続分は2分の1である。,Aが死亡した後に、Cが交通事故で死亡した場合には、Bのみが甲を相続する。 なお、Cには配者及び直系卑属はいないものとする。,Aが死亡する前に、Cが交通事故で死亡していた場合には、Bの相続分は2分の1 である。,BとCが法定相続分に従い甲を共同相続したが、その後、Cが甲の共有持分を放棄 した場合には、その持分は国庫に帰属する。,2,FALSE,FALSE,,（解説は未入力です。）,,,,,
2020,令和2年度,2,single,判例・横断総合,r02_1;single_choice;direct_question;parsed,マンションの区分所有者Aは、リフォーム会社Bとの間で、住戸内の浴室をリフォームする内容の請負契約（以下、本間において「本件契約」という。）を締結したが、この場合に関する次の記述のうち、民法の規定によれば、誤っているものはどれか。,,,,,,Bの施工ミスにより浴室から水漏れが生じていても、修補が可能な場合には、Aは Bに対して、直ちに代金減額請求をすることはできない。,Bの工事完成前に、Aが破産手続開始の決定を受けたときは、B又は破産管財人 は、本件契約の解除をすることができる。,Bが本件契約内容に適合した工事を完成させた場合であっても、Aは、Bに生じる 損害を賠償すれば、本件契約の解除をすることができる。,Bの工事完成後に、完成品に本件契約内容との不適合があることをAが知った場合 には、AはBに対し、その時から1年以内にその旨を通知しなければ、追完請求とし ての修補請求をすることはできない。 1,3,FALSE,FALSE,,（解説は未入力です。）,,,,,
2020,令和2年度,3,single,判例・横断総合,r02_1;single_choice;direct_question;parsed,Aが所有するマンションの一住戸甲の売却に関する次の記述のうち、民法の規定によれば、正しいものはどれか。,,,,,,成年被後見人であるAが、甲を第三者に売却した場合に、Aが成年後見人Bの事前 の同意を得ていたときは、Aは、甲の売買を取りすことができない。,行為能力者であるAが、Cを代理人として中を第三者に売却した場合に、代理行為 の時にCが被保佐人であったときは、Aは、Cの制限行為能力を理由に、甲の売買を 取り消すことができる。,被保佐人であるAが、保佐人Dの同意を得ることなく甲を売却した後に、相手方が Aに対し、1箇月以上の期間を定めて、Dの追認を得るべき旨の催告をした場合にお いて、Aがその期間内にその追認を得た旨の通知を発しないときは、Dがその行為を 追認したものとみなされる。,被保佐人であるAが甲を売却しようとした場合に、保佐人であるEが、Aの利益を 害するおそれがないにもかかわらずこれに同意をしないときは、家庭裁判所は、Aの 請求により、Eの同意に代わる許可を与えることができる。,4,FALSE,FALSE,,（解説は未入力です。）,,,,,
2020,令和2年度,4,single,判例・横断総合,r02_1;single_choice;direct_question;parsed,マンションにおいて不法行為が発生した場合に関する次の記述のうち、民法及び区分所有法の規定並びに判例によれば、正しいものはどれか。,,,,,,マンション甲の管理組合法人でない管理組合Aから甲の外壁の修繕工事を依頼され た施工会社Bの従業員Cが、建物の周囲に足場を組んでいたところ、その部品が外れ て落下し、通行人Dが負傷した場合には、Aが損害賠償責任を負う。,マンションての外壁のタイルが落下し、通行人Eが負傷した場合には、管理組合法 人FがEに対して負う損害賠償債務は、EがFに損害賠償を請求した時点で履行遅滞 になる。,マンション内において、区分所有者Gが所有し、現に居住している専有部分に設置 又は保存に瑕疵があり、それにより他人に損害が発生した場合には、当該瑕疵が内の 建築工事を請負った施工会社日の過失によるものであっても、Gは損害賠償責任を免 れない。,マンション丁において、区分所有者Iの17歳の子」が、丁の敷地内を自転車で走行 中に不注意で他の区分所有者Kに衝突し、Kが負傷した場合には、KはIに対して損 害賠償を請求することはできるが、Jに対しては、原則として損害賠償を請求できな い。 2,3,FALSE,FALSE,,（解説は未入力です。）,,,,,
2020,令和2年度,5,single,判例・横断総合,r02_1;single_choice;direct_question;parsed,Aがマンション管理業者Bの代理人と称して、マンション甲の管理組合Cとの間で管理委託契約（以下、本問において「本件契約」という。）を締結したが、Aは代理権を有していなかった場合に関する次の記述のうち、民法の規定によれば、誤っているものはどれか。,,,,,,CがBに対し、相当の期間を定めて、その期間内に本件契約を追認するかどうかを 確すべき旨の催告をしたが、当該期間内にBから確答を得られなかった場合には、 Bは、追認をしたものとみなされる。,Cは、本件契約の締結時に、Aが代理権を有していないことを知らなかったとき は、Bが追認しない間は、本件契約を取り消すことができる。,Bが本件契約の追認を拒絶した場合には、Cは、Aに対し、Cの選択に従い、損害 賠償の請求又は契約の履行を請求することができる。,Aが本件契約の締結時に制限行為能力者であった場合に、Aの代理行為が制限行為 能力を理由に取り消されたときは、CはAに対し、無権代理人の責任を追及すること ができない。,1,FALSE,FALSE,,（解説は未入力です。）,,,,,
2020,令和2年度,6,single,判例・横断総合,r02_1;single_choice;direct_question;parsed,マンションの管理組合Aとマンション管理業者Bとの間の管理委託契約が、Aの責めに帰する事由がなく、Bの債務不履行を理由として解除された場合に関する次の記述のうち、民法の規定によれば、誤っているものはどれか。,,,,,,Aは、この解除の意思表示を撤回することができない。,AB間の管理委託契約の解除により、Bが、Aに対して、受領した金銭を返還する 義務を負う場合は、Bは受領した金額を返還すればよく、利息を付す必要はない。,Bの債務の全部が履行不能である場合には、それについてBの責めに帰する事由が ないときでも、Aは直ちに管理委託契約を解除することができる。,Bの債務の履行不能が一部である場合であっても、残存する部分のみでは契約の日 的を達することができないときは、Aは契約の全部を解除することができる。 3,2,FALSE,FALSE,,（解説は未入力です。）,,,,,
2020,令和2年度,7,count,判例・横断総合,r02_1;count;count;parsed,次のア～エの記述のうち、標準管理委託契約書の定めによれば、適切なものはいくつあるか。ア 管理組合及びマンション管理業者は、その相手方が、本契約に定められた義務の履行を怠った場合は、直ちに本契約を解除することができる。イ 管理組合は、マンション管理業者が破産手統開始、会社更生手続開始、民事再生手続開始の申立てをしたときは、本契約を解除することができる。ウ 管理組合は、マンション管理業者がマンション管理適正化法の規定に違反し、マンション管理業の登録の取消しの処分を受けたときは、本契約を解除することができる。工管理組合及びマンション管理業者は、その相手方に対し、少なくとも一月前に書面で解約の申入れを行うことにより、本契約を終了させることができる。一つ二つ3三つ四つ,,,,,,一つ,二つ,三つ,四つ,2,FALSE,FALSE,,（解説は未入力です。）,,,,,
2020,令和2年度,8,single,判例・横断総合,r02_1;single_choice;most_inappropriate;parsed,次の記述のうち、標準管理委託契約書の定めによれば、最も不適切なものはどれか。,,,,,,マンション管理業者は、建物・設備管理業務の全部を第三者に再委託することはで きない。,マンション管理業者は、管理事務を第三者に再委託した場合においては、再委託し た管理事務の適正な処理について、管理組合に対して、責任を負う。,マンション管理業者が管理事務を第三者に再委託する場合、管理委託契約締結時に 再委託する管理事務及び再委託先の名称が明らかなときは、事前に管理組合に対して 通知することが望ましい。,マンション管理業者が管理事務のうち管理費等の収納事務を集金代行会社に再委託 する場合、当該事務は極めて重要であることから、再委託する管理事務及び再委託先 の名称を、事前に管理組合に対して通知すべきである。,1,FALSE,FALSE,,（解説は未入力です。）,,,,,
2020,令和2年度,9,count,判例・横断総合,r02_1;count;count;parsed,マンションの維持又は修繕に関する企画又は実施の調の業務に関する次のア～エの記述のうち、標準管理委託契約書の定めによれば、適切なものはいくつあるか。アマンション管理業者は、管理組合の長期修繕計画の見直しのため、管理事務を実施する上で把握した本マンションの劣化等の状況に基づき、当該計画の修繕工事の内容、実施予定時期、工事の概算費用等に、改善の必要があると判断した場合には、書面をもって管理組合に助言する。イマンション管理業者が、管理組合の委託により、長期修繕計画案の作成業務及び建物・設備の劣化状況等を把握するための調査・診断を実施し、その結果に基づき行う当該計画の見直し業務を実施する場合には、管理委託契約とは別個の契約にすることが望ましい。ウマンション管理業者は、管理組合が本マンションの維持又は修繕（大規模修繕を除く修繕又は保守点検等。）を外注により、当該マンション管理業者以外の業者に行わせる場合の見積書の受理、発注補助、実施の確認を行う。エ 「大規模修繕」とは、建物の全体又は複数の部位について、修繕積立金を充当して行う計画的な修繕又は特別な事情により必要となる修繕等をいう。,,,,,,一つ,二つ,三つ,四つ 6,4,FALSE,FALSE,,（解説は未入力です。）,,,,,
2020,令和2年度,10,single,判例・横断総合,r02_1;single_choice;direct_question;parsed,マンション甲の管理組合の理事長兼管理者Aが、甲の管理費を滞納する区分所有者Bに対して、滞納管理費の請求訴訟を提起する場合に関する次の記述のうち、民事訴訟法及び裁判所法の規定によれば、誤っているものはどれか。,,,,,,Aは、裁判所に対して訴えを提起する前に、Bに対して内容証明郵便による催告を 行うことが必要である。,Bが行方不明である場合であっても、AがBに対して裁判所に訴えを提起すること はできる。,Bの滞納額が140万円を超えない場合は、Aは、簡易裁判所に対して訴えを提起す ることができる。,Aが、裁判所に訴えを提起した場合に、Bが甲とは別の場所を生活の本拠としてい るときは、裁判所からのBへの訴状は、Bが生活の本拠としている住所に送達され る。,1,FALSE,FALSE,,（解説は未入力です。）,,,,,
2020,令和2年度,11,single,判例・横断総合,r02_1;single_choice;direct_question;parsed,少額訴訟に関する次の記述のうち、民事訴訟法によれば、正しいものはどれか。,,,,,,少額訴訟による審理及び裁判を求めることができる回数は、同一人が、同一の簡易 裁判所において、同一年に10回までである。,少額訴訟の終局判決に不服のある当事者は、控訴をすることができる。,少額訴訟の被告は、いつでも、通常の訴訟手続に移行させる旨の申述をすることが できる。,少額訴訟における被告は、反訴を提起することができる。 7,1,FALSE,FALSE,,（解説は未入力です。）,,,,,
2020,令和2年度,12,single,判例・横断総合,r02_1;single_choice;most_appropriate;parsed,管理組合の会計等に関する次の記述のうち、標準管理規約の定めによれば、最も適切なものはどれか。,,,,,,管理組合は、通常の管理に要する経費の支払いに不足が生じた場合には、理事長 は、理事会の決議を経て、業務を行うため必要な範囲内の借入れをすることができ る。,管理組合は、収支決算の結果、管理費に余剰を生じた場合には、その余剰は修繕積 立金として積み立てなければならない。,管理組合は、管理費等に不足を生じた場合には、総会の決議により、組合員に対し て共用部分の共有持分に応じて、その都度必要な金額の負担を求めることができる。,理事長は、毎会計年度の収支決算案について、やむを得ない場合には、通常総会で の承認後に会計監査を受けることができる。 1 2 3 4,3,FALSE,FALSE,,（解説は未入力です。）,,,,,
2020,令和2年度,13,count,判例・横断総合,r02_1;count;count;parsed,管理組合の役員に関する次のア～エの記述のうち、標準管理規約の定めによれば、適切なものはいくつあるか。ア 理事長は、必要と認める場合には、理事長の権限で臨時総会を招集することができる。イ監事は、必要と認めるときは、直ちに理事会を招集することができる。ウ 理事は、管理組合に著しい損害を及ぼすおそれのある事実があることを発見したときは、直ちに、当該事実を監事に報告しなければならない。エ 管理組合は、会計に関する業務を担当させるために、会計担当理事を置かなければならない。一つ二つ三つ四つ,,,,,,一つ,二つ,三つ,四つ,2,FALSE,FALSE,,（解説は未入力です。）,,,,,
2020,令和2年度,14,single,判例・横断総合,r02_1;single_choice;most_inappropriate;parsed,管理組合の税務の取扱いに関する次の記述のうち、法人税法及び消費税法によれば、最も不適切なものはどれか。,,,,,,消費税法上、管理組合が大規模修繕工事のため、金融機関から借入れをする場合に は、その借入金の支払利息は、課税されない。,法人税法上、管理組合が運営する駐車場の組合員のみへの貸付に係る使用料は、収 益事業として課税される。,法人税法上、管理組合がマンションの共用部分を携帯電話の基地局設置のために通 信事業者に賃貸する場合には、その賃貸料は、収益事業として課税される。,"消費税法上、その事業年度の基準期間における課税売上高が1,000万円以下となる 場合であっても、その事業年度に係る特定期間における課税売上高が1,000万円を超 え、かつ、特定期間の給与総額が1,000万円を超えるときは、消費税の納税義務は免 除されない。 9",2,FALSE,FALSE,,（解説は未入力です。）,,,,,
2020,令和2年度,15,single,判例・横断総合,r02_1;single_choice;most_appropriate;parsed,"管理組合における以下の①〜③の活動に関し、令和2年3月分の仕訳として最も適切なものは、次の1～4のうちどれか。ただし、会計処理は、毎月次において発生主義の原則によるものとする。＜管理組合の会計年度：毎年4月1日から翌年3月31日まで＞活動令和2年3月中の管理組合の普通預金の入金内訳は、次の①から③の通りである。① 令和2年2月以前分に係る収入として管理費収入100,000円修繕積立金収入30,000円駐車場使用料収入5,000円計135,000円② 令和2年3月分に係る収入として管理費収入150,000円修繕積立金収入45,000円駐車場使用料収入10,000円計205,000円③ 令和2年4月分に係る収入として管理費収入",,,,,,"借方 普通預金 2,050,000 貸方 管理費収入 1,450,000・修繕積立金収入 435,000・駐車場使用料収入 165,000","借方 普通預金 2,050,000 貸方 未収入金 135,000・管理費収入 1,350,000・修繕積立金収入 405,000・駐車場使用料収入 160,000","借方 普通預金 2,050,000 貸方 管理費収入 250,000・修繕積立金収入 75,000・駐車場使用料収入 15,000・前受金 1,710,000","借方 普通預金 2,050,000 貸方 未収入金 135,000・管理費収入 150,000・修繕積立金収入 45,000・駐車場使用料収入 10,000・前受金 1,710,000",4,FALSE,FALSE,,（解説は未入力です。）,,,,,
2020,令和2年度,16,single,判例・横断総合,r02_1;single_choice;most_appropriate;parsed,管理組合における以下の①〜③の活動に関し、令和2年3月分の仕訳として最も適切なものは、次の1～4のうちどれか。ただし、会計処理は、毎月次において発生主義の原則によるものとする。＜管理組合の会計年度：毎年4月1日から翌年3月31日まで＞活動① 令和2年2月3日に発注し、令和2年2月15日に工事が実施され、令和2年2月20日に工事が完了した排水管更新工事の代金85万円を、令和2年3月20日に普通預金から支払った。② 令和2年2月25日に150万円で発注した什器備品としての監視用カメラの取付工事が、令和2年3月2日に完了したという報告があり、代金は令和2年3月末に普通預金から支払った。③外階段の塗装剥がれに伴う修理として、令和2年3月12日に塗装業を営むA社に300万円にて発注し、工事は令和2年4月1日から5日間にわたって実施され、その支払は工事完了から1週間以内に、普通預金から振込む予定である。（単位；円）,,,,,,"借方 修繕費 3,000,000・建物付属設備 850,000・什器備品 1,500,000 貸方 普通預金 850,000・前払金 3,000,000・未払金 1,500,000","借方 修繕費 3,000,000・建物付属設備 850,000・前払金 1,500,000 貸方 普通預金 5,350,000","借方 未払金 850,000・什器備品 1,500,000 貸方 普通預金 2,350,000","借方 修繕費 3,000,000・建物付属設備 850,000・前払金 1,500,000 貸方 普通預金 2,350,000・未払金 3,000,000",3,FALSE,FALSE,,（解説は未入力です。）,,,,,
2020,令和2年度,17,single,判例・横断総合,r02_1;single_choice;direct_question;parsed,次の記述のうち、建築基準法によれば、誤っているものはどれか。,,,,,,準耐火構造が要求される建築物は、耐火構造で建てることも可能である。,火炎を遮る設備である防火設備には、ドレンチャー、防火戸などがある。,建築基準法による「主要構造部」と、建築基準法施行令による「構造耐力上主要な 部分」に共通して規定されている部材として、壁、柱などがある。,建築物の用途・規模などに応じて、内装の仕上げ材料の制限を受ける部位は、壁、 天井及び床である。,4,FALSE,FALSE,,（解説は未入力です。）,,,,,
2020,令和2年度,18,single,判例・横断総合,r02_1;single_choice;direct_question;parsed,都市計画区域における建築物の工事のうち、建築基準法によれば、建築物の建築等に関する申請及び確認が不要なものは、次のうちどれか。,,,,,,既存建築物の全部又は一部を除却し、それらの建築物又は建築物の部分を、従前と 同様の用途・構造・規模のものに建て替える改築をする建築工事,建築物の主要構造部の一種以上について行う過半の修繕工事,増築、改築、大規模の修繕又は大規模の模様替えを行わずに、ホテルを、用途を変 更して共同住宅とする工事,準防火地域内にある既存建築物と同一敷地内に、床面積の合計が15.0miの土地に定 着する物置を増築する建築工事 13,3,FALSE,FALSE,,（解説は未入力です。）,,,,,
2020,令和2年度,19,single,判例・横断総合,r02_1;single_choice;most_inappropriate;parsed,建築物の換気に関する次の記述のうち、最も不適切なものはどれか。,,,,,,住宅等の居室において、ホルムアルデヒドに関する技術的基準として、機械式換気 設備の必要有効換気量の計算に求められる換気回数は、建築基準法によれば、原則と して、3時間に1回である。,換気効率の指標の一つである「空気齢」は、その数値が大きいほど、その地点に供 給される空気が汚楽されている可能性が高い。,「自然換気」とは、建物の内外の温度差、外部風を利用して換気する方式のことで ある。,マンションの換気方式としても採用される「第3種換気方式」とは、自然給気と機 械排気を組み合わせた換気方式である。,1,FALSE,FALSE,,（解説は未入力です。）,,,,,
2020,令和2年度,20,single,判例・横断総合,r02_1;single_choice;direct_question;parsed,防火管理者に関する次の記述のうち、消防法の規定によれば、誤っているものはどれか。,,,,,,居住者が50人以上である共同住宅では、防火管理者を選任する必要がある。,高さ20mを超える建築物では、統括防火管理者を選任する必要がある。,甲種防火対象物である共同住宅についての防火管理者の資格を有する者には、当該 共同住宅において防火管理上必要な業務を遂行することができる管理的又は監督的な 地位にあるもので、総務大臣の登録を受けたものが行う甲種防火対象物の防火管理に 関する講習の課程を修了した者が含まれる。,防火管理者の業務の中には、消防の用に供する設備、消防用水又は消火活動上必要 な施設の点検及び整備がある。 14,2,FALSE,FALSE,,（解説は未入力です。）,,,,,
2020,令和2年度,21,single,判例・横断総合,r02_1;single_choice;direct_question;parsed,住戸内に設置する住宅用防災機器に関する次の記述のうち、消防法によれば、誤っているものはどれか。,,,,,,住宅用防災機器の設置は、新築住宅、既存住宅を問わず義務化されている。,就寝の用に供する居室には、住宅用防災機器を設置しなければならない。,共同住宅用スプリンクラー設備を設置した場合には、住宅用防災機器を設置しない ことも可能である。,住宅用防災機器の設置場所は、天井面に限られ、壁面に設置してはならない。,4,FALSE,FALSE,,（解説は未入力です。）,,,,,
2020,令和2年度,22,single,判例・横断総合,r02_1;single_choice;most_inappropriate;parsed,石綿（アスベスト）に関する次の記述のうち、最も不適切なものはどれか。,,,,,,微細な浮遊繊維が人体に有害となる石綿（アスベスト）の一つに、クロシドライト （青石綿）がある。,事業者は、石綿障害予防規則の定めにより、石綿健康診断の結果に基づく石綿健康 診断個人票を作成し、これを当該労働者が当該事業場において常時石綿等を取り扱う 業務に従事しないこととなった日から40年間保存しなければならない。,吹付け石綿及び吹付けロックウールでその含有する石綿の重量が当該建築材料の重 量の0.1%を超えるものは、建築基準法により、建築材料としての使用は禁止されて いる。,建築物などの内外装仕上げに用いられる建築用仕上げ塗材については、過去に石綿 を含有するものは製造されたことがない。 15,4,FALSE,FALSE,,（解説は未入力です。）,,,,,
2020,令和2年度,23,single,判例・横断総合,r02_1;single_choice;most_inappropriate;parsed,給排水衛生設備に関する次の記述のうち、給排水衛生設備基準・同解説（公益社団法人 空気調和・衛生工学会）によれば、最も不適切なものはどれか。,,,,,,排水口空間とは、間接排水管の端と、一般排水系統に直結している水受け容器又 は排水器具のあふれ縁との間の鉛直距離をいう。,インバートますとは、雨水中に含まれる土砂などを阻集するために、泥だめを設け たますをいう。,逆サイホン作用とは、水受け容器中に吐き出された水、使用された水、又はその他 の液体が給水管内に生じた負圧による吸引作用のため、給水管内に逆流することをい う。,伸頂通気管とは、最上部の排水横管が排水立て管に接続した点よりも更に上方へ、 その排水立て管を立ち上げ、これを通気管に使用する部分をいう。,2,FALSE,FALSE,,（解説は未入力です。）,,,,,
2020,令和2年度,24,single,判例・横断総合,r02_1;single_choice;direct_question;parsed,「高齢者、障害者等の移動等の円滑化の促進に関する法律」に関する次の記述のうち、誤っているものはどれか。,,,,,,この法律の基本理念の一つとして、この法律に基づく措置は、全ての国民が年齢、 障害の有無その他の事情によって分け隔てられることなく共生する社会の実現に資す ることを旨として、行われなければならないと示されている。,建築主等とは、建築物の建築をしようとする者又は建築物の所有者をいい、管理者 や占有者は含まれない。,共同住宅は、特別特定建築物には該当しない。,建築物特定施設には、廊下や階段などが含まれる。 16,2,FALSE,FALSE,,（解説は未入力です。）,,,,,
2020,令和2年度,25,combination,判例・横断総合,r02_1;combination;direct_question;parsed,「住宅の品質確保の促進等に関する法律」第1条（目的）に関する以下の文章について、（ア）～（ウ）に入る語句の組合せとして、正しいものはこれか。この法律は、住宅の性能に関する（ア）及びこれに基づく評価の制度を設け、住宅に係る紛争の処理体制を整備するとともに、（イ）の請負契約又は売買契約における瑕疵担保責任について特別の定めをすることにより、住宅の品質確保の促進、住宅購入者等の利益の保護及び住宅に係る紛争の迅速かつ適正な解決を図り、もって国民生活の安定向上と（ウ）に寄与することを目的とする。（ ア ）,,,,,,表示基準,表示基準,性能基準,性能基準 （ ↑ ） 新築住宅 住宅 住宅 新築住宅 （ ウ ） 国民経済の健全な発展 公共の福祉の増進 国民経済の健全な発展 公共の福祉の増進,1,FALSE,FALSE,,（解説は未入力です。）,,,,,
2020,令和2年度,26,single,判例・横断総合,r02_1;single_choice;most_inappropriate;parsed,国土交通省策定による長期修繕計画作成ガイドライン（以下、本問において「本ガイドライン」という。）によれば、次の記述のうち、「ガイドラインの目的」として最も不適切なものはどれか。,,,,,,本ガイドラインは、適切な内容の長期修繕計画の作成を促すことを目的としてい る。,本ガイドラインは、長期修繕計画に基づいた修繕積立金の額の設定を促すことを目 的としている。,本ガイドラインは、マンションの計画修繕工事の適時適切かつ円滑な実施を図るこ とを目的としている。,本ガイドラインは、外部の専門的知識を有する者による専門委員会を設置し、長期 修繕計画における基本方針を決定させることを促すことを目的としている。 17,4,FALSE,FALSE,,（解説は未入力です。）,,,,,
2020,令和2年度,27,count,判例・横断総合,r02_1;count;count;parsed,国土交通省策定による長期修繕計画作成ガイドラインによれば、次の記述のうち、「長期修繕計画の作成の前提条件」として、適切なものはいくつあるか。ア 推定修繕工事は、建物及び設備の性能・機能を新築時と同等水準に維持、回復させる修繕工事を基本とする。イ区分所有者の要望など必要に応じて、建物及び設備の性能を向上させる改修工事を設定する。ウ計画期間において、法定点検等の点検及び経常的な補修工事を適切に実施する。工計画修繕工事の実施の要否、内容等は、事前に調査・診断を行い、その結果に基づいて判断する。,,,,,,一つ,二つ,三つ,四つ,4,FALSE,FALSE,,（解説は未入力です。）,,,,,
2020,令和2年度,28,single,判例・横断総合,r02_1;single_choice;most_inappropriate;parsed,国土交通省策定による長期修繕計画作成ガイドラインによれば、「修繕積立金の額の設定方法」に関する次の記述のうち、最も不適切なものはどれか。,,,,,,修繕積立金の積立ては、長期修繕計画の作成時点において、計画期間に積み立てる 修繕積立金の額を均等にする積立方式を基本とする。,長期修繕計画及び修繕積立金の額を一定期間（5年程度）ごとに見直しを行う規定 を管理規約に定めることが望まれる。,修繕積立基金又は一時金の負担がある場合は、これらを修繕積立金会計とは区分し て管理する。,専用庭等の専用使用料及び駐車場等の使用料から、それらの管理に要する費用に充 当した残金を修繕積立金会計に繰り入れる。 18 1 2 3 4,3,FALSE,FALSE,,（解説は未入力です。）,,,,,
2020,令和2年度,29,count,判例・横断総合,r02_1;count;count_correct;parsed,集会に関する次の記述のうち、区分所有法の規定によれば、正しいものはいくつあるか。ア集会は、会日より少なくとも1週間前に、会議の目的たる事項を示して各区分所有者に通知を発しなければならず、議案の要領をも通知しなければならない場合もある。イ集会は、区分所有者全員の同意があるときは、招集の手続きを経ないで開催することができる。ウ集会で決議すべき場合において、区分所有者全員の承諾があるときは、書面による決議をすることができ、その承諾を得た事項についての書面による決議は、集会の決議と同一の効力を有する。エ 集会で決議すべきものとされた事項について、区分所有者全員の書面による合意があったときは、書面による決議があったものとみなす。一つ二つ三つ四つ,,,,,,一つ,二つ,三つ,四つ,4,FALSE,FALSE,,（解説は未入力です。）,,,,,
2020,令和2年度,30,single,判例・横断総合,r02_1;single_choice;most_appropriate;parsed,甲マンションの管理組合の総会の招集通知に関する次の記述のうち、区分所有法及び標準管理規約の定めによれば、最も適切なものはどれか。,,,,,,甲マンションに現に居住していない区分所有者の相続人から、電話により当該区分 所有者が死亡した旨の連絡があったので、当該相続人の住所、氏名を聞き、そこにあ てて総会の招集通知を発送した。,組合員名簿によると妻が甲マンションの区分所有者となっていたが、管理費等の引 落し口座は夫の名義になっているので、夫にあてて総会の招集通知を発送した。,甲マンションの区分所有者が、新たに購入した乙マンションの住所を、通知を受け るべき場所として届出をしてきたが、甲マンションの住戸にも毎日来ているので、甲 マンションの住戸にあてて、甲マンションの総会の招集通知を発送した。,外国に長期間滞在する甲マンションの区分所有者から、購入当初より通知を受ける べき場所の届出がないので、規約の定めに従って、甲マンション内の見やすい場所に ある掲示板に総会の招集通知を掲示した。,4,FALSE,FALSE,,（解説は未入力です。）,,,,,
2020,令和2年度,31,single,判例・横断総合,r02_1;single_choice;most_inappropriate;parsed,マンションの共用部分の工事における総会の決議要件に関する次の記述のうち、標準管理規約の定めによれば、最も不適切なものはどれか。,,,,,,各住戸の玄関扉の一斉交換工事には、出席組合員の議決権の過半数の賛成が必要で ある。,マンションの耐震改修工事のために、1階の全ての柱下部を切断し、その箇所に免 震部材を挿入する工事には、組合員総数の4分の3以上及び議決権総数の4分の3以 上の賛成が必要である。,下水道が完備されたため、不要となった浄化槽を撤去する工事には、組合員全員の 合意が必要である。,エントランスホールの一部を集会室に変更する工事には、組合員総数の4分の3以 上及び議決権総数の4分の3以上の賛成が必要である。 20,3,FALSE,FALSE,,（解説は未入力です。）,,,,,
2020,令和2年度,32,single,判例・横断総合,r02_1;single_choice;most_inappropriate;parsed,総会に出席することができる者に関する次の記述のうち、区分所有法及び標準管理規約の定めによれば、最も不適切なものはどれか。,,,,,,数人の共有に属する場合の住戸で、議決権を行使する者として選任され理事長に届 け出た者以外の当該住戸の区分所有者,修繕積立金の値上げが議題になっている場合の賃借人,区分所有者から議決権行使の委任状を受け取った当該区分所有者の配偶者,共同利益背反行為により、賃借人に対する専有部分の引渡し請求訴訟が議題になっ ている場合の当該賃借人 21,2,FALSE,FALSE,,（解説は未入力です。）,,,,,
2020,令和2年度,33,combination,判例・横断総合,r02_1;combination;contains_error;parsed,区分所有法に規定する管理組合法人及び標準管理規約に定める管理組合に関する次の1～4の記述の組合せのうち、誤りが含まれているものはどれか。区分所有法に規定する管理組合法人代表する理事を複数名とすることができる。理事の任期は規約により3年以内とすることができるが、再任することはできない。管理組合法人と理事との利益相反事項については、監事が管理組合法人を代表する。監事は、理事の業務執行について法令違反等があると認める場合に、その報告をするため必要があるときは、集会を招集することができる。標準管理規約に規定する管理組合代表する理事は理事長1名である。理事の任期は規約により自由に定めることができ、再任することもできる。管理組合と理事長との利益相反事項については、監事又は理事長以外の理事が管理組合を代表する。監事は、管理組合の業務執行等について不正があると認めるときは、臨時総会を招集することができる。,,,,,,管理組合法人: 代表する理事を複数名とすることができる。 標準管理規約の管理組合: 代表する理事は理事長1名である。,管理組合法人: 理事の任期は規約により3年以内とすることができるが、再任することはできない。 標準管理規約の管理組合: 理事の任期は規約により自由に定めることができ、再任することもできる。,管理組合法人: 管理組合法人と理事との利益相反事項については、監事が管理組合法人を代表する。 標準管理規約の管理組合: 管理組合と理事長との利益相反事項については、監事又は理事長以外の理事が管理組合を代表する。,管理組合法人: 監事は、理事の業務執行について法令違反等があると認める場合に、その報告をするため必要があるときは、集会を招集することができる。 標準管理規約の管理組合: 監事は、管理組合の業務執行等について不正があると認めるときは、臨時総会を招集することができる。,2,FALSE,FALSE,,（解説は未入力です。）,,,,,
2020,令和2年度,34,single,判例・横断総合,r02_1;single_choice;direct_question;parsed,共用部分に関する次の記述のうち、区分所有法の規定によれば、誤っているものはどれか。,,,,,,区分所有法第2条第4項に規定される共用部分には、全体共用部分と一部共用部分 がある。,一部共用部分を管理する団体は、全体共用部分を管理する団体とは別に、当然に団 体が構成される。,一部共用部分は、全体の利害に関係する場合でも、規約を定めなければ、区分所有 者全員で管理することはできない。,民法第177条の登記に関する規定は、法定共用部分には適用しない。,3,FALSE,FALSE,,（解説は未入力です。）,,,,,
2020,令和2年度,35,single,判例・横断総合,r02_1;single_choice;direct_question;parsed,敷地に関する次の記述のうち、区分所有法の規定によれば、正しいものはどれか。,,,,,,区分所有者が建物及び建物が所在する土地と一体として管理又は使用をする庭、通 路その他の土地は、その旨の登記により建物の敷地とすることができる。,甲地とて地の2筆の土地の上に1棟のAマンションが建っていた場合には、規約 で、甲地、乙地ともにAマンションの敷地とする旨の定めが必要である。,甲地と乙地の2筆の土地の上に1棟のAマンションが建っていた場合に、Aマン ションの一部が滅失して、乙地上には建物部分がなくなったときは、乙地は、規約で Aマンションの敷地であることを定めない限り、Aマンションの敷地ではなくなる。,1筆の甲地の上にAマンションが建っていたが、その後、甲地が乙地と内地に分筆 され、丙地上にAマンションの建物部分がなくなった場合には、両地は、規約でAマ ンションの敷地であることを定めなくても、Aマンションの敷地である。 23,4,FALSE,FALSE,,（解説は未入力です。）,,,,,
2020,令和2年度,36,single,判例・横断総合,r02_1;single_choice;direct_question;parsed,管理所有に関する次の記述のうち、区分所有法の規定によれば、正しいものはどれか。,,,,,,管理所有の主体は、区分所有権を有する管理者でなければならない。,管理所有の対象物は、共用部分、共有の建物、附属施設、敷地に限られる。,管理者が、その職務の範囲内の行為として、区分所有者の専有部分等の一時使用権 を請求する場合には、当該管理者は管理所有者であることが必要である。,管理所有が成立するためには、区分所有者及び議決権の各4分の3以上の多数によ る集会の決議と管理所有である旨の登記が必要である。,3,FALSE,FALSE,,（解説は未入力です。）,,,,,
2020,令和2年度,37,single,判例・横断総合,r02_1;single_choice;direct_question;parsed,区分所有者の責任に関する次の記述のうち、区分所有法の規定によれば、正しいものはどれか。なお、規約に別段の負担割合の定めはないものとする。,,,,,,区分所有法第7条第1項に係る債権については、債務者たる区分所有者の特定承継 人に対しても行うことができる。,管理組合が権利能力なき社団の性質を有する場合には、組合財産の有無にかかわら ず、各区分所有者は、連帯して無限責任を負う。,管理組合が法人である場合には、区分所有者は、その法人の総財産の範囲で有限責 任を負う。,管理者がその職務の範囲内において第三者との間にした行為につき、区分所有者の 負担は共用部分の持分の割合に応じた負担であるが、第三者との関係では連帯かつ無 限責任を負う。 24,1,FALSE,FALSE,,（解説は未入力です。）,,,,,
2020,令和2年度,38,single,判例・横断総合,r02_1;single_choice;direct_question;parsed,公正証書による原始規約（以下、本問において「本件規約」という。）の設定に関する次の記述のうち、区分所有法の規定によれば、誤っているものはどれか。,,,,,,本件規約は内部関係に関する規律であるため、規約共用部分を定める場合に、その 旨の登記をしなくても第三者に対抗することができる。,本件規約の設定ができる者には、最初に建物の専有部分の全部を所有する者や、当 該建物を新たに区分所有建物とすることによってその全部を所有することになった者 が想定されている。,本件規約の設定は相手方のない単独行為であり、かつ、その後に取得する区分所有 者の、団体的な権利義務関係を規律することから、あらかじめその内容を明確にして おくために、公正証書によることが求められている。,本件規約に設定できる内容は、規約共用部分に関する定め、規約による建物の敷地 に関する定め、専有部分と敷地利用権を分離処分できる旨の定め、各専有部分に係る 敷地利用権の割合に関する定めに限られる。,1,FALSE,FALSE,,（解説は未入力です。）,,,,,
2020,令和2年度,39,combination,判例・横断総合,r02_1;combination;direct_question;parsed,次の文章は、マンション等の建物に関する最高裁判所の判決の一部である。その文中の（ア）～（エ）に入る語句の組合せとして正しいものはどれか。なお、文中にある「居住者等」は、建物利用者、隣人、通行人等である。建物の建築に携わる設計者、施工者及び（ア）（以下、併せて「設計・施工者等」という。）は、建物の建築に当たり、契約関係にない居住者等に対する関係でも、当該建物に建物としての（イ） が欠けることがないように配慮すべき注意義務を負うと解するのが相当である。そして、設計・施工者等がこの義務を怠ったために建築された建物に建物としての（イ ） を損なう瑕疵があり、それにより居住者等の（ウ）が侵害された場合には、設計・施工者等は、・・（中略）・・これによって生じた損害について（エ）による賠償責任を負うというべきである。（ ア ）,,,,,,工事監理者,工事監理者,工事注文者,工事注文者 （ ↑ ） 契約適合性 基本的な安全性 基本的な安全性 契約適合性 （ ウ ） 生命又は身体 生命、身体又は財産 生命又は身体 生命、身体又は財産 （ ェ ） 不法行為 不法行為 債務不履行 債務不履行 25,2,FALSE,FALSE,,（解説は未入力です。）,,,,,
2020,令和2年度,40,single,判例・横断総合,r02_1;single_choice;direct_question;parsed,不動産登記法に関する次の記述のうち、正しいものはどれか。,,,,,,区分建物の所有権に関する事項は、登記記録の甲区欄に記録され、所有権の仮登 記、仮差押え登記は乙欄に記録される。,区分建物の表示に関する登記における区分建物の床面積は、各階ごとに壁その他の 区画の中心線で囲まれた部分の水平投影面積（いわゆる壁心計算による面積）により 算出する。,権利に関する登記を申請する場合において、その申請情報と併せて登記原因を証す る情報をその登記所に提供しなければならない。,登記記録の表題部には、土地又は建物の固定資産税評価額も記録される。,3,FALSE,FALSE,,（解説は未入力です。）,,,,,
2020,令和2年度,41,single,判例・横断総合,r02_1;single_choice;direct_question;parsed,管理業務主任者が、マンションの管理組合の役員に対して説明した内容に関する次の記述のうち、「個人情報の保護に関する法律」によれば、誤っているものはどれか。,,,,,,管理組合の組合員の氏名が記載されている名簿が、紙面によるものであっても、五 十音順など一定の規則に従って整理・分類され、容易に検索できるものであれば、そ の名簿上の氏名は「個人データ」に該当します。,マンションの共用部分に設置された防犯カメラに映る映像は、特定の個人が識別で きるものであれば「個人情報」に該当します。,"このマンションの居住者の数は、5,000人を超えていないので、管理組合は、個人 情報取扱事業者に該当せず、この法律の対象にはなりません。",マンション管理業者は、特定の組合員から当該本人が識別される保有個人データの 開示を求められたときは、その開示に係る手数料を徴収することができます。 26,3,FALSE,FALSE,,（解説は未入力です。）,,,,,
2020,令和2年度,42,count,判例・横断総合,r02_1;count;count;parsed,マンションにおける住宅宿泊事業に関する次の記述のうち、「住宅宿泊事業法」及び「住宅宿泊事業施行要領（ガイドライン）」によれば、適切なものはいくつあるか。ア区分所有者は、当該マンションの管理規約に住宅宿泊事業を禁止する旨の規定がなければ、専有部分を住宅宿泊事業の用に供することができる。イマンションで住宅宿泊事業を行う場合は、住宅宿泊事業者は、標識の掲示場所等の取扱いについて、予め管理組合と相談することが望ましい。ウ 住宅宿泊事業者は、住宅の家屋内に、台所、浴室、便所、洗面設備を設けなければならない。エ 住宅宿泊事業を営む場合に、住宅に人を宿泊させることができる日数は1年間で90日が上限である。一つ2二つ3三つ4四つ,,,,,,一つ,二つ,三つ,四つ,2,FALSE,FALSE,,（解説は未入力です。）,,,,,
2020,令和2年度,43,single,判例・横断総合,r02_1;single_choice;direct_question;parsed,区分所有者Aが、自己所有のマンションの専有部分をBに賃貸した場合に関する次の記述のうち、民法及び借地借家法の規定によれば、正しいものはどれか。なお、AB間の賃貸借契約は、定期建物賃貸借契約ではないものとする。,,,,,,Bが、Aの承諾を得ないで、その専有部分を第三者Cに転貸する契約を締結した場 合でも、Cがその専有部分の使用・収益を始めない限り、AはBとの賃貸借契約を解 除することができない。,AB間で 建物賃貸借の期間を2年間と定め、中途解約ができる旨の特約を定めな かった場合でも、Bからは、1箇月の予告期間を置けば中途解約ができる。,BがAの同意を得て付加した畳、建具その他の造作について、Bは、Aに対し、賃 貸借が終了したときにそれらの買取りを請求することができない旨の特約は無効であ る。,Bが賃料を支払わなければならない時期は、特約をしなければ、当月分について前 月末日である。,1,FALSE,FALSE,,（解説は未入力です。）,,,,,
2020,令和2年度,44,single,判例・横断総合,r02_1;single_choice;direct_question;parsed,各種の法令に関する次の記述のうち、誤っているものはどれか。,,,,,,「自動車の保管場所の確保等に関する法律」によれば、自動車を夜間（日没時から 日出時までの時間をいう。）に道路上の同一の場所に引き続き8時間以上駐車しては ならない。,備業法によれば、警備業者は、備業務を行うに当たって用いようとする服装の 色、型式を変更したときは、主たる営業所の所在地を管轄する都道府県公安委員会に 届け出なければならない。,郵便法によれば、郵便受箱を設置すべき高層建築物に設置する郵便受箱の郵便物の 差入口の大きさは、縦2センチメートル以上、横16センチメートル以上のものでなけ ればならない。,「建築物の耐震改修の促進に関する法律」によれば、建築物の所有者は、所管行政 庁に対し、当該建築物について地震に対する安全性に係る基準に適合している旨の認 定を申請することができるが、昭和56年の建築基準法施行令改正以前の耐震基準（旧 耐震基準）に基づく建物は対象外である。 28,4,FALSE,FALSE,,（解説は未入力です。）,,,,,
2020,令和2年度,45,single,判例・横断総合,r02_1;single_choice;direct_question;parsed,宅地建物取引業者Aが、自ら売主として、宅地建物取引業者ではないBを買主として、マンションの住戸の売買を行う場合に、宅地建物取引業法によれば、同法第35条の規定に基づく重要事項の説明等に関する次の記述のうち、誤っているものはどれか。,,,,,,Aは、Bに対して、損害賠償額の予定又は違約金に関する事項について、その内容 を説明しなければならない。,Aは、Bに対して、当該マンションが既存の建物であるときは、建物状況調査（実 施後国土交通省令で定める期間を経過していないものに限る。）を実施しているかど うか、及びこれを実施している場合におけるその結果の概要を説明しなければならな い。,Aは、Bに対して、当該マンションの計画的な維持修繕のための費用の積立てを行 う旨の規約の定めがあるときは、その規約の内容について説明すれば足りる。,AがBに対して交付する重要事項説明書に記名押印する宅地建物取引士は、専任の 宅地建物取引士である必要はない。 1 2 3 4,3,FALSE,FALSE,,（解説は未入力です。）,,,,,
2020,令和2年度,46,count,判例・横断総合,r02_1;count;count_incorrect;parsed,管理業務主任者及び管理業務主任者証に関する次の記述のうち、マンション管理適正化法の規定によれば、誤っているものはいくつあるか。ア 管理業務主任者証の交付を受けようとする者（試験合格日から1年以内の者を除く。）は、登録講習機関が行う講習を、交付の申請の日の90日前から30日前までに受講しなければならない。イ 管理業務主任者証の有効期間は、3年である。ウ 管理業務主任者の登録を受けた者は、登録を受けた事項に変更があったときは、遅滞なく、その旨を国土交通大臣に届け出なければならない。エ 管理業務主任者は、国土交通大臣から管理業務主任者としてすべき事務を行うことを禁止する処分を受けたときは、速やかに、管理業務主任者証を国土交通大臣に提出しなければならない。一つ二つ三つ四つ,,,,,,一つ,二つ,三つ,四つ,2,FALSE,FALSE,,（解説は未入力です。）,,,,,
2020,令和2年度,47,combination,判例・横断総合,r02_1;combination;direct_question;parsed,マンション管理業者Aが行う業務に関する次のア～エの記述のうち、マンション管理適正化法に違反するものを全て含む組合せは、次の1～4のうちどれか。ア Aは、管理組合から委託を受けた管理事務に関する帳簿について、各事業年度の末日をもって閉鎖し、3年間保存した後に、これを廃棄した。イAは、国土交通大臣に登録事項変更届出書により届出を行い、マンション管理業者登録簿に神奈川支店（従たる事務所）の登録を受けたが、すでに東京本店（主たる事務所）に標識が掲げられているため神奈川支店に標識を掲げることなくマンション管理業を行った。ウ Aは、自己が区分所有者ではなく、かつ、管理者が区分所有者であるマンションの管理組合と管理委託契約を締結したため、当該管理組合の管理者に対して、遅滞なく、契約の成立時の書面を交付した。エ Aは、管理組合から委託を受けた管理事務のうち、基幹事務の全てを当該管理組合の承諾を得て一括して他社に再委託した。,,,,,,ア・イ,ア・ウ,ア・イ・エ,イ・ウ・エ 30,3,FALSE,FALSE,,（解説は未入力です。）,,,,,
2020,令和2年度,48,combination,判例・横断総合,r02_1;combination;correct_combination;parsed,管理組合の財産の分別管理に関する次の記述のうち、マンション管理適正化法によれば、正しいものの組合せはどれか。アマンション管理業者は、修繕積立金等金銭を収納口座で管理するにあたり、管理組合の収納口座の印鑑を保管する場合に、管理組合の承諾があれば、マンションの区分所有者等から徴収される 1月分の修繕積立金等金銭の合計額以上の額につき有効な保証契約を締結する必要はない。イマンション管理業者は、管理事務の委託を受けた管理組合に管理者等が置かれていないときは、毎月、管理事務の委託を受けた当該管理組合のその月における会計の収入及び支出の状況に関する書面を作成し、翌月末日までに、当該書面を当該管理組合の区分所有者等に交付しなければならない。ウマンション管理業者は、修繕積立金等金銭を管理するにあたり、管理組合に管理者等が置かれていない場合で管理者等が選任されるまでの比較的短い期間を除き、保管口座又は収納・保管口座に係る管理組合等の印鑑、預貯金の引出用のカードその他これらに類するものを管理してはならない。エ収納・保管口座とは、マンションの区分所有者等から徴収された修繕積立金等金銭を預入し、預貯金として管理するための口座であって、管理組合等を名義人とするものをいう。,,,,,,ア・イ,ア・ウ,イ・エ,ウ・エ 31,4,FALSE,FALSE,,（解説は未入力です。）,,,,,
2020,令和2年度,49,single,判例・横断総合,r02_1;single_choice;direct_question;parsed,マンション管理業の登録に関する次の記述のうち、マンション管理適正化法の規定によれば、正しいものはどれか。,,,,,,マンション管理業者が更新の登録の申請を行った場合において、従前の登録の有効 期間の満了の日までにその申請に対する処分がなされないときは、当該マンション管 理業者の従前の登録は、当該有効期間の満了によりその効力を失う。,登録を受けていた個人が死亡した場合に、その相続人は、当該個人が死亡した日か ら30日以内にその旨を国土交通大臣に届け出なければならない。,マンション管理業を営もうとする者は、その役員のうちに、破産手続開始の決定を 受けた後、復権を得てから2年を経過しない者がいる場合には、マンション管理業の 登録を受けることができない。,マンション管理業を営もうとする者は、その役員のうちに、マンション管理適正化 法の規定により、罰金の刑に処せられ、その刑の執行が終わった日から2年を経過し ない者がいる場合には、マンション管理業の登録を受けることができない。 32,4,FALSE,FALSE,,（解説は未入力です。）,,,,,
2020,令和2年度,50,single,判例・横断総合,r02_1;single_choice;direct_question;parsed,マンション管理業者が行うマンション管理適正化法第72条の規定に基づく重要事項の説明等及び同法第73条の規定に基づく契約の成立時の書面の交付に関する次の記述のうち、マンション管理適正化法によれば、誤っているものはどれか。,,,,,,マンション管理業者は、管理組合から管理事務の委託を受けることを内容とする契 約を締結したときは、当該管理組合の管理者等に対し、遅滞なく、管理業務主任者を して、契約の成立時の書面を交付して説明をさせなければならない。,マンション管理業者は、契約の成立時に交付すべき書面を作成するときは、管理業 務主任者をして、当該書面に記名押印させなければならない。,マンション管理業者は、管理組合から管理事務の委託を受けることを内容とする契 約を新たに締結しようとするときは、あらかじめ、説明会を開催し、当該管理組合を 構成するマンションの区分所有者等及び当該管理組合の管理者等に対し、管理業務主 任者をして、重要事項の説明をさせなければならない。ただし、当該マンションの建 設工事完了の日から1年を経過する日までの間に契約期間が満了するものではないこ ととする。,マンション管理業者は、重要事項の説明会を開催するときは、できる限り説明会に 参加する者の参集の便を考慮して開催の日時及び場所を定め、管理事務の委託を受け た管理組合ごとに開催するものとする。 33,1,FALSE,FALSE,,（解説は未入力です。）,,,,,
2021,令和3年度,1,single,判例・横断総合,r03;single_choice;most_appropriate;parsed,Aが、Bとの間で、自己の所有するマンションの一住戸甲をBに売却する旨の契約を締結した場合に関する次の記述のうち、民法の規定によれば、最も適切なものはどれか。,,,,,,Aが、所有権を移転する意思がないにもかかわらず、Bと売買契約を締結した場合 に、Bがその真意を知り、又は知ることができたときは、Aは、Bに対して当該契約 の無効を主張することができる。,Aが、所有権を移転する意思がないにもかかわらず、Bと通謀して売買契約を締結 し、所有権移転登記を済ませた後に、BがAに無断で、その事情を知らない第三者C に甲を転売した場合に、Cにその事情を知らないことについて過失があるときは、A は、Cに対して、虚表示による当該売買契約の無効を主張することができる。,Aが、Bの詐欺を理由として当該売買契約を取り消した場合に、Aの取消し前に、 Bが、その事情を知らず、かつその事情を知らないことについて過失のある第三者D に甲を転売していたときは、Aは、Dに対して取消しの効果を主張することができな い。,Aが、Bの強迫を理由として当該売買契約を取り消した場合に、Aの取消し前に、 Bが、その事情を知らず、かつその事情を知らないことについて過失のない第三者E に甲を転売していたときは、Aは、Eに対して取消しの効果を主張することができな い。,1,FALSE,FALSE,,（解説は未入力です。）,,,,,
2021,令和3年度,2,single,判例・横断総合,r03;single_choice;most_inappropriate;parsed,A、B、Cが、マンションの一住戸を共同して購入するための資金として、Dから900万円を借り受け、Dとの間で、各自が連帯してその債務を負う旨の合意をした場合に関する次の記述のうち、民法の規定によれば、最も不適切なものはどれか。ただし、A、B、Cの間の負担部分は等しいものとし、完本900万円以外は考慮しないものとする。,,,,,,Aが、Dに対して600万円を弁済し、残債務の支払を免除された場合に、Bは、D から300万円の支払の請求を受けたときは、これを拒むことができない。,Bが、Dに対して、270万円を弁済した場合に、Bは、AとCのそれぞれに対して、 90万円について求償することができる。,Cが、Dに対して有する600万円の代金債権との相殺を援用しない場合に、Aは、 Dから900万円の支払請求を受けたときは、CがDに対して当該債権を有することを 理由に600万円についてDの支払請求を拒むことができる。,Cが、Dに対して、700万円を弁済したが、Bに資力がない場合に、Bから償還を 受けることができないことについてCに過失がないときは、Cは、Aに対して、350 万円を求償することができる。,3,FALSE,FALSE,,（解説は未入力です。）,,,,,
2021,令和3年度,3,single,判例・横断総合,r03;single_choice;most_appropriate;parsed,マンションの管理組合法人Aは、区分所有者Bに対して有する200万円の管理費債権を保全するため、Bの債務者Cに対する500万円の金銭債権を代位行使した場合に関する記述のうち、民法の規定によれば、最も適切なものはどれか。,,,,,,Aの代位権の行使は、Bの代理人としてBの権利を行使するものであるから、Aが 自己の権利として行使することは認められない。,Aが代位権を行使をすることができる債権額は500万円であり、Bに対する債権額 である200万円に制限されない。,CがBに対して反対債権を有していたときでも、Cは、Aに対して、相殺の抗弁を 主張することができない。,Aは、Cに対して、A自身への直接の支払を求めることができる。 2,4,FALSE,FALSE,,（解説は未入力です。）,,,,,
2021,令和3年度,4,single,判例・横断総合,r03;single_choice;most_inappropriate;parsed,Aが、自己の所有するマンションの一住戸甲をBに売却する契約の締結について、Cに代理権を授与した場合に関する次の記述のうち、民法の規定によれば、最も不適切なものはどれか。,,,,,,Cが制限行為能力者であった場合に、Aは、Cの制限行為能力を理由に代理行為を 取り消すことができない。,Cが、売却代金を着服する目的で、当該代理権の範囲内において、当該契約を締結 した場合に、Bが、Cの当該目的を知ることができたときは、Cの行為は代理権を有 しない者がした行為とみなされる。,Cの子Dは、CがAから預かった書類をA及びCに無断で持ち出し、Aの代理人と 称して当該契約を締結したところ、これを知ったBが、Aに対して、追認をするかど うかを確答すべき旨の催告をした場合に、相当の期間内に確答がなかったときは、A は追認をしたものとみなされる。,Cは、Aの許諾を得たとき、又はやむを得ない事由があるときでなければ、復代理 人を選任することができない。,3,FALSE,FALSE,,（解説は未入力です。）,,,,,
2021,令和3年度,5,single,判例・横断総合,r03;single_choice;most_inappropriate;parsed,マンションの管理組合Aの管理費に関する次の記述のうち、民法の規定によれば、最も不適切なものはどれか。,,,,,,Aが、管理費を滞納している区分所有者Bに対して、滞納管理費を請求する訴訟を 提起し、勝訴した場合には、該滞納管理費債権は、確定判決を得た時から10年間こ れを行使しないときは、時効によって消滅する。,Aが、管理費を滞納している区分所有者Cに対して、管理費の支払を催告した場合 に、その時から6箇月を経過するまでに管理組合が再度催告をしたときには、再度の 催告は時効の完成猶予の効力を有しない。,管理費を滞納している区分所有者Dが、Aに対して、管理費を滞納していることを 書面により認めたときは、その時から時効の更新の効力が生じる。,Aの管理規約において、各区分所有者は、Aに対する債務の消滅時効を主張するこ とができない旨が定められていた場合には、区分所有者Eは、滞納した管理費の債務 について、時効が完成したとしても、それによる債務の消滅を主張することができな い。 3,4,FALSE,FALSE,,（解説は未入力です。）,,,,,
2021,令和3年度,6,single,判例・横断総合,r03;single_choice;most_inappropriate;parsed,次の記述のうち、標準管理委託契約書によれば、最も不適切なものはどれか。,,,,,,マンション管理業者は、事務管理業務の管理事務の全部を、第三者に再委託するこ とができる。,管理組合は、マンション管理業者に管理事務を行わせるために不可な管理事務室、 管理用倉庫、清掃員控室、器具、備品等を無償で使用させるものとする。,マンション管理業者は、事務管理業務のうち出納業務を行う場合において、管理組 合の組合員に対し管理委託契約に従って管理費等の促を行っても、なお当該組合員 が支払わないときは、その責めを免れるものとし、その後の収納の請求は管理組合が 行うものとする。,管理組合及びマンション管理業者は、解除事由の有無にかかわらず、その相手方に 対し、少なくとも3月前に書面で解約の申入れを行うことにより、本契約を終了させ ることができる。,1,FALSE,FALSE,,（解説は未入力です。）,,,,,
2021,令和3年度,7,count,判例・横断総合,r03;count;count;parsed,宅地建物取引業者が、管理組合の組合員から、当該組合員が所有する専有部分の売却の依頼を受け、その媒介の業務のために、管理規約の提供及び「別表第5（宅地建物取引業者等の求めに応じて開示する事項）」に掲げる事項の開示を求めてきた場合に、マンション管理業者が該管理組合に代わって行う対応に関する次の記述のうち、標準管理委託契約書によれば、適切なものはいくつあるか。ただし、マンション管理業者は、その対応にあたって組合員等の個人情報の保護等を踏まえながら行うものとする。アマンション管理業者は、管理規約の提供等の業務に要する費用を当該宅地建物取引業者から受領することはできない。イマンション管理業者は、当該組合員が管理費等を滞納していることが明らかな場合であっても、当該宅地建物取引業者に対し、その清算に関する必要な措置を求めることはできない。ウマンション管理業者が管理規約の提供等を行う場合にあっては、管理規約等において宅地建物取引業者等への提供・開示に関する根拠が明確に規定されるとともに、これと整合的に管理委託契約書においてマンション管理業者による提供・開示に関して規定されることが必要である。エ 管理組合の財務・管理に関する情報を、宅地建物取引業者を通じて専有部分の購入等を予定する者に提供・開示することは、当該購入予定者等の利益の保護等に資するとともに、マンション内におけるトラブルの未然防止、組合運営の円滑化、マンションの資産価値の向上等の観点からも有意義である。,,,,,,一つ,二つ,三つ,四つ,2,FALSE,FALSE,,（解説は未入力です。）,,,,,
2021,令和3年度,8,single,判例・横断総合,r03;single_choice;most_inappropriate;parsed,次の記述のうち、標準管理委託契約書によれば、最も不適切なものはどれか。,,,,,,マンション管理業者は、地震の発生により、管理組合のために、緊急に行う必要が ある業務で、管理組合の承認を受ける時間的な余裕がないものについて、管理組合の 承認を受けないで実施した場合においては、速やかに、書面をもって、その業務の内 容及びその実施に要した費用の額を管理組合に通知しなければならない。,管理組合は、マンション管理業者が火災の発生により、緊急に行う必要がある業務 を遂行する上でやむを得ず支出した費用であれば、その発生原因が当該マンション管 理業者の責めによるものであったとしても、当該マンション管理業者に対して、その 費用を速やかに支払わなければならない。,マンション管理業者は、漏水の発生により、管理組合のために緊急に行う必要があ る場合、専有部分等に立ち入ることができるが、この場合において、マンション管理 業者は、管理組合及びマンション管理業者が立ち入った専有部分等に係る組合員等に 対し、事後速やかに、報告をしなければならない。,マンション管理業者は、マンション管理業者の責めによらない火災の発生により、 管理組合又は管理組合の組合員等が損害を受けたときは、その損害を賠償する責任を 負わない。,2,FALSE,FALSE,,（解説は未入力です。）,,,,,
2021,令和3年度,9,single,判例・横断総合,r03;single_choice;most_inappropriate;parsed,管理業務主任者が、管理費の滞納問題について、管理組合の理事会で行った次の説明のうち、最も不適切なものはどれか。,,,,,,管理費を滞納している区分所有者がその有する専有部分を第三者に賃貸していると きは、現に専有部分に居住している賃借人が、管理組合に対して管理費の支払義務を 負います。,専有部分を2名の区分所有者が各2分の1の持分で共有しているときには、管理組 合は、そのいずれか一方の区分所有者に対して滞納管理費の全額を請求することがで きます。,区分所有者が自己破産し、破産手続開始の決定があったときには、管理組合は、滞 納管理費債権について、破産手続に参加することができます。,滞納管理費について、マンション管理業者は、地方裁判所においては、管理組合の 訴訟代理人になることはできません。 6,1,FALSE,FALSE,,（解説は未入力です。）,,,,,
2021,令和3年度,10,single,判例・横断総合,r03;single_choice;most_appropriate;parsed,管理費の滞納が生じたときにとられる通常の民事訴訟によらない法的手段に関する次の記述のうち、最も適切なものはどれか。,,,,,,「内容証明郵便による督促」の場合は、簡便な手続であるが、消滅時効の完成猶予 をさせる催告としての効力は生じない。,「支払促」による場合は、簡易裁判所に申し立てることにより書記官が支払を命 ずる簡略な手統であるが、債務者から異議申立てがなされると通常の訴訟に移行して しまう。,「調停」による場合は、弁護士等の専門家に依頼することはできないが、手続が訴 訟に比べ簡明であり、調停委員の意見には強制力があることから、紛争が早期に解決 される。,「少額訴訟」による場合は、通常訴訟に比べ、少ない経済的負担で迅速かつ効果的 に解決することができるが、訴訟の目的の価額が60万円以下に制限されるため、滞納 額が60万円を超えるときは、制限額以下に分割したとしてもこの手続を利用できない。,2,FALSE,FALSE,,（解説は未入力です。）,,,,,
2021,令和3年度,11,single,判例・横断総合,r03;single_choice;most_inappropriate;parsed,管理費の滞納に関する次の記述のうち、最も不適切なものはどれか。,,,,,,滞納者が、所有している専有部分を売却し、区分所有者でなくなった場合、その専 有部分の買受人である区分所有者が滞納管理費債務を承継し、当該滞納者は滞納管理 費債務を免れる。,滞納者が破産手続開始の決定を受けた場合でも、その決定だけでは、当該滞納者は 管理費の支払義務を免れるわけではない。,滞納者が死亡し、その相続人全員が相続放棄した場合には、いずれの相続人も滞納 管理費債務を負わない。,管理規約に管理費について遅延損害金の定めがない場合でも、民法に定める法定利 率によって遅延損害金を請求することができる。 7,1,FALSE,FALSE,,（解説は未入力です。）,,,,,
2021,令和3年度,12,count,判例・横断総合,r03;count;count;parsed,管理組合の会計等に関する次の記述のうち、標準管理規約（単棟型）によれば、不適切なものはいくつあるか。ア預金口座に係る印鑑等の保管にあたっては、適切な取扱い方法を検討し、その取扱いについて総会の承認を得て細則等に定めておくことが望ましい。イ理事会の議決事項の中には、収支決算案、事業報告案、収支予算案及び事業計画案がある。ウ 災害等により総会の開催が困難である場合に、応急的な修繕工事の実施等を理事会で決議したときには、理事会は、当該工事の実施に充てるための修繕積立金の取崩しについて決議できるが、資金の借入れについては決議できない。エ 修繕積立金の保管及び運用方法を決めるにあたっては、理事会の決議だけで足り、総会の決議は不要である。一つ二つ3三つ4 四つ,,,,,,一つ,二つ,三つ,四つ,2,FALSE,FALSE,,（解説は未入力です。）,,,,,
2021,令和3年度,13,single,判例・横断総合,r03;single_choice;most_appropriate;parsed,マンション管理業者による管理事務の報告等に関する次の記述のうち、標準管理委託契約書によれば、最も適切なものはどれか。,,,,,,マンション管理業者は、管理組合の事業年度終了後あらかじめ管理委託契約書で定 められた期間内に、管理組合に対し、該年度における管理事務の処理状況及び管理 組合の会計の収支の結果を記載した書面を交付し、報告しなければならないが、その 報告をする者は管理業務主任者である必要はない。,マンション管理業者は、毎月末日までに、管理組合に対し、前月における管理事務 の処理状況に関する書面を交付しなければならない。,管理組合からマンション管理業者に対し、あらかじめ管理委託契約書で定められて いない時期に、管理事務の処理状況及び管理組合の会計の収支状況について報告を行 うよう請求があるときは、マンション管理業者は、管理業務主任者をして、その報告 をさせなければならない。,マンション管理業者が、管理組合に対し、管理事務の処理状況及び管理組合の会計 の収支状況について報告を行う場合に、管理組合は、マンション管理業者に対し、そ れらに係る関係書類の提示を求めることができる。 8,4,FALSE,FALSE,,（解説は未入力です。）,,,,,
2021,令和3年度,14,combination,判例・横断総合,r03;combination;most_appropriate;parsed,"以下の貸借対照表（勘定式）は、甲管理組合の和3年3月末日の決算において作成された一般（管理費）会計にかかる未完成の貸借対照表である。貸借対照表を完成させるために、表中の（A）及び（B）の科目と金額の組合せとして最も適切なものは、次の1～4のうちどれか。一般（管理費）会計貸借対照表令和3年3月31日現在資産の部負債・繰越金の部科目科目現金普通預金（未収入金資産の部 合計A）金額100,000900,000100,000",,,,,,",500,000 未払金 預り金 （ B 次期繰越剰余金 負債・繰越金の部 合計 ） （単位：円） 金額 200,000 100,000 800,000 1,500,000 1 資産の部 A 科目 金額 前払金 400,000","A 前払金 600,000 負債・繰越金の部 B B 科目 金額 前受金 400,000 前受金 600,000","A 前受金 400,000","A 前受金 600,000 B B 前払金 ： 400,000 前払金 600,000 9",1,FALSE,FALSE,,（解説は未入力です。）,,,,,
2021,令和3年度,15,single,判例・横断総合,r03;single_choice;most_appropriate;parsed,管理組合における以下の①～③の活動に関し、和3年3月分の仕訳として最も適切なものは、次の1～4のうちどれか。ただし、会計処理は毎月次において発生主義の原則によって処理されているものとする。（管理組合の会計年度：毎年4月1日から翌年3月31日まで）活動令和3年3月中の管理組合の普通預金の入金の内訳は、次の①～③の通りである。① 令和3年2月以前分管理費収入,,,,,,月分,"月分 修繕積立金収入 1月分 2月分 100,000円 150,000円 10,000円 20,000円 計 計 250,000円 30,000円 ② 令和3年3月分 管理費収入 修繕積立金収入 ③ 令和3年4月分 管理費収入 修繕積立金収入","月分 3月分 250,000円 50,000円 計 300,000円","月分 4月分 2,500,000円 500,000円 計 合計 3,000,000円 3,580,000円 10 1（借方） 普通預金 2 （借方） 普通預金 3 （借方） 普通預金 4 （借方） 普通預金 3,580,000 3,580,000 3,580,000 3,580,000 （貸方） 未収入金 管理費収入 修繕積立金収入 前受金 （貸方） 管理費収入 修繕積立金収入 （貸方） 管理費収入 修繕積立金収入 前受金 （貸方） 未収入金 管理費収入 修繕積立金収入 （単位：円） 280,000 250,000 50,000 3,000,000 3,000,000 580,000 500,000 80,000 3,000,000 280,000 2,750,000 550,000 11",1,FALSE,FALSE,,（解説は未入力です。）,,,,,
2021,令和3年度,16,single,判例・横断総合,r03;single_choice;most_appropriate;parsed,"管理組合における以下の①～③の活動に関し、和3年3月分の仕訳として最も適切なものは、次の1～4のうちどれか。ただし、会計処理は毎月次において発生主義の原則によって処理されているものとする。（管理組合の会計年度：毎年4月1日から翌年3月31日まで）活動① 令和2年12月1日に壁面の補修のためにA社に発注し、令和3年2月末日に完了し塗装工事の代金2,350,000円を令和3年3月15日に普通預金から支払った。② 令和3年1月10日にB社に1,200,000円で発注した外階段の補修工事について、令和3年3月15日にB社から完了報告があり、工事代金は令和3年4月15日に普通預金から支払われる。③ 令和3年3月1日にC社に350,000円で発注した備品である除雪機が、令和3年4月1日に納入され、納入後10日以内にその代金が支払われる契約となっている。（単位：円）2,350,000",,,,,,",200,000 2350,000 1,200,000 1 （借方） 未払金 修繕費",（借方） 修繕費,",550,000 3 （貸方） 普通預金 未払金 （貸方） 普通預金 未払金 （貸方） 普通預金 2,350,000 1,200,000","（借方） 未払金 修繕費 （借方） 修繕費 備品 2,350,000 1,200,000 3,550,000 3,550,000 350,000 （貸方） 普通預金 未払金 3,550,000 350,000 12",1,FALSE,FALSE,,（解説は未入力です。）,,,,,
2021,令和3年度,17,single,判例・横断総合,r03;single_choice;most_inappropriate;parsed,マンションの屋上の防水に関する次の記述のうち、最も不適切なものはどれか。,,,,,,メンブレン防水とは、被膜を形成して防水層を作る工法の総称である。,シート防水に用いられる、プラスチック系の材料等で作られたシートは、変形能力 が大きく下地の動きに追従する。,建築改修工事監理指針によれば、外気温の著しい低下が予想されるときは、塗膜防 水を施工しなければならない。,ウレタン系塗膜防水工法は、突出物の多い屋上の改修工事の際に、施工が容易なた め採用されることが多い。,3,FALSE,FALSE,,（解説は未入力です。）,,,,,
2021,令和3年度,18,single,判例・横断総合,r03;single_choice;most_inappropriate;parsed,鉄筋コンクリートに関する次の記述のうち、最も不適切なものはどれか。,,,,,,建築基準法によれば、特定の要件を満たす部材を除いて、布基礎の立上り部分を除 いた基礎においては、鉄筋に対するコンクリートのかぶり厚さは、捨コンクリートの 部分を除き、6cm以上としなければならない。,コンクリートは、通常の使用範囲において温度上昇に伴う膨張の程度が鉄筋とほぼ 等しい。,硬化したコンクリートが、空気中の二酸化炭素の作用によって次第にアルカリ性を 失って中性に近づく現象を中性化という。,アルカリ骨材反応とは、アルカリ反応性骨材と鉄筋が長期にわたる化学反応により、 その鉄筋が発錆し膨張することで、コンクリートにひび割れを生じたり崩壊したりす る現象をいう。 13,4,FALSE,FALSE,,（解説は未入力です。）,,,,,
2021,令和3年度,19,single,判例・横断総合,r03;single_choice;most_inappropriate;parsed,マンションの構造・部材に関する次の記述のうち、最も不適切なものはどれか。,,,,,,免震装置を設置することにより、建築物がゆっくりと水平移動し、建築物に作用す る地震力を低減する構造形式を免震構造という。,建築基準法に定める「主要構造部」には、建築物の構造上重要でない間仕切壁は、 含まれない。,建築基準法によれば、1つの建築物で高さが部分的に異なる場合には、原則として、 各部分の高さに応じて異なる構造方法による基礎を併用しなければならない。,建築基準法によれば、特定の要件を満たす場合を除いて、各戸の界壁は小屋裏又は 天井裏に達していなければならない。,3,FALSE,FALSE,,（解説は未入力です。）,,,,,
2021,令和3年度,20,single,判例・横断総合,r03;single_choice;most_inappropriate;parsed,上水の給水設備に関する次の記述のうち、最も不適切なものはどれか。,,,,,,水道法によれば、簡易専用水道とは、水道事業の用に供する水道及び専用水道以外 の水道であって、水道事業の用に供する水道から供給を受ける水のみを水源とし、そ の供給を受けるために設けられる水槽の有効容量の合計が20mを超えるものをいう。,建築基準法により、共同住宅の給水タンクに保守点検用のマンホールを設置する必 要がある場合には、そのマンホールは、直径60cm以上の円が内接することができるも のとしなければならない。,給水管でのウォーターハンマーを防止するために、管内流速が過大とならないよう に流速は毎秒1.5～2.0m以下が標準とされている。,流しの水栓の開口部にあっては、あふれ面と水栓の開口部との垂直距離を保つ等、 水の逆流防止のための有効な措置を講ずる。 14,1,FALSE,FALSE,,（解説は未入力です。）,,,,,
2021,令和3年度,21,single,判例・横断総合,r03;single_choice;most_inappropriate;parsed,建築基準法及び給排水衛生設備規準・同解説（公益社団法人 空気調和・衛生工学会）によれば、排水通気設備に関する次の記述のうち、最も不適切なものはどれか。,,,,,,衛生器具の排水トラップは、二重トラップとならないように設けることとする。,通気弁は、吸気機能だけを有する弁で、排水通気管内が負圧になる部分のみに設け る。,特殊継手排水システムは、超高層共同住宅に対応するために、伸頂通気管と通気立 て管を併設し、許容排水流量を大きくした排水通気方式である。,排水立て管の管径は、どの階においても最下部の管径と同一とする。,3,FALSE,FALSE,,（解説は未入力です。）,,,,,
2021,令和3年度,22,single,判例・横断総合,r03;single_choice;most_inappropriate;parsed,換気設備に関する次の記述のうち、最も不適切なものはどれか。,,,,,,建築基準法のホルムアルデヒドに関する技術的基準によれば、住宅等の居室におけ る機械換気設備（居室内の空気を浄化して供給する方式を用いるものを除く。）の必 要有効換気量は、居室の床面積に天井高さを乗じたものの0.5倍である。,全熱交換型の換気は、「第2種換気方式」である。,建築基準法によれば、換気設備を設けるべき調理室等に、火を使用する設備又は器 具の近くに排気フードを有する排気筒を設ける場合においては、排気フードは、不燃 材料で造らなければならない。,浴室や便所等の換気に用いる「第3種換気方式」では、必要換気量を確保するため に、換気扇の運転時に給気を確保できるよう十分な大きさの給気口を設ける必要があ る。 15,2,FALSE,FALSE,,（解説は未入力です。）,,,,,
2021,令和3年度,23,single,判例・横断総合,r03;single_choice;most_inappropriate;parsed,建築基準法第2条（用語の定義）に関する次の記述のうち、最も不適切なものはどれか。,,,,,,特殊建築物には、病院、劇場、百貨店、工場などのほか、共同住宅も含まれる。,建築設備とは、建築物に設ける電気、ガス、給水、排水、換気、暖房、冷房、消火、 排煙若しくは汚物処理の設備又は煙突、昇降機若しくは避雷針をいう。,居室とは、居住、執務、作業、集会、娯楽その他これらに類する目的のために継続 的に使用する室をいう。,建築とは、建築物を新築し、増築し、改築し、移転し、大規模の修繕をし、又は大 規模の模様替えをすることをいう。,4,FALSE,FALSE,,（解説は未入力です。）,,,,,
2021,令和3年度,24,single,判例・横断総合,r03;single_choice;most_inappropriate;parsed,防火管理者に関する次の記述のうち、消防法によれば、最も不適切なものはどれか。ただし、本問において共同住宅とは消防法施行令別表第一（五）項口に掲げる防火対象物とする。,,,,,,高さ40mの共同住宅で100人が居住している場合に、その管理について権原が分か れているものの管理について権原を有する者は、統括防火管理者を協議して定めなけ ればならない。,法第8条第1項の管理について権原を有する者は、政令で定める資格を有する者の うちから防火管理者を定め、政令で定めるところにより、消防計画に基づく消火、通 報及び避難の訓練の実施を行わせなければならない。,法第8条第1項の管理について権原を有する者は、管理的又は監督的な地位にある 者のいずれもが遠隔の地に勤務していることその他の事由により防火管理上必要な業 務を適切に遂行することができない場合であっても、防火管理業務を外部へ委託する ことはできない。,法第8条第1項の管理について権原を有する者は、政令で定める資格を有する者の うちから防火管理者を定め、政令で定めるところにより、避難又は防火上必要な構造 及び設備の維持管理を行わせなければならない。 16,3,FALSE,FALSE,,（解説は未入力です。）,,,,,
2021,令和3年度,25,single,判例・横断総合,r03;item_set;most_inappropriate;parsed,長期修繕計画の対象の範囲に関する次の記述のうち、長期修繕計画作成ガイドラインによれば、最も不適切なものはどれか。,,,,,,単棟型のマンションの場合は、管理規約に定めた組合管理部分である敷地を全て対 象とする。,単棟型のマンションの場合は、専有部分を全て対象としない。,団地型のマンションの場合は、一般的に、団地全体の土地、附属施設及び団地共用 部分を対象とする。,団地型のマンションの場合は、一般的に、各棟の共用部分を対象とする。,2,FALSE,FALSE,,（解説は未入力です。）,,,,,
2021,令和3年度,26,single,判例・横断総合,r03;single_choice;most_inappropriate;parsed,長期修繕計画作成ガイドラインに用いられている用語の定義について、最も不適切なものはどれか。,,,,,,推定修繕工事とは、長期修繕計画において、計画期間内に見込まれる修繕工事（補 修工事（経常的に行う補修工事を除く。）を含む。以下本問において同じ。）及び改修 工事をいう。,計画修繕工事とは、長期修繕計画に基づいて計画的に実施する修繕工事及び改修工 事をいう。,修繕工事費とは、計画修繕工事の実施に要する費用をいう。,修繕積立金とは、推定修繕工事に要する費用に充するための積立金をいう。 17,4,FALSE,FALSE,,（解説は未入力です。）,,,,,
2021,令和3年度,27,combination,判例・横断総合,r03;combination;direct_question;parsed,長期修繕計画の見直しに関する以下のア～ウの記述のうち、長期修繕計画作成ガイドラインによれば、適切なものを全て含む組合せは、次の1～4のうちどれか。ア 大規模修繕工事と大規模修繕工事の中間の時期に単独で、長期修繕計画の見直しを行う。イ大規模修繕工事の直前に基本計画の検討に併せて、長期修繕計画の見直しを行う。ウ 大規模修繕工事の実施の直後に修繕工事の結果を踏まえて、長期修繕計画の見直しを行う。,,,,,,ア,ア・ウ,イ・ウ,ア・イ・ウ,4,FALSE,FALSE,,（解説は未入力です。）,,,,,
2021,令和3年度,28,count,判例・横断総合,r03;count;count;parsed,監事の職務に関する次の記述のうち、標準管理規約（単棟型）によれば、適切なものはいくつあるか。ア監事は、管理組合の業務執行及び財産の状況について不正があると認めるときは、臨時総会を招集することができる。イ監事は、当該会計年度の収支決算案の会計監査をし、通常総会に報告し、その承認を得なければならない。ウ監事は、理事の業務執行が著しく不当であると認めるときは、直ちに理事会を招集することができる。エ監事は、理事が理事会の決議に違反する事実があると認めるときは、遅滞なく、その旨を理事会に報告しなければならない。,,,,,,一つ,二つ,三つ,四つ,2,FALSE,FALSE,,（解説は未入力です。）,,,,,
2021,令和3年度,29,count,判例・横断総合,r03;count;count;parsed,団地の雑排水管等の管理及び更新工事に関する次の記述のうち、標準管理規約（団地型）によれば、適切なものはいくつあるか。ア 全棟の雑排水管の高圧洗浄に要する費用は、その年度の事業計画・予算の承認を得ていれば、管理費から支出することができる。イ 各棟の雑排水管の立て管及び継手部分の更新工事に要する費用は、各棟修繕積立金から支出することができない。ウ 新築時から全棟の全住戸に設置されている給湯器ボイラーの一斉取替えに要する費用は、管理組合の普通決議により、団地修繕積立金から支出することができる。エ 集会所の雑排水管の更新工事に要する費用は、管理組合の普通決議により、団地修繕積立金から支出することができる。,,,,,,一つ,二つ,三つ,四つ 1 2 3 4,2,FALSE,FALSE,,（解説は未入力です。）,,,,,
2021,令和3年度,30,count,判例・横断総合,r03;count;count;parsed,次の記述のうち、標準管理規約（単棟型）又は標準管理規約（複合用途型）によれば、適切なものはいくつあるか。ア 窓枠及び窓ガラスの一斉交換工事は、総会の普通決議により行うことができる。イ店舗用階段を店舗用エレベーターに変更する工事を行うためには、店舗部会の特別多数決議のみで足りる。ウ 新築時から全戸に設置されている台所・浴室の換気扇の一斉取替えは、総会の普通決議により行うことができる。エ IT化工事に関し、既存のパイプスペースを利用して光ファイバー・ケーブルを敷設する工事は、総会の普通決議により行うことができる。一つ二つ三つ四つ,,,,,,一つ,二つ,三つ,四つ,2,FALSE,FALSE,,（解説は未入力です。）,,,,,
2021,令和3年度,31,single,判例・横断総合,r03;single_choice;most_appropriate;parsed,甲マンションにおいて、理事会に出席できない理事の取扱い等に関する次の記述のうち、標準管理規約（単棟型）によれば、最も適切なものはどれか。なお、甲マンションの管理規約は、標準管理規約（単棟型）と同一の定めがあるものとし、そのコメントに基づく別段の定めはないものとする。,,,,,,外国に出張中で理事会に出席できない理事がいたが、議長（理事長）一任の委任状 の提出を求めた。,議題が「長期修繕計画の変更案について」と既に決まっていたため、理事会に出席 できない理事には議決権行使書の提出を求めた。,専有部分の改良工事の申請について、理事会に出席できない理事がいたため、電磁 的方法による決議をしようとしたとき、監事は電磁的方法について反対したが、理事 の過半数の承諾があったので、当該申請について電磁的方法により理事会で決議した。,病気で入院中の理事がいたので、その理事に代わって、その理事の配者に、理事 会への出席と決議への参加を求めた。,3,FALSE,FALSE,,（解説は未入力です。）,,,,,
2021,令和3年度,32,single,判例・横断総合,r03;single_choice;most_inappropriate;parsed,共用部分及びその持分等に関する次の記述のうち、区分所有法の規定によれば、最も不適切なものはどれか。,,,,,,区分所有者が数個の専有部分を所有する場合の各敷地利用権の割合は、共用部分の 持分の割合と同一であり、規約で別段の定めをすることができない。,共用部分の管理に関する事項であっても、それが専有部分の使用に特別の影響を及 ぼすべきときは、その専有部分の所有者の承諾を得なければならない。,共用部分の持分の割合と管理費等の負担割合は、一致しないこともある。,共用部分の共有者は、この法律に別段の定めがある場合を除いて、その有する専有 部分と分離して共用部分の持分を処分することができない。 20,1,FALSE,FALSE,,（解説は未入力です。）,,,,,
2021,令和3年度,33,count,判例・横断総合,r03;count;count;parsed,共用部分の変更（その形状又は効用の著しい変更を伴わないものを除く。）又は規約の変更を集会で決議する場合に関する次の記述のうち、区分所有法の規定によれば、適切なものはいくつあるか。ア集会決議の要件に関し、共用部分の変更については、規約で別段の定めをして区分所有者の定数のみを過半数まで減ずることはできるが、規約については、同様の変更はできない。イ共用部分の変更は、区分所有者全員の承諾があれば、集会によらず書面による決議ですることができるが、規約の変更は、集会によらず書面による決議ですることはできない。ウ 集会の招集通知を発するに際して、共用部分の変更にかかる議案については、議案の要領を各区分所有者に通知しなければならないが、規約の変更にかかる議案については、その必要はない。エ 規約の変更は、その規約事項について区分所有者間の利害の衡平が図られなければならない。,,,,,,一つ,二つ,三つ,四つ 21,2,FALSE,FALSE,,（解説は未入力です。）,,,,,
2021,令和3年度,34,single,判例・横断総合,r03;single_choice;direct_question;parsed,区分所有法の規定によれば、建替え決議が可決した後、建替えに参加するか否かの催告期間が終了するまでの間に、次の行動をとった区分所有者に対し、買受指定者として定められている者が、当該催告期間経過後に、売渡請求できるのはどれか。,,,,,,建替え決議で建替えに賛成したが、事情により建替えに参加できない旨を申し出た。,建替え決議で建替えに反対したが、建替えに参加する旨を回答し、その後さらに、 その回答を撤回して、参加しない旨を申し出た。,建替え決議で建替えに反対し、建替えに参加しない旨を回答したが、その後さらに、 その回答を撤回して、参加する旨を申し出た。,建替え決議で議決権を行使しなかったが、建替えに参加するか否かの回答もしな かった。,4,FALSE,FALSE,,（解説は未入力です。）,,,,,
2021,令和3年度,35,single,判例・横断総合,r03;single_choice;most_inappropriate;parsed,管理組合法人に関する次の記述のうち、区分所有法の規定によれば、最も不適切なものはどれか。,,,,,,代表理事を管理者とする旨を規約で定めても無効である。,管理組合法人及び理事について、その代理権に加えた制限を規約で定めても、善意 の第三者に対抗することができない。,代表権のない理事を置くことを規約で定めても無効である。,監事の任期を3年間とすることを規約で定めることができる。 22,3,FALSE,FALSE,,（解説は未入力です。）,,,,,
2021,令和3年度,36,count,判例・横断総合,r03;count;count;parsed,総住戸数96（この中には、1人で2住戸を所有する区分所有者が6人おり、それ以外に2人で1住戸を共有する住戸が3つ含まれる。）の甲マンションにおける総会に関する次のア～エの記述のうち、標準管理規約（単棟型）によれば、不適切なものはいくつあるか。ただし、議決権については1住戸1議決権の定めがあるものとする。ア総会開催のための招集通知書は、最低93部が必要である。イ総会の会議は、出席する組合員の議決権数の合計が49以上でなければ成立しない。ウ理事長に対し会議の目的を示して総会の招集を請求するためには、組合員数18以上及び議決権数20以上の同意が必要である。エ 総会で規約変更の決議をするためには、組合員数68以上及び議決権数72以上の賛成が必要である。,,,,,,一つ,二つ,三っ,四つ 23,2,FALSE,FALSE,,（解説は未入力です。）,,,,,
2021,令和3年度,37,single,判例・横断総合,r03;single_choice;direct_question;parsed,次に掲げるもののうち、区分所有法第4条第2項の規定により規約共用部分とすることができるものは、どれか。,,,,,,団地内にある集会場に使われている建物,建物横に設置した屋根のない駐輪場,区分所有者全員が利用可能な専有部分,エントランスホール 1 2 3 4,3,FALSE,FALSE,,（解説は未入力です。）,,,,,
2021,令和3年度,38,count,判例・横断総合,r03;count;count;parsed,次の記述のうち、区分所有法の規定、標準管理規約（単棟型）及び判例によれば、理事会の決議のみで行うことができるものはいくつあるか。ア 管理組合の業務を委託するマンション管理業者を変更すること。イ組合員が利用していないマンションの屋上部分に、携帯電話基地局の設置を認めて、電信電話会社から賃料収益を得る契約を締結すること。ウ敷地及び共用の施設での禁煙細則案と、それに伴う規約の改正案を検討するために、別途の予算を要さずに組合員で構成される専門委員会を設置すること。エ 管理者である理事長が1箇月入院することになったため、理事長と他の理事との職務を交代すること。一つ二つ三つ四つ,,,,,,一つ,二つ,三つ,四つ,2,FALSE,FALSE,,（解説は未入力です。）,,,,,
2021,令和3年度,39,count,判例・横断総合,r03;count;count;parsed,次の記述のうち、判例によれば、適切なものはいくつあるか。ア 特定の専有部分の排水を階下の専有部分の天井裏の枝管を通じて排水する場合、その枝管は、その構造及び設置場所に照らし、専有部分に属しない建物の附属物に当たり、区分所有者全員の共用部分と解される。イ区分所有者の全員又は管理組合法人が、共同利益背反行為をした賃借人に係る賃貸借契約を解除し、賃借人に対し、当該専有部分の引渡しを求める集会決議をするには、あらかじめ、賃貸人たる区分所有者及び当該賃借人に対し、弁明の機会を与えなければならない。ウ 管理組合は、区分所有者全員の共有に属する敷地につき、一部の区分所有者に係る駐車場専用使用料の増額について、その必要性及び合理性が認められ、かつ、その増額された額が社会通念上相当な額であると認められる場合には、規約又は集会決議をもって、その専用使用権者の承諾を得ることなく増額を決することができる。エ 政党ビラの配布行為は、憲法21条1項で保障されている表現の自由の行使に該当することから、マンションの各住戸のポストへの政党ビラの投のために各階の廊下等に立ち入る行為が住居侵入罪（刑法130条）に該当することはない。,,,,,,一つ,二つ,三つ,四つ 25,2,FALSE,FALSE,,（解説は未入力です。）,,,,,
2021,令和3年度,40,count,判例・横断総合,r03;count;count;parsed,マンションの売買又は賃貸借に関する次の記述のうち、消費者契約法が適用されるものはいくつあるか。アマンションの分譲業者が、マンションの一住戸を合同会社に、その従業員の個人居住用として使用することの明示を受けて売却する契約イ 宅地建物取引業者が、いわゆる「買取再販事業」として、既存のマンションを購入し、個人に居住用として売却する契約ウ 個人が、マンションの賃貸業者から、1階の店舗部分を店舗用として賃借する契約エマンションの賃貸業者から、マンションの一住戸を個人の居住用として賃借する契約の場合に、その賃借人が個人の宅地建物取引業者であるとき,,,,,,一つ,二つ,三つ,四つ,3,FALSE,FALSE,,（解説は未入力です。）,,,,,
2021,令和3年度,41,combination,判例・横断総合,r03;combination;direct_question;parsed,区分所有者Aが、自己の所有するマンションの専有部分をBに賃貸する契約において、AB間で合意した次の特約のうち、民法及び借地借家法の規定によれば、無効であるものを全て含む組合せはどれか。アBが、賃料を滞納した場合には、Aは、直ちに専有部分に入る玄関扉の鍵を取り替える特約イBは、賃貸借の契約期間中、中途解約できる特約ウ Bが死亡したときは、同居する相続人がいる場合であっても、賃貸借契約は終了する特約エ BがAの同意を得て建物に付加した造作であっても、賃貸借契約の終了に際して、造作買取請求はできない特約,,,,,,エ,ア・イ,ア・ウ,イ・ウ・エ,1,FALSE,FALSE,,（解説は未入力です。）,,,,,
2021,令和3年度,42,single,判例・横断総合,r03;single_choice;most_appropriate;parsed,各種の法令に関する次の記述のうち、最も適切なものはどれか。,,,,,,「景観法」によれば、景観計画区域内において、マンション等の建築物の外観を変 更することとなる修繕若しくは模様替又は色彩の変更を行おうとする者は、あらかじ め、国土交通省令で定めるところにより、行為の種類、場所、設計又は施行方法、着 手予定日その他国土交通省令で定める事項を景観行政団体の長に届け出なければなら ない。,「動物の愛護及び管理に関する法律」によれば、動物の所有者又は占有者は、その 所有し、又は占有する動物の逸走を防止するために必要な措置を講じなければならず、 これに違反した場合は、同法により一定の罰則が科せられる。,"「個人情報の保護に関する法律」によれば、取り扱う個人情報によって識別される 特定の個人の数の合計が、過去6月以内のいずれの日においても5,000を超えない管 理組合は、同法の個人情報取扱事業者に該当しない。",「浄化槽法」によれば、浄化槽管理者は、使用されている浄化槽については、3年 に1回、保守点検及び清掃をしなければならない。,2,FALSE,FALSE,,（解説は未入力です。）,,,,,
2021,令和3年度,43,single,判例・横断総合,r03;single_choice;most_appropriate;parsed,国土交通省が公表している分譲マンションの新規供給戸数及びストック戸数の推計に関する次の記述のうち、最も適切なものはどれか。,,,,,,築40年超の分譲マンションの戸数は、和年末において、分譲マンションストッ ク総数の約3割を占めている。,公表の対象となっている分譲マンションとは、中高層（3階建て以上）・分譲・共 同建で、鉄筋コンクリート、鉄骨鉄筋コンクリート又は鉄骨造の住宅をいう。,令和年末における分譲マンションストック総数に対して、平成27年の国勢調査に よる一世帯当たり平均人員をかけると、国民の約2割が分譲マンションに居住してい ることになる。,令和年末現在の分譲マンションストック総数は、約500万戸である。 27,1,FALSE,FALSE,,（解説は未入力です。）,,,,,
2021,令和3年度,44,single,判例・横断総合,r03;single_choice;most_appropriate;parsed,賃貸住宅管理業法によれば、次の記述のうち、最も適切なものはどれか。ただし、勧誘者とは、特定転貸事業者が特定賃貸借契約の締結についての勧誘を行わせる者をいう。,,,,,,特定転貸事業者又は勧誘者は、特定賃貸借契約に基づき賃借した賃貸住宅を第三者 に転貸する事業に係る特定賃貸借契約の条件について広告をするときは、特定賃貸借 契約に基づき特定転貸事業者が支払うべき家賃、賃貸住宅の維持保全の実施方法、特 定賃貸借契約の解除に関する事項その他の国土交通省令で定める事項について、著し く事実に相違する表示をし、又は実際のものよりも著しく優良であり、若しくは有利 であると人を誤認させるような表示をしてはならない。,特定転貸事業者は、特定賃貸借契約を締結しようとするときは、特定賃貸借契約の 相手方となろうとする者（特定転貸事業者である者その他の特定賃貸借契約に係る専 門的知識及び経験を有すると認められる者として国土交通省令で定めるものを除 く。）に対し、業務管理者をして、当該特定賃貸借契約を締結するまでに、特定賃貸 借契約の内容及びその履行に関する事項であって国土交通省令で定めるものについて、 書面を交付して説明しなければならない。,特定転貸事業者は、国土交通省令で定めるところにより、当該特定転貸事業者の業 務及び財産の状況を記載した書類を、特定賃貸借契約に関する業務を行う営業所又は 事務所に備え置き、特定賃貸借契約の相手方又は相手方となろうとする者の求めに応 じ、その写しを交付しなければならない。,特定転貸事業者は、第29条の不な勧誘等の禁止の規定に違反して、故意に事実を 告げない場合、懲役若しくは罰金に処せられるか、又はこれを併科されるが、勧誘者 は、特定転貸事業者と同様に違反したとしても罰則の対象にはならない。 28,1,FALSE,FALSE,,（解説は未入力です。）,,,,,
2021,令和3年度,45,single,判例・横断総合,r03;single_choice;most_appropriate;parsed,宅地建物取引業者Aが自ら売主としてマンションの一住戸の売買を行う場合、宅地建物取引業法第35条の規定に基づく重要事項の説明に関する次の記述のうち、最も適切なものはどれか。なお、説明の相手方は宅地建物取引業者ではないものとする。,,,,,,Aは、「水防法施行規則」第11条第1号の規定により該マンションが所在する市 町村の長が提供する図面に当該マンションの位置が表示されているときは、当該図面 における当該マンションの所在地を主に説明しなければならない。,Aは、当該マンションについて、石綿の使用の有無を買主に説明するために、自ら その調査を行わなければならない。,Aは、当該マンションが既存の建物である場合には、当該マンションについて、建 物状況調査結果の概要を記載した書面で、買主に説明するために、自らその調査を実 施しなければならない。,Aは、台所、浴室、便所その他の当該住戸の設備の整備の状況について、記載した 書面で、買主に説明しなければならない。,2,FALSE,FALSE,,（解説は未入力です。）,,,,,
2021,令和3年度,46,single,判例・横断総合,r03;single_choice;most_inappropriate;parsed,マンション管理業者が行うマンション管理適正化法に基づく契約の成立時の書面の交付に関する次の記述のうち、最も不適切なものはどれか。,,,,,,法第73条第1項の規定によれば、マンション管理業者は、管理組合から管理事務の 委託を受けることを内容とする契約を締結したときは、当該管理組合の管理者等（ 該マンション管理業者が当該管理組合の管理者等である場合又は当該管理組合に管理 者等が置かれていない場合にあっては、当該管理組合を構成するマンションの区分所 有者等全員）に対し、遅滞なく、契約の成立時の書面を交付しなければならない。,マンション管理業者は、法第73条第1項の規定に基づく書面の交付に代えて、当該 書面に記載すべき事項を、電子情報処理組織を使用する方法その他の情報通信の技術 を利用する方法により提供する場合においては、管理組合の管理者等又は管理組合を 構成するマンションの区分所有者等の承諾を得る必要はない。,法第73条第1項の規定によれば、マンション管理業者が、管理組合から管理事務の 委託を受けることを内容とする契約を締結した場合において、管理事務の一部の再委 託に関する定めがあるときは、契約の成立時に交付する書面にその内容を記載しなけ ればならない。,マンション管理業者が、法第73条第1項の規定に違反して、虚偽の記載のある書面 を交付したときは、30万円以下の罰金に処せられる。 29,3,FALSE,FALSE,,（解説は未入力です。）,,,,,
2021,令和3年度,47,count,判例・横断総合,r03;count;count;parsed,マンション管理業者がマンション管理適正化法第72条の規定に基づく重要事項を記載した書面の交付、説明を行う場合における次の記述のうち、マンション管理適正化法によれば、適切なものはいくつあるか。アマンション管理業者は、新たに建設されたマンションが分譲された場合、当該マンションの人の居住の用に供する独立部分の引渡しの日のうち最も早い日から1年の間に契約期間が満了する管理組合との管理受託契約を締結しようとするときであっても、当該管理組合を構成するマンションの区分所有者等及び当該管理組合の管理者等に対し、重要事項を記載した書面を交付し、管理業務主任者をして、説明をさせなければならない。イマンション管理業者は、重要事項説明会の開催日の1週間前までに説明会の開催の日時及び場所について、管理組合を構成するマンションの区分所有者等及び管理組合の管理者等の見やすい場所に掲示しなければならない。ウマンション管理業者は、重要事項説明会を開催するときは、できる限り説明会に参加する者の参集の便を考慮して開催の日時及び場所を定め、管理事務の委託を受けた管理組合ごとに開催するものとする。エ 法第72条第3項の規定によれば、マンション管理業者は、従前の管理受託契約と同一の条件で管理組合との管理受託契約を更新しようとする場合において、当該管理組合に管理者等が置かれているときは、当該管理者等に対し、管理業務主任者をして、重要事項について、これを記載した書面を交付して説明をさせなければならない。一つ2二つ3 三つ四つ,,,,,,一つ,二つ,三つ,四つ,4,FALSE,FALSE,,（解説は未入力です。）,,,,,
2021,令和3年度,48,count,判例・横断総合,r03;count;count;parsed,管理業務主任者及び管理業務主任者証に関する次の記述のうち、マンション管理適正化法によれば、適切なものはいくつあるか。ア 管理業務主任者証の有効期間は、5年である。イ 管理業務主任者が、管理業務主任者証がその効力を失ったにもかかわらず、速やかに、管理業務主任者証を国土交通大臣に返納しない場合は、10万円以下の過料に処せられる。ウ 管理業務主任者証の有効期間は、申請により更新することができる。工管理業務主任者が、管理業務主任者として行う事務に関し、不正又は著しく不当な行為をし、その情状が特に重いときは、国土交通大臣は、当該管理業務主任者の登録を取り消さなければならない。,,,,,,一つ,二っ,三つ,四つ 31,3,FALSE,FALSE,,（解説は未入力です。）,,,,,
2021,令和3年度,49,combination,判例・横断総合,r03;combination;direct_question;parsed,マンション管理業者が行うマンション管理適正化法第76条の規定に基づく管理組合の財産の分別管理に関する次の記述のうち、マンション管理適正化法によれば、適切なものを全て含む組合せはどれか。アマンション管理業者は、管理組合から委託を受けて管理する修繕積立金等については、自己の固有財産及び他の管理組合の財産と分別して管理しなければならない。イマンション管理業者は、同法施行規則第87条第2項第1号ハに定める方法により収納・保管口座で修繕積立金等金銭を管理する場合にあっては、マンションの区分所有者等から徴収される1月分の修繕積立金等金銭の合計額以上の額につき有効な保証契約を締結していなければならない。ウマンション管理業者は、修繕積立金等金銭を管理するにあたり、管理組合に管理者等が置かれていない場合で管理者等が選任されるまでの比較的短い期間に限り保管する場合を除き、保管口座又は収納・保管口座に係る管理組合等の印鑑、預貯金の引出用のカードその他これらに類するものを管理してはならない。エ 保管口座とは、マンションの区分所有者等から徴収された修繕積立金を預入し、又は修繕積立金等金銭若しくは管理組合又はマンションの区分所有者等から受領した管理費用に充する金銭の残額を収納口座から移し換え、これらを預貯金として管理するための口座であって、管理組合等を名義人とするものをいう。,,,,,,ア・ウ,イ・エ,ア・ウ・エ,ア・イ・ウ・エ 32,3,FALSE,FALSE,,（解説は未入力です。）,,,,,
2021,令和3年度,50,combination,判例・横断総合,r03;combination;direct_question;parsed,マンション管理業の登録に関する次の記述のうち、マンション管理適正化法によれば、適切なものを全て含む組合せはどれか。アマンション管理業の更新の登録を受けようとする者は、登録の有効期間満了の日の90日前から30日前までの間に登録申請書を提出しなければならない。イマンション管理業者が更新の登録の申請を行った場合において、従前の登録の有効期間の満了の日までにその申請に対する処分がなされないときは、当該マンション管理業者の従前の登録は、当該有効期間の満了後もその処分がなされるまでの間は、なお効力を有する。ウマンション管理業を営もうとする者は、法人でその役員のうちに、「暴力団員による不な行為の防止等に関する法律」第2条第6号に規定する暴力団員又は同号に規定する暴力団員でなくなった日から5年を経過しない者がいた場合は、マンション管理業の登録を受けることができない。エマンション管理業者が、マンション管理業を廃止した場合においては、その日から2週間以内に、その旨を国土交通大臣に届け出なければならない。,,,,,,ア・イ,ア・ウ,ア・イ・ウ,イ・ウ・エ,3,FALSE,FALSE,,（解説は未入力です。）,,,,,
2022,令和4年度,1,single,判例・横断総合,r04;single_choice;most_appropriate;parsed,委任契約に関する次の記述のうち、民法の規定によれば、最も適切なものはどれか。,,,,,,受任者は、委任が終了した後に、遅滞なくその経過及び結果を報告すればよく、委 任者の請求があっても委任事務の処理の状況を報告する義務はない。,受任者は、特約がなければ、委任者に対して報酬を請求することができない。,委任者は、受任者に不利な時期には、委任契約を解除することができない。,受任者が報酬を受けるべき場合、履行の中途で委任が終了したときには、受任者は、 委任者に対し、既にした履行の割合に応じた報酬についても請求することはできない。,2,FALSE,FALSE,,（解説は未入力です。）,,,,,
2022,令和4年度,2,single,判例・横断総合,r04;single_choice;most_inappropriate;parsed,時効に関する次の記述のうち、民法の規定によれば、最も不適切なものはどれか。,,,,,,消滅時効が完成し、時効が援用されて権利が消滅すると、その権利は最初からな かったものとされる。,時効の利益は、時効完成後には放棄することができない。,債権者が、債務者に対して金銭の支払を求めて訴えを提起した場合に、確定判決に よって権利が確定したときは、時効が更新される。,地上権や地役権についても、時効による権利の取得が認められる。 1,2,FALSE,FALSE,,（解説は未入力です。）,,,,,
2022,令和4年度,3,count,判例・横断総合,r04;count;count;parsed,マンションの管理組合Aが、施工会社Bとの間で締結したリフォーム工事の請負契約に関する次の記述のうち、民法の規定によれば、適切なものはいくつあるか。ア Aは、Bとの別段の合意がない限り、Bに対し、仕事に着手した時に報酬の全額を支払わなければならない。イAは、仕事が完成した後でも、Bに生じた損害を賠償して請負契約を解除することができる。ウ Bの行ったリフォーム工事に契約不適合がある場合、Aは、その不適合を知った時から1年以内にその旨をBに対して通知しなければ、履行の追完の請求をすることができない。エ 請負契約が仕事の完成前に解除された場合であっても、Bが既にしたリフォーム工事によってAが利益を受けるときは、Bは、Aが受ける利益の割合に応じて報酬を請求することができる。,,,,,,一つ,二つ,三つ,四つ 2,2,FALSE,FALSE,,（解説は未入力です。）,,,,,
2022,令和4年度,4,single,判例・横断総合,r04;single_choice;most_appropriate;parsed,甲土地を所有するAが、B銀行から融資を受けるに当たり、甲土地にBのために抵当権を設定した場合に関する次の記述のうち、民法の規定によれば、最も適切なものはどれか。ただし、甲土地には、Bの抵当権以外の担保権は設定されていないものとする。,,,,,,抵権設定当時、甲土地上にA所有の建物があった場合には、当該抵当権の効力は 当該建物にも及ぶ。,抵権設定当時、甲土地が更地であった場合、当該抵権の実行手続により買い受 けたCから甲土地の明渡しが求められたときには、Aは、その請求に応じなければな らない。,抵権の設定行為において別段の合意がない限り、被担保債権の利息は当該抵権 によって担保されない。,Bの抵権は、Aに対しては、被担保債権が存在していても、時効によって消滅す る。,2,FALSE,FALSE,,（解説は未入力です。）,,,,,
2022,令和4年度,5,count,判例・横断総合,r04;count;count;parsed,Aが死亡した場合における相続に関する次の記述のうち、民法の規定によれば、不適切なものはいくつあるか。ア Aの子Bが相続放棄をした場合は、Bの子でAの直系卑属であるCが、Bに代わって相続人となる。イ Aの子Dに相続欠格事由が存在する場合は、Dの子でAの直系卑属であるEが、Dに代わって相続人となる。ウ Aの遺言によりAの子Fが廃除されていた場合は、Fの子でAの直系卑属であるGが、Fに代わって相続人となる。エ Aの子日がAより前に死亡し、さらにHの子でAの直系卑属であるIもAより前に死亡していた場合は、Iの子でAの直系卑属である」が相続人となる。,,,,,,一つ,二つ,三つ,四つ 3,1,FALSE,FALSE,,（解説は未入力です。）,,,,,
2022,令和4年度,6,single,判例・横断総合,r04;single_choice;most_appropriate;parsed,標準管理委託契約書「別表第1 事務管理業務」に関する次の記述のうち、最も適切なものはどれか。,,,,,,マンション管理業者は、年に一度、管理組合の組合員の管理費等の滞納状況を、当 該管理組合に報告する。,マンション管理業者は、長期修繕計画案の作成業務及び建物・設備の劣化状況等を 把握するための調査・診断を実施し、その結果に基づき行う当該計画の見直し業務を 実施する場合は、本契約の一部として追加・変更することで対応する。,マンション管理業者は、管理組合の要求に基づいて、自己の名をもって総会議事録 を作成し、組合員等に交付する。,マンション管理業者は、管理対象部分に係る各種の点検、検査等の結果を管理組合 に報告するとともに、改善等の必要がある事項については、具体的な方策を当該管理 組合に助言する。,4,FALSE,FALSE,,（解説は未入力です。）,,,,,
2022,令和4年度,7,single,判例・横断総合,r04;single_choice;most_inappropriate;parsed,標準管理委託契約書に関する次の記述のうち、最も不適切なものはどれか。,,,,,,標準管理委託契約書は、管理組合が管理事務をマンション管理業者に委託する場合 を想定しており、營備業法に定める備業務、消防法に定める防火管理者が行う業務 は、管理事務に含まれない。,マンション管理業者の管理対象部分は敷地及び共用部分等であるが、専有部分の設 備であっても、管理組合が管理を行うとされている場合において、管理組合から依頼 があるときには、契約内容にこれを含めることも可能である。,管理事務室は、管理組合がマンション管理業者に管理事務を行わせるため、有償で 使用させるものとしている。,組合員が滞納した管理費等の促については、弁護士法第72条の規定を踏まえ、債 権回収はあくまで管理組合が行うものであることに留意し、マンション管理業者の協 力について、事前に協議が整っている場合は、協力内容、費用の負担等に関し、具体 的に規定するものとする。 4,3,FALSE,FALSE,,（解説は未入力です。）,,,,,
2022,令和4年度,8,single,判例・横断総合,r04;single_choice;most_inappropriate;parsed,標準管理委託契約書「別表第2 管理員業務」に関する次の記述のうち、最も不適切なものはどれか。,,,,,,受付等の業務には、宅配物の預かり、引渡し、利害関係人に対する管理規約等の閲 覧が含まれる。,点検業務には、建物の外観目視点検、無断駐車等の確認が含まれる。,立会業務には、災害、事故等の処理の立会い、そのための専有部分の鍵の保管が含 まれる。,報告連絡業務には、立会結果等の報告、事故等発生時の連絡が含まれる。,3,FALSE,FALSE,,（解説は未入力です。）,,,,,
2022,令和4年度,9,single,判例・横断総合,r04;single_choice;most_appropriate;parsed,管理費の滞納に関する次の記述のうち、民法及び民事訴訟法によれば、最も適切なものはどれか。,,,,,,管理組合が、管理費の滞納者に対し、滞納管理費の支払を内容証明郵便で請求した 後、その時から6箇月を経過するまでの間に、再度、滞納管理費の支払を内容証明郵 便で請求すれば、あらためて時効の完成猶予の効力が生じる。,管理費を滞納している区分所有者が死亡した場合、遺産分割によって当該マンショ ンを相続した相続人が滞納債務を承継し、他の相続人は滞納債務を承継しない。,管理費の滞納者が、滞納額25万円の一部であることを明示し、管理組合に対し5万 円を支払った場合には、残りの20万円については、時効の更新の効力を有する。,管理費の滞納者が行方不明になった場合には、管理組合は、当該滞納者に対し、滞 納管理費の支払についての訴えを提起することができない。,3,FALSE,FALSE,,（解説は未入力です。）,,,,,
2022,令和4年度,10,count,判例・横断総合,r04;count;count;parsed,管理組合Aが、区分所有者Bに対して滞納管理費の支払を請求するために民事訴訟法上の「少額訴訟」を利用する場合に関する次の記述のうち、適切なものはいくつあるか。ア A又はBが、当該少額訴訟の終局判決に対して不服があるときは、管轄の地方裁判所に控訴することができる。イBは、訴訟が係属している間であれば、いつでも、当該少額訴訟を通常の訴訟手続に移行させる旨の申述をすることができる。ウ Bが滞納している管理費の総額が70万円である場合に、Aは、訴訟の目的の価額を60万円として少額訴訟を利用することができる。エ Bは、当該少額訴訟において反訴を提起することはできない。,,,,,,一つ,二つ,三つ,四つ,2,FALSE,FALSE,,（解説は未入力です。）,,,,,
2022,令和4年度,11,single,判例・横断総合,r04;single_choice;most_appropriate;parsed,管理費の滞納に対する法的手続等に関する次の記述のうち、最も適切なものはどれか。,,,,,,管理費を滞納している区分所有者が、不可抗力により、管理費を支払うことができ ないときは、債務不履行に係る遅延損害金の賠償については、不可抗力をもって抗弁 とすることができる。,管理費を滞納している区分所有者からその区分所有するマンションを購入した買主 は、売主の滞納管理費債務を承継するが、当該債務に係る遅延損害金の債務は承継し ない。,管理組合は、管理費を滞納している区分所有者に対する訴訟の目的の価額が140万 円を超えない場合は、簡易裁判所に訴えを提起することができる。,管理組合が、管理費を滞納している区分所有者に対し、滞納管理費の支払を普通郵 便により催告しても、時効の完成猶予の効力は生じない。 6,3,FALSE,FALSE,,（解説は未入力です。）,,,,,
2022,令和4年度,12,single,判例・横断総合,r04;single_choice;most_inappropriate;parsed,管理組合の監事に関する次の記述のうち、標準管理規約（単棟型）によれば、最も不適切なものはどれか。,,,,,,監事は、いつでも、理事及び管理組合の職員に対して業務の報告を求め、又は業務 及び財産の状況の調査をすることができる。,監事は、管理組合の業務の執行及び財産の状況について不正があると認めるときは、 臨時総会を招集することができる。,監事は、理事会に出席し、必要があると認めるときは、意見を述べなければならな い。,監事は、理事が不正の行為をし、若しくは当該行為をするおそれがあると認めると きは、直ちに、理事会を招集することができる。 7,4,FALSE,FALSE,,（解説は未入力です。）,,,,,
2022,令和4年度,13,single,判例・横断総合,r04;single_choice;most_inappropriate;parsed,管理組合の会計等に関する次の記述のうち、標準管理規約（単棟型）によれば、最も不適切なものはどれか。,,,,,,理事長は、管理組合の会計年度の開始後、通常総会において収支予算案の承認を得 るまでの間に、通常の管理に要する経費のうち、経常的であり、かつ、通常総会にお いて収支予算案の承認を得る前に支出することがやむを得ないと認められるものにつ いては、理事会の承認を得て支出を行うことができ、当該支出は収支予算案による支 出とみなされる。,駐車場使用料収入は、当該駐車場の管理に要する費用に充てるほか、修繕積立金と して積み立てる。,収支決算の結果、管理費に余剰を生じた場合には、その余剰は翌年度における管理 費に充当する。,管理組合の会計処理に関する細則の変更は、総会の特別多数決議を経なければなら ない。,4,FALSE,FALSE,,（解説は未入力です。）,,,,,
2022,令和4年度,14,combination,判例・横断総合,r04;combination;most_appropriate;parsed,以下の表アは、甲管理組合の令和4年3月末日の決算において作成された一般（管理費）会計に係る未完成の貸借対照表（定式）である。表アを完成させるために、表ア中の（A）及び（B）に入る科目と金額の組合せとして最も適切なものは、表イの1～4のうちどれか。一般（管理費）会計貸借対照表令和4年3月31日現在表ア資産の部現金預金科目（A未収入金什器及び備品資産の部合計表イ負債・繰越金の部金額,,,,,,"A 資産の部: 仮払金 200,000 B 負債・繰越金の部: 仮受金 200,000","A 資産の部: 仮受金 200,000 B 負債・繰越金の部: 仮払金 200,000","A 資産の部: 仮受金 100,000 B 負債・繰越金の部: 仮払金 100,000","A 資産の部: 仮払金 100,000 B 負債・繰越金の部: 仮受金 100,000",4,FALSE,FALSE,,（解説は未入力です。）,,,,,
2022,令和4年度,15,single,判例・横断総合,r04;single_choice;most_appropriate;parsed,"管理組合における以下の①〜③の活動に関し、令和4年3月分の仕訳として、最も適切なものはどれか。ただし、会計処理は毎月次において発生主義の原則によって処理されているものとする。（管理組合の会計年度：毎年4月1日から翌年3月31日まで）活動令和4年3月中の管理組合の普通預金の入金の内訳は、次の①～③の通りである。① 令和4年2月以前分管理費収入修繕積立金収入駐車場使用料収入専用庭使用料収入250,000円70,000円10,000円3,000円② 令和4年3月分管理費収入修繕積立金収入駐車場使用料収入専用庭使用料収入350,000円100,000円20,000円6,000円③ 令和4年4月以降分管理費収入修繕積立金収入駐車場使用料収入専用庭使用料収入2,600,000円750,000円70,000円15,000円計計333,000円476,000円計合計3,435,000円4,244,000円",,,,,,（借方） 普通預金,（借方） 普通預金,（借方） 普通預金,"（借方） 普通預金 4, 244,000 4,241,000 4,241,000 4,241,000 （貸方） 未収入金 管理費収入 修繕積立金収入 駐車場使用料収入 専用庭使用料収入 （貸方） 管理費収入 修繕積立金収入 駐車場使用料収入 専用庭使用料収入 （貸方） 管理費収入 修繕積立金収入 駐車場使用料収入 専用庭使用料収入 前受金 （貸方） 未収入金 管理費収入 修繕積立金収入 駐車場使用料収入 専用庭使用料収入 前受金 （単位：円） 333,000 2,950,000 850,000 90,000 21,000 3,200,000 920,000 100,000 24,000 600,000 170,000 30,000 9,000 3,435,000 333,000 350,000 100,000 20,000 6,000 3,435,000 11",4,FALSE,FALSE,,（解説は未入力です。）,,,,,
2022,令和4年度,16,single,判例・横断総合,r04;single_choice;most_appropriate;parsed,"管理組合における以下の①〜③の活動に関し、令和4年3月分の仕訳として、最も適切なものはどれか。ただし、会計処理は毎月次において発生主義の原則によって処理されているものとする。（管理組合の会計年度：毎年4月1日から翌年3月31日まで）活動① 令和4年1月に防犯カメラ更新工事をA社に3,500,000円で発注し、令和4年2月末日に更新が完了した。その代金は和4年3月15日に普通預金から支払った。②給水ポンプに係る機器が故障したので、その修理を令和4年3月5日にB社に450,000円で発注した。令和4年3月10日にB社から完了報告があり、その代金は令和4年4月20日に普通預金から支払う予定である。③ 6年周期で実施される避難階段の講止め塗布について、令和4年3月15日にC社に",,,,,,"借方 修繕費 1,450,000 貸方 未払金 1,450,000","借方 未払金 3,500,000 貸方 普通預金 3,500,000","借方 修繕費 3,950,000 貸方 普通預金 3,500,000・未払金 450,000","借方 器具備品 3,500,000・修繕費 450,000 貸方 普通預金 3,500,000・未払金 450,000",3,FALSE,FALSE,,（解説は未入力です。）,,,,,
2022,令和4年度,17,single,判例・横断総合,r04;single_choice;most_inappropriate;parsed,建築基準法第2条及び同法施行令第1条の用語の定義に関する次の記述のうち、最も不適切なものはどれか。,,,,,,「建築物」とは、土地に定着する工作物のうち、屋根及び柱若しくは壁を有するも の（これに類する構造のものを含む。）などをいい、建築設備を含まない。,「敷地」とは、一の建築物又は用途上不可分の関係にある二以上の建築物のある一 団の土地をいう。,「主要構造部」とは、壁、柱、床、はり、屋根又は階段をいい、建築物の構造上重 要でない部分を除く。,「大規模の修繕」とは、建築物の主要構造部の一種以上について行う過半の修繕を いう。,1,FALSE,FALSE,,（解説は未入力です。）,,,,,
2022,令和4年度,18,single,判例・横断総合,r04;single_choice;most_inappropriate;parsed,消防法第9条の2に規定する住宅用防災機器である住宅用防災管報器に関する次の記述のうち、最も不適切なものはどれか。,,,,,,住宅用防災報器とは、住宅における火災の発生を未然に又は早期に感知して報知 する響報器をいう。,消防法の規定により住宅用防災報器を設置する必要がある場合には、その住宅用 防災報器は、天井又は壁の屋内に面する部分に設置しなければならない。,住宅用防災報器は、市町村の火災予防条例による別段の定めがある場合を除き、 台所にのみ設置すればよい。,住宅の関係者には、住宅用防災報器を設置する義務に加えて、適切に維持する義 務が課せられている。 13,3,FALSE,FALSE,,（解説は未入力です。）,,,,,
2022,令和4年度,19,single,判例・横断総合,r04;single_choice;most_appropriate;parsed,竣工後25年の時点で、コア採取によりコンクリートの中性化深さを測定したところ20mmであった場合に、この中性化が、かぶり厚さ40mmの鉄筋に到達するまで、竣工後25年時点から要する年数として、最も適切なものはどれか。,,,,,,中性化深さは経過年数（t）に比例するので、鉄筋に到達するまで約25年かかる。,中性化深さは経過年数の二乗（ゼ）に比例するので、鉄筋に到達するまで約10年 かかる。,中性化深さは経過年数の平方根（/t）に比例するので、鉄筋に到達するまで約75 年かかる。,中性化深さは経過年数の立方根（※/t）に比例するので、鉄筋に到達するまで約175 年かかる。,3,FALSE,FALSE,,（解説は未入力です。）,,,,,
2022,令和4年度,20,single,判例・横断総合,r04;single_choice;most_inappropriate;parsed,コンクリートのひび割れの補修に関する次の記述のうち、「コンクリートのひび割れ調査、補修・補強指針2013」（公益社団法人 日本コンクリート工学会）によれば、最も不適切なものはどれか。,,,,,,外気温の変動による挙動が小さいひび割れ幅0.1mmの補修に、ポリマーセメント ペーストによるひび割れ被覆工法を適用した。,外気温の変動による挙動が小さいひび割れ幅0.5mmの補修に、アクリル劇脂系注 人材による注入工法を適用した。,外気温の変動による挙動が大きいひび割れ幅0.5mmの補修に、ポリマーセメント ペーストによる注入工法を適用した。 かとう,外気温の変動による挙動が大きいひび割れ幅1.0mmの補修に、可撓性エポキシ梅 脂による「先頭工法を適用した。 14,3,FALSE,FALSE,,（解説は未入力です。）,,,,,
2022,令和4年度,21,single,判例・横断総合,r04;single_choice;most_inappropriate;parsed,マンションの塗装部分の汚れや付着物の除去方法に関する次の記述のうち、「建築保全標準・同解説 JAMS 4ーRC 補修・改修設計規準」（一般社団法人日本建築学会）によれば、最も不適切なものはどれか。じんあい,,,,,,塵埃については、ブラシを用いて水洗いした。,カビについては、ワイヤブラシでかき落とした後に、水洗いした。,油脂類については、中性洗剤洗いをした後に、水洗いした。,鉄錆については、ディスクグラインダーを用いて除去した後に、水洗いした。,2,FALSE,FALSE,,（解説は未入力です。）,,,,,
2022,令和4年度,22,single,判例・横断総合,r04;single_choice;most_inappropriate;parsed,住戸セントラル給湯方式の熱源機器及び配管に関する次の記述のうち、最も不適切なものはどれか。,,,,,,自然冷媒ヒートポンプ給湯機とは、貯湯タンクを設ける必要がなく、冷媒として二 酸化炭素を用い水を昇温させた後、湯を直接、必要箇所へ供給できる給湯機である。,潜熱回収型ガス給湯機とは、燃焼ガス排気部に給水管を導き、燃焼時に熱交換して 昇温してから、燃焼部へ水を送り再加熱するものである。,さやヘッダ式配管工法とは、住戸の入口近くにヘッダを設置し、床下などに各衛 生器具と一対一で対応させたさやを敷設しておき、後からさや管内に脂管を通 して配管する工法である。,ガス給湯機の能力表示における1号とは、毎分流量1lの水の温度を25°C上昇させ る能力をいう。 15,1,FALSE,FALSE,,（解説は未入力です。）,,,,,
2022,令和4年度,23,single,判例・横断総合,r04;single_choice;most_inappropriate;parsed,換気設備に関する次の記述のうち、最も不適切なものはどれか。,,,,,,全熱交換型の換気は、「第1種換気方式」である。,建築基準法によれば、居室には、政令で定める技術的基準に従って換気設備を設け た場合を除いて、換気のための窓その他の開口部を設け、その換気に有効な部分の面 積は、その居室の床面積に対して、20分の1以上としなければならない。,換気効率の指標の一つである「空気齢」は、その数値が小さいほど、その地点に供 給される空気が汚染されている可能性が高い。,建築基準法によれば、建築物の調理室等で火を使用する設備又は器具の近くに排気 フードを有する排気筒を設ける場合においては、排気フードは、不燃材料で造らなけ ればならない。,3,FALSE,FALSE,,（解説は未入力です。）,,,,,
2022,令和4年度,24,single,判例・横断総合,r04;item_set;most_inappropriate;parsed,エレベーターに関する次の記述のうち、建築基準法によれば、最も不適切なものはどれか。,,,,,,地震時等管制運転装置とは、地震等の加速度を検知して、自動的に、かごを昇降路 の出入口の戸の位置に停止させ、かつ、当該かごの出入口の戸及び昇降路の出入口の 戸を開き、又はかご内の人がこれらの戸を開くことができることとする安全装置をい う。,乗用エレベーターには、駆動装置又は制器に故障が生じ、かご及び昇降路のすべ ての出入口の戸が閉じる前にかごが昇降したときなどに、自動的にかごを制止する安 全装置を設けなければならない。,火災時などの災害時に消防隊が人の救助活動及び消火活動に利用するための非常用 エレベーターは、高さ40mを超える建築物に設置が義務付けられている。,非常用エレベーターの乗降ロビーの床面積は、非常用エレベーター1基について 10m以上としなければならない。 16,3,FALSE,FALSE,,（解説は未入力です。）,,,,,
2022,令和4年度,25,single,判例・横断総合,r04;item_set;most_inappropriate;parsed,長期修繕計画の作成に関する次の記述のうち、長期修繕計画作成ガイドラインによれば、最も不適切なものはどれか。,,,,,,長期修繕計画の対象の範囲は、単棟型のマンションの場合、管理規約に定めた組合 管理部分である敷地、建物の共用部分及び附属施設（共用部分の修繕工事又は改修工 事に伴って修繕工事が必要となる専有部分を含む。）である。,計画期間の設定の際は、新築マンションの場合は30年以上で、かつ大規模修繕工事 が2回含まれる期間以上とする必要があり、既存マンションの場合は20年以上の期間 とする必要がある。,推定修繕工事費の算定における単価の設定の際は、新築マンション、既存マンショ ンのどちらの場合であっても、修繕工事特有の施工条件等を考慮する。,長期修繕計画は、計画的に見直す必要があり、また、その際には、併せて、修繕積 立金の額も見直す必要がある。 17,2,FALSE,FALSE,,（解説は未入力です。）,,,,,
2022,令和4年度,26,combination,判例・横断総合,r04;combination;most_appropriate;parsed,次の長期修繕計画作成ガイドライン本文のうち、「はじめに（2）長期修繕計画標準様式、長期修繕計画作成ガイドライン及び同コメントの必要性及び位置づけ②長期修繕計画標準様式、長期修繕計画作成ガイドライン及び同コメントの必要性」の（ア）～（ウ）に入る語句の組合せとして、最も適切なものはどれか。建物等の劣化に対して適時適切に修繕工事等を行うために作成する長期修繕計画は、i計画期間ii 推定修繕工事項目iI （ア）i 推定修繕工事費v 収支計画を含んだもので作成し、これに基づいてvi （イ）の算出を行います。長期修繕計画標準様式、長期修繕計画作成ガイドライン及び同コメントは、長期修繕計画の標準的な様式を示し、長期修繕計画を作成・見直しするための基本的な考え方と長期修繕計画標準様式を使用しての作成方法を示すことで、計画の内容及び修繕積立金額の設定等について（ウ）で合意形成を行いやすくするために作成したものです。（ア）,,,,,,修繕周期,修繕周期,推定修繕施工者,推定修繕施工者 （イ） 修繕積立金の額 見直し期間 修繕積立金の額 見直し期間 （ウ） 区分所有者間 理事会 理事会 区分所有者間,1,FALSE,FALSE,,（解説は未入力です。）,,,,,
2022,令和4年度,27,count,判例・横断総合,r04;count;count;parsed,長期修繕計画の作成における管理組合の役割に関する次の記述のうち、長期修繕計画作成ガイドラインによれば、適切なものはいくつあるか。ア 管理組合は、分譲会社から交付された設計図書、数量計算書等のほか、計画修繕工事の設計図書、点検報告書等の修繕等の履歴情報を整理し、区分所有者等の求めがあれば閲覧できる状態で保管することが必要である。イ管理組合は、長期修繕計画の見直しに当たっては、必要に応じて専門委員会を設置するなど、検討を行うために管理組合内の体制を整えることが必要である。ウ 管理組合は、長期修繕計画の作成及び修繕積立金の額の設定に当たって、総会の開催に先立ち説明会等を開催し、その内容を区分所有者に説明するとともに、長期修繕計画について総会で決議することが必要である。エ 管理組合は、長期修繕計画を管理規約等と併せて、区分所有者等から求めがあれば閲覧できるように保管することが必要である。一つ2二つ三つ4 四つ,,,,,,一つ,二つ,三つ,四つ,4,FALSE,FALSE,,（解説は未入力です。）,,,,,
2022,令和4年度,28,single,判例・横断総合,r04;single_choice;most_appropriate;parsed,修繕積立金の額の目安を確認する場合に、長期修繕計画の計画期間（以下、本間において「計画期間」という。）全体における修繕積立金の専有面積当たりの月額単価の算出方法の式として、修繕積立金ガイドラインによれば、最も適切なものはどれか。ただし、機械式駐車場に係る修繕積立金は考慮しないものとする。a：計画期間当初における修繕積立金の残高（円）b：計画期間全体で集める修繕積立金の総額（円）C：計画期間全体における専用使用料等からの繰入額の総額（円）d：マンションの建築延床面積（m2）e：マンションの総専有床面積（m2）f：長期修繕計画の計画期間（ヶ月）g：計画期間全体における修繕積立金の平均額（円／m2・月）,,,,,,g=（atb） =d=f,g=（atb） se＝f,g=（atbtc） =d-f,g=（atbtc）=e=f,4,FALSE,FALSE,,（解説は未入力です。）,,,,,
2022,令和4年度,29,count,判例・横断総合,r04;count;count;parsed,マンションの管理規約の定めに関する次の記述のうち、区分所有法によれば、不適切なものはいくつあるか。ア管理組合法人の理事の任期を1年と定めることイ 共用部分の管理に関する事項を議事とする総会が成立する定足数を組合員総数の3分の2以上と定めることウ 共用部分の変更（その形状又は効用の著しい変更を伴わないものを除く。）は、組合員総数の過半数及び議決権総数の4分の3以上の多数による集会の決議で決すると定めることエマンションの価格の2分の1以下に相当する部分が滅失した場合の共用部分の復旧は、組合員総数及び議決権総数の各過半数の賛成による集会の決議で決すると定めること,,,,,,一つ,二つ,三つ,なし,4,FALSE,FALSE,,（解説は未入力です。）,,,,,
2022,令和4年度,30,single,判例・横断総合,r04;single_choice;most_appropriate;parsed,次の記述のうち、標準管理規約（単棟型）によれば、修繕積立金を取り崩して充当することができるものとして最も適切なものはどれか。,,,,,,建物の建替えに係る合意形成に必要となる事項の調査に要する経費に充当する場合,共用部分の階段のすべり止めに数箇所の副離が生じたため、その補修費に充当する 場合,共用部分に係る火災保険料に充当する場合,WEB会議システムを用いて理事会を開催するため、パソコン数台を購入する費用 に充当する場合,1,FALSE,FALSE,,（解説は未入力です。）,,,,,
2022,令和4年度,31,count,判例・横断総合,r04;count;count;parsed,理事会に関する次の記述のうち、標準管理規約（単棟型）によれば、適切なものはいくつあるか。ア会計担当理事の会計担当の職を解くことは、出席理事の過半数により決することができる。イWEB会議システムを用いて理事会を開催する場合は、当該理事会における議決権行使の方法等を、規約や細則において定めなければならない。ウ 理事会の議事録については、議長及び議長の指名する2名の理事会に出席した理事がこれに署名しなければならない。エ 総会提出議案である収支予算案は、理事の過半数の承諾があるときは、電磁的方法により決議することができる。,,,,,,一つ,二つ,三つ,なし,2,FALSE,FALSE,,（解説は未入力です。）,,,,,
2022,令和4年度,32,count,判例・横断総合,r04;count;count;parsed,マンション管理組合総会での議決権行使に関する議長の取扱いについての次の記述のうち、民法、標準管理規約（単棟型）、標準管理規約（団地型）及び標準管理規約（複合用途型）によれば、不適切なものはいくつあるか。ア2住戸を有する区分所有者が、同一議案について1住戸の議決権は反対し、他の,,,,,,一つ,二つ,三つ,四つ,3,FALSE,FALSE,,（解説は未入力です。）,,,,,
2022,令和4年度,33,count,判例・横断総合,r04;count;count;parsed,専有部分にある設備の管理に関し、理事長から次のア～エの順で説明があった。標準管理規約（単棟型）によれば、不適切なものはいくつあるか。ア そもそも、専有部分に係る配管の取替えに要する費用については、各区分所有者が実費に応じて負担するのが原則です。イただし、専有部分に係る配管のうち共用部分と構造上一体となった部分の管理を共用部分の管理と一体として行う必要があるときは、専有部分に係る配管を含めて管理組合が管理を行うことができます。ウ その場合には、あらかじめ長期修繕計画において専有部分の配管の取替えについても記載することで、共用部分と一体的な専有部分の配管の取替工事も行うことができます。エ そして、その工事費用を修繕積立金から拠出することについて規約に規定することで、修繕積立金を取り崩して専有部分の工事費用に充てることができます。一つ2二つ3三つ4 なし,,,,,,一つ,二つ,三つ,なし,4,FALSE,FALSE,,（解説は未入力です。）,,,,,
2022,令和4年度,34,single,判例・横断総合,r04;single_choice;most_inappropriate;parsed,マンションの規約の保管に関する次の記述のうち、区分所有法によれば、最も不適切なものはどれか。,,,,,,区分所有者全員で構成する団体に管理者が選任されている場合には、規約は、管理 者が保管しなければならない。,区分所有者全員で構成する団体に管理者がいない場合には、区分所有者で規約又は 集会の決議で定めるものが保管しなければならない。,規約を保管する者は、利害関係人の請求があったときは、正当な理由がある場合を 除いて、規約の閲覧（規約が電磁的記録で作成されているときは、当該電磁的記録に 記録された情報の内容を法務省令で定める方法により表示したものの当該規約の保管 場所における閲覧）を拒んではならない。,規約の保管場所は、建物内の見やすい場所に掲示しなければならない。,2,FALSE,FALSE,,（解説は未入力です。）,,,,,
2022,令和4年度,35,single,判例・横断総合,r04;single_choice;most_appropriate;parsed,借地上のマンションに関する次の記述のうち、民法及び区分所有法によれば、最も適切なものはどれか。,,,,,,土地所有者と各区分所有者との間で締結された借地契約相互の関係は、一つの借地 契約を準共有する関係にある。,区分所有者の一人に借地料の不払いが生じた場合には、土地所有者は、当該区分所 有者の借地料を他の区分所有者に請求することができる。,区分所有者の一人が借地契約を解除された場合には、当該区分所有者は、敷地利用 権を有しない区分所有者となる。,敷地利用権を有しない区分所有者は、土地所有者に対して当該区分所有権を時価で 買い取るように請求することができる。 24,3,FALSE,FALSE,,（解説は未入力です。）,,,,,
2022,令和4年度,36,single,判例・横断総合,r04;single_choice;most_appropriate;parsed,集会及び集会招集通知に関する次の記述のうち、区分所有法によれば、最も適切なものはどれか。,,,,,,規約には集会の招集の通知を少なくとも会日の2週間前までに発すると定めていた が、集会の会議の目的たる事項が理事会でまとまらなかったため、集会の開催日時及 び場所を会日の2週間前に通知し、その1週間後に会議の目的たる事項が記載された 招集の通知を発した。,集会招集通知で示していなかった会議の目的たる事項について、出席した区分所有 者から決議を求められたが、規約に別段の定めがなかったので議事とすることを認め なかった。,集会の招集通知手続は、あらかじめ各区分所有者の日程や会議の目的たる事項につ いての熟慮期間を確保するものであるから、区分所有者全員の同意があっても、当該 手続を省略することはできない。,一部の区分所有者による集会招集権の濫用を防ぐため、規約を変更して、集会の招 集を請求できる者の定数を区分所有者及び議決権の各4分の1以上にすることは可能 である。,2,FALSE,FALSE,,（解説は未入力です。）,,,,,
2022,令和4年度,37,single,判例・横断総合,r04;item_set;most_appropriate;parsed,滞納管理費が一部弁済された場合の充当順序を判断する要素である次のア～オについて、民法の規定によれば、優先順位の高い順に並べたものとして、最も適切なものはどれか。ア 規約の定めによる充当順序イ 管理組合が滞納組合員に対する意思表示により指定した充当順序（滞納組合員から直ちに異議を意思表示しなかった場合）ウ 滞納組合員が管理組合に対する意思表示により指定した充当順序エ 滞納組合員の利益の多い順序オ 弁済期の先後充当順序,,,,,,第一順位 ア 第二順位 ウ 第三順位 イ 第四順位 エ 第五順位 オ,第一順位 イ 第二順位 オ 第三順位 ア 第四順位 ウ 第五順位 エ,第一順位 ウ 第二順位 イ 第三順位 エ 第四順位 ア 第五順位 オ,第一順位 オ 第二順位 ウ 第三順位 ア 第四順位 イ 第五順位 エ,1,FALSE,FALSE,,（解説は未入力です。）,,,,,
2022,令和4年度,38,single,判例・横断総合,r04;single_choice;most_inappropriate;parsed,団地関係に関する次の図についての各記述のうち、区分所有法によれば、最も不適切なものはどれか。甲地戸A建建物Aの建物所有者とBの建物所有者とCの建物所有者が甲地を共有している場合には、甲地を目的とするAとBとCの団地関係が成立する。甲地A乙地B丙地通路附属建物DAの建物所有者とBの建物所有者が敷地駐車場を共有し、Aの建物所有者とBの建物所有者とCの建物所有者がDと通路を共有している場合には、Dと通路を目的としたAとBとCの団地関係と、敷地駐車場を目的としたAとBの団地関係が、重畳的に成立する。甲地丙地Aマンション通路Bマンション公道乙地ションAの建物所有者とBの建物所有者が通路を共有している場合でも、規約で定めれば、甲地と乙地と両地を団地共用部分とするAとBとCの団地関係が成立する。甲地Aマンション通路乙地BマンションマンションAの建物所有者が甲地を単独所有し、Bの建物所有者とCの建物所有者が乙地を共有し、Aの建物所有者とBの建物所有者とCの建物所有者が通路を共有し、AとB、AとCの往来に利用されている場合には、通路を目的としたAとBとCの団地関係と、乙地を目的としたBとCの団地関係が、重量的に成立する。,,,,,,Aの建物所有者とBの建物所有者とCの建物所有者が甲地を共有している場合には、甲地を目的とするAとBとCの団地関係が成立する。,Aの建物所有者とBの建物所有者が敷地駐車場を共有し、Aの建物所有者とBの建物所有者とCの建物所有者がDと通路を共有している場合には、Dと通路を目的としたAとBとCの団地関係と、敷地駐車場を目的としたAとBの団地関係が、重畳的に成立する。,Aの建物所有者とBの建物所有者が通路を共有している場合でも、規約で定めれば、甲地と乙地と丙地を団地共用部分とするAとBとCの団地関係が成立する。,Aの建物所有者が甲地を単独所有し、Bの建物所有者とCの建物所有者が乙地を共有し、Aの建物所有者とBの建物所有者とCの建物所有者が通路を共有し、AとB、AとCの往来に利用されている場合には、通路を目的としたAとBとCの団地関係と、乙地を目的としたBとCの団地関係が、重畳的に成立する。,3,FALSE,FALSE,,（解説は未入力です。）,,,,,
2022,令和4年度,39,count,判例・横断総合,r04;count;count;parsed,次の記述のうち、判例によれば、適切なものはいくつあるか。ア 区分所有者の団体のみが共用部分から生ずる利益を収取する旨を集会で決議し、又は規約で定めた場合には、各区分所有者は、その持分割合に相当する利益についての返還を請求することはできない。イ区分所有者の集会で複数の理事を選任し、理事長は理事会で理事の互選で選任する旨を規約で定めた場合には、理事の職は維持しつつ、理事長の職を解くことについて、理事会の決議で決することができる。ウ 建物の建築に携わる設計者、施工者及び工事監理者は、建物の建築に当たり、契約関係にない居住者を含む建物利用者、隣人、通行人等に対する関係でも、該建物の建物としての基本的な安全性がけることのないように配慮すべき注意義務を負う。エ 管理組合の業務を分担することが一般的に困難な不在組合員に対し一定の金銭負担を求めることは、規約の変更に必要性及び合理性があり、不在組合員の受ける不利益の程度を比較衡量して一定の金銭負担に相当性のある場合には、受忍限度を超えるとまではいうことはできない。,,,,,,一つ,二つ,三つ,四つ 27,4,FALSE,FALSE,,（解説は未入力です。）,,,,,
2022,令和4年度,40,single,判例・横断総合,r04;single_choice;most_inappropriate;parsed,新築の分譲マンションの売買契約における売主の担保責任に関する次の記述のうち、住宅の品質確保の促進等に関する法律（以下、本問において「品確法」という。）によれば、最も不適切なものはどれか。ただし、当該マンションは、品確法上の新築住宅に該当するものとする。か,,,,,,当該マンションの構造耐力上主要な部分等の瑕疵については、売主とは別の建築請 負会社が建築したものである場合、当該売主が瑕疵担保責任を負う期間は、当該売主 がその建築請負会社から引渡しを受けた時から10年間とされる。,買主が購入後1年以内に当該マンションを第三者に転売した場合に、その第三者 （転得者）は、当初の買主（転売者）が引渡しを受けた時から10年以内であれば、 の売主に対して直接に瑕疵担保責任を当然に追及することができる。,当該マンションの買主は、売主に対し、瑕疵の修補請求はできるが、損害賠償請求 はできない旨の特約は、買主がそれを容認したとしても無効である。,該マンションが建設工事の完了の日から起算して1年を経過して初めて分譲され た場合には、品確法上の担保責任は問えない。 28,2,FALSE,FALSE,,（解説は未入力です。）,,,,,
2022,令和4年度,41,single,判例・横断総合,r04;single_choice;most_inappropriate;parsed,次の記述のうち、マンションの建替え等の円滑化に関する法律によれば、最も不適切なものはどれか。ただし、本問において「マンション」とは、同法第2条第1項第1号に規定するものとする。,,,,,,非法人の管理組合において、マンションの管理者又は区分所有者集会で指定された 区分所有者は、特定行政庁に対し、当該マンションを除却する必要がある旨の認定を 申請することができる。 はくり,特定行政庁が行う除却の必要性に係る認定は、外壁等が剥離し、落下することによ り周辺に危害を生ずるおそれに対する安全性に係る基準に該当するのみでは行われな い。,特定要除却認定を受けた場合において、特定要除却認定マンションに係る敷地利用 権が数人で有する所有権又は借地権であるときは、区分所有者集会において、区分所 有者、議決権及び当該敷地利用権の持分の価格の各5分の4以上の多数で、当該特定 要除却認定マンション及びその敷地（当該敷地利用権が借地権であるときは、その借 地権）を売却する旨の決議をすることができる。,その敷地面積が政令で定める規模以上であるマンションのうち、要除却認定マン ションに係るマンションの建替えにより新たに建築されるマンションで、特定行政庁 が交通上、安全上、防火上及び衛生上支障がなく、かつ、その建ぺい率、容積率及び 各部分の高さについて総合的な配慮がなされていることにより市街地の環境の整備改 善に資すると認めて許可したものの容積率には、特例が認められる。 29,2,FALSE,FALSE,,（解説は未入力です。）,,,,,
2022,令和4年度,42,combination,判例・横断総合,r04;combination;appropriate_combination;parsed,次の記述のうち、地震保険に関する法律によれば、適切なものの組合せはどれか。ア地震保険契約は、居住の用に供する建物又は生活用動産のみを保険の目的とする。イ地震保険契約は、特定の損害保険契約に附帯して締結する必要がある。ウ 地震保険契約は、地震による津波を間接の原因とする流失による損害は、てん補の対象としない。工地震保険契約では、保険の対象である居住用建物が全損になったときに保険金が支払われ、一部損では保険金は支払われない。,,,,,,ア・イ,ア・ウ,イ・エ,ウ・エ,1,FALSE,FALSE,,（解説は未入力です。）,,,,,
2022,令和4年度,43,single,判例・横断総合,r04;single_choice;most_appropriate;parsed,次の記述のうち、国土交通省が公表している分譲マンションに関する統計・データ等によれば、最も適切なものはどれか。,,,,,,令和2年末時点における分譲マンションストック総数は、900万戸を超えている。,分譲マンションストック総数は、昭和43年以降増加傾向であったが、令和年を ピークに減少に転じている。,令和2年末時点における築40年超の分譲マンション戸数は100万戸を超えており、 令和12年末には200万戸、和22年末には400万戸を超える見込みとなっている。,建替えが行われたマンションの件数は、和3年4月1日時点の累計で、100件未 満である。 30,3,FALSE,FALSE,,（解説は未入力です。）,,,,,
2022,令和4年度,44,combination,判例・横断総合,r04;combination;most_appropriate;parsed,次の賃貸住宅管理業法第1条の（ア）～（ウ）に入る語句の組合せとして、最も適切なものはどれか。（目的）第1条 この法律は、社会経済情勢の変化に伴い国民の生活の基盤としての（ア）の役割の重要性が増大していることに鑑み、（ア）の入居者の居住の安定の確保及び（ア）の賃貸に係る事業の公正かつ円滑な実施を図るため、賃貸住宅管理業を営む者に係る（イ）を設け、その業務の適正な運営を確保するとともに、（ウ）の適正化のための措置等を講ずることにより、良好な居住環境を備えた（ア）の安定的な確保を図り、もって国民生活の安定向上及び国民経済の発展に寄与することを目的とする。（ア）,,,,,,賃貸住宅,共同住宅,共同住宅,賃貸住宅 （イ） 登録制度 免許制度 申請制度 認可制度 （ウ） 特定賃貸借契約 特定賃貸借契約 建物賃貸借契約 建物賃貸借契約,1,FALSE,FALSE,,（解説は未入力です。）,,,,,
2022,令和4年度,45,single,判例・横断総合,r04;single_choice;most_inappropriate;parsed,宅地建物取引業者の媒介によりマンションの売買契約が成立した場合における宅地建物取引業法第37条の規定により交付すべき書面（以下、本問において「37条書面」という。）に関する次の記述のうち、宅地建物取引業法によれば、最も不適切なものはどれか。,,,,,,宅地建物取引業者は、専有部分の用途その他の利用の制限に関する規約において、 ペットの飼育が禁止されているときは、その旨を37条書面に記載しなければならない。,宅地建物取引業者は、契約の解除に関する定めがあるときは、その内容を37条書面 に記載しなければならない。,宅地建物取引業者は、代金についての金銭の貸借のあっせんに関する定めがある場 合、当該あっせんに係る金銭の貸借が成立しないときの措置を37条書面に記載しなけ ればならない。,宅地建物取引業者は、天災その他不可抗力による損害の負担に関する定めがあると きは、その内容を37条書面に記載しなければならない。 31,1,FALSE,FALSE,,（解説は未入力です。）,,,,,
2022,令和4年度,46,count,判例・横断総合,r04;count;count;parsed,次の記述のうち、マンション管理適正化法によれば、不適切なものはいくつあるか。ア 国土交通大臣は、住生活基本法第15条第1項に規定する全国計画との調和が保たれたマンションの管理の適正化の推進を図るための基本的な方針を定めなければならない。,,,,,,都道府県等は、あらかじめマンション管理適正化推進計画を作成したうえで、管 理組合の管理者等（管理者等が置かれていないときは、当該管理組合を構成するマ ンションの区分所有者等。）に対し、マンションの管理の適正化を図るために必要 な助言及び指導をしなければならない。 ウ 管理組合の管理者等は、国土交通省令で定めるところにより、当該管理組合によ る管理計画を作成し、計画作成都道府県知事等の認定を申請することができる。 工計画作成都道府県知事等は、認定管理者等が認定管理計画に従って管理計画認定 マンションの管理を行っていないと認めるときは、直ちに、当該認定管理計画の認 定を取り消すことができる。 一つ,二つ,三つ,四つ 32,2,FALSE,FALSE,,（解説は未入力です。）,,,,,
2022,令和4年度,47,combination,判例・横断総合,r04;combination;most_appropriate;parsed,次のマンション管理適正化法第72条の（ア）～（ウ）に入る語句の組合せとして、最も適切なものはどれか。（重要事項の説明等）第72条 マンション管理業者は、管理組合から管理事務の委託を受けることを内容とする契約（新たに建設されたマンションの分譲に通常要すると見込まれる期間その他の管理組合を構成するマンションの区分所有者等が変動することが見込まれる期間として国土交通省令で定める期間中に契約期間が満了するものを除く。以下「管理受託契約」という。）を締結しようとするとき（次項に規定するときを除く。）は、あらかじめ、国土交通省令で定めるところにより説明会を開催し、当該管理組合を構成するマンションの区分所有者等及び当該管理組合の管理者等に対し、（ア）をして、管理受託契約の内容及びその履行に関する事項であって国土交通省令で定めるもの（以下「重要事項」という。）について説明をさせなければならない。この場合において、マンション管理業者は、該説明会の日の（イ）までに、当該管理組合を構成するマンションの区分所有者等及び該管理組合の管理者等の全員に対し、重要事項並びに説明会の日時及び場所を記載した書面を交付しなければならない。2 マンション管理業者は、従前の管理受託契約と同一の条件で管理組合との管理受託契約を更新しようとするときは、あらかじめ、当該管理組合を構成するマンションの区分所有者等全員に対し、重要事項を記載した書面を交付しなければならない。3 前項の場合において当該管理組合に管理者等が置かれているときは、マンション管理業者は、当該管理者等に対し、（ア）をして、重要事項について、これを記載した書面を交付して説明をさせなければならない。ただし、当該説明は、（ウ）から重要事項について説明を要しない旨の意思の表明があったときは、マンション管理業者による当該（ウ）に対する重要事項を記載した書面の交付をもって、これに代えることができる。4～7（略）（ア）,,,,,,管理業務主任者,管理業務主任者,従業者,管理業務主任者 （イ） 前日 一週間前 前日 一週間前 （ウ） 認定管理者等 監事 監事 認定管理者等 33,4,FALSE,FALSE,,（解説は未入力です。）,,,,,
2022,令和4年度,48,combination,判例・横断総合,r04;combination;direct_question;parsed,マンション管理業者が管理組合から管理事務を受託する際の次の記述のうち、マンション管理適正化法によれば、適切なものを全て含む組合せはどれか。アマンション管理業者は、管理組合から管理事務の委託を受けることを内容とする契約を締結したときは、当該管理組合の管理者等（当該マンション管理業者が当該管理組合の管理者等である場合又は当該管理組合に管理者等が置かれていない場合にあっては、当該管理組合を構成するマンションの区分所有者等全員）に対し、遅滞なく、管理事務の対象となるマンションの部分等を記載した書面を交付しなければならず、当該書面を作成するときは、管理業務主任者をして、当該書面に記名させなければならない。イマンション管理業者は、管理組合から委託を受けた管理事務について、管理受託契約を締結した年月日や管理組合の名称等を記載した帳簿を作成し、また、当該帳簿を各事業年度の末日をもって閉鎖するものとし、閉鎖後5年間当該帳簿を保存しなければならない。ウマンション管理業者は、管理組合から委託を受けた管理事務のうち基幹事務については、当該管理組合の管理者等が承諾すれば、これを一括して他人に委託することができる。,,,,,,ア・イ,ア・ウ,イ・ウ,ア・イ・ウ 34,1,FALSE,FALSE,,（解説は未入力です。）,,,,,
2022,令和4年度,49,single,判例・横断総合,r04;single_choice;most_inappropriate;parsed,修繕積立金等が金銭である場合における財産の分別管理に関する次の記述のうち、マンション管理適正化法によれば、最も不適切なものはどれか。,,,,,,マンション管理業者は、マンションの区分所有者等から徴収された修繕積立金等金 銭を収納・保管口座に預入し、当該収納・保管口座において預貯金として管理する方 法による場合、マンションの区分所有者等から徴収される1月分の修繕積立金等金銭 以上の額につき有効な保証契約を締結していなければならない。,マンション管理業者は、保管口座又は収納・保管口座に係る管理組合等の印鑑、預 貯金の引出用のカードその他これらに類するものを管理してはならない。ただし、管 理組合に管理者等が置かれていない場合において、管理者等が選任されるまでの比較 的短い期間に限り保管する場合は、この限りでない。,管理組合に管理者等が置かれていない場合には、マンション管理業者は、毎月、管 理事務の委託を受けた当該管理組合のその月における会計の収入及び支出の状況に関 する書面を作成し、対象月の属する該管理組合の事業年度の終了の日から2月を経 過する日までの間、当該書面をその事務所ごとに備え置き、当該管理組合を構成する マンションの区分所有者等の求めに応じ、該マンション管理業者の業務時間内にお いて、これを閲覧させなければならない。,マンション管理業者は、管理組合から委託を受けて管理する修繕積立金等金銭を整 然と管理する方法により、自己の固有財産及び他の管理組合の財産と分別して管理し なければならない。 35,1,FALSE,FALSE,,（解説は未入力です。）,,,,,
2022,令和4年度,50,combination,判例・横断総合,r04;combination;most_appropriate;parsed,次の管理業務主任者の設置に関する規定の（ア）～（ウ）に入る語句の組合せとして、マンション管理適正化法によれば、最も適切なものはどれか。（管理業務主任者の設置）マンション管理適正化法第56条第1項マンション管理業者は、その（ア）ごとに、（ア）の規模を考慮して国土交通省令で定める数の成年者である専任の管理業務主任者を置かなければならない。ただし、人の居住の用に供する独立部分（区分所有法第1条に規定する建物の部分をいう。以下同じ。）が国土交通省令で定める数以上である第2条第1号イに掲げる建物の区分所有者を構成員に含む管理組合から委託を受けて行う管理事務を、その業務としない（ア）については、この限りでない。（法第56条第1項の国土交通省令で定める管理業務主任者の数）マンション管理適正化法施行規則第61条国土交通省令で定める管理業務主任者の数は、マンション管理業者が管理事務の委託を受けた管理組合の数を（イ）で除したもの（1未満の端数は切り上げる。）以上とする。（法第56条第1項の国土交通省令で定める人の居住の用に供する独立部分の数）マンション管理適正化法施行規則第62条国土交通省令で定める人の居住の用に供する独立部分の数は、（ウ）とする。（ア）,,,,,,事務所,営業所,営業所,事務所 （イ） 10 30 10 30 （ウ） 3 6 3 6 36,4,FALSE,FALSE,,（解説は未入力です。）,,,,,
2023,令和5年度,1,count,判例・横断総合,r05;count;count;parsed,マンションにおける不法行為責任に関する次の記述のうち、民法の規定によれば、適切なものはいくつあるか。アマンション管理業者は、自らが雇用する管理員が、その業務の執行について第三者に害を加えたときは、当該管理員個人に不法行為が成立しなくても、使用者任を負う場合がある。イマンション管理業者は、自らが雇用する管理員が、その業務の執行について第三者に損害を加えた場合、使用者責任に基づいて当該第三者に対してその賠償をしたときでも、当該管理員に対して求償権を行使することは認められない。ウマンションの専有部分にある浴室から水漏れが発生し、階下の区分所有者に損害が生じた場合、当該専有部分に居住する区分所有者は、その損害を賠償する責任を負うが、水漏れの原因が施工会社の責任によるときは、当該施工会社に対して求償権を行使することができる。エマンションの共用部分の修繕工事を請け負った施工会社が、その工事について第三者に損害を加えた場合に、注文者である当該マンションの管理組合は、注文又は指図について過失がない限り、損害を賠償する責任を負わない。,,,,,,一つ,いつ,三つ,四つ,2,FALSE,FALSE,,（解説は未入力です。）,,,,,
2023,令和5年度,2,single,判例・横断総合,r05;single_choice;most_inappropriate;parsed,制限行為能力者であるAは、甲マンションの一住戸を所有し、同住戸に居住している。この場合に関する次の記述のうち、民法の規定によれば、最も不適切なものはどれか。,,,,,,Aが成年被後見人である場合は、Aの後見人がAを代理して当該住戸の区分所有権 を売却するためには、家庭裁判所の許可を得なければならない。,Aが成年被後見人である場合は、Aは、あらかじめその後見人の同意を得ることに より、第三者との間で、当該住戸のリフォーム工事に係る契約を有効に締結すること ができる。,Aが被保佐人である場合は、家庭裁判所は、Aの請求により、Aのために当該住戸 の区分所有権の売却についてAの保佐人に代理権を付与する旨の審判をすることがで きる。,Aが被補助人である場合は、家庭裁判所が、Aの補助人の請求により、Aが当該住 戸の区分所有権を売却することについてAの補助人の同意を得なければならない旨の 審判をするためには、Aの同意が必要である。,2,FALSE,FALSE,,（解説は未入力です。）,,,,,
2023,令和5年度,3,single,判例・横断総合,r05;single_choice;most_inappropriate;parsed,Aが、代理権を有しないにもかかわらず、Bの代理人と称して、Cとの間でB所有のマンションの一住戸の売買契約（以下、本間において「本件売買契約」という。）を締結した場合に関する次の記述のうち、民法の規定によれば、最も不適切なものはどれか。ただし、Aは制限行為能力者ではないものとする。,,,,,,Aの行為は無権代理行為であるが、Bが追認をすれば、本件売買契約は有効となる。,本件売買契約が締結されたときに、CがAに代理権がないことを知っていた場合は、 Cは、Bに対して、追認をするかどうかを確答すべき旨を催告することができない。,CがBに対し、相当の期間を定めて、その期間内にAの無権代理行為を追認するか どうかを確答すべき旨を催告した場合において、Bがその期間内に確答をしないとき は、Bは、追認を拒絶したものとみなされる。,CがBに対し、相当の期間を定めて、その期間内にAの無権代理行為を追認するか どうかを確答すべき旨を催告した場合において、Bが追認を拒絶したときは、Aは、 Cに対して、Cの選択に従い、本件売買契約の履行又は損害賠償の責任を負う。 2,2,FALSE,FALSE,,（解説は未入力です。）,,,,,
2023,令和5年度,4,single,判例・横断総合,r05;single_choice;most_appropriate;parsed,管理組合法人Aと施工会社Bとのマンションの外壁補修工事請負契約における工事代金に関する次の記述のうち、民法の規定によれば、最も適切なものはどれか。,,,,,,Bが、Aに対し契約で定めた工事代金より高い金額を請求したところ、Aがそれに 気づかずに請求された金額を支払った場合には、Aは、Bに対し、過払い分の返還を 請求することはできない。,BのAに対する請負代金債権について、AB間においてその譲渡を禁止する旨の特 約があった場合に、BがAの承諾を得ないで行った当該債権の第三者に対する譲渡は 無効である。,AのBに対する請負代金債務について、Aの理事が当該債務を保証する旨の契約を Bとの間で締結する場合に、その契約は、口頭の合意によっても成立する。,AのBに対する請負代金の支払期日の前日に、地震で管理事務室が損壊したため、 Aが支払期日にその代金を支払うことができなかった場合でも、Aは、Bに対する債 務不履行責任を免れない。,4,FALSE,FALSE,,（解説は未入力です。）,,,,,
2023,令和5年度,5,single,判例・横断総合,r05;item_set;inappropriate_all_included;parsed,管理事務の内容及び実施方法に関する次の記述のうち、標準管理委託契約書によれば、不適切な記述のみを全て含むものは次の1～4のうちどれか。ア別表第1に掲げる事務管理業務のうち、理事会の円滑な運営を支援する理事会支援業務は、マンション管理業者自らが理事会の運営主体となって行う業務である。イ別表第2に掲げる管理員業務のうち、立会業務における実施の立会いとは、外注業者の業務中、管理員が常に立ち会うことをいう。ウ 管理組合がマンション管理業者に長期修繕計画案の作成業務を委託する場合は、当該業務の性格から、管理委託契約に含むものとすることが望ましい。,,,,,,ア・イ,ア・ウ,イ・ウ,ア・イ・ウ 3,4,FALSE,FALSE,,（解説は未入力です。）,,,,,
2023,令和5年度,6,single,判例・横断総合,r05;single_choice;most_inappropriate;parsed,管理委託契約の解除等に関する次の記述のうち、標準管理委託契約書によれば、最も不適切なものはどれか。,,,,,,管理組合及びマンション管理業者は、その相手方に対し、少なくとも3月前に書面 又は口頭で解約の申入れを行うことにより、管理委託契約を終了させることができる。,管理委託契約の更新について申出があった場合において、その有効期間が満了する 日までに更新に関する協議がととのう見込みがないときは、管理組合及びマンション 管理業者は、当該契約と同一の条件で、期間を定めて暫定契約を締結することができ る。,マンション管理業者が管理組合に対し、自らの役員が反社会的勢力ではないことを 確約したが、当該確約に反する申告をしたことが判明した場合、管理組合は何らの催 告を要せずして、管理委託契約を解除することができる。,管理組合及びマンション管理業者は、その相手方が、管理委託契約に定められた義 務の履行を怠った場合は、相当の期間を定めてその履行を催告し、相手方が当該期間 内に、その義務を履行しないときは、当該契約を解除することができる。 4,1,FALSE,FALSE,,（解説は未入力です。）,,,,,
2023,令和5年度,7,single,判例・横断総合,r05;item_set;appropriate_all_included;parsed,標準管理委託契約書に関する次の記述のうち、適切な記述のみを全て含むものは次の1～4のうちどれか。アマンションの専有部分である設備のうち共用部分と構造上一体となった部分の管理を、管理組合が行うとされている場合において、管理組合からマンション管理業者に対して依頼があるときには、当該部分の管理を管理委託契約に含めることも可能である。イマンション管理業者は、管理組合の組合員が管理費等を滞納したときは、その支払の促を行うが、促しても当該組合員がなお滞納管理費等を支払わないときは、マンション管理業者は当該滞納にかかる促業務を終了する。ウ 宅地建物取引業者が、管理組合の組合員から当該組合員が所有する専有部分の売却の依頼を受け、その媒介の業務のために、理由を付した書面により管理規約の提供を求めてきたときは、マンション管理業者は、当該管理組合に代わって、当該宅地建物取引業者に対し、管理規約の写しを提供することになるが、その場合、その提供に要する費用を当該宅地建物取引業者から受領することができる。,,,,,,ア・イ,ア・ウ,イ・ウ,ア・イ・ウ,4,FALSE,FALSE,,（解説は未入力です。）,,,,,
2023,令和5年度,8,count,判例・横断総合,r05;count;count;parsed,標準管理委託契約書に関する次の記述のうち、適切なものはいくつあるか。ア 標準管理委託契約書は、典型的な住居専用の単棟型マンションに共通する管理事務に関する標準的な契約内容を定めたものであり、実際の契約書作成に当たっては、特別な事情がない限り本契約書を使用しなければならない。イ管理組合は、管理事務としてマンション管理業者に委託する事務（別表第1から別表第4までに定める事務）のため、マンション管理業者に委託業務費を支払うが、マンション管理業者が管理事務を実施するのに必要となる水道光熱費、通費、消耗品費等の諸費用は、当該マンション管理業者が負担する。ウマンション管理業者は、台風の影響により、管理組合のために、緊急に行う必要がある業務で、管理組合の承認を受ける時間的な余裕がないものについて、管理組合の承認を受けないで実施した場合においては、速やかに、口頭でその業務の内容及びその実施に要した費用の額を管理組合に通知すれば足りる。エ マンション管理業者は、管理組合がマンションの維持又は修繕（大規模修繕を除く修繕又は保守点検等。）を外注により該マンション管理業者以外の業者に行わせる場合、見積書の受理を行うが、当該業務には、その見積書の内容に対する助言等は含まれない。,,,,,,一つ,二つ,三つ,四つ,1,FALSE,FALSE,,（解説は未入力です。）,,,,,
2023,令和5年度,9,single,判例・横断総合,r05;single_choice;most_inappropriate;parsed,総会又は理事会の決議に関する次の記述のうち、標準管理規約（単棟型）によれば、最も不適切なものはどれか。,,,,,,修繕積立金の保管及び運用方法は、総会の決議事項とされる。,管理費等及び使用料の額並びに賦課徴収方法は、総会の決議事項とされる。,役員活動費の額及び支払方法を決めるにあたっては、理事会の決議で足りる。,災害等により総会の開催が困難である場合に、応急的な修繕工事の実施等を理事会 で決議したときには、当該工事の実施に伴い必要となる資金の借入れを決めるにあ たっても理事会の決議で足りる。 7,3,FALSE,FALSE,,（解説は未入力です。）,,,,,
2023,令和5年度,10,count,判例・横断総合,r05;count;count;parsed,次の記述のうち、標準管理規約（単棟型）によれば、適切なものはいくつあるか。ア 敷地及び共用部分等の一部に広告塔や看板等を第三者に設置させる場合は、総会の決議を経なければならない。イ管理組合は、駐車場区画の位置等による利便性・機能性の差異や、特定の位置の駐車場区画を希望する者がいる等の状況に応じて、駐車場使用料について柔軟な料金設定を行うことも考えられる。ウ 管理組合は、町内会等との渉外業務に要する費用に管理費を充当することができる。エ 管理組合は、共用部分と構造上一体となった専有部分の配管の清掃等に要する費用については、「共用設備の保守維持費」として管理費を充当することができる。一つ2二つ3三つ4四つ,,,,,,一つ,二つ,三つ,四つ,4,FALSE,FALSE,,（解説は未入力です。）,,,,,
2023,令和5年度,11,combination,判例・横断総合,r05;combination;most_appropriate;parsed,以下の表アは、甲管理組合の令和5年3月末日の決算において作成された一般（管理費）会計に係る未完成の貸借対照表（勘定式）である。表アを完成させるために、表ア中の（A）及び（B）に入る科目と金額の組合せとして最も適切なものは、表イの1～4のうちどれか。一般（管理費）会計貸借対照表令和5年3月31日現在表ア資産の部科目現金預金未収入金（什器及び備品資産の部合計表イ,,,,,,"A 資産の部: 前受金 200,000 B 負債・繰越金の部: 前払金 300,000","A 資産の部: 前払金 200,000 B 負債・繰越金の部: 前受金 300,000","A 資産の部: 前受金 300,000 B 負債・繰越金の部: 前払金 200,000","A 資産の部: 前払金 300,000 B 負債・繰越金の部: 前受金 200,000",2,FALSE,FALSE,,（解説は未入力です。）,,,,,
2023,令和5年度,12,single,判例・横断総合,r05;single_choice;most_appropriate;parsed,"甲管理組合における以下の活動に関し、令和5年3月分の仕訳として、最も適切なものはどれか。ただし、会計処理は毎月次において発生主義の原則によって処理されているものとする。（甲管理組合の会計年度：毎年4月1日から翌年3月31日まで）活動令和5年3月31日に、組合員から管理費等合計3,000,000円を徴収し、甲管理組合の普通預金口座に入金した。入金の内訳は以下のとおりである。① 管理費入金内訳令和5年2月以前分令和5年3月分令和5年4月分120,000円80,000円2,200,000円2,400,000円② 修繕積立金入金内訳令和5年2月以前分令和5年3月分令和5年4月分60,000円40,000円500,000円合計600,000円3,000,000円",,,,,,（借方） 普通預金,（借方） 普通預金,（借方） 普通預金,"（借方） 普通預金 3,000,000 3,000,000 3,000,000 3,000,000 （貸方） 管理費収入 修繕積立金収入 （貸方） 未収入金 管理費収入 修繕積立金収入 前受金 （貸方） 未収入金 管理費収入 修繕積立金収入 （貸方） 未収入金 修繕積立金収入 前受金 （単位：円） 2,400,000 600,000 180,000 80,000 40,000 2,700,000 180,000 2,280,000 540,000 200,000 100,000 2,700,000 11",2,FALSE,FALSE,,（解説は未入力です。）,,,,,
2023,令和5年度,13,single,判例・横断総合,r05;single_choice;most_appropriate;parsed,"甲管理組合における以下の活動に関し、令和5年3月分の仕訳として、最も適切なものはどれか。ただし、会計処理は毎月次において発生主義の原則によって処理されているものとする。（甲管理組合の会計年度：毎年4月1日から翌年3月31日まで）活動令和5年4月1日以降、駐車場1区画につき月額使用料20,000円、敷金として当該使用料の2箇月分にて新規利用者5人に1区画ずつ貸し出すこととし、令和5年3月中に、甲管理組合の普通預金口座に合計300,000円の入金があった。その内訳は以下のとおりである。令和5年3月中の入金の内訳敷金令和5年4月分使用料合計200,000円100,000円300,000円",,,,,,（借方） 普通預金,"（借方） 普通預金 300,000 300,000","（借方） 普通預金 300,000","（借方） 普通預金 300,000 （貸方） 前受金 （貸方） 駐車場使用料収入 預り金 （貸方） 前受金 預り金 （貸方） 駐車場使用料収入 （単位：円） 300,000 100,000 200,000 100,000 200,000 300,000 12",3,FALSE,FALSE,,（解説は未入力です。）,,,,,
2023,令和5年度,14,combination,判例・横断総合,r05;combination;most_appropriate;parsed,次の建築基準法第1条の規定の（ア）から（ウ）に入る語句の組合せとして、最も適切なものはどれか。（目的）第1条この法律は、建築物の敷地、構造、設備及び用途に関する（ア）基準を定めて、国民の（イ）、健康及び財産の保護を図り、もって（ウ）の増進に資することを目的とする。（ア）,,,,,,標準となる,最低の,最低の,標準となる （イ） 生命 生命 生活 生活 （ウ） 社会の利便性 公共の福祉 社会の利便性 公共の福祉,2,FALSE,FALSE,,（解説は未入力です。）,,,,,
2023,令和5年度,15,single,判例・横断総合,r05;single_choice;most_inappropriate;parsed,消防法に規定する防火管理者が行わなければならない業務に関する次の記述のうち、最も不適切なものはどれか。,,,,,,防火管理者として選任された旨の都道府県知事への届出,消防計画に基づく消火、通報及び避難の訓練の実施,消防の用に供する設備等の点検及び整備,避難又は防火上必要な構造及び設備の維持管理 13,1,FALSE,FALSE,,（解説は未入力です。）,,,,,
2023,令和5年度,16,single,判例・横断総合,r05;single_choice;most_inappropriate;parsed,鉄筋コンクリート造のマンションの劣化等調査方法に関する次の記述のうち、「コンクリートのひび割れ調査，補修・補強指針2022」（公益社団法人日本コンクリート工学会）によれば、最も不適切なものはどれか。,,,,,,クラックスケールにより、コンクリートのひび割れ幅を測定した。,反発度法により、コンクリートの圧縮強度を推定した。,電磁誘導法により、コンクリートの塩化物イオン濃度を推定した。,赤外線サーモグラフィにより、外壁のタイルの浮きを探査した。,3,FALSE,FALSE,,（解説は未入力です。）,,,,,
2023,令和5年度,17,single,判例・横断総合,r05;single_choice;most_appropriate;parsed,マンションの壁面タイル（高さh）の落による事故の危険性のある範囲（R）として、「建築保全標準・同解説 JAMS 2-RC 点検標準仕様書」（一般社団法人 日本建築学会）によれば、最も適切なものはどれか。ただし、壁面直下の通路では人が常時往来し、かつ強固な構造の屋根等の落下物防御施設や植込み等による立入を制限するものはないものとする。hR,,,,,,R=h/2,R=h/3,R=h/4,R=h/5 14,1,FALSE,FALSE,,（解説は未入力です。）,,,,,
2023,令和5年度,18,count,判例・横断総合,r05;count;count;parsed,給水方式及び給水設備に関する次の記述のうち、不適切なものはいくつあるか。ア水道直結増圧方式では、建物内の水が水道管に逆流しないように、逆流防止装置を設置する。イ建築基準法により、給水タンクに保守点検用のマンホールを設置する必要がある場合には、そのマンホールは、直径45cm以上の円が内接することができるものとしなければならない。ウ 水道直結直圧方式は、使用水量変動などによる水圧条件が最も低下する時期にでも給水可能なように計画する。,,,,,,一つ,二つ,三つ,なし,1,FALSE,FALSE,,（解説は未入力です。）,,,,,
2023,令和5年度,19,single,判例・横断総合,r05;single_choice;most_inappropriate;parsed,ガス設備及び給湯設備に関する次の記述のうち、最も不適切なものはどれか。,,,,,,潜熱回収型ガス給湯機の潜熱回収で発生する酸性の凝縮水は、確実に機器内で中和 処理し、排水系統に排出する。,湯待ち時間とは、給湯栓を開放してから湯が出てくるまでの時間のことである。,深夜電力温水器とは、夜間の電力を使用して加熱した水をタンク内にためておいて 給湯するものである。,密閉燃焼式のガス機器の強制給排気方式（FF方式）とは、ファンにより屋外より 燃焼用空気を取り入れ、自然換気力により排気する方式をいう。 15,4,FALSE,FALSE,,（解説は未入力です。）,,,,,
2023,令和5年度,20,single,判例・横断総合,r05;single_choice;most_inappropriate;parsed,電気設備に関する次の記述のうち、最も不適切なものはどれか。,,,,,,建築物への電力の供給は、供給電圧により、「低圧」「高圧」、「特別高圧」の3種 類に分けられる。,単相3線式では、電圧線と中性線を使用することで、100ボルトの電気機械器具が 利用できる。,停電時の予備電源として蓄電池を用いる非常用の照明装置にあっては、充電を行う ことなく30分間継続して点灯し、必要な照度を確保できるものでなければならない。,建築基準法により、設置が義務付けられる非常用の照明装置の照明器具にLEDラ ンプを用いる場合は、常温下で床面において水平面照度で1ルクス以上を確保するこ とができるものとしなければならない。,4,FALSE,FALSE,,（解説は未入力です。）,,,,,
2023,令和5年度,21,count,判例・横断総合,r05;count;count;parsed,長期修繕計画作成ガイドラインに関する次の記述のうち、適切なものはいくつあるか。ア 単棟型のマンションの長期修繕計画は、管理規約に定めた組合管理部分である敷地も対象とする。イ建物及び設備の調査・診断を長期修繕計画の見直しのために単独で行う場合は、長期修繕計画に必要とされるすべての項目について漏れのないように行う。ウ 計画修繕工事の実施の要否、内容等は、事前に調査・診断を行い、その結果に基づいて判断する。エ 長期修繕計画は、将来実施する計画修繕工事の内容、時期、費用等を確定するものである。,,,,,,一つ,二つ,三つ,四つ,3,FALSE,FALSE,,（解説は未入力です。）,,,,,
2023,令和5年度,22,single,判例・横断総合,r05;single_choice;most_inappropriate;parsed,長期修繕計画作成ガイドラインに関する次の記述のうち、最も不適切なものはどれか。,,,,,,修繕積立金は、不測の事故や自然災害（台風、大雨、大雪等）による被害の復旧な ど、特別な事由による修繕工事に要する経費に充当する場合に取り崩すことができる。,修繕積立金は、マンションの建替えを目的とした調査等に要する経費に充当する場 合に取り崩すことができる。,修繕積立基金又は一時金の負担がある場合は、これらを修繕積立金会計とは区分し て管理する。,長期修繕計画の作成に要する経費は、管理組合の財産状態等に応じて管理費又は修 繕積立金のどちらからでも充当することができる。,3,FALSE,FALSE,,（解説は未入力です。）,,,,,
2023,令和5年度,23,single,判例・横断総合,r05;item_set;inappropriate_all_included;parsed,推定修繕工事項目の設定に関する次の記述のうち、長期修繕計画作成ガイドラインによれば、不適切な記述のみを全て含むものは次の1～4のうちどれか。ア既存マンションにおける推定修繕工事項目は、新築時の設計図書に基づき設定すれば足りる。イ推定修繕工事項目の設定にあたって、修繕周期が計画期間に含まれないため推定修繕工事費を計上していない項目がある場合、その旨を明示する。ウ 建物及び設備の性能向上に関する項目は、区分所有者等の要望など必要に応じて、追加することが望ましい。,,,,,,ア,ア・ウ,イ・ウ,ア・イ・ウ,1,FALSE,FALSE,,（解説は未入力です。）,,,,,
2023,令和5年度,24,single,判例・横断総合,r05;single_choice;most_inappropriate;parsed,長期修繕計画作成ガイドラインに関する次の記述のうち、最も不適切なものはどれか。,,,,,,長期修繕計画の構成は、マンションの建物・設備の概要等、調査・診断の概要、長 期修繕計画の内容、修繕積立金の額の設定の4項目を基本とする。,長期修繕計画においては、会計状況、設計図書等の保管状況等の概要について示す 必要がある。,長期修繕計画においては、維持管理の状況として、法定点検等の実施、調査・診断 の実施、計画修繕工事の実施、長期修繕計画の見直し等について示す必要がある。,外壁の塗装や屋上防水などを行う大規模修繕工事の周期は部材や工事の仕様等によ り異なるが、一般的に12～15年程度である。,1,FALSE,FALSE,,（解説は未入力です。）,,,,,
2023,令和5年度,25,single,判例・横断総合,r05;single_choice;most_inappropriate;parsed,修繕積立金の二つの積立方式に関する次の記述のうち、修繕積立金ガイドラインによれば、最も不適切なものはどれか。,,,,,,均等積立方式は、将来にわたり定額負担として設定するため、将来の増額を組み込 んでおらず、安定的な修繕積立金の積立てができる。,均等積立方式であっても、その後の長期修繕計画の見直しにより増額が必要になる 場合もある。,段階増額積立方式は、修繕資金需要に応じて積立金を徴収する方式であり、初の 負担額は小さく、多額の資金の管理の必要性が均等積立方式と比べて低い。,段階増額積立方式は、将来の増額が決まっているため、修繕積立金が不足すること はない。 18,4,FALSE,FALSE,,（解説は未入力です。）,,,,,
2023,令和5年度,26,count,判例・横断総合,r05;count;count;parsed,集会の招集通知に関する次の記述のうち、区分所有法によれば、不適切なものはいくつあるか。ア 夫婦共有住戸で夫が議決権行使者としての届出があったが、夫が長期海外出張中だと分かっていた場合には、その妻にあてて招集通知を発しなければならない。イ区分所有者が管理者に対して通知を受けるべき場所を通知しなかったときは、区分所有者の所有する専有部分が所在する場所にあててすれば足りる。ウ 全ての区分所有者が建物内に住所を有する場合には、集会の招集の通知は、規約に特別の定めをしなくても、建物内の見やすい場所に掲示してすることができる。エ集会は、区分所有者全員の同意があるときは、招集の手続を経ないで開くことができる。,,,,,,一つ,二つ,三つ,四つ,2,FALSE,FALSE,,（解説は未入力です。）,,,,,
2023,令和5年度,27,count,判例・横断総合,r05;count;count;parsed,次の記述のうち、標準管理規約（単棟型）によれば、管理組合が修繕積立金を充当できる費用として適切なものはいくつあるか。ただし、規約に別段の定めはないものとする。ア 外灯設備の管球の交換に要した費用,,,,,,一定年数の経過ごとに計画的に行う修繕工事を前提に専門家に建物診断を委託し た費用 ウ 新たに整備された公共下水道に汚水を直接放流するので、不要となった浄化槽を 解体し、その場所にプレイロットを新設するのに要した費用 エ 排水管取替え工事において、共用配管と構造上一体となった専有部分である配管 の工事に要した費用 1 一つ,二つ,三つ,四つ 19,2,FALSE,FALSE,,（解説は未入力です。）,,,,,
2023,令和5年度,28,single,判例・横断総合,r05;single_choice;most_appropriate;parsed,専有部分の占有者等に関する次の記述のうち、標準管理規約（単棟型）によれば、最も適切なものはどれか。,,,,,,総会の議題が専有部分でのペットの飼育を禁止にする件であったため、同居してい るペットの飼い主である甥を代理人として議決権を行使させた。,管理費等相当額を家賃に含めて支払っている賃借人は、管理費等の値上げが総会の 議題となっている場合でも、利害関係人として管理組合の会計帳簿の閲覧請求をする ことができない。,水漏れ事故により、他の専有部分に対して物理的に又は機能上重大な影響を与える おそれがあることから、理事長が調査をするために専有部分への立入りを請求しても、 賃借人は、賃貸人である区分所有者の承諾がない限り当該専有部分への立入りを拒む ことができる。,区分所有者は、専有部分を第三者に賃貸する場合には、規約及び使用細則に定める 事項を賃借人に遵守させる旨を誓約する書面を管理組合に提出しなければならない。,1,FALSE,FALSE,,（解説は未入力です。）,,,,,
2023,令和5年度,29,single,判例・横断総合,r05;single_choice;most_appropriate;parsed,甲マンションの住戸101号室をA、B、Cの3人が共有し、住戸102号室を所有者に無断でDが占有している場合に関する次の記述のうち、民法、区分所有法及び判例によれば、最も適切なものはどれか。,,,,,,A、B、Cは、共有する区分所有権について5年を超えない期間内は分割をしない 旨の契約をしていた場合であっても、いつでも101号室の区分所有権の分割を請求す ることができる。 ととの,101号室の区分所有権について、Aが分割を請求した場合、A、B、Cの協議が調 わないときは、裁判上の現物分割はできずに競売による方法しか認められない。,Dは、102号室の専有部分の区分所有権について時効によって取得した場合でも、 共用部分の共有持分については、時効により取得することはできない。,102号室について、Dは、所有の意思をもって、善意で、平穏に、かつ、公然と占 有をするものと推定される。 20,4,FALSE,FALSE,,（解説は未入力です。）,,,,,
2023,令和5年度,30,single,判例・横断総合,r05;single_choice;most_appropriate;parsed,甲マンションの住戸301号室を所有するAが、債権者Bのために301号室の区分所有権にBの抵権を設定及び登記した場合に関する次の記述のうち、民法、区分所有法、民事執行法及び判例によれば、最も適切なものはどれか。なお、301号室の区分所有権には、Bの抵権以外に担保権は設定されていないものとする。,,,,,,管理組合が、Aの滞納管理費について、Aの301号室の区分所有権に対し先取特権 を行使するためには、先取特権の登記が必要である。,Bの抵権の効力は、301号室の専有部分と共に、当該マンションの共用部分等の Aの共有持分にも及ぶが、抵権設定契約で別段の設定をした場合には、その効力は 及ばない。,Aが、301号室をCに賃貸している場合に、Aが、管理組合及びBに対する債務に ついて不履行を生じさせたときは、管理組合が先取特権に基づきAのCに対する賃料 債権を差し押さえたとしても、Bが物上代位に基づき当該賃料債権を差し押さえた場 合には、管理組合は、Bに優先することはできない。,Bの抵当権の効力は、管理組合が滞納管理費の回収のために先取特権を行使する場 合と同様に、Aによって301号室に備え付けられた動産に及ぶが、AB間に別段の合 意がない限り、抵権設定時に存在した動産に限られる。 21,3,FALSE,FALSE,,（解説は未入力です。）,,,,,
2023,令和5年度,31,count,判例・横断総合,r05;count;count;parsed,総住戸数60の甲マンションで、管理組合を管理組合法人にするための集会に関する次の記述のうち、民法及び区分所有法によれば、適切なものはいくつあるか。ただし、規約で1住戸1議決権の定めがあり、その他別段の定めはないものとする。なお、甲マンションには、単独名義で2住戸を所有する区分所有者が5人いるものとする。ア 集会開催日を和5年12月3日とする場合に、集会招集通知は同年11月25日までに各区分所有者に発しなければならない。イ集会開催のための招集通知書は、55部で足りる。ウ 管理組合を管理組合法人にするためには、区分所有者数42以上及び議決権数45以上の多数による集会の決議が必要である。エ 集会の目的たる事項が「管理組合を管理組合法人にする件」のため、議案の要領をも通知しなければならない。,,,,,,一つ,二つ,三つ,四つ,3,FALSE,FALSE,,（解説は未入力です。）,,,,,
2023,令和5年度,32,single,判例・横断総合,r05;single_choice;most_inappropriate;parsed,管理組合が管理組合の運営において、電磁的記録及び電磁的方法を採用する場合に関する次の記述のうち、区分所有法によれば、最も不適切なものはどれか。,,,,,,集会の議事録は、規約にその旨の定めがなくても、電磁的記録により作成すること ができる。,管理規約は、規約にその旨の定めがなくても、電磁的記録により作成することがで きる。,議決権の行使は、集会の決議又は規約にその旨を定めることにより、書面に代えて 電磁的方法によることができる。,集会の決議は、規約にその旨の定めがなければ、電磁的方法によることができない。 23,4,FALSE,FALSE,,（解説は未入力です。）,,,,,
2023,令和5年度,33,count,判例・横断総合,r05;count;count;parsed,団地内建物の建替え決議に関する次の記述のうち、区分所有法によれば、不適切なものはいくつあるか。ア 団地内建物の建替え決議については、一括建替え決議をする場合でも、団地内の特定の建物のみを建て替える場合でも、いずれも、全ての建物が専有部分のある建物である必要はない。イー括建替え決議は、団地内建物の敷地が、その団地内建物の区分所有者全員の共有になっている場合でなければならない。ウ 団地管理組合の規約の定めにより、団地内の専有部分のある建物の管理を棟別の管理組合で行うことになっている場合には、その規約の定めを、団地管理組合の管理で行う旨に改正しない限り一括建替え決議はできない。エ 団地内の特定の建物のみで建替え決議をする場合には、当該建物の建替え決議に加えて、団地管理組合の集会において、敷地共有者の数及び議決権の各4分の3以上の特別多数による建替え承認決議と、当該建替えによって特別の影響を受ける者の承諾が別途必要である。,,,,,,一つ,二つ,三っ,四つ 24 2 3 4,2,FALSE,FALSE,,（解説は未入力です。）,,,,,
2023,令和5年度,34,count,判例・横断総合,r05;count;count;parsed,管理組合法人に関する次の記述のうち、区分所有法によれば、不適切なものはいくつあるか。ア規約で、数人の理事のみが共同して管理組合法人を代表する旨を定めることはできない。イ理事の任期を、規約で5年と定めることができる。ウ 管理組合法人の成立前の集会の決議、規約及び管理者の職務の範囲内の行為は、成立後の管理組合法人についても効力を生ずる。工管理組合法人の代表理事に管理者を兼任させることができる。一つ二つ三つ四つ,,,,,,一つ,二つ,三つ,四つ,3,FALSE,FALSE,,（解説は未入力です。）,,,,,
2023,令和5年度,35,count,判例・横断総合,r05;count;count;parsed,管理組合の役員に関する次の記述のうち、標準管理規約（単棟型）によれば、適切なものはいくつあるか。ア 組合員以外の者から理事又は監事を選任する場合の選任方法については細則で定める。イ理事は、管理組合に著しい損害を及ぼすおそれのある事実があることを発見したときは、直ちに、当該事実を理事長に報告しなければならない。ウ 役員は、別に定めるところにより、役員としての活動に応ずる必要経費の支払と報酬を受けることができる。エ監事は、管理組合の業務の執行及び財産の状況について不正があると認めるときは、理事長に対し、直ちに、理事会の招集を請求しなければならない。,,,,,,一つ,二つ,三つ,四つ,2,FALSE,FALSE,,（解説は未入力です。）,,,,,
2023,令和5年度,36,single,判例・横断総合,r05;single_choice;most_appropriate;parsed,専有部分及び共用部分の工事等に関する次の記述のうち、標準管理規約（単棟型）によれば、最も適切なものはどれか。,,,,,,区分所有者は専有部分の床のフローリングの設置をしようとするときは、理事長に その旨を申請し、理事長の判断により書面による承認を受けなければならない。,専用使用部分である窓ガラスが、当該住戸の区分所有者の過失により破損した場合 には、当該区分所有者の申請に基づき、管理組合が修繕する。,区分所有者が、屋上からの雨漏りにより専有部分の使用に支障が生じ緊急を要する ため当該共用部分の保存行為を行ったが、あらかじめ理事長に申請して書面による承 認を受けなかったときは、当該保存行為に要した費用は、当該保存行為を行った区分 所有者が負担する。,共用部分のうち各住戸に付属する玄関扉の改良工事で住宅の性能向上に資するもの について、計画修繕としてこれを速やかに実施できる場合には、管理組合がその責任 と負担において実施するものとする。 26,4,FALSE,FALSE,,（解説は未入力です。）,,,,,
2023,令和5年度,37,count,判例・横断総合,r05;count;count;parsed,管理規約違反行為、使用細則違反行為又は義務違反行為に関する次の記述のうち、区分所有法及び標準管理規約（単棟型）によれば、不適切なものはいくつあるか。ア 管理規約上ペットの飼育が禁止されているマンションにおいて、住戸の賃借人がペットを飼育している場合、理事長は、理事会の決議を経て、賃貸人である区分所有者に対して警告をすることはできるが、当該賃借人に対して告をすることはできない。イ区分所有者が、専有部分の使用細則に違反して、常習的に深夜に大音量でピアノの演奏をしていることから、当該行為の差止めを求めて訴訟を提起する場合には、総会の決議を経る必要がある。ウ 区分所有者が共用部分の破壊行為を繰り返すなどして他の区分所有者の共同の利益に反する行為を行い、他の区分所有者の共同生活上の障害が著しいことから、訴えをもって当該区分所有者による専有部分の使用の禁止を請求する旨の集会の決議をするには、あらかじめ、当該区分所有者に対し、弁明する機会を与えなければならない。エ 区分所有者に対し、管理規約違反行為の差止めを求める訴訟を提起する場合は、理事長は当該区分所有者に対して違約金としての弁護士費用を請求することができる。,,,,,,一つ,二つ,三つ,なし 27,2,FALSE,FALSE,,（解説は未入力です。）,,,,,
2023,令和5年度,38,combination,判例・横断総合,r05;combination;appropriate_combination;parsed,マンションの分譲業者が、区分所有者に対して、建物の専有部分の区分所有権、共用部分の共有持分及び敷地の共有持分を分譲したが、一部の区分所有者に対しては、それらとともに敷地の駐車場の専用使用権を分譲した。この場合において専用使用権及び専用使用料に関する次の記述のうち、最高裁判所の判決によれば、適切なものの組合せはどれか。ア駐車場の専用使用権は、区分所有者全員の共有に属するマンション敷地の使用に関する事項ではなく、専用使用権を有する区分所有者のみに関する事項であるから、区分所有者全員の規約及び集会決議による団体的規制に服すべき事項ではない。イ規約の設定、変更等をもって、一部の区分所有者の権利を変更するときには、その承諾を得なければならないから、当該駐車場の専用使用権者の承諾を得ないで当該駐車場の使用料を増額することはできない。ウ 規約の設定、変更等をもって、一部の区分所有者の権利に特別の影響を及ぼすべきときには、その承諾を得なければならないが、ここでの「特別の影響を及ぼすべきとき」とは、一部の区分所有者の受ける不利益がその区分所有者の受忍限度を超えると認められる場合をいう。エ 規約の設定、変更等をもって、増額された駐車場の使用料が、増額の必要性及び合理性が認められ、かつ、当該区分所有関係において社会通念上相当な額であると認められる場合には、専用使用権者は、当該駐車場の使用料の増額を受忍すべきである。,,,,,,ア・イ,ア・ウ,イ・エ,ウ・エ 28,4,FALSE,FALSE,,（解説は未入力です。）,,,,,
2023,令和5年度,39,single,判例・横断総合,r05;single_choice;most_inappropriate;parsed,マンションの管理費の滞納に関する次の記述のうち、民法及び区分所有法によれば、最も不適切なものはどれか。,,,,,,管理組合は、管理費が滞納されている場合、管理規約に遅延害金の定めがないと きでも、遅延損害金を請求することができる。,賃借人が賃貸借契約により管理費を管理組合に支払っていた場合でも、当該賃借人 が管理費の支払いを滞納したときは、当該管理組合は、賃貸人である区分所有者に滞 納管理費を請求することができる。,専有部分の売買契約によって、滞納されていた管理費の支払義務は区分所有権を取 得した買主に承継されるが、売主自身の支払義務が消滅するわけではない。,競売手続によってマンションの区分所有権を取得した場合には、買受人は、前区分 所有者の滞納管理費の支払義務を承継しない。,4,FALSE,FALSE,,（解説は未入力です。）,,,,,
2023,令和5年度,40,single,判例・横断総合,r05;single_choice;most_inappropriate;parsed,マンションの管理費の滞納に関する次の記述のうち、民法、民事訴訟法及び区分所有法によれば、最も不適切なものはどれか。,,,,,,管理費の滞納者が、管理組合に対し、滞納管理費の額と滞納している事実を認めた 場合は、その時から、当該債権について時効の更新の効力が生じる。,管理費の滞納者が死亡した場合は、その相続人が、当該マンションに居住している か否かにかかわらず、それぞれの相続分に応じて、当該滞納管理費債務を承継する。,管理費の滞納者に対して訴訟を提起するためには、事前に内容証明郵便による促 を行う必要がある。,管理費の滞納者が死亡し、その相続人全員が相続放棄した場合は、いずれの相続人 も滞納管理費債務を負わない。 29,3,FALSE,FALSE,,（解説は未入力です。）,,,,,
2023,令和5年度,41,single,判例・横断総合,r05;single_choice;most_inappropriate;parsed,「住宅の品質確保の促進等に関する法律」に関する次の記述のうち、最も不適切なものはどれか。,,,,,,新築住宅の売主は、構造耐力上主要な部分又は雨水の浸入を防止する部分として政 令で定めるものについて、引渡しの時から10年間、職担保責任を負わなければなら ない。,新築住宅の瑕疵担保責任について、瑕疵を修補する責任に限定し、契約の解除や損 害賠償の請求はできないこととする特約は無効である。,新築住宅とは、新たに建設された住宅で、かつ、まだ人の居住の用に供したことの ないもので、建設工事完了の日から起算して2年を経過していないものをいう。,新築住宅の売買契約において、特約により、構造耐力上主要な部分及び雨水の浸入 を防止する部分だけでなくその他の部分も含め、瑕疵担保責任の期間を引き渡した時 から20年以内とすることができる。,3,FALSE,FALSE,,（解説は未入力です。）,,,,,
2023,令和5年度,42,single,判例・横断総合,r05;single_choice;most_appropriate;parsed,「個人情報の保護に関する法律」に関する次の記述のうち、最も適切なものはどれか。,,,,,,個人情報取扱事業者は、個人情報を取得した場合は、あらかじめその利用目的を公 表している場合を除き、速やかに、その利用目的を、本人に通知し、又は公表しなけ ればならない。,管理組合は、「個人情報取扱事業者」に該当しない。,管理組合の総会議事録の署名欄に書かれた氏名は、「個人情報」に該当しない。,管理組合の組合員の氏名が記載されている組合員名簿が、電子計算機を用いて検索 することができるように体系的に構成したものではなく、紙面で作成されている場合、 五十音順など一定の規則に従って整理することにより、容易に検索できるようなとき であっても、その組合員名簿は「個人情報データベース等」に該当しない。 30,1,FALSE,FALSE,,（解説は未入力です。）,,,,,
2023,令和5年度,43,single,判例・横断総合,r05;single_choice;most_appropriate;parsed,国土交通省が公表している分譲マンションの統計・データ等に関する次の記述のうち、最も適切なものはどれか。,,,,,,2021年末時点における分譲マンションストック総数は、700万戸を超えている。,マンションの新規供給戸数は、2000年以降、一貫して増加傾向にある。,「平成30年度マンション総合調査結果」によると、現在の修繕積立金の積立額が長期修繕計画に比べて不足しているマンションは、3割を超えている。,「平成30年度マンション総合調査結果」によると、回答した区分所有者のうち永住するつもりである区分所有者は、6割には満たない。,3,FALSE,FALSE,,（解説は未入力です。）,,,,,
2023,令和5年度,44,single,判例・横断総合,r05;item_set;most_appropriate;parsed,賃貸住宅管理業法に関する次の記述のうち、最も適切なものはどれか。,,,,,,賃貸住宅管理業を営もうとする者は、二以上の都道府県の区域内に事務所を設置し てその事業を営もうとする場合は国土交通大臣の、一の都道府県の区域内にのみ事務 所を設置してその事業を営もうとする場合は当該事務所の所在地を管轄する都道府県 知事の登録を受けなければならない。,賃貸住宅管理業者の登録は、5年ごとにその更新を受けなければ、その期間の経過 によって効力を失うが、更新の申請期間内に申請があった場合、登録の有効期間の満 アの日までにその申請に対する処分がされないときは、その処分がされるまでの間は、 なお効力を有する。,賃貸住宅管理業者は、その営業所又は事務所ごとに、賃貸住宅管理業に従事する者 の数に対し、その割合が5分の1以上となる数の業務管理者を置かなければならない。,賃貸住宅管理業者は、管理受託契約を締結しようとするときは、賃貸人に対し、当 該管理受託契約を締結するまでに、賃貸住宅管理業法に定める事項について、書面を 交付して説明しなければならないが、賃貸人の承諾を得た場合に限り、この説明を省 略することができる。 31,2,FALSE,FALSE,,（解説は未入力です。）,,,,,
2023,令和5年度,45,single,判例・横断総合,r05;single_choice;most_appropriate;parsed,法人である宅地建物取引業者Aが、自ら売主として、宅地建物取引業者ではない買主Bに対してマンションの一住戸の売買を行う場合に、宅地建物取引業法第35条の規定により行う重要事項の説明に関する次の記述のうち、最も適切なものはどれか。,,,,,,AがBに対して交付する重要事項説明書に記名する宅地建物取引士は、専任の宅地 建物取引士でなければならない。,AはBに対して、当該マンションについて、私道に関する負担がない場合であって も、これがない旨の説明をしなければならない。,AはBに対して、当該マンションが「土砂災害戒区域等における土砂災害防止対 策の推進に関する法律」第7条第1項により指定された土砂災害謦戒区域内にない場 合であっても、その旨の説明をしなければならない。,AはBに対して、当該住戸の台所や浴室などの設備の整備状況について、説明をし なければならない。 32,2,FALSE,FALSE,,（解説は未入力です。）,,,,,
2023,令和5年度,46,count,判例・横断総合,r05;count;count;parsed,マンション管理適正化法に関する次の記述のうち、適切なものはいくつあるか。ア 都道府県等は、マンション管理適正化推進計画に基づく措置の実施に関して特に必要があると認めるときは、関係地方公共団体、管理組合、マンション管理業者に対し、調査を実施するため必要な協力を求めることができる。イ管理組合は、マンション管理適正化指針の定めるところに留意して、マンションを適正に管理するよう自ら努めなければならないとされているが、マンションの区分所有者等の役割については規定されていない。ウ 市長は、区域内のマンションにおいて管理組合の運営がマンション管理適正化指針に照らして著しく不適切であることを把握したときは、当該管理組合の管理者等に対し、マンション管理適正化指針に即したマンションの管理を行うよう勧告することができる。エ 管理組合の管理者等は、管理計画の認定を受けるために申請する当該管理計画の中には、当該マンションの修繕その他の管理に係る資金計画を必ず記載しなければならない。,,,,,,一つ,二つ,三つ,四つ,3,FALSE,FALSE,,（解説は未入力です。）,,,,,
2023,令和5年度,47,count,判例・横断総合,r05;count;count;parsed,マンション管理適正化法第2条に規定される用語に関する次の記述のうち、マンション管理適正化法によれば、適切なものはいくつあるか。アマンションとは、2以上の区分所有者が存する建物で人の居住の用に供する専有部分のあるもの並びにその敷地及び附属施設をいうが、この場合、専有部分に居住する者が全て賃借人であるときは含まれない。イマンション管理業とは、管理組合から委託を受けて、基幹事務すべてを含むマンションの管理事務を行う行為で業として行うものであり、当該基幹事務の一部のみを業として行う場合はマンション管理業に該当しない。ウマンション管理業者とは、国土交通省に備えるマンション管理業者登録簿に登録を受けてマンション管理業を営む者をいう。エ 管理業務主任者とは、管理業務主任者試験に合格した者で、国土交通大臣の登録を受けた者をいう。一つこっ三つ四つ,,,,,,一つ,二つ,三つ,四つ,2,FALSE,FALSE,,（解説は未入力です。）,,,,,
2023,令和5年度,48,count,判例・横断総合,r05;count;count;parsed,マンション管理業者が行うマンション管理適正化法第72条の規定に基づく重要事項の説明等に関する次の記述のうち、マンション管理適正化法によれば、適切なものはいくつあるか。アマンション管理業者は、管理受託契約を締結しようとするときは、その契約締結日の1週間前までに、説明会を開催し、管理組合を構成するマンションの区分所有者等及び当該管理組合の管理者等に対し、管理業務主任者をして、重要事項について説明をさせなければならない。イマンション管理業者は、従前の管理受託契約と同一の条件で管理組合との管理受託契約を更新しようとするときは、あらかじめ、当該管理組合を構成するマンションの区分所有者等全員に対し、重要事項を記載した書面を交付しなければならない。ウマンション管理業者が、重要事項を記載した書面の交付に代えて、当該書面に記載すべき事項を電子情報処理組織を使用する方法その他の情報通信の技術を利用する方法により提供する場合において、管理組合を構成するマンションの区分所有者等又は当該管理組合の管理者等の承諾を得る必要はない。エ 管理業務主任者は、重要事項の説明をするときは、相手方からの請求の有無にかかわらず、管理業務主任者証を提示しなければならない。,,,,,,一つ,二つ,三つ,四つ 35,2,FALSE,FALSE,,（解説は未入力です。）,,,,,
2023,令和5年度,49,single,判例・横断総合,r05;item_set;violation_all_included;parsed,マンション管理業者Aが、管理組合Bから委託を受けて、Bの修繕積立金等金銭の管理を行う場合に関する次の記述のうち、マンション管理適正化法に違反する記述のみを全て含むものは次の1～4のうちどれか。アAは、マンション管理適正化法施行規則（以下、本問において「規則」という。）第87条第2項第1号イに定める方法によりBの修繕積立金等金銭の管理を行っており、Bの管理者等の承認を得て、Bを名義人とする収納口座に係る印鑑及びBを名義人とする保管口座に係る印鑑のいずれも管理している。イAは、規則第87条第2項第1号口に定める方法によりBの修繕積立金等金銭の管理を行っており、Bを名義人とする収納口座に係る印鑑を管理しているが、Bの承認を得て、その月分として徴収されたものから当該月中の管理事務に要した費用を控除した残額を、引き続き当該収納口座において管理している。ウ Aは、規則第87条第2項第1号ハに定める方法によりBの修繕積立金等金銭の管理を行っているが、Bの区分所有者等から徴収される一月分の修繕積立金等金銭の合計額以上の額につき有効な保証契約を締結していない。,,,,,,ア・イ,ア・ウ,イ・ウ,ア・イ・ウ 36,1,FALSE,FALSE,,（解説は未入力です。）,,,,,
2023,令和5年度,50,single,判例・横断総合,r05;single_choice;most_appropriate;parsed,マンション管理業者に関する次の記述のうち、マンション管理適正化法によれば、最も適切なものはどれか。,,,,,,マンション管理業者は、公衆の見やすい場所に、その登録番号等を記載した標識を 掲示しなければならないが、当該マンション管理業者が複数の事務所を有する場合は、 そのうち主たる事務所にのみ掲示すればよい。,国土交通大臣は、マンション管理業者の役員が、「暴力団員による不当な行為の防 止等に関する法律」第2条第6号に規定する暴力団員であることが判明した場合は、 該マンション管理業者に対し、1年以内の期間を定めて、その業務の全部又は一部 の停止を命ずることができる。,マンション管理業者は、契約の成立時の書面を交付するときは、管理組合に管理者 等（当該マンション管理業者が該管理組合の管理者等である場合を除く。）が置か れている場合には、該管理組合の管理者等に対してのみ交付すればよい。,マンション管理業者は、毎月、管理事務の委託を受けた管理組合のその月における 会計の収入及び支出の状況に関する書面を作成し、当該管理組合の管理者等に交付し ていれば、マンション管理適正化法第77条に規定する管理事務の報告を行うときは、 当該管理組合の事業年度に係る会計の収入及び支出の状況については報告を省略する ことができる。 37,3,FALSE,FALSE,,（解説は未入力です。）,,,,,
2024,令和6年度,1,single,判例・横断総合,r06;single_choice;most_inappropriate;parsed,共有に関する次の記述のうち、民法の規定によれば、最も不適切なものはどれか。,,,,,,裁判所は、共有者やその所在が不明な共有建物について、必要があると認めるとき は、利害関係人の請求により、その請求に係る建物又は共有持分を対象として、管理 不全建物管理人による管理を命ずる処分をすることができる。,共有者が、持分に応じた管理の費用の支払を1年以内に履行しないときは、他の共 有者は、相当の償金を支払ってその者の持分を取得することができる。,共有物が分割された場合、各共有者は、他の共有者が分割によって取得した物につ いて、売主と同じく、その持分に応じて担保の責任を負う。,共有物の全部又はその持分が相続財産に属する場合において、共同相続人間で当該 共有物の全部又はその持分について遺産の分割をすべきときは、相続開始の時から10 年を経過しなければ、当該共有物又はその持分について裁判による分割をすることが できない。,4,FALSE,FALSE,,（解説は未入力です。）,,,,,
2024,令和6年度,2,single,判例・横断総合,r06;single_choice;most_appropriate;parsed,マンションに関する次の記述のうち、民法、区分所有法及び判例によれば、最も適切なものはどれか。,,,,,,区分所有者は、区分所有権を取得した旨の届出を管理組合に提出すれば、登記の有 無にかかわらず、第三者にその区分所有権を対抗することができる。,マンションに居住する区分所有者が管理費を滞納したまま区分所有権を譲渡した場 合、管理組合は、当該前区分所有者が転出に際して届け出た転居場所に滞納管理費の 支払を催告すれば、その到達の有無にかかわらず、有効な請求となる。,マンションの敷地上の駐車場を賃借している区分所有者が、管理組合に無断で当該 駐車場を外部の第三者に転貸して収入を得ているときは、管理組合は、当該賃貸借契 約を解除することができる。,区分所有法第3条によって組織される区分所有者の団体は、同法第25条に基づく管 理者を選任さえしていれば、当該団体として契約の当事者となることができる。 1,3,FALSE,FALSE,,（解説は未入力です。）,,,,,
2024,令和6年度,3,single,判例・横断総合,r06;single_choice;most_appropriate;parsed,契約の解除に関する次の記述のうち、民法の規定によれば、最も適切なものはどれか。,,,,,,委任者は、受任者に不利な時期になる場合や、当該委任契約が受任者の利益（専ら 報酬を得ることによるものを除く。）をも目的とする場合には、委任者にやむを得ない 事由がない限り、当該契約を解除することができない。,管理組合が発注した大規模修繕工事契約は、施工会社がその修繕に着手した後は、 管理組合の側からは、その損害を賠償しても当該契約を解除することができない。,管理組合が購入した防災用発電機に契約不適合がある場合に、当該契約不適合部分 についての履行の追完請求としての修補請求や代金減額請求はできるが、該売買契 約を解除することはできない。,管理組合が、第三者に賃貸している敷地上の駐車場に対して行った保存行為が、第 三者の意思に反する場合であっても、駐車場の目的を達することができるかぎり、第 三者は、当該駐車場賃貸借契約を解除することができない。,4,FALSE,FALSE,,（解説は未入力です。）,,,,,
2024,令和6年度,4,single,判例・横断総合,r06;single_choice;most_appropriate;parsed,次の記述のうち、標準管理委託契約書によれば、最も適切なものはどれか。,,,,,,マンション管理業者が管理事務の一部を第三者に再委託した場合は、再委託した管 理事務の適正な処理について、当該マンション管理業者は、管理組合に対して責任を 負わない。,管理組合は、マンション管理業者に管理事務を行わせるために管理事務室を使用さ せる場合は、有償で使用させるものとする。,マンション管理業者が行う管理事務の内容として、事務管理業務、管理員業務、清 掃業務、建物・設備等管理業務及び備業法に定める響備業務がある。,マンション管理業者は、あらかじめ、管理組合の承諾を得た場合は、管理事務の処 理状況及び管理組合の会計の収支状況に係る管理組合に対する報告を、WEB会議シ ステムにより行うことができる。 2,4,FALSE,FALSE,,（解説は未入力です。）,,,,,
2024,令和6年度,5,single,判例・横断総合,r06;single_choice;most_inappropriate;parsed,管理組合Aとマンション管理業者Bが管理委託契約を締結した場合に関する次の記述のうち、標準管理委託契約書によれば、最も不適切なものはどれか。,,,,,,A及びBは、管理委託契約の成立の証として契約書1通を作成し、A及びBが記名 押印した上、Aが当該契約書を保有した。,Bは、Aの組合員から専有部分の売却の依頼を受けた宅地建物取引業者からの求め に応じて、Aに代わって、当該宅地建物取引業者に対し、管理規約の写しを提供し、 その提供に要した費用を当該宅地建物取引業者から受領した。,Bは、漏水の発生により、Aのために業務を緊急に行う必要があったため、Aの組 合員が現に居住する専有部分に立ち入って業務を実施し、A及び当該組合員に対し、 事後速やかに報告を行った。,Aは、Bがマンション管理業の登録の取消しの処分を受けたため、Bに対して何ら の催告をせず、Bとの管理委託契約を解除した。,1,FALSE,FALSE,,（解説は未入力です。）,,,,,
2024,令和6年度,6,combination,判例・横断総合,r06;combination;incorrect_combination;parsed,管理委託契約の解除、解約及び更新に関する次の記述のうち、標準管理委託契約書によれば、不適切なものの組合せはどれか。ア 管理組合又はマンション管理業者は、その相手方が、管理委託契約に定められた義務の履行を怠った場合は、催告なしに当該契約を解除することができる。イ管理組合又はマンション管理業者は、その相手方に対し、少なくとも3月前に書面で解約の申入れを行うことにより、管理委託契約を終了させることができる。ウ 管理委託契約の更新について、管理組合及びマンション管理業者いずれからも申出がないときは、当該契約は従前の契約と同一の条件で、自動的に更新される。,,,,,,ア・イ,ア・ウ,イ・ウ,ア・イ・ウ 3,2,FALSE,FALSE,,（解説は未入力です。）,,,,,
2024,令和6年度,7,count,判例・横断総合,r06;count;count;parsed,次の記述のうち、標準管理委託契約書によれば、適切なものはいくつあるか。ア 管理組合がマンション管理業者に対して管理事務に関する指示を行う場合には、法令の定めに基づく場合を除き、管理組合の管理者等又は管理組合の指定する当該管理組合の役員から、マンション管理業者の使用人等のうち当該マンション管理業者が指定した者に対して行う。イマンション管理業者は、マンション管理適正化法の規定に基づき処分を受けたときは、速やかに、書面又は口頭で、管理組合に通知しなければならない。ウマンション管理業者は、管理事務を行うため必要なときは、管理組合の組合員等に対し、管理組合に代わって、管理規約に違反する行為の中止を求めることができる。エ マンション管理業者は、管理組合の管理規約の原本、総会議事録、総会議案書等を、当該マンション管理業者の事務所で保管する。一つ2二つ3三つ4 四つ,,,,,,一つ,二つ,三つ,四つ,2,FALSE,FALSE,,（解説は未入力です。）,,,,,
2024,令和6年度,8,single,判例・横断総合,r06;single_choice;most_inappropriate;parsed,管理事務の内容及び実施方法に関する次の記述のうち、標準管理委託契約書によれば、最も不適切なものはどれか。,,,,,,管理組合が大規模修繕工事実施設計及び工事監理業務をマンション管理業者に委託 するときは、業務内容の独立性が高いという当該業務の性格から、管理委託契約とは 別個の契約にすることが望ましい。,出納業務として、マンションの各専有部分の水道料の計算、収納をマンション管理 業者に委託することができる。,マンション管理業者は、管理組合に代わって、管理組合が行うべき共用部分に係る 損害保険契約やマンション内の駐車場の使用契約に関する事務を行う。,管理員業務における立会業務として、工事の完了確認を行う場合には、外注業者に よる工事が設計図書のとおりに実施されているかいないかを確認する。,4,FALSE,FALSE,,（解説は未入力です。）,,,,,
2024,令和6年度,9,count,判例・横断総合,r06;count;count;parsed,管理組合の活動に係る税務の取扱いに関する次の記述のうち、不適切なものはいくつあるか。ア消費税法上、消費税の納税義務者は事業者とされ、法人格を有しない管理組合及び管理組合法人も納税義務者となる。イ消費税法上、管理組合が、組合員との駐車場使用契約に基づき収受した使用料は、不課税取引として課税対象とはならない。ウ 消費税法上、管理組合の収入のうち、修繕積立金に係る預金から生じた受取利息は、課税取引として課税対象となる。エ 法人税法上、管理組合法人が、その共用部分を看板設置のために事業者に賃貸することは、収益事業に該当する。,,,,,,一つ,二つ,三つ,四つ,1,FALSE,FALSE,,（解説は未入力です。）,,,,,
2024,令和6年度,10,combination,判例・横断総合,r06;combination;most_appropriate;parsed,"以下の表アは、甲管理組合の令和6年3月末日の決算において作成された一般（管理費）会計に係る未完成の貸借対照表（勘定式）である。表アを完成させるために、表ア中の（A）から（D）までに入る科目の組合せとして最も適切なものは、表イの1から 4までのうちどれか。一般（管理費）会計貸借対照表令和6年3月31日現在表ア資産の部科目現金預金（A）（B）什器及び備品資産の部合計負債・繰越金の部金額科目300000預り金100,000（C200,000（D））400,000次期繰越金",,,,,,A: 未払金 B: 前受金 C: 未収入金 D: 前払金,A: 未収入金 B: 前受金 C: 未払金 D: 前払金,A: 未払金 B: 前払金 C: 未収入金 D: 前受金,A: 未収入金 B: 前払金 C: 未払金 D: 前受金,4,FALSE,FALSE,,（解説は未入力です。）,,,,,
2024,令和6年度,11,single,判例・横断総合,r06;single_choice;most_appropriate;parsed,"甲管理組合における以下の活動に関し、令和6年3月分の仕訳として、最も適切なものはどれか。ただし、会計処理は毎月次において発生主義の原則によって処理されているものとする。なお、積立保険料は、満期返戻金付きとする。（申管理組合の会計年度：毎年4月1日から翌年3月31日まで）活動甲管理組合は、保険期間を5年、保険料支払方法を年払いとする「修繕積立保険」に加入しており、令和6年3月1日に和6年3月1日から和7年2月末までの期間1年分の保険料1,440,000円を普通預金口座から支払った。なお、当該保険料の明細は、以下のとおりである。① 危険保険料② 積立保険料修繕積立保険料合計720,000円720,000円",,,,,,",440,000円 1 （借方） 支払保険料",（借方） 保険積立金,（借 方） 支払保険料 保険積立金,"（借方） 支払保険料 前払保険料 保険積立金 1,440,000 1,440,000 （貸方） 普通預金 （貸方） 普通預金 （貸方） 普通預金 （単位：円） 1,440,000 1,440,000 720,000 720,000 1,440,000 （貸方） 普通預金 60,000 660,000 720,000 1,440,000 7",4,FALSE,FALSE,,（解説は未入力です。）,,,,,
2024,令和6年度,12,single,判例・横断総合,r06;single_choice;most_appropriate;parsed,"甲管理組合における以下の活動に関し、令和6年3月分の仕訳として、最も適切なものはどれか。ただし、会計処理は毎月次において発生主義の原則によって処理されているものとする。（甲管理組合の会計年度：毎年4月1日から翌年3月31日まで）活動令和6年3月31日に、組合員から管理費等合計3,000,000円を徴収し、甲管理組合の普通預金口座に入金をした。入金の内訳は以下のとおりである。① 令和6年2月以前分管理費収入修繕積立金収入60,000円30,000円90,000円② 令和6年3月分管理費収入修繕積立金収入120,000円60,000円180,000円③ 令和6年4月以降分管理費収入修繕積立金収入",,,,,,",820,000円 910,000円 合計",",730,000円",",000,000円 1 （借方） 普通預金 2 （借方） 普通預金 3 （借方） 普通預金","（借方） 普通預金 3,000,000 3,000,000 3,000,000 3,000,000 （貸方） 管理費収入 修繕積立金収入 （貸方） 未収入金 管理費収入 修繕積立金収入 （貸方） 未収入金 管理費収入 修繕積立金収入 前受金 （貸方） 管理費収入 修繕積立金収入 前受金 （単位：円） 2,000,000 1,000,000 90,000 1,940,000 970,000 90,000 120,000 60,000 2,730,000 180,000 90,000 2,730,000",3,FALSE,FALSE,,（解説は未入力です。）,,,,,
2024,令和6年度,13,single,判例・横断総合,r06;single_choice;most_inappropriate;parsed,建築基準法第12条第1項に規定される建築物等の状況の調査・報告に関する次の記述のうち、最も不適切なものはどれか。,,,,,,特定行政庁への報告は、5年間隔で行わなければならない。,特定行政庁への報告は、建築物の所有者と管理者が異なる場合においては、管理者 が行わなければならない。,調査は、一級建築士、二級建築士又は建築物調査員にさせなければならない。,調査の項目、方法及び結果の判定基準は国土交通大臣の定めるところによるものと する。,1,FALSE,FALSE,,（解説は未入力です。）,,,,,
2024,令和6年度,14,single,判例・横断総合,r06;single_choice;direct_question;parsed,建築基準法において、建築物の容積率の算定に当たり、その全部又は一部の床面積を算入しないこととされている次の建築物の部分のうち、共同住宅及び老人ホーム等においてのみ適用されるものはどれか。,,,,,,エレベーターの昇降路の部分,共用の廊下又は階段の用に供する部分,専ら防災のために設ける備蓄倉庫の用途に供する部分,宅配ボックスを設ける部分 10,2,FALSE,FALSE,,（解説は未入力です。）,,,,,
2024,令和6年度,15,single,判例・横断総合,r06;single_choice;direct_question;parsed,次に掲げる機器のうち、消防法第9条の2において、住宅の関係者が設置し、及び維持しなければならないものはどれか。,,,,,,住宅用スプリンクラー,住宅用防災機器,消火器,漏電ブレーカー（漏電遮断機）,2,FALSE,FALSE,,（解説は未入力です。）,,,,,
2024,令和6年度,16,single,判例・横断総合,r06;single_choice;most_inappropriate;parsed,防火管理者に関する次の記述のうち、消防法によれば、最も不適切なものはどれか。ただし、本問において、「権原者」とは、マンションの管理に関する権原を有する者をいう。なお、本問において、「マンション」とは、消防法施行令別表第一（五）項口に掲げる共同住宅とする。,,,,,,居住者が30人のマンションでは、権原者は、防火管理者を定める必要がある。,防火管理者は、政令で定める資格を有している必要がある。,権原者は、防火管理者に、消防計画を作成させなければならない。,権原者は、防火管理者に、消防計画に基づく消火、通報及び避難の訓練を実施させ なければならない。 11,1,FALSE,FALSE,,（解説は未入力です。）,,,,,
2024,令和6年度,17,combination,判例・横断総合,r06;combination;most_appropriate;parsed,コンクリートの中性化に関する次の文章の（A）から（C）までに入る語句の組合せとして、最も適切なものはどれか。中性化は、大気中の（A）がコンクリートに侵入し、コンクリートのアルカリ性が徐々に（B）していく現象である。この中性化深さの進行は、時間の（C）に比例はっせいして進行し、鉄筋に到達することによって鉄筋の発錆の危険が増大するとされている。,,,,,,A: 酸素 B: 上昇 C: 平方根,A: 酸素 B: 低下 C: 2乗,A: 二酸化炭素 B: 上昇 C: 2乗,A: 二酸化炭素 B: 低下 C: 平方根,4,FALSE,FALSE,,（解説は未入力です。）,,,,,
2024,令和6年度,18,single,判例・横断総合,r06;single_choice;most_inappropriate;parsed,鉄筋コンクリート造のマンションのコンクリート壁の劣化の補修に関する次の記述のうち、「建築保全標準・同解説JAMS 4-RC 補修・改修設計規準」（一般社団法人 日本建築学会）によれば、最も不適切なものはどれか。,,,,,,コンクリートの乾燥収縮による幅0. 3mm程度の挙動のあるひび割れ先行型劣化の 補修に、Uカットシール材発頂工法を選定した。,コンクリートのコールドジョイントによる幅0.2mm未満の、挙動のないひび割れ 先行型劣化の補修に、シール工法を選定した。,中性化により発生した、鉄筋の腐食に伴うコンクリートの浮きに対し、断面修復に よる工法を選定した。,塩害によりコンクリートが浮きかかって生じたひび割れに対し、掛脂注入工法を選 定した。 12,4,FALSE,FALSE,,（解説は未入力です。）,,,,,
2024,令和6年度,19,single,判例・横断総合,r06;single_choice;most_inappropriate;parsed,次の記述のうち、水道法によれば、最も不適切なものはどれか。,,,,,,給水装置とは、需要者に水を供給するために水道事業者の施設した配水管から分岐 して設けられた給水管及びこれに直結する給水用具をいう。,専用水道は、寄宿舎等の自家用水道等で、1日最大給水量30m以上で、50人を超 える者にその居住に必要な水を供給するものをいう。,簡易専用水道の供給を受けるために設けられる水槽の有効容量の合計は、10mm3を 超えるものとする。,簡易専用水道とは、水道事業の用に供する水道及び専用水道以外の水道であって、 水道事業の用に供する水道から供給を受ける水のみを水源とするものをいう。ただし、 その用に供する施設の規模が政令で定める基準以下のものを除く。,2,FALSE,FALSE,,（解説は未入力です。）,,,,,
2024,令和6年度,20,count,判例・横断総合,r06;count;count;parsed,用語の定義に関する次の記述のうち、長期修繕計画作成ガイドラインによれば、適切なものはいくつあるか。ア 推定修繕工事とは、長期修繕計画において、計画期間内に見込まれる修繕工事（補修工事（経常的に行う補修工事を除く。）を含む。）及び改修工事をいう。イ計画修繕工事とは、長期修繕計画に基づいて計画的に実施する修繕工事及び改修工事をいう。ウ 大規模修繕工事とは、建物の全体又は複数の部位について行う大規模な計画修繕工事（全面的な外壁塗装等を伴う工事）をいう。エ 推定修繕工事費とは、推定修繕工事に要する概算の費用をいう。,,,,,,一つ,二つ,三つ,四つ,4,FALSE,FALSE,,（解説は未入力です。）,,,,,
2024,令和6年度,21,count,判例・横断総合,r06;count;count;parsed,次の記述のうち、長期修繕計画作成ガイドラインによれば、適切なものはいくつあるか。アマンションの省エネ性能を向上させる改修工事を実施することは脱炭素社会の実現のみならず、各区分所有者の光熱費負担を低下させる観点からも有意義と考えられる。イ高経年のマンションの場合は、経年に応じて改修工事などに必要な費用が多額になっていくことが考えられ、必要に応じて建替えも視野に入れた修繕や改修の検討を行うことが望まれる。ウ 管理組合は、財務・管理に関する情報について、マンションの購入予定者に対しても書面で交付することをあらかじめ管理規約において規定しておくことが望まれる。エマンションには様々な形態、形状、仕様等があるうえ、立地条件も異なっていることから、これらに応じた適切な長期修繕計画とするため、必要に応じて標準様式の内容を追加して使用する。一つ2 二つ3 三つ四つ,,,,,,一つ,二つ,三つ,四つ,4,FALSE,FALSE,,（解説は未入力です。）,,,,,
2024,令和6年度,22,single,判例・横断総合,r06;single_choice;most_inappropriate;parsed,収支計画の検討に関する次の記述のうち、長期修繕計画作成ガイドラインによれば、最も不適切なものはどれか。,,,,,,計画期間に見込まれる推定修繕工事費の累計額が示され、その額を修繕積立金の累 計額が下回らないように計画することが必要である。,推定修繕工事費は、消費税を含めた年度ごとの合計額と累計額が示されること、ま た、年度ごとの収支のほか、次年度繰越金（年度ごとの修繕積立金の残高）が示される ことが必要である。,推定修繕工事項目に建物及び設備の性能を向上する改修工事に係る項目を設定する 場合には、その費用を含めた収支計画とする。,機械式駐車場があり、駐車場使用料会計が設けられている場合であっても、駐車場 の長期修繕計画は、全体の長期修繕計画に含めて作成することが望ましい。,4,FALSE,FALSE,,（解説は未入力です。）,,,,,
2024,令和6年度,23,single,判例・横断総合,r06;single_choice;most_inappropriate;parsed,次の記述のうち、長期修繕計画作成ガイドラインによれば、最も不適切なものはどれか。,,,,,,推定修繕工事費の算定における単価の設定の際は、地域差について、労務費は地域 差がほとんどない一方、材料費や仮設材のリース費等に一定の地域差があることを、 必要に応じて考慮する。,推定修繕工事費の算定における単価の設定の際は、新築マンション、既存マンショ ンのどちらの場合であっても、修繕工事特有の施工条件等を考慮する。,推定修繕工事の内容の設定、概算の費用の算出は、既存マンションの場合、保管さ れている設計図書のほか、修繕等の履歴、劣化状況等の調査・診断の結果に基づいて 行う。,収支計画の不確定な要素として、修繕積立金の運用利率、借入金の金利、物価・エ 事費価格及び消費税率の変動などがある。 15,1,FALSE,FALSE,,（解説は未入力です。）,,,,,
2024,令和6年度,24,single,判例・横断総合,r06;single_choice;most_inappropriate;parsed,次の記述のうち、修繕積立金ガイドラインによれば、最も不適切なものはどれか。,,,,,,修繕積立金は、共用部分について管理組合が行う修繕工事の費用に充当するための 積立金であり、専有部分について各区分所有者が行うリフォームの費用は原則として 含まれない。,超高層マンション（一般に地上20階以上）は、外壁等の修繕のための特殊な足場が必 要となるほか、共用部分の占める割合が高くなる等のため、修繕工事費が増大する傾 向にある。,修繕積立金ガイドラインで示している「修繕積立金の額の目安」は、長期修繕計画作 成ガイドラインに概ね沿って策定された長期修繕計画の事例から導き出したものであ り、修繕積立金の額がこの幅に収まっていなければ、直ちに不適切な水準の額といえ る。,マンションの修繕工事費は、建物の形状や規模、立地、仕上げ材や設備の仕様に加 え、区分所有者の機能向上に対するニーズ等、様々な要因によって変動するものであ る。,3,FALSE,FALSE,,（解説は未入力です。）,,,,,
2024,令和6年度,25,combination,判例・横断総合,r06;combination;incorrect_combination;parsed,区分所有者が、その所有する住戸を賃貸している場合に関する次の記述のうち、民法及び区分所有法によれば、不適切なものの組合せはどれか。ア 賃貸借契約において、管理費の支払は賃借人が行う旨の合意があった場合でも、賃貸人である区分所有者が管理費の支払義務を負う。イ賃借人は、建物の使用方法に関して、区分所有者が集会の決議に基づいて負う義務と同一の義務を負うものではない。ウ 賃借人は、住戸の設置又は保存に最症があることによって、他人に損害が発生した場合には、その賃借人の免責事由の有無にかかわらず、損害賠償責任を負う。,,,,,,ア・イ,ア・ウ,イ・ウ,ア・イ・ウ,3,FALSE,FALSE,,（解説は未入力です。）,,,,,
2024,令和6年度,26,single,判例・横断総合,r06;single_choice;most_inappropriate;parsed,1棟の区分所有建物が、災害により、その価格の2分の1を超える部分が減失した場合に関する次の記述のうち、区分所有法によれば、最も不適切なものはどれか。ただし、本問において「復旧決議」とは、滅失した共用部分を復旧する旨の決議をいう。,,,,,,区分所有者は、集会において、区分所有者及び議決権の各4分の3以上の多数で、 復旧決議をすることができる。,復旧決議又は建替え決議がされる前に、自己の専有部分とともに滅失した共用部分 を復旧した区分所有者は、他の区分所有者に対し、共用部分の持分に応じた割合で、 該共用部分の復旧に要した金額の償還を請求することができる。,復旧決議の後に買取指定者が指定された場合、書面でその旨の通知を受けた区分所 有者は、当該買取指定者に対してのみ、建物及びその敷地に関する権利を時価で買い 取るべきことを請求することができる。,建物の滅失の日から6月以内に復旧決議又は建替え決議がないときは、各区分所有 者は、他の区分所有者に対し、建物及びその敷地に関する権利を時価で買い取るべき ことを請求することができる。,2,FALSE,FALSE,,（解説は未入力です。）,,,,,
2024,令和6年度,27,count,判例・横断総合,r06;count;count;parsed,マンションの共用部分に関する次の記述のうち、区分所有法によれば、不適切なものはいくつあるか。ただし、規約に別段の定めはないものとする。アマンションの専有部分を集会室とするために、規約でこれを共用部分とすることができる。イー部共用部分の管理は、区分所有者全員の利害に関係するものであっても、これを共用すべき区分所有者のみで行う。ウ 管理者が選任されている場合、共用部分の保存行為は、管理者を通じて行わなければならない。エ 共用部分につき損害保険契約をすることは、共用部分の管理に関する事項とみなされる。,,,,,,一つ,二つ,三つ,四つ,2,FALSE,FALSE,,（解説は未入力です。）,,,,,
2024,令和6年度,28,single,判例・横断総合,r06;single_choice;most_appropriate;parsed,A棟、B棟及びC棟の3棟からなる団地に関する次の記述のうち、区分所有法によれば、最も適切なものはどれか。,,,,,,A棟及びB棟が区分所有建物であり、C棟が区分所有建物以外の建物である場合、 団地内の土地がそれらの建物の区分所有者及び所有者の全員の共有に属しているとき は、団地内建物の一括建替え決議をすることができる。,A棟、B棟及びC棟が全て区分所有建物であり、団地内の土地がそれらの建物の区 分所有者全員の共有に属する場合には、団地内建物を団地管理組合で管理する旨の団 地管理組合の規約がなくても、団地内建物の一括建替え決議をすることができる。,A棟及びB棟が区分所有建物であり、C棟が区分所有建物以外の建物である場合、 団地内の土地がそれらの建物の区分所有者及び所有者の全員の共有に属しているとき は、団地内の特定の建物の建替えを承認する旨の決議をすることができる。,A棟、B棟及びC棟が全て区分所有建物である場合に、A棟及びB棟の敷地がA棟 及びB棟の区分所有者の共有に属し、C棟の敷地がC棟の区分所有者のみの共有に属 するときでも、A棟、B棟及びC棟の団地管理組合において、団地内の特定の建物の 建替えを承認する旨の決議をすることができる。,3,FALSE,FALSE,,（解説は未入力です。）,,,,,
2024,令和6年度,29,count,判例・横断総合,r06;count;count;parsed,以下の表は、A列に「管理費を充当することができる経費」、B列に「修繕積立金を取り崩すことができる経費」の具体例をそれぞれアからウとしてまとめ、示しているが、標準管理規約（単棟型）によれば、A列及びB列ともに適切なものは、アからウのうちいくつあるか。アイウA列管理費を充当することができる経費マンション周辺の清掃活動に要する費用住戸から発生した火災により変質・損傷した外壁等の修繕費用管理計画認定制度の認定手数料B列修繕積立金を取り崩すことができる経費各住戸の玄関扉の改良工事の費用一定期間ごとに計画的に行うバルコニー床の防水工事費用機械式駐車場の一部を平置き駐車場に変更する工事費用,,,,,,一つ,二つ,三つ,なし 19,2,FALSE,FALSE,,（解説は未入力です。）,,,,,
2024,令和6年度,30,count,判例・横断総合,r06;count;count;parsed,会計等に関する理事長の次の説明のうち、標準管理規約（単棟型）によれば、不適切なものはいくつあるか。ア 大規模修繕工事に必要な費用の借入は、総会の普通決議により行うことができますし、その償還は、積み立てられた修繕積立金を充てることができます。イ管理費に余剰が生じた場合には、その余剰は修繕積立金に充当します。ウ 修繕積立金については、管理費とは区分して経理しなければなりません。エ 駐車場使用料を管理費及び修繕積立金とは区分して経理をするためには、管理規約の改正が必要です。,,,,,,一つ,二つ,三つ,なし,1,FALSE,FALSE,,（解説は未入力です。）,,,,,
2024,令和6年度,31,single,判例・横断総合,r06;single_choice;most_inappropriate;parsed,総会の招集に関する次の記述のうち、標準管理規約（単棟型）によれば、最も不適切なものはどれか。,,,,,,総会の招集通知には、会議の日時、場所及び目的を示す必要があり、会議の目的が 規約の変更であるときは、その議案の要領をも示す必要がある。,総会の招集通知は、対象物件内に居住する組合員及び通知のあて先の届出のない組 合員に対しては、その内容を所定の掲示場所に掲示することをもって、これに代える ことができる。,建替え決議又はマンション敷地売却決議以外を目的とする総会を招集する場合、少 なくとも会議を開く日の1週間前までに、組合員に対し、総会の招集通知をしなけれ ばならない。,建替え決議又はマンション敷地売却決議を目的とする総会を招集する場合、少なく とも会議を開く日の1か月前までに、当該招集の際に通知すべき事項について、組合 員に対し説明を行うための説明会を開催しなければならない。 20,3,FALSE,FALSE,,（解説は未入力です。）,,,,,
2024,令和6年度,32,single,判例・横断総合,r06;single_choice;most_inappropriate;parsed,管理組合の役員に関する次の記述のうち、標準管理規約（単棟型）によれば、最も不適切なものはどれか。,,,,,,禁鍋以上の刑に処せられても、その執行を終わり、又はその執行を受けることがな くなった日から5年を経過していれば、役員になることは可能である。,組合員である理事が転出、死亡その他の事情により任期途中で欠けた場合に対応す るため、あらかじめ組合員から補欠の理事を定めて、理事会の決議で選任することが できる旨を管理規約に規定することができる。,役員が、管理組合と利益相反取引（直接取引又は間接取引）をしようとするときは、 理事会において、当該取引につき重要な事実を開示し、その承認を受けなければなら ない。,理事長は、総会の決議によって、理事のうちから選任する。,4,FALSE,FALSE,,（解説は未入力です。）,,,,,
2024,令和6年度,33,count,判例・横断総合,r06;count;count;parsed,総会の会議及び議事に関する次の記述のうち、標準管理規約（単棟型）によれば、適切なものはいくつあるか。ア 総会の会議は、組合員総数の半数以上の組合員が出席しなければならない。イ規約の変更に関する総会の議事は、組合員総数の3分の2以上及び議決権総数の3分の2以上で決する。ウ 総会においては、招集通知によりあらかじめ通知した事項についてのみ、決議することができる。エ 管理費の額については、出席組合員の議決権の過半数で決する。,,,,,,一つ,二つ,三つ,四つ 21,2,FALSE,FALSE,,（解説は未入力です。）,,,,,
2024,令和6年度,34,count,判例・横断総合,r06;count;count;parsed,管理組合の業務に関する次の記述のうち、標準管理規約（単棟型）によれば、不適切なものはいくつあるか。ア 管理組合は、官公署、町内会等との渉外業務を行う。イ 管理組合は、マンション及び周辺の風紀、秩序及び安全の維持、防災並びに居住環境の維持及び向上に関する業務を行う。ウ 管理組合は、建替え等に係る合意形成に必要となる事項の調査に関する業務を行う。エ 管理組合は、修繕積立金の運用を行う。一つ2二つ三つ4 なし,,,,,,一つ,二つ,三つ,なし,4,FALSE,FALSE,,（解説は未入力です。）,,,,,
2024,令和6年度,35,combination,判例・横断総合,r06;combination;appropriate_combination;parsed,マンションの専有部分又は共用部分の区分に関する次の記述のうち、標準管理規約（単棟型）によれば、適切なものの組合せはどれか。アマンション内の雑排水管については、その管の敷設されている位置にかかわらず、一律に共用部分に分類される。イ住戸内の壁紙は区分所有者が自ら張り替えられるが、住戸間の界壁のコンクリート躯体部分については、区分所有者が自ら加工を施すことはできない。ウ 住戸に接するバルコニーは共用部分に当たるが、住戸の専有部分と一体として取り扱うことが妥当であるため、接する住戸の区分所有者に専用使用権が認められる。,,,,,,ア・イ,ア・ウ,イ・ウ,ア・イ・ウ 22,3,FALSE,FALSE,,（解説は未入力です。）,,,,,
2024,令和6年度,36,single,判例・横断総合,r06;single_choice;most_appropriate;parsed,総会及び理事会に関する次の記述のうち、標準管理規約（単棟型）によれば、最も適切なものはどれか。,,,,,,計画修繕工事として鉄部塗装工事、外壁補修工事、エレベーター設備の更新工事を 実施するにあたっては、総会において組合員総数の4分の3以上及び議決権総数の4 分の3以上により議決する必要がある。,収支予算を変更しようとする場合に、理事長は、その案を理事会に提出し、その承 認を得れば足りる。,婚姻の届出をしていないが組合員と事実上婚姻関係と同様の事情にある者は、組合 員の代理人となることができる。,組合員が代理人により議決権を行使しようとする場合は、当該組合員が代理権を証 する書面を理事長に提出しなければならない。 23,3,FALSE,FALSE,,（解説は未入力です。）,,,,,
2024,令和6年度,37,count,判例・横断総合,r06;count;count;parsed,次の記述のうち、標準管理規約（単棟型）、標準管理規約（団地型）及び標準管理規約（複合用途型）によれば、不適切なものはいくつあるか。ただし、「標準管理規約」とのみ記載の場合は、標準管理規約（単棟型）、標準管理規約（団地型）及び標準管理規約（複合用途型）を全て含むものとする。ア 標準管理規約は、マンションの管理又は使用に関する事項等について定めることにより、区分所有者及び団地建物所有者の共同の利益を増進し、良好な住環境を確保することを目的としている。イ標準管理規約は、管理組合が、各マンションの実態に応じて、管理規約を制定、変更する際の参考として定めたものであり、特別な事情がない限りこれに準拠しなければならない。ウ 標準管理規約（団地型）では、管理主体は団地建物所有者であり、共用部分と土地は、それぞれ団地共用部分と棟別共用部分、団地の土地と棟別敷地に区別され、団地と棟別の管理費等の収支については、それぞれ団地総会と棟総会によって議案が決議される。エ 標準管理規約（複合用途型）では、住宅部会と店舗部会の管理組織が構成されるため、店舗部分の承継人は、元の区分所有者が滞納した店舗一部管理費と店舗一部修繕積立金のみを承継することになる。一つ2二つ3 三つ4 四つ,,,,,,一つ,二つ,三つ,四つ,3,FALSE,FALSE,,（解説は未入力です。）,,,,,
2024,令和6年度,38,count,判例・横断総合,r06;count;count;parsed,マンションに関する次の記述のうち、最高裁判所の判決によれば、適切なものはいくつあるか。ア 管理人室と管理事務室が一体として利用することが予定され両室を機能的に分離することができない場合には、管理人室には構造上の独立性があるとしても利用上の独立性はないというべきであるから、管理人室は、区分所有権の目的とはならない。イ各住戸（専有部分）からの専用排水（枝管）は、その構造や設置場所いかんにかかわらず、専有部分に属しない建物の附属物であるから、同排水管に起因する水漏れ事故による損害の賠償は、管理組合がその責任を負う。ウ 管理組合法人の規約において、理事に事故があり、理事会に出席できないときは、その配者又は一親等内の親族に限り、これを代理出席させることができる旨を定めることは認められず、当該規約は無効である。エ 管理者が共用部分の管理を行い、特定の区分所有者に当該共用部分を使用させることができる旨の規約の定めがある場合においても、各区分所有者は、当該特定の区分所有者に対し、共用部分の自己の持分割合相額につき不利得返還請求権を行使することができる。,,,,,,一つ,二つ,三つ,四つ 25,1,FALSE,FALSE,,（解説は未入力です。）,,,,,
2024,令和6年度,39,single,判例・横断総合,r06;single_choice;most_appropriate;parsed,マンションの管理費の滞納に関する次の記述のうち、民法、区分所有法、民事訴訟法及び破産法によれば、最も適切なものはどれか。,,,,,,管理費の滞納者は、破産手続開始の決定を受けた場合には、管理組合に対して、同 決定を受けた日の翌日以降の管理費の支払義務を負わない。,管理費が滞納されているマンションの住戸を購入した買主は、購入時点で前区分所 有者の滞納の事実及びその額について知らなかった場合には、管理組合に対して当該 滞納債務の支払義務を負わない。,管理費の滞納者が行方不明の場合であっても、管理組合は、その者に対して、滞納 管理費の支払請求についての訴えを提起することができる。,管理規約に管理費債務については消滅時効を援用できない旨が定められている場合 には、管理費の滞納者は、たとえ消滅時効が完成しても時効の援用をすることができ ない。,3,FALSE,FALSE,,（解説は未入力です。）,,,,,
2024,令和6年度,40,single,判例・横断総合,r06;single_choice;most_inappropriate;parsed,管理組合Aが、区分所有者Bに対してマンションの滞納管理費を請求するために、民事訴訟法に定められている「少額訴訟」を利用する場合に関する次の記述のうち、最も不適切なものはどれか。,,,,,,少額訴訟によって訴えを提起する場合、その上限額は60万円である。,30万円を超える少額訴訟の場合には、地方裁判所に提起しなければならない。,Aが、同一の年に同一の簡易裁判所において、少額訴訟による審理及び裁判を求め ることができる回数には制限がある。,AとBは、口頭弁論が続行された場合を除き、第1回口頭弁論期日前又はその期日 において、すべての主張と証拠を提出しなければならない。 26,2,FALSE,FALSE,,（解説は未入力です。）,,,,,
2024,令和6年度,41,single,判例・横断総合,r06;single_choice;most_inappropriate;parsed,マンション建替円滑化法第2条第1項第1号のマンションの建替事業に関する次の記述のうち、マンション建替円滑化法によれば、最も不適切なものはどれか。,,,,,,「マンションの建替え」とは、現に存する1又は2以上のマンションを除却するとと もに、当該マンションの敷地（これに隣接する土地を含む。）にマンションを新たに建 築することをいう。,マンション建替事業を行う団体は、その名称中に「マンション建替組合」という文字 を用いなければならない。,マンション建替事業を行う団体を法人とするか否かは、当該団体の任意で決めるこ とができる。,マンション建替事業を行う団体を構成することができる者は、その施行マンション の建替え合意者又はその包括承継人に限られない。,3,FALSE,FALSE,,（解説は未入力です。）,,,,,
2024,令和6年度,42,single,判例・横断総合,r06;single_choice;most_inappropriate;parsed,次の記述のうち、不動産登記法によれば、最も不適切なものはどれか。,,,,,,登記記録は、表題部及び権利部に区分して作成され、権利部は、甲区及び乙区に区 分され、抵権に関する登記事項は甲区に記録される。,権利に関する登記の申請は、法令に別段の定めがある場合を除き、登記権利者及び 登記義務者が共同してしなければならない。,区分建物が属する一棟の建物が新築された場合における表題登記の申請は、当該一 棟の建物に属する他の区分建物についての表題登記の申請と併せてしなければならな い。,区分建物の表示に関する登記における区分建物の床面積は、各階ごとに壁その他の 区画の内側線で囲まれた部分の水平投影面積により算出する。 27,1,FALSE,FALSE,,（解説は未入力です。）,,,,,
2024,令和6年度,43,single,判例・横断総合,r06;single_choice;most_appropriate;parsed,国土交通省が公表している分譲マンションの統計・データ等に関する次の記述のうち、最も適切なものはどれか。,,,,,,マンションの新規供給戸数は、2008年以降、一貫して減少している。,2022年末時点における築40年以上のマンションのストック戸数は、10年前と比べる と、約2倍に増加している。,マンション建替円滑化法に基づくマンション敷地売却の実績は、2016年以降毎年10 件以上ある。,建替え工事が完了したマンションの件数は、2023年3月時点の累計で、250件を超 えている。 28,4,FALSE,FALSE,,（解説は未入力です。）,,,,,
2024,令和6年度,44,single,判例・横断総合,r06;single_choice;most_inappropriate;parsed,次の記述のうち、賃貸住宅管理業法によれば、最も不適切なものはどれか。ただし、書面の交付に代えて電磁的方法により提供する場合については考慮しないものとする。,,,,,,「特定賃貸借契約」とは、特定転貸事業者が賃貸人から賃借した賃貸住宅について、 当該特定転貸事業者と当該賃貸住宅に入居しようとする者との間で締結される賃貸借 契約をいう。,特定転貸事業者又は勧誘者（特定転貸事業者が特定賃貸借契約の締結についての勧 誘を行わせる者をいう。）は、特定賃貸借契約の条件について広告をするときは、法令 で定める事項について、著しく事実に相違する表示をし、又は実際のものよりも著し く優良であり、若しくは有利であると人を誤認させるような表示をしてはならない。,特定転貸事業者は、特定賃貸借契約を締結しようとするときは、その相手方となる うとする者に対し、当該特定賃貸借契約を締結するまでに、法令で定める事項につい て、書面を交付して説明しなければならないが、当該相手方が宅地建物取引業者であ る場合は、この限りでない。,特定転貸事業者は、当該特定転貸事業者の業務及び財産の状況を記載した書類を、 特定賃貸借契約に関する業務を行う営業所又は事務所に備え置き、特定賃貸借契約の 相手方のみならず、相手方となろうとする者についても、その者の求めに応じ、該 書類を閲覧させなければならない。 29,1,FALSE,FALSE,,（解説は未入力です。）,,,,,
2024,令和6年度,45,single,判例・横断総合,r06;single_choice;most_appropriate;parsed,宅地建物取引業者Aが、自ら売主として、宅地建物取引業者ではない買主Bに対してマンションの一住戸の売買を行う場合における宅地建物取引業法第35条に規定する重要事項の説明に関する次の記述のうち、最も適切なものはどれか。ただし、書面の交付に代えて電磁的方法により提供する場合については考慮しないものとする。,,,,,,AはBに対し、AB間の売買において天災その他不可抗力による損害の負担に関す る事項を定める場合には、その内容を説明しなければならない。,AはBに対し、売買契約の成立前に重要事項を記載した書面を交付しなければなら ないが、その説明は売買契約の締結後、遅滞なく行えばよい。,AはBに対し、当該住戸が「住宅の品質確保の促進等に関する法律」第5条第1項に 規定する住宅性能評価を受けた新築住宅であるときは、その旨を説明しなければなら ない。,AはBに対し、当該マンションの管理が委託されているときは、その管理委託契約 の内容について説明しなければならない。,3,FALSE,FALSE,,（解説は未入力です。）,,,,,
2024,令和6年度,46,single,判例・横断総合,r06;single_choice;most_inappropriate;parsed,次の記述のうち、「マンションの管理の適正化の推進を図るための基本的な方針」（令和3年9月28日 国土交通省告示第1286号）別紙2に示されているマンション管理適正化法第5条の4に規定する管理計画の認定の基準として、最も不適切なものはどれか。,,,,,,管理者等が定められていること,マンションの適切な管理のため、管理規約において災害等の緊急時や管理上必要な ときの専有部の立ち入り、修繕等の履歴情報の管理等について定められていること,管理費及び修繕積立金等について明確に区分して経理が行われていること,長期修繕計画の作成または見直しが10年以内に行われていること 30,4,FALSE,FALSE,,（解説は未入力です。）,,,,,
2024,令和6年度,47,single,判例・横断総合,r06;single_choice;most_appropriate;parsed,マンション管理業の登録に関する次の記述のうち、マンション管理適正化法によれば、最も適切なものはどれか。,,,,,,マンション管理業の更新の登録を受けようとする者は、登録の有効期間満了の日の 30日前から10日前までの間に登録申請書を提出しなければならない。,法人でその役員のうちに、禁錮以上の刑に処せられ、その執行を終わり、又は執行 を受けることがなくなった日から2年を経過しない者がいるときは、マンション管理 業の登録を受けることができない。,マンション管理業者が法人である場合、その役員の氏名に変更があったときは、そ の日から90日以内に、その旨を国土交通大臣に届け出なければならない。,個人であるマンション管理業者が死亡した場合は、その相続人は、死亡した日から 30日以内に、その旨を国土交通大臣に届け出なければならない。 31,2,FALSE,FALSE,,（解説は未入力です。）,,,,,
2024,令和6年度,48,combination,判例・横断総合,r06;combination;appropriate_combination;parsed,マンション管理業者の業務に関する次の記述のうち、マンション管理適正化法によれば、適切なものの組合せはどれか。ただし、書面の交付に代えて電磁的方法により提供する場合については考慮しないものとする。アマンション管理業者は、従前の管理受託契約と同一の条件で管理組合との管理受託契約を更新しようとするときは、あらかじめ、説明会を開催し、当該管理組合を構成するマンションの区分所有者等及び該管理組合の管理者等に対し、管理業務主任者をして、重要事項について説明をさせなければならない。イマンション管理業者は、管理組合との管理受託契約を締結したときは、当該マンション管理業者が当該管理組合の管理者等である場合にあっては、当該管理組合を構成するマンションの区分所有者等全員に対し、遅滞なく、契約の成立時の書面を交付しなければならない。ウマンション管理業者は、管理事務の委託を受けた管理組合に管理者等が置かれていないときは、定期に、説明会を開催し、当該管理組合を構成するマンションの区分所有者等に対し、管理業務主任者をして、当該管理事務に関する報告をさせなければならない。,,,,,,ア・イ,ア・ウ,イ・ウ,ア・イ・ウ 32,3,FALSE,FALSE,,（解説は未入力です。）,,,,,
2024,令和6年度,49,single,判例・横断総合,r06;single_choice;most_inappropriate;parsed,マンション管理業者が、マンション管理適正化法施行規則第87条第2項第1号イに定める方法により、管理組合の修繕積立金等金銭を管理する場合において、次の記述のうち、マンション管理適正化法によれば、最も不適切なものはどれか。ただし、当該管理組合に管理者等は置かれているものとする。,,,,,,マンション管理業者は、保管口座に係る管理組合等の印鑑、預貯金の引出用のカー ドその他これらに類するものを管理してはならない。,収納口座とは、マンションの区分所有者等から徴収された修繕積立金等金銭を預入 し、一時的に預貯金として管理するための口座であって、管理組合を名義人とする必 要がある。,マンション管理業者は、マンション管理業者から委託を受けた者がマンションの区 分所有者等から修繕積立金等金銭を徴収する場合には、マンションの区分所有者等か ら徴収される 1月分の修繕積立金等金銭の合計額以上の額につき有効な保証契約を締 結していなければならない。,マンション管理業者は、毎月、管理事務の委託を受けた管理組合のその月における 会計の収入及び支出の状況に関する書面を作成し、翌月末日までに、当該書面を当該 管理組合の管理者等に交付しなければならない。,2,FALSE,FALSE,,（解説は未入力です。）,,,,,
2024,令和6年度,50,single,判例・横断総合,r06;single_choice;violation_single;parsed,マンション管理業者Aが、管理組合Bから委託を受けて管理事務を行う場合において、次の記述のうち、マンション管理適正化法（以下本間において「法」という。）に違反するものはどれか。,,,,,,Aは、基幹事務のうち、Bの会計の収入及び支出の調定に関する業務のみを第三者 に再委託した。,Aは、Bと管理受託契約を締結した時、法第73条に規定する契約の成立時の書面を 作成し、管理業務主任者をして当該書面に記名させ、管理業務主任者でない者からB の管理者に対して交付させた。,Aは、Bから委託を受けた管理事務について、法第75条に規定する帳簿を作成し事 務所に備え置いていたが、Aの事業年度の末日をもって当該帳簿を閉鎖し、閉鎖後3 年が経過した後、当該帳簿を処分した。,Aは、Bとの管理受託契約の期間中に、マンション管理業を廃止し、マンション管 理業者の登録の効力を失ったが、その後も、Bからの委託に係る管理事務を結了する 目的の範囲内で業務を行った。 33,3,FALSE,FALSE,,（解説は未入力です。）,,,,,
