question_no,type,category,tags,stem,preamble,statement_a,statement_b,statement_c,statement_d,choice_1,choice_2,choice_3,choice_4,correct,explanation
1,single,民法・借地借家法,orig_set01;同時履行の抗弁;basic;single_choice,売買契約に関する次の記述のうち、民法の規定によれば、正しいものはどれか。,,,,,,AがBに建物を売り渡し、Bが代金を支払う契約において、建物の引渡し日と代金の支払日が同一の日とされている場合、Bが代金の履行の提供をしないときは、Aは建物の引渡しを拒むことができる。,双務契約の一方当事者は、相手方の債務がまだ弁済期にない場合でも、相手方が将来履行しないおそれがあるときは、当然に自己の履行を拒むことができる。,双務契約の一方当事者は、相手方が履行しないときは、催告をしなくても、常に直ちに契約を解除することができるから、自己の履行を拒む必要はない。,双務契約の一方当事者が同時履行の抗弁を主張したときは、相手方に対する損害賠償請求権も当然に失われる。,1,正解は1です。双務契約では、相手方の債務が弁済期にあり、その履行の提供がないときは、自己の債務の履行を拒むことができます。これが同時履行の抗弁です。2は、相手方の債務がまだ弁済期にない以上、民法533条の要件を満たしません。3は、債務不履行があっても解除には原則として催告が必要であり、常に直ちに解除できるわけではありません。4も、同時履行の抗弁は履行を拒めるという抗弁であって、損害賠償請求権が当然に消えるわけではありません。
2,single,民法・借地借家法,orig_set01;履行遅滞と解除;standard;case_based,契約の解除に関する次の記述のうち、民法の規定によれば、正しいものはどれか。,,,,,,売買契約において、売主が履行期に引渡しをしなかったときは、買主は、催告をしなくても、常に直ちに契約を解除することができる。,請負契約において、仕事の完成が全部不能となった場合でも、注文者は、相当の期間を定めて催告をしなければ契約を解除することができない。,特定の日までにマンション総会資料を印刷して納品しなければ契約の目的を達することができない契約において、その日までに履行がされなかったときは、注文者は、催告をしないで契約を解除することができる。,相当の期間を定めて履行を催告し、その期間内に履行がないときは、債務不履行が契約及び取引上の社会通念に照らして軽微であっても、債権者は必ず契約を解除することができる。,3,正解は3です。契約の性質上、特定の日時までに履行しなければ契約目的を達成できない場合に、その時期を経過しても履行がなされなければ、債権者は催告をしないで直ちに解除できます。これは民法542条1項4号の場面です。1は、単なる履行遅滞で常に無催告解除できるわけではないので誤りです。2も、履行全部不能なら無催告解除が可能です。4は、催告後に履行がなくても、不履行が軽微であれば解除はできません。
3,single,民法・借地借家法,orig_set01;無断転貸と賃貸借解除;standard;single_choice,Aが所有するマンションの一室をBに賃貸している場合に関する次の記述のうち、民法の規定によれば、正しいものはどれか。,,,,,,BがAの承諾を得ずにCに転貸したときは、BとCとの間の転貸借契約は当然に無効となる。,BがAの承諾を得ずにCに転貸した場合でも、Aは、Bとの賃貸借契約を解除することができない。,Aの承諾を得ない転貸であっても、Aは、Bが賃料を支払っている限り、Bに対して何らの主張もすることができない。,BがAの承諾を得ずにCに当該専有部分を使用させたときは、Aは、Bとの賃貸借契約を解除することができる。,4,正解は4です。賃借人は、賃貸人の承諾を得なければ、賃借物を転貸することができません。そして、その承諾を得ずに第三者に使用又は収益をさせたときは、賃貸人は契約を解除することができます。したがって4が正しいです。1は、無断転貸があるからといって転貸借契約が当然に無効となるわけではありません。2と3も、無断転貸に対して賃貸人の解除権が認められている以上、誤りです。
4,count,民法・借地借家法,orig_set01;債務承認と時効;advanced;count,マンションの管理費債権の消滅時効に関する次のアからエまでの記述のうち、民法の規定によれば、正しいものはいくつあるか。,,,,,,一つ,二つ,三つ,四つ,2,正解は2です。正しいものはアとイの二つです。アは、債権は原則として、権利を行使することができることを知った時から5年間行使しないときに時効により消滅するため正しいです。イも、滞納額の一部であることを明示した支払は、債務の承認に当たり得ます。ウは、承認があるとそれまで進行していた時効は更新されるので誤りです。エも、債務の承認は裁判上の手続に限られず、一部弁済や支払約束などでも認められ得るため誤りです。
5,single,民法・借地借家法,orig_set01;定期建物賃貸借;standard;single_choice,Aが、床面積80平方メートルのマンションの一室を、居住の用に供するため、Bと定期建物賃貸借契約を締結した場合に関する次の記述のうち、借地借家法の規定によれば、正しいものはどれか。,,,,,,契約期間を10か月と定めた定期建物賃貸借契約は、1年の契約期間とみなされる。,契約期間を2年と定めた場合、Aが期間満了の1年前から6か月前までの間に契約が終了する旨の通知をしなかったときは、その後Aが通知をしても、その通知の日から6か月を経過するまでは、契約の終了をBに対抗することができない。,Bが転勤により当該建物を自己の生活の本拠として使用することが困難となった場合でも、契約に中途解約条項がなければ、Bは中途解約の申入れをすることができない。,Aが、契約の更新がなく、期間満了により賃貸借が終了する旨を記載した書面をあらかじめ交付して説明しなかったとしても、定期建物賃貸借契約が書面で締結されていれば、その定めは有効である。,2,正解は2です。定期建物賃貸借で期間が1年以上である場合、貸主は期間満了の1年前から6か月前までの間に終了通知をしなければ、その終了を賃借人に対抗できません。通知期間経過後に通知したときは、その通知の日から6か月を経過した後に終了を対抗できます。1は、定期建物賃貸借では1年未満の期間設定も可能なので誤りです。3も、床面積200平方メートル未満の居住用建物で、転勤等のやむを得ない事情があるときは、賃借人から中途解約の申入れができます。4は、事前説明がなければ更新しない旨の定めは無効となるため誤りです。
6,single,区分所有法,orig_set01;専有部分と共用部分;basic;comparison_table,区分所有建物の専有部分及び共用部分に関する次の記述のうち、建物の区分所有等に関する法律の規定によれば、正しいものはどれか。,,,,,,数戸の専有部分に通ずる廊下であっても、特定の区分所有者が日常的に多く使用しているときは、その者の専有部分とすることができる。,建物の一部又は附属建物については、規約で共用部分と定めることができる。,専有部分とは、区分所有者が単独で所有する意思を有している部分をいい、構造上又は利用上の独立性は要しない。,附属建物は、常に専有部分としてのみ取り扱われ、共用部分とする余地はない。,2,正解は2です。区分所有法では、廊下や階段のように構造上、全員又は一部の区分所有者の共用に供されるべき部分は共用部分となります。また、規約により、建物の一部や附属建物を共用部分とすることもできます。したがって2が正しいです。1は、利用実態だけで専有部分になるわけではありません。3も、専有部分には構造上・利用上の独立性が必要です。4も、附属建物を規約で共用部分とすることができるため誤りです。
7,single,区分所有法,orig_set01;敷地利用権と分離処分;standard;single_choice,区分所有者の敷地利用権に関する次の記述のうち、建物の区分所有等に関する法律の規定によれば、正しいものはどれか。,,,,,,敷地利用権が共有持分である場合でも、区分所有者は、専有部分だけを自由に第三者へ譲渡することができる。,敷地利用権と専有部分の分離処分禁止は強行規定であり、規約で別段の定めを置くことは一切できない。,敷地利用権が数人で有する所有権その他の権利である場合、区分所有者は、規約に別段の定めがない限り、専有部分と敷地利用権とを分離して処分することができない。,専有部分と敷地利用権の分離処分が禁止されている場合、その違反処分の無効は、相手方が善意であっても常に主張することができる。,3,正解は3です。区分所有法22条1項は、敷地利用権が数人で有する所有権その他の権利である場合、規約に別段の定めがない限り、専有部分とその敷地利用権を分離して処分することを禁止しています。したがって3が正しいです。1は本則に反します。2も、規約で別段の定めを置く余地があるため誤りです。4は、違反処分の無効は善意の相手方には対抗できない場合があるので誤りです。
8,combination,区分所有法,orig_set01;総会決議要件;standard;combination,次のアからエまでの事項のうち、建物の区分所有等に関する法律の規定によれば、集会において区分所有者及び議決権の各4分の3以上の多数による決議を要するもののみの組合せはどれか。,,,,,,アとイ,イとウ,ウとエ,アとエ,2,正解は2です。イとウが、区分所有者及び議決権の各4分の3以上の多数による決議を要する事項です。イの規約変更は区分所有法31条1項、ウの使用禁止請求に関する決議は58条2項によります。これに対し、アの管理者選任やエの共用部分の通常管理事項は、原則として39条1項により過半数決議で足ります。
9,single,区分所有法,orig_set01;義務違反者への措置;advanced;precedent_fill,建物の区分所有等に関する法律に基づく義務違反者への措置に関する次の記述のうち、正しいものはどれか。,,,,,,占有者が共同の利益に反する行為をした場合でも、区分所有法60条に基づき契約解除及び引渡しを求めることはできず、常に59条の競売請求によらなければならない。,区分所有者に対する専有部分の使用禁止請求は、集会の普通決議があれば足りる。,義務違反行為の停止請求は、裁判を提起するために常に区分所有者全員が共同して原告とならなければならない。,占有者による義務違反行為が共同生活上著しい障害となり、他の方法では障害の除去が困難であるときは、集会決議に基づき、占有者の専有部分の使用収益を目的とする契約の解除及びその専有部分の引渡しを求める訴えを提起することができる。,4,正解は4です。区分所有法60条は、占有者による義務違反行為について、共同生活上の著しい障害があり、他の方法での解決が困難なときに、集会決議に基づき、占有者の使用収益契約の解除と専有部分の引渡しを求める訴えを認めています。1は、占有者に対する場面で59条ではなく60条が問題となるので誤りです。2も、使用禁止請求の決議は4分の3決議が必要です。3も、57条3項により、集会で指定された管理者や区分所有者が訴えを提起できます。
10,single,区分所有法,orig_set01;滅失・復旧・建替え;advanced;case_based,マンションの一部滅失とその後の復旧又は建替えに関する次の記述のうち、建物の区分所有等に関する法律の規定によれば、正しいものはどれか。,,,,,,建物価格の2分の1以下に相当する部分が滅失した場合、各区分所有者は、所定の決議が先にされていない限り、滅失した共用部分及び自己の専有部分を復旧することができる。,建物価格の2分の1を超える部分が滅失した場合、復旧に関する決議は一切できず、常に直ちに建替え決議をしなければならない。,建替え決議は、区分所有者及び議決権の各4分の3以上の多数で足りる。,建物価格の2分の1以下に相当する部分が滅失した場合、各区分所有者が単独で復旧できるのは自己の専有部分に限られ、共用部分については常に集会決議が必要である。,1,正解は1です。区分所有法61条1項は、建物価格の2分の1以下に相当する一部滅失であれば、各区分所有者が、所定の決議が先行していない限り、滅失した共用部分及び自己の専有部分を復旧できるとしています。したがって1が正しいです。2は、2分の1を超える一部滅失でも、61条5項により3/4決議で復旧決議をする余地があるため誤りです。3も、建替え決議は62条1項により4/5決議です。4は、2分の1以下の一部滅失なら共用部分も復旧し得るので誤りです。
11,single,標準管理規約,orig_set01;管理費と修繕積立金の使途;basic;single_choice,マンション標準管理規約によれば、管理費から支出するのが最も適切なものはどれか。,,,,,,長期修繕計画に基づき15年ごとに実施する外壁の大規模修繕工事費,共用自動ドアのセンサー不良に対応する経常的な補修費,建替えに係る合意形成のために必要な調査費用,修繕積立金の管理及び運用に関する費用,2,正解は2です。標準管理規約27条では、管理費は通常の管理に要する経費に充当するとされ、その中には経常的な補修費が含まれます。したがって2が正しいです。1の一定年数ごとに計画的に行う修繕、3の建替え等に係る合意形成のための調査、4の修繕積立金の管理及び運用は、いずれも28条に基づく修繕積立金の使途です。
12,single,標準管理規約,orig_set01;理事会の権限;standard;case_based,マンション標準管理規約によれば、理事会の承認又は決議のみで行うことができるものはどれか。,,,,,,毎会計年度の収支予算案を確定すること,修繕積立金の保管及び運用方法を定めること,会計年度開始後、通常総会で予算承認を得る前に、管理員人件費など経常的でやむを得ない支出を承認すること,長期修繕計画を変更すること,3,正解は3です。標準管理規約58条3項は、会計年度開始後、通常総会で収支予算案の承認を得るまでの間に、通常の管理に要する経費のうち経常的でやむを得ないものについては、理事会の承認により支出できるとしています。したがって3が正しいです。1の収支予算案、2の修繕積立金の保管運用方法、4の長期修繕計画の変更は、いずれも48条により総会決議事項です。
13,combination,標準管理規約,orig_set01;総会出席と代理;standard;combination,マンション標準管理規約によれば、総会への出席又は議決権行使に関する次のアからエまでの記述のうち、正しいもののみの組合せはどれか。,,,,,,アとイ,イとエ,アとウ,ウとエ,3,正解は3です。アとウが正しいです。アは、標準管理規約45条1項により、理事会が必要と認めた者は総会に出席できます。ウも、46条5項により、代理人となれる者は配偶者、一親等親族、同居親族、他の組合員、国内管理人などに限定されています。イは、利害関係を有する占有者には総会出席と意見陳述が認められるため誤りです。エも、代理人を無制限に選任できるわけではないため誤りです。
14,single,標準管理規約,orig_set01;専有部分への立入り;standard;single_choice,マンション標準管理規約によれば、専有部分への立入り等に関する次の記述のうち、正しいものはどれか。,,,,,,管理を行うために必要であっても、専有部分への立入りは、当該区分所有者の個別同意がなければ一切請求することができない。,立入り又は保存行為の実施を請求された者は、理由のいかんを問わずこれを拒否することができない。,理事長は、災害や事故の場合であっても、当該専有部分の所有者の承諾がない限り、自ら立ち入ることはできない。,災害、事故等が発生し、緊急に専有部分への立入り又は保存行為の実施をしなければ共用部分等又は他の専有部分に重大な影響を与えるおそれがあるときは、理事長は自ら立ち入り、又は保存行為を実施することができる。,4,正解は4です。標準管理規約23条4項は、災害、事故等が発生した場合で、緊急に他の者が管理する専有部分等へ立入り又は保存行為を実施しなければ、共用部分等や他の専有部分に重大な影響を与えるおそれがあるときは、理事長が自ら立ち入り又は保存行為を実施できるとしています。したがって4が正しいです。1は23条1項に反し、2は『正当な理由』がある場合を無視しているので誤りです。3も、緊急時の理事長権限を否定しているため誤りです。
15,single,標準管理規約,orig_set01;規約改正と特別の影響;advanced;case_based,マンション標準管理規約及び建物の区分所有等に関する法律の考え方によれば、規約改正に当たり、特別の影響を受ける区分所有者の承諾が必要となるものとして最も適切なものはどれか。,,,,,,専有部分の床面積割合によって算定していた管理費負担を、全住戸均等負担へ改める規約変更を行う場合において、床面積の小さい住戸の区分所有者の負担が大幅に増えるとき,共用部分の清掃時間帯を午前から午後に変更する規約変更を行う場合,掲示板の掲示方法を紙掲示から電子掲示へ変更する規約変更を行う場合,理事会の定例開催月を偶数月から毎月へ変更する規約変更を行う場合,1,正解は1です。標準管理規約47条9項及び区分所有法31条1項の考え方では、規約の制定、変更又は廃止が一部の組合員の権利に特別の影響を及ぼすときは、その承諾を得なければなりません。管理費負担割合を床面積按分から均等負担へ変更し、特定の小規模住戸所有者の負担が大きく増える場合は、特別の影響が問題となる典型例です。したがって1が最も適切です。2から4は、一般的・抽象的な不便や運用変更にとどまり、ここでいう特別の影響が直ちに認められる類型ではありません。
16,count,会計・税務,orig_set01;前受金と預り金;basic;accounting_table,"管理組合の活動における次の取引に関し、3月分の仕訳として最も適切なものはどれか。なお、この管理組合の会計年度は4月1日から翌年3月31日までとし、期中の取引は発生主義により処理するものとする。3月31日に、翌4月分の外部貸し駐車場使用料90,000円と、同駐車場に係る敷金90,000円を現金で受け取った。",,,,,,"借方 現金 180,000 貸方 駐車場使用料収入 180,000","借方 現金 180,000 貸方 前受金 90,000・預り金 90,000","借方 現金 180,000 貸方 駐車場使用料収入 90,000・預り金 90,000","借方 現金 180,000 貸方 前受金 180,000",2,"正解は2です。3月31日に受け取った4月分の駐車場使用料90,000円は、当期の収益ではなく翌期の収益なので前受金として処理します。また、敷金90,000円は将来返還する可能性がある金銭であり、収益ではなく預り金です。したがって、借方に現金180,000円、貸方に前受金90,000円と預り金90,000円を計上する2が正しいです。"
17,count,会計・税務,orig_set01;未払金と前払費用;standard;accounting_table,"管理組合の活動における次の取引に関し、3月31日の仕訳として最も適切なものはどれか。なお、この管理組合の会計年度は4月1日から翌年3月31日までとし、期中の取引は発生主義により処理するものとする。4月20日に到着した請求書の内容は、管理委託費800,000円（翌5月分）、水道光熱費120,000円（3月分）、共用部分修繕費60,000円（3月分）、火災保険料240,000円（翌5月1日から1年分）である。",,,,,,"借方 管理委託費 800,000・水道光熱費 120,000・修繕費 60,000・損害保険料 240,000 貸方 未払金 1,220,000","借方 水道光熱費 120,000・修繕費 60,000・前払保険料 240,000 貸方 未払金 420,000","借方 水道光熱費 120,000・修繕費 60,000 貸方 未払金 180,000","借方 前払管理委託費 800,000・水道光熱費 120,000・修繕費 60,000・前払保険料 240,000 貸方 未払金 1,220,000",3,"正解は3です。3月31日時点で当期に発生しているのは、水道光熱費120,000円と修繕費60,000円だけです。翌5月分の管理委託費800,000円と、翌5月1日から始まる保険料240,000円は、3月末時点では当期費用でも前払費用でもありません。したがって、当期に計上すべき仕訳は、借方に水道光熱費120,000円と修繕費60,000円、貸方に未払金180,000円を計上する3です。"
18,combination,会計・税務,orig_set01;修繕積立金会計と一般会計;standard;combination,管理組合会計における一般会計と修繕積立金会計の区分に関する次のアからエまでの記述のうち、適切なもののみの組合せはどれか。,,,,,,アとウ,アとイ,イとエ,ウとエ,1,正解は1です。アとウが適切です。管理員人件費のような通常の管理に要する経費は一般会計で処理します。一方、大規模修繕工事のための設計監理費用は、特別の管理に要する費用として修繕積立金会計で処理するのが適切です。イの長期修繕計画作成費用や、エの毎年の火災保険料の扱いを取り違えないことがポイントです。
19,single,会計・税務,orig_set01;駐車場使用料等の処理;standard;single_choice,"管理組合が外部貸し駐車場3台分について、月額40,000円で使用させている場合に関する次の記述のうち、発生主義による会計処理として最も適切なものはどれか。なお、3月分のうち1台分40,000円が未収であり、4月分3台分120,000円と保証金30,000円を3月31日に普通預金で受け取ったものとする。",,,,,,"借方 普通預金 150,000 貸方 駐車場使用料収入 150,000","借方 普通預金 150,000 貸方 未収入金 40,000・駐車場使用料収入 80,000・前受金 30,000","借方 普通預金 150,000 貸方 駐車場使用料収入 120,000・預り金 30,000","借方 普通預金 150,000 貸方 未収入金 40,000・前受金 120,000・預り金 30,000",4,"正解は4です。3月分のうち未収となっていた40,000円は、受領時に未収入金の回収として処理します。3月31日に受け取った4月分3台分120,000円は翌期収益であるため前受金、保証金30,000円は返還義務を伴うため預り金です。したがって、借方普通預金150,000円、貸方未収入金40,000円・前受金120,000円・預り金30,000円とする4が最も適切です。"
20,single,会計・税務,orig_set01;貸借対照表と収支報告の読み取り;advanced;comparison_table,"次の資料は、ある管理組合の3月31日現在の貸借対照表の一部である。この資料に基づく記述として最も適切なものはどれか。普通預金 3,200,000円、未収入金 80,000円、前払費用 120,000円、未払金 150,000円、前受金 200,000円、預り金 90,000円、修繕積立金 2,500,000円。",,,,,,"前受金200,000円は、既に当期の収益として実現した金額を示している。","預り金90,000円は、将来返還する必要のない管理費剰余金を示している。","前払費用120,000円は、将来の期間に対応する費用を当期末時点で資産として計上していることを示す。","未払金150,000円は、必ず翌期以降の修繕積立金会計に属する支払義務を示す。",3,正解は3です。前払費用は、既に支出したが、将来の期間に対応する費用を資産として計上したものです。したがって3が正しいです。1の前受金は、将来の収益に対応する負債であり、当期収益ではありません。2の預り金も、返還義務等を伴う負債であって剰余金ではありません。4の未払金は支払義務を示す負債ですが、必ずしも修繕積立金会計に属するものとは限りません。
21,single,区分所有法,orig_set02;専有部分と共用部分;basic;single_choice,区分所有建物の部分の性質に関する次の記述のうち、建物の区分所有等に関する法律の規定によれば、正しいものはどれか。,,,,,,数戸の区分所有者が共通して使用する階段室であっても、登記上特定の区分所有者名義となっていれば、その者の専有部分となる。,専有部分となるには、利用上の独立性があれば足り、構造上の独立性は不要である。,管理員室その他の附属建物は、規約で共用部分と定めることができる。,規約で共用部分とされた部分は、常に構造上の共用部分と同一に扱われ、対外的な関係でも区別は一切存在しない。,3,正解は3です。区分所有法では、附属建物その他の建物部分について、規約で共用部分と定めることができます。したがって3が正しいです。1は、階段室のように構造上共用に供されるべき部分は共用部分であり、登記名義だけで専有部分にはなりません。2も、専有部分には構造上及び利用上の独立性が必要です。4は、規約共用部分には第三者対抗のための登記との関係など、構造上当然に共用部分となるものとは異なる論点があるため誤りです。
22,single,建築・設備,orig_set02;給水タンク;basic;comparison_table,給水タンクに関する次の事項のうち、建築基準法関係法令及び告示において数値が明示されているものはどれか。,,,,,,給水タンクに設ける通気管の長さ,給水タンクの点検用マンホールに内接する円の直径,給水タンクの清掃実施間隔,逆流防止のために必要なあふれ縁と水栓の水平距離,2,正解は2です。給水タンクの点検用マンホールについては、関係法令・告示で内接する円の直径に関する数値基準が示されています。したがって2が正しいです。1や3は一般的な仕様や維持管理上の論点であって、この設問でいう法令上の数値明示項目とはいえません。4も逆流防止論点として別の観点で問題になる事項であり、ここでの正答ではありません。
23,single,標準管理規約,orig_set02;管理費と修繕積立金の使途;basic;single_choice,マンション標準管理規約によれば、修繕積立金から支出するのが最も適切なものはどれか。,,,,,,共用部分の電気料,管理員人件費,毎年実施する消防設備点検費,外壁等の計画修繕工事に伴う設計監理費,4,正解は4です。標準管理規約28条では、一定年数ごとに計画的に行う修繕や、それに付随する調査・設計監理等の費用は修繕積立金から支出するとされています。したがって4が正しいです。1から3は、通常の管理に要する経費として管理費から支出するのが基本です。
24,count,民法・借地借家法,orig_set02;相殺;basic;count,相殺に関する次のアからエまでの記述のうち、民法の規定によれば、正しいものはいくつあるか。,,,,,,一つ,二つ,三つ,四つ,3,正解は3です。正しいものはア、イ、ウの三つです。アは、双方が同種の目的を有する債務であり、かつ弁済期にあるときは、原則として相殺が可能であるため正しいです。イも、受働債権がまだ弁済期にない以上、相殺適状にありません。ウも、当事者は相殺を禁止する特約をすることができます。エは、損害賠償債権であっても、その性質次第で相殺が全て禁止されるわけではないため誤りです。
25,single,区分所有法,orig_set02;敷地利用権;standard;case_based,Aは、敷地利用権が敷地の共有持分であるマンションの1室を所有している。Aが当該専有部分をBに譲渡する場合に関する次の記述のうち、建物の区分所有等に関する法律の規定によれば、正しいものはどれか。,,,,,,規約に別段の定めがなくても、Aは専有部分だけをBに譲渡し、敷地利用権は自己に留保することができる。,規約に別段の定めがない限り、Aは専有部分と敷地利用権とを分離して処分することができない。,Aが分離処分をした場合、その処分の無効は、Bが善意であっても悪意であっても一律に対抗することができない。,敷地利用権が共有持分であるかぎり、規約で別段の定めを置くことは認められない。,2,正解は2です。区分所有法22条1項は、敷地利用権が数人で有する所有権その他の権利である場合には、規約に別段の定めがない限り、専有部分と敷地利用権とを分離して処分することができないとしています。したがって2が正しいです。1は本則に反します。3も、違反処分の無効は善意の相手方に対抗できない場合があるため誤りです。4は、規約で別段の定めを置く余地を否定しているため誤りです。
26,combination,建築・設備,orig_set02;排水設備;standard;combination,排水設備に関する次のアからエまでの記述のうち、適切なもののみの組合せはどれか。,,,,,,アとイ,アとウ,イとエ,ウとエ,2,正解は2です。アとウが適切です。アの排水トラップは、封水によって下水臭や害虫の侵入を防止する設備です。ウも、雨水系統と汚水系統を適切に区別して処理する考え方として妥当です。イは、通気管の役割を誤っており、実際には空気の流通を確保して封水破壊を防ぎます。エも、横引き排水管には適切な勾配が必要であり、水平に近いほどよいわけではありません。
27,single,標準管理規約,orig_set02;理事会の権限;standard;case_based,マンション標準管理規約によれば、理事会の決議事項として最も適切なものはどれか。,,,,,,共用廊下の照明器具が故障したため、同等品への交換工事を発注すること,管理費負担割合を変更するため、規約を改正すること,次年度の収支予算を確定すること,長期修繕計画を新たに作成し、確定すること,1,正解は1です。共用廊下照明の同等品交換のような保存行為や通常の管理の執行は、理事会の権限で処理し得る事項です。したがって1が最も適切です。2の規約変更、3の収支予算の確定、4の長期修繕計画の作成・確定は、いずれも標準管理規約上、総会決議を要する事項です。
28,combination,民法・借地借家法,orig_set02;債権譲渡;standard;combination,債権譲渡に関する次のアからエまでの記述のうち、民法の規定によれば、正しいもののみの組合せはどれか。,,,,,,アとウ,アとイ,イとエ,ウとエ,1,正解は1です。アとウが正しいです。アのとおり、債権は原則として譲渡可能です。ウも、債務者に対する対抗関係では通知又は承諾が基本となります。イは、譲渡制限特約があるからといって常に譲渡が無効になるわけではないため誤りです。エも、将来債権の譲渡が常に否定されるわけではありません。
29,combination,区分所有法,orig_set02;規約共用部分;standard;combination,規約共用部分に関する次のアからエまでの記述のうち、正しいもののみの組合せはどれか。,,,,,,アとイ,イとウ,ウとエ,アとエ,4,正解は4です。アとエが正しいです。区分所有法4条2項により、附属建物その他の建物部分を規約で共用部分とすることができます。また、同条3項により、規約共用部分は登記がなければ第三者に対抗できません。したがってアとエの組合せが正解です。イは登記不要とする点で誤りであり、ウも規約共用部分の対象を不当に狭めています。
30,single,建築・設備,orig_set02;建築材料;standard;single_choice,建築材料に関する次の記述のうち、最も適切なものはどれか。,,,,,,鉄筋コンクリート造の部材では、かぶり厚さが不足していても、鉄筋の腐食進行には通常影響しない。,鉄筋コンクリート造の部材では、かぶり厚さが不足すると、鉄筋が腐食しやすくなる要因となる。,木材は、含水率が変化しても、一般に寸法変化を生じない。,外壁目地のシーリング材は、紫外線や温度変化による劣化を受けにくいため、定期的な点検は通常不要である。,2,正解は2です。鉄筋コンクリート造の部材では、かぶり厚さが不足すると、鉄筋が外気や水分の影響を受けやすくなり、腐食が進みやすくなります。したがって2が最も適切です。1はその逆で誤りです。3も、木材は含水率の変化によって収縮や膨張を生じ得ます。4も、シーリング材は紫外線や温度変化の影響を受けて劣化するため、定期的な点検が重要です。
31,combination,標準管理規約,orig_set02;総会出席と代理;standard;combination,マンション標準管理規約による総会における議決権の行使に関する次のアからエまでの記述のうち、適切なもののみの組合せはどれか。,,,,,,アとウ,アとエ,イとウ,ウとエ,1,正解は1です。アとウが適切です。アのとおり、標準管理規約では組合員は書面又は代理人によって議決権を行使できます。また、専有部分が共有の場合には、議決権を行使する者一名を定めておく整理になります。イは、代理人の範囲を無制限としており不適切です。エも、代理権を証する書面は総会運営上、議決権行使の時点で確認できることが必要であり、総会終了後で足りるわけではありません。
32,single,民法・借地借家法,orig_set02;契約不適合責任;standard;single_choice,売買の目的物が種類、品質又は数量に関して契約の内容に適合しない場合に関する次の記述のうち、民法の規定によれば、正しいものはどれか。,,,,,,買主は、契約不適合があっても、代金減額以外の請求をすることはできない。,買主は、目的物が契約の内容に適合しないときは、修補、代替物の引渡し又は不足分の引渡しによる追完を請求することができる。,売主が契約不適合を知りながら告げなかった場合でも、免責特約があれば常に責任を免れる。,買主は、契約不適合が軽微であっても、催告を要せず直ちに契約を解除しなければならない。,2,正解は2です。民法562条1項により、売買の目的物が種類、品質又は数量に関して契約の内容に適合しないとき、買主は修補、代替物の引渡し又は不足分の引渡しによる追完を請求できます。したがって2が正しいです。1は追完請求を否定しており誤りです。3も、民法572条により、売主が知りながら告げなかった事実については免責特約で免れません。4は解除の要件を誤っています。
33,single,区分所有法,orig_set02;総会決議要件;standard;precedent_fill,建物の区分所有等に関する法律によれば、規約の設定、変更又は廃止は、集会において、区分所有者及び議決権の各[　]以上の多数による決議によってする。この[　]に当てはまるものとして正しいものはどれか。,,,,,,2分の1,3分の2,4分の3,5分の4,3,正解は3です。区分所有法31条1項により、規約の設定、変更又は廃止は、区分所有者及び議決権の各4分の3以上の多数による集会の決議によって行います。したがって3が正しいです。なお、その規約の設定等が一部の区分所有者の権利に特別の影響を及ぼすときは、その承諾も必要になります。
34,single,建築・設備,orig_set02;断熱結露;standard;case_based,北側の洋室で、冬季に窓まわりや外壁面の隅部に結露が繰り返し発生している。室内では洗濯物の部屋干しが多く、換気設備も十分に使用されていない。この場合の対策として、最も適切なものはどれか。,,,,,,冬季の室内乾燥を防ぐため、換気設備の使用を控え、加湿を強める。,結露は主に外気温だけで決まるため、断熱改修や換気計画の見直しは不要である。,外壁や開口部の断熱性を改善するとともに、室内の換気を適切に確保する。,窓際の家具配置だけを変更すれば、他の対策を行わなくても結露は必ず防止できる。,3,正解は3です。結露は、室内空気中の水蒸気量が多く、かつ壁や窓の表面温度が低いと発生しやすくなります。そのため、外壁や開口部の断熱性を改善して表面温度を上げることと、換気設備を適切に使用して湿気を排出することを組み合わせるのが基本です。したがって3が最も適切です。1と2は原因理解が不十分で、4も補助的な工夫にとどまります。
35,single,標準管理規約,orig_set02;専有部分への立入り;standard;single_choice,マンション標準管理規約による専有部分等への立入りに関する次の記述のうち、最も適切なものはどれか。,,,,,,専有部分への立入りは所有権の侵害となるため、管理上必要であっても一切認められない。,理事長は、管理上必要であるかどうかにかかわらず、いつでも自由に専有部分へ立ち入ることができる。,立入り請求を受けた区分所有者は、理由の有無を問わず自由にこれを拒むことができる。,管理を行うため必要があるときは、必要な範囲で専有部分等への立入りを請求することができ、請求を受けた者は正当な理由なくこれを拒んではならない。,4,正解は4です。標準管理規約では、管理を行うため必要があるときは、必要な範囲で専有部分等への立入りを請求でき、請求を受けた区分所有者等は正当な理由なくこれを拒むことができないという整理です。したがって4が最も適切です。1と3は受忍義務を否定しており誤りで、2は管理上の必要性や範囲の限定を無視しています。
36,single,民法・借地借家法,orig_set02;使用貸借;standard;case_based,Aは、自己所有の物置を1年間Bに無償で使わせる約束を口頭でしたが、引渡し前に事情が変わったため貸すのをやめたいと考えている。この場合に関する次の記述のうち、民法の規定によれば、正しいものはどれか。,,,,,,使用貸借は無償契約であるから、必ず書面でしなければ成立しない。,Bは、Aの承諾がなくても、無償である限り第三者に物置を使用させることができる。,物置の通常の保存に必要な費用は、常にAが負担しなければならない。,この約束が書面によらないものである場合、Aは、Bが物置の引渡しを受ける前であれば、使用貸借を解除することができる。,4,正解は4です。民法593条の2により、書面によらない使用貸借は、各当事者が目的物を受け取るまで、解除することができます。したがって4が正しいです。1は、使用貸借の成立に書面を要するわけではありません。2も、借主は貸主の承諾を得なければ第三者に使用収益させることができません。3についても、通常の必要費は借主の負担が原則です。
37,single,区分所有法,orig_set02;義務違反者への措置;advanced;single_choice,ある区分所有者が、専有部分内に大量の危険物を継続的に持ち込み、他の区分所有者の共同生活上重大な障害を生じさせている。差止め請求等によっても障害の除去が困難である場合に関する次の記述のうち、建物の区分所有等に関する法律の規定によれば、正しいものはどれか。,,,,,,共同の利益に反する行為があれば、理事長は集会決議を経ることなく直ちに専有部分の競売を請求できる。,専有部分の使用禁止請求は、普通決議だけで足り、裁判手続を要しない。,共同生活上の障害が著しく、他の方法によってはその障害を除去して共用部分の利用を確保することが困難であるときは、集会の決議に基づき、その区分所有権及び敷地利用権の競売を請求することがあり得る。,競売請求をするには、違反行為者本人の承諾が必要であり、承諾がなければ常に請求できない。,3,正解は3です。区分所有法では、共同の利益に反する行為に対して差止め等の請求が用意されており、それによっても障害の除去が困難で、共同生活上の障害が著しいときは、集会の決議を経て区分所有権等の競売請求に至る場合があります。したがって3が正しいです。1と2は、集会決議や裁判手続の要件を軽視しており誤りです。4のような違反者本人の承諾も要件ではありません。
38,single,建築・設備,orig_set02;エレベーター保守;advanced;comparison_table,エレベーターの保守契約に関する次の記述のうち、POG契約とFM契約の違いについて最も適切なものはどれか。,,,,,,POG契約は、通常の修理・部品取替え費用まで一律に含むが、FM契約は点検のみを対象とする。,FM契約は、定期点検に加えて通常の修理や部品取替え費用を含む形が多く、POG契約は点検・調整中心で修理費等が別途となることが多い。,POG契約とFM契約の違いは名称だけであり、実務上の費用負担範囲は同一である。,FM契約であれば、エレベーターの全面更新費用まで当然に保守費用に含まれる。,2,正解は2です。実務上、POG契約は定期点検や調整を中心とし、部品取替えや修理費は別途となることが多いのに対し、FM契約はこれらの費用まで含める包括的な形が一般的です。したがって2が最も適切です。1は両者を逆にしており、3も誤りです。4のように、全面更新費用まで当然に含まれるわけでもありません。
39,single,標準管理規約,orig_set02;特別の影響;advanced;case_based,管理組合が規約を改正し、これまで無償で認めていた1階住戸の専用庭使用について、新たに当該住戸所有者のみを対象とする高額の使用料負担を課すことを検討している。この場合に関する次の記述のうち、最も適切なものはどれか。,,,,,,規約変更は常に集会の特別決議だけで足り、特定の区分所有者の承諾は不要である。,この規約変更が一部の区分所有者の権利に特別の影響を及ぼすと評価されるときは、その区分所有者の承諾も必要になる。,管理組合が専用庭の維持管理費を説明していれば、集会決議も承諾も不要である。,特別の影響があるかどうかは、理事会が内部的に判断すれば足り、区分所有法上の問題にはならない。,2,正解は2です。区分所有法31条1項では、規約の設定、変更又は廃止について、区分所有者及び議決権の各4分の3以上の決議を要するだけでなく、その結果が一部の区分所有者の権利に特別の影響を及ぼすときは、その承諾を得なければならないとされています。したがって2が最も適切です。1、3、4はいずれもこの承諾要件を無視しており誤りです。
40,count,民法・借地借家法,orig_set02;賃貸借の対抗力;advanced;count,賃貸借の対抗力に関する次のアからエまでの記述のうち、民法及び借地借家法の規定によれば、正しいものはいくつあるか。,,,,,,一つ,二つ,三つ,四つ,2,正解は2です。正しいのはアとイの二つです。アは借地借家法31条による建物賃貸借の対抗要件で、建物の引渡しがあれば後の物権取得者に対抗できます。イも民法605条の内容として正しいです。ウは、民法605条の2により、賃貸人たる地位の移転には賃借権が対抗要件を備えていることが前提となるため誤りです。エも、契約の先後だけでは足りず、対抗要件が必要です。
41,single,区分所有法,orig_set03;一部滅失と建替え;basic;case_based,マンションの共用部分が火災で一部滅失したため、管理組合では復旧工事を行うか、建替えも含めて検討するかが問題となっている。この場合に関する次の記述のうち、建物の区分所有等に関する法律の考え方として最も適切なものはどれか。,,,,,,共用部分が一部でも滅失したときは、区分所有者の意思にかかわらず当然に建替えをしなければならない。,共用部分の一部滅失後には、復旧を行うかどうかの決定が問題となり、建替えをするには別途、区分所有法上の要件を満たす決議が必要となる。,一部滅失については、理事長が単独で復旧方法を最終決定することができ、集会決議は不要である。,一部滅失後に建替えを検討する場合でも、区分所有法の規律は及ばず、民法の共有の規定だけで処理される。,2,正解は2です。区分所有法では、共用部分が一部滅失した場合、まず復旧に関する意思決定が問題となりますが、建替えはこれとは別の重大な意思決定であり、法定の決議要件を満たす必要があります。したがって2が最も適切です。1、3、4はいずれも一部滅失後の法的処理を単純化し過ぎています。
42,combination,建築・設備,orig_set03;配管更新;basic;combination,配管更新に関する次のアからエまでの記述のうち、適切なもののみの組合せはどれか。,,,,,,アとイ,イとウ,アとエ,ウとエ,4,正解は4です。ウとエが適切です。配管更新では、共用部分だけでなく専有部分との接続部の処理や復旧範囲を整理する必要がありますし、断水や排水制限を伴うことがあるため、工程や居住者周知も重要です。アは、更新時期の判断要素を使用年数だけに限定しており不適切です。イも、取り合いの検討を不要とする点で誤りです。
43,combination,標準管理規約,orig_set03;役員の任務;basic;combination,マンション標準管理規約による役員の任務に関する次のアからエまでの記述のうち、適切なもののみの組合せはどれか。,,,,,,アとイ,アとウ,イとエ,ウとエ,2,正解は2です。アとウが適切です。理事長は管理組合を代表して業務を統括し、監事は業務執行状況や財産状況を監査します。イは、監事を執行役員のように扱っており誤りです。エも、理事は理事会の構成員であるため不適切です。
44,combination,民法・借地借家法,orig_set03;相続と債務承継;basic;combination,相続と債務承継に関する次のアからエまでの記述のうち、民法の規定によれば、正しいもののみの組合せはどれか。,,,,,,アとイ,イとウ,アとエ,ウとエ,3,正解は3です。アとエが正しいです。相続人は、原則として被相続人の権利義務を包括承継しますが、一身専属権は承継されません。また、限定承認又は相続放棄は、自己のために相続の開始があったことを知った時から3か月以内に行うのが原則です。したがってイとウは誤りです。
45,combination,区分所有法,orig_set03;管理者;standard;combination,管理者に関する次のアからエまでの記述のうち、建物の区分所有等に関する法律の規定によれば、正しいもののみの組合せはどれか。,,,,,,アとウ,アとエ,イとウ,イとエ,1,正解は1です。アとウが正しいです。区分所有法では、管理者は規約又は集会の決議によって選任することができ、共用部分等の保存や集会決議の実行などの事務を行います。イは選任要件を重くし過ぎており、エも管理者の代表機能を否定しているため誤りです。
46,single,建築・設備,orig_set03;容積率と延べ面積;standard;single_choice,容積率に関する次の記述のうち、最も適切なものはどれか。,,,,,,容積率は、建築物の延べ面積の敷地面積に対する割合をいう。,容積率は、建築物の建築面積の敷地面積に対する割合をいう。,容積率は、階数だけで決まり、延べ面積は関係しない。,容積率は、専有部分の面積だけを用いて計算し、共用部分は一切考慮しない。,1,正解は1です。容積率は、建築物の延べ面積の敷地面積に対する割合であり、建築物の規模を規制する代表的な指標です。2は建ぺい率の考え方と混同しています。3と4も容積率の基本的な考え方として誤りです。
47,single,標準管理規約,orig_set03;議事録;standard;single_choice,マンション標準管理規約による総会の議事録に関する次の記述のうち、最も適切なものはどれか。,,,,,,総会の議事録は、管理会社が作成すれば足り、組合員の署名は不要である。,議事録には、出席した組合員全員が必ず署名しなければならない。,議長は議事録を作成し、これに議長及び総会に出席した組合員のうち総会で選任された2名が署名する。,議事録は、理事会で承認されるまでは作成してはならない。,3,正解は3です。標準管理規約では、総会の議事録は議長が作成し、議長及び総会に出席した組合員のうち総会で選任された2名が署名する形が基本です。したがって3が最も適切です。1、2、4はいずれも議事録の作成又は署名のルールを誤っています。
48,single,民法・借地借家法,orig_set03;同時履行の抗弁;standard;single_choice,同時履行の抗弁に関する次の記述のうち、民法の規定によれば、正しいものはどれか。,,,,,,同時履行の抗弁は、片務契約にしか認められない。,双務契約の当事者の一方は、相手方がその債務の履行又は履行の提供をするまでは、自己の債務の履行を拒むことができるのが原則である。,相手方が債務を履行しなくても、同時履行の抗弁を主張するには必ず損害の発生を要する。,同時履行の抗弁は、いったん契約が成立すれば、相手方の履行提供の有無にかかわらず無条件で認められる。,2,正解は2です。民法533条は、双務契約の当事者の一方は、相手方がその債務の履行又は履行の提供をするまで、自己の債務の履行を拒むことができると定めています。したがって2が正しいです。1、3、4はいずれも同時履行の抗弁の要件又は趣旨を誤っています。
49,single,区分所有法,orig_set03;規約設定変更;standard;precedent_fill,建物の区分所有等に関する法律によれば、規約の設定、変更又は廃止が一部の区分所有者の権利に[　]を及ぼすべきときは、その承諾を得なければならない。この[　]に当てはまる語句として正しいものはどれか。,,,,,,重大な管理費負担,共同生活上の支障,合理的な不都合,特別の影響,4,正解は4です。区分所有法31条1項後段では、規約の設定、変更又は廃止が一部の区分所有者の権利に特別の影響を及ぼすべきときは、その承諾を得なければならないとされています。したがって空欄には『特別の影響』が入ります。
50,single,建築・設備,orig_set03;非常用照明;standard;case_based,共用廊下と階段を有するマンションで、停電時の避難安全性を高めるための設備計画を検討している。この場合の非常用照明に関する次の記述のうち、最も適切なものはどれか。,,,,,,非常用照明は、美観を高めるための補助照明であり、停電時の避難安全とは関係がない。,非常用照明は、停電時に避難経路の安全を確保するために必要な照明を確保する設備である。,非常用照明は、通常時の照明が十分であれば、停電対策として設ける必要はない。,非常用照明は、火災時の消火活動専用設備であり、避難時の歩行補助には用いない。,2,正解は2です。非常用照明は、停電時においても避難経路の安全を確保し、歩行や避難行動に必要な照明を維持するための設備です。したがって2が最も適切です。1、3、4はいずれも非常用照明の役割を誤って理解しています。
51,single,標準管理規約,orig_set03;長期修繕計画;standard;case_based,築15年のマンションで、過去に作成した長期修繕計画と実際の工事実績とのずれが大きくなってきたため、管理組合が見直しを検討している。この場合に関する次の記述のうち、最も適切なものはどれか。,,,,,,長期修繕計画は一度作成すれば足り、その後の劣化状況や工事実績を反映する必要はない。,長期修繕計画は、理事長個人の判断で秘密に保管し、組合員に示さないのが適切である。,長期修繕計画は、劣化状況、工事実績、物価変動等を踏まえて定期的に見直すことが望ましい。,長期修繕計画と修繕積立金の見通しは無関係であるため、別々に検討すればよい。,3,正解は3です。長期修繕計画は、建物・設備の劣化状況や工事実績、物価変動などを踏まえ、定期的に見直していくことが重要です。したがって3が最も適切です。1、2、4はいずれも長期修繕計画の実務上の位置づけを誤っています。
52,single,民法・借地借家法,orig_set03;履行遅滞と解除;standard;case_based,売買契約において、売主が目的物の引渡しを約束した期日を過ぎても履行しないため、買主が契約の解除を検討している。この場合に関する次の記述のうち、民法の規定によれば、最も適切なものはどれか。,,,,,,買主は、原則として相当の期間を定めて履行を催告し、その期間内に履行がなければ契約を解除することができる。,履行期を1日でも過ぎれば、常に催告なく直ちに解除することができる。,履行遅滞があっても、解除するには相手方の同意がなければならない。,売主が履行遅滞に陥っていても、損害賠償請求はできるが解除は一切できない。,1,正解は1です。民法541条では、債務不履行がある場合、原則として相当の期間を定めて履行を催告し、その期間内に履行がなければ契約を解除できるとされています。したがって1が正しいです。2は無催告解除を一般化し過ぎており、3と4も誤りです。
53,single,区分所有法,orig_set03;占有者の地位;standard;single_choice,区分所有建物の占有者の地位に関する次の記述のうち、建物の区分所有等に関する法律の規定によれば、正しいものはどれか。,,,,,,占有者は区分所有者ではないから、共同の利益に反する行為をしても区分所有法上の規律は及ばない。,占有者は、区分所有者の承諾があれば、他の区分所有者に重大な迷惑を及ぼす行為も自由に行うことができる。,占有者に対しては、共同生活上の障害があっても、区分所有法に基づく是正請求をすることは一切できない。,占有者も、建物の保存に有害な行為その他共同の利益に反する行為をしてはならず、一定の場合には区分所有法に基づく請求の対象となり得る。,4,正解は4です。区分所有法では、占有者も建物の保存に有害な行為その他共同の利益に反する行為をしてはならないとされており、必要に応じて占有者に対する請求も認められます。したがって4が正しいです。1から3は、占有者にも及ぶ規律を否定しており誤りです。
54,single,建築・設備,orig_set03;給排水衛生設備;standard;comparison_table,給排水衛生設備に関する次の対応関係のうち、最も適切なものはどれか。,,,,,,トラップ - 封水によって下水臭や害虫の侵入を防止する,通気管 - 排水の流れを完全に遮断して封水を守る,受水槽 - 排水の臭気を屋外へ逃がすための設備である,排水ます - 上水を一時貯留して各戸へ加圧送水する設備である,1,正解は1です。トラップは封水を利用して下水臭や害虫の侵入を防止する設備であり、1が正しいです。2は通気管の機能を逆にしており、通気管は空気の流れを確保して封水破壊を防ぎます。3と4も設備の役割を取り違えています。
55,combination,標準管理規約,orig_set03;滞納管理費対応;standard;combination,管理費等の滞納に対する管理組合の対応に関する次のアからエまでの記述のうち、適切なもののみの組合せはどれか。,,,,,,アとウ,アとエ,イとウ,イとエ,1,正解は1です。アとウが適切です。管理費等の滞納に対しては、まず督促等を行い、必要に応じて法的手続による回収も検討します。イは管理組合の請求権を否定しており誤りで、エも滞納を放置する考え方で不適切です。
56,count,民法・借地借家法,orig_set03;無断転貸;standard;count,賃借権の譲渡及び賃借物の転貸に関する次のアからエまでの記述のうち、民法の規定によれば、正しいものはいくつあるか。,,,,,,一つ,二つ,三つ,四つ,2,正解は2です。正しいのはアとイの二つです。民法612条により、賃借人は賃貸人の承諾を得なければ、賃借権の譲渡や賃借物の転貸をすることができません。また、無断で譲渡又は転貸したときは、賃貸人は契約を解除することができます。したがってウとエは誤りです。
57,single,区分所有法,orig_set03;団地関係;advanced;case_based,同一敷地内に複数棟の区分所有建物があり、集会所や団地内通路などを全棟で共用している。この場合に関する次の記述のうち、建物の区分所有等に関する法律の考え方として最も適切なものはどれか。,,,,,,複数棟で共用する施設があっても、各棟の区分所有者は他棟との共同管理を一切行うことができない。,団地内通路や集会所が全棟の共有に属していても、各棟の理事長が個別に自由に処分を決めれば足りる。,複数棟の区分所有者が共有する団地内施設については、団地関係の規律の下で、全棟共通の利害に関する事項を処理することがある。,団地関係では、各棟に共用部分がある限り、区分所有法は適用されず、常に民法の共有規定のみで処理される。,3,正解は3です。区分所有法では、同一敷地内の複数棟について、土地又は附属施設が区分所有者の共有に属する場合などに団地関係の規律が問題となります。その場合、団地全体に共通する利害に関する事項を全棟で処理することがあります。したがって3が最も適切です。1、2、4はいずれも団地管理の基本構造を誤っています。
58,combination,建築・設備,orig_set03;換気設備;advanced;combination,換気設備に関する次のアからエまでの記述のうち、適切なもののみの組合せはどれか。,,,,,,アとイ,アとウ,イとエ,ウとエ,2,正解は2です。アとウが適切です。換気は室内の湿気や汚染物質の排出に役立ち、結露防止や室内空気質の維持にも関係します。また、換気計画では排気だけでなく給気経路も重要です。イとエは、換気設備の役割を誤って理解しています。
59,single,標準管理規約,orig_set03;駐車場使用細則;advanced;single_choice,マンションの駐車場使用細則に関する次の記述のうち、マンション標準管理規約の考え方として最も適切なものはどれか。,,,,,,駐車場が共用部分である場合、特定の組合員に専用使用を認める細則を定めることは一切できない。,駐車場の使用料は、理事長がその都度自由に決めれば足り、細則で定める必要はない。,駐車場使用細則は、総会や規約と無関係に、管理会社が単独で制定するのが原則である。,駐車場について特定の組合員に使用を認める場合には、使用方法や使用料などを細則で定めて運用することがある。,4,正解は4です。マンション標準管理規約では、駐車場など共用部分等の一部について特定の組合員に使用を認める運用があり、その使用方法や使用料等は細則で定めることがあります。したがって4が最も適切です。1、2、3はいずれも標準管理規約の運用を誤っています。
60,combination,民法・借地借家法,orig_set03;時効と承認;advanced;combination,時効と承認に関する次のアからエまでの記述のうち、民法の規定によれば、正しいもののみの組合せはどれか。,,,,,,アとイ,イとウ,アとエ,ウとエ,3,正解は3です。アとエが正しいです。民法152条1項により、催告があると、その時から6か月を経過するまでの間、時効の完成は猶予されます。他方、承認があったときは、民法156条により時効が更新します。したがってイとウは誤りです。
61,count,会計・税務,orig_set04;前受金と預り金;basic;accounting_table,管理組合会計における前受金と預り金に関する次の記述のうち、最も適切なものはどれか。,,,,,,前受金は、後日第三者へそのまま引き渡すべき金銭を一時的に受け入れたものである。,預り金は、管理組合が一時的に受け入れた金銭で、後日第三者等に支払う性質のものをいう。,翌年度分の管理費を先に受け取った場合は、直ちに当年度の収益として処理するのが原則である。,前受金も預り金も、受け取った時点で必ず修繕積立金として処理する。,2,正解は2です。預り金は、管理組合が一時的に受け入れ、後日第三者等に支払う性質の金銭を処理する勘定科目です。他方、翌年度分の管理費のように、将来の期間に対応するものを先に受け取った場合は前受金として処理するのが基本です。したがって1、3、4は誤りです。
62,combination,区分所有法,orig_set04;復旧決議;basic;combination,共用部分の一部滅失後の復旧に関する次のアからエまでの記述のうち、適切なもののみの組合せはどれか。,,,,,,アとウ,アとエ,イとウ,イとエ,1,正解は1です。アとウが適切です。共用部分が一部滅失した場合には、その復旧をするかどうかが区分所有者の意思決定事項となり、復旧と建替えは区別して考える必要があります。イとエは、一部滅失後の法的処理を単純化し過ぎています。
63,single,建築・設備,orig_set04;駐車場設備;basic;single_choice,マンションの駐車場設備に関する次の記述のうち、最も適切なものはどれか。,,,,,,機械式駐車設備は、一度設置すれば、その後の保守点検を行う必要はほとんどない。,駐車場設備の安全管理は、利用者の自己責任で足り、管理組合が関与する余地はない。,機械式駐車設備では、事故防止や機能維持のため、定期点検や計画的な保守を行うことが重要である。,駐車場設備の老朽化対策は、車路清掃だけで足り、機械部分の更新は考慮しなくてよい。,3,正解は3です。機械式駐車設備は可動設備であり、事故防止や性能維持のために定期点検や計画的な保守が重要です。したがって3が最も適切です。1、2、4はいずれも駐車場設備の維持管理の必要性を軽視しています。
64,single,標準管理規約,orig_set04;専用使用権;basic;case_based,1階住戸の区分所有者が、専用庭について『専有部分と同じだから自由に増築できる』と主張している。この場合に関する次の記述のうち、マンション標準管理規約の考え方として最も適切なものはどれか。,,,,,,専用庭は専有部分と同じであるから、区分所有者は管理組合の関与なく自由に増築できる。,専用庭のような専用使用部分は、共用部分等について特定の組合員に使用を認めるものであり、規約や細則による制約を受ける。,専用使用権が設定された部分は、管理組合の共用部分管理の対象から外れる。,専用使用権は、標準管理規約では一切認められていない。,2,正解は2です。専用庭やバルコニーなどの専用使用部分は、共用部分等の一部について特定の組合員に使用を認めるものであり、専有部分そのものではありません。したがって、規約や使用細則による制約を受けます。1、3、4はいずれも専用使用権の性質を誤っています。
65,single,民法・借地借家法,orig_set04;定期建物賃貸借;basic;single_choice,定期建物賃貸借に関する次の記述のうち、借地借家法の規定によれば、正しいものはどれか。,,,,,,定期建物賃貸借は、口頭でも成立し、更新がない旨の定めは不要である。,定期建物賃貸借では、期間満了後も当然に法定更新される。,定期建物賃貸借は、居住用建物には利用できない。,定期建物賃貸借は、更新がないこととする建物賃貸借であり、公正証書等の書面によって契約する。,4,正解は4です。借地借家法38条により、定期建物賃貸借は、更新がないこととする建物賃貸借であり、公正証書等の書面によって契約する必要があります。したがって4が正しいです。1、2、3はいずれも制度の基本を誤っています。
66,single,会計・税務,orig_set04;未払金と前払費用;standard;single_choice,未払金と前払費用に関する次の記述のうち、最も適切なものはどれか。,,,,,,未払金は、既に発生している債務であるが、まだ支払っていない金額をいう。,前払費用は、既に提供を受けた役務に対して未払いとなっている金額をいう。,保険料を翌年度分までまとめて前払いした場合は、全額を当年度費用とするのが原則である。,未払金も前払費用も、負債ではなく固定資産として処理する。,1,正解は1です。未払金は、既に発生している債務で、まだ支払っていないものをいいます。前払費用は、将来の期間に対応する役務提供等に先立って支払ったものです。したがって2、3、4は誤りです。
67,single,区分所有法,orig_set04;競売請求;standard;precedent_fill,建物の区分所有等に関する法律によれば、共同生活上の障害が著しく、他の方法によってはその障害を除去して共用部分の利用の確保その他の共同生活の維持を図ることが困難であるときは、集会の決議に基づき、その区分所有権及び敷地利用権の[　]を請求することができる。この[　]に当てはまるものとして正しいものはどれか。,,,,,,明渡し,収用,競売,交換,3,正解は3です。区分所有法59条は、一定の場合に、集会の決議に基づいて区分所有権及び敷地利用権の競売を請求できる旨を定めています。したがって空欄には『競売』が入ります。
68,single,建築・設備,orig_set04;コンクリート中性化;standard;case_based,築年数の経過したマンションの外壁調査で、『コンクリートの中性化が進行している可能性がある』との指摘を受けた。この場合に関する次の記述のうち、最も適切なものはどれか。,,,,,,コンクリートの中性化は、コンクリート強度が必ず直ちにゼロになる現象である。,コンクリートの中性化が進むと、鉄筋の腐食が生じやすくなり、耐久性上の問題につながることがある。,中性化は仕上塗材の色むらだけの問題であり、構造耐久性には関係しない。,中性化対策としては、換気設備を停止するのが最も有効である。,2,正解は2です。コンクリートの中性化が進むと、鉄筋周囲のアルカリ性環境が失われ、鉄筋腐食が生じやすくなります。その結果、ひび割れや剥落などの耐久性上の問題につながることがあります。1、3、4はいずれも中性化の理解として不適切です。
69,combination,標準管理規約,orig_set04;管理組合会計;standard;combination,管理組合会計に関する次のアからエまでの記述のうち、マンション標準管理規約の考え方として適切なもののみの組合せはどれか。,,,,,,アとイ,イとウ,アとエ,ウとエ,4,正解は4です。ウとエが適切です。管理費と修繕積立金は使途が異なるため、区別して管理することが重要です。また、収支予算や決算報告は管理組合運営上の重要事項です。アとイは、管理費と修繕積立金の使途を逆にしており誤りです。
70,single,民法・借地借家法,orig_set04;危険負担;standard;case_based,売買契約締結後、売主の責めに帰すべき事由によらず、目的物が引渡前に滅失した場合の代金支払義務に関する次の記述のうち、民法の規定によれば、最も適切なものはどれか。,,,,,,買主は、目的物が滅失しても、常に全額の代金を支払わなければならない。,売主は、目的物が滅失したときでも、反対給付である代金を受ける権利を当然に保持する。,売主が自己の責めに帰すべき事由によらず履行をすることができなくなったときは、反対給付を受ける権利を失うのが原則である。,危険負担の問題は、民法では廃止されているため、履行不能と代金支払義務の関係は一切問題とならない。,3,正解は3です。民法536条1項により、当事者双方の責めに帰することができない事由によって債務を履行することができなくなったときは、債務者は反対給付を受ける権利を失うのが原則です。したがって3が最も適切です。1、2、4はいずれもこの基本ルールと合いません。
71,single,会計・税務,orig_set04;会計区分;standard;comparison_table,管理組合の会計区分に関する次の記述のうち、最も適切なものはどれか。,,,,,,管理組合会計では、一般会計と修繕積立金会計を区別する必要はなく、全て一つの現金出納簿で足りる。,修繕積立金会計は、管理員人件費や共用部分の電気料などの日常費用を支出するための会計である。,一般会計から大規模修繕費を常時支出するのが原則であり、会計区分に実質的な意味はない。,日常管理に要する費用と計画修繕等に要する費用とは性質が異なるため、会計区分を分けて管理することに意義がある。,4,正解は4です。管理組合では、日常管理に要する費用と計画修繕等に要する費用とで資金の性質が異なるため、一般会計と修繕積立金会計を区分して管理することに意味があります。したがって4が最も適切です。1、2、3はいずれも会計区分の趣旨を誤っています。
72,single,区分所有法,orig_set04;使用禁止請求;standard;single_choice,共同生活上の障害が著しい区分所有者に対する使用禁止請求に関する次の記述のうち、建物の区分所有等に関する法律の規定によれば、正しいものはどれか。,,,,,,使用禁止請求は、理事長が単独で口頭通知をすれば直ちに効力を生じ、裁判手続は不要である。,共同生活上の障害が著しいときは、集会の決議に基づき、専有部分の使用禁止を裁判上請求することがある。,使用禁止請求は、区分所有権そのものを当然に失わせる請求である。,使用禁止請求は、占有者にしか行えず、区分所有者本人には行えない。,2,正解は2です。区分所有法58条は、共同生活上の障害が著しい場合に、集会の決議に基づいて専有部分の使用禁止を裁判上請求できる場合があることを定めています。したがって2が正しいです。1は手続を軽視しており、3は競売請求と混同しています。4も誤りです。
73,single,建築・設備,orig_set04;ひび割れ原因;standard;comparison_table,コンクリートのひび割れ原因に関する次の記述のうち、最も適切なものはどれか。,,,,,,コンクリートのひび割れは、乾燥収縮、温度変化、不同沈下など、複数の要因によって生じることがある。,コンクリートのひび割れ原因は常に一つであり、他の要因が重なることはない。,外壁のひび割れは、表面の汚れだけが原因であり、構造や材料の挙動とは関係がない。,ひび割れが見られる場合でも、漏水や劣化進行の観点から調査する必要はない。,1,正解は1です。コンクリートのひび割れは、乾燥収縮、温度変化、不同沈下など複数の要因によって生じることがあります。したがって1が正しいです。2、3、4はいずれもひび割れの原因や調査の必要性を過度に単純化しています。
74,single,標準管理規約,orig_set04;理事長権限;standard;single_choice,マンション標準管理規約による理事長の権限に関する次の記述のうち、最も適切なものはどれか。,,,,,,理事長は、管理組合を代表する立場にないため、対外的な契約行為は一切できない。,理事長は、管理組合の意思決定機関に代わって、規約変更や予算決定など全てを単独で決定できる。,理事長は、管理組合を代表し、その業務を統括するが、総会や理事会の決議事項まで無制限に単独決定できるわけではない。,理事長の権限は、会計事務の閲覧だけに限られる。,3,正解は3です。理事長は管理組合を代表して業務を統括しますが、総会や理事会で決すべき事項まで自由に単独決定できるわけではありません。したがって3が最も適切です。1と4は理事長権限を狭く捉え過ぎており、2は逆に広げ過ぎています。
75,count,民法・借地借家法,orig_set04;解除と損害賠償;standard;count,解除と損害賠償に関する次のアからエまでの記述のうち、民法の規定によれば、正しいものはいくつあるか。,,,,,,一つ,二つ,三つ,四つ,2,正解は2です。正しいのはアとイの二つです。民法545条4項により、解除権の行使は損害賠償の請求を妨げません。また、解除により、受け取った給付の原状回復義務が問題となります。したがってウとエは誤りです。
76,combination,会計・税務,orig_set04;駐車場使用料処理;standard;combination,駐車場使用料の処理に関する次のアからエまでの記述のうち、適切なもののみの組合せはどれか。,,,,,,アとウ,アとエ,イとウ,イとエ,1,正解は1です。アとウが適切です。駐車場使用料は、規約や細則で定めたルールに従って処理する必要があり、運用によっては修繕積立金会計へ繰り入れることがあります。イとエは、会計上の統制や使途整理を無視しているため誤りです。
77,single,区分所有法,orig_set04;集会招集;standard;case_based,理事長が、重要な規約変更を議題とする集会を急きょ開催しようとしている。この場合に関する次の記述のうち、建物の区分所有等に関する法律の考え方として最も適切なものはどれか。,,,,,,集会の招集では、議題を知らせる必要はなく、当日その場で重要事項を自由に決定できる。,集会を招集する際には、区分所有者が判断できるよう、一定の手続に従って招集通知や議題の明示を行うことが重要である。,集会招集は、口頭で一人に伝えれば、他の区分所有者への通知は不要である。,規約変更のような重要事項でも、集会を経ず、理事会だけで常に決定できる。,2,正解は2です。集会を招集する際には、区分所有者が議案内容を踏まえて判断できるよう、招集通知や議題の明示を適切に行うことが重要です。したがって2が最も適切です。1、3、4はいずれも集会招集や重要事項決定の手続を軽視しています。
78,combination,建築・設備,orig_set04;耐震対策;standard;combination,マンションの耐震対策に関する次のアからエまでの記述のうち、適切なもののみの組合せはどれか。,,,,,,アとイ,イとウ,アとエ,ウとエ,4,正解は4です。ウとエが適切です。耐震対策では、まず耐震診断等によって現状を把握し、必要に応じて補強方法、実施時期、資金計画などを総合的に検討します。アとイは、耐震対策の必要性や目的を誤って理解しています。
79,single,標準管理規約,orig_set04;総会決議事項;standard;case_based,マンション標準管理規約によれば、総会の決議事項として最も適切なものはどれか。,,,,,,次年度の収支予算を承認すること,共用廊下の照明器具を同等品に交換すること,軽微な掲示物の貼替えを行うこと,日常清掃の実施日を一時変更すること,1,正解は1です。次年度の収支予算の承認は、管理組合運営の重要事項であり、総会決議事項です。したがって1が正しいです。2、3、4は、通常の管理執行や軽微な保存行為の範囲にとどまるため、総会決議事項としては不適切です。
80,combination,民法・借地借家法,orig_set04;請負契約;standard;combination,請負契約に関する次のアからエまでの記述のうち、民法の規定によれば、正しいもののみの組合せはどれか。,,,,,,アとイ,アとウ,イとエ,ウとエ,2,正解は2です。アとウが正しいです。請負契約は、仕事の完成を約し、その結果に対して報酬を支払う契約です。したがって、仕事完成が不要であるとするイや、委任契約的な発想を持ち込むエは誤りです。
81,count,会計・税務,orig_set05;財務諸表読解;advanced;accounting_table,管理組合の財務諸表を読む際の次の記述のうち、最も適切なものはどれか。,,,,,,収支報告書で黒字が計上されていれば、貸借対照表の現預金残高も必ず同額だけ増加している。,貸借対照表は、当期の収入と支出の差額だけを示す書類であり、資産や負債の状況は読み取れない。,財務諸表を読む際は、未収金、未払金、前受金などの残高も確認し、収支報告書と貸借対照表を合わせて判断することが重要である。,管理組合会計では、貸借対照表を見ても修繕積立金会計の状況を把握する意味はない。,3,正解は3です。管理組合の財務諸表を読む際は、収支報告書だけでなく、未収金、未払金、前受金などを含む貸借対照表も確認して総合的に判断する必要があります。したがって3が最も適切です。1は収支差額と資金残高を短絡しており、2と4も財務諸表の役割の理解として誤りです。
82,combination,区分所有法,orig_set05;共用部分持分;advanced;combination,共用部分の持分に関する次のアからエまでの記述のうち、建物の区分所有等に関する法律の規定によれば、正しいもののみの組合せはどれか。,,,,,,アとイ,イとウ,アとエ,ウとエ,4,正解は4です。ウとエが正しいです。共用部分の持分は、原則として専有部分の処分に従って処分され、専有部分と切り離して自由に処分することはできません。また、持分割合については規約で別段の定めをすることがあります。したがってアとイは誤りです。
83,single,建築・設備,orig_set05;昇降機;advanced;single_choice,マンションの昇降機に関する次の記述のうち、最も適切なものはどれか。,,,,,,昇降機は、法定検査に合格した後は、保守契約を締結しなくても安全性に問題は生じない。,昇降機では、安全性確保のため、法定検査だけでなく、日常的な保守点検や劣化部品への対応も重要である。,昇降機の更新判断は、見た目が古いかどうかだけで行えば足りる。,昇降機の故障は専有部分の問題であるため、管理組合が対応する必要はない。,2,正解は2です。昇降機は安全に直結する共用設備であり、法定検査に加えて、日常的な保守点検や劣化部品への対応が重要です。したがって2が最も適切です。1、3、4はいずれも昇降機の維持保全の考え方として不適切です。
84,combination,標準管理規約,orig_set05;修繕積立金取崩し;advanced;combination,修繕積立金の取崩しに関する次のアからエまでの記述のうち、マンション標準管理規約の考え方として適切なもののみの組合せはどれか。,,,,,,アとウ,アとエ,イとウ,イとエ,1,正解は1です。アとウが適切です。修繕積立金は、計画修繕やそれに付随する調査・設計監理費等に充てる性質のものであり、取崩しにあたっては使途の適否だけでなく必要な手続にも留意する必要があります。イとエは、修繕積立金を経常費の穴埋め資金のように扱っており誤りです。
85,single,民法・借地借家法,orig_set05;委任契約;advanced;single_choice,委任契約に関する次の記述のうち、民法の規定によれば、正しいものはどれか。,,,,,,委任契約では、受任者は仕事を完成させる義務だけを負い、事務処理上の注意義務は負わない。,委任契約は、必ず有償でなければ成立しない。,受任者は、自分の注意義務の程度を問わず、結果が出なければ常に請負責任を負う。,受任者は、善良な管理者の注意をもって、委任事務を処理する義務を負う。,4,正解は4です。委任契約において、受任者は善良な管理者の注意をもって委任事務を処理する義務を負います。したがって4が正しいです。1と3は委任と請負を混同しており、2も委任が必ず有償でなければならないわけではないため誤りです。
86,single,会計・税務,orig_set05;消費税;basic;single_choice,管理組合の消費税に関する次の記述のうち、最も適切なものはどれか。,,,,,,管理組合が収受する全ての金銭は、内容を問わず一律に消費税課税対象となる。,管理組合に関する取引は、内容を問わず一切消費税の検討が不要である。,管理組合の消費税関係は、収受する金銭や支払う対価の性質に応じて、個別に整理して検討する必要がある。,消費税の処理は、会計区分だけで決まり、取引内容は考慮しない。,3,正解は3です。管理組合の消費税関係は、収受する金銭や支払う対価の性質に応じて個別に整理して考える必要があります。したがって3が最も適切です。1、2、4はいずれも内容を問わず一律に処理できるとする点で不適切です。
87,single,区分所有法,orig_set05;専有部分と共用部分;basic;precedent_fill,建物の区分所有等に関する法律によれば、専有部分とは、構造上[　]の建物の部分で、独立して住居、店舗、事務所又は倉庫その他建物としての用途に供することができるものをいう。この[　]に当てはまるものとして正しいものはどれか。,,,,,,独立した,共通した,一時的な,附属した,1,正解は1です。区分所有法2条では、専有部分とは、構造上独立した建物の部分で、独立して建物としての用途に供することができるものをいうとされています。したがって空欄には『独立した』が入ります。
88,single,建築・設備,orig_set05;消防設備;basic;case_based,マンションの消防設備について、設置後は長年点検を実施していないとの相談があった。この場合に関する次の記述のうち、最も適切なものはどれか。,,,,,,消防設備は一度設置すれば、非常時以外に点検や維持管理を行う必要はない。,消防設備は、非常時に確実に機能するよう、継続的な点検と維持管理を行うことが重要である。,消防設備の管理は、各居住者が自室内だけ注意していれば足り、共用部分設備の点検は不要である。,消防設備の不具合は、清掃状況にのみ起因するので、専門的点検は必要ない。,2,正解は2です。消防設備は、非常時に機能することが求められるため、設置後も継続的な点検と維持管理が重要です。したがって2が最も適切です。1、3、4はいずれも消防設備管理の考え方として不適切です。
89,single,標準管理規約,orig_set05;管理費と修繕積立金の使途;basic;single_choice,マンション標準管理規約によれば、管理費から支出するのが最も適切なものはどれか。,,,,,,共用部分の電気料,外壁等の計画修繕工事費,長期修繕計画の作成又は変更に要する調査費,災害等特別の事由による共用部分の修繕費,1,正解は1です。共用部分の電気料は、日常管理に要する経常費用として管理費から支出するのが基本です。他方、外壁等の計画修繕工事費、長期修繕計画に関する調査費、災害等特別の事由による修繕費は、標準管理規約上、修繕積立金から支出する性質の費用です。
90,single,民法・借地借家法,orig_set05;保証債務;basic;case_based,AがBの賃料債務を保証する約束をしたが、その内容は口頭でのみ合意され、書面等は作成されなかった。この場合に関する次の記述のうち、民法の規定によれば、最も適切なものはどれか。,,,,,,保証契約は、主たる債務が存在すれば、常に口頭だけで有効に成立する。,保証契約は、主たる債務者が承諾していなければ一切成立しない。,保証契約は、書面でしなければ、その効力を生じない。,保証契約は、一度口頭で成立すれば、後から書面化しても無効のままである。,3,正解は3です。民法446条2項は、保証契約は書面でしなければ、その効力を生じないと定めています。したがって3が最も適切です。1は方式要件を無視しており、2も不要な要件を付加しています。4も、後に適式な方式が整う可能性を一律に排除する趣旨ではありません。
91,single,会計・税務,orig_set05;貸借対照表;standard;comparison_table,貸借対照表に関する次の記述のうち、最も適切なものはどれか。,,,,,,貸借対照表は、当期中の収入と支出の差額だけを示す書類である。,貸借対照表は、一定時点における資産、負債及び純資産の状況を示す書類である。,貸借対照表は、将来の修繕予定だけを一覧化する書類である。,貸借対照表では、未収金や未払金を記載する意味はない。,2,正解は2です。貸借対照表は、一定時点における資産、負債及び純資産の状況を示す書類です。したがって2が正しいです。1は収支報告書等との混同であり、3と4も貸借対照表の役割を誤っています。
92,single,区分所有法,orig_set05;敷地利用権;standard;single_choice,敷地利用権に関する次の記述のうち、建物の区分所有等に関する法律の規定によれば、正しいものはどれか。,,,,,,敷地利用権は、専有部分とは無関係に、区分所有者が自由に単独処分できる。,敷地利用権は、規約の定めがある場合でも、専有部分の処分と切り離して扱うのが原則である。,区分所有者は、その有する専有部分と分離して敷地利用権を処分することができないのが原則である。,敷地利用権は、共用部分の持分とは異なり、建物区分所有制度とは無関係の権利である。,3,正解は3です。区分所有法では、区分所有者は、その有する専有部分と分離して敷地利用権を処分することができないのが原則です。したがって3が正しいです。1、2、4はいずれも敷地利用権と専有部分の一体性を誤っています。
93,single,建築・設備,orig_set05;給水タンク;standard;comparison_table,給水タンクに関する次の記述のうち、最も適切なものはどれか。,,,,,,給水タンクは、一度設置した後は、内部点検や清掃を考慮する必要がない。,給水タンクの衛生状態は、外壁塗装の色彩計画だけで維持できる。,給水タンクでは、水質管理よりも騒音対策だけを優先すれば足りる。,給水タンクでは、外部からの汚染を防ぎつつ、清掃や点検が適切に行えるよう維持管理することが重要である。,4,正解は4です。給水タンクでは、水質を良好に保つため、外部からの汚染防止と清掃・点検のしやすさを踏まえた維持管理が重要です。したがって4が最も適切です。1、2、3はいずれも給水設備の衛生管理として不適切です。
94,single,標準管理規約,orig_set05;理事会の権限;standard;case_based,マンション標準管理規約によれば、理事会の権限に属する事項として最も適切なものはどれか。,,,,,,規約を改正して管理費負担割合を変更すること,共用部分の軽微な補修について発注の実施を決めること,次年度の収支予算を最終承認すること,長期修繕計画を新規に作成して確定すること,2,正解は2です。理事会は、通常の管理執行に関する事項や軽微な補修の実施などを扱うことがあります。他方、規約変更、収支予算の承認、長期修繕計画の作成・確定などは総会事項です。したがって2が最も適切です。
95,count,民法・借地借家法,orig_set05;相殺;standard;count,相殺に関する次のアからエまでの記述のうち、民法の規定によれば、正しいものはいくつあるか。,,,,,,一つ,二つ,三つ,四つ,2,正解は2です。正しいのはアとイの二つです。相殺には、双方の債務が同種の目的を有し、相殺適状にあることが必要です。他方、相殺には禁止特約や法定の制限があり得るため、ウは誤りです。エも、相殺は相手方の承諾を常に要するわけではありません。
96,combination,会計・税務,orig_set05;収支報告書;standard;combination,収支報告書に関する次のアからエまでの記述のうち、適切なもののみの組合せはどれか。,,,,,,アとウ,アとエ,イとウ,イとエ,1,正解は1です。アとウが適切です。収支報告書は、一定期間における収入及び支出の状況を示す書類であり、予算比較や前期比較も読解上有用です。イは貸借対照表との混同であり、エも収支内容の読解を不当に単純化しています。
97,single,区分所有法,orig_set05;規約共用部分;standard;case_based,管理員室として用いている附属建物について、管理組合が規約で共用部分として明確化しようとしている。この場合に関する次の記述のうち、建物の区分所有等に関する法律の規定によれば、最も適切なものはどれか。,,,,,,附属建物は、規約で共用部分とすることができず、常に特定の区分所有者の専有部分にしなければならない。,附属建物については、規約により共用部分と定めることがあり得る。,規約共用部分とした場合、その部分は区分所有法の適用対象外となる。,規約共用部分とするには、必ず全区分所有者の専有部分面積が完全に同一でなければならない。,2,正解は2です。区分所有法4条2項により、附属の建物は、規約により共用部分とすることがあり得ます。したがって2が最も適切です。1、3、4はいずれも規約共用部分の考え方を誤っています。
98,combination,建築・設備,orig_set05;排水設備;standard;combination,排水設備に関する次のアからエまでの記述のうち、適切なもののみの組合せはどれか。,,,,,,アとイ,アとウ,イとエ,ウとエ,2,正解は2です。アとウが適切です。排水トラップは封水によって下水臭や害虫の侵入を防止し、横引き排水管には排水を円滑に行うための適切な勾配が必要です。イは通気管の役割を誤っており、エも勾配の考え方として不適切です。
99,combination,標準管理規約,orig_set05;総会出席と代理;standard;combination,総会への出席と議決権行使に関する次のアからエまでの記述のうち、マンション標準管理規約の考え方として適切なもののみの組合せはどれか。,,,,,,アとイ,イとウ,アとエ,ウとエ,3,正解は3です。アとエが適切です。標準管理規約では、組合員は書面又は代理人によって議決権を行使でき、専有部分が共有の場合には議決権を行使すべき者一名を定める整理になります。イとウは、この基本を誤っています。
100,combination,民法・借地借家法,orig_set05;債権譲渡;standard;combination,債権譲渡に関する次のアからエまでの記述のうち、民法の規定によれば、正しいもののみの組合せはどれか。,,,,,,アとウ,アとイ,イとエ,ウとエ,1,正解は1です。アとウが正しいです。民法では、債権は原則として譲渡可能であり、債権譲渡を債務者に対抗するには通知又は承諾が関係します。イは譲渡制限特約の効力を極端に捉え過ぎており、エも債務者の事前承諾がなければ一切譲渡できないとする点で誤りです。
101,count,会計・税務,orig_set06;減価償却不要論点;standard;accounting_table,管理組合会計と減価償却に関する次の記述のうち、最も適切なものはどれか。,,,,,,管理組合会計では、全ての共用部分について企業会計と全く同じ方法で必ず減価償却を行わなければならない。,管理組合会計では、企業会計の考え方をそのまま機械的に適用するのではなく、管理組合会計の目的に即して整理する必要がある。,減価償却をしないなら、貸借対照表や収支報告書を作成する意味はない。,減価償却の論点は、管理組合会計では修繕積立金の使途区分とも無関係である。,2,正解は2です。管理組合会計では、企業会計の論点をそのまま機械的に当てはめるのではなく、管理組合の財産管理や会計報告の目的に即して整理する必要があります。したがって2が最も適切です。1、3、4はいずれも極端です。
102,combination,区分所有法,orig_set06;総会決議要件;standard;combination,集会の決議要件に関する次のアからエまでの記述のうち、建物の区分所有等に関する法律の規定によれば、正しいもののみの組合せはどれか。,,,,,,アとイ,アとウ,イとエ,ウとエ,2,正解は2です。アとウが正しいです。区分所有法では、集会の一般議事は原則として区分所有者及び議決権の各過半数で決し、規約の設定、変更又は廃止は原則として各4分の3以上の多数で決します。したがってイとエは誤りです。
103,single,建築・設備,orig_set06;建築材料;standard;single_choice,建築材料に関する次の記述のうち、最も適切なものはどれか。,,,,,,建築材料は、どの部位に使う場合でも見た目だけで選べばよい。,外部に用いる材料では、耐久性や劣化への配慮は不要である。,建築材料の選定では、用途、耐久性、維持管理性などを考慮することが重要である。,建築材料の違いは、マンションの維持管理にはほとんど影響しない。,3,正解は3です。建築材料の選定では、用途、耐久性、維持管理性などを考慮することが重要です。したがって3が最も適切です。1、2、4はいずれも建築材料の選定や管理の考え方として不適切です。
104,single,標準管理規約,orig_set06;専有部分への立入り;standard;single_choice,専有部分への立入りに関する次の記述のうち、マンション標準管理規約の考え方として最も適切なものはどれか。,,,,,,管理を行うため必要があるときは、必要な範囲で専有部分等への立入りを請求でき、請求を受けた者は正当な理由なく拒んではならない。,専有部分への立入りは、管理上必要であっても常に禁止される。,立入りの必要性がなくても、理事長は自由に専有部分へ立ち入ることができる。,立入り請求を受けた者は、理由の有無を問わず常に拒否できる。,1,正解は1です。標準管理規約では、管理を行うため必要があるときは必要な範囲で専有部分等への立入りを請求でき、請求を受けた者は正当な理由なくこれを拒むことができないと整理されます。したがって1が最も適切です。
105,single,民法・借地借家法,orig_set06;契約不適合責任;standard;single_choice,契約不適合責任に関する次の記述のうち、民法の規定によれば、正しいものはどれか。,,,,,,契約不適合があっても、買主は修補や代替物引渡しを求めることができない。,売主が契約不適合を知りながら告げなかった場合でも、買主は何ら請求できない。,代金減額請求は、契約不適合責任とは無関係の制度である。,買主は、目的物が契約の内容に適合しないときは、一定の場合に代金の減額を請求することができる。,4,正解は4です。民法上、目的物が契約の内容に適合しないとき、買主は追完請求をすることができ、一定の場合には代金の減額を請求することもできます。したがって4が正しいです。1、2、3はいずれも契約不適合責任の基本を誤っています。
106,single,会計・税務,orig_set06;修繕積立金会計;advanced;single_choice,修繕積立金会計に関する次の記述のうち、最も適切なものはどれか。,,,,,,修繕積立金会計は、主として日常の清掃費や電気料を支払うための会計である。,修繕積立金会計は、将来の計画修繕等に備える資金を管理する会計である。,修繕積立金は、その時点の理事長判断で自由に目的外使用してよい。,修繕積立金会計は、管理組合の会計区分とは無関係である。,2,正解は2です。修繕積立金会計は、将来の計画修繕や特別の修繕等に備える資金を管理する会計です。したがって2が最も適切です。1、3、4はいずれも修繕積立金会計の性格を誤っています。
107,single,区分所有法,orig_set06;義務違反者への措置;advanced;precedent_fill,共同生活上の障害が著しく、他の方法によってはその障害を除去することが困難である場合に、区分所有法59条が定める請求は区分所有権等の[　]請求である。この[　]に当てはまるものとして正しいものはどれか。,,,,,,明渡し,使用禁止,差止め,競売,4,正解は4です。区分所有法59条は、一定の場合に区分所有権及び敷地利用権の競売請求を認めています。差止めは57条、使用禁止は58条の論点です。
108,single,建築・設備,orig_set06;断熱結露;advanced;case_based,冬季に北側住戸の窓周辺や壁隅部で結露が頻発している。結露対策として最も適切なものはどれか。,,,,,,結露防止のため、換気設備の使用をできるだけ止める。,外気温だけが原因なので、室内の湿気や断熱状態は考えなくてよい。,開口部や外壁の断熱性を見直すとともに、室内の換気を適切に確保する。,家具配置を変えるだけで、他の対応は不要である。,3,正解は3です。結露は、表面温度の低さと室内湿気の多さが重なると生じやすくなるため、断熱性の向上と換気確保を組み合わせて対策するのが基本です。
109,single,標準管理規約,orig_set06;特別の影響;advanced;case_based,特定の住戸だけに新たな高額負担を課す規約変更をする場合の手続として、最も適切なものはどれか。,,,,,,特別決議さえあれば、影響を受ける区分所有者の承諾は不要である。,一部の区分所有者の権利に特別の影響を及ぼすときは、その者の承諾が必要になる。,理事会が合理的と判断すれば、総会決議自体が不要となる。,特別の影響かどうかは法律問題ではなく、自由裁量で決めてよい。,2,正解は2です。規約変更が一部の区分所有者の権利に特別の影響を及ぼすときは、その区分所有者の承諾が必要です。したがって2が最も適切です。
110,single,民法・借地借家法,orig_set06;使用貸借;advanced;case_based,書面によらない使用貸借に関する次の記述のうち、民法の規定によれば、最も適切なものはどれか。,,,,,,書面によらない使用貸借では、目的物の引渡し前であれば解除が問題となる。,使用貸借では、通常必要費は常に貸主が負担する。,使用貸借は、第三者に自由に使用収益させてよい。,使用貸借は、必ず有償でなければ成立しない。,1,正解は1です。書面によらない使用貸借は、目的物の引渡し前であれば解除することができます。他方、通常必要費は借主が負担するのが原則であり、第三者使用にも制約があります。
111,single,会計・税務,orig_set06;未収入金;basic;comparison_table,未収入金に関する次の記述のうち、最も適切なものはどれか。,,,,,,未収入金は、将来支払うべき費用を表す。,未収入金は、将来の期間分を先にもらった収入である。,未収入金は、既に発生しているが、まだ回収していない収入を表す。,未収入金は、現金出納簿に記録できないので会計上無視する。,3,正解は3です。未収入金は、既に発生しているがまだ回収していない収入を表します。1は未払金、2は前受金に近い説明であり、4も誤りです。
112,single,区分所有法,orig_set06;一部滅失と建替え;basic;single_choice,共用部分の一部滅失後の建物の扱いに関する次の記述のうち、最も適切なものはどれか。,,,,,,一部滅失があれば、当然に建替えしか選択できない。,一部滅失後には復旧の要否が問題となり、建替えをするには別途の決議要件を満たす必要がある。,一部滅失後の対応は理事長が単独で決定する。,一部滅失後には区分所有法は適用されない。,2,正解は2です。一部滅失後には復旧の要否がまず問題となり、建替えは別途の法定決議事項です。したがって2が最も適切です。
113,single,建築・設備,orig_set06;エレベーター保守;basic;comparison_table,エレベーター保守契約に関する次の記述のうち、最も適切なものはどれか。,,,,,,POG契約とFM契約に違いはなく、名称だけが異なる。,POG契約は、常に全面更新費用まで含む。,FM契約は、点検だけを対象とし、修理費等は一切含まない。,POG契約は点検・調整中心で、FM契約は通常の修理や部品取替費用を含む形が多い。,4,正解は4です。実務上、POG契約は点検・調整中心、FM契約は通常の修理や部品取替費用を含む包括型であることが多いです。
114,combination,標準管理規約,orig_set06;役員の任務;basic;combination,役員の任務に関する次のアからエまでの記述のうち、適切なもののみの組合せはどれか。,,,,,,アとウ,アとエ,イとウ,イとエ,1,正解は1です。アとウが適切です。理事長は代表・統括の役割を担い、監事は監査を行います。イとエは誤りです。
115,count,民法・借地借家法,orig_set06;賃貸借の対抗力;basic;count,賃貸借の対抗力に関する次のアからエまでの記述のうち、正しいものはいくつあるか。,,,,,,一つ,二つ,三つ,四つ,2,正解は2です。正しいのはアとイの二つです。建物賃貸借は建物の引渡しにより、また不動産賃貸借は登記により、第三者に対抗できる場合があります。ウとエは誤りです。
116,combination,会計・税務,orig_set06;源泉徴収;standard;combination,源泉徴収に関する次のアからエまでの記述のうち、適切なもののみの組合せはどれか。,,,,,,アとイ,イとウ,アとエ,ウとエ,3,正解は3です。アとエが適切です。源泉徴収の要否は支払内容等に応じて個別に判断する必要があり、会計処理だけでなく税務上の整理も求められます。イとウのような一律整理は不適切です。
117,single,区分所有法,orig_set06;管理者;standard;case_based,管理者の地位に関する次の記述のうち、建物の区分所有等に関する法律の規定によれば、最も適切なものはどれか。,,,,,,管理者は、規約又は集会の決議により選任され、共用部分の保存や集会決議の実行に関わる。,管理者は、全区分所有者の個別書面同意がなければ選任できない。,管理者には代表権や保存行為権限は一切ない。,管理者は、専有部分の処分を自由に決める権限を持つ。,1,正解は1です。区分所有法では、管理者は規約又は集会の決議で選任され、共用部分の保存や集会決議の実行などの事務を担います。2、3、4は誤りです。
118,combination,建築・設備,orig_set06;配管更新;standard;combination,配管更新工事に関する次のアからエまでの記述のうち、適切なもののみの組合せはどれか。,,,,,,アとイ,イとウ,アとエ,ウとエ,4,正解は4です。ウとエが適切です。配管更新では、専有部分との接続部や復旧範囲の調整、断水等に伴う工程調整や周知が重要です。アとイは誤りです。
119,single,標準管理規約,orig_set06;議事録;standard;single_choice,総会議事録に関する次の記述のうち、最も適切なものはどれか。,,,,,,議事録は管理会社だけが作成し、組合員署名は不要である。,議事録には出席組合員全員の署名が必要である。,議事録は議長が作成し、議長及び総会で選任された出席組合員2名が署名する。,議事録は理事会承認後でなければ作成してはならない。,3,正解は3です。標準管理規約では、議事録は議長が作成し、議長と総会で選任された出席組合員2名が署名します。
120,combination,民法・借地借家法,orig_set06;相続と債務承継;standard;combination,相続と債務承継に関する次のアからエまでの記述のうち、正しいもののみの組合せはどれか。,,,,,,アとイ,アとウ,イとエ,ウとエ,2,正解は2です。アとウが正しいです。相続人は原則として権利義務を包括承継し、限定承認又は相続放棄は3か月以内に行うのが原則です。イとエは誤りです。
121,count,会計・税務,orig_set07;保険料処理;standard;accounting_table,保険料の会計処理に関する次の記述のうち、最も適切なものはどれか。,,,,,,翌年度分を含む保険料も、全額を当年度費用にするのが唯一の方法である。,翌年度分を含む保険料を支払った場合は、期間対応を踏まえて前払費用として整理することがある。,保険料は、支払時期にかかわらず常に修繕積立金会計で処理する。,保険料処理では、支払内容や対象期間を考える必要はない。,2,正解は2です。複数期間に対応する保険料を前払いした場合には、期間対応を踏まえて前払費用として整理することがあります。したがって2が最も適切です。
122,combination,区分所有法,orig_set07;規約設定変更;standard;combination,規約の設定又は変更に関する次のアからエまでの記述のうち、正しいもののみの組合せはどれか。,,,,,,アとウ,アとエ,イとウ,イとエ,1,正解は1です。アとウが正しいです。規約変更は原則として各4分の3以上の決議によるほか、特別の影響があるときは承諾が必要です。
123,single,建築・設備,orig_set07;容積率と延べ面積;standard;single_choice,容積率に関する次の記述のうち、正しいものはどれか。,,,,,,容積率は、建築物の延べ面積の敷地面積に対する割合である。,容積率は、建築面積の敷地面積に対する割合である。,容積率は、階数だけで決まる。,容積率は、専有部分面積だけで算定する。,1,正解は1です。容積率は、建築物の延べ面積の敷地面積に対する割合です。2は建ぺい率との混同です。
124,single,標準管理規約,orig_set07;長期修繕計画;standard;case_based,長期修繕計画の見直しに関する次の記述のうち、最も適切なものはどれか。,,,,,,一度作成した長期修繕計画は、建物状況が変わっても見直す必要がない。,長期修繕計画は、理事長個人が秘密に保有すべきものである。,長期修繕計画と修繕積立金見通しは無関係である。,長期修繕計画は、劣化状況や工事実績等を踏まえて定期的に見直すことが望ましい。,4,正解は4です。長期修繕計画は固定的なものではなく、劣化状況や工事実績等を踏まえて見直すことが望ましい資料です。
125,single,民法・借地借家法,orig_set07;同時履行の抗弁;standard;single_choice,同時履行の抗弁に関する次の記述のうち、正しいものはどれか。,,,,,,同時履行の抗弁は、片務契約にのみ認められる。,双務契約の当事者は、相手方がその債務を履行し又は履行の提供をするまで、自己の債務の履行を拒むことができる。,同時履行の抗弁を主張するには、必ず損害発生が必要である。,相手方の履行提供がなくても、常に履行を続けなければならない。,2,正解は2です。民法533条により、双務契約の当事者は、相手方が履行し又は履行の提供をするまで、自己の債務の履行を拒むことができます。
126,single,会計・税務,orig_set07;管理費収入;standard;single_choice,管理費収入に関する次の記述のうち、最も適切なものはどれか。,,,,,,管理費収入は、共用部分の日常管理に要する経費をまかなうための基本的な財源である。,管理費収入は、原則として大規模修繕工事費だけに充てる。,管理費収入は、管理組合会計とは無関係の預り金である。,管理費収入は、理事長個人が自由に使途を決めてよい。,1,正解は1です。管理費収入は、共用部分の日常管理に要する経費をまかなうための基本的な財源です。2、3、4は誤りです。
127,single,区分所有法,orig_set07;占有者の地位;standard;precedent_fill,区分所有法によれば、占有者は、建物の保存に有害な行為その他[　]に反する行為をしてはならない。この[　]に当てはまるものとして正しいものはどれか。,,,,,,個人の嗜好,賃貸人の指示,共同の利益,理事長の意向,3,正解は3です。区分所有法では、占有者は建物の保存に有害な行為その他共同の利益に反する行為をしてはならないとされています。
128,single,建築・設備,orig_set07;非常用照明;standard;case_based,非常用照明の役割として最も適切なものはどれか。,,,,,,平常時の装飾照明を増やすことだけが目的である。,火災時の消火活動専用で、避難安全とは無関係である。,通常照明がある建物では、停電時対策としての役割はない。,停電時に避難経路の安全を確保するために必要な照明を維持する役割がある。,4,正解は4です。非常用照明は、停電時に避難経路の安全を確保するために必要な照明を維持する設備です。
129,combination,標準管理規約,orig_set07;滞納管理費対応;standard;combination,滞納管理費対応に関する次のアからエまでの記述のうち、適切なもののみの組合せはどれか。,,,,,,アとイ,アとウ,イとエ,ウとエ,2,正解は2です。アとウが適切です。滞納管理費等には、督促や必要に応じた法的手続など段階的対応をとることがあります。イとエは誤りです。
130,single,民法・借地借家法,orig_set07;履行遅滞と解除;standard;case_based,履行遅滞と解除に関する次の記述のうち、最も適切なものはどれか。,,,,,,原則として、相当の期間を定めて履行を催告し、その期間内に履行がなければ解除できる。,履行期を一日過ぎた時点で、常に無催告解除できる。,履行遅滞があっても、解除には相手方の同意が必要である。,履行遅滞では、損害賠償だけが可能で解除は不可能である。,1,正解は1です。履行遅滞による解除は、原則として相当の期間を定めて催告し、その期間内に履行がなければ可能となります。
131,single,会計・税務,orig_set07;勘定科目判定;advanced;comparison_table,勘定科目の判定に関する次の記述のうち、最も適切なものはどれか。,,,,,,勘定科目は、金額の大きさだけで決めるのが原則である。,勘定科目は、その金銭が将来期間に対応するものか、第三者へ渡すものか、未収未払かなどの性質で判定する。,同じ金銭でも、年度ごとに自由に科目を変えてよい。,勘定科目判定では、会計上の意味を考える必要はない。,2,正解は2です。勘定科目は、金額ではなく、その金銭の性質に応じて判定することが重要です。
132,single,区分所有法,orig_set07;団地関係;advanced;single_choice,団地関係に関する次の記述のうち、最も適切なものはどれか。,,,,,,団地内の共有施設でも、他棟との共同管理は一切できない。,共有施設の処分は、各棟理事長が自由に個別決定してよい。,複数棟の共有施設については、団地関係の規律の下で全棟共通事項を処理することがある。,団地関係では、区分所有法は適用されない。,3,正解は3です。団地関係では、複数棟の区分所有者に共通する施設や利害に関する事項を、全体で処理することがあります。
133,single,建築・設備,orig_set07;給排水衛生設備;advanced;comparison_table,給排水衛生設備に関する次の対応のうち、最も適切なものはどれか。,,,,,,トラップ - 封水で下水臭や害虫の侵入を防止する,受水槽 - 排水臭気を屋外へ逃がす設備,通気管 - 排水管内の空気の流れを止める設備,排水ます - 飲用水を一時貯留する設備,1,正解は1です。トラップは封水によって下水臭や害虫の侵入を防止する設備です。他の選択肢は設備の役割を取り違えています。
134,single,標準管理規約,orig_set07;駐車場使用細則;advanced;single_choice,駐車場使用細則に関する次の記述のうち、最も適切なものはどれか。,,,,,,駐車場使用細則は、標準管理規約上予定されていない。,使用料は理事長が都度自由に決めれば足りる。,細則は管理会社が単独で制定するのが原則である。,駐車場の使用方法や使用料等については、細則で定めて運用することがある。,4,正解は4です。駐車場については、使用方法や使用料等を細則で定めて運用することがあります。1、2、3は誤りです。
135,count,民法・借地借家法,orig_set07;無断転貸;advanced;count,無断転貸等に関する次のアからエまでの記述のうち、正しいものはいくつあるか。,,,,,,一つ,二つ,三つ,四つ,2,正解は2です。正しいのはアとイの二つです。賃借権譲渡や転貸には賃貸人の承諾が必要で、無断の場合には解除が問題となります。
136,combination,会計・税務,orig_set07;前受金と預り金;basic;combination,前受金と預り金に関する次のアからエまでの記述のうち、適切なもののみの組合せはどれか。,,,,,,アとイ,アとエ,イとウ,ウとエ,4,正解は4です。ウとエが適切です。前受金は将来期間分の受入れ、預り金は一時的に受け入れて後日支払うべき金銭の整理に用います。
137,single,区分所有法,orig_set07;復旧決議;basic;case_based,共用部分が一部滅失した場合の復旧判断に関する次の記述のうち、最も適切なものはどれか。,,,,,,一部滅失後には、復旧を行うかどうかが問題となり、区分所有者の意思決定が必要となる。,一部滅失があれば、理事長が単独で必ず建替えを決定する。,一部滅失後には、復旧を検討する余地はなく、常に放置が原則である。,一部滅失後には、区分所有法の規律は及ばない。,1,正解は1です。一部滅失後には、復旧を行うかどうかが区分所有者の意思決定事項となります。2、3、4は誤りです。
138,combination,建築・設備,orig_set07;換気設備;basic;combination,換気設備に関する次のアからエまでの記述のうち、適切なもののみの組合せはどれか。,,,,,,アとウ,アとイ,イとエ,ウとエ,1,正解は1です。アとウが適切です。換気は湿気や汚染物質の排出に役立ち、給気経路も重要です。イとエは誤りです。
139,single,標準管理規約,orig_set07;専用使用権;basic;case_based,専用使用権に関する次の記述のうち、最も適切なものはどれか。,,,,,,専用使用部分は専有部分と同一であり、自由増築できる。,専用使用部分は、共用部分等について特定の組合員に使用を認めるもので、規約や細則の制約を受ける。,専用使用権があれば、管理組合の管理対象から外れる。,標準管理規約では、専用使用権は予定されていない。,2,正解は2です。専用使用部分は共用部分等を前提とするため、規約や細則の制約を受けます。1、3、4は誤りです。
140,combination,民法・借地借家法,orig_set07;時効と承認;basic;combination,時効と承認に関する次のアからエまでの記述のうち、正しいもののみの組合せはどれか。,,,,,,アとイ,アとウ,イとエ,ウとエ,2,正解は2です。アとウが正しいです。催告は完成猶予、承認は更新の効果を持ちます。
141,single,管理適正化法,orig_set08;管理業務主任者;basic;single_choice,管理業務主任者に関する次の記述のうち、最も適切なものはどれか。,,,,,,管理業務主任者は、マンション管理業務とは無関係に建築確認だけを行う資格である。,管理業務主任者は、管理受託契約の重要事項説明や管理事務のチェック等に関わる専門職である。,管理業務主任者は、管理組合が置くかどうかを自由に決める私的な肩書にすぎない。,管理業務主任者は、宅地建物取引士と全く同じ制度で、管理適正化法とは無関係である。,2,正解は2です。管理業務主任者は、マンション管理業において、管理受託契約の重要事項説明や管理事務のチェック等に関わる専門職です。したがって2が最も適切です。
142,count,会計・税務,orig_set08;未払金と前払費用;standard;accounting_table,未払金と前払費用に関する次の記述のうち、最も適切なものはどれか。,,,,,,未払金は既に発生した債務で未払いのものであり、前払費用は将来の期間に対応するものを先に支払ったものである。,未払金と前払費用は、どちらも同じ性質なので区別不要である。,前払費用は、既に提供を受けた役務の未払いを表す。,未払金は、将来支払う可能性があるかもしれない金額の予想額を表す。,1,正解は1です。未払金は既に発生した債務で未払いのもの、前払費用は将来の期間に対応するものを先に支払ったものです。
143,combination,区分所有法,orig_set08;競売請求;standard;combination,競売請求に関する次のアからエまでの記述のうち、正しいもののみの組合せはどれか。,,,,,,アとイ,アとエ,イとウ,ウとエ,4,正解は4です。ウとエが正しいです。競売請求は、共同生活上の障害が著しく、他の方法によってはその除去が困難な場合に、集会の決議に基づいて行う最終的な救済手段です。
144,single,建築・設備,orig_set08;駐車場設備;standard;single_choice,駐車場設備に関する次の記述のうち、最も適切なものはどれか。,,,,,,機械式駐車設備は、設置後に保守点検する必要がない。,機械式駐車設備では、事故防止や機能維持のため、定期点検や保守が重要である。,設備の管理責任は利用者だけにあり、管理組合は関与しない。,設備更新の判断は、外観だけで行えば足りる。,2,正解は2です。駐車場設備、とくに機械式駐車設備では、安全確保や機能維持のため、定期点検や保守が重要です。
145,combination,標準管理規約,orig_set08;管理組合会計;standard;combination,管理組合会計に関する次のアからエまでの記述のうち、適切なもののみの組合せはどれか。,,,,,,アとウ,アとエ,イとウ,イとエ,1,正解は1です。アとウが適切です。管理費と修繕積立金は区別して管理し、予算や決算の報告も重要です。イとエは使途を逆にしています。
146,single,民法・借地借家法,orig_set08;定期建物賃貸借;standard;single_choice,定期建物賃貸借に関する次の記述のうち、正しいものはどれか。,,,,,,定期建物賃貸借は、口頭であっても当然に有効である。,定期建物賃貸借では、期間満了後に当然更新される。,定期建物賃貸借は、居住用建物には利用できない。,定期建物賃貸借は、更新がないこととする建物賃貸借であり、公正証書等の書面によって契約する。,4,正解は4です。定期建物賃貸借は、更新がないこととする建物賃貸借であり、公正証書等の書面によって契約します。
147,count,管理適正化法,orig_set08;マンション管理業者の義務;standard;count,マンション管理業者の義務に関する次のアからエまでの記述のうち、適切なものはいくつあるか。,,,,,,一つ,二つ,三つ,四つ,2,正解は2です。正しいのはアとイの二つです。マンション管理業者には、重要事項説明等や管理組合財産の適切な管理などが求められます。登録制や報告義務を否定するウとエは誤りです。
148,single,会計・税務,orig_set08;会計区分;standard;single_choice,会計区分に関する次の記述のうち、最も適切なものはどれか。,,,,,,一般会計と修繕積立金会計を区別する意味はない。,修繕積立金会計は、日常清掃費を支払うための会計である。,日常管理に要する費用と将来の修繕に備える費用は性質が異なるため、会計区分を分けて管理する意義がある。,会計区分は、勘定科目名を増やすためだけに設ける。,3,正解は3です。日常管理費用と将来修繕に備える費用は性質が異なるため、会計区分を分けて管理する意義があります。
149,single,区分所有法,orig_set08;使用禁止請求;standard;precedent_fill,共同生活上の障害が著しいときに、区分所有法58条が定める請求は、専有部分の[　]請求である。この[　]に当てはまるものとして正しいものはどれか。,,,,,,使用禁止,競売,明渡し,差止め,1,正解は1です。区分所有法58条は、専有部分の使用禁止請求を定めています。競売は59条、差止めは57条の論点です。
150,single,建築・設備,orig_set08;コンクリート中性化;standard;case_based,コンクリート中性化に関する次の記述のうち、最も適切なものはどれか。,,,,,,中性化は外観の色むらだけの問題で、耐久性とは無関係である。,中性化が進むと、鉄筋の腐食が生じやすくなり、耐久性上の問題につながることがある。,中性化対策としては、換気設備を止めるのが有効である。,中性化は、コンクリート強度を必ず直ちにゼロにする現象である。,2,正解は2です。中性化が進むと鉄筋腐食が生じやすくなり、ひび割れや剥落など耐久性上の問題につながることがあります。
151,single,標準管理規約,orig_set08;理事長権限;standard;single_choice,理事長の権限に関する次の記述のうち、最も適切なものはどれか。,,,,,,理事長には対外的な代表権はない。,理事長は規約変更や予算決定を常に単独で行える。,理事長は管理組合を代表し業務を統括するが、総会や理事会の権限事項まで自由に単独決定できるわけではない。,理事長の権限は会計帳簿の閲覧に限られる。,3,正解は3です。理事長は管理組合を代表して業務を統括しますが、総会や理事会で決すべき事項まで自由に単独決定できるわけではありません。
152,single,民法・借地借家法,orig_set08;危険負担;standard;case_based,危険負担に関する次の記述のうち、民法の規定によれば、最も適切なものはどれか。,,,,,,不能になっても、債務者は常に反対給付を受ける権利を保持する。,双方の責めに帰することができない事由で履行不能となったときは、債務者は反対給付を受ける権利を失うのが原則である。,危険負担の問題は民法上存在しない。,履行不能の効果は、常に債権者の損害賠償義務だけで決まる。,2,正解は2です。民法536条1項により、双方の責めに帰することができない事由によって履行不能となったときは、債務者は反対給付を受ける権利を失うのが原則です。
153,combination,管理適正化法,orig_set08;重要事項説明;standard;combination,管理受託契約における重要事項説明に関する次のアからエまでの記述のうち、適切なもののみの組合せはどれか。,,,,,,アとウ,アとエ,イとウ,イとエ,1,正解は1です。重要事項説明は契約締結前の重要な手続であり、管理業務主任者の関与が問題となります。イとエは誤りです。
154,single,会計・税務,orig_set08;駐車場使用料処理;standard;comparison_table,駐車場使用料の処理に関する次の記述のうち、最も適切なものはどれか。,,,,,,駐車場使用料は、理事長個人が自由に使途を決められる。,駐車場使用料は、会計区分を考える必要がない。,駐車場使用料は、必ず管理組合外へ渡す預り金である。,駐車場使用料は、規約や細則で定めたルールに従って会計処理する必要がある。,4,正解は4です。駐車場使用料は、規約や細則で定めたルールに従って会計処理する必要があります。
155,single,区分所有法,orig_set08;集会招集;standard;single_choice,集会招集に関する次の記述のうち、最も適切なものはどれか。,,,,,,集会を招集する際には、区分所有者が判断できるよう、招集通知や議題の明示が重要である。,議題は当日まで秘密にしてよく、通知不要である。,規約変更も理事会だけで決めればよく、集会招集は不要である。,一人に口頭連絡すれば全員への通知に代わる。,1,正解は1です。集会招集では、区分所有者が議案内容を踏まえて判断できるよう、招集通知や議題明示が重要です。
156,single,建築・設備,orig_set08;ひび割れ原因;standard;comparison_table,ひび割れ原因に関する次の記述のうち、最も適切なものはどれか。,,,,,,ひび割れ原因は常に一つだけである。,ひび割れは、乾燥収縮、温度変化、不同沈下など複数要因で生じることがある。,ひび割れは汚れだけが原因である。,ひび割れがあっても調査不要である。,2,正解は2です。ひび割れは乾燥収縮、温度変化、不同沈下など複数の要因で生じることがあります。
157,single,標準管理規約,orig_set08;総会決議事項;standard;case_based,総会決議事項として最も適切なものはどれか。,,,,,,次年度の収支予算を承認すること,共用廊下照明の同等品交換を実施すること,清掃日程を一時変更すること,掲示物を貼り替えること,1,正解は1です。収支予算の承認は管理組合運営の重要事項であり、総会決議事項です。
158,count,民法・借地借家法,orig_set08;解除と損害賠償;standard;count,解除と損害賠償に関する次の記述のうち、正しいものはいくつあるか。,,,,,,一つ,二つ,三つ,四つ,2,正解は2です。アとイが正しいです。解除は損害賠償請求を妨げず、原状回復義務が問題となることがあります。
159,single,管理適正化法,orig_set08;契約成立時書面;standard;case_based,管理受託契約成立時の書面に関する次の記述のうち、最も適切なものはどれか。,,,,,,契約成立後の書面は一切不要である。,管理受託契約の成立時には、法に基づく書面交付が問題となる。,重要事項説明をした場合、成立時書面は不要となる。,成立時書面は管理組合が要求したときだけ交付すればよい。,2,正解は2です。管理受託契約では、契約成立時に法に基づく書面交付が問題となります。重要事項説明とは別の手続として整理が必要です。
160,combination,会計・税務,orig_set08;財務諸表読解;advanced;combination,財務諸表読解に関する次のアからエまでの記述のうち、適切なもののみの組合せはどれか。,,,,,,アとイ,イとウ,アとエ,ウとエ,3,正解は3です。アとエが適切です。財務諸表の読解では、収支報告書だけでなく貸借対照表も確認し、未収金や未払金等の残高にも注意する必要があります。
161,single,区分所有法,orig_set09;共用部分持分;advanced;case_based,区分所有者Aが自己の専有部分は残したまま、共用部分持分だけを第三者へ譲渡したいと考えている。この場合に関する次の記述のうち、最も適切なものはどれか。,,,,,,共用部分持分だけを自由に分離譲渡できる。,共用部分持分は専有部分と無関係な独立財産である。,共用部分持分は専有部分の処分に従うのが原則であり、専有部分と切り離して処分することはできない。,共用部分持分は管理組合が自由に再配分できる。,3,正解は3です。共用部分持分は専有部分の処分に従うのが原則で、専有部分と切り離して自由に処分することはできません。
162,combination,建築・設備,orig_set09;耐震対策;advanced;combination,耐震対策に関する次のアからエまでの記述のうち、適切なもののみの組合せはどれか。,,,,,,アとイ,イとウ,アとエ,ウとエ,4,正解は4です。ウとエが適切です。耐震対策では、診断による現状把握と、必要に応じた補強・資金計画の検討が重要です。
163,combination,標準管理規約,orig_set09;修繕積立金取崩し;advanced;combination,修繕積立金の取崩しに関する次のアからエまでの記述のうち、適切なもののみの組合せはどれか。,,,,,,アとウ,アとエ,イとウ,イとエ,1,正解は1です。アとウが適切です。修繕積立金は計画修繕等に充てる性質のもので、経常費へ自由流用するものではありません。
164,combination,民法・借地借家法,orig_set09;請負契約;advanced;combination,請負契約に関する次のアからエまでの記述のうち、正しいもののみの組合せはどれか。,,,,,,アとイ,アとウ,イとエ,ウとエ,2,正解は2です。アとウが正しいです。請負契約は仕事の完成を約し、その結果に対して報酬を支払う契約です。
165,single,管理適正化法,orig_set09;帳簿備付け;advanced;single_choice,マンション管理業者の帳簿備付けに関する次の記述のうち、最も適切なものはどれか。,,,,,,マンション管理業者には、法に基づく帳簿備付け等の業務管理上の義務がある。,帳簿備付けは一切不要であり、口頭説明だけで足りる。,帳簿は、管理会社代表者の個人的メモだけで代用できる。,帳簿備付けは管理組合側の義務であり、管理業者には関係ない。,1,正解は1です。マンション管理業者には、法に基づき帳簿備付け等の業務管理上の義務があります。2、3、4は誤りです。
166,count,会計・税務,orig_set09;消費税;basic;accounting_table,消費税に関する次の記述のうち、最も適切なものはどれか。,,,,,,全ての取引は内容を問わず一律に課税される。,消費税の要否は、取引の内容に応じて個別に整理して検討する必要がある。,管理組合関係の取引では、消費税の検討は不要である。,消費税の処理は、会計科目名だけで決まる。,2,正解は2です。消費税の要否は、取引内容に応じて個別に整理して考える必要があります。
167,combination,区分所有法,orig_set09;専有部分と共用部分;basic;combination,専有部分と共用部分に関する次のアからエまでの記述のうち、正しいもののみの組合せはどれか。,,,,,,アとウ,アとエ,イとウ,イとエ,1,正解は1です。アとウが正しいです。専有部分には構造上及び利用上の独立性が必要であり、附属建物等は規約で共用部分とすることがあります。
168,single,建築・設備,orig_set09;昇降機;basic;single_choice,昇降機に関する次の記述のうち、最も適切なものはどれか。,,,,,,法定検査後は保守点検不要である。,安全確保のため、法定検査だけでなく継続的な保守点検が重要である。,昇降機の故障は専有部分だけの問題である。,更新判断は見た目だけで行えば足りる。,2,正解は2です。昇降機は安全に直結する共用設備であり、法定検査に加えて継続的な保守点検が重要です。
169,single,標準管理規約,orig_set09;管理費と修繕積立金の使途;basic;single_choice,修繕積立金から支出するのが最も適切なものはどれか。,,,,,,共用部分の電気料,管理員人件費,毎年実施する清掃費,外壁等の計画修繕工事に伴う設計監理費,4,正解は4です。外壁等の計画修繕工事に伴う設計監理費は修繕積立金から支出する性質の費用です。
170,single,民法・借地借家法,orig_set09;委任契約;basic;single_choice,委任契約に関する次の記述のうち、正しいものはどれか。,,,,,,委任契約では、結果完成義務だけが問題となる。,委任契約は必ず有償でなければならない。,受任者は注意義務を負わない。,受任者は、善良な管理者の注意をもって委任事務を処理する義務を負う。,4,正解は4です。受任者は、善良な管理者の注意をもって委任事務を処理する義務を負います。
171,count,管理適正化法,orig_set09;標識掲示;basic;count,標識掲示等に関する次のアからエまでの記述のうち、適切なものはいくつあるか。,,,,,,一つ,二つ,三つ,四つ,2,正解は2です。アとウが適切です。標識掲示は管理業者の法的地位等を明らかにする趣旨を持ち、任意の表示ではありません。
172,single,会計・税務,orig_set09;貸借対照表;standard;single_choice,貸借対照表に関する次の記述のうち、最も適切なものはどれか。,,,,,,貸借対照表は、当期の収入支出差額だけを示す。,貸借対照表は、一定時点の資産、負債及び純資産の状況を示す。,貸借対照表は、将来修繕予定だけを一覧化する。,貸借対照表に未収金や未払金を記載する意味はない。,2,正解は2です。貸借対照表は、一定時点の資産、負債及び純資産の状況を示す書類です。
173,single,区分所有法,orig_set09;敷地利用権;standard;precedent_fill,区分所有者は、その有する専有部分と分離して敷地利用権を[　]することができない。この[　]に当てはまるものとして正しいものはどれか。,,,,,,保全,占有,登録,処分,4,正解は4です。区分所有者は、その有する専有部分と分離して敷地利用権を処分することができないのが原則です。
174,single,建築・設備,orig_set09;消防設備;standard;case_based,消防設備の維持管理に関する次の記述のうち、最も適切なものはどれか。,,,,,,消防設備は、非常時に確実に機能するよう、継続的な点検と維持管理が重要である。,消防設備は設置後、点検不要である。,消防設備の管理は居住者個人だけの問題である。,消防設備の不具合は清掃だけで全て解消する。,1,正解は1です。消防設備は、非常時に機能することが重要であり、継続的な点検と維持管理が必要です。
175,single,標準管理規約,orig_set09;理事会の権限;standard;case_based,理事会の権限に属する事項として最も適切なものはどれか。,,,,,,規約変更を決定すること,共用部分の軽微な補修の実施を決めること,次年度収支予算を最終承認すること,長期修繕計画を新規に作成して確定すること,2,正解は2です。理事会は、通常の管理執行に関する事項として、共用部分の軽微な補修実施などを扱うことがあります。
176,single,民法・借地借家法,orig_set09;保証債務;standard;case_based,保証契約に関する次の記述のうち、最も適切なものはどれか。,,,,,,保証契約は、主債務があれば常に口頭だけで有効である。,保証契約には、主債務者の承諾がなければならない。,保証契約は、書面でしなければ効力を生じない。,保証契約は、管理組合相手の契約にだけ書面が必要である。,3,正解は3です。保証契約は、書面でしなければその効力を生じません。
177,combination,管理適正化法,orig_set09;名義貸し;standard;combination,名義貸しに関する次のアからエまでの記述のうち、適切なもののみの組合せはどれか。,,,,,,アとウ,アとエ,イとウ,イとエ,1,正解は1です。アとウが適切です。名義貸しの禁止は、登録制度の信用維持や管理組合保護に関わる重要な論点です。
178,single,会計・税務,orig_set09;収支報告書;standard;comparison_table,収支報告書に関する次の記述のうち、最も適切なものはどれか。,,,,,,収支報告書は、一定期間における収入及び支出の状況を示す書類である。,収支報告書は、一定時点の資産負債だけを示す。,収支報告書では、予算や前期比較は不要である。,収支報告書は、修繕履歴だけを示す。,1,正解は1です。収支報告書は、一定期間における収入及び支出の状況を示す書類です。
179,single,区分所有法,orig_set09;規約共用部分;standard;single_choice,規約共用部分に関する次の記述のうち、正しいものはどれか。,,,,,,附属建物は、規約で共用部分とすることができない。,附属建物その他の部分については、規約で共用部分と定めることがある。,規約共用部分とされた部分は、区分所有法の適用外となる。,規約共用部分にするには、専有部分面積が全て同じでなければならない。,2,正解は2です。附属建物その他の部分については、規約で共用部分と定めることがあります。
180,single,建築・設備,orig_set09;給水タンク;standard;comparison_table,給水タンクに関する次の記述のうち、最も適切なものはどれか。,,,,,,給水タンクは、一度設置すれば内部点検は不要である。,給水タンクの衛生状態は、外壁色の工夫だけで維持できる。,給水タンクでは水質管理より騒音対策だけを重視すれば足りる。,給水タンクでは、外部からの汚染防止と清掃・点検しやすさを踏まえた維持管理が重要である。,4,正解は4です。給水タンクでは、外部からの汚染防止と清掃・点検を踏まえた衛生管理が重要です。
181,combination,標準管理規約,orig_set10;総会出席と代理;standard;combination,総会出席と議決権行使に関する次のアからエまでの記述のうち、適切なもののみの組合せはどれか。,,,,,,アとイ,イとウ,アとエ,ウとエ,3,正解は3です。アとエが適切です。組合員は書面又は代理人によって議決権を行使でき、共有の専有部分では議決権行使者一名を定める整理になります。
182,count,民法・借地借家法,orig_set10;相殺;standard;count,相殺に関する次のアからエまでの記述のうち、正しいものはいくつあるか。,,,,,,一つ,二つ,三つ,四つ,2,正解は2です。正しいのはアとイです。相殺には同種債務や相殺適状が必要であり、常に自由にできるわけではありません。
183,single,管理適正化法,orig_set10;更新登録;standard;case_based,マンション管理業者の更新登録に関する次の記述のうち、最も適切なものはどれか。,,,,,,管理業者登録は一度受ければ永久に有効で、更新不要である。,マンション管理業者の登録には更新の問題があり、継続的に制度上の要件を満たすことが求められる。,更新登録は、管理組合の希望がある場合だけ任意で行う。,更新登録は、管理業務主任者個人の登録制度をいう。,2,正解は2です。マンション管理業者の登録には更新の問題があり、継続的に法制度上の要件を満たすことが求められます。
184,combination,会計・税務,orig_set10;減価償却不要論点;standard;combination,減価償却論点に関する次のアからエまでの記述のうち、適切なもののみの組合せはどれか。,,,,,,アとウ,アとエ,イとウ,イとエ,1,正解は1です。アとウが適切です。管理組合会計では、企業会計を機械的に適用するのではなく、管理組合会計の目的に即して整理します。
185,single,区分所有法,orig_set10;総会決議要件;standard;case_based,集会の一般議事と規約変更の決議要件に関する次の記述のうち、最も適切なものはどれか。,,,,,,一般議事も規約変更も、常に全員一致で決する。,一般議事も規約変更も、常に各過半数で足りる。,一般議事は各4分の3以上、規約変更は各過半数で足りる。,一般議事は原則として各過半数、規約変更は原則として各4分の3以上で決する。,4,正解は4です。一般議事は原則として区分所有者及び議決権の各過半数、規約変更は原則として各4分の3以上で決します。
186,combination,建築・設備,orig_set10;排水設備;standard;combination,排水設備に関する次のアからエまでの記述のうち、適切なもののみの組合せはどれか。,,,,,,アとイ,アとウ,イとエ,ウとエ,2,正解は2です。アとウが適切です。排水トラップは臭気等の侵入を防止し、横引き排水管には適切な勾配が必要です。
187,single,標準管理規約,orig_set10;専有部分への立入り;standard;single_choice,専有部分への立入りに関する次の記述のうち、最も適切なものはどれか。,,,,,,管理を行うため必要があるときは、必要な範囲で専有部分等への立入りを請求でき、請求を受けた者は正当な理由なく拒んではならない。,専有部分への立入りは、管理上必要でも常に禁止される。,理事長は必要性がなくても自由に立ち入れる。,請求を受けた者は、理由を問わず常に拒絶できる。,1,正解は1です。標準管理規約では、必要な範囲で立入りを請求でき、請求を受けた者は正当な理由なく拒めません。
188,combination,民法・借地借家法,orig_set10;債権譲渡;standard;combination,債権譲渡に関する次のアからエまでの記述のうち、正しいもののみの組合せはどれか。,,,,,,アとウ,アとイ,イとエ,ウとエ,1,正解は1です。アとウが正しいです。債権は原則譲渡可能で、債務者への対抗には通知又は承諾が関係します。
189,single,管理適正化法,orig_set10;再委託規制;standard;single_choice,再委託規制に関する次の記述のうち、最も適切なものはどれか。,,,,,,管理業者は、全ての基幹的業務を自由に無制限再委託できる。,管理業者の再委託には、法令上の規制や、管理組合保護の観点からの留意が必要である。,再委託の問題は、管理適正化法とは無関係である。,再委託は、管理組合が同意すれば法律上どのような場合でも自由となる。,2,正解は2です。管理業者の再委託には、法令上の規制や管理組合保護の観点からの留意が必要です。
190,count,会計・税務,orig_set10;修繕積立金会計;advanced;accounting_table,修繕積立金会計に関する次の記述のうち、最も適切なものはどれか。,,,,,,修繕積立金会計は、日常清掃費や電気料支払いのための会計である。,修繕積立金は、理事長判断で自由流用してよい。,修繕積立金会計は、将来の計画修繕や特別の修繕等に備える資金を管理する会計である。,修繕積立金会計は、管理組合会計区分とは無関係である。,3,正解は3です。修繕積立金会計は、将来の計画修繕や特別の修繕等に備える資金を管理する会計です。
191,combination,区分所有法,orig_set10;義務違反者への措置;advanced;combination,義務違反者への措置に関する次のアからエまでの記述のうち、正しいもののみの組合せはどれか。,,,,,,アとイ,アとエ,イとウ,ウとエ,4,正解は4です。ウとエが正しいです。共同利益違反に対しては、差止め、使用禁止、競売請求と段階的な救済手段が設けられています。
192,single,建築・設備,orig_set10;建築材料;advanced;single_choice,建築材料の選定に関する次の記述のうち、最も適切なものはどれか。,,,,,,建築材料は外観だけで選べばよい。,外部材料では耐久性を考える必要はない。,建築材料の選定では、用途、耐久性、維持管理性などを考慮することが重要である。,建築材料の違いは、維持管理にはほとんど影響しない。,3,正解は3です。建築材料の選定では、用途、耐久性、維持管理性などを考慮することが重要です。
193,single,標準管理規約,orig_set10;特別の影響;advanced;case_based,特定住戸だけに新たな高額負担を課す規約変更をする場合の手続として、最も適切なものはどれか。,,,,,,特別決議だけで足り、承諾は不要である。,一部の区分所有者の権利に特別の影響を及ぼすときは、その者の承諾が必要となる。,理事会判断だけで足りる。,特別の影響かどうかは自由裁量で決めてよい。,2,正解は2です。規約変更が一部の区分所有者の権利に特別の影響を及ぼすときは、その区分所有者の承諾が必要です。
194,single,民法・借地借家法,orig_set10;契約不適合責任;advanced;single_choice,契約不適合責任に関する次の記述のうち、最も適切なものはどれか。,,,,,,契約不適合があっても、買主は修補等を求められない。,代金減額請求は契約不適合責任と無関係である。,売主が不適合を知っていた場合でも、買主は何ら請求できない。,契約不適合があるときは、一定の場合に追完請求や代金減額請求が問題となる。,4,正解は4です。契約不適合があるときは、追完請求や一定の場合の代金減額請求などが問題となります。
195,count,管理適正化法,orig_set10;監督処分;advanced;count,監督処分に関する次のアからエまでの記述のうち、適切なものはいくつあるか。,,,,,,一つ,二つ,三つ,四つ,2,正解は2です。アとウが適切です。マンション管理業者には、法令違反等に対する監督処分制度があり、管理組合保護や制度適正化に関わります。
196,single,会計・税務,orig_set10;未収入金;basic;single_choice,未収入金に関する次の記述のうち、最も適切なものはどれか。,,,,,,将来支払う費用を表す。,将来期間分を先にもらった収入を表す。,既に発生しているが、まだ回収していない収入を表す。,会計上無視してよい。,3,正解は3です。未収入金は、既に発生しているがまだ回収していない収入を表します。
197,single,区分所有法,orig_set10;一部滅失と建替え;basic;precedent_fill,共用部分の一部滅失後には、その[　]をするかどうかが問題となり、建替えはこれと別の決議事項である。この[　]に当てはまるものとして正しいものはどれか。,,,,,,復旧,登記,占有移転,清算,1,正解は1です。一部滅失後には、その復旧をするかどうかがまず問題となり、建替えは別の決議事項です。
198,single,建築・設備,orig_set10;断熱結露;basic;case_based,結露対策として最も適切なものはどれか。,,,,,,換気設備を停止する。,外気温だけを見ればよく、断熱や湿気は考えない。,断熱性を見直すとともに、適切な換気を確保する。,家具配置変更だけで十分である。,3,正解は3です。結露対策では、断熱性の向上と適切な換気確保を組み合わせることが基本です。
199,single,標準管理委託契約書・指針,orig_set10;情報開示;basic;single_choice,標準管理委託契約書・指針に照らし、情報開示に関する次の記述のうち、最も適切なものはどれか。,,,,,,管理受託者は、管理組合に対して業務情報を一切示す必要がない。,管理委託の適正な運営には、管理組合に対する必要な情報開示や説明が重要である。,情報開示は、管理組合が要求したときだけ任意に行えば足りる。,情報開示は、管理受託者個人の秘密保持のため原則禁止される。,2,正解は2です。標準管理委託契約書・指針の考え方では、管理組合に対する必要な情報開示や説明が適正な運営に重要です。
200,combination,標準管理規約,orig_set10;役員の任務;basic;combination,役員の任務に関する次のアからエまでの記述のうち、適切なもののみの組合せはどれか。,,,,,,アとウ,アとエ,イとウ,イとエ,1,正解は1です。アとウが適切です。理事長は代表・統括し、監事は監査を行います。
201,single,民法・借地借家法,orig_set11;使用貸借;basic;case_based,使用貸借に関する次の記述のうち、最も適切なものはどれか。,,,,,,書面によらない使用貸借では、目的物の引渡し前であれば解除が問題となる。,通常必要費は常に貸主が負担する。,第三者に自由に使用収益させてよい。,使用貸借は有償契約である。,1,正解は1です。書面によらない使用貸借は、引渡し前であれば解除することができます。
202,combination,管理適正化法,orig_set11;管理計画認定制度;basic;combination,管理計画認定制度に関する次のアからエまでの記述のうち、適切なもののみの組合せはどれか。,,,,,,アとイ,イとウ,アとエ,ウとエ,3,正解は3です。アとエが適切です。管理計画認定制度は、マンションの管理適正化や管理水準向上を後押しする趣旨を持ちます。
203,single,会計・税務,orig_set11;源泉徴収;standard;comparison_table,源泉徴収に関する次の記述のうち、最も適切なものはどれか。,,,,,,支払内容を問わず、全て源泉徴収不要である。,源泉徴収の要否は、支払内容等に応じて個別に整理して検討する必要がある。,支払内容を問わず、全て源泉徴収が必要である。,会計科目名だけで源泉徴収の要否が決まる。,2,正解は2です。源泉徴収の要否は、支払内容等に応じて個別に整理して検討する必要があります。
204,single,区分所有法,orig_set11;管理者;standard;single_choice,管理者に関する次の記述のうち、最も適切なものはどれか。,,,,,,管理者は、規約又は集会の決議により選任され、共用部分の保存や集会決議の実行等を担う。,管理者は全員一致でしか選任できない。,管理者には代表権も保存行為権限もない。,管理者は専有部分の処分を自由に決められる。,1,正解は1です。管理者は規約又は集会の決議で選任され、共用部分の保存や集会決議の実行等を担います。
205,single,建築・設備,orig_set11;エレベーター保守;standard;comparison_table,エレベーター保守契約に関する次の記述のうち、最も適切なものはどれか。,,,,,,POG契約とFM契約に違いはない。,POG契約は全面更新費用まで含む。,FM契約は点検だけを対象とする。,POG契約は点検・調整中心、FM契約は通常の修理費等を含む形が多い。,4,正解は4です。POG契約は点検・調整中心、FM契約は通常の修理費等を含む包括型であることが多いです。
206,count,標準管理委託契約書・指針,orig_set11;事務管理業務;standard;count,事務管理業務に関する次のアからエまでの記述のうち、適切なものはいくつあるか。,,,,,,一つ,二つ,三つ,四つ,2,正解は2です。アとエが適切です。事務管理業務は、会計事務や報告事務など、管理組合運営の事務的側面を支援する性格を持ちます。
207,single,標準管理規約,orig_set11;議事録;standard;single_choice,議事録に関する次の記述のうち、最も適切なものはどれか。,,,,,,議事録は管理会社だけが作成し、組合員署名は不要である。,議事録には出席組合員全員の署名が必要である。,議事録は議長が作成し、議長及び総会で選任された出席組合員2名が署名する。,議事録は理事会承認後にしか作成できない。,3,正解は3です。議事録は議長が作成し、議長及び総会で選任された出席組合員2名が署名します。
208,count,民法・借地借家法,orig_set11;賃貸借の対抗力;standard;count,賃貸借の対抗力に関する次の記述のうち、正しいものはいくつあるか。,,,,,,一つ,二つ,三つ,四つ,2,正解は2です。アとイが正しいです。建物引渡しや登記が対抗要件として問題となります。
209,single,管理適正化法,orig_set11;マンション管理士;standard;case_based,マンション管理士に関する次の記述のうち、最も適切なものはどれか。,,,,,,マンション管理士は、管理業者登録の代わりに管理業を営む資格である。,マンション管理士は、管理組合等に対して、管理に関する助言、指導その他の援助を行う専門職である。,マンション管理士は、建築確認だけを扱う資格である。,マンション管理士制度は、管理適正化法とは無関係である。,2,正解は2です。マンション管理士は、管理組合等に対して管理に関する助言、指導その他の援助を行う専門職です。
210,combination,会計・税務,orig_set11;保険料処理;standard;combination,保険料処理に関する次のアからエまでの記述のうち、適切なもののみの組合せはどれか。,,,,,,アとウ,アとエ,イとウ,イとエ,1,正解は1です。アとウが適切です。保険料処理では、対象期間や支払内容を確認し、必要に応じて前払費用処理を行います。
211,single,区分所有法,orig_set11;規約設定変更;standard;case_based,規約設定又は変更に関する次の記述のうち、最も適切なものはどれか。,,,,,,常に各過半数で足りる。,原則として各4分の3以上の決議によるほか、特別の影響があるときは承諾を要する。,常に全員一致が必要である。,理事会だけで決定できる。,2,正解は2です。規約設定又は変更は原則として各4分の3以上の決議が必要で、特別の影響があるときは承諾も必要です。
212,combination,建築・設備,orig_set11;配管更新;standard;combination,配管更新に関する次のアからエまでの記述のうち、適切なもののみの組合せはどれか。,,,,,,アとイ,イとウ,アとエ,ウとエ,4,正解は4です。ウとエが適切です。配管更新では、専有部分内接続部との調整や断水等を踏まえた工程調整が重要です。
213,combination,標準管理委託契約書・指針,orig_set11;基幹事務;standard;combination,基幹事務に関する次のアからエまでの記述のうち、適切なもののみの組合せはどれか。,,,,,,アとウ,アとエ,イとウ,イとエ,1,正解は1です。アとウが適切です。基幹事務は管理組合運営上重要な中核的事務であり、適正な実施が重要です。
214,single,標準管理規約,orig_set11;長期修繕計画;standard;case_based,長期修繕計画に関する次の記述のうち、最も適切なものはどれか。,,,,,,一度作成したら見直し不要である。,理事長だけが秘密に保管すべきである。,修繕積立金見通しと無関係である。,劣化状況や工事実績等を踏まえて定期的に見直すことが望ましい。,4,正解は4です。長期修繕計画は固定的なものではなく、劣化状況や工事実績等を踏まえて見直すことが望ましい資料です。
215,combination,民法・借地借家法,orig_set11;相続と債務承継;standard;combination,相続と債務承継に関する次のアからエまでの記述のうち、正しいもののみの組合せはどれか。,,,,,,アとイ,アとウ,イとエ,ウとエ,2,正解は2です。アとウが正しいです。相続人は原則として権利義務を包括承継し、限定承認又は相続放棄は3か月以内に行うのが原則です。
216,single,管理適正化法,orig_set11;主任者証提示;standard;single_choice,管理業務主任者証の提示に関する次の記述のうち、最も適切なものはどれか。,,,,,,管理業務主任者証の提示は、本人が希望するときだけでよい。,管理業務主任者は、法が予定する場面で主任者証の提示が問題となる。,主任者証は管理会社の社内書類なので外部提示不要である。,主任者証提示義務は宅建業法上の制度であり、管理適正化法と無関係である。,2,正解は2です。管理業務主任者は、法が予定する場面で主任者証の提示が問題となります。
217,count,会計・税務,orig_set11;管理費収入;standard;accounting_table,管理費収入に関する次の記述のうち、最も適切なものはどれか。,,,,,,管理費収入は、共用部分の日常管理に要する経費をまかなうための基本的財源である。,管理費収入は、大規模修繕工事費だけに充てる。,管理費収入は、管理組合会計とは無関係の預り金である。,管理費収入の使途は理事長が自由に決める。,1,正解は1です。管理費収入は、共用部分の日常管理に要する経費をまかなう基本的な財源です。
218,combination,区分所有法,orig_set11;占有者の地位;standard;combination,占有者の地位に関する次のアからエまでの記述のうち、正しいもののみの組合せはどれか。,,,,,,アとウ,アとエ,イとウ,イとエ,1,正解は1です。アとウが正しいです。占有者も共同利益義務を負い、一定の場合には請求の対象となります。
219,single,建築・設備,orig_set11;容積率と延べ面積;standard;single_choice,容積率に関する次の記述のうち、正しいものはどれか。,,,,,,容積率は、建築物の延べ面積の敷地面積に対する割合である。,容積率は、建築面積の敷地面積に対する割合である。,容積率は階数だけで決まる。,容積率は専有部分面積だけで算定する。,1,正解は1です。容積率は、建築物の延べ面積の敷地面積に対する割合です。
220,single,標準管理委託契約書・指針,orig_set11;委託業務費;standard;single_choice,委託業務費に関する次の記述のうち、最も適切なものはどれか。,,,,,,委託業務費は、契約で明示する必要がなく管理会社の自由裁量で決めればよい。,委託業務費は、委託業務の内容と対応して契約上明確に整理されることが重要である。,委託業務費は、管理組合への説明を要しない。,委託業務費は、標準管理委託契約書や指針とは無関係である。,2,正解は2です。委託業務費は、委託業務内容との対応関係が契約上明確であることが重要です。
221,combination,標準管理規約,orig_set12;滞納管理費対応;standard;combination,滞納管理費対応に関する次のアからエまでの記述のうち、適切なもののみの組合せはどれか。,,,,,,アとイ,アとウ,イとエ,ウとエ,2,正解は2です。アとウが適切です。滞納管理費等には督促や法的手続など段階的対応を行います。
222,single,民法・借地借家法,orig_set12;同時履行の抗弁;standard;single_choice,同時履行の抗弁に関する次の記述のうち、正しいものはどれか。,,,,,,片務契約にのみ認められる。,双務契約の当事者は、相手方が履行し又は履行の提供をするまで、自己の履行を拒むことができる。,損害が発生しなければ主張できない。,相手方の履行提供がなくても常に履行しなければならない。,2,正解は2です。同時履行の抗弁は、相手方が履行し又は履行の提供をするまで自己の履行を拒める制度です。
223,count,管理適正化法,orig_set12;財産の分別管理;standard;count,財産の分別管理に関する次のアからエまでの記述のうち、適切なものはいくつあるか。,,,,,,一つ,二つ,三つ,四つ,2,正解は2です。アとイが適切です。財産の分別管理は管理組合保護に重要であり、管理業者に求められる基本的義務です。
224,single,会計・税務,orig_set12;勘定科目判定;advanced;single_choice,勘定科目判定に関する次の記述のうち、最も適切なものはどれか。,,,,,,勘定科目は金額の大きさだけで決める。,勘定科目は、その金銭の性質に応じて判定することが重要である。,同じ金銭でも毎年自由に科目を変えてよい。,会計上の意味を考える必要はない。,2,正解は2です。勘定科目は、その金銭の性質に応じて判定することが重要です。
225,single,区分所有法,orig_set12;団地関係;advanced;precedent_fill,同一敷地内の複数棟が共有する施設については、区分所有法上の[　]関係が問題となる。この[　]に当てはまるものとして正しいものはどれか。,,,,,,専有,敷地単独,共有排除,団地,4,正解は4です。同一敷地内の複数棟が共有する施設については、区分所有法上の団地関係が問題となります。
226,single,建築・設備,orig_set12;非常用照明;advanced;case_based,マンションの共用廊下について、停電時の避難安全を確保するため非常用照明の点検を見直すことになった。この点に関する次の記述のうち、最も適切なものはどれか。,,,,,,非常用照明は、平常時の意匠性向上だけを目的として設けられる。,非常用照明は、停電時にも避難経路の安全を確保するために重要である。,非常用照明は、日中に自然光が入る建物では一切不要である。,非常用照明の点検は、区分所有者個人の判断だけで省略できる。,2,正解は2です。非常用照明は、停電時にも避難経路の安全を確保するために重要です。
227,count,標準管理委託契約書・指針,orig_set12;修繕履歴;advanced;count,修繕履歴に関する次のアからエまでの記述のうち、適切なものはいくつあるか。,,,,,,一つ,二つ,三つ,四つ,2,正解は2です。アとウが適切です。修繕履歴は将来の維持管理に役立ち、委託終了時の引継ぎ資料としても重要です。
228,single,標準管理規約,orig_set12;駐車場使用細則;advanced;single_choice,駐車場使用細則に関する次の記述のうち、最も適切なものはどれか。,,,,,,駐車場の利用条件は、理事長が口頭で都度決めれば足りる。,駐車場使用細則は、一部の居住者に有利であれば足り公平性は不要である。,駐車場使用細則では、利用資格や料金、抽選方法などを明確に定めることが重要である。,駐車場使用細則は、管理規約と無関係なので文書化しなくてよい。,3,正解は3です。駐車場使用細則では、利用資格や料金、抽選方法などを公平かつ明確に定めることが重要です。
229,single,民法・借地借家法,orig_set12;履行遅滞と解除;advanced;case_based,売買契約において、買主が代金支払期限を過ぎても支払わないため、売主Aが契約を解除したいと考えている。この場合の履行遅滞と解除に関する次の記述のうち、最も適切なものはどれか。,,,,,,原則として、Aは相当の期間を定めて履行を催告し、その期間内に履行がなければ解除できる。,支払期限を1日でも過ぎれば、催告なしに常に直ちに解除できる。,解除には、債務不履行とは無関係に裁判所の許可が必ず必要である。,履行遅滞では、解除は一切認められない。,1,正解は1です。履行遅滞による解除では、原則として相当の期間を定めた催告をし、その期間内に履行がないことが必要です。
230,combination,管理適正化法,orig_set12;管理事務報告;advanced;combination,管理事務報告に関する次のアからエまでの記述のうち、適切なもののみの組合せはどれか。,,,,,,アとイ,イとエ,ウとエ,アとウ,4,正解は4です。アとウが適切です。管理事務報告は、管理組合への説明責任と透明性確保のため明確に整理して行うことが重要です。
231,single,会計・税務,orig_set12;前受金と預り金;basic;comparison_table,前受金と預り金の区別に関する次の記述のうち、最も適切なものはどれか。,,,,,,前受金と預り金は名称が異なるだけで、会計上の意味は同じである。,前受金は管理組合が一時的に第三者のために預かる金銭である。,前受金は将来の役務提供等に先立って受け入れた金銭、預り金は一時的に預かっている金銭として整理する。,預り金は、必ず管理費収入として処理しなければならない。,3,正解は3です。前受金は将来の役務提供等に先立って受け入れた金銭、預り金は一時的に預かっている金銭として区別します。
232,single,区分所有法,orig_set12;復旧決議;basic;single_choice,区分所有建物の一部滅失後の復旧決議に関する次の記述のうち、最も適切なものはどれか。,,,,,,復旧決議は、区分所有建物の一部が滅失した場合に、その復旧をどうするかを決める場面で問題となる。,復旧決議は、専有部分の模様替えだけを決める制度である。,復旧決議は、管理費の徴収方法を定める決議である。,復旧決議は、駐車場使用者の抽選方法を定めるときに用いる。,1,正解は1です。復旧決議は、区分所有建物の一部滅失後に、その復旧をどうするかを決める場面で問題となります。
233,single,建築・設備,orig_set12;給排水衛生設備;basic;comparison_table,給排水衛生設備に関する次の記述のうち、最も適切なものはどれか。,,,,,,給水設備は、汚水や雑排水を建物外へ排出することを主目的とする。,排水設備は、上水を各住戸へ加圧供給することを主目的とする。,給水設備と排水設備は、維持管理上まったく区別する必要がない。,給水設備は生活用水の供給、排水設備は使用後の水の排出という異なる役割を担う。,4,正解は4です。給水設備は生活用水を供給し、排水設備は使用後の水を排出するという異なる役割を担います。
234,combination,標準管理委託契約書・指針,orig_set12;管理員業務;basic;combination,管理員業務に関する次のアからエまでの記述のうち、適切なもののみの組合せはどれか。,,,,,,アとウ,アとエ,イとウ,イとエ,1,正解は1です。アとウが適切です。管理員業務では、受付、連絡取次ぎ、現場確認、異常時の報告などが基本になります。
235,single,標準管理規約,orig_set12;専用使用権;basic;case_based,区分所有者Aは、バルコニーについて専用使用権があることを理由に、管理組合の承認を得ず大きな囲い込み工事を行おうとしている。この場合の専用使用権に関する次の記述のうち、最も適切なものはどれか。,,,,,,専用使用権があれば、その部分は直ちに専有部分となる。,専用使用権があっても、バルコニーが共用部分であることは変わらず、使用方法には規約や細則上の制約があり得る。,専用使用権があれば、管理組合の承認なしに自由な改造が常に許される。,専用使用権は、駐車場以外には成立しない。,2,正解は2です。専用使用権があってもバルコニーは共用部分であり、規約や細則に基づく使用上の制約を受けます。
236,count,民法・借地借家法,orig_set12;無断転貸;basic;count,無断転貸に関する次のアからエまでの記述のうち、適切なものはいくつあるか。,,,,,,一つ,二つ,三つ,四つ,2,正解は2です。アとウが適切です。賃借人は賃貸人の承諾なく賃借権を譲渡したり賃借物を転貸したりできず、無断転貸は解除が問題となることがあります。
237,single,管理適正化法,orig_set12;管理業務主任者;basic;case_based,管理会社Bが管理受託契約を締結しようとする際、担当者Cは『資格者を関与させずに重要事項説明を済ませればよい』と述べている。この場合の管理業務主任者に関する次の記述のうち、最も適切なものはどれか。,,,,,,管理業務主任者は、管理適正化法とは無関係の資格である。,管理受託契約では、管理業務主任者の関与は常に不要である。,管理業務主任者は、工事監理だけを行う資格である。,管理業務主任者は、法が予定する重要事項説明等の場面で役割を果たす資格者である。,4,正解は4です。管理業務主任者は、管理適正化法が予定する重要事項説明等の場面で役割を果たす資格者です。
238,combination,会計・税務,orig_set12;未払金と前払費用;standard;combination,未払金と前払費用に関する次のアからエまでの記述のうち、正しいもののみの組合せはどれか。,,,,,,アとイ,イとエ,アとウ,ウとエ,3,正解は3です。アとウが正しいです。未払金は未払いの債務、前払費用は将来の役務提供に対応する前払分として整理します。
239,single,区分所有法,orig_set12;競売請求;standard;case_based,区分所有者Aが、長期間にわたり共同生活上の著しい迷惑行為を繰り返し、他の手段では障害の除去が困難な状況になっている。この場合の競売請求に関する次の記述のうち、最も適切なものはどれか。,,,,,,共同利益に反する行為が著しく、他の方法では障害の除去が困難な場合には、競売請求が問題となることがある。,競売請求は、管理費を1回滞納しただけで当然に認められる。,競売請求は、共用部分の軽微な使用ルール違反で直ちに認められる。,区分所有法には競売請求という制度は存在しない。,1,正解は1です。競売請求は、共同利益に反する行為が著しく、他の方法では障害除去が困難な場合に問題となる最終的な措置です。
240,combination,建築・設備,orig_set12;換気設備;standard;combination,換気設備に関する次のアからエまでの記述のうち、適切なもののみの組合せはどれか。,,,,,,アとイ,アとウ,イとエ,ウとエ,2,正解は2です。アとウが適切です。換気設備は室内空気の入替えと湿気の抑制に役立ち、空気環境の維持に重要です。
241,single,標準管理委託契約書・指針,orig_set13;緊急対応;standard;single_choice,標準管理委託契約書等でいう緊急対応に関する次の記述のうち、最も適切なものはどれか。,,,,,,緊急対応は、漏水や設備事故などの際に被害拡大を防ぐための初動措置として重要である。,緊急対応は、緊急時であっても一切行ってはならない。,緊急対応は、必ず管理組合総会の決議を経てからでないと開始できない。,緊急対応は、長期修繕計画の見直しだけを意味する。,1,正解は1です。緊急対応は、漏水や設備事故などで被害拡大を防ぐための初動措置として重要です。
242,combination,標準管理規約,orig_set13;管理組合会計;standard;combination,管理組合会計に関する次のアからエまでの記述のうち、正しいもののみの組合せはどれか。,,,,,,アとイ,イとエ,アとウ,ウとエ,3,正解は3です。アとウが正しいです。管理費は日常管理、修繕積立金は計画修繕等に備える資金という役割の違いがあります。
243,combination,民法・借地借家法,orig_set13;時効と承認;standard;combination,時効と承認に関する次のアからエまでの記述のうち、適切なもののみの組合せはどれか。,,,,,,アとイ,イとエ,ウとエ,アとウ,4,正解は4です。アとウが適切です。債務の承認は、時効の進行に影響を及ぼし、更新事由となることがあります。
244,single,管理適正化法,orig_set13;マンション管理業者の義務;standard;single_choice,マンション管理業者の義務に関する次の記述のうち、最も適切なものはどれか。,,,,,,マンション管理業者は、管理組合財産を自己財産と自由に混在させてよい。,マンション管理業者には、法が定める説明、報告、分別管理などの義務がある。,マンション管理業者には、管理組合への説明責任は一切ない。,マンション管理業者の義務は、宅建業法にしか定められていない。,2,正解は2です。マンション管理業者には、管理適正化法上、説明、報告、分別管理などの基本的義務があります。
245,count,会計・税務,orig_set13;会計区分;standard;accounting_table,会計区分に関する次の記述のうち、最も適切なものはどれか。,,,,,,共用部分の日常清掃費は、原則として修繕積立金会計でのみ処理する。,長期修繕計画に基づく大規模修繕工事費は、原則として管理費会計でのみ処理する。,会計区分は、金額の大小だけで決める。,日常管理に要する費用か、計画的修繕に要する費用かという目的に着目して会計区分を判断する。,4,正解は4です。会計区分は、日常管理に要する費用か、計画的修繕に要する費用かという目的に着目して判断します。
246,combination,区分所有法,orig_set13;使用禁止請求;standard;combination,使用禁止請求に関する次のアからエまでの記述のうち、適切なもののみの組合せはどれか。,,,,,,アとウ,アとエ,イとウ,イとエ,1,正解は1です。アとウが適切です。使用禁止請求は、共同利益に反する行為に対する強い措置であり、軽微な違反で直ちに認められるものではありません。
247,single,建築・設備,orig_set13;駐車場設備;standard;single_choice,駐車場設備に関する次の記述のうち、最も適切なものはどれか。,,,,,,機械式駐車設備は、一度設置すれば点検不要である。,機械式駐車設備は、事故防止と安全確保のため定期点検や適切な保守が重要である。,駐車場設備の安全管理は、管理組合とは無関係である。,駐車場設備は、照明設備と同じ管理だけをすれば十分である。,2,正解は2です。機械式駐車設備は、事故防止と安全確保のため定期点検や適切な保守が重要です。
248,count,標準管理委託契約書・指針,orig_set13;月次報告;standard;count,月次報告に関する次のアからエまでの記述のうち、適切なものはいくつあるか。,,,,,,一つ,二つ,三つ,四つ,2,正解は2です。アとイが適切です。月次報告は、管理状況や会計状況を管理組合が把握するうえで重要な資料です。
249,single,標準管理規約,orig_set13;理事長権限;standard;single_choice,理事長の権限に関する次の記述のうち、最も適切なものはどれか。,,,,,,理事長は、管理組合を代表する立場を有しない。,理事長は、総会や規約に基づく統制を受けず自由に私的判断だけで行動できる。,理事長は、管理組合を代表し、その業務を執行する立場にある。,理事長は、共用部分の保存行為を含め一切の業務に関与しない。,3,正解は3です。理事長は、管理組合を代表し、その業務を執行する立場にあります。
250,single,民法・借地借家法,orig_set13;定期建物賃貸借;standard;single_choice,定期建物賃貸借に関する次の記述のうち、正しいものはどれか。,,,,,,定期建物賃貸借では、契約を公正証書等の書面で行い、更新がない旨についてあらかじめ説明することが問題となる。,定期建物賃貸借では、口頭契約だけで常に有効に成立する。,定期建物賃貸借は、普通建物賃貸借と全く同じで更新が当然にある。,定期建物賃貸借は、居住用建物には一切利用できない。,1,正解は1です。定期建物賃貸借では、書面による契約と、更新がない旨の事前説明が重要です。
251,count,管理適正化法,orig_set13;重要事項説明;standard;count,管理受託契約における重要事項説明に関する次のアからエまでの記述のうち、適切なものはいくつあるか。,,,,,,一つ,二つ,三つ,四つ,2,正解は2です。アとウが適切です。重要事項説明は、契約締結前に管理組合が内容を理解し判断するための重要な手続です。
252,single,会計・税務,orig_set13;駐車場使用料処理;standard;single_choice,駐車場使用料の会計処理に関する次の記述のうち、最も適切なものはどれか。,,,,,,駐車場使用料は、いかなる場合でも理事長の私的裁量で自由に処理してよい。,駐車場使用料は、収入の性質を考えず毎年好きな会計区分に移してよい。,駐車場使用料は、規約や会計方針に照らし、その性質と使途との対応を踏まえて整理することが重要である。,駐車場使用料は、会計帳簿に記載する必要がない。,3,正解は3です。駐車場使用料は、その性質と使途に応じて、規約や会計方針に沿って整理することが重要です。
253,single,区分所有法,orig_set13;集会招集;standard;precedent_fill,区分所有法上、集会の招集通知は、原則として会日より少なくとも[　]日前までに発しなければならない。この[　]に当てはまるものとして正しいものはどれか。,,,,,,1日,3日,5日,7日,4,正解は4です。集会の招集通知は、原則として会日より少なくとも1週間前までに発する必要があります。
254,single,建築・設備,orig_set13;コンクリート中性化;standard;case_based,築年数の進んだマンションで外壁調査を行ったところ、コンクリートの中性化が進行しているおそれが指摘された。この場合の中性化に関する次の記述のうち、最も適切なものはどれか。,,,,,,中性化が進んでも、鉄筋腐食とは無関係である。,コンクリートの中性化が進むと、鉄筋の腐食が生じやすくなるため、維持管理上注意が必要である。,中性化は、塗装の色落ちだけを意味する。,中性化は、木部腐朽と同じ仕組みで進行する。,2,正解は2です。コンクリートの中性化が進むと鉄筋腐食のリスクが高まるため、調査と補修の検討が重要です。
255,combination,標準管理委託契約書・指針,orig_set13;原本保管;standard;combination,原本保管に関する次のアからエまでの記述のうち、適切なもののみの組合せはどれか。,,,,,,アとイ,イとエ,アとウ,ウとエ,3,正解は3です。アとウが適切です。原本保管では所在管理が重要であり、委託終了時の引継ぎも大切です。
256,single,標準管理規約,orig_set13;総会決議事項;standard;case_based,管理組合で、長期的な運営に大きく影響する新たな使用細則の制定を検討している。この場合の総会決議事項に関する次の記述のうち、最も適切なものはどれか。,,,,,,管理組合の基本的なルールに関わる事項は、総会で決議すべきものとして扱われる。,総会決議事項は存在せず、すべて理事長単独で決められる。,使用細則の制定は、常に管理員の判断だけで足りる。,総会決議事項かどうかは、区分所有者数に関係なく毎回自由に変えてよい。,1,正解は1です。管理組合の基本的なルールに関わる事項は、総会で決議すべきものとして扱われます。
257,single,民法・借地借家法,orig_set13;危険負担;standard;case_based,売買契約締結後、引渡し前に目的物が当事者双方に責任のない火災で滅失した。この場合の危険負担に関する次の記述のうち、最も適切なものはどれか。,,,,,,買主は、常に代金全額を支払わなければならない。,債務者がその債務を履行できなくなった場合で、債権者の責めに帰すべき事由がないときは、原則として反対給付を受けることができない。,危険負担の問題は、双務契約では一切生じない。,危険負担が問題になるときは、常に裁判所の許可が必要である。,2,正解は2です。双方に責任のない履行不能では、債務者は原則として反対給付を受けることができません。
258,combination,管理適正化法,orig_set13;契約成立時書面;standard;combination,契約成立時書面に関する次のアからエまでの記述のうち、適切なもののみの組合せはどれか。,,,,,,アとイ,イとエ,ウとエ,アとウ,4,正解は4です。アとウが適切です。契約成立時書面は、成立した契約内容を明確にし、管理組合が確認するために重要です。
259,single,会計・税務,orig_set13;財務諸表読解;advanced;comparison_table,財務諸表の読解に関する次の記述のうち、最も適切なものはどれか。,,,,,,財務諸表は、金額の大小だけでなく、勘定科目の内容や前期比較を踏まえて読むことが重要である。,財務諸表は、残高が記載されていれば内容を確認する必要はない。,財務諸表の読解では、収支と貸借の関係を見る必要はない。,財務諸表は、理事長だけが見れば足り、管理組合は確認しなくてよい。,1,正解は1です。財務諸表は、金額の大小だけでなく、勘定内容や前期比較との関係を踏まえて読むことが重要です。
260,single,区分所有法,orig_set13;共用部分持分;advanced;single_choice,共用部分の持分に関する次の記述のうち、正しいものはどれか。,,,,,,共用部分の持分は、区分所有者の年齢順で決まる。,共用部分の持分は、常に各区分所有者で均等である。,共用部分の持分は、規約に別段の定めがない限り、各区分所有者の専有部分の床面積割合による。,共用部分の持分は、理事長が毎年変更してよい。,3,正解は3です。共用部分の持分は、規約に別段の定めがない限り、専有部分の床面積割合によります。
261,single,建築・設備,orig_set14;ひび割れ原因;advanced;comparison_table,コンクリートのひび割れ原因に関する次の記述のうち、最も適切なものはどれか。,,,,,,ひび割れは、どの部位でも常に同じ原因で発生する。,ひび割れは、乾燥収縮、温度変化、荷重、劣化など原因を見極めて評価することが重要である。,ひび割れ幅や位置を確認する必要はない。,ひび割れがあれば、原因を問わず同じ補修方法で足りる。,2,正解は2です。ひび割れは原因ごとに評価しないと、適切な補修方針を立てられません。
262,single,標準管理委託契約書・指針,orig_set14;管理適正化指針;advanced;single_choice,管理適正化指針に関する次の記述のうち、最も適切なものはどれか。,,,,,,管理適正化指針は、各管理組合に一切関係しない。,管理適正化指針は、管理会社だけが見る内部資料である。,管理適正化指針は、修繕工事の積算単価だけを定める。,管理適正化指針は、マンション管理の適正化に向けた望ましい方向性や考え方を示すものである。,4,正解は4です。管理適正化指針は、マンション管理の望ましい方向性や考え方を示すものです。
263,combination,標準管理規約,orig_set14;修繕積立金取崩し;advanced;combination,修繕積立金の取崩しに関する次のアからエまでの記述のうち、適切なもののみの組合せはどれか。,,,,,,アとウ,アとエ,イとウ,イとエ,1,正解は1です。アとウが適切です。修繕積立金の取崩しは、目的に沿った使用と適切な意思決定が重要です。
264,count,民法・借地借家法,orig_set14;解除と損害賠償;advanced;count,解除と損害賠償に関する次のアからエまでの記述のうち、適切なものはいくつあるか。,,,,,,一つ,二つ,三つ,四つ,2,正解は2です。アとウが適切です。解除は損害賠償請求を妨げず、賠償は要件を踏まえて判断されます。
265,single,管理適正化法,orig_set14;帳簿備付け;advanced;case_based,管理会社Bは、『帳簿は社内メモがあれば十分で、体系的な備付けは不要だ』としている。この場合の帳簿備付けに関する次の記述のうち、最も適切なものはどれか。,,,,,,帳簿備付けは、管理事務の状況を後から確認できるようにするため重要である。,帳簿は、担当者の記憶があれば不要である。,帳簿備付けは、管理組合財産の管理とは無関係である。,帳簿備付けは、契約終了後にまとめて作れば足りる。,1,正解は1です。帳簿備付けは、管理事務の透明性と検証可能性を確保するため重要です。
266,combination,会計・税務,orig_set14;消費税;basic;combination,管理組合会計における消費税に関する次のアからエまでの記述のうち、適切なもののみの組合せはどれか。,,,,,,アとイ,アとウ,イとエ,ウとエ,2,正解は2です。アとウが適切です。消費税は、取引の性質と会計処理方針を踏まえて整理する必要があります。
267,single,区分所有法,orig_set14;専有部分と共用部分;basic;case_based,区分所有者Aは、玄関扉の外側塗装を『自分の専有部分だから自由に変えられる』と考えている。この場合の専有部分と共用部分に関する次の記述のうち、最も適切なものはどれか。,,,,,,玄関扉に関する事項は、常にすべて専有部分に当たる。,専有部分と共用部分の区別は、居住者の好みだけで決まる。,専有部分と共用部分の区別は、建物の構造や利用形態、規約の定めなどを踏まえて判断する。,共用部分であっても、専有部分と同じく個人が自由に改変できる。,3,正解は3です。専有部分と共用部分の区別は、構造や利用形態、規約の定めなどを踏まえて判断します。
268,single,宅建業法,orig_set14;重要事項説明;basic;single_choice,宅建業法上の重要事項説明に関する次の記述のうち、正しいものはどれか。,,,,,,重要事項説明は、原則として宅地建物取引士が行う。,重要事項説明は、資格のない者が自由に行ってよい。,重要事項説明は、契約締結後なら誰が説明してもよい。,重要事項説明は、宅建業法とは無関係の制度である。,1,正解は1です。宅建業法上の重要事項説明は、原則として宅地建物取引士が行います。
269,combination,建築・設備,orig_set14;耐震対策;basic;combination,耐震対策に関する次のアからエまでの記述のうち、適切なもののみの組合せはどれか。,,,,,,アとイ,イとエ,ウとエ,アとウ,4,正解は4です。アとウが適切です。耐震対策では、診断や補強の検討に加え、日常的な備えも大切です。
270,count,標準管理委託契約書・指針,orig_set14;区分所有者の役割;basic;count,マンション管理における区分所有者の役割に関する次のアからエまでの記述のうち、適切なものはいくつあるか。,,,,,,一つ,二つ,三つ,四つ,2,正解は2です。アとウが適切です。マンション管理は、区分所有者の主体的関与と相互協力があってこそ成り立ちます。
271,single,標準管理規約,orig_set14;管理費と修繕積立金の使途;basic;single_choice,管理費と修繕積立金の使途に関する次の記述のうち、最も適切なものはどれか。,,,,,,管理費は、大規模修繕工事にだけ用いるのが原則である。,管理費は日常の維持管理費用に、修繕積立金は計画的な修繕等に充てるのが基本である。,修繕積立金は、理事長の私的判断で自由に流用できる。,管理費と修繕積立金に使途の違いはない。,2,正解は2です。管理費は日常管理に、修繕積立金は計画的な修繕等に充てるのが基本です。
272,combination,民法・借地借家法,orig_set14;請負契約;basic;combination,請負契約に関する次のアからエまでの記述のうち、正しいもののみの組合せはどれか。,,,,,,アとイ,イとエ,アとウ,ウとエ,3,正解は3です。アとウが正しいです。請負は、仕事の完成と報酬の支払を内容とする契約です。
273,single,管理適正化法,orig_set14;標識掲示;basic;single_choice,標識掲示に関する次の記述のうち、最も適切なものはどれか。,,,,,,標識掲示は、管理業者に関する基本情報を外部から確認できるようにするため重要である。,標識掲示は、管理業者が希望するときだけ行えばよい。,標識掲示は、管理組合に知られないよう非公開で行う。,標識掲示は、宅建業法だけの制度であり管理適正化法とは無関係である。,1,正解は1です。標識掲示は、管理業者の基本情報を確認できるようにし、透明性を確保するために重要です。
274,count,会計・税務,orig_set14;貸借対照表;standard;accounting_table,貸借対照表に関する次の記述のうち、最も適切なものはどれか。,,,,,,貸借対照表は、一定期間の収入と支出だけを示す表である。,貸借対照表には、資産や負債を記載する必要がない。,貸借対照表は、将来予算だけを記載するための表である。,貸借対照表は、一定時点における資産、負債その他の財政状態を示す表である。,4,正解は4です。貸借対照表は、一定時点における資産や負債などの財政状態を示します。
275,combination,区分所有法,orig_set14;敷地利用権;standard;combination,敷地利用権に関する次のアからエまでの記述のうち、適切なもののみの組合せはどれか。,,,,,,アとウ,アとエ,イとウ,イとエ,1,正解は1です。アとウが適切です。敷地利用権は、専有部分の所有と密接に結び付く権利です。
276,single,宅建業法,orig_set14;35条書面;standard;case_based,宅建業者Aは、売買契約締結後にまとめて35条書面を交付すればよいと説明している。この場合の35条書面に関する次の記述のうち、最も適切なものはどれか。,,,,,,35条書面は、契約締結後に交付すれば足りる。,35条書面は、契約締結前に重要事項を説明するための書面である。,35条書面は、売主が資格なしで自由に説明すればよい。,35条書面は、37条書面と同じで時期の区別はない。,2,正解は2です。35条書面は、契約締結前に重要事項を説明するための書面です。
277,single,建築・設備,orig_set14;昇降機;standard;single_choice,昇降機に関する次の記述のうち、最も適切なものはどれか。,,,,,,昇降機は、設置後の点検をしなくても安全性は変わらない。,昇降機の保守は、利用者の自己責任で管理組合は関与しない。,昇降機は、事故防止と安全確保のため適切な保守点検が重要である。,昇降機は、共用部分とは無関係なので管理規約の対象外である。,3,正解は3です。昇降機は、事故防止と安全確保のため適切な保守点検が重要です。
278,combination,標準管理委託契約書・指針,orig_set14;専門家活用;standard;combination,マンション管理における専門家活用に関する次のアからエまでの記述のうち、適切なもののみの組合せはどれか。,,,,,,アとイ,イとエ,ウとエ,アとウ,4,正解は4です。アとウが適切です。専門家活用は有効ですが、管理組合の主体的判断と組み合わせることが重要です。
279,single,標準管理規約,orig_set14;理事会の権限;standard;case_based,管理組合で、総会決議を要しない日常的な業務執行の判断を行う必要が生じた。この場合の理事会の権限に関する次の記述のうち、最も適切なものはどれか。,,,,,,理事会は、総会で決めるべき事項を除き、管理組合の業務執行に関する判断を行う機関である。,理事会は存在しても、いかなる事項も判断できない。,理事会は、規約変更のような重要事項も総会なしで常に決定できる。,理事会の権限は、管理員の私的判断に従属する。,1,正解は1です。理事会は、総会で決めるべき事項を除く業務執行について判断する機関です。
280,single,民法・借地借家法,orig_set14;委任契約;standard;single_choice,委任契約に関する次の記述のうち、正しいものはどれか。,,,,,,委任は、必ず有体物を引き渡す契約である。,委任は、仕事の完成を目的とする請負契約と同一である。,委任は、法律行為とは無関係な契約である。,委任は、当事者の一方が法律行為をすることを相手方に委託する契約である。,4,正解は4です。委任は、法律行為をすることを相手方に委託する契約です。
281,count,管理適正化法,orig_set15;名義貸し;standard;count,管理業者の名義貸しに関する次のアからエまでの記述のうち、適切なものはいくつあるか。,,,,,,一つ,二つ,三つ,四つ,2,正解は2です。アとイが適切です。名義貸しは登録制度の信頼性と利用者保護の観点から問題となります。
282,single,会計・税務,orig_set15;収支報告書;standard;single_choice,収支報告書に関する次の記述のうち、最も適切なものはどれか。,,,,,,収支報告書は、一定期間における収入と支出の状況を示す資料である。,収支報告書は、一定時点の資産と負債だけを示す表である。,収支報告書は、将来予算だけを記載する資料である。,収支報告書は、作成しなくても管理組合運営に影響しない。,1,正解は1です。収支報告書は、一定期間における収入と支出の状況を示す資料です。
283,single,区分所有法,orig_set15;規約共用部分;standard;precedent_fill,区分所有法上、規約により共用部分と定められた部分を[　]共用部分という。この[　]に当てはまるものとして正しいものはどれか。,,,,,,専有,規約,法定単独,任意占有,2,正解は2です。規約により共用部分と定められた部分は、規約共用部分といいます。
284,combination,宅建業法,orig_set15;37条書面;standard;combination,37条書面に関する次のアからエまでの記述のうち、適切なもののみの組合せはどれか。,,,,,,アとイ,イとエ,ウとエ,アとウ,4,正解は4です。アとウが適切です。37条書面は、契約成立後に契約内容を明らかにするための書面です。
285,single,建築・設備,orig_set15;消防設備;standard;case_based,マンションで非常ベルや消火器の点検を長期間行っていないことが判明した。この場合の消防設備に関する次の記述のうち、最も適切なものはどれか。,,,,,,消防設備は、見た目に異常がなければ点検不要である。,消防設備は、非常時には使わないのが原則なので維持管理は不要である。,消防設備は、非常時に適切に作動するよう定期点検と維持管理が重要である。,消防設備の管理は、専有部分の問題であり共用部分とは無関係である。,3,正解は3です。消防設備は、非常時に確実に作動するよう定期点検と維持管理が重要です。
286,single,標準管理委託契約書・指針,orig_set15;情報開示;standard;single_choice,管理委託における情報開示に関する次の記述のうち、最も適切なものはどれか。,,,,,,情報開示は、管理組合に混乱を生むので原則不要である。,情報開示は、管理組合が管理状況や契約内容を把握するうえで重要である。,情報開示の対象は、管理会社の判断で毎回秘密にできる。,情報開示は、委託契約とは無関係の概念である。,2,正解は2です。情報開示は、管理組合が管理状況や契約内容を把握するうえで重要です。
287,combination,標準管理規約,orig_set15;総会出席と代理;standard;combination,総会出席と代理に関する次のアからエまでの記述のうち、適切なもののみの組合せはどれか。,,,,,,アとウ,アとエ,イとウ,イとエ,1,正解は1です。アとウが適切です。総会では、規約に沿って代理による議決権行使が認められることがあります。
288,single,民法・借地借家法,orig_set15;保証債務;standard;case_based,AがBの借入債務について保証人となった。この場合の保証債務に関する次の記述のうち、最も適切なものはどれか。,,,,,,保証債務は、主たる債務と無関係に独立して必ず成立する。,保証人は、主たる債務の内容を全く知らなくても常に無制限に責任を負う。,保証債務は、物の引渡し契約だけにしか成立しない。,保証債務は、主たる債務者が履行しない場合に備えて、その債務の履行を担保するための債務である。,4,正解は4です。保証債務は、主たる債務者が履行しない場合に備えて、その債務の履行を担保するためのものです。
289,combination,管理適正化法,orig_set15;更新登録;standard;combination,更新登録に関する次のアからエまでの記述のうち、適切なもののみの組合せはどれか。,,,,,,アとイ,イとエ,アとウ,ウとエ,3,正解は3です。アとウが適切です。更新登録は、管理業者の継続的な適格性確認と情報更新に資する制度です。
290,single,会計・税務,orig_set15;減価償却不要論点;standard;comparison_table,管理組合会計における減価償却不要論点に関する次の記述のうち、最も適切なものはどれか。,,,,,,管理組合会計は、必ず企業会計と全く同じ方法で減価償却をしなければならない。,管理組合会計では、その目的や実務に照らして、企業会計と同じ減価償却処理を当然には前提としない論点がある。,減価償却という考え方は、どの会計でも常に禁止される。,減価償却不要論点は、税法だけの問題で管理組合会計と無関係である。,2,正解は2です。管理組合会計では、その目的や実務に照らし、企業会計と同じ減価償却処理を当然には前提としない論点があります。
291,single,区分所有法,orig_set15;総会決議要件;standard;single_choice,区分所有法上の集会の普通決議に関する次の記述のうち、正しいものはどれか。,,,,,,普通決議は、原則として集会に出席した区分所有者及びその議決権の各過半数で決する。,普通決議は、常に区分所有者全員一致でなければならない。,普通決議と特別決議に要件の違いはない。,普通決議は、理事長の判断だけで代替できる。,1,正解は1です。普通決議は、原則として出席区分所有者及びその議決権の各過半数で決します。
292,single,宅建業法,orig_set15;クーリングオフ;standard;single_choice,宅建業法上のクーリングオフに関する次の記述のうち、最も適切なものはどれか。,,,,,,クーリングオフは、どの売買でも無条件で認められる。,クーリングオフは、一定の場所での申込みや契約に関して買主保護のため認められる制度である。,クーリングオフは、売主のための制度である。,クーリングオフは、宅建業法とは無関係である。,2,正解は2です。クーリングオフは、一定の場面で買主を保護するための制度です。
293,single,建築・設備,orig_set15;給水タンク;standard;comparison_table,給水タンクに関する次の記述のうち、最も適切なものはどれか。,,,,,,給水タンクは、一度設置すれば衛生管理を考える必要がない。,給水タンクは、排水設備と同じなので清掃不要である。,給水タンクの状態確認は、利用者の感覚だけで足りる。,給水タンクは、衛生状態を保つために適切な清掃と点検が重要である。,4,正解は4です。給水タンクは、衛生状態を保つために適切な清掃と点検が重要です。
294,count,標準管理委託契約書・指針,orig_set15;事務管理業務;standard;count,事務管理業務に関する次のアからエまでの記述のうち、適切なものはいくつあるか。,,,,,,一つ,二つ,三つ,四つ,2,正解は2です。アとウが適切です。事務管理業務には、会計事務や報告、運営補助などが含まれます。
295,single,標準管理規約,orig_set15;専有部分への立入り;standard;single_choice,専有部分への立入りに関する次の記述のうち、最も適切なものはどれか。,,,,,,管理組合は、理由がなくてもいつでも専有部分に立ち入れる。,専有部分への立入りは、どのような事情があっても一切認められない。,共用部分の点検や必要な工事等のため、規約に沿って専有部分への立入りが問題となることがある。,専有部分への立入りは、管理員の好奇心のために認められる。,3,正解は3です。必要な点検や工事のため、規約に沿って専有部分への立入りが問題となることがあります。
296,count,民法・借地借家法,orig_set15;相殺;standard;count,相殺に関する次のアからエまでの記述のうち、適切なものはいくつあるか。,,,,,,一つ,二つ,三つ,四つ,2,正解は2です。アとウが適切です。相殺は、同種の債権が対立しているときに対当額で決済する制度です。
297,single,管理適正化法,orig_set15;再委託規制;standard;case_based,管理会社Aは、契約上の中心的な管理事務をほぼ全面的に別業者へ任せようとしている。この場合の再委託規制に関する次の記述のうち、最も適切なものはどれか。,,,,,,管理事務のうち重要なものについては、再委託に制約があり、全面的な丸投げは問題となる。,再委託は、どの業務でも完全に自由で制約がない。,再委託規制は、建築基準法上の制度である。,再委託規制は、管理組合保護とは無関係である。,1,正解は1です。重要な管理事務については再委託に制約があり、全面的な丸投げは問題となります。
298,combination,会計・税務,orig_set15;修繕積立金会計;advanced;combination,修繕積立金会計に関する次のアからエまでの記述のうち、正しいもののみの組合せはどれか。,,,,,,アとイ,イとエ,ウとエ,アとウ,4,正解は4です。アとウが正しいです。修繕積立金会計は、計画修繕資金を管理し、管理費会計と区別して把握します。
299,single,区分所有法,orig_set15;義務違反者への措置;advanced;case_based,区分所有者Aが、共用部分を継続的に私物で占拠し、再三の要請にも応じない。この場合の義務違反者への措置に関する次の記述のうち、最も適切なものはどれか。,,,,,,義務違反があっても、区分所有法上何の措置も問題にならない。,共同利益に反する行為については、差止めなどの措置が問題となることがある。,軽重を問わず直ちに常に競売請求だけが認められる。,義務違反者への対応は、管理員個人の感情で決めてよい。,2,正解は2です。共同利益に反する行為には、差止めなどの措置が問題となることがあります。
300,single,宅建業法,orig_set15;手付金等保全;advanced;case_based,宅建業者Aが自ら売主として宅地を販売し、多額の手付金を受け取ろうとしている。この場合の手付金等保全に関する次の記述のうち、最も適切なものはどれか。,,,,,,自ら売主取引でも、手付金等保全は常に不要である。,手付金等保全は、売主保護のためだけの制度である。,自ら売主として一定額以上の手付金等を受領する場合には、買主保護のため保全措置が問題となる。,手付金等保全は、借地借家法上の制度である。,3,正解は3です。自ら売主として一定額以上の手付金等を受領する場合には、買主保護のため保全措置が問題となります。
301,combination,建築・設備,orig_set16;排水設備;advanced;combination,排水設備に関する次のアからエまでの記述のうち、適切なもののみの組合せはどれか。,,,,,,アとウ,アとエ,イとウ,イとエ,1,正解は1です。アとウが適切です。排水設備では、流下機能を保つことと、点検・清掃による維持管理が重要です。
302,combination,標準管理委託契約書・指針,orig_set16;基幹事務;advanced;combination,基幹事務に関する次のアからエまでの記述のうち、適切なもののみの組合せはどれか。,,,,,,アとイ,イとエ,ウとエ,アとウ,4,正解は4です。アとウが適切です。基幹事務は管理組合財産管理に直結する重要な事務です。
303,single,標準管理規約,orig_set16;特別の影響;advanced;case_based,管理組合が規約変更を検討しているが、一部区分所有者の利用状況に特に大きな影響を与える内容である。この場合の特別の影響に関する次の記述のうち、最も適切なものはどれか。,,,,,,特別の影響があっても、その区分所有者の立場は全く考慮しなくてよい。,規約変更が一部区分所有者に特別の影響を及ぼす場合には、その区分所有者の承諾が問題となる。,特別の影響の有無は、理事長の感覚だけで決めればよい。,特別の影響という考え方は、区分所有法と無関係である。,2,正解は2です。規約変更が一部区分所有者に特別の影響を及ぼす場合には、その承諾が問題となります。
304,combination,民法・借地借家法,orig_set16;債権譲渡;advanced;combination,債権譲渡に関する次のアからエまでの記述のうち、適切なもののみの組合せはどれか。,,,,,,アとイ,イとエ,アとウ,ウとエ,3,正解は3です。アとウが適切です。債権譲渡では、債務者への対抗要件として通知や承諾が重要です。
305,single,管理適正化法,orig_set16;監督処分;advanced;single_choice,管理業者に対する監督処分に関する次の記述のうち、最も適切なものはどれか。,,,,,,監督処分は、法令違反等がある場合に行政が是正や利用者保護のために行う処分である。,監督処分は、管理組合が私的に科す罰金制度である。,監督処分は、管理適正化法とは無関係である。,監督処分は、違反の有無と関係なく無作為に行われる。,1,正解は1です。監督処分は、法令違反等に対し、行政が是正や利用者保護のために行う手段です。
306,count,会計・税務,orig_set16;未収入金;basic;accounting_table,未収入金に関する次の記述のうち、最も適切なものはどれか。,,,,,,未収入金とは、すでに支払った費用をいう。,未収入金とは、すでに収入計上の対象であるが、まだ回収していない金額をいう。,未収入金は、負債の科目である。,未収入金は、会計帳簿に記載する必要がない。,2,正解は2です。未収入金は、すでに収入計上の対象であるが、まだ回収していない金額です。
307,combination,区分所有法,orig_set16;一部滅失と建替え;basic;combination,一部滅失と建替えに関する次のアからエまでの記述のうち、適切なもののみの組合せはどれか。,,,,,,アとイ,イとエ,ウとエ,アとウ,4,正解は4です。アとウが適切です。一部滅失では復旧が問題となり、状況によっては建替えも検討されます。
308,single,品確法・建替円滑化法等,orig_set16;新築住宅の定義;basic;single_choice,品確法上の新築住宅に関する次の記述のうち、最も適切なものはどれか。,,,,,,新築住宅とは、築10年以内の住宅をいう。,新築住宅とは、一度居住に供された住宅でも常に含む。,新築住宅とは、工事完了の日から1年以内で、まだ人の居住の用に供したことのない住宅をいう。,新築住宅という概念は、品確法に存在しない。,3,正解は3です。新築住宅とは、工事完了の日から1年以内で、まだ人の居住の用に供したことのない住宅をいいます。
309,combination,宅建業法,orig_set16;広告規制;basic;combination,宅建業法上の広告規制に関する次のアからエまでの記述のうち、適切なもののみの組合せはどれか。,,,,,,アとウ,アとエ,イとウ,イとエ,1,正解は1です。アとウが適切です。宅建業法では、誇大広告が禁止され、適正な表示が求められます。
310,single,建築・設備,orig_set16;建築材料;basic;single_choice,建築材料に関する次の記述のうち、最も適切なものはどれか。,,,,,,建築材料は、用途や求められる耐久性、維持管理性を踏まえて選定することが重要である。,建築材料は、どこに使うかに関係なくすべて同じ性能で足りる。,建築材料の選定では、耐久性を考える必要はない。,建築材料の違いは、マンション管理に影響しない。,1,正解は1です。建築材料は、用途や耐久性、維持管理性を踏まえて選定することが重要です。
311,single,標準管理委託契約書・指針,orig_set16;委託業務費;basic;single_choice,委託業務費に関する次の記述のうち、最も適切なものはどれか。,,,,,,委託業務費は、何に対する対価かを示す必要がない。,委託業務費は、どの業務の対価かが分かるように契約上明確に整理することが重要である。,委託業務費は、管理会社が毎月自由に変更してよい。,委託業務費は、標準管理委託契約書と無関係である。,2,正解は2です。委託業務費は、どの業務の対価かが分かるよう明確に整理することが重要です。
312,combination,標準管理規約,orig_set16;役員の任務;basic;combination,役員の任務に関する次のアからエまでの記述のうち、適切なもののみの組合せはどれか。,,,,,,アとイ,イとエ,ウとエ,アとウ,4,正解は4です。アとウが適切です。役員は、管理組合運営や財産管理のためにそれぞれの任務を担います。
313,single,民法・借地借家法,orig_set16;契約不適合責任;basic;single_choice,契約不適合責任に関する次の記述のうち、最も適切なものはどれか。,,,,,,契約不適合責任は、引き渡された目的物が契約内容に適合しない場合に問題となる。,契約不適合責任は、常に買主の責任である。,契約不適合責任は、旧来の瑕疵概念と無関係に何の要件もなく成立する。,契約不適合責任は、請負契約にだけ存在する。,1,正解は1です。契約不適合責任は、目的物が契約内容に適合しない場合に問題となります。
314,count,管理適正化法,orig_set16;管理計画認定制度;basic;count,管理計画認定制度に関する次のアからエまでの記述のうち、適切なものはいくつあるか。,,,,,,一つ,二つ,三つ,四つ,2,正解は2です。アとウが適切です。管理計画認定制度は、一定の基準に沿って適切な管理を促す制度です。
315,single,会計・税務,orig_set16;源泉徴収;standard;single_choice,管理組合における源泉徴収に関する次の記述のうち、最も適切なものはどれか。,,,,,,管理組合では、どの支払でも源泉徴収は一切問題にならない。,源泉徴収は、会計処理と無関係に考えなくてよい。,管理組合でも、支払の内容によっては源泉徴収の要否を確認する必要がある。,源泉徴収は、宅建業法だけの制度である。,3,正解は3です。管理組合でも、支払内容によっては源泉徴収の要否を確認する必要があります。
316,single,区分所有法,orig_set16;管理者;standard;precedent_fill,区分所有法では、建物並びにその敷地及び附属施設の管理を行う者を[　]という。この[　]に当てはまるものとして正しいものはどれか。,,,,,,管理者,代理占有者,専用使用者,保存責任者,1,正解は1です。区分所有法では、管理を行う者を管理者といいます。
317,single,品確法・建替円滑化法等,orig_set16;10年瑕疵担保責任;standard;case_based,新築マンションの引渡し後、構造耐力上主要な部分に不具合が見つかった。この場合の10年瑕疵担保責任に関する次の記述のうち、最も適切なものはどれか。,,,,,,新築住宅の基本構造部分に関する責任は、品確法と無関係である。,新築住宅では、基本構造部分等について10年間の責任が問題となる。,責任期間は、常に1年に短縮できる。,10年責任は、賃貸借契約だけの問題である。,2,正解は2です。新築住宅では、基本構造部分等について10年間の責任が問題となります。
318,single,宅建業法,orig_set16;媒介契約;standard;single_choice,媒介契約に関する次の記述のうち、最も適切なものはどれか。,,,,,,媒介契約は、宅建業者が自ら売主になる契約だけをいう。,媒介契約は、常に口頭だけで足りる。,媒介契約は、宅建業法と無関係である。,媒介契約は、宅建業者が依頼を受けて取引の成立に向け媒介を行うための契約である。,4,正解は4です。媒介契約は、宅建業者が依頼を受けて取引成立に向けた媒介を行うための契約です。
319,single,建築・設備,orig_set16;断熱結露;standard;case_based,冬季に外壁際の室内で結露が頻発している。この場合の断熱結露に関する次の記述のうち、最も適切なものはどれか。,,,,,,結露は、断熱不足や換気不足、室内外の温度差などが関係して生じることがある。,結露は、断熱や換気と無関係に偶然だけで生じる。,結露対策として換気を完全に止めるのが有効である。,結露は、建物管理において全く考慮不要である。,1,正解は1です。結露は、断熱不足や換気不足、温度差などが関係して生じることがあります。
320,count,標準管理委託契約書・指針,orig_set16;修繕履歴;standard;count,修繕履歴に関する次のアからエまでの記述のうち、適切なものはいくつあるか。,,,,,,一つ,二つ,三つ,四つ,2,正解は2です。アとウが適切です。修繕履歴は、長期修繕計画や委託終了時の引継ぎに役立ちます。
321,single,標準管理規約,orig_set17;議事録;standard;single_choice,議事録に関する次の記述のうち、最も適切なものはどれか。,,,,,,議事録は、記憶に頼ればよいので作成不要である。,議事録は、会議の経過や決議内容を後から確認できるようにするため重要である。,議事録は、管理組合ではなく外部業者の私物である。,議事録は、総会や理事会とは無関係である。,2,正解は2です。議事録は、会議の経過や決議内容を確認するため重要な記録です。
322,single,民法・借地借家法,orig_set17;使用貸借;standard;case_based,AがBに対し、自宅の一室を無償で使ってよいと約した。この場合の使用貸借に関する次の記述のうち、最も適切なものはどれか。,,,,,,使用貸借は、必ず有償でなければ成立しない。,使用貸借は、宅建業法上の媒介契約である。,使用貸借は、売買契約の一種である。,使用貸借は、当事者の一方が相手方に無償で使用及び収益をさせる契約である。,4,正解は4です。使用貸借は、相手方に無償で物を使用収益させる契約です。
323,combination,管理適正化法,orig_set17;マンション管理士;standard;combination,マンション管理士に関する次のアからエまでの記述のうち、適切なもののみの組合せはどれか。,,,,,,アとウ,アとエ,イとウ,イとエ,1,正解は1です。アとウが適切です。マンション管理士は、マンション管理に関する助言や指導を行う専門家です。
324,single,会計・税務,orig_set17;保険料処理;standard;comparison_table,保険料処理に関する次の記述のうち、最も適切なものはどれか。,,,,,,保険料は、どのような契約でも会計上考える必要がない。,保険料は、保険期間や対象内容を踏まえ、適切な会計処理を検討することが重要である。,保険料は、常に修繕積立金会計だけで処理する。,保険料は、理事長の私費として処理してよい。,2,正解は2です。保険料は、保険期間や対象内容を踏まえて適切に会計処理することが重要です。
325,single,区分所有法,orig_set17;規約設定変更;standard;single_choice,規約の設定又は変更に関する次の記述のうち、最も適切なものはどれか。,,,,,,規約の設定や変更は、管理員が単独で決める。,規約の設定や変更は、区分所有法と無関係である。,規約の設定や変更は、集会の決議によって行う。,規約の設定や変更には、常に裁判所の許可が必要である。,3,正解は3です。規約の設定や変更は、集会の決議によって行います。
326,single,品確法・建替円滑化法等,orig_set17;アフターサービス;standard;precedent_fill,分譲後に不具合が見つかった際、売主等が一定期間補修対応を行う実務上の取扱いを一般に[　]サービスという。この[　]に当てはまるものとして正しいものはどれか。,,,,,,メンテ,アフター,オプション,レジデンス,2,正解は2です。引渡後の補修対応などを行う実務上の取扱いは、一般にアフターサービスといいます。
327,single,宅建業法,orig_set17;宅建士の業務;standard;case_based,宅建業者の従業者Aは、宅建士ではないが『重要事項説明も契約書面の記名も自分がすべて行う』と述べている。この場合の宅建士の業務に関する次の記述のうち、最も適切なものはどれか。,,,,,,重要事項説明等、法が予定する場面では宅建士が関与すべき業務がある。,宅建士の資格は、宅建業務とは無関係である。,重要事項説明は、資格の有無にかかわらず誰でも自由に行える。,宅建士の業務は、マンション清掃だけである。,1,正解は1です。重要事項説明など、法が予定する場面では宅建士が関与すべき業務があります。
328,single,建築・設備,orig_set17;エレベーター保守;standard;comparison_table,エレベーター保守に関する次の記述のうち、最も適切なものはどれか。,,,,,,エレベーターは、停止しなければ保守点検をしなくてよい。,エレベーター保守では、安全装置の確認は不要である。,エレベーター保守は、利用者の自己点検だけで十分である。,エレベーター保守では、定期点検や必要な部品交換を通じて安全性を確保することが重要である。,4,正解は4です。エレベーター保守では、定期点検や必要な部品交換を通じて安全性を確保することが重要です。
329,combination,標準管理委託契約書・指針,orig_set17;管理員業務;standard;combination,管理員業務に関する次のアからエまでの記述のうち、適切なもののみの組合せはどれか。,,,,,,アとイ,イとエ,アとウ,ウとエ,3,正解は3です。アとウが適切です。管理員業務では、受付や連絡、状況確認、報告などが中心になります。
330,single,標準管理規約,orig_set17;長期修繕計画;standard;case_based,管理組合が、今後の大規模修繕の時期や費用見込みを整理したいと考えている。この場合の長期修繕計画に関する次の記述のうち、最も適切なものはどれか。,,,,,,長期修繕計画は、将来の修繕見通しとは無関係である。,長期修繕計画は、将来の修繕時期や内容、費用見込みを整理するために重要である。,長期修繕計画は、一度作ったら絶対に見直してはならない。,長期修繕計画は、管理組合ではなく第三者だけの資料である。,2,正解は2です。長期修繕計画は、将来の修繕時期や内容、費用見込みを整理するために重要です。
331,count,民法・借地借家法,orig_set17;賃貸借の対抗力;standard;count,賃貸借の対抗力に関する次のアからエまでの記述のうち、適切なものはいくつあるか。,,,,,,一つ,二つ,三つ,四つ,2,正解は2です。アとウが適切です。賃貸借を第三者に対抗するには、一定の要件を備える必要があります。
332,single,管理適正化法,orig_set17;主任者証提示;standard;case_based,管理業務主任者Bは、重要事項説明の場面で主任者証を示す必要はないと考えている。この場合の主任者証提示に関する次の記述のうち、最も適切なものはどれか。,,,,,,管理業務主任者は、法が予定する場面で主任者証の提示が問題となる。,主任者証提示は、本人が気分のよいときだけでよい。,主任者証は、社内だけで見れば足り外部提示は不要である。,主任者証提示は、宅建士証だけに関する制度である。,1,正解は1です。管理業務主任者は、法が予定する場面で主任者証の提示が問題となります。
333,combination,会計・税務,orig_set17;管理費収入;standard;combination,管理費収入に関する次のアからエまでの記述のうち、正しいもののみの組合せはどれか。,,,,,,アとイ,イとエ,アとウ,ウとエ,3,正解は3です。アとウが正しいです。管理費収入は、日常管理費用の基本財源であり、修繕積立金と区別して扱います。
334,single,区分所有法,orig_set17;占有者の地位;standard;case_based,賃借人Aが共用部分で継続的に迷惑行為をしている。この場合の占有者の地位に関する次の記述のうち、最も適切なものはどれか。,,,,,,占有者には、区分所有法上の義務は一切及ばない。,占有者にも、共同の利益に反する行為をしてはならないという義務が及ぶ。,占有者は、区分所有者の承諾があれば共同利益に反する行為も自由にできる。,占有者の行為は、管理組合と無関係である。,2,正解は2です。占有者にも、共同の利益に反する行為をしてはならない義務が及びます。
335,combination,品確法・建替円滑化法等,orig_set17;建替組合;standard;combination,建替組合に関する次のアからエまでの記述のうち、適切なもののみの組合せはどれか。,,,,,,アとウ,アとエ,イとウ,イとエ,1,正解は1です。アとウが適切です。建替組合は、建替事業を実施する施行主体として位置付けられます。
336,combination,宅建業法,orig_set17;契約不適合責任特約;standard;combination,宅建業者が自ら売主となる場合の契約不適合責任特約に関する次のアからエまでの記述のうち、適切なもののみの組合せはどれか。,,,,,,アとイ,イとエ,ウとエ,アとウ,4,正解は4です。アとウが適切です。宅建業者が自ら売主となる場合には、買主保護のため特約に制限があります。
337,combination,建築・設備,orig_set17;配管更新;standard;combination,配管更新に関する次のアからエまでの記述のうち、適切なもののみの組合せはどれか。,,,,,,アとイ,イとエ,アとウ,ウとエ,3,正解は3です。アとウが適切です。配管更新では、劣化状況の把握と建物条件に応じた工法選定が重要です。
338,single,標準管理委託契約書・指針,orig_set17;緊急対応;standard;single_choice,緊急対応に関する次の記述のうち、最も適切なものはどれか。,,,,,,緊急対応は、必ず総会決議後でないと開始できない。,緊急対応は、漏水や設備事故などで被害拡大を防ぐための初動措置として重要である。,緊急対応は、平時の議事録作成だけをいう。,緊急対応は、委託実務と無関係である。,2,正解は2です。緊急対応は、被害拡大を防ぐための初動措置として重要です。
339,combination,標準管理規約,orig_set17;滞納管理費対応;standard;combination,滞納管理費対応に関する次のアからエまでの記述のうち、適切なもののみの組合せはどれか。,,,,,,アとウ,アとエ,イとウ,イとエ,1,正解は1です。アとウが適切です。滞納管理費には、督促や必要に応じた法的手続による回収が問題となります。
340,combination,民法・借地借家法,orig_set17;相続と債務承継;standard;combination,相続と債務承継に関する次のアからエまでの記述のうち、適切なもののみの組合せはどれか。,,,,,,アとイ,イとエ,ウとエ,アとウ,4,正解は4です。アとウが適切です。相続では、被相続人の財産上の権利義務を包括的に承継するのが原則です。
341,single,管理適正化法,orig_set18;財産の分別管理;standard;single_choice,財産の分別管理に関する次の記述のうち、最も適切なものはどれか。,,,,,,管理組合財産と自己財産は、便宜上自由に混在させてよい。,分別管理は、管理適正化法と無関係である。,分別管理は、管理組合財産を適切に保護するため重要な考え方である。,分別管理は、管理会社の内部都合だけの問題である。,3,正解は3です。分別管理は、管理組合財産を適切に保護するため重要です。
342,count,会計・税務,orig_set18;勘定科目判定;advanced;accounting_table,勘定科目判定に関する次の記述のうち、最も適切なものはどれか。,,,,,,勘定科目は、その金銭の性質や内容に応じて判定することが重要である。,勘定科目は、金額の大小だけで決める。,勘定科目は、毎回自由に変えても問題ない。,勘定科目の判定は、会計処理と無関係である。,1,正解は1です。勘定科目は、金銭の性質や内容に応じて判定することが重要です。
343,combination,区分所有法,orig_set18;団地関係;advanced;combination,団地関係に関する次のアからエまでの記述のうち、適切なもののみの組合せはどれか。,,,,,,アとイ,イとエ,ウとエ,アとウ,4,正解は4です。アとウが適切です。団地関係は、複数棟が共有する施設の管理などで問題となります。
344,single,品確法・建替円滑化法等,orig_set18;権利変換計画;advanced;single_choice,権利変換計画に関する次の記述のうち、最も適切なものはどれか。,,,,,,権利変換計画は、建物の色彩計画だけを定める。,権利変換計画は、建替え後に各権利者がどのような権利を取得するかを定める計画である。,権利変換計画は、宅建業法上の広告規制の一種である。,権利変換計画は、建替え円滑化法と無関係である。,2,正解は2です。権利変換計画は、建替え後の権利配分を定める計画です。
345,single,宅建業法,orig_set18;自ら売主規制;advanced;single_choice,自ら売主規制に関する次の記述のうち、最も適切なものはどれか。,,,,,,自ら売主規制は、宅建業者より売主保護を強める制度である。,自ら売主規制は、宅建業法と無関係である。,自ら売主規制では、買主保護を一切考えない。,自ら売主規制は、宅建業者が売主となる取引で買主を保護するための特則である。,4,正解は4です。自ら売主規制は、宅建業者が売主となる取引で買主を保護するための特則です。
346,single,建築・設備,orig_set18;容積率と延べ面積;advanced;single_choice,容積率に関する次の記述のうち、正しいものはどれか。,,,,,,容積率は、建築物の延べ面積の敷地面積に対する割合である。,容積率は、建築面積の敷地面積に対する割合である。,容積率は、階数だけで決まる。,容積率は、管理費の割合を示す指標である。,1,正解は1です。容積率は、建築物の延べ面積の敷地面積に対する割合です。
347,count,標準管理委託契約書・指針,orig_set18;月次報告;advanced;count,月次報告に関する次のアからエまでの記述のうち、適切なものはいくつあるか。,,,,,,一つ,二つ,三つ,四つ,2,正解は2です。アとイが適切です。月次報告は、管理状況や会計状況の継続的な把握に役立ちます。
348,single,標準管理規約,orig_set18;駐車場使用細則;advanced;single_choice,駐車場使用細則に関する次の記述のうち、最も適切なものはどれか。,,,,,,駐車場使用細則は、口頭で決めれば文書化不要である。,駐車場使用細則では、利用資格や料金、抽選方法などを明確に定めることが重要である。,駐車場使用細則は、特定人に有利なら公平性は不要である。,駐車場使用細則は、規約と全く無関係である。,2,正解は2です。駐車場使用細則では、利用資格や料金、抽選方法などを明確に定めることが重要です。
349,single,民法・借地借家法,orig_set18;同時履行の抗弁;advanced;single_choice,同時履行の抗弁に関する次の記述のうち、正しいものはどれか。,,,,,,双務契約でも、相手方の履行提供がなくても常に履行しなければならない。,同時履行の抗弁は、片務契約だけに認められる。,同時履行の抗弁には、履行の提供という概念は関係しない。,双務契約の当事者は、相手方が履行し又は履行の提供をするまで、自己の履行を拒むことができる。,4,正解は4です。同時履行の抗弁では、相手方が履行し又は履行の提供をするまで自己の履行を拒むことができます。
350,count,管理適正化法,orig_set18;管理事務報告;advanced;count,管理事務報告に関する次のアからエまでの記述のうち、適切なものはいくつあるか。,,,,,,一つ,二つ,三つ,四つ,2,正解は2です。アとウが適切です。管理事務報告は、説明責任と透明性確保のため明確に整理して行うことが重要です。
351,single,会計・税務,orig_set18;前受金と預り金;basic;single_choice,前受金と預り金に関する次の記述のうち、最も適切なものはどれか。,,,,,,前受金と預り金に会計上の違いはない。,前受金は将来の役務提供等に先立ち受け入れた金銭、預り金は一時的に預かっている金銭として整理する。,前受金は、必ず負債ではなく収益である。,預り金は、常に管理費収入として処理する。,2,正解は2です。前受金は将来の役務提供等に先立ち受け入れた金銭、預り金は一時的に預かっている金銭です。
352,single,判例・横断総合,orig_set18;管理費滞納判例;basic;case_based,管理組合が長期滞納管理費の回収を検討している。この場合の管理費滞納判例・実務に関する次の記述のうち、最も適切なものはどれか。,,,,,,滞納管理費は、管理組合が督促や訴訟等により回収を図る対象となり得る。,滞納管理費は、判例上も一切請求できない。,滞納管理費は、理事長個人の債権である。,滞納管理費は、区分所有法や規約と無関係である。,1,正解は1です。滞納管理費は、管理組合が督促や訴訟等により回収を図る対象となります。
353,single,区分所有法,orig_set18;復旧決議;basic;precedent_fill,区分所有建物の一部が滅失した場合に、その原状回復をどうするかを決める決議を[　]決議という。この[　]に当てはまるものとして正しいものはどれか。,,,,,,保存,取壊し,復旧,敷地利用,3,正解は3です。一部滅失後の原状回復をどうするかを決める決議は、復旧決議です。
354,single,品確法・建替円滑化法等,orig_set18;個人施行;basic;case_based,マンション建替事業の施行形態として個人施行が問題となっている。この場合の個人施行に関する次の記述のうち、最も適切なものはどれか。,,,,,,個人施行は、建替事業の施行形態の一つとして問題となる。,個人施行という概念は存在しない。,個人施行は、宅建業法上の広告規制を意味する。,個人施行は、管理費会計の処理方法である。,1,正解は1です。個人施行は、建替事業の施行形態の一つとして問題となります。
355,single,宅建業法,orig_set18;重要事項説明;basic;case_based,宅建業者Aが、買主Bに対し『契約締結前の説明は不要だ』と述べている。この場合の重要事項説明に関する次の記述のうち、最も適切なものはどれか。,,,,,,重要事項説明は、契約後であればいつでもよい。,重要事項説明は、買主保護と無関係である。,重要事項説明は、宅建業法には定められていない。,重要事項説明は、契約前に相手方が判断できるよう重要事項を説明するための制度である。,4,正解は4です。重要事項説明は、契約前に相手方が重要事項を理解し判断するための制度です。
356,single,建築・設備,orig_set18;非常用照明;basic;case_based,共用廊下の非常用照明の点灯試験を省略しようとしている。この場合の非常用照明に関する次の記述のうち、最も適切なものはどれか。,,,,,,非常用照明は、昼間だけ使う照明なので点検不要である。,非常用照明は、停電時にも避難経路の安全を確保するため重要である。,非常用照明は、装飾のための設備である。,非常用照明は、住戸内だけにあればよい。,2,正解は2です。非常用照明は、停電時にも避難経路の安全を確保するため重要です。
357,combination,標準管理委託契約書・指針,orig_set18;原本保管;basic;combination,原本保管に関する次のアからエまでの記述のうち、適切なもののみの組合せはどれか。,,,,,,アとイ,イとエ,アとウ,ウとエ,3,正解は3です。アとウが適切です。原本保管では所在管理が重要であり、委託終了時の引継ぎも大切です。
358,single,標準管理規約,orig_set18;専用使用権;basic;case_based,区分所有者Aが、バルコニーについて『専用使用権があるから完全に自分の所有部分だ』と主張している。この場合の専用使用権に関する次の記述のうち、最も適切なものはどれか。,,,,,,専用使用権があっても、共用部分であること自体は変わらず、使用方法には規約や細則上の制約があり得る。,専用使用権がある部分は、常に専有部分になる。,専用使用権があれば、管理組合の承認なしに自由に改造できる。,専用使用権は、駐車場にだけ認められる制度である。,1,正解は1です。専用使用権があっても共用部分の性質は変わらず、規約や細則に沿った使用が求められます。
359,single,民法・借地借家法,orig_set18;履行遅滞と解除;basic;case_based,売買契約において代金支払が遅れているため、売主が解除を考えている。この場合の履行遅滞と解除に関する次の記述のうち、最も適切なものはどれか。,,,,,,履行遅滞があっても、解除は一切認められない。,支払期限を1日過ぎたら、常に無催告で解除できる。,原則として、相当の期間を定めて履行を催告し、その期間内に履行がなければ解除できる。,解除には、債務不履行と無関係に裁判所の許可が必ず必要である。,3,正解は3です。履行遅滞による解除では、原則として相当期間を定めた催告が必要です。
360,combination,管理適正化法,orig_set18;管理業務主任者;basic;combination,管理業務主任者に関する次のアからエまでの記述のうち、適切なもののみの組合せはどれか。,,,,,,アとイ,イとエ,ウとエ,アとウ,4,正解は4です。アとウが適切です。管理業務主任者は、マンション管理の適正化を支える資格者です。
361,single,会計・税務,orig_set19;未払金と前払費用;standard;comparison_table,未払金と前払費用に関する次の記述のうち、最も適切なものはどれか。,,,,,,未払金と前払費用は、意味が同じである。,未払金は、将来受ける役務のための前払いである。,前払費用は、常に負債として整理する。,未払金は未払いの債務、前払費用は将来の役務に対応する前払いとして整理する。,4,正解は4です。未払金は未払いの債務、前払費用は将来の役務に対応する前払いとして整理します。
362,single,判例・横断総合,orig_set19;暴力団排除;standard;precedent_fill,マンション管理の実務で、反社会的勢力の関与を排除する考え方を一般に暴力団[　]という。この[　]に当てはまるものとして正しいものはどれか。,,,,,,排除,包含,共有,修繕,1,正解は1です。反社会的勢力の関与を排除する考え方は、一般に暴力団排除といいます。
363,single,区分所有法,orig_set19;競売請求;standard;single_choice,競売請求に関する次の記述のうち、最も適切なものはどれか。,,,,,,競売請求は、軽微なルール違反が1回あれば当然に認められる。,競売請求は、共同利益に反する行為が著しく、他の方法では障害除去が困難な場合に問題となる。,競売請求という制度は存在しない。,競売請求は、管理費会計の処理方法である。,2,正解は2です。競売請求は、共同利益に反する行為が著しく、他の方法では障害除去が困難な場合に問題となります。
364,single,品確法・建替円滑化法等,orig_set19;被災マンション法;standard;precedent_fill,大規模災害で被災した区分所有建物の再建等に関する特別な法律を、一般に被災マンション[　]という。この[　]に当てはまるものとして正しいものはどれか。,,,,,,税,法,積立,規約,2,正解は2です。被災区分所有建物の再建等に関する特別な法律は、一般に被災マンション法と呼ばれます。
365,combination,宅建業法,orig_set19;35条書面;standard;combination,35条書面に関する次のアからエまでの記述のうち、適切なもののみの組合せはどれか。,,,,,,アとイ,イとエ,アとウ,ウとエ,3,正解は3です。アとウが適切です。35条書面は、契約前に重要事項を説明し、判断材料を提供するための書面です。
366,single,建築・設備,orig_set19;給排水衛生設備;standard;comparison_table,給排水衛生設備に関する次の記述のうち、最も適切なものはどれか。,,,,,,給水設備は生活用水を供給し、排水衛生設備は使用後の水を排出する役割を担う。,給水設備は、汚水排出を主目的とする。,排水衛生設備は、上水供給専用である。,給排水衛生設備に役割の違いはない。,1,正解は1です。給水設備は生活用水の供給、排水衛生設備は使用後の水の排出を担います。
367,single,標準管理委託契約書・指針,orig_set19;管理適正化指針;standard;single_choice,管理適正化指針に関する次の記述のうち、最も適切なものはどれか。,,,,,,管理適正化指針は、修繕積立金の金額だけを定める。,管理適正化指針は、マンション管理の望ましい方向性や考え方を示す。,管理適正化指針は、マンション管理と無関係である。,管理適正化指針は、管理会社内部だけの秘密文書である。,2,正解は2です。管理適正化指針は、マンション管理の望ましい方向性や考え方を示します。
368,combination,標準管理規約,orig_set19;管理組合会計;standard;combination,管理組合会計に関する次のアからエまでの記述のうち、正しいもののみの組合せはどれか。,,,,,,アとイ,イとエ,ウとエ,アとウ,4,正解は4です。アとウが正しいです。管理組合会計では、管理費と修繕積立金を区別して扱います。
369,count,民法・借地借家法,orig_set19;無断転貸;standard;count,無断転貸に関する次のアからエまでの記述のうち、適切なものはいくつあるか。,,,,,,一つ,二つ,三つ,四つ,2,正解は2です。アとウが適切です。無断転貸は賃貸人の承諾なくできず、解除が問題となることがあります。
370,single,管理適正化法,orig_set19;マンション管理業者の義務;standard;case_based,マンション管理業者Aは、『管理組合に説明する必要はなく、財産も自社口座と混在で問題ない』と述べている。この場合の管理業者の義務に関する次の記述のうち、最も適切なものはどれか。,,,,,,管理業者には、管理組合への説明や報告の義務はない。,管理業者は、管理組合財産を自己財産と自由に混在させてよい。,管理業者には、説明、報告、分別管理などの基本的義務がある。,管理業者の義務は、宅建業法だけに定められている。,3,正解は3です。管理業者には、説明、報告、分別管理などの基本的義務があります。
371,combination,会計・税務,orig_set19;会計区分;standard;combination,会計区分に関する次のアからエまでの記述のうち、正しいもののみの組合せはどれか。,,,,,,アとイ,イとエ,ウとエ,アとウ,4,正解は4です。アとウが正しいです。会計区分は、日常管理か計画修繕かという目的と性質を踏まえて判断します。
372,combination,判例・横断総合,orig_set19;ペット飼育;standard;combination,ペット飼育に関する次のアからエまでの記述のうち、適切なもののみの組合せはどれか。,,,,,,アとウ,アとエ,イとウ,イとエ,1,正解は1です。アとウが適切です。ペット飼育は、規約や使用細則に基づく制限や共同生活上の調整が問題となります。
373,single,区分所有法,orig_set19;使用禁止請求;standard;case_based,区分所有者Aが、共用部分での迷惑行為を長期間繰り返しており、差止めだけでは改善が見込めない。この場合の使用禁止請求に関する次の記述のうち、最も適切なものはどれか。,,,,,,使用禁止請求という制度は存在しない。,使用禁止請求は、共同利益に反する行為への強い措置として問題となることがある。,軽微な違反が1回あれば常に当然に認められる。,使用禁止請求は、会計処理の一種である。,2,正解は2です。使用禁止請求は、共同利益に反する行為に対する強い措置として問題となることがあります。
374,combination,品確法・建替円滑化法等,orig_set19;再建決議;standard;combination,被災マンションの再建決議に関する次のアからエまでの記述のうち、適切なもののみの組合せはどれか。,,,,,,アとイ,イとエ,ウとエ,アとウ,4,正解は4です。アとウが適切です。被災後の再建では、特別法の規律のもとで再建決議が問題となります。
375,single,宅建業法,orig_set19;37条書面;standard;single_choice,37条書面に関する次の記述のうち、最も適切なものはどれか。,,,,,,37条書面は、契約成立後に契約内容を明らかにするため交付される書面である。,37条書面は、35条書面と同じく契約前に交付する。,37条書面は、口頭合意があれば常に不要である。,37条書面は、宅建業法と無関係である。,1,正解は1です。37条書面は、契約成立後に契約内容を明らかにするため交付される書面です。
376,combination,建築・設備,orig_set19;換気設備;standard;combination,換気設備に関する次のアからエまでの記述のうち、適切なもののみの組合せはどれか。,,,,,,アとイ,アとウ,イとエ,ウとエ,2,正解は2です。アとウが適切です。換気設備は、空気の入替えと湿気対策に重要です。
377,count,標準管理委託契約書・指針,orig_set19;区分所有者の役割;standard;count,マンション管理における区分所有者の役割に関する次のアからエまでの記述のうち、適切なものはいくつあるか。,,,,,,一つ,二つ,三つ,四つ,2,正解は2です。アとウが適切です。マンション管理では、区分所有者の主体的関与と相互協力が重要です。
378,single,標準管理規約,orig_set19;理事長権限;standard;single_choice,理事長権限に関する次の記述のうち、最も適切なものはどれか。,,,,,,理事長は、管理組合を代表する立場にない。,理事長は、総会や規約の統制を受けず自由に行動できる。,理事長は、管理組合を代表し、その業務を執行する立場にある。,理事長は、共用部分の保存行為に一切関与しない。,3,正解は3です。理事長は、管理組合を代表し、その業務を執行する立場にあります。
379,combination,民法・借地借家法,orig_set19;時効と承認;standard;combination,時効と承認に関する次のアからエまでの記述のうち、適切なもののみの組合せはどれか。,,,,,,アとイ,イとエ,ウとエ,アとウ,4,正解は4です。アとウが適切です。債務の承認は、時効更新が問題となる事由です。
380,single,管理適正化法,orig_set19;重要事項説明;standard;single_choice,管理適正化法上の重要事項説明に関する次の記述のうち、最も適切なものはどれか。,,,,,,重要事項説明は、契約締結前に管理組合が内容を理解し判断するために重要な手続である。,重要事項説明は、契約後に行えば足りる。,重要事項説明は、管理組合への説明を要しない。,重要事項説明は、管理適正化法と無関係である。,1,正解は1です。重要事項説明は、契約締結前に内容を理解し判断するための重要な手続です。
381,count,会計・税務,orig_set20;駐車場使用料処理;standard;accounting_table,駐車場使用料の会計処理に関する次の記述のうち、最も適切なものはどれか。,,,,,,駐車場使用料は、記録せず現金管理だけで足りる。,駐車場使用料は、その性質や使途との対応を踏まえて会計処理することが重要である。,駐車場使用料は、毎年自由に別科目へ付け替えてよい。,駐車場使用料は、理事長個人の収入として扱う。,2,正解は2です。駐車場使用料は、性質や使途との対応を踏まえて会計処理することが重要です。
382,single,判例・横断総合,orig_set20;騒音紛争;standard;case_based,住戸Aから深夜に大きな生活騒音が続き、近隣住戸から苦情が出ている。この場合の騒音紛争に関する次の記述のうち、最も適切なものはどれか。,,,,,,生活騒音は、どの程度でも一切問題にできない。,騒音紛争は、管理組合や規約と無関係である。,騒音紛争では、共同生活上の受忍限度や規約・使用細則に基づく調整が問題となる。,騒音があれば、常に直ちに競売請求だけが認められる。,3,正解は3です。騒音紛争では、共同生活上の受忍限度や規約・使用細則に基づく調整が問題となります。
383,combination,区分所有法,orig_set20;集会招集;standard;combination,集会招集に関する次のアからエまでの記述のうち、適切なもののみの組合せはどれか。,,,,,,アとイ,イとエ,ウとエ,アとウ,4,正解は4です。アとウが適切です。集会招集では、通知と一定の準備期間が重要です。
384,single,品確法・建替円滑化法等,orig_set20;新築住宅の定義;standard;single_choice,品確法上の新築住宅に関する次の記述のうち、最も適切なものはどれか。,,,,,,新築住宅とは、工事完了の日から1年以内で、まだ人の居住の用に供したことのない住宅をいう。,新築住宅とは、築5年以内の住宅をいう。,新築住宅には、一度でも居住された住宅を常に含む。,新築住宅という概念は存在しない。,1,正解は1です。新築住宅とは、工事完了の日から1年以内で、まだ人の居住の用に供したことのない住宅です。
385,single,宅建業法,orig_set20;クーリングオフ;standard;case_based,宅建業者Aが自ら売主となる契約について、買主Bが事務所以外の場所で申込みをした。この場合のクーリングオフに関する次の記述のうち、最も適切なものはどれか。,,,,,,クーリングオフは、売主保護のための制度である。,クーリングオフは、一定の場面で買主を保護するための制度である。,クーリングオフは、どの契約でも無条件に認められる。,クーリングオフは、宅建業法と無関係である。,2,正解は2です。クーリングオフは、一定の場面で買主を保護するための制度です。
386,single,建築・設備,orig_set20;駐車場設備;standard;single_choice,駐車場設備に関する次の記述のうち、最も適切なものはどれか。,,,,,,機械式駐車設備は、一度設置すれば点検不要である。,駐車場設備の安全管理は、管理組合と無関係である。,機械式駐車設備は、安全確保のため定期点検や適切な保守が重要である。,駐車場設備は、照明設備と全く同じ管理で足りる。,3,正解は3です。機械式駐車設備は、安全確保のため定期点検や適切な保守が重要です。
387,combination,標準管理委託契約書・指針,orig_set20;専門家活用;standard;combination,専門家活用に関する次のアからエまでの記述のうち、適切なもののみの組合せはどれか。,,,,,,アとウ,アとエ,イとウ,イとエ,1,正解は1です。アとウが適切です。専門家活用は有効ですが、管理組合の主体的判断と組み合わせることが重要です。
388,single,標準管理規約,orig_set20;総会決議事項;standard;case_based,管理組合が、新たな使用細則を制定して居住ルールを変更しようとしている。この場合の総会決議事項に関する次の記述のうち、最も適切なものはどれか。,,,,,,使用細則の制定は、常に管理員が単独で決定する。,管理組合の基本的なルールに関わる事項は、総会で決議すべきものとして扱われる。,総会決議事項は存在しない。,総会決議事項かどうかは、毎回理事長の気分で変えてよい。,2,正解は2です。管理組合の基本的なルールに関わる事項は、総会で決議すべきものとして扱われます。
389,single,民法・借地借家法,orig_set20;定期建物賃貸借;standard;single_choice,定期建物賃貸借に関する次の記述のうち、正しいものはどれか。,,,,,,定期建物賃貸借は、常に口頭契約だけで有効に成立する。,定期建物賃貸借は、普通建物賃貸借と同じで更新が当然にある。,定期建物賃貸借は、居住用建物には使えない。,定期建物賃貸借では、書面による契約と、更新がない旨の事前説明が重要である。,4,正解は4です。定期建物賃貸借では、書面による契約と、更新がない旨の事前説明が重要です。
390,count,管理適正化法,orig_set20;契約成立時書面;standard;count,契約成立時書面に関する次のアからエまでの記述のうち、適切なものはいくつあるか。,,,,,,一つ,二つ,三つ,四つ,2,正解は2です。アとウが適切です。契約成立時書面は、成立した契約内容を明確にし、管理組合が確認するための資料です。
391,single,会計・税務,orig_set20;財務諸表読解;advanced;single_choice,財務諸表読解に関する次の記述のうち、最も適切なものはどれか。,,,,,,財務諸表は、残高だけ見れば内容確認は不要である。,財務諸表は、金額の大小だけでなく勘定科目の内容や前期比較も踏まえて読むことが重要である。,財務諸表では、収支と貸借の関係を見る必要はない。,財務諸表は、理事長だけが見ればよい。,2,正解は2です。財務諸表は、金額だけでなく勘定内容や前期比較を踏まえて読むことが重要です。
392,single,判例・横断総合,orig_set20;専有部分使用制限;advanced;precedent_fill,専有部分の使用であっても、共同の利益に反する場合には一定の[　]が問題となる。この[　]に当てはまるものとして最も適切なものはどれか。,,,,,,無制限化,私有化,制限,売却,3,正解は3です。専有部分の使用であっても、共同の利益に反する場合には一定の制限が問題となります。
393,single,区分所有法,orig_set20;共用部分持分;advanced;precedent_fill,共用部分の持分は、規約に別段の定めがない限り、各区分所有者の専有部分の[　]割合による。この[　]に当てはまるものとして正しいものはどれか。,,,,,,床面積,年齢,在住年数,収入,1,正解は1です。共用部分の持分は、規約に別段の定めがない限り、専有部分の床面積割合によります。
394,single,品確法・建替円滑化法等,orig_set20;10年瑕疵担保責任;advanced;case_based,新築マンションの引渡しから数年後、雨水の浸入を防止する部分に不具合が見つかった。この場合の10年瑕疵担保責任に関する次の記述のうち、最も適切なものはどれか。,,,,,,新築住宅の基本構造部分等に関する責任は、引渡し後すぐに消滅する。,10年責任は、賃貸借だけに問題となる。,10年責任は、品確法と無関係である。,新築住宅では、基本構造部分等について10年間の責任が問題となる。,4,正解は4です。新築住宅では、基本構造部分等について10年間の責任が問題となります。
395,combination,宅建業法,orig_set20;手付金等保全;advanced;combination,手付金等保全に関する次のアからエまでの記述のうち、適切なもののみの組合せはどれか。,,,,,,アとイ,イとエ,アとウ,ウとエ,3,正解は3です。アとウが適切です。手付金等保全は、自ら売主取引における買主保護制度です。
396,single,建築・設備,orig_set20;コンクリート中性化;advanced;case_based,外壁調査でコンクリートの中性化が進行している可能性が指摘された。この場合の中性化に関する次の記述のうち、最も適切なものはどれか。,,,,,,中性化は、塗装の色落ちだけを意味する。,中性化が進むと、鉄筋腐食のリスクが高まるため維持管理上注意が必要である。,中性化と鉄筋腐食は無関係である。,中性化は、木部腐朽と同じ現象である。,2,正解は2です。中性化が進むと鉄筋腐食のリスクが高まるため、維持管理上注意が必要です。
397,single,標準管理委託契約書・指針,orig_set20;情報開示;advanced;single_choice,管理委託における情報開示に関する次の記述のうち、最も適切なものはどれか。,,,,,,情報開示は、管理組合が契約内容や管理状況を把握するため重要である。,情報開示は、管理組合に混乱を与えるので原則不要である。,情報開示の対象は、管理会社の判断で常に秘密にできる。,情報開示は、委託契約と無関係である。,1,正解は1です。情報開示は、管理組合が契約内容や管理状況を把握するため重要です。
398,combination,標準管理規約,orig_set20;修繕積立金取崩し;advanced;combination,修繕積立金の取崩しに関する次のアからエまでの記述のうち、適切なもののみの組合せはどれか。,,,,,,アとイ,イとエ,ウとエ,アとウ,4,正解は4です。アとウが適切です。修繕積立金の取崩しは、目的に沿った使用と適切な意思決定が重要です。
399,single,民法・借地借家法,orig_set20;危険負担;advanced;case_based,売買契約締結後、引渡し前に目的物が当事者双方に責任のない災害で滅失した。この場合の危険負担に関する次の記述のうち、最も適切なものはどれか。,,,,,,債務者がその債務を履行できなくなった場合で、債権者の責めに帰すべき事由がないときは、原則として反対給付を受けることができない。,買主は、常に代金全額を支払わなければならない。,危険負担の問題は、双務契約では一切生じない。,危険負担が問題になるときは、常に裁判所の許可が必要である。,1,正解は1です。双方に責任のない履行不能では、債務者は原則として反対給付を受けることができません。
400,combination,管理適正化法,orig_set20;帳簿備付け;advanced;combination,帳簿備付けに関する次のアからエまでの記述のうち、適切なもののみの組合せはどれか。,,,,,,アとウ,アとエ,イとウ,イとエ,1,正解は1です。アとウが適切です。帳簿備付けは、管理事務の透明性と検証可能性を支える重要な仕組みです。
401,single,会計・税務,orig_set21;消費税;basic;comparison_table,消費税に関する次の記述のうち、最も適切なものはどれか。,,,,,,管理組合会計では、すべての取引を一律に非課税として扱えば足りる。,消費税は、取引の内容や会計処理方針を踏まえて整理する必要がある。,消費税の処理は、帳簿や証憑と無関係である。,消費税は、管理組合では一切問題にならない。,2,正解は2です。消費税は、取引の内容や会計処理方針を踏まえて整理する必要があります。
402,combination,判例・横断総合,orig_set21;説明義務;basic;combination,説明義務に関する次のアからエまでの記述のうち、適切なもののみの組合せはどれか。,,,,,,アとイ,イとエ,アとウ,ウとエ,3,正解は3です。アとウが適切です。重要な判断に影響する事項では、具体的状況に応じて説明義務が問題となります。
403,single,区分所有法,orig_set21;専有部分と共用部分;basic;single_choice,専有部分と共用部分の区別に関する次の記述のうち、最も適切なものはどれか。,,,,,,専有部分と共用部分の区別は、区分所有者の気分で決まる。,専有部分と共用部分の区別は、どの建物でも全く同じで規約は無関係である。,共用部分であっても、専有部分と同じく自由に改変できる。,専有部分と共用部分の区別は、建物の構造、利用形態、規約の定めなどを踏まえて判断する。,4,正解は4です。専有部分と共用部分の区別は、構造や利用形態、規約の定めなどを踏まえて判断します。
404,single,品確法・建替円滑化法等,orig_set21;アフターサービス;basic;precedent_fill,引渡後に一定期間補修対応を行う実務上の取扱いを一般に[　]サービスという。この[　]に当てはまるものとして正しいものはどれか。,,,,,,アフター,ミドル,エンド,ファイナル,1,正解は1です。引渡後の補修対応を行う実務上の取扱いは、一般にアフターサービスといいます。
405,single,宅建業法,orig_set21;広告規制;basic;single_choice,広告規制に関する次の記述のうち、正しいものはどれか。,,,,,,契約を取りたいときは、自由に誇張広告をしてよい。,広告規制は、宅建業法と無関係である。,宅建業者は、著しく事実に相違する表示や著しく有利・優良と誤認させる表示をしてはならない。,広告は、相手方に誤認を与えても問題ない。,3,正解は3です。宅建業者は、著しく事実に相違する表示や著しく有利・優良と誤認させる表示をしてはなりません。
406,single,建築・設備,orig_set21;ひび割れ原因;basic;comparison_table,ひび割れ原因に関する次の記述のうち、最も適切なものはどれか。,,,,,,ひび割れは、乾燥収縮、温度変化、荷重、劣化など原因を見極めて評価することが重要である。,ひび割れは、どの部位でも常に同じ原因で生じる。,ひび割れ幅や位置の確認は不要である。,ひび割れがあれば、原因を問わず同じ補修方法で足りる。,1,正解は1です。ひび割れは、原因を見極めて評価しないと適切な補修方針を立てられません。
407,count,標準管理委託契約書・指針,orig_set21;事務管理業務;basic;count,事務管理業務に関する次のアからエまでの記述のうち、適切なものはいくつあるか。,,,,,,一つ,二つ,三つ,四つ,2,正解は2です。アとウが適切です。事務管理業務には、会計、報告、運営補助などが含まれます。
408,single,標準管理規約,orig_set21;管理費と修繕積立金の使途;basic;single_choice,管理費と修繕積立金の使途に関する次の記述のうち、最も適切なものはどれか。,,,,,,管理費は、大規模修繕工事専用である。,管理費は日常管理に、修繕積立金は計画修繕等に充てるのが基本である。,修繕積立金は、理事長が自由に私的流用してよい。,管理費と修繕積立金に使途の違いはない。,2,正解は2です。管理費は日常管理に、修繕積立金は計画修繕等に充てるのが基本です。
409,count,民法・借地借家法,orig_set21;解除と損害賠償;basic;count,解除と損害賠償に関する次のアからエまでの記述のうち、適切なものはいくつあるか。,,,,,,一つ,二つ,三つ,四つ,2,正解は2です。アとウが適切です。解除は損害賠償請求を妨げず、賠償は要件を踏まえて判断されます。
410,single,管理適正化法,orig_set21;標識掲示;basic;case_based,管理業者Aが『標識掲示は外部から見えなくてもよい』と考えている。この場合の標識掲示に関する次の記述のうち、最も適切なものはどれか。,,,,,,標識掲示は、管理業者に関する基本情報を外部から確認できるようにするため重要である。,標識掲示は、管理業者が希望するときだけ行えばよい。,標識掲示は、管理適正化法と無関係である。,標識掲示は、管理組合に知られないよう非公開で行う。,1,正解は1です。標識掲示は、管理業者の基本情報を確認できるようにするため重要です。
411,combination,会計・税務,orig_set21;貸借対照表;standard;combination,貸借対照表に関する次のアからエまでの記述のうち、正しいもののみの組合せはどれか。,,,,,,アとイ,イとエ,ウとエ,アとウ,4,正解は4です。アとウが正しいです。貸借対照表は、一定時点の資産や負債などの財政状態を示します。
412,single,判例・横断総合,orig_set21;善管注意義務;standard;case_based,管理組合から金銭管理を委ねられた受任者Aが、記録を残さず杜撰に処理していた。この場合の善管注意義務に関する次の記述のうち、最も適切なものはどれか。,,,,,,善管注意義務とは、自分の物よりも軽い注意で足りるという意味である。,善管注意義務とは、通常期待される相当な注意をもって事務を処理すべき義務である。,善管注意義務は、受任者や役員には一切問題にならない。,善管注意義務は、宅建業法だけの概念である。,2,正解は2です。善管注意義務とは、通常期待される相当な注意をもって事務を処理すべき義務です。
413,single,区分所有法,orig_set21;敷地利用権;standard;case_based,区分所有者Aが、自室を売却せずに敷地利用権だけを自由に第三者へ譲渡できると主張している。この場合の敷地利用権に関する次の記述のうち、最も適切なものはどれか。,,,,,,敷地利用権は、専有部分と一体的に把握され、自由に分離処分できるわけではない。,敷地利用権は、専有部分と無関係に常に自由分離できる。,敷地利用権は、区分所有法と無関係である。,敷地利用権は、理事長の承認があれば何でも自由にできる。,1,正解は1です。敷地利用権は専有部分と一体的に把握され、自由に分離処分できるわけではありません。
414,combination,品確法・建替円滑化法等,orig_set21;建替組合;standard;combination,建替組合に関する次のアからエまでの記述のうち、適切なもののみの組合せはどれか。,,,,,,アとイ,イとエ,ウとエ,アとウ,4,正解は4です。アとウが適切です。建替組合は、建替事業の施行主体として円滑化法上位置付けられています。
415,single,宅建業法,orig_set21;媒介契約;standard;case_based,宅建業者Aが、売主Bから不動産売却の依頼を受けて買主探しを行うことになった。この場合の媒介契約に関する次の記述のうち、最も適切なものはどれか。,,,,,,媒介契約は、宅建業者が必ず自ら売主になる契約である。,媒介契約は、宅建業者が依頼を受けて取引成立に向けた媒介を行う契約である。,媒介契約は、宅建業法と無関係である。,媒介契約は、常に口頭だけで足りると法律に定められている。,2,正解は2です。媒介契約は、宅建業者が依頼を受けて取引成立に向けた媒介を行う契約です。
416,combination,建築・設備,orig_set21;耐震対策;standard;combination,耐震対策に関する次のアからエまでの記述のうち、適切なもののみの組合せはどれか。,,,,,,アとイ,イとエ,ウとエ,アとウ,4,正解は4です。アとウが適切です。耐震対策では、診断や補強の検討に加え、日常的な備えも大切です。
417,combination,標準管理委託契約書・指針,orig_set21;基幹事務;standard;combination,基幹事務に関する次のアからエまでの記述のうち、適切なもののみの組合せはどれか。,,,,,,アとウ,アとエ,イとウ,イとエ,1,正解は1です。アとウが適切です。基幹事務は、管理組合財産管理に直結する重要な事務です。
418,single,標準管理規約,orig_set21;理事会の権限;standard;case_based,管理組合で、総会決議を要しない日常的な業務執行の判断が必要になった。この場合の理事会の権限に関する次の記述のうち、最も適切なものはどれか。,,,,,,理事会は、いかなる事項も判断できない。,理事会は、総会で決めるべき事項を除き、管理組合の業務執行に関する判断を行う機関である。,理事会は、規約変更のような重要事項も常に総会なしで決定できる。,理事会の権限は、管理員の私的判断に従属する。,2,正解は2です。理事会は、総会で決めるべき事項を除く業務執行について判断する機関です。
419,combination,民法・借地借家法,orig_set21;請負契約;standard;combination,請負契約に関する次のアからエまでの記述のうち、正しいもののみの組合せはどれか。,,,,,,アとイ,イとエ,アとウ,ウとエ,3,正解は3です。アとウが正しいです。請負は、仕事の完成と報酬の支払を内容とする契約です。
420,single,管理適正化法,orig_set21;名義貸し;standard;single_choice,名義貸しに関する次の記述のうち、最も適切なものはどれか。,,,,,,名義貸しは、登録制度の信頼性や利用者保護の観点から問題となる。,名義貸しは、営業拡大に役立つので原則推奨される。,名義貸しは、管理適正化法と無関係である。,名義貸しは、管理組合が望めば自由に行える。,1,正解は1です。名義貸しは、登録制度の信頼性や利用者保護の観点から問題となります。
421,count,会計・税務,orig_set22;収支報告書;standard;accounting_table,収支報告書に関する次の記述のうち、最も適切なものはどれか。,,,,,,収支報告書は、一定期間における収入と支出の状況を示す資料である。,収支報告書は、一定時点の資産と負債だけを示す。,収支報告書は、将来予算だけを記載する資料である。,収支報告書は、作成しなくても管理組合運営に影響しない。,1,正解は1です。収支報告書は、一定期間における収入と支出の状況を示す資料です。
422,single,判例・横断総合,orig_set22;時効と管理費;standard;precedent_fill,管理費等の請求権についても、一定期間の経過により[　]が問題となる。この[　]に当てはまるものとして正しいものはどれか。,,,,,,売却,時効,修繕,建替え,2,正解は2です。管理費等の請求権についても、一定期間の経過により時効が問題となります。
423,combination,区分所有法,orig_set22;規約共用部分;standard;combination,規約共用部分に関する次のアからエまでの記述のうち、適切なもののみの組合せはどれか。,,,,,,アとイ,イとエ,アとウ,ウとエ,3,正解は3です。アとウが適切です。規約により共用部分と定められた部分には、共用部分としての規律が及びます。
424,single,品確法・建替円滑化法等,orig_set22;権利変換計画;standard;single_choice,権利変換計画に関する次の記述のうち、最も適切なものはどれか。,,,,,,権利変換計画は、建物の色彩や植栽だけを定める。,権利変換計画は、建替え後に各権利者がどのような権利を取得するかを定める計画である。,権利変換計画は、宅建業法上の広告規制である。,権利変換計画は、建替え円滑化法と無関係である。,2,正解は2です。権利変換計画は、建替え後の権利配分を定める計画です。
425,combination,宅建業法,orig_set22;宅建士の業務;standard;combination,宅建士の業務に関する次のアからエまでの記述のうち、適切なもののみの組合せはどれか。,,,,,,アとウ,アとエ,イとウ,イとエ,1,正解は1です。アとウが適切です。宅建士は、取引の適正と相手方保護を支える資格者です。
426,single,建築・設備,orig_set22;昇降機;standard;single_choice,昇降機に関する次の記述のうち、最も適切なものはどれか。,,,,,,昇降機は、停止しなければ点検不要である。,昇降機の保守は、利用者の自己責任でよく管理組合は無関係である。,昇降機は、事故防止と安全確保のため適切な保守点検が重要である。,昇降機は、共用部分と無関係なので規約の対象外である。,3,正解は3です。昇降機は、事故防止と安全確保のため適切な保守点検が重要です。
427,single,標準管理委託契約書・指針,orig_set22;委託業務費;standard;single_choice,委託業務費に関する次の記述のうち、最も適切なものはどれか。,,,,,,委託業務費は、何に対する対価かを示す必要がない。,委託業務費は、どの業務の対価かが分かるよう契約上明確に整理することが重要である。,委託業務費は、管理会社が毎月自由に変更してよい。,委託業務費は、委託契約と無関係である。,2,正解は2です。委託業務費は、どの業務の対価かが分かるよう明確に整理することが重要です。
428,combination,標準管理規約,orig_set22;総会出席と代理;standard;combination,総会出席と代理に関する次のアからエまでの記述のうち、適切なもののみの組合せはどれか。,,,,,,アとウ,アとエ,イとウ,イとエ,1,正解は1です。アとウが適切です。総会では、規約に沿って代理による議決権行使が認められることがあります。
429,single,民法・借地借家法,orig_set22;委任契約;standard;single_choice,委任契約に関する次の記述のうち、正しいものはどれか。,,,,,,委任は、必ず有体物を引き渡す契約である。,委任は、仕事の完成を目的とする請負契約と同一である。,委任は、法律行為とは無関係な契約である。,委任は、法律行為をすることを相手方に委託する契約である。,4,正解は4です。委任は、法律行為をすることを相手方に委託する契約です。
430,count,管理適正化法,orig_set22;更新登録;standard;count,更新登録に関する次のアからエまでの記述のうち、適切なものはいくつあるか。,,,,,,一つ,二つ,三つ,四つ,2,正解は2です。アとウが適切です。更新登録は、継続的な適格性確認と情報更新に資する制度です。
431,single,会計・税務,orig_set22;減価償却不要論点;standard;single_choice,管理組合会計における減価償却不要論点に関する次の記述のうち、最も適切なものはどれか。,,,,,,管理組合会計は、必ず企業会計と全く同じ方法で減価償却をしなければならない。,管理組合会計では、その目的や実務に照らして、企業会計と同じ減価償却処理を当然には前提としない論点がある。,減価償却という考え方は、どの会計でも常に禁止される。,この論点は、税法だけの問題で管理組合会計と無関係である。,2,正解は2です。管理組合会計では、その目的や実務に照らし、企業会計と同じ減価償却処理を当然には前提としない論点があります。
432,combination,判例・横断総合,orig_set22;特別の影響;standard;combination,特別の影響に関する次のアからエまでの記述のうち、適切なもののみの組合せはどれか。,,,,,,アとイ,イとエ,ウとエ,アとウ,4,正解は4です。アとウが適切です。特別の影響がある規約変更では、その区分所有者の承諾が問題となります。
433,single,区分所有法,orig_set22;総会決議要件;standard;precedent_fill,区分所有法上、普通決議は原則として集会に出席した区分所有者及びその議決権の各[　]数で決する。この[　]に当てはまるものとして正しいものはどれか。,,,,,,過半,全員一致,4分の3,3分の2,1,正解は1です。普通決議は、原則として出席区分所有者及びその議決権の各過半数で決します。
434,single,品確法・建替円滑化法等,orig_set22;個人施行;standard;case_based,マンション建替事業について、組合ではなく一定の個人が施行主体となる形が問題となっている。この場合の個人施行に関する次の記述のうち、最も適切なものはどれか。,,,,,,個人施行という概念は存在しない。,個人施行は、建替事業の施行形態の一つとして問題となる。,個人施行は、宅建業法上の広告規制のことをいう。,個人施行は、管理費会計の処理方法をいう。,2,正解は2です。個人施行は、建替事業の施行形態の一つとして問題となります。
435,single,宅建業法,orig_set22;契約不適合責任特約;standard;single_choice,宅建業者が自ら売主となる場合の契約不適合責任特約に関する次の記述のうち、最も適切なものはどれか。,,,,,,宅建業者売主は、買主にどれだけ不利でも自由に全面免責特約を定められる。,この規制は、売主保護のためだけに存在する。,宅建業者が自ら売主となる場合には、買主保護のため不利な特約に制限がある。,この規制は、宅建業法と無関係である。,3,正解は3です。宅建業者が自ら売主となる場合には、買主保護のため不利な特約に制限があります。
436,single,建築・設備,orig_set22;消防設備;standard;case_based,マンションで消火器や非常ベルの点検が長期間行われていないことが分かった。この場合の消防設備に関する次の記述のうち、最も適切なものはどれか。,,,,,,消防設備は、見た目に異常がなければ点検不要である。,消防設備は、非常時に適切に作動するよう定期点検と維持管理が重要である。,消防設備は、非常時には使わないのが原則である。,消防設備の管理は、共用部分とは無関係である。,2,正解は2です。消防設備は、非常時に適切に作動するよう定期点検と維持管理が重要です。
437,count,標準管理委託契約書・指針,orig_set22;修繕履歴;standard;count,修繕履歴に関する次のアからエまでの記述のうち、適切なものはいくつあるか。,,,,,,一つ,二つ,三つ,四つ,2,正解は2です。アとウが適切です。修繕履歴は、将来の修繕計画や委託終了時の引継ぎに役立ちます。
438,single,標準管理規約,orig_set22;専有部分への立入り;standard;single_choice,専有部分への立入りに関する次の記述のうち、最も適切なものはどれか。,,,,,,理由がなくても、いつでも専有部分へ立ち入れる。,どのような事情があっても、専有部分への立入りは一切認められない。,共用部分の点検や必要な工事等のため、規約に沿って専有部分への立入りが問題となることがある。,専有部分への立入りは、管理員の私的興味のために認められる。,3,正解は3です。共用部分の点検や必要な工事のため、規約に沿って専有部分への立入りが問題となることがあります。
439,single,民法・借地借家法,orig_set22;保証債務;standard;case_based,AがBの借入債務について保証人となった。この場合の保証債務に関する次の記述のうち、最も適切なものはどれか。,,,,,,保証債務は、主たる債務と無関係に独立して必ず成立する。,保証人は、主たる債務の内容を全く考えず常に無制限責任を負う。,保証債務は、売買契約にだけ成立する。,保証債務は、主たる債務者が履行しない場合に備えて、その債務の履行を担保するための債務である。,4,正解は4です。保証債務は、主たる債務者が履行しない場合に備えて、その債務の履行を担保するための債務です。
440,combination,管理適正化法,orig_set22;再委託規制;standard;combination,再委託規制に関する次のアからエまでの記述のうち、適切なもののみの組合せはどれか。,,,,,,アとイ,イとエ,ウとエ,アとウ,4,正解は4です。アとウが適切です。重要な管理事務の全面的な丸投げには制約があり、管理組合保護の観点が重視されます。
441,single,会計・税務,orig_set23;修繕積立金会計;advanced;comparison_table,修繕積立金会計に関する次の記述のうち、最も適切なものはどれか。,,,,,,修繕積立金は、通常の清掃費や水道光熱費など日常的な管理費の支払のために常時取り崩すことを予定した資金である。,修繕積立金は、将来の計画修繕等に備えて積み立てる資金であり、日常的な管理費会計とは区別して把握することが重要である。,修繕積立金は、毎期末に余れば各区分所有者へ当然に分配しなければならない。,修繕積立金会計は、管理組合会計とは無関係であり、会計資料に示す必要はない。,2,正解は2です。修繕積立金は、将来の計画修繕等に備えて積み立てる資金であり、日常的な管理費会計とは区別して把握することが重要です。
442,single,判例・横断総合,orig_set23;管理者責任;advanced;case_based,管理者が共用部分の重大な漏水の報告を受けながら、長期間必要な対応を取らず損害が拡大した。この場合の管理者責任に関する次の記述のうち、最も適切なものはどれか。,,,,,,管理者は名称上の地位にすぎず、共用部分の管理について注意義務を負わない。,管理者は、どのような事情があっても損害について責任を問われることはない。,管理者は、管理組合のために善良な管理者の注意をもって職務を行うべきであり、その義務に反して損害を拡大させたときは責任が問題となる。,管理者責任は、専有部分の売買契約でしか問題とならない。,3,正解は3です。管理者は、管理組合のために善良な管理者の注意をもって職務を行うべきであり、その義務に反して損害を拡大させたときは責任が問題となります。
443,single,区分所有法,orig_set23;義務違反者への措置;advanced;single_choice,区分所有者が共同の利益に反する行為を継続している場合の義務違反者への措置に関する次の記述のうち、最も適切なものはどれか。,,,,,,共同の利益に反する行為については、行為の停止や結果の除去等を求める措置が問題となる。,義務違反者への措置は一切認められず、管理組合は何もできない。,共同の利益に反する行為があれば、直ちに常に競売請求しか選べない。,義務違反者への措置は、民法の相続に関する規定だけで決まる。,1,正解は1です。共同の利益に反する行為については、区分所有法上、行為の停止や結果の除去等を求める措置が問題となります。
444,single,品確法・建替円滑化法等,orig_set23;被災マンション法;advanced;precedent_fill,いわゆる被災マンション法の正式名称は、「被災区分所有建物の[　]等に関する特別措置法」である。この[　]に当てはまるものとして正しいものはどれか。,,,,,,売却,再建,賃貸,承継,2,正解は2です。いわゆる被災マンション法の正式名称は、「被災区分所有建物の再建等に関する特別措置法」です。
445,single,宅建業法,orig_set23;自ら売主規制;advanced;case_based,宅建業者Aが、自ら売主として一般消費者Bにマンションの一室を売却した。契約で、引渡し後直ちに一切の契約不適合責任を負わない旨の特約を置いた場合に関する次の記述のうち、最も適切なものはどれか。,,,,,,宅建業者が自ら売主であっても、買主に不利な特約を常に自由に定められる。,この規制は、売主である宅建業者を保護するためのものである。,契約不適合責任の問題は、宅建業法とは無関係である。,宅建業者が自ら売主となる場合には、買主保護の観点から、買主に不利な契約不適合責任特約には制限がある。,4,正解は4です。宅建業者が自ら売主となる場合には、買主保護の観点から、買主に不利な契約不適合責任特約には制限があります。
446,single,建築・設備,orig_set23;給水タンク;advanced;comparison_table,マンションの給水タンクに関する次の記述のうち、最も適切なものはどれか。,,,,,,給水タンクは、一度設置すれば衛生管理や清掃を考える必要はない。,給水タンクは、衛生的な給水を確保するため、点検や清掃を含む適切な維持管理が重要である。,給水タンクの不具合は、専有部分だけの問題であり共用設備の管理とは無関係である。,給水タンクは、消防設備と同じ法的取扱いになるため、衛生面の検討は不要である。,2,正解は2です。給水タンクは、衛生的な給水を確保するため、点検や清掃を含む適切な維持管理が重要です。
447,combination,標準管理委託契約書・指針,orig_set23;管理員業務;advanced;combination,管理員業務に関する次のアからエまでの記述のうち、適切なもののみの組合せはどれか。,,,,,,アとウ,アとエ,イとウ,イとエ,1,正解は1です。アとウが適切です。管理員業務には、受付、連絡、報告等の現場対応が含まれますが、独断で重要契約を締結するものではありません。
448,single,標準管理規約,orig_set23;特別の影響;advanced;case_based,規約変更により、1階住戸の区分所有者だけが従来認められていた専用使用方法を大きく制限され、追加の費用負担も求められることになった。この場合の特別の影響に関する次の記述のうち、最も適切なものはどれか。,,,,,,規約変更であれば、どれほど特定の区分所有者に不利益が集中しても、その承諾は全く問題とならない。,規約変更が一部区分所有者に特別の影響を及ぼすときは、その区分所有者の承諾が問題となる。,特別の影響という考え方は、専有部分の売買価格にしか関係しない。,特別の影響の有無は、規約変更の場面では一切判断されない。,2,正解は2です。規約変更が一部区分所有者に特別の影響を及ぼすときは、その区分所有者の承諾が問題となります。
449,count,民法・借地借家法,orig_set23;相殺;advanced;count,相殺に関する次のアからエまでの記述のうち、適切なものはいくつあるか。,,,,,,一つ,二つ,三つ,四つ,2,正解は2です。アとウが適切です。相殺は、互いに同種の債権が対立し、双方の債権が弁済期にあることが基本となります。
450,single,管理適正化法,orig_set23;監督処分;advanced;case_based,登録マンション管理業者Aが、重要事項の説明や財産の分別管理に関して重大な法令違反を繰り返している。この場合の監督処分に関する次の記述のうち、最も適切なものはどれか。,,,,,,登録マンション管理業者には、どれほど重大な法令違反があっても監督処分の対象となることはない。,監督処分は、区分所有者間の私的な感情対立を調整するためだけに用意された制度である。,登録マンション管理業者に法令違反等がある場合には、是正や利用者保護の観点から監督処分が問題となる。,監督処分の問題は、宅建業法だけで完結し、管理適正化法とは無関係である。,3,正解は3です。登録マンション管理業者に法令違反等がある場合には、是正や利用者保護の観点から監督処分が問題となります。
451,combination,会計・税務,orig_set23;未収入金;basic;combination,未収入金に関する次のアからエまでの記述のうち、適切なもののみの組合せはどれか。,,,,,,アとウ,アとエ,イとウ,イとエ,1,正解は1です。アとウが適切です。未収入金は、既に発生しているがまだ回収できていない管理費等の債権であり、資金繰りや督促実務に影響します。
452,single,判例・横断総合,orig_set23;管理費滞納判例;basic;precedent_fill,管理費滞納に関する判例実務では、管理組合が滞納管理費等の[　]を求めることが基本となる。この[　]に当てはまるものとして最も適切なものはどれか。,,,,,,放棄,免除,支払,分配,3,正解は3です。管理費滞納に関する実務では、管理組合が滞納管理費等の支払を求めることが基本になります。
453,single,区分所有法,orig_set23;一部滅失と建替え;basic;case_based,マンションの一部が火災で滅失し、管理組合で復旧と建替えのどちらを選ぶかが議論になっている。この場合の一部滅失と建替えに関する次の記述のうち、最も適切なものはどれか。,,,,,,一部滅失があった場合でも、復旧や建替えの議論は不要で、何も決めなくてよい。,一部滅失後は、復旧を図るのか建替えを目指すのかを区別し、必要な決議要件を検討することになる。,一部滅失の場面では、常に各区分所有者が個別に判断するだけで、集会決議は無関係である。,建替えの問題は、宅建業法だけで決まり、区分所有法とは無関係である。,2,正解は2です。一部滅失後は、復旧を図るのか建替えを目指すのかを区別し、必要な決議要件を検討することになります。
454,combination,品確法・建替円滑化法等,orig_set23;再建決議;basic;combination,再建決議に関する次のアからエまでの記述のうち、適切なもののみの組合せはどれか。,,,,,,アとイ,イとエ,ウとエ,アとウ,4,正解は4です。アとウが適切です。再建決議は、被災した区分所有建物をどのように再生するかという意思決定に関係します。
455,combination,宅建業法,orig_set23;重要事項説明;basic;combination,重要事項説明に関する次のアからエまでの記述のうち、適切なもののみの組合せはどれか。,,,,,,アとウ,アとエ,イとウ,イとエ,1,正解は1です。アとウが適切です。重要事項説明は、契約締結前に買主等が取引条件を判断するための重要な制度です。
456,combination,建築・設備,orig_set23;排水設備;basic;combination,排水設備に関する次のアからエまでの記述のうち、適切なもののみの組合せはどれか。,,,,,,アとイ,イとエ,ウとエ,アとウ,4,正解は4です。アとウが適切です。排水設備は、詰まりや漏水を防ぐための点検や清掃が重要であり、不具合は生活環境にも影響します。
457,single,標準管理委託契約書・指針,orig_set23;緊急対応;basic;single_choice,管理受託者の緊急対応に関する次の記述のうち、最も適切なものはどれか。,,,,,,緊急時であっても、被害拡大のおそれは考えず、連絡も翌月報告で足りる。,緊急対応では、被害の拡大防止に配慮しつつ、必要な連絡や報告を速やかに行うことが重要である。,緊急対応は、管理委託契約の範囲と無関係であり、管理受託者が関与する余地はない。,緊急時には、状況確認をせずに常に大規模工事契約まで独断で締結しなければならない。,2,正解は2です。緊急対応では、被害の拡大防止に配慮しつつ、必要な連絡や報告を速やかに行うことが重要です。
458,combination,標準管理規約,orig_set23;役員の任務;basic;combination,役員の任務に関する次のアからエまでの記述のうち、適切なもののみの組合せはどれか。,,,,,,アとウ,アとエ,イとウ,イとエ,1,正解は1です。アとウが適切です。役員は、規約や総会決議に基づき、管理組合の運営に必要な任務を果たします。
459,combination,民法・借地借家法,orig_set23;債権譲渡;basic;combination,債権譲渡に関する次のアからエまでの記述のうち、適切なもののみの組合せはどれか。,,,,,,アとイ,イとエ,ウとエ,アとウ,4,正解は4です。アとウが適切です。債権譲渡は、債権を他人へ移転する制度であり、対抗関係が問題となることがあります。
460,single,管理適正化法,orig_set23;管理計画認定制度;basic;single_choice,管理計画認定制度に関する次の記述のうち、最も適切なものはどれか。,,,,,,管理計画認定制度は、宅地建物の売買契約を代理する制度である。,管理計画認定制度は、管理組合の管理状況とは無関係な税務申告制度である。,管理計画認定制度は、マンション管理の適正化を促すため、一定の管理計画や管理状況を評価する仕組みである。,管理計画認定制度では、長期修繕計画や管理体制を全く考慮しない。,3,正解は3です。管理計画認定制度は、マンション管理の適正化を促すため、一定の管理計画や管理状況を評価する仕組みです。
461,count,会計・税務,orig_set24;源泉徴収;standard;accounting_table,管理組合の税務実務における源泉徴収に関する次の記述のうち、最も適切なものはどれか。,,,,,,管理組合が支払う報酬については、どのような内容でも源泉徴収を考える必要は一切ない。,管理組合が外部専門家等へ一定の報酬を支払う場面では、源泉徴収の要否を確認する必要がある。,源泉徴収の問題は、建物設備の点検実務だけで決まる。,源泉徴収の有無は、管理規約に何も書かれていなければ自由に決められる。,2,正解は2です。管理組合が外部専門家等へ一定の報酬を支払う場面では、源泉徴収の要否を確認する必要があります。
462,combination,判例・横断総合,orig_set24;暴力団排除;standard;combination,暴力団排除に関する次のアからエまでの記述のうち、適切なもののみの組合せはどれか。,,,,,,アとウ,アとエ,イとウ,イとエ,1,正解は1です。アとウが適切です。暴力団排除条項は、共同生活の安全や秩序の維持と関係し、規約や契約実務の整備とも結び付きます。
463,combination,区分所有法,orig_set24;管理者;standard;combination,区分所有法上の管理者に関する次のアからエまでの記述のうち、適切なもののみの組合せはどれか。,,,,,,アとイ,イとエ,ウとエ,アとウ,4,正解は4です。アとウが適切です。管理者は、共用部分の管理や保存に関する事務を担い、区分所有者を代表して一定の行為を行う地位に立ちます。
464,single,品確法・建替円滑化法等,orig_set24;新築住宅の定義;standard;single_choice,新築住宅の定義に関する次の記述のうち、最も適切なものはどれか。,,,,,,新築住宅とは、築年数が10年を超えた住宅をいう。,新築住宅は、品確法上の保護を考える場面で問題となる基本概念であり、一般に未使用の住宅という理解が出発点となる。,新築住宅という概念は、マンション管理や住宅品質の問題と無関係である。,新築住宅の定義は、管理費会計の処理方法だけで決まる。,2,正解は2です。新築住宅は、品確法上の保護を考える場面で問題となる基本概念であり、一般に未使用の住宅という理解が出発点となります。
465,single,宅建業法,orig_set24;35条書面;standard;single_choice,35条書面に関する次の記述のうち、最も適切なものはどれか。,,,,,,35条書面は、管理組合の月次会計報告書のことをいう。,35条書面は、契約締結後に不要になった後で自由に交付すれば足りる。,35条書面は、重要事項説明の内容を示し、契約前の判断材料となる書面である。,35条書面は、建築設備点検の結果報告書を指す。,3,正解は3です。35条書面は、重要事項説明の内容を示し、契約前の判断材料となる書面です。
466,single,建築・設備,orig_set24;建築材料;standard;single_choice,建築材料に関する次の記述のうち、最も適切なものはどれか。,,,,,,建築材料は、それぞれ強度、耐久性、耐火性、施工性などの特性を踏まえて使い分けることが重要である。,建築材料は、どれを用いても性能差がないため、用途を考える必要はない。,建築材料の選定は、管理規約の議事録作成方法だけで決まる。,建築材料の問題は、宅建業法の重要事項説明だけで足りる。,1,正解は1です。建築材料は、それぞれ強度、耐久性、耐火性、施工性などの特性を踏まえて使い分けることが重要です。
467,count,標準管理委託契約書・指針,orig_set24;月次報告;standard;count,月次報告に関する次のアからエまでの記述のうち、適切なものはいくつあるか。,,,,,,一つ,二つ,三つ,四つ,2,正解は2です。アとウが適切です。月次報告は、会計や管理事務の実施状況を管理組合へ共有するために重要です。
468,single,標準管理規約,orig_set24;議事録;standard;single_choice,議事録に関する次の記述のうち、最も適切なものはどれか。,,,,,,議事録は、会議が終われば作成も保存も不要である。,議事録は、出席者の記憶に任せれば足りるので書面化する意味はない。,議事録は、建築材料の在庫表のことをいう。,議事録は、総会や理事会でどのような意思決定がされたかを明らかにし、後日の確認資料となる重要な記録である。,4,正解は4です。議事録は、総会や理事会でどのような意思決定がされたかを明らかにし、後日の確認資料となる重要な記録です。
469,single,民法・借地借家法,orig_set24;契約不適合責任;standard;single_choice,契約不適合責任に関する次の記述のうち、最も適切なものはどれか。,,,,,,契約不適合責任は、契約内容と無関係に常に発生する。,契約不適合責任は、引き渡された目的物が契約内容に適合しない場合に、売主の責任が問題となる制度である。,契約不適合責任は、議事録の保存方法だけで決まる。,契約不適合責任は、民法とは無関係であり、建築設備点検の制度にすぎない。,2,正解は2です。契約不適合責任は、引き渡された目的物が契約内容に適合しない場合に、売主の責任が問題となる制度です。
470,count,管理適正化法,orig_set24;マンション管理士;standard;count,マンション管理士に関する次のアからエまでの記述のうち、適切なものはいくつあるか。,,,,,,一つ,二つ,三つ,四つ,2,正解は2です。アとウが適切です。マンション管理士は、管理組合の運営や管理に関して助言、指導、援助を行う専門家です。
471,single,会計・税務,orig_set24;保険料処理;standard;single_choice,管理組合の保険料処理に関する次の記述のうち、最も適切なものはどれか。,,,,,,共用部分に関する保険料は、管理組合会計と無関係である。,共用部分に関する保険料は、管理組合の維持管理に関する費用として会計上把握することになる。,保険料は、毎期自動的に区分所有者へ分配する性質のものである。,保険料処理は、議事録の作成方法だけで決まる。,2,正解は2です。共用部分に関する保険料は、管理組合の維持管理に関する費用として会計上把握することになります。
472,single,判例・横断総合,orig_set24;ペット飼育;standard;case_based,規約でペット飼育に一定の制限を設けているマンションで、区分所有者Aが大型犬を継続して飼育し、近隣から苦情が出ている。この場合のペット飼育に関する次の記述のうち、最も適切なものはどれか。,,,,,,専有部分内であれば、規約や細則の制限は一切及ばない。,ペット飼育の問題は、会計処理だけで決まる。,ペット飼育は、共同生活秩序との関係で規約や細則に基づく制限が問題となることがある。,近隣から苦情があっても、管理組合は全く関与できない。,3,正解は3です。ペット飼育は、共同生活秩序との関係で規約や細則に基づく制限が問題となることがあります。
473,single,区分所有法,orig_set24;規約設定変更;standard;precedent_fill,区分所有法上、規約の設定、変更又は廃止は、原則として区分所有者及び議決権の各[　]以上の多数による集会の決議で行う。この[　]に当てはまるものとして正しいものはどれか。,,,,,,過半,3分の2,全員一致,4分の3,4,正解は4です。規約の設定、変更又は廃止は、原則として区分所有者及び議決権の各4分の3以上の多数による集会決議で行います。
474,single,品確法・建替円滑化法等,orig_set24;10年瑕疵担保責任;standard;case_based,新築分譲マンションの引渡し後、基本構造部分に重大な不具合が見つかった。この場合のいわゆる10年瑕疵担保責任に関する次の記述のうち、最も適切なものはどれか。,,,,,,新築住宅の基本構造部分に関する責任は、引渡し後すぐに消滅する。,新築住宅の基本構造部分等については、一定の10年間の責任が問題となる。,この問題は、管理費滞納の回収手続だけで決まる。,品確法とは無関係であり、住宅品質の問題ではない。,2,正解は2です。新築住宅の基本構造部分等については、一定の10年間の責任が問題となります。
475,single,宅建業法,orig_set24;37条書面;standard;case_based,宅建業者Aが売主、Bが買主となる売買契約が成立した。この場合の37条書面に関する次の記述のうち、最も適切なものはどれか。,,,,,,37条書面は、契約成立後に契約内容を明らかにするため交付される書面である。,37条書面は、重要事項説明の前にだけ交付する書面である。,37条書面は、マンション管理士の登録証のことである。,37条書面は、建築設備点検の記録書である。,1,正解は1です。37条書面は、契約成立後に契約内容を明らかにするため交付される書面です。
476,single,建築・設備,orig_set24;断熱結露;standard;case_based,外壁側の部屋で冬季に結露が頻発している。この場合の断熱と結露に関する次の記述のうち、最も適切なものはどれか。,,,,,,結露は断熱と無関係であり、建物性能を考える必要はない。,断熱不足は結露発生の一因となり、居住環境や建物劣化に影響することがある。,結露対策は、管理費会計の処理だけで足りる。,結露があっても、換気や断熱の検討は不要である。,2,正解は2です。断熱不足は結露発生の一因となり、居住環境や建物劣化に影響することがあります。
477,combination,標準管理委託契約書・指針,orig_set24;原本保管;standard;combination,原本保管に関する次のアからエまでの記述のうち、適切なもののみの組合せはどれか。,,,,,,アとイ,イとエ,ウとエ,アとウ,4,正解は4です。アとウが適切です。重要書類の原本保管は、管理の継続性や引継ぎのため重要です。
478,single,標準管理規約,orig_set24;長期修繕計画;standard;case_based,築20年を超えたマンションで、今後の大規模修繕や設備更新の見通しが立っていない。この場合の長期修繕計画に関する次の記述のうち、最も適切なものはどれか。,,,,,,長期修繕計画は、過去の議事録があれば不要である。,長期修繕計画は、専有部分の売買価格を決めるためだけの資料である。,長期修繕計画は、将来の修繕内容や時期、必要資金を見通すための重要な計画である。,長期修繕計画は、宅建業法上の重要事項説明書と同じものである。,3,正解は3です。長期修繕計画は、将来の修繕内容や時期、必要資金を見通すための重要な計画です。
479,single,民法・借地借家法,orig_set24;使用貸借;standard;case_based,AがBに対し、無償で一時的に倉庫を使わせる約束をした。この場合の使用貸借に関する次の記述のうち、最も適切なものはどれか。,,,,,,使用貸借は、必ず賃料の支払を要する契約である。,使用貸借は、売買契約の一種である。,使用貸借の問題は、区分所有法の議決権数だけで決まる。,使用貸借は、無償で物を使用収益させる契約である。,4,正解は4です。使用貸借は、無償で物を使用収益させる契約です。
480,combination,管理適正化法,orig_set24;主任者証提示;standard;combination,主任者証提示に関する次のアからエまでの記述のうち、適切なもののみの組合せはどれか。,,,,,,アとウ,アとエ,イとウ,イとエ,1,正解は1です。アとウが適切です。管理業務主任者は、重要事項説明等の場面で主任者証の提示が問題となります。
481,single,会計・税務,orig_set25;管理費収入;standard;comparison_table,管理費収入に関する次の記述のうち、最も適切なものはどれか。,,,,,,管理費収入は、長期修繕のためだけに積み立てる資金である。,管理費収入は、管理組合会計では把握しない。,管理費収入は、日常の管理運営費用に対応する収入として把握され、修繕積立金とは区別して考える。,管理費収入は、区分所有者へ毎月自動分配するための預り金である。,3,正解は3です。管理費収入は、日常の管理運営費用に対応する収入として把握され、修繕積立金とは区別して考えます。
482,single,判例・横断総合,orig_set25;騒音紛争;standard;precedent_fill,マンション内の騒音紛争では、区分所有法上、共同の[　]に反する行為かどうかが問題となることがある。この[　]に当てはまるものとして正しいものはどれか。,,,,,,財産,利益,所得,耐火,2,正解は2です。騒音紛争では、共同の利益に反する行為かどうかが問題となることがあります。
483,single,区分所有法,orig_set25;占有者の地位;standard;single_choice,区分所有建物の占有者の地位に関する次の記述のうち、最も適切なものはどれか。,,,,,,占有者も、建物の使用方法について規約や共同生活上のルールに従うことが問題となる。,占有者は、区分所有者でない以上、どのような使用をしても自由である。,占有者の問題は、管理組合会計の仕訳だけで決まる。,占有者の地位は、宅建業法上の37条書面だけで決まる。,1,正解は1です。占有者も、建物の使用方法について規約や共同生活上のルールに従うことが問題となります。
484,single,品確法・建替円滑化法等,orig_set25;アフターサービス;standard;precedent_fill,分譲マンションにおけるアフターサービスは、引渡し後に発見された一定の不具合について、売主等が[　]や対応を行う仕組みとして問題となる。この[　]に当てはまるものとして最も適切なものはどれか。,,,,,,転売,課税,分配,補修,4,正解は4です。アフターサービスは、引渡し後に発見された一定の不具合について、売主等が補修や対応を行う仕組みとして問題となります。
485,combination,宅建業法,orig_set25;クーリングオフ;standard;combination,クーリングオフに関する次のアからエまでの記述のうち、適切なもののみの組合せはどれか。,,,,,,アとイ,イとエ,ウとエ,アとウ,4,正解は4です。アとウが適切です。クーリングオフは、一定の場合に買主が無条件で申込みの撤回等をできる買主保護の制度です。
486,single,建築・設備,orig_set25;エレベーター保守;standard;comparison_table,エレベーター保守に関する次の記述のうち、最も適切なものはどれか。,,,,,,エレベーターは、設置後に異常がなければ保守点検不要である。,エレベーターは、安全確保のため定期的な保守点検が重要である。,エレベーター保守は、管理費の未収金回収だけで足りる。,エレベーター保守は、議事録の署名方法のことである。,2,正解は2です。エレベーターは、安全確保のため定期的な保守点検が重要です。
487,single,標準管理委託契約書・指針,orig_set25;管理適正化指針;standard;single_choice,管理適正化指針に関する次の記述のうち、最も適切なものはどれか。,,,,,,管理適正化指針は、共用部分の電気配線図だけを示すものである。,管理適正化指針は、宅地建物の売買契約書そのものである。,管理適正化指針は、マンションの適正な管理を進めるための方向性や留意点を示す。,管理適正化指針は、管理組合会計を廃止することを目的とする。,3,正解は3です。管理適正化指針は、マンションの適正な管理を進めるための方向性や留意点を示します。
488,combination,標準管理規約,orig_set25;滞納管理費対応;standard;combination,滞納管理費対応に関する次のアからエまでの記述のうち、適切なもののみの組合せはどれか。,,,,,,アとウ,アとエ,イとウ,イとエ,1,正解は1です。アとウが適切です。滞納管理費については、督促や必要に応じた回収措置が問題となり、放置は資金繰りにも影響します。
489,count,民法・借地借家法,orig_set25;賃貸借の対抗力;standard;count,賃貸借の対抗力に関する次のアからエまでの記述のうち、適切なものはいくつあるか。,,,,,,一つ,二つ,三つ,四つ,2,正解は2です。アとウが適切です。建物賃貸借では、第三者への対抗力が問題となり、賃借人保護の観点が重視されます。
490,single,管理適正化法,orig_set25;財産の分別管理;standard;case_based,マンション管理業者Aが、管理組合から預かった金銭を自社の運転資金口座と同じ口座で管理していた。この場合の財産の分別管理に関する次の記述のうち、最も適切なものはどれか。,,,,,,預かった金銭は、管理業者の自己資金と同一口座で管理して差し支えない。,財産の分別管理は、建築設備の更新計画だけに関する制度である。,財産の分別管理は、議事録の署名方法のことをいう。,管理組合から預かった財産は、管理業者自身の財産と分けて管理する必要がある。,4,正解は4です。管理組合から預かった財産は、管理業者自身の財産と分けて管理する必要があります。
491,combination,会計・税務,orig_set25;勘定科目判定;advanced;combination,勘定科目判定に関する次のアからエまでの記述のうち、適切なもののみの組合せはどれか。,,,,,,アとイ,イとエ,ウとエ,アとウ,4,正解は4です。アとウが適切です。勘定科目は、支出や収入の性質に応じて適切に区分し、収支状況を把握しやすくすることが重要です。
492,combination,判例・横断総合,orig_set25;専有部分使用制限;advanced;combination,専有部分使用制限に関する次のアからエまでの記述のうち、適切なもののみの組合せはどれか。,,,,,,アとウ,アとエ,イとウ,イとエ,1,正解は1です。アとウが適切です。専有部分の使用であっても、共同生活秩序や共同の利益との関係で一定の制限が問題となることがあります。
493,single,区分所有法,orig_set25;団地関係;advanced;case_based,複数棟で構成され、敷地や集会所を共用しているマンション群で、全体の管理方法が争われている。この場合の団地関係に関する次の記述のうち、最も適切なものはどれか。,,,,,,団地関係では、各棟以外に共通の敷地や施設の管理を考える必要はない。,団地関係では、各棟の管理に加え、団地全体で共用する敷地や施設の管理が問題となる。,団地関係は、37条書面の交付方法だけで決まる。,団地関係は、単棟型マンションと全く同じで追加の検討は不要である。,2,正解は2です。団地関係では、各棟の管理に加え、団地全体で共用する敷地や施設の管理が問題となります。
494,combination,品確法・建替円滑化法等,orig_set25;建替組合;advanced;combination,建替組合に関する次のアからエまでの記述のうち、適切なもののみの組合せはどれか。,,,,,,アとイ,イとエ,ウとエ,アとウ,4,正解は4です。アとウが適切です。建替組合は、マンション建替え事業を進める主体として問題となり、建替円滑化法と関係します。
495,single,宅建業法,orig_set25;手付金等保全;advanced;single_choice,宅建業者が自ら売主となる新築マンション売買で、買主から多額の手付金を受領する場合の手付金等保全に関する次の記述のうち、最も適切なものはどれか。,,,,,,手付金等保全は、管理組合の月次報告と同じ制度である。,手付金等保全は、自ら売主取引で買主から受領する金銭について買主保護のため問題となる。,手付金等保全は、どのような場合でも不要である。,手付金等保全は、エレベーター保守契約の点検項目である。,2,正解は2です。手付金等保全は、自ら売主取引で買主から受領する金銭について買主保護のため問題となります。
496,combination,建築・設備,orig_set25;配管更新;advanced;combination,配管更新に関する次のアからエまでの記述のうち、適切なもののみの組合せはどれか。,,,,,,アとウ,アとエ,イとウ,イとエ,1,正解は1です。アとウが適切です。配管更新では、劣化状況や漏水リスクを把握し、居住者への影響や資金計画も踏まえて計画的に対応することが重要です。
497,count,標準管理委託契約書・指針,orig_set25;区分所有者の役割;advanced;count,区分所有者の役割に関する次のアからエまでの記述のうち、適切なものはいくつあるか。,,,,,,一つ,二つ,三つ,四つ,2,正解は2です。アとウが適切です。区分所有者は、総会参加や規約遵守、費用負担を通じて適正管理に関わる役割を持ちます。
498,single,標準管理規約,orig_set25;駐車場使用細則;advanced;single_choice,駐車場使用細則に関する次の記述のうち、最も適切なものはどれか。,,,,,,駐車場の利用方法は、細則を設けず各人が自由に決めれば足りる。,駐車場使用細則は、管理費未収金の会計処理だけを定める。,駐車場の利用方法や手続は、使用細則で具体的に定めることがある。,駐車場使用細則は、宅建業法上の35条書面そのものである。,3,正解は3です。駐車場の利用方法や手続は、使用細則で具体的に定めることがあります。
499,combination,民法・借地借家法,orig_set25;相続と債務承継;advanced;combination,相続と債務承継に関する次のアからエまでの記述のうち、適切なもののみの組合せはどれか。,,,,,,アとイ,イとエ,ウとエ,アとウ,4,正解は4です。アとウが適切です。相続では、被相続人の権利義務が相続人に承継されるのが原則であり、債務もその対象となります。
500,single,管理適正化法,orig_set25;管理事務報告;advanced;single_choice,管理事務報告に関する次の記述のうち、最も適切なものはどれか。,,,,,,管理事務報告は、一度委託契約を締結すれば以後不要である。,管理事務報告は、管理受託者が管理組合へ管理状況や会計状況を明らかにし、透明性を確保するため重要である。,管理事務報告は、建替組合の設立認可だけを報告する制度である。,管理事務報告は、主任者証の色を記録するための制度である。,2,正解は2です。管理事務報告は、管理受託者が管理組合へ管理状況や会計状況を明らかにし、透明性を確保するため重要です。
