record_id,source_kind,source_file,source_question_id,source_exam_code,source_exam_year,source_set_code,source_question_no,source_choice_label,subject,topic,question_type_original,question_type_marubatsu,statement_text,answer_bool,answer_label,explanation_text,legal_basis,rewrite_note,review_status
official_h19_q1_c1,official,管理業務主任者問題確認一覧.csv,h19_q1,h19,平成19年度,,1,1,民法・借地借家法,同時履行の抗弁,single_choice,true_false,双務契約では、相手方の債務が弁済期にあり、その履行の提供があるまで、自己の債務の履行を拒むことができる。,1,○,この記述は正しいです。双務契約では、相手方の債務が弁済期にあり、その履行の提供があるまで、自己の履行を拒むことができます。,民法533条,元の選択肢をそのまま一問一答向けの断定文として使用。,rewritten
official_h19_q1_c2,official,管理業務主任者問題確認一覧.csv,h19_q1,h19,平成19年度,,1,2,民法・借地借家法,危険負担と報酬債権,single_choice,true_false,一定の役務提供契約では、当事者双方の責めに帰することができない事由によって役務の提供ができなくなっても、報酬債権は常に消滅しない。,0,×,この記述は誤りです。役務提供が不能になった場合でも、報酬債権が常にそのまま残るわけではありません。元の文は「常に消滅しない」と断定しすぎています。,民法（契約総論）,「常に」を残したまま×文として整理。,rewritten
official_h19_q1_c3,official,管理業務主任者問題確認一覧.csv,h19_q1,h19,平成19年度,,1,3,民法・借地借家法,履行遅滞と解除,single_choice,true_false,当事者の一方が履行期に債務を履行しないときは、相手方は催告をしなくても直ちに契約を解除できる。,0,×,この記述は誤りです。履行遅滞を理由とする解除では、原則として相当期間を定めた催告が必要です。,民法541条,問いかけ表現を除去し断定文へ変換。,rewritten
official_h19_q1_c4,official,管理業務主任者問題確認一覧.csv,h19_q1,h19,平成19年度,,1,4,民法・借地借家法,解除と損害賠償,single_choice,true_false,契約を解除したときは、損害賠償を請求することはできない。,0,×,この記述は誤りです。契約を解除しても、損害賠償請求が妨げられるわけではありません。,民法545条,元の「解除権を行使したとき」を一問一答向けに簡潔化。,rewritten
official_h19_q3_c1,official,管理業務主任者問題確認一覧.csv,h19_q3,h19,平成19年度,,3,1,民法・借地借家法,使用貸借,single_choice,true_false,使用貸借では、借主が死亡したときは、原則として相続人は目的物を明け渡さなければならない。,1,○,この記述は正しいです。使用貸借は借主の死亡によって終了するのが原則なので、相続人は目的物を返還することになります。,民法（使用貸借）,「本件専有部分」を一般化して自然な断定文にした。,rewritten
official_h19_q3_c2,official,管理業務主任者問題確認一覧.csv,h19_q3,h19,平成19年度,,3,2,民法・借地借家法,使用貸借の必要費,single_choice,true_false,使用貸借の目的物について通常の必要費は、貸主が負担する。,0,×,この記述は誤りです。使用貸借では、通常の必要費は借主が負担するのが原則です。,民法（使用貸借）,「本件専有部分」を一般化。,rewritten
official_h19_q3_c3,official,管理業務主任者問題確認一覧.csv,h19_q3,h19,平成19年度,,3,3,民法・借地借家法,使用貸借と瑕疵責任,single_choice,true_false,使用貸借の貸主は、賃貸借の賃貸人と同じく、目的物の瑕疵について常に担保責任を負う。,0,×,この記述は誤りです。使用貸借の貸主が責任を負うのは、瑕疵を知りながら告げなかった場合などに限られ、賃貸借と同じように常に責任を負うわけではありません。,民法（使用貸借）,「常に」を残して×文として処理。,rewritten
official_h19_q3_c4,official,管理業務主任者問題確認一覧.csv,h19_q3,h19,平成19年度,,3,4,民法・借地借家法,使用貸借の返還時期,single_choice,true_false,返還時期を定めた使用貸借でも、貸主は自己が使用する必要があれば、いつでも返還請求できる。,0,×,この記述は誤りです。返還時期を定めた使用貸借では、貸主がいつでも自由に返還請求できるわけではありません。,民法（使用貸借）,事例主語を一般化。,rewritten
original_orig_set01_q1_c1,original,管理業務主任者オリジナル実践演習問題500問.csv,orig_set01_q1,,,orig_set01,1,1,民法・借地借家法,同時履行の抗弁,single_choice,true_false,AがBに建物を売り渡し、引渡し日と代金支払日が同一の日とされている場合、Bが代金の履行の提供をしないときは、Aは建物の引渡しを拒むことができる。,1,○,この記述は正しいです。引渡しと代金支払が同時履行関係にあるため、Bが履行の提供をしない限り、Aは引渡しを拒むことができます。,民法533条,事例文はそのまま使えるため最小限修正。,rewritten
original_orig_set01_q1_c2,original,管理業務主任者オリジナル実践演習問題500問.csv,orig_set01_q1,,,orig_set01,1,2,民法・借地借家法,同時履行の抗弁,single_choice,true_false,双務契約の一方当事者は、相手方の債務がまだ弁済期にない場合でも、相手方が将来履行しないおそれがあるときは、当然に自己の履行を拒むことができる。,0,×,この記述は誤りです。同時履行の抗弁は、相手方の債務が弁済期にあることが前提なので、まだ弁済期にない段階では当然には認められません。,民法533条,「当然に」を残して×文として処理。,rewritten
original_orig_set01_q1_c3,original,管理業務主任者オリジナル実践演習問題500問.csv,orig_set01_q1,,,orig_set01,1,3,民法・借地借家法,同時履行の抗弁,single_choice,true_false,双務契約の一方当事者は、相手方が履行しないときは、催告をしなくても、常に直ちに契約を解除することができるから、自己の履行を拒む必要はない。,0,×,この記述は誤りです。債務不履行があっても、解除には原則として催告が必要であり、常に直ちに解除できるわけではありません。,民法541条,解除論点と同時履行抗弁の違いが見えるように残した。,rewritten
original_orig_set01_q1_c4,original,管理業務主任者オリジナル実践演習問題500問.csv,orig_set01_q1,,,orig_set01,1,4,民法・借地借家法,同時履行の抗弁,single_choice,true_false,双務契約の一方当事者が同時履行の抗弁を主張したときは、相手方に対する損害賠償請求権も当然に失われる。,0,×,この記述は誤りです。同時履行の抗弁は履行を拒めるという抗弁にとどまり、損害賠償請求権が当然に消えるわけではありません。,民法533条,「当然に失われる」を誤りの核として残した。,rewritten
original_orig_set01_q2_c1,original,管理業務主任者オリジナル実践演習問題500問.csv,orig_set01_q2,,,orig_set01,2,1,民法・借地借家法,履行遅滞と解除,case_based,true_false,売買契約において、売主が履行期に引渡しをしなかったときは、買主は催告をしなくても、常に直ちに契約を解除することができる。,0,×,この記述は誤りです。単なる履行遅滞では、原則として相当期間を定めた催告が必要です。,民法541条,元の「常に」を維持して×文化。,rewritten
original_orig_set01_q2_c2,original,管理業務主任者オリジナル実践演習問題500問.csv,orig_set01_q2,,,orig_set01,2,2,民法・借地借家法,履行遅滞と解除,case_based,true_false,請負契約において、仕事の完成が全部不能となった場合でも、注文者は、相当の期間を定めて催告をしなければ契約を解除することができない。,0,×,この記述は誤りです。履行が全部不能であれば、無催告解除が認められる場面があります。,民法542条,全部不能の場面として整理。,rewritten
original_orig_set01_q2_c3,original,管理業務主任者オリジナル実践演習問題500問.csv,orig_set01_q2,,,orig_set01,2,3,民法・借地借家法,履行遅滞と解除,case_based,true_false,特定の日までにマンション総会資料を印刷して納品しなければ契約の目的を達することができない契約で、その日までに履行がされなかったときは、注文者は催告をしないで契約を解除することができる。,1,○,この記述は正しいです。特定の時までに履行しなければ契約目的を達成できない場合には、催告をしないで解除できることがあります。,民法542条,時期遅れで目的達成不能となる事例をそのまま採用。,rewritten
original_orig_set01_q2_c4,original,管理業務主任者オリジナル実践演習問題500問.csv,orig_set01_q2,,,orig_set01,2,4,民法・借地借家法,履行遅滞と解除,case_based,true_false,相当の期間を定めて履行を催告し、その期間内に履行がなくても、不履行が軽微であれば債権者は必ず契約を解除することができる。,0,×,この記述は誤りです。催告後に履行がなくても、不履行が契約や取引上の社会通念に照らして軽微であれば解除はできません。,民法541条,軽微性を明示して×文化。,rewritten
original_orig_set01_q3_c1,original,管理業務主任者オリジナル実践演習問題500問.csv,orig_set01_q3,,,orig_set01,3,1,民法・借地借家法,無断転貸と賃貸借解除,single_choice,true_false,賃借人が賃貸人の承諾を得ずに第三者へ転貸したときは、転貸借契約は当然に無効となる。,0,×,この記述は誤りです。無断転貸があっても、転貸借契約が当然に無効になるわけではありません。,民法612条,事例主語A・B・Cを一般化。,rewritten
original_orig_set01_q3_c2,original,管理業務主任者オリジナル実践演習問題500問.csv,orig_set01_q3,,,orig_set01,3,2,民法・借地借家法,無断転貸と賃貸借解除,single_choice,true_false,賃借人が賃貸人の承諾を得ずに第三者へ転貸しても、賃貸人は賃貸借契約を解除することができない。,0,×,この記述は誤りです。無断転貸があれば、賃貸人は賃貸借契約を解除することができます。,民法612条,元の結論を簡潔化。,rewritten
original_orig_set01_q3_c3,original,管理業務主任者オリジナル実践演習問題500問.csv,orig_set01_q3,,,orig_set01,3,3,民法・借地借家法,無断転貸と賃貸借解除,single_choice,true_false,賃借人が賃貸人の承諾を得ずに第三者に使用させても、賃料を支払っている限り、賃貸人は何ら主張することができない。,0,×,この記述は誤りです。賃料を支払っていても、無断転貸があれば賃貸人は解除権を主張し得ます。,民法612条,無断転貸の効果が見えるように一般化。,rewritten
original_orig_set01_q3_c4,original,管理業務主任者オリジナル実践演習問題500問.csv,orig_set01_q3,,,orig_set01,3,4,民法・借地借家法,無断転貸と賃貸借解除,single_choice,true_false,賃借人が賃貸人の承諾を得ずに第三者に使用させたときは、賃貸人は賃貸借契約を解除することができる。,1,○,この記述は正しいです。賃借人が賃貸人の承諾なく第三者に使用又は収益をさせたときは、賃貸人は契約を解除することができます。,民法612条,元の正答肢をそのまま一問一答化。,rewritten
official_h19_q5_a,official,管理業務主任者問題確認一覧.csv,h19_q5,h19,平成19年度,,5,ア,民法・借地借家法,共有と区分所有,combination,true_false,共有の専有部分の管理に関する事項は、共有者の頭数及び各持分の価格の各過半数で決する。,0,×,この記述は誤りです。共有物の管理は、頭数ではなく持分価格の過半数で決するのが原則です。,民法（共有）,元の条文比較問題からアだけを独立させた。,rewritten
official_h19_q5_i,official,管理業務主任者問題確認一覧.csv,h19_q5,h19,平成19年度,,5,イ,民法・借地借家法,共有物分割,combination,true_false,共有者は、分割をしない旨の契約がない限り、いつでも共有物の分割を請求することができる。,1,○,この記述は正しいです。共有者は、分割禁止の特約がない限り、いつでも共有物の分割を請求できます。,民法（共有物分割）,「301号室」の個別事情を一般化した。,rewritten
official_h19_q5_u,official,管理業務主任者問題確認一覧.csv,h19_q5,h19,平成19年度,,5,ウ,民法・借地借家法,占有の推定,combination,true_false,占有者は、所有の意思をもって、善意で、平穏に、かつ、公然と占有しているものと推定される。,1,○,この記述は正しいです。占有者については、所有の意思、善意、平穏、公然占有が推定されます。,民法186条,元の占有に関する文を自然な断定文に整えた。,rewritten
official_h19_q5_e,official,管理業務主任者問題確認一覧.csv,h19_q5,h19,平成19年度,,5,エ,民法・借地借家法,時効取得と共用部分持分,combination,true_false,専有部分を時効取得しても、それに従たる共用部分の持分を一体として取得することはできない。,0,×,この記述は誤りです。専有部分を時効取得すれば、それに従たる共用部分の持分も一体として取得するのが原則です。,区分所有法,説明文の結論が見えるように「一体として」を残した。,rewritten
official_h19_q8_a,official,管理業務主任者問題確認一覧.csv,h19_q8,h19,平成19年度,,8,ア,標準管理委託契約書・指針,管理事務費用負担,count,true_false,マンション標準管理委託契約書では、管理員室、管理用倉庫、清掃員控室、器具、備品等は、管理組合が管理業者に無償で使用させるものとされている。,1,○,この記述は正しいです。管理員室や管理用倉庫、備品等を管理組合が無償で使用させるという整理は、標準管理委託契約書の考え方に沿います。,マンション標準管理委託契約書,元文を一問一答向けに一文化。,rewritten
official_h19_q8_i,official,管理業務主任者問題確認一覧.csv,h19_q8,h19,平成19年度,,8,イ,標準管理委託契約書・指針,定額委託業務費以外の精算,count,true_false,マンション標準管理委託契約書では、定額委託業務費以外の業務費について、各業務終了後に精算の上で支払う方法が予定されている。,1,○,この記述は正しいです。定額委託業務費以外の業務費は、業務終了後に精算の上で支払う考え方がとられています。,マンション標準管理委託契約書,支払方法の骨格を残して簡潔化。,rewritten
official_h19_q8_u,official,管理業務主任者問題確認一覧.csv,h19_q8,h19,平成19年度,,8,ウ,標準管理委託契約書・指針,定額委託業務費の定義,count,true_false,定額委託業務費とは、委託業務費のうち、その負担方法が定額で、かつ精算を要しない費用をいう。,1,○,この記述は正しいです。定額委託業務費とは、負担方法が定額で、精算を要しない費用を指します。,マンション標準管理委託契約書,定義文なのでそのまま活かした。,rewritten
official_h19_q8_e,official,管理業務主任者問題確認一覧.csv,h19_q8,h19,平成19年度,,8,エ,標準管理委託契約書・指針,水道光熱費等の負担,count,true_false,マンション管理業者が管理事務を実施するのに伴い必要となる水道光熱費等の諸費用の負担は、その都度、管理組合と管理業者が協議して決定する。,0,×,この記述は誤りです。水道光熱費等の負担は、その都度の協議に委ねるのではなく、契約上あらかじめ整理しておくべき事項です。,マンション標準管理委託契約書,「その都度」を残して誤りの核を明確化した。,rewritten
original_orig_set01_q4_a,original,管理業務主任者オリジナル実践演習問題500問.csv,orig_set01_q4,,,orig_set01,4,ア,民法・借地借家法,債務承認と時効,count,true_false,管理費債権は、債権者が権利を行使することができることを知った時から5年間行使しないときは、原則として時効により消滅する。,1,○,この記述は正しいです。債権は、権利を行使できることを知った時から5年間行使しないときは、原則として時効により消滅します。,民法166条,元のア文はそのまま一問一答化しやすい。,rewritten
original_orig_set01_q4_i,original,管理業務主任者オリジナル実践演習問題500問.csv,orig_set01_q4,,,orig_set01,4,イ,民法・借地借家法,債務承認と時効,count,true_false,滞納者が、滞納管理費の一部であることを明示して金銭を支払ったときは、その行為は債務の承認に当たり得る。,1,○,この記述は正しいです。滞納額の一部であることを明示した支払は、債務の承認に当たり得ます。,民法（時効の更新）,管理費滞納の文脈を維持した。,rewritten
original_orig_set01_q4_u,original,管理業務主任者オリジナル実践演習問題500問.csv,orig_set01_q4,,,orig_set01,4,ウ,民法・借地借家法,債務承認と時効,count,true_false,債務の承認があっても、それまで進行していた時効期間はそのまま維持され、残り期間だけが進行する。,0,×,この記述は誤りです。債務の承認があると、それまで進行していた時効は更新され、残り期間だけがそのまま進むわけではありません。,民法152条,時効更新の効果が見えるように原文を維持した。,rewritten
original_orig_set01_q4_e,original,管理業務主任者オリジナル実践演習問題500問.csv,orig_set01_q4,,,orig_set01,4,エ,民法・借地借家法,債務承認と時効,count,true_false,債務の承認は、訴えの提起その他の裁判上の手続によってのみすることができ、一部弁済や支払約束では足りない。,0,×,この記述は誤りです。債務の承認は裁判上の手続に限られず、一部弁済や支払約束などでも認められ得ます。,民法（時効の更新）,誤りの核がはっきりしているのでそのまま採用。,rewritten
original_orig_set01_q8_a,original,管理業務主任者オリジナル実践演習問題500問.csv,orig_set01_q8,,,orig_set01,8,ア,区分所有法,総会決議要件,combination,true_false,区分所有法上、管理者の選任は、区分所有者及び議決権の各4分の3以上の多数による決議を要する。,0,×,この記述は誤りです。管理者の選任は、原則として過半数決議で足ります。,区分所有法39条,「各4分の3以上」が必要かどうかを単独判定できる形にした。,rewritten
original_orig_set01_q8_i,original,管理業務主任者オリジナル実践演習問題500問.csv,orig_set01_q8,,,orig_set01,8,イ,区分所有法,総会決議要件,combination,true_false,区分所有法上、規約の変更は、区分所有者及び議決権の各4分の3以上の多数による決議を要する。,1,○,この記述は正しいです。規約の変更は、原則として区分所有者及び議決権の各4分の3以上の多数による決議を要します。,区分所有法31条,条文知識としてそのまま一問一答化しやすい。,rewritten
original_orig_set01_q8_u,original,管理業務主任者オリジナル実践演習問題500問.csv,orig_set01_q8,,,orig_set01,8,ウ,区分所有法,総会決議要件,combination,true_false,区分所有法上、義務違反行為をした区分所有者に対し、専有部分の使用禁止を求める訴えの提起を決議するには、区分所有者及び議決権の各4分の3以上の多数を要する。,1,○,この記述は正しいです。使用禁止請求に関する決議は、各4分の3以上の多数による決議を要します。,区分所有法58条2項,訴え提起決議の要件として整理。,rewritten
original_orig_set01_q8_e,original,管理業務主任者オリジナル実践演習問題500問.csv,orig_set01_q8,,,orig_set01,8,エ,区分所有法,総会決議要件,combination,true_false,区分所有法上、共用部分の管理に関する通常の事項を決するには、区分所有者及び議決権の各4分の3以上の多数を要する。,0,×,この記述は誤りです。共用部分の通常の管理事項は、原則として過半数決議で足ります。,区分所有法39条,通常管理事項と特別決議事項の区別が分かるようにした。,rewritten
official_h19_q4_c1,official,管理業務主任者問題確認一覧.csv,h19_q4,h19,平成19年度,,4,1,民法・借地借家法,賃料債権の先取特権,single_choice,true_false,賃貸人の賃料債権についての先取特権は、賃借人が賃借物に備え付けた動産について存在する。,1,○,この記述は正しいです。賃貸人の先取特権は、賃借物に備え付けられた動産に及びます。,民法（先取特権）,「本件専有部分」を賃借物に一般化。,rewritten
official_h19_q4_c2,official,管理業務主任者問題確認一覧.csv,h19_q4,h19,平成19年度,,4,2,民法・借地借家法,転借人の動産と先取特権,single_choice,true_false,賃借人が賃貸人の承諾を得て第三者に転貸した場合、賃貸人の賃料債権についての先取特権は、転借人の動産にも及ぶ。,1,○,この記述は正しいです。承諾のある転貸であれば、賃貸人の先取特権は転借人の動産にも及びます。,民法（先取特権）,承諾転貸の要素を残した。,rewritten
official_h19_q4_c3,official,管理業務主任者問題確認一覧.csv,h19_q4,h19,平成19年度,,4,3,民法・借地借家法,動産売却後の先取特権,single_choice,true_false,賃貸人の賃料債権についての先取特権は、賃借人が賃借物に備え付けた動産を第三者に売却して引き渡した後は、その動産について行使することができない。,1,○,この記述は正しいです。第三者に売却され引き渡された後は、その動産自体に対して先取特権を行使することはできません。,民法（先取特権）,第三者名を一般化。,rewritten
official_h19_q4_c4,official,管理業務主任者問題確認一覧.csv,h19_q4,h19,平成19年度,,4,4,民法・借地借家法,物上代位,single_choice,true_false,賃貸人の賃料債権についての先取特権は、賃借人が賃借物に備え付けた動産を売却した場合に、その売買代金債権に対して行使することはできない。,0,×,この記述は誤りです。売却によって賃借人が受けるべき金銭に対しては、物上代位により先取特権を行使し得ます。,民法（先取特権・物上代位）,「Eから受けるべき金銭」を売買代金債権に言い換えた。,rewritten
official_h19_q6_c1,official,管理業務主任者問題確認一覧.csv,h19_q6,h19,平成19年度,,6,1,民法・借地借家法,無断転貸の効力,single_choice,true_false,賃借人が賃貸人の承諾を得ずに第三者へ転貸しても、賃借人と第三者との間の転貸借契約自体は有効であり、賃借人は第三者に賃料を請求することができる。,1,○,この記述は正しいです。無断転貸であっても、賃借人と第三者の間の転貸借契約自体は有効です。,民法612条・判例,元のA-C表現を一般化。,rewritten
official_h19_q6_c2,official,管理業務主任者問題確認一覧.csv,h19_q6,h19,平成19年度,,6,2,民法・借地借家法,転貸借契約の解除,single_choice,true_false,賃貸人の承諾が得られない無断転貸の場合、転借人は賃借人に対して転貸借契約を解除することができる。,1,○,この記述は正しいです。賃貸人の承諾が得られないことで、転借人が賃借人に対して契約解除を問題にできる場面があります。,民法・判例実務,元の結論を保って簡潔化。,rewritten
official_h19_q6_c3,official,管理業務主任者問題確認一覧.csv,h19_q6,h19,平成19年度,,6,3,民法・借地借家法,無断転貸と解除権,single_choice,true_false,賃借人が無断転貸に基づいて第三者に使用させたときは、賃貸人は賃貸借契約を解除することができる。,1,○,この記述は正しいです。無断転貸は、賃貸人による賃貸借契約の解除原因となります。,民法612条,基本効果としてそのまま採用。,rewritten
official_h19_q6_c4,official,管理業務主任者問題確認一覧.csv,h19_q6,h19,平成19年度,,6,4,民法・借地借家法,所有権に基づく明渡請求,single_choice,true_false,賃貸人は、賃借人との賃貸借契約を解除しない限り、転借人に対して所有権に基づく明渡しを請求することはできない。,0,×,この記述は誤りです。賃貸人は、賃貸借契約を解除しなければ何もできないわけではなく、所有権に基づく明渡しを求め得ます。,民法・判例,「何もできないわけではない」という解説趣旨を反映。,rewritten
official_h19_q10_c1,official,管理業務主任者問題確認一覧.csv,h19_q10,h19,平成19年度,,10,1,民法・借地借家法,管理費滞納と遅延損害金,single_choice,true_false,管理規約に遅延損害金の定めがない場合、管理組合は滞納管理費の元本のみ請求でき、遅延損害金を請求することはできない。,0,×,この記述は誤りです。規約に特約がなくても、法定の遅延損害金を請求し得る場面があります。,民法（法定利率等）,「元本のみ」を誤りの核として残した。,rewritten
official_h19_q10_c2,official,管理業務主任者問題確認一覧.csv,h19_q10,h19,平成19年度,,10,2,民法・借地借家法,債務承認と管理費滞納,single_choice,true_false,管理費の滞納者が、滞納の事実を認めたうえで、滞納管理費の一部であることを明示して支払った場合、全額について時効の完成猶予や更新に関わる効果が生じ得る。,1,○,この記述は正しいです。滞納の事実を認めて一部弁済をすれば、債務の承認に当たり、時効の完成猶予や更新に関わる効果が生じ得ます。,民法（時効の更新）,現行解説に合わせて効果を言い換えた。,rewritten
official_h19_q10_c3,official,管理業務主任者問題確認一覧.csv,h19_q10,h19,平成19年度,,10,3,民法・借地借家法,相続放棄と滞納管理費,single_choice,true_false,管理費の滞納者が死亡し、その相続人が相続放棄をしたときは、管理組合は管理費について一切請求することができない。,0,×,この記述は誤りです。相続放棄があっても、直ちに全て請求不能になるわけではなく、相続財産管理など別途の検討が必要です。,民法（相続）・管理費回収実務,「一切」を残して誤りを明確化。,rewritten
official_h19_q10_c4,official,管理業務主任者問題確認一覧.csv,h19_q10,h19,平成19年度,,10,4,民法・借地借家法,特定承継人の管理費債務,single_choice,true_false,区分所有権の買主が前区分所有者の滞納管理費の事実や額を知らず、かつ過失もないときは、管理組合に対してその支払義務を負わない。,0,×,この記述は誤りです。管理費債務は特定承継人にも承継されるため、買主が善意無過失でも支払義務を免れません。,区分所有法8条・7条実務,買主の善意無過失では免れない点を明示。,rewritten
official_h19_q35_a,official,管理業務主任者問題確認一覧.csv,h19_q35,h19,平成19年度,,35,ア,区分所有法,敷地利用権の定義,count,true_false,敷地利用権とは、専有部分を所有するための建物の敷地に関する権利をいう。,1,○,この記述は正しいです。敷地利用権の定義として、そのとおりです。,区分所有法2条6項,定義文なのでそのまま活用。,rewritten
official_h19_q35_i,official,管理業務主任者問題確認一覧.csv,h19_q35,h19,平成19年度,,35,イ,区分所有法,規約敷地,count,true_false,規約敷地は、法定敷地と隣接していなくてもよい。,1,○,この記述は正しいです。規約敷地は、法定敷地と必ずしも隣接している必要はありません。,区分所有法5条,短くても意味が完結しているためそのまま採用。,rewritten
official_h19_q35_u,official,管理業務主任者問題確認一覧.csv,h19_q35,h19,平成19年度,,35,ウ,区分所有法,敷地利用権の権利形態,count,true_false,敷地利用権は、数人で有する所有権の共有でなくてもよい。,1,○,この記述は正しいです。敷地利用権は、共有以外の権利形態である場合もあります。,区分所有法2条6項,「所有権（共有）」を簡潔化。,rewritten
official_h19_q35_e,official,管理業務主任者問題確認一覧.csv,h19_q35,h19,平成19年度,,35,エ,区分所有法,分離処分,count,true_false,専有部分とその専有部分に係る敷地利用権とを分離して処分することができる旨の規約の定めは、無効である。,0,×,この記述は誤りです。専有部分と敷地利用権の分離処分は、規約で認める余地があります。,区分所有法22条,誤りの核をそのまま残した。,rewritten
official_h19_q7_c1,official,管理業務主任者問題確認一覧.csv,h19_q7,h19,平成19年度,,7,1,標準管理委託契約書・指針,宅建業者への情報開示,single_choice,true_false,マンションの専有部分を含む修繕の実施状況については、マンション管理業者は一律に書面で開示しなければならない。,0,×,この記述は誤りです。標準管理委託契約書は、専有部分まで含めた修繕履歴を一律に書面開示する趣旨ではありません。,マンション標準管理委託契約書,「一律に」を残して誤りの核を明確化。,rewritten
official_h19_q7_c2,official,管理業務主任者問題確認一覧.csv,h19_q7,h19,平成19年度,,7,2,標準管理委託契約書・指針,管理規約写しの提供,single_choice,true_false,管理規約の写しを提供するときは、管理業務主任者の記名押印が必須である。,0,×,この記述は誤りです。管理規約の写しの提供に、管理業務主任者の記名押印が必須とされているわけではありません。,マンション標準管理委託契約書,記名押印必須論を単文化。,rewritten
official_h19_q7_c3,official,管理業務主任者問題確認一覧.csv,h19_q7,h19,平成19年度,,7,3,標準管理委託契約書・指針,電磁的記録の開示,single_choice,true_false,管理規約が電磁的記録で作成されている場合は、記録内容を画面表示するだけで足りる。,0,×,この記述は誤りです。電磁的記録だからといって、単に画面表示するだけで足りるという整理ではありません。,マンション標準管理委託契約書,「だけで足りる」を誤りの核として残した。,rewritten
official_h19_q7_c4,official,管理業務主任者問題確認一覧.csv,h19_q7,h19,平成19年度,,7,4,標準管理委託契約書・指針,修繕積立金積立総額の開示,single_choice,true_false,管理組合の修繕積立金積立総額については、書面で開示するものとされている。,1,○,この記述は正しいです。修繕積立金積立総額は、書面で開示する情報の代表例です。,マンション標準管理委託契約書,正答肢をそのまま一問一答化。,rewritten
official_h19_q9_c1,official,管理業務主任者問題確認一覧.csv,h19_q9,h19,平成19年度,,9,1,標準管理委託契約書・指針,事務管理業務,single_choice,true_false,マンション標準管理委託契約書では、組合員別管理費等負担額一覧表を毎月管理組合へ提出することまでを、当然の事務管理業務として求めている。,0,×,この記述は誤りです。組合員別管理費等負担額一覧表を毎月提出することまでを、当然の事務管理業務として求めているわけではありません。,マンション標準管理委託契約書,最も不適切肢を×文に変換。,rewritten
official_h19_q9_c2,official,管理業務主任者問題確認一覧.csv,h19_q9,h19,平成19年度,,9,2,標準管理委託契約書・指針,外注修繕の企画調整,single_choice,true_false,管理組合が第三者へマンションの維持又は修繕を外注する場合、管理業者がその企画又は実施の調整を行うことは、標準管理委託契約書に沿う。,1,○,この記述は正しいです。外注修繕等の企画や実施の調整は、管理実務と結び付きの強い内容です。,マンション標準管理委託契約書,「大規模修繕を除く」趣旨を保ちつつ簡潔化。,rewritten
official_h19_q9_c3,official,管理業務主任者問題確認一覧.csv,h19_q9,h19,平成19年度,,9,3,標準管理委託契約書・指針,組合員等名簿の整備,single_choice,true_false,管理組合の異動届に基づき、組合員及び賃借人等の氏名や連絡先を記載した名簿を整備することは、標準管理委託契約書に沿う。,1,○,この記述は正しいです。組合員や賃借人等の名簿整備は、管理実務との結び付きが強い内容です。,マンション標準管理委託契約書,元文をそのまま自然化。,rewritten
official_h19_q9_c4,official,管理業務主任者問題確認一覧.csv,h19_q9,h19,平成19年度,,9,4,標準管理委託契約書・指針,点検結果の報告と助言,single_choice,true_false,管理対象部分の点検や検査の結果を管理組合に報告し、改善が必要な事項について文書で具体的方策を助言することは、標準管理委託契約書に沿う。,1,○,この記述は正しいです。点検結果の報告と改善方策の助言は、管理実務と強く結び付いた内容です。,マンション標準管理委託契約書,報告と助言を一文に整理。,rewritten
official_h19_q12_c1,official,管理業務主任者問題確認一覧.csv,h19_q12,h19,平成19年度,,12,1,標準管理規約,管理費不足と追加負担,single_choice,true_false,収支決算の結果、管理費等に不足が生じた場合、各区分所有者に追加負担を求めるには、理事会の決議を経れば足りる。,0,×,この記述は誤りです。各区分所有者に追加負担を求めるのであれば、理事会決議だけで足りるのではなく、総会での承認を要します。,マンション標準管理規約,「理事会決議で足りる」を誤りの核として残した。,rewritten
official_h19_q12_c2,official,管理業務主任者問題確認一覧.csv,h19_q12,h19,平成19年度,,12,2,標準管理規約,収支予算の変更,single_choice,true_false,収支予算を変更しようとするときは、理事長はその案を臨時総会に提出し、承認を得なければならない。,1,○,この記述は正しいです。収支予算の変更には、総会の承認が必要です。,マンション標準管理規約,元文をほぼそのまま採用。,rewritten
official_h19_q12_c3,official,管理業務主任者問題確認一覧.csv,h19_q12,h19,平成19年度,,12,3,標準管理規約,特別の管理に要する経費と借入れ,single_choice,true_false,管理組合が特別の管理に要する経費に充てるため借入れをするには、総会の決議を経なければならない。,1,○,この記述は正しいです。特別の管理に要する経費のための借入れには、総会の決議が必要です。,マンション標準管理規約,簡潔な断定文に整理。,rewritten
official_h19_q12_c4,official,管理業務主任者問題確認一覧.csv,h19_q12,h19,平成19年度,,12,4,標準管理規約,修繕積立金の保管運用,single_choice,true_false,修繕積立金の保管及び運用方法を決めるには、総会の決議を経なければならない。,1,○,この記述は正しいです。修繕積立金の保管及び運用方法は、総会の決議を要する事項です。,マンション標準管理規約,条文趣旨が明確なためそのまま採用。,rewritten
official_h19_q13_c1,official,管理業務主任者問題確認一覧.csv,h19_q13,h19,平成19年度,,13,1,会計・税務,正規の簿記の原則,single_choice,true_false,企業会計原則の正規の簿記の原則は、整然かつ明瞭な会計帳簿の作成を求めるものであり、管理組合会計でも複式簿記による会計帳簿の作成が望ましい。,1,○,この記述は正しいです。正規の簿記の原則は整然・明瞭な帳簿作成を求めるもので、管理組合会計でも複式簿記が望ましく適しています。,企業会計原則,管理組合会計への当てはめまで含めて整理。,rewritten
official_h19_q13_c2,official,管理業務主任者問題確認一覧.csv,h19_q13,h19,平成19年度,,13,2,会計・税務,明瞭性の原則,single_choice,true_false,企業会計原則の明瞭性の原則は、財務諸表が利害関係者の判断を誤らせないよう、明瞭に表示されることを求める。,1,○,この記述は正しいです。明瞭性の原則は、財務諸表が明瞭に表示され、利害関係者の判断を誤らせないよう求めるものです。,企業会計原則,元文を簡潔化。,rewritten
official_h19_q13_c3,official,管理業務主任者問題確認一覧.csv,h19_q13,h19,平成19年度,,13,3,会計・税務,単一性の原則,single_choice,true_false,企業会計原則の単一性の原則は、各種利害関係者への報告目的による形式差を認めつつも、一つの正確な会計帳簿から作成されることを求め、二重帳簿を禁じる。,1,○,この記述は正しいです。単一性の原則は、一つの正確な会計帳簿から各財務諸表が作成されることを求め、二重帳簿を認めません。,企業会計原則,論点がぶれないよう要点のみ残した。,rewritten
official_h19_q13_c4,official,管理業務主任者問題確認一覧.csv,h19_q13,h19,平成19年度,,13,4,会計・税務,継続性の原則,single_choice,true_false,企業会計原則の継続性の原則は、会計処理の原則や手続を厳格に継続して適用することを求め、いかなる場合でも変更を認めない。,0,×,この記述は誤りです。継続性の原則は、会計処理をみだりに変えないことを求めますが、正当な理由があり影響を明らかにすれば変更自体が一切禁止されるわけではありません。,企業会計原則,「いかなる場合でも変更を認めない」を誤りの核にした。,rewritten
official_h19_q16_c1,official,管理業務主任者問題確認一覧.csv,h19_q16,h19,平成19年度,,16,1,会計・税務,消費税の課税対象,single_choice,true_false,管理組合が支払う管理報酬、修繕費、備品購入代、エレベーター管理保守料は、いずれも消費税の課税対象となる。,1,○,この記述は正しいです。管理組合が支払うこれらの対価性のある取引は、消費税の課税対象となります。,消費税法,列挙項目を一文に整理。,rewritten
official_h19_q16_c2,official,管理業務主任者問題確認一覧.csv,h19_q16,h19,平成19年度,,16,2,会計・税務,基準期間の課税売上高,single_choice,true_false,消費税の納税義務判定では、基準期間の課税売上高が1050万円であっても、備品譲渡による80万円が臨時収入なら差し引いて1000万円未満として扱うことができる。,0,×,この記述は誤りです。基準期間の課税売上高には、備品譲渡のような課税売上も原則として含めて判断するため、臨時収入だから差し引けるわけではありません。,消費税法,「臨時収入なら差し引ける」を誤りの核にした。,rewritten
official_h19_q16_c3,official,管理業務主任者問題確認一覧.csv,h19_q16,h19,平成19年度,,16,3,会計・税務,人格なき社団と納税義務,single_choice,true_false,消費税法上、法人格のない社団は法人とみなされるため、非法人管理組合や管理組合法人は事業者として納税義務者となり得る。,1,○,この記述は正しいです。法人格のない社団は消費税法上法人とみなされるため、管理組合も事業者として納税義務者となり得ます。,消費税法,「なり得る」で一般化。,rewritten
official_h19_q16_c4,official,管理業務主任者問題確認一覧.csv,h19_q16,h19,平成19年度,,16,4,会計・税務,人件費と不課税,single_choice,true_false,管理組合が雇用している従業員の人件費は不課税取引であり、消費税の課税対象とはならない。,1,○,この記述は正しいです。雇用に基づく人件費は不課税取引であり、消費税の課税対象とはなりません。,消費税法,元文を簡潔化して採用。,rewritten
official_h19_q17_c1,official,管理業務主任者問題確認一覧.csv,h19_q17,h19,平成19年度,,17,1,建築・設備,耐火性能,single_choice,true_false,耐火性能とは、通常の火災が終了するまでの間、当該火災による建築物の倒壊及び延焼を防止するために、建築物の部分に必要とされる性能をいう。,1,○,この記述は正しいです。耐火性能についての建築基準法上の定義に沿った説明です。,建築基準法2条,定義文なのでそのまま一問一答化しやすい。,rewritten
official_h19_q17_c2,official,管理業務主任者問題確認一覧.csv,h19_q17,h19,平成19年度,,17,2,建築・設備,準耐火性能,single_choice,true_false,準耐火性能とは、通常の火災による延焼を抑制するために、建築物の部分に必要とされる性能をいう。,1,○,この記述は正しいです。準耐火性能の説明として、法の定義に沿っています。,建築基準法2条,定義文をそのまま活用。,rewritten
official_h19_q17_c3,official,管理業務主任者問題確認一覧.csv,h19_q17,h19,平成19年度,,17,3,建築・設備,防火性能,single_choice,true_false,防火性能とは、当該建築物で発生した通常の火災が周囲建築物へ延焼することを抑制するために、当該建築物の内壁又は天井に必要とされる性能をいう。,0,×,この記述は誤りです。防火性能を内壁又は天井に必要とされる性能として捉える説明は、建築基準法上の定義とずれています。,建築基準法2条,元の誤答肢をそのまま×文化。,rewritten
official_h19_q17_c4,official,管理業務主任者問題確認一覧.csv,h19_q17,h19,平成19年度,,17,4,建築・設備,遮炎性能,single_choice,true_false,遮炎性能とは、通常の火災時における火炎を有効に遮るために、防火設備に必要とされる性能をいう。,1,○,この記述は正しいです。遮炎性能についての法令上の説明に沿っています。,建築基準法2条,定義の比較がしやすいよう原文を維持。,rewritten
official_h19_q18_c1,official,管理業務主任者問題確認一覧.csv,h19_q18,h19,平成19年度,,18,1,建築・設備,容積率算定,single_choice,true_false,建築基準法における容積率算定では、施行令第2条第1項第8号により階数に算入しない昇降機の屋上部分の床面積も、延べ面積には算入しなければならない。,1,○,この記述は正しいです。階数不算入の扱いがあっても、昇降機の屋上部分の床面積は延べ面積に算入する整理になります。,建築基準法・同施行令,「延べ面積には算入」を明示して一問一答化。,rewritten
official_h19_q18_c2,official,管理業務主任者問題確認一覧.csv,h19_q18,h19,平成19年度,,18,2,建築・設備,容積率算定と自動車車庫,single_choice,true_false,建築基準法における容積率算定では、自動車車庫の用途に供する部分の床面積は、常に延べ面積へすべて算入しなければならない。,0,×,この記述は誤りです。自動車車庫については、容積率計算で一定の不算入措置が認められることがあります。,建築基準法52条,「常に」「すべて」を残して誤りを明確化。,rewritten
official_h19_q18_c3,official,管理業務主任者問題確認一覧.csv,h19_q18,h19,平成19年度,,18,3,建築・設備,容積率算定と地階住宅部分,single_choice,true_false,建築基準法における容積率算定では、地階でその天井が地盤面からの高さ1m以下にある住宅部分の床面積は、常に延べ面積へすべて算入しなければならない。,0,×,この記述は誤りです。一定の地階住宅部分には、容積率計算で不算入措置が認められることがあります。,建築基準法52条,元の選択肢を断定文に整理。,rewritten
official_h19_q18_c4,official,管理業務主任者問題確認一覧.csv,h19_q18,h19,平成19年度,,18,4,建築・設備,容積率算定と共用廊下階段,single_choice,true_false,建築基準法における容積率算定では、共同住宅の共用の廊下や階段の床面積は、常に延べ面積へすべて算入しなければならない。,0,×,この記述は誤りです。共同住宅の共用廊下や階段についても、容積率計算で一定の不算入措置が認められることがあります。,建築基準法52条,「常に」を残して誤答肢の性質を維持。,rewritten
official_h19_q20_c1,official,管理業務主任者問題確認一覧.csv,h19_q20,h19,平成19年度,,20,1,建築・設備,乗用エレベーターの積載荷重,single_choice,true_false,乗用エレベーターのかごの積載荷重の最小値は、単位床面積当たりでは、床面積が小さいものほど大きくしなければならない。,0,×,この記述は誤りです。積載荷重の説明として、建築基準法令上の基準と一致していません。,建築基準法関係法令,元の誤答肢をそのまま×文化。,rewritten
official_h19_q20_c2,official,管理業務主任者問題確認一覧.csv,h19_q20,h19,平成19年度,,20,2,建築・設備,最大定員の算定,single_choice,true_false,乗用エレベーターの最大定員の算定では、1人当たりの体重を60kgとして計算しなければならない。,0,×,この記述は誤りです。最大定員の算定についてのこの説明は、法令基準と一致していません。,建築基準法関係法令,数字基準の誤りをそのまま保持。,rewritten
official_h19_q20_c3,official,管理業務主任者問題確認一覧.csv,h19_q20,h19,平成19年度,,20,3,建築・設備,出入口床先間距離,single_choice,true_false,エレベーターの出入口の床先とかごの床先の水平距離は、6cm以下としなければならない。,0,×,この記述は誤りです。出入口の床先間距離の説明として、法令基準と一致していません。,建築基準法関係法令,基準数値の正誤をそのまま問える文にした。,rewritten
official_h19_q20_c4,official,管理業務主任者問題確認一覧.csv,h19_q20,h19,平成19年度,,20,4,建築・設備,昇降路内の光ファイバー,single_choice,true_false,光ファイバー又は光ファイバーケーブルで電気導体を組み込んでいないものは、昇降機に必要な配管設備でなくても、昇降路内に設けることができる場合がある。,1,○,この記述は正しいです。昇降路内には原則として昇降機に関係のない設備を設けませんが、一定の光ファイバー等は認められる場合があります。,建築基準法関係法令,正答肢をそのまま自然化。,rewritten
official_h19_q29_c1,official,管理業務主任者問題確認一覧.csv,h19_q29,h19,平成19年度,,29,1,標準管理規約,売却時の買主資格審査,single_choice,true_false,専有部分を売却する場合に、あらかじめ管理組合へ届け出て、買主の資格審査を受け、その承認を得なければならないとする管理規約の定めは有効である。,0,×,この記述は誤りです。買主資格審査によって売却を制限する定めは、区分所有法上の限界との関係で問題があります。,区分所有法・管理規約実務,最も適切問題の誤答肢を×文へ変換。,rewritten
official_h19_q29_c2,official,管理業務主任者問題確認一覧.csv,h19_q29,h19,平成19年度,,29,2,標準管理規約,使用禁止訴訟と理事会決議,single_choice,true_false,理事会の決議だけで、共同の利益に反する行為をした区分所有者に対する専有部分使用禁止の訴訟を提起できるとする管理規約の定めは有効である。,0,×,この記述は誤りです。理事会決議だけで使用禁止訴訟を提起できるとする定めは、区分所有法上の限界との関係で問題があります。,区分所有法58条,「理事会の決議だけで」を誤りの核にした。,rewritten
official_h19_q29_c3,official,管理業務主任者問題確認一覧.csv,h19_q29,h19,平成19年度,,29,3,標準管理規約,消防設備点検のための立入り,single_choice,true_false,消防用設備等の点検のため、専有部分内へ強制的に立ち入ることができるとする管理規約の定めは有効である。,0,×,この記述は誤りです。専有部分への強制的な立入りを広く認める定めは、区分所有法上の限界との関係で問題があります。,標準管理規約・区分所有法,「強制的に」を残して違和感なく×文化。,rewritten
official_h19_q29_c4,official,管理業務主任者問題確認一覧.csv,h19_q29,h19,平成19年度,,29,4,標準管理規約,滞納管理費と弁護士費用,single_choice,true_false,管理費滞納者に対し、遅延損害金のほか、違約金としての弁護士費用や督促及び徴収の諸費用を加算して請求できるとする管理規約の定めは有効である。,1,○,この記述は正しいです。管理費滞納者に対して、遅延損害金に加えて弁護士費用や督促・徴収の諸費用を請求できる旨を規約で定めることは有効と考えられています。,標準管理規約・判例実務,正答肢をそのまま採用。,rewritten
official_h19_q30_c1,official,管理業務主任者問題確認一覧.csv,h19_q30,h19,平成19年度,,30,1,標準管理規約,総会代理出席,single_choice,true_false,占有者は、自分が賃借している住戸の区分所有者からの委任状があれば、代理人として総会に出席することができる。,1,○,この記述は正しいです。占有者でも、区分所有者から適法に委任されていれば、代理人として総会に出席することができます。,マンション標準管理規約,元文を自然な断定文として採用。,rewritten
official_h19_q30_c2,official,管理業務主任者問題確認一覧.csv,h19_q30,h19,平成19年度,,30,2,標準管理規約,専門家の総会出席,single_choice,true_false,組合員でないマンション管理士でも、理事会が必要と認めた場合は、総会に出席することができる。,1,○,この記述は正しいです。理事会が必要と認めた者は、総会に出席できる場合があります。,マンション標準管理規約,主語を整理して簡潔化。,rewritten
official_h19_q30_c3,official,管理業務主任者問題確認一覧.csv,h19_q30,h19,平成19年度,,30,3,標準管理規約,管理業者従業者の総会出席,single_choice,true_false,マンション管理業者の従業者は、その管理業者が総会運営補助業務を受託していても、常に総会へ出席できるとは限らない。,1,○,この記述は正しいです。管理業者の従業者だからといって、常に当然に総会へ出席できるわけではありません。,マンション標準管理規約,「常に」を残して真偽を明確化。,rewritten
official_h19_q30_c4,official,管理業務主任者問題確認一覧.csv,h19_q30,h19,平成19年度,,30,4,標準管理規約,規約違反者の総会出席,single_choice,true_false,組合員は、自分の行為の規約違反が総会の議題になっている場合、その総会に出席できるとは限らない。,0,×,この記述は誤りです。規約違反が議題になっているからといって、そのことだけで組合員が総会出席資格を失うわけではありません。,マンション標準管理規約,不適切肢をそのまま×文化。,rewritten
official_h19_q21_c1,official,管理業務主任者問題確認一覧.csv,h19_q21,h19,平成19年度,,21,1,建築・設備,非常用照明,single_choice,true_false,共同住宅では、住戸内に非常用の照明装置を設けない設計とすることができる場合がある。,1,○,この記述は正しいです。共同住宅の住戸内は、原則として非常用照明の設置対象外として扱われる場面があります。,建築基準法関係法令,原文の趣旨を保って簡潔化。,rewritten
official_h19_q21_c2,official,管理業務主任者問題確認一覧.csv,h19_q21,h19,平成19年度,,21,2,建築・設備,非常用照明の照度基準,single_choice,true_false,非常用照明が必要な部分は、蛍光灯の間接照明とし、床面から1mの高さで2ルクス以上の照度を確保しなければならない。,0,×,この記述は誤りです。非常用照明の照明方式や照度基準について、この説明は建築基準法上の基準と一致していません。,建築基準法関係法令,誤答肢の構造をそのまま一問一答へ転写。,rewritten
official_h19_q21_c3,official,管理業務主任者問題確認一覧.csv,h19_q21,h19,平成19年度,,21,3,建築・設備,予備電源の自動切替え,single_choice,true_false,非常用照明装置の予備電源は、常用電源が断たれたときに自動的に切り替わって接続され、常用電源が復旧したときには自動的に復帰するものでなければならない。,1,○,この記述は正しいです。予備電源は、停電時と復旧時の自動切替えが求められます。,建築基準法関係法令,条件文をそのまま自然化。,rewritten
official_h19_q21_c4,official,管理業務主任者問題確認一覧.csv,h19_q21,h19,平成19年度,,21,4,建築・設備,照度測定方法,single_choice,true_false,非常用照明装置の水平面照度は、十分に補正された低照度測定用照度計を用いる物理測定方法によって測定しなければならない。,1,○,この記述は正しいです。照度測定は、低照度測定用照度計を用いる物理測定方法で行う必要があります。,建築基準法関係法令,測定方法をそのまま活用。,rewritten
official_h19_q23_c1,official,管理業務主任者問題確認一覧.csv,h19_q23,h19,平成19年度,,23,1,建築・設備,給排水衛生設備の数値基準,single_choice,true_false,飲料水の配管設備における逆流防止のための水槽や流しのあふれ縁と水栓の垂直距離は、建築基準法関係法令で具体的数値が明示されている。,0,×,この記述は誤りです。この形では、建築基準法関係法令で具体的数値が明示されているものとして扱われません。,建築基準法関係法令,「具体的数値が明示」を判断軸にした。,rewritten
official_h19_q23_c2,official,管理業務主任者問題確認一覧.csv,h19_q23,h19,平成19年度,,23,2,建築・設備,通気管の有効断面積,single_choice,true_false,給水タンクに設置する通気管の有効断面積は、建築基準法関係法令で具体的数値が明示されている。,0,×,この記述は誤りです。この形では、通気管の有効断面積が具体的数値で直接明示されているものとして扱われません。,建築基準法関係法令,原設問の判断軸を保持。,rewritten
official_h19_q23_c3,official,管理業務主任者問題確認一覧.csv,h19_q23,h19,平成19年度,,23,3,建築・設備,点検用マンホール,single_choice,true_false,給水タンクに設置する点検用マンホールに内接する円の直径については、建築基準法関係法令で具体的数値基準が明示されている。,1,○,この記述は正しいです。給水タンクの点検用マンホールに内接する円の直径には、具体的な数値基準があります。,建築基準法関係法令,正答肢をそのまま自然化。,rewritten
official_h19_q23_c4,official,管理業務主任者問題確認一覧.csv,h19_q23,h19,平成19年度,,23,4,建築・設備,屋外排水と管径,single_choice,true_false,屋外排水の容量と管径の関係は、建築基準法関係法令でこの設問の趣旨どおりに具体的数値が明示されている。,0,×,この記述は誤りです。この形では、屋外排水の容量と管径の関係が具体的数値で直接明示されているものとして扱われません。,建築基準法関係法令,元の出題趣旨に寄せた言い換え。,rewritten
official_h19_q24_c1,official,管理業務主任者問題確認一覧.csv,h19_q24,h19,平成19年度,,24,1,建築・設備,排気フードの材料,single_choice,true_false,火を使用する設備又は器具の近くに排気フードを有する排気筒を設ける場合、排気フードは不燃材料で造らなければならない。,1,○,この記述は正しいです。排気フードは、不燃材料で造る必要があります。,建築基準法関係法令,定型的な法令文なのでそのまま採用。,rewritten
official_h19_q24_c2,official,管理業務主任者問題確認一覧.csv,h19_q24,h19,平成19年度,,24,2,建築・設備,換気扇設置時の給気口高さ,single_choice,true_false,換気上有効な排気のための換気扇を設けた場合、給気口の設置高さに対する数値上の制限はない。,1,○,この記述は正しいです。換気扇を設けた場合については、この点で数値上の制限はないと整理されます。,建築基準法関係法令,条文の要点を短く保持。,rewritten
official_h19_q24_c3,official,管理業務主任者問題確認一覧.csv,h19_q24,h19,平成19年度,,24,3,建築・設備,有効換気量,single_choice,true_false,煙突や排気フードを設けず、排気口又は排気筒に換気扇等を設けた場合に必要な有効換気量は、理論廃ガス量と燃料消費量に基づく一定の算式によって求められる。,1,○,この記述は正しいです。有効換気量は、理論廃ガス量と燃料消費量に基づく算式で求める考え方が採られています。,建築基準法関係法令,長い算式は趣旨が伝わる形に要約。,rewritten
official_h19_q24_c4,official,管理業務主任者問題確認一覧.csv,h19_q24,h19,平成19年度,,24,4,建築・設備,大臣認定と有効換気量,single_choice,true_false,火を使用する設備又は器具について、室内の酸素含有率をおおむね15%以上に保つ換気ができるものとして国土交通大臣の認定を受けていれば、有効換気量についての規制は一切受けない。,0,×,この記述は誤りです。国土交通大臣の認定を受けた機器であっても、有効換気量について一切の規制を受けないわけではありません。,建築基準法関係法令,「一切受けない」を誤りの核にした。,rewritten
official_h19_q25_c1,official,管理業務主任者問題確認一覧.csv,h19_q25,h19,平成19年度,,25,1,建築・設備,平面自走式駐車場,single_choice,true_false,平面自走式駐車場では、普通自動車1台当たりの利用面積は2.0m×5.0mで足りる。,0,×,この記述は誤りです。平面自走式駐車場の1台当たり利用面積の説明としては不十分です。,駐車場設備の実務論点,数値断定をそのまま×文化。,rewritten
official_h19_q25_c2,official,管理業務主任者問題確認一覧.csv,h19_q25,h19,平成19年度,,25,2,建築・設備,立体自走式駐車場,single_choice,true_false,立体自走式駐車場は、駐車区画まで車が自走して出入りする2階建て以上の立体構造の駐車場であり、建築基準法上の建築物に該当する。,1,○,この記述は正しいです。立体自走式駐車場は、複数階の立体構造物として建築基準法上の建築物に該当します。,建築基準法・駐車場設備実務,正答肢をそのまま採用。,rewritten
official_h19_q25_c3,official,管理業務主任者問題確認一覧.csv,h19_q25,h19,平成19年度,,25,3,建築・設備,二段式・多段式駐車場,single_choice,true_false,二段式・多段式の機械式駐車場は、屋根の有無を問わず、常に建築基準法上の建築物に該当する。,0,×,この記述は誤りです。二段式・多段式が屋根の有無を問わず当然に建築物となるとする説明は適切ではありません。,建築基準法・駐車場設備実務,「常に」を誤りの核として残した。,rewritten
official_h19_q25_c4,official,管理業務主任者問題確認一覧.csv,h19_q25,h19,平成19年度,,25,4,建築・設備,機械式駐車装置の保守点検,single_choice,true_false,すべての機械式駐車装置について、建築基準法で一律の保守点検基準が定められている。,0,×,この記述は誤りです。すべての機械式駐車装置について、建築基準法で一律の保守点検基準が定められているわけではありません。,建築基準法・駐車場設備実務,一律論をそのまま×文化。,rewritten
official_h19_q46_c1,official,管理業務主任者問題確認一覧.csv,h19_q46,h19,平成19年度,,46,1,管理適正化法,管理の主体,single_choice,true_false,マンションの管理の主体は、管理組合から管理事務の委託を受けたマンション管理業者である。,0,×,この記述は誤りです。マンション管理の主体は管理組合であり、管理業者ではありません。,マンション管理適正化指針,主体を取り違えた記述として整理。,rewritten
official_h19_q46_c2,official,管理業務主任者問題確認一覧.csv,h19_q46,h19,平成19年度,,46,2,管理適正化法,区分所有者等の役割,single_choice,true_false,管理組合を構成する区分所有者等は、管理組合の一員としての役割を十分認識し、運営に関心を持ち、積極的に参加するよう努める必要がある。,1,○,この記述は正しいです。管理適正化指針の基本的方向では、区分所有者等の主体的参加が重要とされています。,マンションの管理の適正化に関する指針,正答肢をそのまま自然化。,rewritten
official_h19_q46_c3,official,管理業務主任者問題確認一覧.csv,h19_q46,h19,平成19年度,,46,3,管理適正化法,管理業者の主体性,single_choice,true_false,マンション管理の主体は管理業者であり、管理業者が主体性をもって適切な対応をすることが、基本的方向として定められている。,0,×,この記述は誤りです。管理適正化指針は、管理の主体をマンション管理業者に置いていません。,マンションの管理の適正化に関する指針,1と3の共通誤りを見える形に整理。,rewritten
official_h19_q46_c4,official,管理業務主任者問題確認一覧.csv,h19_q46,h19,平成19年度,,46,4,管理適正化法,マンション管理士支援体制,single_choice,true_false,マンションの管理の適正化の基本的方向として、マンション管理士が必要な情報提供等を行うよう支援体制を整備・強化することが定められている。,0,×,この記述は誤りです。この表現は、管理適正化指針の「基本的方向」の定めと一致しません。,マンションの管理の適正化に関する指針,元の誤答肢をそのまま×文化。,rewritten
official_h19_q31_c1,official,管理業務主任者問題確認一覧.csv,h19_q31,h19,平成19年度,,31,1,標準管理規約,組合員名簿と個人情報,single_choice,true_false,理事会が、組合員の氏名、部屋番号、電話番号、勤務先を記載した名簿を、本人の同意なく全組合員へ配布することは適切である。,0,×,この記述は誤りです。氏名や部屋番号に加えて電話番号や勤務先まで記載した名簿を、本人同意なく全組合員へ配布することは、個人情報の取扱いとして問題があります。,個人情報保護・管理組合実務,「適切である」に変換して×文化。,rewritten
official_h19_q31_c2,official,管理業務主任者問題確認一覧.csv,h19_q31,h19,平成19年度,,31,2,標準管理規約,苦情調査アンケート,single_choice,true_false,理事会が、ペットや騒音に関する苦情調査のため、部屋番号と氏名欄を設けたアンケート用紙を全居住者に配布することは、目的との関連性があり得る行為である。,1,○,この記述は正しいです。苦情調査アンケートの配布は、目的との関連性があり得る理事会の行為です。,管理組合運営実務,元解説の「目的との関連性」をそのまま活用。,rewritten
official_h19_q31_c3,official,管理業務主任者問題確認一覧.csv,h19_q31,h19,平成19年度,,31,3,標準管理規約,監視カメラ映像の提出,single_choice,true_false,理事会が、エレベーター内で発生した事件について、警察の求めに応じて監視カメラの映像記録を提出することは、目的との関連性があり得る行為である。,1,○,この記述は正しいです。警察の求めに応じて映像記録を提出することは、目的との関連性があり得る対応です。,管理組合運営実務,「警察」を補って自然化。,rewritten
official_h19_q31_c4,official,管理業務主任者問題確認一覧.csv,h19_q31,h19,平成19年度,,31,4,標準管理規約,水漏れ事故の原因調査,single_choice,true_false,理事会が、水漏れ事故の原因調査のため、被害者宅のほか原因箇所と思われる住戸への立入りを請求することは、目的との関連性があり得る行為である。,1,○,この記述は正しいです。水漏れ事故の原因調査のための立入り請求は、目的との関連性があり得る行為です。,標準管理規約・実務,元文をほぼ維持。,rewritten
official_h19_q32_c1,official,管理業務主任者問題確認一覧.csv,h19_q32,h19,平成19年度,,32,1,標準管理規約,専門家相談費用,single_choice,true_false,弁護士や一級建築士等の専門家に相談する場合の費用は、管理費から支出する。,1,○,この記述は正しいです。専門家への相談費用は、管理費から支出する整理が標準管理規約に整合します。,マンション標準管理規約,短く自然な断定文へ整理。,rewritten
official_h19_q32_c2,official,管理業務主任者問題確認一覧.csv,h19_q32,h19,平成19年度,,32,2,標準管理規約,建替え合意形成調査費用,single_choice,true_false,マンション建替えの合意形成に必要な事項の調査費用は、管理費から支出する。,0,×,この記述は誤りです。建替え合意形成のための調査費用は、標準管理規約上、管理費ではなく修繕積立金から支出する整理が基本です。,マンション標準管理規約,不適切肢をそのまま×文化。,rewritten
official_h19_q32_c3,official,管理業務主任者問題確認一覧.csv,h19_q32,h19,平成19年度,,32,3,標準管理規約,長期修繕計画作成費用,single_choice,true_false,長期修繕計画の作成又は変更に要する費用は、管理費又は修繕積立金から支出することができる。,1,○,この記述は正しいです。長期修繕計画の作成や変更に要する費用は、管理費又は修繕積立金から支出する整理に整合します。,マンション標準管理規約,元文をほぼそのまま採用。,rewritten
official_h19_q32_c4,official,管理業務主任者問題確認一覧.csv,h19_q32,h19,平成19年度,,32,4,標準管理規約,共用自動ドア補修費,single_choice,true_false,エントランスの共用自動ドアが故障した際の補修費は、管理費から支出する。,1,○,この記述は正しいです。共用自動ドアの補修費は、管理費から支出する整理に整合します。,マンション標準管理規約,定型的な管理費支出論点として整理。,rewritten
official_h19_q34_c1,official,管理業務主任者問題確認一覧.csv,h19_q34,h19,平成19年度,,34,1,標準管理規約,委任状のない配偶者,single_choice,true_false,総会議長が、組合員の配偶者であると称する者に委任状の提出がない場合、会場から退場を促すことは、標準管理規約上許容される場面がある。,1,○,この記述は正しいです。委任状のない配偶者に退場を促すことは、運営上許容される場面があります。,マンション標準管理規約,元解説の評価をそのまま明文化。,rewritten
official_h19_q34_c2,official,管理業務主任者問題確認一覧.csv,h19_q34,h19,平成19年度,,34,2,標準管理規約,議長の決裁権,single_choice,true_false,総会で可否同数となった場合、議長は自分の判断で決裁権を行使し、議案を可決とすることができる。,0,×,この記述は誤りです。総会議長には、可否同数の場合に自らの判断で可決にするような決裁権は認められていません。,マンション標準管理規約,不適切肢をそのまま×文化。,rewritten
official_h19_q34_c3,official,管理業務主任者問題確認一覧.csv,h19_q34,h19,平成19年度,,34,3,標準管理規約,長時間審議の打切り,single_choice,true_false,総会議長が、ある議案の審議が合理的限度を超えて長時間に及んだため、質疑討論を打ち切って採決することは、標準管理規約上許容される場面がある。,1,○,この記述は正しいです。合理的限度を超えて長時間に及ぶ審議を打ち切って採決することは、運営上許容される場面があります。,マンション標準管理規約,解説の趣旨を一問一答へ変換。,rewritten
official_h19_q34_c4,official,管理業務主任者問題確認一覧.csv,h19_q34,h19,平成19年度,,34,4,標準管理規約,理事長と議長,single_choice,true_false,理事長が、議長を選任する手続を経ずに自ら議長を務めることは、標準管理規約上許容される場面がある。,1,○,この記述は正しいです。理事長が自ら議長を務める扱いは、運営上許容される場面があります。,マンション標準管理規約,元解説の評価を明文化。,rewritten
official_h19_q36_c1,official,管理業務主任者問題確認一覧.csv,h19_q36,h19,平成19年度,,36,1,区分所有法,管理組合法人の範囲,single_choice,true_false,法人となることができる管理組合は、1棟の区分所有者全員で構成する管理組合に限られる。,0,×,この記述は誤りです。法人化できる管理組合が、1棟の全員構成の場合に限られるわけではありません。,区分所有法,限定しすぎる点をそのまま誤りの核にした。,rewritten
official_h19_q36_c2,official,管理業務主任者問題確認一覧.csv,h19_q36,h19,平成19年度,,36,2,区分所有法,法人化と規約,single_choice,true_false,管理組合が法人になるには、法人専用の規約を別に定めなければならない。,0,×,この記述は誤りです。法人化のために、別個の法人専用規約が必須というわけではありません。,区分所有法,元解説に合わせて簡潔化。,rewritten
official_h19_q36_c3,official,管理業務主任者問題確認一覧.csv,h19_q36,h19,平成19年度,,36,3,区分所有法,理事と管理者,single_choice,true_false,管理組合法人では、理事のほかに別途管理者を置くことができる。,0,×,この記述は誤りです。理事のほかに別途管理者を置くという理解は、区分所有法の仕組みと合いません。,区分所有法,誤りの中心だけ残した。,rewritten
official_h19_q36_c4,official,管理業務主任者問題確認一覧.csv,h19_q36,h19,平成19年度,,36,4,区分所有法,保険金請求の主体,single_choice,true_false,管理組合法人は、共用部分に関する損害保険契約に基づく損害保険金の請求及び受領を、自ら行うことができる。,1,○,この記述は正しいです。管理組合法人は、保険金請求や受領を法人自身の名で行うことができます。,区分所有法,正答肢をそのまま自然化。,rewritten
official_h19_q44_c1,official,管理業務主任者問題確認一覧.csv,h19_q44,h19,平成19年度,,44,1,品確法・建替円滑化法等,建替組合の定款,single_choice,true_false,マンション建替組合の定款には、事業に要する経費の分担に関する事項を定めなければならない。,1,○,この記述は正しいです。マンション建替組合の定款には、事業に要する経費の分担に関する事項を定める必要があります。,マンション建替円滑化法,正答肢をそのまま採用。,rewritten
official_h19_q44_c2,official,管理業務主任者問題確認一覧.csv,h19_q44,h19,平成19年度,,44,2,品確法・建替円滑化法等,建替組合の設立認可,single_choice,true_false,マンション建替組合の設立には、国土交通大臣の認可を受けなければならない。,0,×,この記述は誤りです。設立認可権者を国土交通大臣とする説明は適切ではありません。,マンション建替円滑化法,誤りの中心を簡潔化。,rewritten
official_h19_q44_c3,official,管理業務主任者問題確認一覧.csv,h19_q44,h19,平成19年度,,44,3,品確法・建替円滑化法等,権利変換計画の決議要件,single_choice,true_false,マンション建替組合が権利変換計画を定めるには、組合員の4分の3以上の賛成による総会決議が必要である。,0,×,この記述は誤りです。権利変換計画の決議要件について、この説明は正確ではありません。,マンション建替円滑化法,元の誤答肢をそのまま×文化。,rewritten
official_h19_q44_c4,official,管理業務主任者問題確認一覧.csv,h19_q44,h19,平成19年度,,44,4,品確法・建替円滑化法等,個人施行者,single_choice,true_false,マンション建替事業を施行できるのはマンション建替組合のみであり、個人施行者として行うことはできない。,0,×,この記述は誤りです。マンション建替事業は、個人施行者として行うことができる場合もあります。,マンション建替円滑化法,個人施行の可能性が見えるように整理。,rewritten
official_h19_q37_c1,official,管理業務主任者問題確認一覧.csv,h19_q37,h19,平成19年度,,37,1,区分所有法,全部滅失と再建決議,single_choice,true_false,マンションが全部滅失した場合には、再建決議をすることはできるが、建替え決議をすることはできない。,1,○,この記述は正しいです。全部滅失の場合は再建決議の場面となり、建替え決議とは整理が異なります。,区分所有法・被災区分所有建物特別措置法,元文をそのまま採用。,rewritten
official_h19_q37_c2,official,管理業務主任者問題確認一覧.csv,h19_q37,h19,平成19年度,,37,2,区分所有法,大規模滅失後の6か月経過,single_choice,true_false,滅失した部分の価格が建物価格の2分の1を超える場合には、滅失の日から6か月を経過すると、復旧決議も建替え決議もできないことがある。,1,○,この記述は正しいです。大規模滅失後の経過期間によっては、復旧決議や建替え決議ができないことがあります。,区分所有法・被災区分所有建物特別措置法,条件文をそのまま活用。,rewritten
official_h19_q37_c3,official,管理業務主任者問題確認一覧.csv,h19_q37,h19,平成19年度,,37,3,区分所有法,小規模滅失と建替え決議,single_choice,true_false,滅失した部分の価格が建物価格の2分の1以下である場合には、復旧決議はできるが、建替え決議をすることはできない。,0,×,この記述は誤りです。滅失部分の価格が建物価格の2分の1以下であっても、要件を満たせば建替え決議が全くできないわけではありません。,区分所有法・被災区分所有建物特別措置法,誤答肢をそのまま×文化。,rewritten
official_h19_q37_c4,official,管理業務主任者問題確認一覧.csv,h19_q37,h19,平成19年度,,37,4,区分所有法,大規模滅失と復旧・建替え,single_choice,true_false,滅失した部分の価格が建物価格の2分の1を超える場合には、滅失した共用部分の復旧決議をすることも、建替え決議をすることもできる。,1,○,この記述は正しいです。大規模滅失の場合には、復旧決議と建替え決議の双方が問題となり得ます。,区分所有法・被災区分所有建物特別措置法,元文を維持。,rewritten
official_h19_q38_c1,official,管理業務主任者問題確認一覧.csv,h19_q38,h19,平成19年度,,38,1,区分所有法,団地内建物の建替え決議,single_choice,true_false,団地内建物の建替え決議については、一括建替え決議の場合も特定建物のみを建て替える場合も、すべての建物が区分所有建物でなければならない。,0,×,この記述は誤りです。団地内建物の建替えで、すべての建物が区分所有建物でなければ一切できないとまではいえません。,区分所有法,誤答肢をそのまま×文化。,rewritten
official_h19_q38_c2,official,管理業務主任者問題確認一覧.csv,h19_q38,h19,平成19年度,,38,2,区分所有法,一括建替え決議の敷地共有要件,single_choice,true_false,団地内建物の敷地が、その団地内建物の区分所有者全員の共有になっている場合でなければ、一括建替え決議はできない。,1,○,この記述は正しいです。一括建替え決議には、敷地共有要件が問題となります。,区分所有法,条件文をそのまま採用。,rewritten
official_h19_q38_c3,official,管理業務主任者問題確認一覧.csv,h19_q38,h19,平成19年度,,38,3,区分所有法,棟別管理規約と一括建替え,single_choice,true_false,規約で団地内の区分所有建物の管理を棟別の管理組合で行うこととしている場合、その規約を改正しなければ一括建替え決議はできない。,1,○,この記述は正しいです。棟別管理規約との関係で、一括建替え決議の前に規約改正が必要となる場合があります。,区分所有法,元文をそのまま自然化。,rewritten
official_h19_q38_c4,official,管理業務主任者問題確認一覧.csv,h19_q38,h19,平成19年度,,38,4,区分所有法,特定建物の建替えと団地総会,single_choice,true_false,団地内の特定の建物のみで建替え決議をする場合でも、団地総会での建替え承認決議が別途必要である。,1,○,この記述は正しいです。特定建物のみの建替えの場合でも、団地総会での承認決議が別途必要となります。,区分所有法,制度の二段構造が見える文として採用。,rewritten
official_h19_q40_c1,official,管理業務主任者問題確認一覧.csv,h19_q40,h19,平成19年度,,40,1,宅建業法,重要事項説明者,single_choice,true_false,マンションの買主が宅地建物取引業者であれば、重要事項説明は宅地建物取引士でない従業員に行わせてもよい。,0,×,この記述は誤りです。買主が宅地建物取引業者であっても、重要事項説明者は宅地建物取引士でなければなりません。,宅地建物取引業法35条,「でない従業員でもよい」を誤りの核にした。,rewritten
official_h19_q40_c2,official,管理業務主任者問題確認一覧.csv,h19_q40,h19,平成19年度,,40,2,宅建業法,重要事項説明書の交付,single_choice,true_false,買主の承諾があれば、重要事項説明書の交付を省略することができる。,0,×,この記述は誤りです。買主の承諾があっても、重要事項説明書の交付を省略することはできません。,宅地建物取引業法35条,省略可とする点を誤りの核にした。,rewritten
official_h19_q40_c3,official,管理業務主任者問題確認一覧.csv,h19_q40,h19,平成19年度,,40,3,宅建業法,引渡し時期が未定の場合,single_choice,true_false,マンションの引渡し時期が未定である場合には、その事項について確定的な説明をしないことは、宅地建物取引業法35条に違反しない。,1,○,この記述は正しいです。引渡し時期が定まっていないなら、その趣旨で説明することになり、未定事項について断定的に説明する必要はありません。,宅地建物取引業法35条,正答肢を自然化。,rewritten
official_h19_q40_c4,official,管理業務主任者問題確認一覧.csv,h19_q40,h19,平成19年度,,40,4,宅建業法,共用部分規約案の説明,single_choice,true_false,共用部分に関する規約が案の段階であれば、その案については重要事項説明の対象に含めなくてよい。,0,×,この記述は誤りです。共用部分の規約が案の段階であっても、その案は説明対象に含める必要があります。,宅地建物取引業法35条,案の状態でも説明対象になる点を明示。,rewritten
official_h19_q42_c1,official,管理業務主任者問題確認一覧.csv,h19_q42,h19,平成19年度,,42,1,宅建業法,契約不適合責任と特約,single_choice,true_false,中古マンションを宅地建物取引業者でない者へ売却する場合、買主は損害賠償請求をすることができず、瑕疵の修補請求だけをしなければならないとする特約は有効である。,0,×,この記述は誤りです。宅建業者売主が買主に不利な形で責任を制限する特約には、宅建業法上の制限があります。,民法・宅地建物取引業法40条,長い特約文を一問一答化。,rewritten
official_h19_q42_c2,official,管理業務主任者問題確認一覧.csv,h19_q42,h19,平成19年度,,42,2,宅建業法,宅建業者売主の責任期間,single_choice,true_false,宅建業者が売主で、引渡しから1年間のみ責任を負うと特約しても、その特約は買主に不利な制限として無効となり、結局は買主が瑕疵を知った時から1年間責任を負うことになる。,1,○,この記述は正しいです。引渡しから1年間のみ責任を負うとする特約は宅建業法上無効であり、民法の原則に戻って、買主が瑕疵を知った時から1年以内に権利行使できます。,民法・宅地建物取引業法40条,解説の結論をそのまま一問一答へ整理。,rewritten
official_h19_q42_c3,official,管理業務主任者問題確認一覧.csv,h19_q42,h19,平成19年度,,42,3,宅建業法,故意過失限定の特約,single_choice,true_false,宅建業者売主が、故意又は過失がある場合に限って10年間責任を負うとする特約は有効である。,0,×,この記述は誤りです。買主に不利な責任限定特約は認められません。,民法・宅地建物取引業法40条,誤答肢を簡潔化。,rewritten
official_h19_q42_c4,official,管理業務主任者問題確認一覧.csv,h19_q42,h19,平成19年度,,42,4,宅建業法,無特約時の責任期間,single_choice,true_false,瑕疵担保責任について何ら取り決めをしなかった場合、宅建業者売主は当然に引渡しの日から2年間責任を負う。,0,×,この記述は誤りです。無特約だから当然に引渡しから2年となるわけではありません。,民法・宅地建物取引業法40条,「当然に2年」を誤りの核にした。,rewritten
official_h19_q48_c1,official,管理業務主任者問題確認一覧.csv,h19_q48,h19,平成19年度,,48,1,管理適正化法,標識掲示義務,single_choice,true_false,マンション管理業者は、事務所ごとに、公衆の見やすい場所へ登録番号や登録年月日、商号、代表者氏名、専任の管理業務主任者氏名などを記載した標識を掲げなければならない。,1,○,この記述は正しいです。標識掲示義務は、マンション管理業者に課せられた基本的義務の一つです。,マンション管理適正化法,列挙を簡潔にまとめた。,rewritten
official_h19_q48_c2,official,管理業務主任者問題確認一覧.csv,h19_q48,h19,平成19年度,,48,2,管理適正化法,基幹事務の再委託,single_choice,true_false,マンション管理業者は、管理組合から委託を受けた基幹事務については、一切他人に委託してはならない。,0,×,この記述は誤りです。法律が禁止しているのは、基幹事務を一括して他人に委託することであって、一切の再委託ではありません。,マンション管理適正化法,「一切」を誤りの核として残した。,rewritten
official_h19_q48_c3,official,管理業務主任者問題確認一覧.csv,h19_q48,h19,平成19年度,,48,3,管理適正化法,帳簿備付け義務,single_choice,true_false,マンション管理業者は、管理受託契約を締結したつど、その事務所ごとに業務に関して必要事項を記載した帳簿を備えなければならない。,1,○,この記述は正しいです。マンション管理業者には、事務所ごとの帳簿備付け義務があります。,マンション管理適正化法,元文をそのまま自然化。,rewritten
official_h19_q48_c4,official,管理業務主任者問題確認一覧.csv,h19_q48,h19,平成19年度,,48,4,管理適正化法,財務書類等の閲覧,single_choice,true_false,マンション管理業者は、業務状況調書や貸借対照表、損益計算書等を事務所ごとに備え置き、営業時間中、関係者の求めに応じて閲覧させなければならない。,1,○,この記述は正しいです。業務状況調書や財務書類等の閲覧体制を整えることも、法が求める義務です。,マンション管理適正化法,閲覧義務の要点を整理。,rewritten
official_h19_q19_c1,official,管理業務主任者問題確認一覧.csv,h19_q19,h19,平成19年度,,19,1,建築・設備,昇降機定期検査資格,single_choice,true_false,一級建築士は、建築基準法第12条第3項の定める内容に適合する昇降機の定期検査資格者に含まれる。,1,○,この記述は正しいです。一級建築士は、ここで問われている昇降機の定期検査資格者の枠組みに入ります。,建築基準法12条3項,列挙肢を一問一答化。,rewritten
official_h19_q19_c2,official,管理業務主任者問題確認一覧.csv,h19_q19,h19,平成19年度,,19,2,建築・設備,昇降機定期検査資格,single_choice,true_false,二級建築士は、建築基準法第12条第3項の定める内容に適合する昇降機の定期検査資格者に含まれる。,1,○,この記述は正しいです。二級建築士も、ここで問われている昇降機の定期検査資格者の枠組みに入ります。,建築基準法12条3項,列挙肢をそのまま処理。,rewritten
official_h19_q19_c3,official,管理業務主任者問題確認一覧.csv,h19_q19,h19,平成19年度,,19,3,建築・設備,建築設備検査資格者講習,single_choice,true_false,国土交通大臣の登録を受けた建築設備検査資格者講習の修了者は、昇降機の定期検査資格者に含まれる。,0,×,この記述は誤りです。建築設備検査資格者講習の修了者は、この設問で問われている昇降機の定期検査資格者には適合しません。,建築基準法12条3項,誤答肢の核を簡潔化。,rewritten
official_h19_q19_c4,official,管理業務主任者問題確認一覧.csv,h19_q19,h19,平成19年度,,19,4,建築・設備,建築基準適合判定資格者,single_choice,true_false,国土交通大臣が定める要件を満たした建築基準適合判定資格者は、昇降機の定期検査資格者に含まれる。,1,○,この記述は正しいです。一定の要件を満たした建築基準適合判定資格者は、法令上の資格者の枠組みに含まれます。,建築基準法12条3項,条件部分を整理して自然化。,rewritten
official_h19_q22_c1,official,管理業務主任者問題確認一覧.csv,h19_q22,h19,平成19年度,,22,1,建築・設備,共同住宅用スプリンクラー設備,single_choice,true_false,共同住宅用スプリンクラー設備の制御弁は、パイプシャフト、パイプダクトその他これらに類するものの中に設ける。,1,○,この記述は正しいです。制御弁の設置場所についての説明として、制度の枠組みに沿っています。,消防関係法令,OCRが比較的安定している文をそのまま採用。,rewritten
official_h19_q22_c2,official,管理業務主任者問題確認一覧.csv,h19_q22,h19,平成19年度,,22,2,建築・設備,小区画型ヘッド,single_choice,true_false,共同住宅用スプリンクラー設備のスプリンクラーヘッドは、自治省令に規定する小区画型ヘッドのうち、感度種別が一種であるものに限る。,1,○,この記述は正しいです。小区画型ヘッドに関する説明として、制度の枠組みに沿っています。,消防関係法令,原文をそのまま活用。,rewritten
official_h19_q22_c3,official,管理業務主任者問題確認一覧.csv,h19_q22,h19,平成19年度,,22,3,建築・設備,同時放水時の放水量,single_choice,true_false,共同住宅用スプリンクラー設備では、4個のスプリンクラーヘッドを同時に使用した場合の放水量について、一定の基準が設けられている。,1,○,この記述は正しいです。同時放水時の放水量については、制度上一定の基準が設けられています。,消防関係法令,数値部分のOCRが不安定なため、真偽の核だけ残して自然化。,rewritten
official_h19_q22_c4,official,管理業務主任者問題確認一覧.csv,h19_q22,h19,平成19年度,,22,4,建築・設備,スプリンクラー水源,single_choice,true_false,共同住宅用スプリンクラー設備の水源は、水量が2立方メートル以上でなければならない。,0,×,この記述は誤りです。水源については必要水量を確保することが重要であり、「水量は2立方メートル以上」とするこの説明は単位・内容とも不適切です。,消防関係法令,解説に合わせて単位を補って誤りの核を明示。,rewritten
official_h19_q26_c1,official,管理業務主任者問題確認一覧.csv,h19_q26,h19,平成19年度,,26,1,建築・設備,中性化の進行,single_choice,true_false,打ち放しコンクリートでは、中性化は屋外側よりも屋内側の方が進行しやすい。,1,○,この記述は正しいです。打ち放しコンクリートの中性化の進みやすさに関する説明として妥当です。,コンクリート工学の基本,原文をそのまま採用。,rewritten
official_h19_q26_c2,official,管理業務主任者問題確認一覧.csv,h19_q26,h19,平成19年度,,26,2,建築・設備,豆板と中性化,single_choice,true_false,コンクリートに豆板があると、その周囲で中性化が進行しやすい。,1,○,この記述は正しいです。豆板があると、その周囲で中性化が進みやすくなります。,コンクリート工学の基本,短く自然な断定文。,rewritten
official_h19_q26_c3,official,管理業務主任者問題確認一覧.csv,h19_q26,h19,平成19年度,,26,3,建築・設備,中性化と強度,single_choice,true_false,コンクリートが中性化しても、コンクリート自体の強度は低下しない。,1,○,この記述は正しいです。中性化自体が、直ちにコンクリート自体の強度低下を意味するわけではありません。,コンクリート工学の基本,元の表現を維持。,rewritten
official_h19_q26_c4,official,管理業務主任者問題確認一覧.csv,h19_q26,h19,平成19年度,,26,4,建築・設備,中性化の原因,single_choice,true_false,コンクリートの中性化は、空気中の酸素の作用により進行する。,0,×,この記述は誤りです。コンクリートの中性化は、主として空気中の二酸化炭素が浸透して進行する現象であり、酸素の作用によるものではありません。,コンクリート工学の基本,誤答肢をそのまま×文化。,rewritten
official_h19_q27_c1,official,管理業務主任者問題確認一覧.csv,h19_q27,h19,平成19年度,,27,1,建築・設備,不同沈下とひび割れ,single_choice,true_false,建物の不同沈下は、躯体コンクリートにひび割れを発生させる要因となり得る。,1,○,この記述は正しいです。不同沈下は、躯体コンクリートのひび割れ要因の一つです。,建築構造の基本,「なり得る」で自然化。,rewritten
official_h19_q27_c2,official,管理業務主任者問題確認一覧.csv,h19_q27,h19,平成19年度,,27,2,建築・設備,乾燥収縮とひび割れ,single_choice,true_false,コンクリートの乾燥収縮は、躯体コンクリートにひび割れを発生させる要因となり得る。,1,○,この記述は正しいです。乾燥収縮は、躯体コンクリートの典型的なひび割れ要因です。,建築構造の基本,基本論点としてそのまま活用。,rewritten
official_h19_q27_c3,official,管理業務主任者問題確認一覧.csv,h19_q27,h19,平成19年度,,27,3,建築・設備,温度変化とひび割れ,single_choice,true_false,温度変化によるコンクリートの膨張や収縮は、躯体コンクリートにひび割れを発生させる要因となり得る。,1,○,この記述は正しいです。温度変化による膨張・収縮も、ひび割れ要因の一つです。,建築構造の基本,原文を少し整えた。,rewritten
official_h19_q27_c4,official,管理業務主任者問題確認一覧.csv,h19_q27,h19,平成19年度,,27,4,建築・設備,紫外線とひび割れ,single_choice,true_false,紫外線によるコンクリートの化学変化は、躯体コンクリートのひび割れ要因として一般的である。,0,×,この記述は誤りです。紫外線による化学変化は、躯体コンクリートのひび割れ要因として一般的ではありません。,建築構造の基本,「一般的である」に変換して×文化。,rewritten
official_h19_q45_c1,official,管理業務主任者問題確認一覧.csv,h19_q45,h19,平成19年度,,45,1,民法・借地借家法,定期建物賃貸借の期間,single_choice,true_false,定期建物賃貸借で契約期間を10か月と定めた場合、その契約期間は1年とみなされる。,0,×,この記述は誤りです。定期建物賃貸借では、1年未満の期間設定も可能なので、当然に1年とみなされるわけではありません。,借地借家法38条,誤答肢をそのまま×文化。,rewritten
official_h19_q45_c2,official,管理業務主任者問題確認一覧.csv,h19_q45,h19,平成19年度,,45,2,民法・借地借家法,定期建物賃貸借の終了通知,single_choice,true_false,定期建物賃貸借の期間を1年とした場合、貸主が期間満了の1年前から6か月前までの間に終了通知をしなかったときは、通知の時から6か月を経過するまで、契約の終了を借主に対抗できない。,1,○,この記述は正しいです。期間を1年以上とした定期建物賃貸借では、貸主は期間満了の1年前から6か月前までに終了通知をしなければ、通知から6か月経過まで終了を対抗できません。,借地借家法38条4項,解説の結論をそのまま採用。,rewritten
official_h19_q45_c3,official,管理業務主任者問題確認一覧.csv,h19_q45,h19,平成19年度,,45,3,民法・借地借家法,中途解約,single_choice,true_false,床面積200平方メートル未満の居住用建物の定期建物賃貸借では、中途解約に関する特約がなくても、借主はやむを得ない事情がある場合に中途解約を申し入れることができる。,1,○,この記述は正しいです。床面積200平方メートル未満の居住用建物なら、やむを得ない事情がある場合に借主の中途解約が認められます。,借地借家法38条5項,元の誤答肢を正しい内容へ補足して自然化。,rewritten
official_h19_q45_c4,official,管理業務主任者問題確認一覧.csv,h19_q45,h19,平成19年度,,45,4,民法・借地借家法,再契約拒絶と正当事由,single_choice,true_false,定期建物賃貸借の再契約申入れを貸主が拒むには、正当事由が必要である。,0,×,この記述は誤りです。定期建物賃貸借の再契約を拒むのに、正当事由は必要ありません。,借地借家法38条,誤答肢を簡潔化。,rewritten
official_h19_q14_c1,official,管理業務主任者問題確認一覧.csv,h19_q14,h19,平成19年度,,14,1,会計・税務,前受金と預り金,single_choice,true_false,管理組合が3月31日に受け取った翌月分の駐車場使用料と敷金は、厳格な発生主義では、3月分の収益ではなく前受金と預り金として処理する。,1,○,この記述は正しいです。翌月分の使用料は前受金、敷金は預り金として処理するのが適切です。,企業会計原則・管理組合会計,仕訳選択肢の結論を一問一答用に再構成。,rewritten
official_h19_q14_c2,official,管理業務主任者問題確認一覧.csv,h19_q14,h19,平成19年度,,14,2,会計・税務,前受使用料の収益計上,single_choice,true_false,管理組合が3月31日に受け取った4月分の駐車場使用料は、受領日に全額を3月の駐車場使用料収入として計上する。,0,×,この記述は誤りです。4月分使用料は3月の収益ではなく、前受金として処理します。,企業会計原則・管理組合会計,元設問の誤った仕訳パターンを断定文化。,rewritten
official_h19_q14_c3,official,管理業務主任者問題確認一覧.csv,h19_q14,h19,平成19年度,,14,3,会計・税務,敷金の会計処理,single_choice,true_false,管理組合が3月31日に受け取った駐車場敷金は、収益ではなく預り金として処理する。,1,○,この記述は正しいです。敷金は返還を予定する金銭であり、預り金として処理します。,企業会計原則・管理組合会計,解説の一部を独立した一問一答へ分解。,rewritten
official_h19_q14_c4,official,管理業務主任者問題確認一覧.csv,h19_q14,h19,平成19年度,,14,4,会計・税務,受領時現金の仕訳,single_choice,true_false,3月31日に翌月分使用料と敷金を受け取った場合、借方には現金180000円を計上する。,1,○,この記述は正しいです。3台分の4月使用料90000円と敷金90000円を受領しているため、借方は現金180000円となります。,企業会計原則・管理組合会計,金額のカンマはCSV崩れ回避のため外した。,rewritten
official_h19_q15_c1,official,管理業務主任者問題確認一覧.csv,h19_q15,h19,平成19年度,,15,1,会計・税務,発生主義と費用計上,single_choice,true_false,3月分仕訳では、4月20日に請求書が到着して4月27日に支払っていても、3月に対応する費用だけを未払金で計上する。,1,○,この記述は正しいです。厳格な発生主義では、支払日ではなく3月に対応する費用を3月分として計上します。,企業会計原則・管理組合会計,解説の結論をそのまま独立化。,rewritten
official_h19_q15_c2,official,管理業務主任者問題確認一覧.csv,h19_q15,h19,平成19年度,,15,2,会計・税務,5月分管理委託費,single_choice,true_false,5月分の管理委託費1200000円は、請求書が4月に到着した以上、3月分の費用として計上する。,0,×,この記述は誤りです。5月分の管理委託費は3月の費用ではありません。,企業会計原則・管理組合会計,時期対応の誤りをそのまま×文化。,rewritten
official_h19_q15_c3,official,管理業務主任者問題確認一覧.csv,h19_q15,h19,平成19年度,,15,3,会計・税務,3月分水道光熱費と修繕費,single_choice,true_false,3月分の仕訳として計上するのは、水道光熱費113000円と共用部分修繕費85000円の合計198000円である。,1,○,この記述は正しいです。3月対応分として計上するのは、水道光熱費と修繕費の合計198000円です。,企業会計原則・管理組合会計,数字のカンマを外してCSVを安定化。,rewritten
official_h19_q15_c4,official,管理業務主任者問題確認一覧.csv,h19_q15,h19,平成19年度,,15,4,会計・税務,前払保険料の時期帰属,single_choice,true_false,5月1日から翌年4月30日までを対象とする損害保険料980000円は、3月分費用として計上する。,0,×,この記述は誤りです。その損害保険料は3月の費用ではなく、3月分仕訳では計上しません。,企業会計原則・管理組合会計,期間対応の誤りを明確化。,rewritten
official_h19_q28_c1,official,管理業務主任者問題確認一覧.csv,h19_q28,h19,平成19年度,,28,1,建築・設備,既存マンションの地震対策,single_choice,true_false,既存マンションの地震対策として、屋上の高置水槽に転倒等の防止のための補強をすることは適切である。,1,○,この記述は正しいです。屋上高置水槽の転倒防止補強は、耐震性向上の方向にある対策です。,耐震改修の基本,「適切である」に変換して○文化。,rewritten
official_h19_q28_c2,official,管理業務主任者問題確認一覧.csv,h19_q28,h19,平成19年度,,28,2,建築・設備,ピロティ開口部のブレース,single_choice,true_false,既存マンションの地震対策として、1階ピロティ部分の開口部に鉄骨のブレースを設置することは適切である。,1,○,この記述は正しいです。ピロティ開口部への鉄骨ブレース設置は、耐震性向上の方向にある対策です。,耐震改修の基本,元文をそのまま自然化。,rewritten
official_h19_q28_c3,official,管理業務主任者問題確認一覧.csv,h19_q28,h19,平成19年度,,28,3,建築・設備,ピロティ開口部を軽量ブロックで塞ぐ方法,single_choice,true_false,既存マンションの地震対策として、1階ピロティ部分の開口部を軽量ブロックで塞ぐ方法は適切である。,0,×,この記述は誤りです。軽量ブロックで開口部を塞ぐ方法は、地震時の水平力に対する有効な補強とはいいにくく、不適切です。,耐震改修の基本,最も不適切肢を×文化。,rewritten
official_h19_q28_c4,official,管理業務主任者問題確認一覧.csv,h19_q28,h19,平成19年度,,28,4,建築・設備,炭素繊維シート補強,single_choice,true_false,既存マンションの地震対策として、1階ピロティ部分の柱に炭素繊維シートを巻くことは適切である。,1,○,この記述は正しいです。柱への炭素繊維シート巻きは、耐震性向上の方向にある対策です。,耐震改修の基本,元文をそのまま自然化。,rewritten
official_h19_q50_c1,official,管理業務主任者問題確認一覧.csv,h19_q50,h19,平成19年度,,50,1,管理適正化法,処分基準の対象,single_choice,true_false,マンション管理業者の違反行為に対する処分基準は、業務停止処分又は登録取消処分だけの場合の基準を定めたものである。,0,×,この記述は誤りです。処分基準の対象となる監督処分の整理としては不十分です。,マンション管理業者の違反行為に対する監督処分の基準,「だけ」を誤りの核にした。,rewritten
official_h19_q50_c2,official,管理業務主任者問題確認一覧.csv,h19_q50,h19,平成19年度,,50,2,管理適正化法,業務停止期間中の行為,single_choice,true_false,処分基準によれば、業務停止処分を受けたマンション管理業者は、業務停止開始日前に締結された管理受託契約に基づく管理事務の執行を除き、業務停止期間中はマンション管理業に関する行為をすることができない。,1,○,この記述は正しいです。業務停止期間中であっても、開始日前に締結された管理受託契約に基づく管理事務の執行など、一定の範囲で許される行為があります。,マンション管理業者の違反行為に対する監督処分の基準,解説の核心をそのまま一問一答へ変換。,rewritten
official_h19_q50_c3,official,管理業務主任者問題確認一覧.csv,h19_q50,h19,平成19年度,,50,3,管理適正化法,業務停止期間の最長期間,single_choice,true_false,処分基準によれば、マンション管理業者に対する最長の業務停止期間は2年である。,0,×,この記述は誤りです。最長期間を2年とする説明は正確ではありません。,マンション管理業者の違反行為に対する監督処分の基準,誤答肢をそのまま×文化。,rewritten
official_h19_q50_c4,official,管理業務主任者問題確認一覧.csv,h19_q50,h19,平成19年度,,50,4,管理適正化法,業務停止違反時の扱い,single_choice,true_false,処分基準によれば、業務停止期間中に禁止行為をした場合、業務停止期間は当然に60日延長される。,0,×,この記述は誤りです。違反時に当然60日延長と機械的に定まっているわけではありません。,マンション管理業者の違反行為に対する監督処分の基準,「当然に60日延長」を誤りの核にした。,rewritten
official_h19_q2_opt1,official,管理業務主任者問題確認一覧.csv,h19_q2,h19,平成19年度,,2,1,民法・借地借家法,契約類型の対応,combination,true_false,区分所有者が自己の専有部分を担保に供して金融機関から融資を受けることは、寄託契約に当たる。,0,×,この記述は誤りです。融資を受ける場面は寄託契約ではなく、金銭消費貸借契約の問題として整理します。,民法,対応型組合せを「対応関係そのもの」の断定文に再構成。,rewritten
official_h19_q2_opt2,official,管理業務主任者問題確認一覧.csv,h19_q2,h19,平成19年度,,2,2,民法・借地借家法,契約類型の対応,combination,true_false,弁護士が、管理組合から共用部分の瑕疵に対する責任追及についての相談に応じることは、請負契約に当たる。,0,×,この記述は誤りです。法律相談に応じる場面は、仕事の完成を目的とする請負ではなく、委任契約として整理します。,民法,OCRの崩れた「イ」を説明文から復元。,rewritten
official_h19_q2_opt3,official,管理業務主任者問題確認一覧.csv,h19_q2,h19,平成19年度,,2,3,民法・借地借家法,契約類型の対応,combination,true_false,マンション管理業者が、管理組合から委託を受けて管理規約の原本等の図書を保管することは、委任契約に当たる。,0,×,この記述は誤りです。図書を預かって保管する場面は、寄託契約として整理するのが相当です。,民法,説明文に基づき寄託と委任を切り分けた。,rewritten
official_h19_q2_opt4,official,管理業務主任者問題確認一覧.csv,h19_q2,h19,平成19年度,,2,4,民法・借地借家法,契約類型の対応,combination,true_false,数人の区分所有者が、各自資金を拠出して自然保護のための啓発活動を行うことを約することは、組合契約に当たる。,1,○,この記述は正しいです。数人が資金を出し合って共通の目的活動を行う場面は、組合契約として整理します。,民法,唯一正しい対応関係をそのまま独立化。,rewritten
official_h19_q33_opt1,official,管理業務主任者問題確認一覧.csv,h19_q33,h19,平成19年度,,33,1,標準管理規約,特別の影響,combination,true_false,管理費の負担割合を専有部分の床面積按分から区分所有者間で同一とする定めに改める場合、専有部分の床面積が小さい区分所有者は特別の影響を受ける者に当たり得る。,1,○,この記述は正しいです。床面積按分から均等負担へ変更すると、床面積の小さい区分所有者は実質的に負担増となり、特別の影響を受ける者に当たり得ます。,区分所有法31条,対応型組合せを「改正内容と対象者の組合せ」ごとに独立化。,rewritten
official_h19_q33_opt2,official,管理業務主任者問題確認一覧.csv,h19_q33,h19,平成19年度,,33,2,標準管理規約,特別の影響,combination,true_false,他人に迷惑となる動物の飼育を禁止する定めを、犬猫等の動物の飼育を禁止する定めに改める場合、小型犬を飼育している独居高齢の区分所有者は、直ちに承諾を要する特別の影響を受ける者に当たる。,0,×,この記述は誤りです。この組合せは、規約変更の内容と承諾を要する「特別の影響」の対応関係として直ちには当たりません。,区分所有法31条,「直ちに」を入れて誤りの評価を明確化。,rewritten
official_h19_q33_opt3,official,管理業務主任者問題確認一覧.csv,h19_q33,h19,平成19年度,,33,3,標準管理規約,特別の影響,combination,true_false,夜間のピアノ演奏は午後8時までとする定めを新設する場合、音楽大学の受験生を子に持つ区分所有者は、直ちに承諾を要する特別の影響を受ける者に当たる。,0,×,この記述は誤りです。この組合せは、規約変更の内容と承諾を要する「特別の影響」の対応関係として直ちには当たりません。,区分所有法31条,対応関係が直ちに当たらない点を明文化。,rewritten
official_h19_q33_opt4,official,管理業務主任者問題確認一覧.csv,h19_q33,h19,平成19年度,,33,4,標準管理規約,特別の影響,combination,true_false,1階店舗の外装工事に合理的な制限を新設する場合、1階店舗をコンビニエンスストアに賃貸している区分所有者は、直ちに承諾を要する特別の影響を受ける者に当たる。,0,×,この記述は誤りです。この組合せも、規約変更の内容と承諾を要する「特別の影響」の対応関係として直ちには当たりません。,区分所有法31条,元の選択肢を断定文にした。,rewritten
official_h19_q39_a,official,管理業務主任者問題確認一覧.csv,h19_q39,h19,平成19年度,,39,ア,区分所有法,占有者排除訴訟,combination,true_false,区分所有法60条1項に基づく占有者排除の訴えの主体として、区分所有者全員のほか管理組合法人が問題となる。,1,○,この記述は正しいです。占有者排除の場面では、区分所有者全員のほか管理組合法人が訴えの主体となり得ます。,区分所有法60条,穴埋め型を空欄ごとの正しい文へ再構成。,rewritten
official_h19_q39_i,official,管理業務主任者問題確認一覧.csv,h19_q39,h19,平成19年度,,39,イ,区分所有法,占有者排除訴訟,combination,true_false,区分所有法60条1項に基づく占有者排除の訴えでは、占有者との契約について解除を請求することが問題となる。,1,○,この記述は正しいです。ここで問題となるのは、占有者との契約の解除です。,区分所有法60条,「解除」の空欄だけを独立した文にした。,rewritten
official_h19_q39_u,official,管理業務主任者問題確認一覧.csv,h19_q39,h19,平成19年度,,39,ウ,区分所有法,占有者排除訴訟,combination,true_false,区分所有法60条1項に基づく占有者排除の訴えでは、専有部分の引渡しを請求することが問題となる。,1,○,この記述は正しいです。占有者排除の場面では、専有部分の引渡し請求が問題となります。,区分所有法60条,「引渡し」の空欄を独立化。,rewritten
official_h19_q39_e,official,管理業務主任者問題確認一覧.csv,h19_q39,h19,平成19年度,,39,エ,区分所有法,占有者排除訴訟,combination,true_false,区分所有法60条2項により準用される58条3項の趣旨から、集会決議の前提として占有者に与えれば足りるのは弁明する機会である。,1,○,この記述は正しいです。集会決議の前提として、占有者に与えるべきものは弁明の機会です。,区分所有法58条3項・60条2項,空欄エを趣旨ごと一文化。,rewritten
official_h19_q41_a,official,管理業務主任者問題確認一覧.csv,h19_q41,h19,平成19年度,,41,ア,品確法・建替円滑化法等,アフターサービス,combination,true_false,新築分譲マンションのアフターサービスは、天災地変等の不可抗力による損壊や購入者の使用ミスによる不具合についても対象とすることが多い。,0,×,この記述は誤りです。天災地変や購入者の使用ミスまでアフターサービスの対象にするのが一般的とはいえません。,分譲マンション実務,6肢型組合せを各文に分解。,rewritten
official_h19_q41_i,official,管理業務主任者問題確認一覧.csv,h19_q41,h19,平成19年度,,41,イ,品確法・建替円滑化法等,アフターサービス,combination,true_false,新築分譲マンションのアフターサービスの対象範囲は、専有部分に限られず、共用部分も対象とすることが多い。,1,○,この記述は正しいです。アフターサービスは、専有部分だけでなく共用部分も対象とすることが多いです。,分譲マンション実務,正答肢をそのまま活用。,rewritten
official_h19_q41_u,official,管理業務主任者問題確認一覧.csv,h19_q41,h19,平成19年度,,41,ウ,品確法・建替円滑化法等,アフターサービス,combination,true_false,新築分譲マンションのアフターサービスは、隠れた欠陥についてのみ対象とすることが多い。,0,×,この記述は誤りです。アフターサービスは、隠れた欠陥だけに限られるものではありません。,分譲マンション実務,「のみ」を残して誤りを明確化。,rewritten
official_h19_q41_e,official,管理業務主任者問題確認一覧.csv,h19_q41,h19,平成19年度,,41,エ,品確法・建替円滑化法等,アフターサービス,combination,true_false,アフターサービス期間の起算日は、対象部位や不具合の種類にかかわらず、常にマンション引渡日である。,0,×,この記述は誤りです。対象部位や不具合の種類にかかわらず一律に引渡日を起算日とするとは限りません。,分譲マンション実務,「常に」を誤りの核にした。,rewritten
official_h19_q41_o,official,管理業務主任者問題確認一覧.csv,h19_q41,h19,平成19年度,,41,オ,品確法・建替円滑化法等,アフターサービス,combination,true_false,新築分譲マンションのアフターサービスの対象部位は、基本構造部分に限られず、専有部分内にある設備も含むことが多い。,1,○,この記述は正しいです。アフターサービスの対象は、専有部分内の設備まで含むことが多いです。,分譲マンション実務,正答肢をそのまま活用。,rewritten
official_h19_q41_ka,official,管理業務主任者問題確認一覧.csv,h19_q41,h19,平成19年度,,41,カ,品確法・建替円滑化法等,アフターサービス,combination,true_false,宅地建物取引業者がアフターサービスの内容を守らなかった場合は、直ちに宅地建物取引業法違反となる。,0,×,この記述は誤りです。アフターサービス基準違反が、直ちに宅地建物取引業法違反となるわけではありません。,宅地建物取引業法・分譲マンション実務,「直ちに」を誤りの核にした。,rewritten
official_h19_q43_a,official,管理業務主任者問題確認一覧.csv,h19_q43,h19,平成19年度,,43,ア,品確法・建替円滑化法等,品確法の新築住宅,combination,true_false,品確法にいう新築住宅とは、新たに建設された住宅で、建設工事完了の日から1年を経過したものを除き、まだ人の居住の用に供したことのないものをいう。,1,○,この記述は正しいです。品確法の新築住宅は、建設工事完了の日から1年を経過したものを除き、まだ人の居住の用に供したことのない住宅です。,住宅の品質確保の促進等に関する法律,穴埋め型の結論をそのまま一文化。,rewritten
official_h19_q43_i,official,管理業務主任者問題確認一覧.csv,h19_q43,h19,平成19年度,,43,イ,品確法・建替円滑化法等,品確法の責任起算点,combination,true_false,品確法上、構造耐力上主要な部分等について売主が負う責任期間は、引渡しの時から起算する。,1,○,この記述は正しいです。品確法上の責任期間は、引渡しの時から起算します。,住宅の品質確保の促進等に関する法律,空欄イを独立化。,rewritten
official_h19_q43_u,official,管理業務主任者問題確認一覧.csv,h19_q43,h19,平成19年度,,43,ウ,品確法・建替円滑化法等,品確法の責任期間,combination,true_false,品確法上、構造耐力上主要な部分又は雨水の浸入を防止する部分について売主が負う瑕疵担保責任期間は10年である。,1,○,この記述は正しいです。売主は、引渡しの時から10年間の責任を負います。,住宅の品質確保の促進等に関する法律,空欄ウを独立化。,rewritten
official_h19_q43_e,official,管理業務主任者問題確認一覧.csv,h19_q43,h19,平成19年度,,43,エ,品確法・建替円滑化法等,品確法の責任期間延長,combination,true_false,品確法上、上記の責任期間は特約により20年まで伸長することができる。,1,○,この記述は正しいです。責任期間は、特約によって20年まで伸長することができます。,住宅の品質確保の促進等に関する法律,空欄エを独立化。,rewritten
official_h19_q47_a,official,管理業務主任者問題確認一覧.csv,h19_q47,h19,平成19年度,,47,ア,管理適正化法,管理業務主任者の登録,count,true_false,管理業務主任者とは、マンション管理適正化法59条に規定する国土交通大臣の登録を受けた者をいう。,1,○,この記述は正しいです。管理業務主任者は、国土交通大臣の登録を受けた者です。,マンション管理適正化法59条,個数問題を各文へ分解。,rewritten
official_h19_q47_i,official,管理業務主任者問題確認一覧.csv,h19_q47,h19,平成19年度,,47,イ,管理適正化法,登録更新,count,true_false,管理業務主任者は、登録の更新申請をしなければ、登録日から5年で登録の効力を失う。,0,×,この記述は誤りです。5年ごとに更新が必要なのは登録そのものではなく、管理業務主任者証です。,マンション管理適正化法,誤りのポイントをそのまま簡潔化。,rewritten
official_h19_q47_u,official,管理業務主任者問題確認一覧.csv,h19_q47,h19,平成19年度,,47,ウ,管理適正化法,主任者証提示義務,count,true_false,管理業務主任者は、その事務を行うに際し、関係者から請求があれば常に主任者証を提示しなければならない。,0,×,この記述は誤りです。主任者証の提示義務の場面をこのように広く言い過ぎることはできません。,マンション管理適正化法,「常に」を誤りの核にした。,rewritten
official_h19_q47_e,official,管理業務主任者問題確認一覧.csv,h19_q47,h19,平成19年度,,47,エ,管理適正化法,名義貸しと処分,count,true_false,管理業務主任者が名義貸しをした場合、情状が特に重くても、国土交通大臣は必要な指示しかできない。,0,×,この記述は誤りです。名義貸しのような重大違反は、単なる必要な指示にとどまらず、より重い処分の対象となり得ます。,マンション管理適正化法,元文の「必要な指示」を誤りの核にした。,rewritten
official_h19_q49_a,official,管理業務主任者問題確認一覧.csv,h19_q49,h19,平成19年度,,49,ア,管理適正化法,同一条件更新時の重要事項説明,count,true_false,マンション管理業者は、従前の管理受託契約と同一条件で更新しようとするとき、説明会の開催は不要でも、あらかじめ管理者等へ重要事項記載書面を交付しなければならない。,1,○,この記述は正しいです。同一条件更新時でも、重要事項を記載した書面の交付は必要です。,マンション管理適正化法72条,個数問題をそのまま各文へ分解。,rewritten
official_h19_q49_i,official,管理業務主任者問題確認一覧.csv,h19_q49,h19,平成19年度,,49,イ,管理適正化法,重要事項書面と記名押印,count,true_false,マンション管理業者は、重要事項を記載した書面を作成するとき、管理業務主任者にその書面へ記名押印させなければならない。,1,○,この記述は正しいです。重要事項記載書面には、管理業務主任者の記名押印が必要です。,マンション管理適正化法72条,結論をそのまま独立化。,rewritten
official_h19_q49_u,official,管理業務主任者問題確認一覧.csv,h19_q49,h19,平成19年度,,49,ウ,管理適正化法,73条書面の交付先,count,true_false,マンション管理業者が管理組合の管理者等である場合や管理者等が置かれていない場合には、73条書面を区分所有者等全員へ遅滞なく交付しなければならない。,1,○,この記述は正しいです。管理者等がいない場合などには、区分所有者等全員への交付が必要です。,マンション管理適正化法73条,長い条件文を簡潔に整理。,rewritten
official_h19_q49_e,official,管理業務主任者問題確認一覧.csv,h19_q49,h19,平成19年度,,49,エ,管理適正化法,73条書面と記名押印,count,true_false,マンション管理業者は、73条書面を作成するとき、管理業務主任者にその書面へ記名押印させなければならない。,0,×,この記述は誤りです。73条書面については、重要事項説明書面と同様の管理業務主任者による記名押印を要求するものではありません。,マンション管理適正化法73条,イとの違いが分かるようにそのまま残した。,rewritten
official_h19_q11_a,official,管理業務主任者問題確認一覧.csv,h19_q11,h19,平成19年度,,11,ア,判例・横断総合,滞納管理費の回収手続,combination,true_false,管理費の滞納者がそのマンションを売却して区分所有者でなくなった場合は、その者に対して滞納管理費を請求することはできない。,0,×,この記述は誤りです。区分所有者でなくなっても、その者が負っていた滞納管理費債務まで当然に消えるわけではありません。,民法,5肢の組合せ問題を各記述ごとに独立化した。,rewritten
official_h19_q11_i,official,管理業務主任者問題確認一覧.csv,h19_q11,h19,平成19年度,,11,イ,判例・横断総合,滞納管理費の回収手続,combination,true_false,滞納額が140万円以下であれば、少額訴訟制度を利用することができる。,0,×,この記述は誤りです。少額訴訟は140万円以下を基準とする制度ではなく、この説明は上限額の理解を誤っています。,民事訴訟法,金額基準の誤りが分かるように簡潔に整えた。,rewritten
official_h19_q11_u,official,管理業務主任者問題確認一覧.csv,h19_q11,h19,平成19年度,,11,ウ,判例・横断総合,滞納管理費の回収手続,combination,true_false,管理費の滞納者が行方不明になった場合でも、その者に対して訴えを提起することはできる。,1,○,この記述は正しいです。相手方が行方不明でも、公示送達などの手続を用いて訴えを提起することができます。,民事訴訟法,解説の核をそのまま一問一答へ移した。,rewritten
official_h19_q11_e,official,管理業務主任者問題確認一覧.csv,h19_q11,h19,平成19年度,,11,エ,判例・横断総合,滞納管理費の回収手続,combination,true_false,滞納者に対して内容証明郵便で催告しても、その後6か月以内に訴えの提起などの法的手続をとらなければ、その催告だけで十分な時効中断の効力は維持できない。,1,○,この記述は正しいです。催告だけでは暫定的な効果にとどまるため、6か月以内に訴訟提起などをしなければ足りません。,民法,時効に関する結論が分かるように説明を補った。,rewritten
official_h19_q11_o,official,管理業務主任者問題確認一覧.csv,h19_q11,h19,平成19年度,,11,オ,判例・横断総合,滞納管理費の回収手続,combination,true_false,滞納者が破産手続開始の決定を受けたときは、その翌日以降の管理費については支払義務を負わなくなる。,0,×,この記述は誤りです。破産手続開始決定を受けたからといって、その後の管理費について当然に支払義務がなくなるわけではありません。,破産法,破産開始後の費用負担という誤解をそのまま示した。,rewritten
original_orig_set01_q11_c1,original,管理業務主任者オリジナル実践演習問題500問.csv,orig_set01_q11,,,orig_set01,11,1,標準管理規約,管理費と修繕積立金の使途,single_choice,true_false,長期修繕計画に基づき15年ごとに実施する外壁の大規模修繕工事費は、管理費から支出するのが最も適切である。,0,×,この記述は誤りです。計画的な大規模修繕工事費は、通常の管理費ではなく修繕積立金の使途として整理します。,標準管理規約27条・28条,管理費と修繕積立金の区分が見えるように選択肢を断定文化した。,rewritten
original_orig_set01_q11_c2,original,管理業務主任者オリジナル実践演習問題500問.csv,orig_set01_q11,,,orig_set01,11,2,標準管理規約,管理費と修繕積立金の使途,single_choice,true_false,共用自動ドアのセンサー不良に対応する経常的な補修費は、管理費から支出するのが最も適切である。,1,○,この記述は正しいです。経常的な補修費は通常の管理に要する費用であり、管理費から支出するのが適切です。,標準管理規約27条,正答肢をそのまま自然な断定文にした。,rewritten
original_orig_set01_q11_c3,original,管理業務主任者オリジナル実践演習問題500問.csv,orig_set01_q11,,,orig_set01,11,3,標準管理規約,管理費と修繕積立金の使途,single_choice,true_false,建替えに係る合意形成のために必要な調査費用は、管理費から支出するのが最も適切である。,0,×,この記述は誤りです。建替え等に向けた合意形成のための調査費用は、修繕積立金の使途として扱うのが相当です。,標準管理規約28条,建替え関連費用の位置付けが分かるように残した。,rewritten
original_orig_set01_q11_c4,original,管理業務主任者オリジナル実践演習問題500問.csv,orig_set01_q11,,,orig_set01,11,4,標準管理規約,管理費と修繕積立金の使途,single_choice,true_false,修繕積立金の管理及び運用に関する費用は、管理費から支出するのが最も適切である。,0,×,この記述は誤りです。修繕積立金の管理及び運用に関する費用は、修繕積立金の使途に含まれます。,標準管理規約28条,4肢の役割をそのまま保った。,rewritten
original_orig_set01_q12_c1,original,管理業務主任者オリジナル実践演習問題500問.csv,orig_set01_q12,,,orig_set01,12,1,標準管理規約,理事会の権限,case_based,true_false,毎会計年度の収支予算案を確定することは、理事会の承認又は決議のみで行うことができる。,0,×,この記述は誤りです。収支予算案は総会決議事項であり、理事会だけで確定することはできません。,標準管理規約48条,理事会だけでできるかどうかを単独判定できる形にした。,rewritten
original_orig_set01_q12_c2,original,管理業務主任者オリジナル実践演習問題500問.csv,orig_set01_q12,,,orig_set01,12,2,標準管理規約,理事会の権限,case_based,true_false,修繕積立金の保管及び運用方法を定めることは、理事会の承認又は決議のみで行うことができる。,0,×,この記述は誤りです。修繕積立金の保管及び運用方法も総会決議事項です。,標準管理規約48条,総会事項との切分けを明確にした。,rewritten
original_orig_set01_q12_c3,original,管理業務主任者オリジナル実践演習問題500問.csv,orig_set01_q12,,,orig_set01,12,3,標準管理規約,理事会の権限,case_based,true_false,会計年度開始後、通常総会で予算承認を得る前に、管理員人件費など経常的でやむを得ない支出を承認することは、理事会の承認のみで行うことができる。,1,○,この記述は正しいです。通常総会で予算承認を得るまでの間でも、経常的でやむを得ない支出は理事会承認で行えます。,標準管理規約58条3項,例外的に理事会で処理できる場面をそのまま独立化した。,rewritten
original_orig_set01_q12_c4,original,管理業務主任者オリジナル実践演習問題500問.csv,orig_set01_q12,,,orig_set01,12,4,標準管理規約,理事会の権限,case_based,true_false,長期修繕計画を変更することは、理事会の承認又は決議のみで行うことができる。,0,×,この記述は誤りです。長期修繕計画の変更は総会決議事項です。,標準管理規約48条,長期修繕計画の位置付けを維持した。,rewritten
original_orig_set01_q13_a,original,管理業務主任者オリジナル実践演習問題500問.csv,orig_set01_q13,,,orig_set01,13,ア,標準管理規約,総会出席と代理,combination,true_false,理事会が必要と認めた者は、組合員でなくても総会に出席することができる。,1,○,この記述は正しいです。標準管理規約では、理事会が必要と認めた者の総会出席を認めています。,標準管理規約45条1項,組合せ問題の各文をそのまま単独判定できる形にした。,rewritten
original_orig_set01_q13_i,original,管理業務主任者オリジナル実践演習問題500問.csv,orig_set01_q13,,,orig_set01,13,イ,標準管理規約,総会出席と代理,combination,true_false,区分所有者の承諾を得て専有部分を占有する者は、会議の目的につき利害関係を有するときでも、総会に出席して意見を述べることはできない。,0,×,この記述は誤りです。利害関係を有する占有者には、総会に出席して意見を述べる機会が認められます。,標準管理規約45条2項,否定形の誤りが分かるように原文を維持した。,rewritten
original_orig_set01_q13_u,original,管理業務主任者オリジナル実践演習問題500問.csv,orig_set01_q13,,,orig_set01,13,ウ,標準管理規約,総会出席と代理,combination,true_false,組合員が代理人により議決権を行使しようとする場合、その代理人は標準管理規約に定める一定の者でなければならない。,1,○,この記述は正しいです。代理人となれる者は、標準管理規約で一定の範囲に限定されています。,標準管理規約46条5項,代理人資格の限定が見えるようにした。,rewritten
original_orig_set01_q13_e,original,管理業務主任者オリジナル実践演習問題500問.csv,orig_set01_q13,,,orig_set01,13,エ,標準管理規約,総会出席と代理,combination,true_false,組合員は、代理人による議決権行使をする場合、代理人を自由に選任することができる。,0,×,この記述は誤りです。代理人は無制限に選任できるのではなく、標準管理規約で一定の者に限定されています。,標準管理規約46条5項,エの誤りの核をそのまま残した。,rewritten
original_orig_set01_q14_c1,original,管理業務主任者オリジナル実践演習問題500問.csv,orig_set01_q14,,,orig_set01,14,1,標準管理規約,専有部分への立入り,single_choice,true_false,管理を行うために必要であっても、専有部分への立入りは、当該区分所有者の個別同意がなければ一切請求することができない。,0,×,この記述は誤りです。管理のため必要があれば、標準管理規約に基づいて専有部分への立入り等を請求できます。,標準管理規約23条1項,全面否定の言い回しをそのまま判定文にした。,rewritten
original_orig_set01_q14_c2,original,管理業務主任者オリジナル実践演習問題500問.csv,orig_set01_q14,,,orig_set01,14,2,標準管理規約,専有部分への立入り,single_choice,true_false,立入り又は保存行為の実施を請求された者は、理由のいかんを問わずこれを拒否することができない。,0,×,この記述は誤りです。正当な理由がある場合まで拒否できないわけではありません。,標準管理規約23条2項,正当な理由の留保が見えるように短く整えた。,rewritten
original_orig_set01_q14_c3,original,管理業務主任者オリジナル実践演習問題500問.csv,orig_set01_q14,,,orig_set01,14,3,標準管理規約,専有部分への立入り,single_choice,true_false,理事長は、災害や事故の場合であっても、当該専有部分の所有者の承諾がない限り、自ら立ち入ることはできない。,0,×,この記述は誤りです。災害や事故で緊急性が高い場合には、理事長が自ら立ち入り又は保存行為を実施できます。,標準管理規約23条4項,緊急時の例外が見えるようにした。,rewritten
original_orig_set01_q14_c4,original,管理業務主任者オリジナル実践演習問題500問.csv,orig_set01_q14,,,orig_set01,14,4,標準管理規約,専有部分への立入り,single_choice,true_false,災害、事故等が発生し、緊急に専有部分への立入り又は保存行為の実施をしなければ共用部分等又は他の専有部分に重大な影響を与えるおそれがあるときは、理事長は自ら立ち入り、又は保存行為を実施することができる。,1,○,この記述は正しいです。緊急時には、理事長が自ら立ち入り又は保存行為を実施できるとされています。,標準管理規約23条4項,正答肢は語尾だけ整えて維持した。,rewritten
original_orig_set01_q15_c1,original,管理業務主任者オリジナル実践演習問題500問.csv,orig_set01_q15,,,orig_set01,15,1,標準管理規約,規約改正と特別の影響,case_based,true_false,専有部分の床面積割合によって算定していた管理費負担を全住戸均等負担へ改める規約変更を行い、床面積の小さい住戸の区分所有者の負担が大幅に増えるときは、特別の影響を受ける区分所有者の承諾が必要となることがある。,1,○,この記述は正しいです。一部の区分所有者の負担が大きく増えるような変更は、特別の影響として承諾が必要となる典型例です。,区分所有法31条1項・標準管理規約47条9項,特別の影響の要点が崩れないように少し補った。,rewritten
original_orig_set01_q15_c2,original,管理業務主任者オリジナル実践演習問題500問.csv,orig_set01_q15,,,orig_set01,15,2,標準管理規約,規約改正と特別の影響,case_based,true_false,共用部分の清掃時間帯を午前から午後に変更する規約変更は、直ちに特別の影響を受ける区分所有者の承諾が必要となる典型例である。,0,×,この記述は誤りです。一般的な運用変更にとどまるものは、ここでいう特別の影響に直ちに当たりません。,区分所有法31条1項,典型例かどうかで判定しやすくした。,rewritten
original_orig_set01_q15_c3,original,管理業務主任者オリジナル実践演習問題500問.csv,orig_set01_q15,,,orig_set01,15,3,標準管理規約,規約改正と特別の影響,case_based,true_false,掲示板の掲示方法を紙掲示から電子掲示へ変更する規約変更は、直ちに特別の影響を受ける区分所有者の承諾が必要となる典型例である。,0,×,この記述は誤りです。掲示方法の変更は、通常は一般的な運用変更にとどまり、特別の影響が直ちに認められる類型ではありません。,区分所有法31条1項,特別の影響との距離感が分かるようにした。,rewritten
original_orig_set01_q15_c4,original,管理業務主任者オリジナル実践演習問題500問.csv,orig_set01_q15,,,orig_set01,15,4,標準管理規約,規約改正と特別の影響,case_based,true_false,理事会の定例開催月を偶数月から毎月へ変更する規約変更は、直ちに特別の影響を受ける区分所有者の承諾が必要となる典型例である。,0,×,この記述は誤りです。理事会運営の一般的な変更にすぎず、特定の区分所有者に特別の影響を及ぼす典型例とはいえません。,区分所有法31条1項,抽象的な不便と特別の影響を切り分けた。,rewritten
original_orig_set01_q16_c1,original,管理業務主任者オリジナル実践演習問題500問.csv,orig_set01_q16,,,orig_set01,16,1,会計・税務,前受金と預り金,accounting_table,true_false,3月31日の仕訳として、借方を現金180000円、貸方を駐車場使用料収入180000円とするのが適切である。,0,×,この記述は誤りです。翌4月分の使用料は当期収益ではなく前受金であり、敷金も収益ではなく預り金です。,管理組合会計,仕訳肢をそのまま断定文へ戻した。,rewritten
original_orig_set01_q16_c2,original,管理業務主任者オリジナル実践演習問題500問.csv,orig_set01_q16,,,orig_set01,16,2,会計・税務,前受金と預り金,accounting_table,true_false,3月31日の仕訳として、借方を現金180000円、貸方を前受金90000円及び預り金90000円とするのが適切である。,1,○,この記述は正しいです。翌期分の使用料は前受金、将来返還の可能性がある敷金は預り金として処理します。,管理組合会計,正答の仕訳をそのまま一問一答化した。,rewritten
original_orig_set01_q16_c3,original,管理業務主任者オリジナル実践演習問題500問.csv,orig_set01_q16,,,orig_set01,16,3,会計・税務,前受金と預り金,accounting_table,true_false,3月31日の仕訳として、借方を現金180000円、貸方を駐車場使用料収入90000円及び預り金90000円とするのが適切である。,0,×,この記述は誤りです。4月分の使用料90000円は当期収益ではなく、前受金として処理すべきです。,管理組合会計,収益計上時期の誤りが見えるようにした。,rewritten
original_orig_set01_q16_c4,original,管理業務主任者オリジナル実践演習問題500問.csv,orig_set01_q16,,,orig_set01,16,4,会計・税務,前受金と預り金,accounting_table,true_false,3月31日の仕訳として、借方を現金180000円、貸方を前受金180000円とするのが適切である。,0,×,この記述は誤りです。敷金90000円は前受金ではなく、返還義務を伴う預り金として処理します。,管理組合会計,前受金と預り金の違いが分かるようにした。,rewritten
original_orig_set01_q17_c1,original,管理業務主任者オリジナル実践演習問題500問.csv,orig_set01_q17,,,orig_set01,17,1,会計・税務,未払金と前払費用,accounting_table,true_false,3月31日の仕訳として、借方を管理委託費800000円、水道光熱費120000円、修繕費60000円、損害保険料240000円、貸方を未払金1220000円とするのが適切である。,0,×,この記述は誤りです。翌5月分の管理委託費と翌5月1日からの保険料は、3月末時点では当期費用として計上しません。,管理組合会計,当期費用に当たるかどうかで判定できる形にした。,rewritten
original_orig_set01_q17_c2,original,管理業務主任者オリジナル実践演習問題500問.csv,orig_set01_q17,,,orig_set01,17,2,会計・税務,未払金と前払費用,accounting_table,true_false,3月31日の仕訳として、借方を水道光熱費120000円、修繕費60000円、前払保険料240000円、貸方を未払金420000円とするのが適切である。,0,×,この記述は誤りです。翌5月1日から始まる保険料は、3月末時点では前払費用としても計上しません。,管理組合会計,前払費用の計上時期を明確にした。,rewritten
original_orig_set01_q17_c3,original,管理業務主任者オリジナル実践演習問題500問.csv,orig_set01_q17,,,orig_set01,17,3,会計・税務,未払金と前払費用,accounting_table,true_false,3月31日の仕訳として、借方を水道光熱費120000円及び修繕費60000円、貸方を未払金180000円とするのが適切である。,1,○,この記述は正しいです。3月31日時点で当期に発生しているのは、水道光熱費と修繕費だけです。,管理組合会計,正答肢は簡潔に仕訳の形を維持した。,rewritten
original_orig_set01_q17_c4,original,管理業務主任者オリジナル実践演習問題500問.csv,orig_set01_q17,,,orig_set01,17,4,会計・税務,未払金と前払費用,accounting_table,true_false,3月31日の仕訳として、借方を前払管理委託費800000円、水道光熱費120000円、修繕費60000円、前払保険料240000円、貸方を未払金1220000円とするのが適切である。,0,×,この記述は誤りです。翌5月分の管理委託費や保険料は、3月末時点で前払費用として処理する場面でもありません。,管理組合会計,前払の誤用が見えるようにした。,rewritten
original_orig_set01_q5_c1,original,管理業務主任者オリジナル実践演習問題500問.csv,orig_set01_q5,,,orig_set01,5,1,民法・借地借家法,定期建物賃貸借,single_choice,true_false,契約期間を10か月と定めた定期建物賃貸借契約は、1年の契約期間とみなされる。,0,×,この記述は誤りです。定期建物賃貸借では、1年未満の契約期間を定めることもできます。,借地借家法,期間に関する誤解をそのまま判定文へ戻した。,rewritten
original_orig_set01_q5_c2,original,管理業務主任者オリジナル実践演習問題500問.csv,orig_set01_q5,,,orig_set01,5,2,民法・借地借家法,定期建物賃貸借,single_choice,true_false,契約期間を2年と定めた定期建物賃貸借契約で、貸主が期間満了の1年前から6か月前までの間に終了通知をしなかったときは、その後に通知しても、その通知の日から6か月を経過するまでは契約終了を賃借人に対抗することができない。,1,○,この記述は正しいです。期間が1年以上の定期建物賃貸借で終了通知が遅れた場合は、通知後6か月を経過するまで終了を対抗できません。,借地借家法38条,正答肢は対抗関係が見えるようにそのまま維持した。,rewritten
original_orig_set01_q5_c3,original,管理業務主任者オリジナル実践演習問題500問.csv,orig_set01_q5,,,orig_set01,5,3,民法・借地借家法,定期建物賃貸借,single_choice,true_false,床面積200平方メートル未満の居住用建物で、賃借人が転勤により自己の生活の本拠として使用することが困難となった場合でも、契約に中途解約条項がなければ中途解約の申入れをすることはできない。,0,×,この記述は誤りです。床面積200平方メートル未満の居住用建物では、転勤などのやむを得ない事情があるときは、賃借人から中途解約の申入れができます。,借地借家法38条,例外的な中途解約権が分かるように整理した。,rewritten
original_orig_set01_q5_c4,original,管理業務主任者オリジナル実践演習問題500問.csv,orig_set01_q5,,,orig_set01,5,4,民法・借地借家法,定期建物賃貸借,single_choice,true_false,貸主が、契約の更新がなく期間満了により賃貸借が終了する旨を記載した書面をあらかじめ交付して説明しなかった場合でも、定期建物賃貸借契約が書面で締結されていれば、その定めは有効である。,0,×,この記述は誤りです。事前に書面を交付して説明しなければ、更新がない旨の定めは無効となります。,借地借家法38条,事前説明の要否に絞って一問一答化した。,rewritten
original_orig_set01_q6_c1,original,管理業務主任者オリジナル実践演習問題500問.csv,orig_set01_q6,,,orig_set01,6,1,区分所有法,専有部分と共用部分,comparison_table,true_false,数戸の専有部分に通ずる廊下であっても、特定の区分所有者が日常的に多く使用しているときは、その者の専有部分とすることができる。,0,×,この記述は誤りです。利用実態だけで廊下が専有部分になるわけではなく、共用に供されるべき部分は共用部分です。,区分所有法,利用実態だけでは足りないことが分かるようにした。,rewritten
original_orig_set01_q6_c2,original,管理業務主任者オリジナル実践演習問題500問.csv,orig_set01_q6,,,orig_set01,6,2,区分所有法,専有部分と共用部分,comparison_table,true_false,建物の一部又は附属建物については、規約で共用部分と定めることができる。,1,○,この記述は正しいです。区分所有法では、建物の一部や附属建物を規約共用部分とすることができます。,区分所有法4条2項,正答肢をそのまま独立化した。,rewritten
original_orig_set01_q6_c3,original,管理業務主任者オリジナル実践演習問題500問.csv,orig_set01_q6,,,orig_set01,6,3,区分所有法,専有部分と共用部分,comparison_table,true_false,専有部分とは、区分所有者が単独で所有する意思を有している部分をいい、構造上又は利用上の独立性は要しない。,0,×,この記述は誤りです。専有部分には、構造上及び利用上の独立性が必要です。,区分所有法1条・2条,独立性要件が見える形にした。,rewritten
original_orig_set01_q6_c4,original,管理業務主任者オリジナル実践演習問題500問.csv,orig_set01_q6,,,orig_set01,6,4,区分所有法,専有部分と共用部分,comparison_table,true_false,附属建物は、常に専有部分としてのみ取り扱われ、共用部分とする余地はない。,0,×,この記述は誤りです。附属建物も、規約によって共用部分とすることができます。,区分所有法4条2項,4肢目の全面否定をそのまま判定文にした。,rewritten
original_orig_set01_q7_c1,original,管理業務主任者オリジナル実践演習問題500問.csv,orig_set01_q7,,,orig_set01,7,1,区分所有法,敷地利用権と分離処分,single_choice,true_false,敷地利用権が共有持分である場合でも、区分所有者は、専有部分だけを自由に第三者へ譲渡することができる。,0,×,この記述は誤りです。分離処分禁止の原則があるため、専有部分だけを自由に譲渡できるわけではありません。,区分所有法22条1項,専有部分だけの譲渡という誤解を残した。,rewritten
original_orig_set01_q7_c2,original,管理業務主任者オリジナル実践演習問題500問.csv,orig_set01_q7,,,orig_set01,7,2,区分所有法,敷地利用権と分離処分,single_choice,true_false,敷地利用権と専有部分の分離処分禁止は強行規定であり、規約で別段の定めを置くことは一切できない。,0,×,この記述は誤りです。区分所有法は、規約で別段の定めを置く余地を認めています。,区分所有法22条1項,「一切できない」という言い切りを維持した。,rewritten
original_orig_set01_q7_c3,original,管理業務主任者オリジナル実践演習問題500問.csv,orig_set01_q7,,,orig_set01,7,3,区分所有法,敷地利用権と分離処分,single_choice,true_false,敷地利用権が数人で有する所有権その他の権利である場合、区分所有者は、規約に別段の定めがない限り、専有部分と敷地利用権とを分離して処分することができない。,1,○,この記述は正しいです。区分所有法は、規約に別段の定めがない限り、専有部分と敷地利用権の分離処分を禁止しています。,区分所有法22条1項,正答肢をそのまま自然な断定文にした。,rewritten
original_orig_set01_q7_c4,original,管理業務主任者オリジナル実践演習問題500問.csv,orig_set01_q7,,,orig_set01,7,4,区分所有法,敷地利用権と分離処分,single_choice,true_false,専有部分と敷地利用権の分離処分が禁止されている場合、その違反処分の無効は、相手方が善意であっても常に主張することができる。,0,×,この記述は誤りです。違反処分の無効は、善意の相手方に対抗できない場合があります。,区分所有法23条,善意者保護の点が見えるようにした。,rewritten
original_orig_set01_q9_c1,original,管理業務主任者オリジナル実践演習問題500問.csv,orig_set01_q9,,,orig_set01,9,1,区分所有法,義務違反者への措置,precedent_fill,true_false,占有者が共同の利益に反する行為をした場合でも、区分所有法60条に基づき契約解除及び引渡しを求めることはできず、常に59条の競売請求によらなければならない。,0,×,この記述は誤りです。占有者による義務違反では、区分所有法60条に基づく契約解除と引渡請求が問題となります。,区分所有法60条,占有者と区分所有者の措置の違いが見えるようにした。,rewritten
original_orig_set01_q9_c2,original,管理業務主任者オリジナル実践演習問題500問.csv,orig_set01_q9,,,orig_set01,9,2,区分所有法,義務違反者への措置,precedent_fill,true_false,区分所有者に対する専有部分の使用禁止請求は、集会の普通決議があれば足りる。,0,×,この記述は誤りです。使用禁止請求の決議には、普通決議ではなく特別多数決が必要です。,区分所有法58条2項,決議要件に絞って判定できる形にした。,rewritten
original_orig_set01_q9_c3,original,管理業務主任者オリジナル実践演習問題500問.csv,orig_set01_q9,,,orig_set01,9,3,区分所有法,義務違反者への措置,precedent_fill,true_false,義務違反行為の停止請求は、裁判を提起するために常に区分所有者全員が共同して原告とならなければならない。,0,×,この記述は誤りです。集会で指定された管理者や区分所有者が訴えを提起することができます。,区分所有法57条3項,「常に全員共同」を誤りの核にした。,rewritten
original_orig_set01_q9_c4,original,管理業務主任者オリジナル実践演習問題500問.csv,orig_set01_q9,,,orig_set01,9,4,区分所有法,義務違反者への措置,precedent_fill,true_false,占有者による義務違反行為が共同生活上著しい障害となり、他の方法では障害の除去が困難であるときは、集会決議に基づき、占有者の専有部分の使用収益を目的とする契約の解除及びその専有部分の引渡しを求める訴えを提起することができる。,1,○,この記述は正しいです。区分所有法60条は、このような場合に契約解除と引渡請求の訴えを認めています。,区分所有法60条,正答肢は条文の構造が分かるように維持した。,rewritten
original_orig_set01_q10_c1,original,管理業務主任者オリジナル実践演習問題500問.csv,orig_set01_q10,,,orig_set01,10,1,区分所有法,滅失・復旧・建替え,case_based,true_false,建物価格の2分の1以下に相当する部分が滅失した場合、各区分所有者は、所定の決議が先にされていない限り、滅失した共用部分及び自己の専有部分を復旧することができる。,1,○,この記述は正しいです。建物価格の2分の1以下に相当する一部滅失であれば、各区分所有者は共用部分と自己の専有部分を復旧できます。,区分所有法61条1項,正答肢はそのまま独立化した。,rewritten
original_orig_set01_q10_c2,original,管理業務主任者オリジナル実践演習問題500問.csv,orig_set01_q10,,,orig_set01,10,2,区分所有法,滅失・復旧・建替え,case_based,true_false,建物価格の2分の1を超える部分が滅失した場合、復旧に関する決議は一切できず、常に直ちに建替え決議をしなければならない。,0,×,この記述は誤りです。2分の1を超える一部滅失でも、所定の特別多数決により復旧決議をする余地があります。,区分所有法61条5項,全面否定の誤りが分かるようにした。,rewritten
original_orig_set01_q10_c3,original,管理業務主任者オリジナル実践演習問題500問.csv,orig_set01_q10,,,orig_set01,10,3,区分所有法,滅失・復旧・建替え,case_based,true_false,建替え決議は、区分所有者及び議決権の各4分の3以上の多数で足りる。,0,×,この記述は誤りです。建替え決議には、区分所有者及び議決権の各5分の4以上の多数が必要です。,区分所有法62条1項,決議要件の誤りを単独で判定できる形にした。,rewritten
original_orig_set01_q10_c4,original,管理業務主任者オリジナル実践演習問題500問.csv,orig_set01_q10,,,orig_set01,10,4,区分所有法,滅失・復旧・建替え,case_based,true_false,建物価格の2分の1以下に相当する部分が滅失した場合、各区分所有者が単独で復旧できるのは自己の専有部分に限られ、共用部分については常に集会決議が必要である。,0,×,この記述は誤りです。2分の1以下の一部滅失なら、共用部分も各区分所有者が復旧し得ます。,区分所有法61条1項,共用部分も含むことが分かるようにした。,rewritten
original_orig_set01_q18_a,original,管理業務主任者オリジナル実践演習問題500問.csv,orig_set01_q18,,,orig_set01,18,ア,会計・税務,修繕積立金会計と一般会計,combination,true_false,管理員人件費は、一般会計で処理するのが適切である。,1,○,この記述は正しいです。管理員人件費のような通常の管理に要する経費は、一般会計で処理するのが適切です。,管理組合会計,会計区分の原則が見えるようにした。,rewritten
original_orig_set01_q18_i,original,管理業務主任者オリジナル実践演習問題500問.csv,orig_set01_q18,,,orig_set01,18,イ,会計・税務,修繕積立金会計と一般会計,combination,true_false,長期修繕計画の作成費用は、一般会計で処理するのが適切である。,0,×,この記述は誤りです。長期修繕計画の作成費用は、修繕積立金会計で処理するのが相当です。,標準管理規約28条,一般会計と修繕積立金会計の違いを見せた。,rewritten
original_orig_set01_q18_u,original,管理業務主任者オリジナル実践演習問題500問.csv,orig_set01_q18,,,orig_set01,18,ウ,会計・税務,修繕積立金会計と一般会計,combination,true_false,大規模修繕工事のための設計監理費用は、修繕積立金会計で処理するのが適切である。,1,○,この記述は正しいです。大規模修繕工事のための設計監理費用は、特別の管理に要する費用として修繕積立金会計で処理するのが適切です。,標準管理規約28条,正答肢をそのまま一問一答化した。,rewritten
original_orig_set01_q18_e,original,管理業務主任者オリジナル実践演習問題500問.csv,orig_set01_q18,,,orig_set01,18,エ,会計・税務,修繕積立金会計と一般会計,combination,true_false,共用部分に係る毎年の火災保険料は、修繕積立金会計で処理するのが適切である。,0,×,この記述は誤りです。毎年の火災保険料は、通常の管理に要する費用として一般会計で処理するのが相当です。,標準管理規約27条,経常費用である点が分かるようにした。,rewritten
original_orig_set01_q19_c1,original,管理業務主任者オリジナル実践演習問題500問.csv,orig_set01_q19,,,orig_set01,19,1,会計・税務,駐車場使用料等の処理,single_choice,true_false,3月分のうち1台分40000円が未収であり、4月分3台分120000円と保証金30000円を3月31日に受け取った場合、借方を普通預金150000円、貸方を駐車場使用料収入150000円とするのが最も適切である。,0,×,この記述は誤りです。4月分の使用料は前受金、保証金は預り金として処理すべきであり、全額を当期収益にはできません。,管理組合会計,発生主義の誤りが一目で分かる形にした。,rewritten
original_orig_set01_q19_c2,original,管理業務主任者オリジナル実践演習問題500問.csv,orig_set01_q19,,,orig_set01,19,2,会計・税務,駐車場使用料等の処理,single_choice,true_false,3月分のうち1台分40000円が未収であり、4月分3台分120000円と保証金30000円を3月31日に受け取った場合、借方を普通預金150000円、貸方を未収入金40000円、駐車場使用料収入80000円、前受金30000円とするのが最も適切である。,0,×,この記述は誤りです。保証金30000円は前受金ではなく預り金であり、4月分使用料は120000円全額が前受金です。,管理組合会計,前受金と預り金の区別が見えるようにした。,rewritten
original_orig_set01_q19_c3,original,管理業務主任者オリジナル実践演習問題500問.csv,orig_set01_q19,,,orig_set01,19,3,会計・税務,駐車場使用料等の処理,single_choice,true_false,3月分のうち1台分40000円が未収であり、4月分3台分120000円と保証金30000円を3月31日に受け取った場合、借方を普通預金150000円、貸方を駐車場使用料収入120000円、預り金30000円とするのが最も適切である。,0,×,この記述は誤りです。4月分3台分120000円は翌期収益なので、駐車場使用料収入ではなく前受金として処理します。,管理組合会計,収益認識時期の誤りをそのまま残した。,rewritten
original_orig_set01_q19_c4,original,管理業務主任者オリジナル実践演習問題500問.csv,orig_set01_q19,,,orig_set01,19,4,会計・税務,駐車場使用料等の処理,single_choice,true_false,3月分のうち1台分40000円が未収であり、4月分3台分120000円と保証金30000円を3月31日に受け取った場合、借方を普通預金150000円、貸方を未収入金40000円、前受金120000円、預り金30000円とするのが最も適切である。,1,○,この記述は正しいです。3月分の未収は未収入金の回収、4月分の使用料は前受金、保証金は預り金として処理します。,管理組合会計,正答の仕訳構造をそのまま一問一答化した。,rewritten
original_orig_set01_q20_c1,original,管理業務主任者オリジナル実践演習問題500問.csv,orig_set01_q20,,,orig_set01,20,1,会計・税務,貸借対照表と収支報告の読み取り,comparison_table,true_false,前受金200000円は、既に当期の収益として実現した金額を示している。,0,×,この記述は誤りです。前受金は、将来の収益に対応する負債であり、当期に実現した収益ではありません。,管理組合会計,前受金の意味を単独判定できる形にした。,rewritten
original_orig_set01_q20_c2,original,管理業務主任者オリジナル実践演習問題500問.csv,orig_set01_q20,,,orig_set01,20,2,会計・税務,貸借対照表と収支報告の読み取り,comparison_table,true_false,預り金90000円は、将来返還する必要のない管理費剰余金を示している。,0,×,この記述は誤りです。預り金は、返還義務などを伴う負債であって、剰余金ではありません。,管理組合会計,預り金の性質に絞って判定できる形にした。,rewritten
original_orig_set01_q20_c3,original,管理業務主任者オリジナル実践演習問題500問.csv,orig_set01_q20,,,orig_set01,20,3,会計・税務,貸借対照表と収支報告の読み取り,comparison_table,true_false,前払費用120000円は、将来の期間に対応する費用を当期末時点で資産として計上していることを示す。,1,○,この記述は正しいです。前払費用は、既に支出したが将来の期間に対応する費用を資産として計上したものです。,管理組合会計,正答肢は意味説明がそのまま通るので維持した。,rewritten
original_orig_set01_q20_c4,original,管理業務主任者オリジナル実践演習問題500問.csv,orig_set01_q20,,,orig_set01,20,4,会計・税務,貸借対照表と収支報告の読み取り,comparison_table,true_false,未払金150000円は、必ず翌期以降の修繕積立金会計に属する支払義務を示す。,0,×,この記述は誤りです。未払金は支払義務を示す負債ですが、必ずしも修繕積立金会計に属するものとは限りません。,管理組合会計,「必ず」の言い過ぎが分かるようにした。,rewritten
official_h20_q2_c1,official,管理業務主任者問題確認一覧.csv,h20_q2,h20,平成20年度,,2,1,民法・借地借家法,錯誤と解除,single_choice,true_false,契約の要素に錯誤があった場合には、管理組合は、過失があったときでも、重過失がない限り、マンション管理業者に対して契約の無効を主張することができる。,1,○,この記述は正しいです。本問の前提となる当時の民法では、要素の錯誤について重過失がない限り無効を主張し得るとされていました。,民法,当事者名だけ整えて断定文にした。,rewritten
official_h20_q2_c2,official,管理業務主任者問題確認一覧.csv,h20_q2,h20,平成20年度,,2,2,民法・借地借家法,通謀虚偽表示,single_choice,true_false,管理委託契約が管理組合とマンション管理業者との通謀虚偽表示であった場合でも、そのために契約の効力は妨げられない。,0,×,この記述は誤りです。通謀虚偽表示による意思表示は無効であり、契約の効力は妨げられます。,民法94条,通謀虚偽表示の結論が直接見える形にした。,rewritten
official_h20_q2_c3,official,管理業務主任者問題確認一覧.csv,h20_q2,h20,平成20年度,,2,3,民法・借地借家法,第三者詐欺,single_choice,true_false,管理委託契約が第三者Cの管理組合に対する詐欺によってなされた場合には、マンション管理業者は契約を取り消すことができる。,0,×,この記述は誤りです。第三者の詐欺を理由に取り消すことができるのは、詐欺に遭った側であって、相手方であるマンション管理業者ではありません。,民法96条,取消権者が誰かに絞って整理した。,rewritten
official_h20_q2_c4,official,管理業務主任者問題確認一覧.csv,h20_q2,h20,平成20年度,,2,4,民法・借地借家法,履行遅滞と解除,single_choice,true_false,マンション管理業者が管理委託業務を履行期に履行しない場合には、管理組合は直ちに契約を解除することができる。,0,×,この記述は誤りです。単なる履行遅滞であれば、直ちに解除できるとは限らず、通常は催告などが問題となります。,民法,無催告解除にならないことが分かるようにした。,rewritten
official_h20_q3_c1,official,管理業務主任者問題確認一覧.csv,h20_q3,h20,平成20年度,,3,1,民法・借地借家法,解除の一般原則,single_choice,true_false,解除の意思表示は、撤回することができない。,1,○,この記述は正しいです。解除の意思表示は相手方に到達すれば、原則として撤回することができません。,民法540条,短い条文知識型なのでそのまま残した。,rewritten
official_h20_q3_c2,official,管理業務主任者問題確認一覧.csv,h20_q3,h20,平成20年度,,3,2,民法・借地借家法,履行不能と解除,single_choice,true_false,債務が履行不能になった場合に、履行不能について債務者の責めに帰する事由がないときには、債権者は解除することができない。,1,○,この記述は正しいです。本問の前提となる当時の民法では、履行不能による解除には債務者の責めに帰すべき事由が必要とされていました。,民法,出題時点の法制度に合わせた。,rewritten
official_h20_q3_c3,official,管理業務主任者問題確認一覧.csv,h20_q3,h20,平成20年度,,3,3,民法・借地借家法,解除の効果,single_choice,true_false,解除権の行使により、当事者の一方が金銭を返還するときには、受領した時からの利息を付す必要はなく、受領した額を返還すれば足りる。,0,×,この記述は誤りです。解除により金銭を返還するときは、受領の時からの利息を付して返還しなければなりません。,民法545条,誤りの核をそのまま残した。,rewritten
official_h20_q3_c4,official,管理業務主任者問題確認一覧.csv,h20_q3,h20,平成20年度,,3,4,民法・借地借家法,多数当事者契約の解除,single_choice,true_false,債務者が数人ある場合に、債権者が契約の解除をするときには、債務者の全員に対してしなければならない。,1,○,この記述は正しいです。数人に対して契約を解除するときは、解除の意思表示を全員に対して行う必要があります。,民法544条,全員に対して行う点だけを見やすくした。,rewritten
official_h20_q4_c1,official,管理業務主任者問題確認一覧.csv,h20_q4,h20,平成20年度,,4,1,民法・借地借家法,共有住戸の相続,single_choice,true_false,Aの死亡後にCが死亡した場合には、その住戸は、BとDが相続する。,0,×,この記述は誤りです。Aの死亡後にCが死亡するなら、Aの持分はBとCが相続し、その後Cの相続関係も踏まえるため、BとDだけが直接相続する形にはなりません。,民法,相続の順序がずれることを示した。,rewritten
official_h20_q4_c2,official,管理業務主任者問題確認一覧.csv,h20_q4,h20,平成20年度,,4,2,民法・借地借家法,共有住戸の相続,single_choice,true_false,Cの死亡後にAが死亡した場合には、その住戸は、Bのみが相続する。,0,×,この記述は誤りです。Cの死亡後にAが死亡する場合は、Cの持分の承継とAの相続が段階的に生じるため、Bのみが相続するとはいえません。,民法,先にCが死亡する場合の持分移転を意識して整えた。,rewritten
official_h20_q4_c3,official,管理業務主任者問題確認一覧.csv,h20_q4,h20,平成20年度,,4,3,民法・借地借家法,同時死亡の相続,single_choice,true_false,AとCが同時に死亡した場合には、その住戸は、BとDが相続する。,1,○,この記述は正しいです。同時死亡とされるためAとCは互いに相続せず、Aの持分はBとDが、Cの持分はBが相続する結果、住戸を承継するのはBとDです。,民法32条の2,同時死亡の推定を前提に簡潔にまとめた。,rewritten
official_h20_q4_c4,official,管理業務主任者問題確認一覧.csv,h20_q4,h20,平成20年度,,4,4,民法・借地借家法,死亡時期不明の相続,single_choice,true_false,AとCの死亡の前後が明らかでない場合には、その住戸は、Bのみが相続する。,0,×,この記述は誤りです。死亡の前後が明らかでないときは同時死亡と推定されるため、Dにも相続関係が生じます。,民法32条の2,前後不明は同時死亡推定になる点を示した。,rewritten
official_h20_q5_c1,official,管理業務主任者問題確認一覧.csv,h20_q5,h20,平成20年度,,5,1,民法・借地借家法,借地権付区分所有建物,single_choice,true_false,マンション敷地の賃貸借の存続期間を契約で定める場合には、30年より短い期間を定めることはできず、30年以上の期間としなければならない。,1,○,この記述は正しいです。本問のような普通借地権では、当初の存続期間は30年以上でなければなりません。,借地借家法3条,借地期間の基本ルールに絞った。,rewritten
official_h20_q5_c2,official,管理業務主任者問題確認一覧.csv,h20_q5,h20,平成20年度,,5,2,民法・借地借家法,借地期間満了時の建物買取請求,single_choice,true_false,マンション敷地の賃貸借の存続期間が満了し、契約の更新がないときは、区分所有者は土地所有者に対し、当該マンションを時価で買い取るべきことを請求することができる。,1,○,この記述は正しいです。借地借家法上の建物買取請求権が問題となる場面です。,借地借家法13条,建物買取請求の結論をそのまま使った。,rewritten
official_h20_q5_c3,official,管理業務主任者問題確認一覧.csv,h20_q5,h20,平成20年度,,5,3,民法・借地借家法,敷地利用権の分離処分,single_choice,true_false,区分所有者は、規約に別段の定めがあるときを除き、その有する専有部分とその専有部分に係る賃借権とを分離して処分することができない。,1,○,この記述は正しいです。敷地利用権と専有部分の分離処分は禁止され、規約で別段の定めがある場合だけ例外が認められます。,区分所有法22条1項,区分所有法の基本原則として整理した。,rewritten
official_h20_q5_c4,official,管理業務主任者問題確認一覧.csv,h20_q5,h20,平成20年度,,5,4,民法・借地借家法,借地権譲渡と承諾,single_choice,true_false,区分所有者は、規約に別段の定めがあるときを除き、その有する専有部分に係る賃借権を土地所有者の承諾を得ることなく譲渡することができる。,0,×,この記述は誤りです。借地権の譲渡には、原則として土地所有者の承諾が必要です。,民法・借地借家法,誤りの核を承諾の要否に絞った。,rewritten
official_h20_q6_c1,official,管理業務主任者問題確認一覧.csv,h20_q6,h20,平成20年度,,6,1,区分所有法,専有部分への抵当権,single_choice,true_false,抵当権者が自己の抵当権を専有部分の賃借人や譲受人に対抗するためには、抵当権の登記をしなければならない。,1,○,この記述は正しいです。抵当権を第三者に対抗するには登記が必要です。,民法177条・369条,対抗要件だけを明確にした。,rewritten
official_h20_q6_c2,official,管理業務主任者問題確認一覧.csv,h20_q6,h20,平成20年度,,6,2,区分所有法,共用部分持分への抵当権効力,single_choice,true_false,抵当権の効力は専有部分と共に共用部分の共有持分にも及ぶが、規約に別段の定めがあるときにはその効力は及ばない。,0,×,この記述は誤りです。専有部分に設定された抵当権の効力は、専有部分に従たる共用部分持分にも及び、規約でこれを外すことはできません。,民法370条・区分所有法,規約で外せない点を明確にした。,rewritten
official_h20_q6_c3,official,管理業務主任者問題確認一覧.csv,h20_q6,h20,平成20年度,,6,3,区分所有法,賃料債権への物上代位,single_choice,true_false,専有部分が賃貸されている場合でも、抵当権者はその賃料債権に対して抵当権を行使することはできない。,0,×,この記述は誤りです。抵当権者は、要件を満たせば賃料債権に対して物上代位を行使することができます。,民法372条・304条,全否定を誤りの核にした。,rewritten
official_h20_q6_c4,official,管理業務主任者問題確認一覧.csv,h20_q6,h20,平成20年度,,6,4,区分所有法,抵当権の目的物,single_choice,true_false,抵当権の効力は、その設定時に専有部分内に備え付けられていた家具や家電製品などの独立の動産にも及ぶ。,0,×,この記述は誤りです。独立した動産は、建物に対する抵当権の効力の対象にはなりません。,民法370条,独立動産は別である点に絞った。,rewritten
official_h20_q8_c1,official,管理業務主任者問題確認一覧.csv,h20_q8,h20,平成20年度,,8,1,標準管理委託契約書,緊急時対応,single_choice,true_false,マンション管理業者は、災害又は事故等により管理組合のために緊急に行う必要がある業務で、管理組合の承認を受ける時間的余裕がないものについては、承認を受けないで実施することができる。,1,○,この記述は正しいです。標準管理委託契約書では、緊急時に承認前の実施が認められる場面があります。,マンション標準管理委託契約書,緊急対応の例外をそのまま一問一答化した。,rewritten
official_h20_q8_c2,official,管理業務主任者問題確認一覧.csv,h20_q8,h20,平成20年度,,8,2,標準管理委託契約書,損害賠償責任の免除,single_choice,true_false,マンション管理業者は、災害又は事故等による損害について、その損害額が一定額を超えるときは、その一定額を超える損害額について賠償責任を負わないものとする。,0,×,この記述は誤りです。標準管理委託契約書は、このような形で一定額を超える損害の賠償責任を当然に免除する定めをしていません。,マンション標準管理委託契約書,最も不適切な肢をそのまま判定文に戻した。,rewritten
official_h20_q8_c3,official,管理業務主任者問題確認一覧.csv,h20_q8,h20,平成20年度,,8,3,標準管理委託契約書,保存行為の中止請求,single_choice,true_false,マンション管理業者は、管理事務を行うため必要なときは、管理組合に代わって建物の保存に有害な行為の中止を求めることができるが、その求めにもかかわらず行為が中止されないときは、その責めを免れるものとする。,1,○,この記述は正しいです。標準管理委託契約書は、管理業者が中止を求めてもなお止まらない場合の責任関係を整理しています。,マンション標準管理委託契約書,長い選択肢を要点を保って整理した。,rewritten
official_h20_q8_c4,official,管理業務主任者問題確認一覧.csv,h20_q8,h20,平成20年度,,8,4,標準管理委託契約書,緊急時の専有部分立入り,single_choice,true_false,マンション管理業者は、災害又は事故等により管理組合のために緊急に業務を行う必要がある場合、管理組合の組合員及び専有部分の占有者に対して立入りの請求をすることなく、専有部分に立ち入ることができる。,1,○,この記述は正しいです。緊急時には、管理業務の遂行のため専有部分への立入りが問題となる場面があります。,マンション標準管理委託契約書,緊急立入りの特則としてまとめた。,rewritten
official_h20_q9_c1,official,管理業務主任者問題確認一覧.csv,h20_q9,h20,平成20年度,,9,1,標準管理委託契約書,管理委託契約の解除,single_choice,true_false,管理組合及びマンション管理業者は、その相手方が契約に定められた義務の履行を怠った場合は、相当の期間を定めて履行を催告し、その期間内に履行しないときは契約を解除することができる。,1,○,この記述は正しいです。標準管理委託契約書は、債務不履行時の催告解除の手順を定めています。,マンション標準管理委託契約書,正答肢をそのまま断定文化した。,rewritten
official_h20_q9_c2,official,管理業務主任者問題確認一覧.csv,h20_q9,h20,平成20年度,,9,2,標準管理委託契約書,業務停止命令と解除,single_choice,true_false,管理組合は、マンション管理業者がマンション管理適正化法に基づく業務停止命令の処分を受けたときは、管理委託契約を解除することができる。,0,×,この記述は誤りです。標準管理委託契約書上、解除事由の定めはこのように単純ではなく、本肢は最も適切な定めとはいえません。,マンション標準管理委託契約書,解除事由の定め方の違いに留めた。,rewritten
official_h20_q9_c3,official,管理業務主任者問題確認一覧.csv,h20_q9,h20,平成20年度,,9,3,標準管理委託契約書,任意解約の申入れ,single_choice,true_false,管理組合及びマンション管理業者は、その相手方に対し、少なくとも1月前に書面で解約の申入れを行うことにより、管理委託契約を終了させることができる。,0,×,この記述は誤りです。標準管理委託契約書の解約申入れ期間は、このような1月前という扱いではありません。,マンション標準管理委託契約書,期間の誤りが分かるようにした。,rewritten
official_h20_q9_c4,official,管理業務主任者問題確認一覧.csv,h20_q9,h20,平成20年度,,9,4,標準管理委託契約書,契約更新の申出,single_choice,true_false,管理組合又はマンション管理業者は、管理委託契約を更新しようとする場合、当該契約の有効期間が満了する日の3月前までに、その相手方に対し、口頭でその旨を申し出るものとする。,0,×,この記述は誤りです。更新に関する申出は、口頭ではなく書面で行うことが前提です。,マンション標準管理委託契約書,口頭という点を誤りの核にした。,rewritten
official_h20_q10_c1,official,管理業務主任者問題確認一覧.csv,h20_q10,h20,平成20年度,,10,1,判例・横断総合,管理費滞納対策,single_choice,true_false,管理費の滞納者に対し文書で催告する場合、普通郵便でも法律上は効力を有するが、内容証明郵便にすることが望ましい。,1,○,この記述は正しいです。催告自体は普通郵便でも可能ですが、後日の立証のため内容証明郵便にすることが実務上望ましいです。,実務対応,実務上の意味が伝わるように整理した。,rewritten
official_h20_q10_c2,official,管理業務主任者問題確認一覧.csv,h20_q10,h20,平成20年度,,10,2,判例・横断総合,管理費滞納訴訟の管轄,single_choice,true_false,管理費の滞納者を被告として訴えを提起する場合、その滞納者が当該マンション以外の場所に住所を有するときでも、マンションの専有部分を被告の住所地としなければならない。,0,×,この記述は誤りです。専有部分を常に被告の住所地としなければならないわけではなく、通常は被告の住所地などが問題となります。,民事訴訟法,常にそうだと言い切れない点に絞った。,rewritten
official_h20_q10_c3,official,管理業務主任者問題確認一覧.csv,h20_q10,h20,平成20年度,,10,3,判例・横断総合,競売買受人と滞納管理費,single_choice,true_false,競売によりマンションの区分所有権を買い受けた者は、前区分所有者の滞納管理費の支払義務を承継しない。,0,×,この記述は誤りです。競売による買受人も、区分所有法8条により一定の滞納管理費の支払義務を承継します。,区分所有法8条,競売でも承継がある点を明確にした。,rewritten
official_h20_q10_c4,official,管理業務主任者問題確認一覧.csv,h20_q10,h20,平成20年度,,10,4,判例・横断総合,規約による訴訟費用請求,single_choice,true_false,管理費の滞納者に対し訴訟を提起する場合、遅延損害金のほかに弁護士費用その他の訴訟に要する費用を請求できる旨を規約に定めることはできない。,0,×,この記述は誤りです。規約で、一定の訴訟費用等を請求できる旨を定めることは可能です。,区分所有法・管理規約実務,全面否定を誤りの核にした。,rewritten
official_h20_q1_u,official,管理業務主任者問題確認一覧.csv,h20_q1,h20,平成20年度,,1,ウ,民法・借地借家法,多数当事者の債務関係,combination,true_false,2人が、共有する1つの専有部分を賃貸する場合における当該専有部分の引渡債務は、不可分債務に当たる。,1,○,この記述は正しいです。共有者2人が1つの目的物を引き渡す債務は、性質上分割して履行できず、不可分債務として扱います。,民法,対応関係型の正しい組合せだけを断定文に戻した。,rewritten
official_h20_q7_a,official,管理業務主任者問題確認一覧.csv,h20_q7,h20,平成20年度,,7,ア,標準管理委託契約書,管理事務の内容,count,true_false,マンション管理業者が行う管理事務の内容として、消防法に定める防火管理者が行う業務は管理事務に含まれない。,1,○,この記述は正しいです。防火管理者として行う業務は、標準管理委託契約書上の通常の管理事務には含まれません。,マンション標準管理委託契約書,個数問題を各文に分解した。,rewritten
official_h20_q7_i,official,管理業務主任者問題確認一覧.csv,h20_q7,h20,平成20年度,,7,イ,標準管理委託契約書,法定点検と補助,count,true_false,マンション管理業者は、建築基準法12条に規定する特殊建築物定期調査及び建築設備定期検査を自ら行うとともに、その報告等に係る補助も行うものとする。,0,×,この記述は誤りです。標準管理委託契約書は、このように管理業者自身が法定点検を行うことまで当然の管理事務として定めていません。,マンション標準管理委託契約書,「自ら行う」を誤りの核にした。,rewritten
official_h20_q7_u,official,管理業務主任者問題確認一覧.csv,h20_q7,h20,平成20年度,,7,ウ,標準管理委託契約書,点検結果報告と助言,count,true_false,マンション管理業者は、管理対象部分に係る各種の点検、検査等を実施した場合、その結果を管理組合に報告するとともに、改善等の必要がある事項については、文書又は口頭で具体的な方策を管理組合に助言するものとする。,1,○,この記述は正しいです。標準管理委託契約書は、点検結果の報告と改善に向けた助言を管理業者の役割として予定しています。,マンション標準管理委託契約書,長い文をほぼそのまま一問一答化した。,rewritten
official_h20_q7_e,official,管理業務主任者問題確認一覧.csv,h20_q7,h20,平成20年度,,7,エ,標準管理委託契約書,管理規約等の保管,count,true_false,マンション管理業者は、管理規約の原本、総会議事録、総会議案書等を、マンション管理業者の事務所で保管するものとする。,0,×,この記述は誤りです。これらの原本類を当然に管理業者の事務所で保管するものとする定めではありません。,マンション標準管理委託契約書,保管場所の言い切りを誤りの核にした。,rewritten
official_h20_q11_c1,official,管理業務主任者問題確認一覧.csv,h20_q11,h20,平成20年度,,11,1,民法・借地借家法,管理費債権の時効中断,single_choice,true_false,管理費を滞納している区分所有者が破産手続開始の決定を受けた場合には、もはや管理費債権について時効を中断する方法はない。,0,×,この記述は誤りです。破産手続開始決定を受けたからといって、直ちに時効中断の方法が全くなくなるわけではありません。,民法・破産法,全面否定を誤りの核にした。,rewritten
official_h20_q11_c2,official,管理業務主任者問題確認一覧.csv,h20_q11,h20,平成20年度,,11,2,民法・借地借家法,債務承認による時効中断,single_choice,true_false,管理費を滞納している区分所有者が、管理組合に対し、滞納管理費の額と滞納している事実を認める承諾書を提出した場合、管理費債権の時効は中断する。,1,○,この記述は正しいです。滞納額と滞納事実を認める承諾書の提出は債務承認に当たり、時効中断の効力を生じます。,民法,正答肢をそのまま断定文化した。,rewritten
official_h20_q11_c3,official,管理業務主任者問題確認一覧.csv,h20_q11,h20,平成20年度,,11,3,民法・借地借家法,専有部分売却と時効中断,single_choice,true_false,管理費を滞納している区分所有者が専有部分の区分所有権を第三者に売却した場合は、管理費債権の時効が中断する。,0,×,この記述は誤りです。専有部分の売却それ自体によって、旧所有者に対する管理費債権の時効が中断するわけではありません。,民法,時効中断事由ではないことに絞った。,rewritten
official_h20_q11_c4,official,管理業務主任者問題確認一覧.csv,h20_q11,h20,平成20年度,,11,4,民法・借地借家法,少額訴訟と時効中断,single_choice,true_false,民事訴訟法の少額訴訟に関する特則に基づく訴えを提起しただけでは、管理費債権の時効は中断しない。,0,×,この記述は誤りです。少額訴訟も訴えの提起である以上、時効中断の効力を生じます。,民事訴訟法・民法,通常訴訟と同様の効果があることを示した。,rewritten
official_h20_q12_c1,official,管理業務主任者問題確認一覧.csv,h20_q12,h20,平成20年度,,12,1,標準管理規約,修繕積立金の取崩し,single_choice,true_false,管理組合は、再建マンションの設計概要等、建物の建替え検討のための調査に係る経費については、区分所有者の合意形成の後でなければ修繕積立金を取り崩して支払うことができない。,0,×,この記述は誤りです。建替え検討のための調査費用は、合意形成の後に限らず、修繕積立金の対象となり得ます。,マンション標準管理規約,取崩し時期の言い切りを誤りの核にした。,rewritten
official_h20_q12_c2,official,管理業務主任者問題確認一覧.csv,h20_q12,h20,平成20年度,,12,2,標準管理規約,専門家活用費用と修繕積立金,single_choice,true_false,管理組合は、専門的知識を有する者の活用に要する費用の支出に充てるため、修繕積立金を取り崩して支払うことができる。,0,×,この記述は誤りです。本肢のように一般的に専門家活用費用すべてを修繕積立金から支出できるとする整理は相当ではありません。,マンション標準管理規約,一般化し過ぎた表現を抑えた。,rewritten
official_h20_q12_c3,official,管理業務主任者問題確認一覧.csv,h20_q12,h20,平成20年度,,12,3,標準管理規約,共用部分変更の借入金償還,single_choice,true_false,管理組合は、敷地及び共用部分等の変更のための経費に充てるために借入金をした場合、修繕積立金を取り崩して、その借入金の償還に充てることができる。,1,○,この記述は正しいです。標準管理規約は、敷地及び共用部分等の変更のための借入金償還を修繕積立金の使途として認めています。,マンション標準管理規約28条,正答肢をそのまま一問一答化した。,rewritten
official_h20_q12_c4,official,管理業務主任者問題確認一覧.csv,h20_q12,h20,平成20年度,,12,4,標準管理規約,通常管理費用と修繕積立金,single_choice,true_false,管理組合は、敷地及び共用部分等の管理に関し、区分所有者全体の利益のために通常必要となる管理に要する経費に充てるため、修繕積立金を取り崩して支払うことができる。,0,×,この記述は誤りです。通常の管理に要する経費は管理費で賄うべきであり、修繕積立金の使途ではありません。,マンション標準管理規約27条・28条,管理費と修繕積立金の役割分担に戻した。,rewritten
official_h20_q14_c1,official,管理業務主任者問題確認一覧.csv,h20_q14,h20,平成20年度,,14,1,標準管理規約,管理費の算出基準,single_choice,true_false,管理費の額については、各区分所有者の共用部分の共有持分及び使用頻度等を勘案して算出する。,0,×,この記述は誤りです。標準管理規約は、共有持分を基本にしつつ、使用頻度等まで当然に勘案するものとしていません。,マンション標準管理規約25条,最も不適切な肢をそのまま判定文にした。,rewritten
official_h20_q14_c2,official,管理業務主任者問題確認一覧.csv,h20_q14,h20,平成20年度,,14,2,標準管理規約,役員活動費と管理費,single_choice,true_false,役員活動費は管理組合の運営に要する費用として、通常の管理に要する経費に含まれる。,1,○,この記述は正しいです。役員活動費は、管理組合運営のための費用として管理費から支出し得ます。,マンション標準管理規約27条,管理費の対象費目として整理した。,rewritten
official_h20_q14_c3,official,管理業務主任者問題確認一覧.csv,h20_q14,h20,平成20年度,,14,3,標準管理規約,自治会費等と管理費,single_choice,true_false,各居住者が各自の判断で自治会、町内会等に加入する場合に支払う自治会費、町内会費等については、管理費からの支出は認められない。,1,○,この記述は正しいです。自治会費等は管理組合の通常の管理費用ではなく、管理費から支出することはできません。,マンション標準管理規約,管理費から切り離される費用だと分かるようにした。,rewritten
official_h20_q14_c4,official,管理業務主任者問題確認一覧.csv,h20_q14,h20,平成20年度,,14,4,標準管理規約,組合費の分離徴収,single_choice,true_false,管理費のうち、管理組合の運営に要する費用については、組合費として管理費とは分離して徴収することもできる。,1,○,この記述は正しいです。標準管理規約コメントでは、運営費部分を組合費として分離徴収する取扱いも示されています。,マンション標準管理規約コメント,コメントの運用例をそのまま一問一答化した。,rewritten
official_h20_q23_a,official,管理業務主任者問題確認一覧.csv,h20_q23,h20,平成20年度,,23,ア,建築・設備,バリアフリー法とエレベーター,combination,true_false,移動等円滑化経路を構成するエレベーターでは、かご及び昇降路の出入口の幅は80cm以上でなければならない。,1,○,この記述は正しいです。本問の前提では、出入口の幅は80cm以上が基準です。,高齢者、障害者等の移動等の円滑化の促進に関する法律,正しい穴埋め数値を完成文へ戻した。,rewritten
official_h20_q23_i,official,管理業務主任者問題確認一覧.csv,h20_q23,h20,平成20年度,,23,イ,建築・設備,バリアフリー法とエレベーター,combination,true_false,移動等円滑化経路を構成するエレベーターでは、かごの奥行きは135cm以上でなければならない。,1,○,この記述は正しいです。本問の前提では、かごの奥行きは135cm以上が基準です。,高齢者、障害者等の移動等の円滑化の促進に関する法律,空欄イを独立化した。,rewritten
official_h20_q23_u,official,管理業務主任者問題確認一覧.csv,h20_q23,h20,平成20年度,,23,ウ,建築・設備,バリアフリー法とエレベーター,combination,true_false,移動等円滑化経路を構成するエレベーターの乗降ロビーの幅及び奥行きは150cm以上でなければならない。,1,○,この記述は正しいです。本問の前提では、乗降ロビーの幅及び奥行きは150cm以上が基準です。,高齢者、障害者等の移動等の円滑化の促進に関する法律,空欄ウを独立化した。,rewritten
official_h20_q29_a,official,管理業務主任者問題確認一覧.csv,h20_q29,h20,平成20年度,,29,ア,標準管理規約,役員の任期,count,true_false,任期満了により退任する会計担当理事は、次の会計担当理事が就任するまでの間、引き続きその職務を行う。,1,○,この記述は正しいです。任期満了による退任で後任が未就任の場合は、後任が就任するまで権利義務を有します。,マンション標準管理規約,役員の権利義務継続ルールに沿って整理した。,rewritten
official_h20_q29_i,official,管理業務主任者問題確認一覧.csv,h20_q29,h20,平成20年度,,29,イ,標準管理規約,資格喪失と理事長,count,true_false,任期途中でマンションを売却し、組合員でなくなった理事長はその地位を失うが、後任の理事長が就任するまでの間、引き続きその職務を行う。,0,×,この記述は誤りです。組合員資格を失って理事長の地位を失った者が、そのまま後任就任まで職務を継続するわけではありません。,マンション標準管理規約,資格喪失は任期満了や辞任と異なることを示した。,rewritten
official_h20_q29_u,official,管理業務主任者問題確認一覧.csv,h20_q29,h20,平成20年度,,29,ウ,標準管理規約,辞任した監事,count,true_false,任期途中で辞任した監事は、次の監事が就任するまでの間、引き続きその職務を行う。,1,○,この記述は正しいです。辞任により退任した場合でも、後任未就任なら権利義務を有します。,マンション標準管理規約,辞任した監事の扱いをそのまま独立化した。,rewritten
official_h20_q29_e,official,管理業務主任者問題確認一覧.csv,h20_q29,h20,平成20年度,,29,エ,標準管理規約,解任された副理事長,count,true_false,任期途中で解任された副理事長はその地位を失うが、後任の副理事長が就任するまでの間、引き続きその職務を行う。,0,×,この記述は誤りです。解任によって地位を失った者が、後任就任まで当然に職務を続けることにはなりません。,マンション標準管理規約,解任は権利義務継続の場面ではないことを示した。,rewritten
official_h20_q30_a,official,管理業務主任者問題確認一覧.csv,h20_q30,h20,平成20年度,,30,ア,標準管理規約,委任状と議決権行使書,count,true_false,総会の議案書に「委任状の提出がない場合には、議案に賛成したものとみなします」と記載していても、それに従わず、賛成票として数えなかった取扱いは適切である。,1,○,この記述は正しいです。委任状の提出がない者を一律に賛成とみなす取扱いは相当でなく、賛成票として数えなかった処理は適切です。,総会運営実務,設問文の処理結果をそのまま正誤化した。,rewritten
official_h20_q30_i,official,管理業務主任者問題確認一覧.csv,h20_q30,h20,平成20年度,,30,イ,標準管理規約,委任状の受任者欄,count,true_false,委任状の受任者の欄に「理事長」と記載した委任状を有効なものとして取り扱うことは適切である。,1,○,この記述は正しいです。受任者として理事長が特定されている以上、その委任状を有効として扱うことは妥当です。,総会運営実務,実務上の取扱いをそのまま断定文化した。,rewritten
official_h20_q30_u,official,管理業務主任者問題確認一覧.csv,h20_q30,h20,平成20年度,,30,ウ,標準管理規約,押印のない議決権行使書,count,true_false,議決権行使書面に「賛成」の表示と部屋番号・氏名の記載はあるが、押印欄に押印がない書面を提出した組合員の議決権を賛成票として数える取扱いは適切である。,1,○,この記述は正しいです。部屋番号と氏名により意思表示者が特定でき、賛否の意思も明らかなら、押印がないことだけで直ちに無効とはしません。,総会運営実務,押印欠缺だけで排斥しない実務整理にした。,rewritten
official_h20_q30_e,official,管理業務主任者問題確認一覧.csv,h20_q30,h20,平成20年度,,30,エ,標準管理規約,意思表示のない議決権行使書,count,true_false,議決権行使書面の部屋番号・氏名の記載はあるが、「賛成」「反対」のいずれにも意思表示がない書面を提出した組合員の議決権を賛成票として数えなかった取扱いは適切である。,1,○,この記述は正しいです。賛否の表示がない以上、当然に賛成票として数えることはできません。,総会運営実務,無記入票の扱いをそのまま独立化した。,rewritten
official_h20_q39_a,official,管理業務主任者問題確認一覧.csv,h20_q39,h20,平成20年度,,39,ア,判例・横断総合,管理人室をめぐる判例,combination,true_false,本件マンションの玄関に接する管理事務室は、共用部分である。,1,○,この記述は正しいです。本件判決は、玄関に接する管理事務室を共用部分として位置付けています。,最高裁判例,正しい穴埋め用語を完成文へ戻した。,rewritten
official_h20_q39_i,official,管理業務主任者問題確認一覧.csv,h20_q39,h20,平成20年度,,39,イ,判例・横断総合,管理人室をめぐる判例,combination,true_false,本件管理人室には、構造上の独立性がある。,1,○,この記述は正しいです。判決は、管理人室について構造上の独立性はあるとしつつも、利用上の独立性を否定しています。,最高裁判例,空欄イだけを独立した文にした。,rewritten
official_h20_q39_u,official,管理業務主任者問題確認一覧.csv,h20_q39,h20,平成20年度,,39,ウ,判例・横断総合,管理人室をめぐる判例,combination,true_false,本件管理人室には、利用上の独立性がない。,1,○,この記述は正しいです。管理事務室と一体利用が予定されていたため、管理人室には利用上の独立性がないとされました。,最高裁判例,否定された独立性をそのまま一文化した。,rewritten
official_h20_q39_e,official,管理業務主任者問題確認一覧.csv,h20_q39,h20,平成20年度,,39,エ,判例・横断総合,管理人室をめぐる判例,combination,true_false,本件管理人室は、区分所有権の目的とはならない。,1,○,この記述は正しいです。利用上の独立性が否定されるため、本件管理人室は区分所有権の目的とはならないと解されます。,最高裁判例,結論部分をそのまま独立化した。,rewritten
official_h20_q1_e,official,管理業務主任者問題確認一覧.csv,h20_q1,h20,平成20年度,,1,エ,民法・借地借家法,多数当事者の債務関係,combination,true_false,1つの専有部分を2人で賃借する場合における賃料債務は、保証債務に当たる。,0,×,この記述は誤りです。2人が共同で賃借する場合の賃料債務は保証債務ではなく、本問のような整理にはなりません。,民法,既に処理済みの対応型に1件だけ追加して400件に合わせた。,rewritten
original_orig_set02_q1_c1,original,管理業務主任者オリジナル実践演習問題500問.csv,orig_set02_q1,,,orig_set02,1,1,区分所有法,専有部分と共用部分,single_choice,true_false,数戸の区分所有者が共通して使用する階段室であっても、登記上特定の区分所有者名義となっていれば、その者の専有部分となる。,0,×,この記述は誤りです。階段室のように構造上共用に供されるべき部分は、登記名義だけで専有部分にはなりません。,区分所有法,構造上共用部分の考え方がそのまま見える文にした。,rewritten
original_orig_set02_q1_c2,original,管理業務主任者オリジナル実践演習問題500問.csv,orig_set02_q1,,,orig_set02,1,2,区分所有法,専有部分と共用部分,single_choice,true_false,専有部分となるには、利用上の独立性があれば足り、構造上の独立性は不要である。,0,×,この記述は誤りです。専有部分には、利用上の独立性だけでなく構造上の独立性も必要です。,区分所有法,独立性要件に絞って整理した。,rewritten
original_orig_set02_q1_c3,original,管理業務主任者オリジナル実践演習問題500問.csv,orig_set02_q1,,,orig_set02,1,3,区分所有法,専有部分と共用部分,single_choice,true_false,管理員室その他の附属建物は、規約で共用部分と定めることができる。,1,○,この記述は正しいです。附属建物その他の建物部分は、規約で共用部分と定めることができます。,区分所有法4条2項,正答肢をそのまま自然な断定文にした。,rewritten
original_orig_set02_q1_c4,original,管理業務主任者オリジナル実践演習問題500問.csv,orig_set02_q1,,,orig_set02,1,4,区分所有法,専有部分と共用部分,single_choice,true_false,規約で共用部分とされた部分は、常に構造上の共用部分と同一に扱われ、対外的な関係でも区別は一切存在しない。,0,×,この記述は誤りです。規約共用部分には、第三者対抗のための登記との関係など、構造上の共用部分とは異なる論点があります。,区分所有法4条,規約共用部分固有の論点が見えるようにした。,rewritten
original_orig_set02_q2_c1,original,管理業務主任者オリジナル実践演習問題500問.csv,orig_set02_q2,,,orig_set02,2,1,建築・設備,給水タンク,comparison_table,true_false,給水タンクに設ける通気管の長さは、建築基準法関係法令及び告示において数値が明示されている。,0,×,この記述は誤りです。通気管の長さが、この設問でいう法令上の明示数値項目ではありません。,建築基準法関係法令,法令明示項目かどうかに絞った。,rewritten
original_orig_set02_q2_c2,original,管理業務主任者オリジナル実践演習問題500問.csv,orig_set02_q2,,,orig_set02,2,2,建築・設備,給水タンク,comparison_table,true_false,給水タンクの点検用マンホールに内接する円の直径は、建築基準法関係法令及び告示において数値が明示されている。,1,○,この記述は正しいです。給水タンクの点検用マンホールには、内接する円の直径について数値基準があります。,建築基準法関係法令,正答肢をそのまま独立化した。,rewritten
original_orig_set02_q2_c3,original,管理業務主任者オリジナル実践演習問題500問.csv,orig_set02_q2,,,orig_set02,2,3,建築・設備,給水タンク,comparison_table,true_false,給水タンクの清掃実施間隔は、建築基準法関係法令及び告示において数値が明示されている。,0,×,この記述は誤りです。清掃実施間隔は維持管理上の論点であり、この設問でいう法令上の明示数値項目ではありません。,建築基準法関係法令,維持管理と法令数値基準を分けた。,rewritten
original_orig_set02_q2_c4,original,管理業務主任者オリジナル実践演習問題500問.csv,orig_set02_q2,,,orig_set02,2,4,建築・設備,給水タンク,comparison_table,true_false,逆流防止のために必要なあふれ縁と水栓の水平距離は、建築基準法関係法令及び告示においてこの設問の正答となる数値明示項目である。,0,×,この記述は誤りです。この設問の正答となる法令上の数値明示項目は、マンホールに内接する円の直径です。,建築基準法関係法令,比較対象の位置付けが分かるようにした。,rewritten
original_orig_set02_q3_c1,original,管理業務主任者オリジナル実践演習問題500問.csv,orig_set02_q3,,,orig_set02,3,1,標準管理規約,管理費と修繕積立金の使途,single_choice,true_false,共用部分の電気料は、修繕積立金から支出するのが最も適切である。,0,×,この記述は誤りです。共用部分の電気料は通常の管理に要する経費であり、管理費から支出するのが基本です。,マンション標準管理規約27条,通常管理費用をそのまま判定文にした。,rewritten
original_orig_set02_q3_c2,original,管理業務主任者オリジナル実践演習問題500問.csv,orig_set02_q3,,,orig_set02,3,2,標準管理規約,管理費と修繕積立金の使途,single_choice,true_false,管理員人件費は、修繕積立金から支出するのが最も適切である。,0,×,この記述は誤りです。管理員人件費は通常の管理費用であり、管理費から支出するのが適切です。,マンション標準管理規約27条,人件費の会計区分が分かるようにした。,rewritten
original_orig_set02_q3_c3,original,管理業務主任者オリジナル実践演習問題500問.csv,orig_set02_q3,,,orig_set02,3,3,標準管理規約,管理費と修繕積立金の使途,single_choice,true_false,毎年実施する消防設備点検費は、修繕積立金から支出するのが最も適切である。,0,×,この記述は誤りです。毎年実施する消防設備点検費は、通常の管理に要する費用として管理費から支出するのが基本です。,マンション標準管理規約27条,定期点検費用の位置付けを示した。,rewritten
original_orig_set02_q3_c4,original,管理業務主任者オリジナル実践演習問題500問.csv,orig_set02_q3,,,orig_set02,3,4,標準管理規約,管理費と修繕積立金の使途,single_choice,true_false,外壁等の計画修繕工事に伴う設計監理費は、修繕積立金から支出するのが最も適切である。,1,○,この記述は正しいです。計画修繕工事に伴う設計監理費は、修繕積立金の使途に含まれます。,マンション標準管理規約28条,正答肢をそのまま一問一答化した。,rewritten
original_orig_set02_q4_a,original,管理業務主任者オリジナル実践演習問題500問.csv,orig_set02_q4,,,orig_set02,4,ア,民法・借地借家法,相殺,count,true_false,双方が金銭債権を有し、いずれも弁済期にあるときは、原則として相殺をすることができる。,1,○,この記述は正しいです。双方が同種の目的を有し、いずれも弁済期にあるときは、原則として相殺が可能です。,民法505条,相殺適状の基本形をそのまま使った。,rewritten
original_orig_set02_q4_i,original,管理業務主任者オリジナル実践演習問題500問.csv,orig_set02_q4,,,orig_set02,4,イ,民法・借地借家法,相殺,count,true_false,自働債権が弁済期にあっても、受働債権がまだ弁済期にないときは、相殺をすることができないのが原則である。,1,○,この記述は正しいです。受働債権が弁済期にない以上、原則として相殺適状にありません。,民法505条,受働債権側の弁済期を明確にした。,rewritten
original_orig_set02_q4_u,original,管理業務主任者オリジナル実践演習問題500問.csv,orig_set02_q4,,,orig_set02,4,ウ,民法・借地借家法,相殺,count,true_false,当事者は、相殺を禁止する特約をすることができる。,1,○,この記述は正しいです。当事者は、契約により相殺禁止の特約を設けることができます。,民法,特約の可否だけを独立化した。,rewritten
original_orig_set02_q4_e,original,管理業務主任者オリジナル実践演習問題500問.csv,orig_set02_q4,,,orig_set02,4,エ,民法・借地借家法,相殺,count,true_false,損害賠償債権は、その性質にかかわらず、常に相殺の対象とすることができない。,0,×,この記述は誤りです。損害賠償債権であっても、その性質に応じて相殺が認められる場合があります。,民法,「常に」を誤りの核にした。,rewritten
original_orig_set02_q5_c1,original,管理業務主任者オリジナル実践演習問題500問.csv,orig_set02_q5,,,orig_set02,5,1,区分所有法,敷地利用権,case_based,true_false,規約に別段の定めがなくても、区分所有者は専有部分だけを譲渡し、敷地利用権は自己に留保することができる。,0,×,この記述は誤りです。規約に別段の定めがない限り、専有部分と敷地利用権を分離して処分することはできません。,区分所有法22条1項,分離処分禁止に戻して整理した。,rewritten
original_orig_set02_q5_c2,original,管理業務主任者オリジナル実践演習問題500問.csv,orig_set02_q5,,,orig_set02,5,2,区分所有法,敷地利用権,case_based,true_false,規約に別段の定めがない限り、区分所有者は専有部分と敷地利用権とを分離して処分することができない。,1,○,この記述は正しいです。区分所有法は、規約に別段の定めがない限り、専有部分と敷地利用権の分離処分を禁止しています。,区分所有法22条1項,正答肢をそのまま独立化した。,rewritten
original_orig_set02_q5_c3,original,管理業務主任者オリジナル実践演習問題500問.csv,orig_set02_q5,,,orig_set02,5,3,区分所有法,敷地利用権,case_based,true_false,区分所有者が分離処分をした場合、その処分の無効は、相手方が善意であっても悪意であっても一律に対抗することができない。,0,×,この記述は誤りです。分離処分の無効は、善意の相手方に対抗できない場合があります。,区分所有法23条,善意者保護が見えるようにした。,rewritten
original_orig_set02_q5_c4,original,管理業務主任者オリジナル実践演習問題500問.csv,orig_set02_q5,,,orig_set02,5,4,区分所有法,敷地利用権,case_based,true_false,敷地利用権が共有持分であるかぎり、規約で別段の定めを置くことは認められない。,0,×,この記述は誤りです。敷地利用権が共有持分であっても、規約で別段の定めを置く余地があります。,区分所有法22条1項,規約による例外を否定している点を誤りとした。,rewritten
original_orig_set02_q6_a,original,管理業務主任者オリジナル実践演習問題500問.csv,orig_set02_q6,,,orig_set02,6,ア,建築・設備,排水設備,combination,true_false,排水トラップは、下水臭や害虫が室内へ侵入するのを防止するために設ける。,1,○,この記述は正しいです。排水トラップは、封水によって下水臭や害虫の侵入を防止します。,建築設備,正答肢をそのまま一問一答化した。,rewritten
original_orig_set02_q6_i,original,管理業務主任者オリジナル実践演習問題500問.csv,orig_set02_q6,,,orig_set02,6,イ,建築・設備,排水設備,combination,true_false,通気管は、排水管内の空気の流れを止めて水封を安定させるために設ける。,0,×,この記述は誤りです。通気管は空気の流通を確保して、封水破壊を防ぐために設けます。,建築設備,役割を逆に言っている点を誤りとした。,rewritten
original_orig_set02_q6_u,original,管理業務主任者オリジナル実践演習問題500問.csv,orig_set02_q6,,,orig_set02,6,ウ,建築・設備,排水設備,combination,true_false,雨水を処理する系統と、便所・台所等からの汚水を処理する系統は、適切に区別して計画することがある。,1,○,この記述は正しいです。雨水系統と汚水系統を区別して計画する考え方は妥当です。,建築設備,計画上の基本論点としてそのまま使った。,rewritten
original_orig_set02_q6_e,original,管理業務主任者オリジナル実践演習問題500問.csv,orig_set02_q6,,,orig_set02,6,エ,建築・設備,排水設備,combination,true_false,横引き排水管は、勾配が小さいほど排水能力が安定するため、できるだけ水平に近づけるのが望ましい。,0,×,この記述は誤りです。横引き排水管には適切な勾配が必要であり、できるだけ水平に近づけるのは相当ではありません。,建築設備,必要勾配の考え方が見えるようにした。,rewritten
original_orig_set02_q7_c1,original,管理業務主任者オリジナル実践演習問題500問.csv,orig_set02_q7,,,orig_set02,7,1,標準管理規約,理事会の権限,case_based,true_false,共用廊下の照明器具が故障したため、同等品への交換工事を発注することは、理事会の決議事項として最も適切である。,1,○,この記述は正しいです。共用部分の通常の保存行為や管理の執行は、理事会の権限で処理し得る事項です。,マンション標準管理規約,通常管理行為としてそのまま独立化した。,rewritten
original_orig_set02_q7_c2,original,管理業務主任者オリジナル実践演習問題500問.csv,orig_set02_q7,,,orig_set02,7,2,標準管理規約,理事会の権限,case_based,true_false,管理費負担割合を変更するため、規約を改正することは、理事会の決議事項として最も適切である。,0,×,この記述は誤りです。規約の改正は総会決議事項であり、理事会だけで決することはできません。,マンション標準管理規約,規約変更は総会事項だと分かる形にした。,rewritten
original_orig_set02_q7_c3,original,管理業務主任者オリジナル実践演習問題500問.csv,orig_set02_q7,,,orig_set02,7,3,標準管理規約,理事会の権限,case_based,true_false,次年度の収支予算を確定することは、理事会の決議事項として最も適切である。,0,×,この記述は誤りです。次年度の収支予算の確定は総会決議事項です。,マンション標準管理規約,予算確定の主体を明確にした。,rewritten
original_orig_set02_q7_c4,original,管理業務主任者オリジナル実践演習問題500問.csv,orig_set02_q7,,,orig_set02,7,4,標準管理規約,理事会の権限,case_based,true_false,長期修繕計画を新たに作成し、確定することは、理事会の決議事項として最も適切である。,0,×,この記述は誤りです。長期修繕計画の作成と確定は総会決議事項です。,マンション標準管理規約,長期修繕計画も総会事項に戻した。,rewritten
original_orig_set02_q8_a,original,管理業務主任者オリジナル実践演習問題500問.csv,orig_set02_q8,,,orig_set02,8,ア,民法・借地借家法,債権譲渡,combination,true_false,債権は、その性質がこれを許さない場合を除き、譲り渡すことができる。,1,○,この記述は正しいです。債権は原則として譲渡可能です。,民法466条1項,債権譲渡の原則をそのまま使った。,rewritten
original_orig_set02_q8_i,original,管理業務主任者オリジナル実践演習問題500問.csv,orig_set02_q8,,,orig_set02,8,イ,民法・借地借家法,債権譲渡,combination,true_false,当事者間で譲渡制限特約がある債権は、いかなる場合でも譲渡の効力を生じない。,0,×,この記述は誤りです。譲渡制限特約があるからといって、常に譲渡の効力が生じないわけではありません。,民法466条,「いかなる場合でも」を誤りの核にした。,rewritten
original_orig_set02_q8_u,original,管理業務主任者オリジナル実践演習問題500問.csv,orig_set02_q8,,,orig_set02,8,ウ,民法・借地借家法,債権譲渡,combination,true_false,債権譲渡を債務者に対抗するには、譲渡人から債務者への通知又は債務者の承諾が関係する。,1,○,この記述は正しいです。債務者に対する対抗関係では、通知又は承諾が基本となります。,民法467条,債務者対抗要件に絞って整理した。,rewritten
original_orig_set02_q8_e,original,管理業務主任者オリジナル実践演習問題500問.csv,orig_set02_q8,,,orig_set02,8,エ,民法・借地借家法,債権譲渡,combination,true_false,将来発生することが見込まれる債権は、常に譲渡の対象とすることができない。,0,×,この記述は誤りです。将来債権であっても、一定の範囲で譲渡の対象とすることができます。,民法,将来債権譲渡の可能性が見えるようにした。,rewritten
original_orig_set02_q9_a,original,管理業務主任者オリジナル実践演習問題500問.csv,orig_set02_q9,,,orig_set02,9,ア,区分所有法,規約共用部分,combination,true_false,附属建物は、規約で共用部分と定めることができる。,1,○,この記述は正しいです。附属建物その他の建物部分は、規約共用部分とすることができます。,区分所有法4条2項,正答肢をそのまま独立化した。,rewritten
original_orig_set02_q9_i,original,管理業務主任者オリジナル実践演習問題500問.csv,orig_set02_q9,,,orig_set02,9,イ,区分所有法,規約共用部分,combination,true_false,規約共用部分は、規約で定めさえすれば、登記がなくても常に第三者に対抗することができる。,0,×,この記述は誤りです。規約共用部分を第三者に対抗するには登記を要します。,区分所有法4条3項,第三者対抗要件が見えるようにした。,rewritten
original_orig_set02_q9_u,original,管理業務主任者オリジナル実践演習問題500問.csv,orig_set02_q9,,,orig_set02,9,ウ,区分所有法,規約共用部分,combination,true_false,規約共用部分とすることができるのは、構造上当然に共用部分である部分に限られる。,0,×,この記述は誤りです。規約共用部分の対象は、構造上当然に共用部分である部分に限られません。,区分所有法4条2項,対象範囲を不当に狭めている点を誤りとした。,rewritten
original_orig_set02_q9_e,original,管理業務主任者オリジナル実践演習問題500問.csv,orig_set02_q9,,,orig_set02,9,エ,区分所有法,規約共用部分,combination,true_false,規約共用部分を第三者に対抗するには、登記を要する。,1,○,この記述は正しいです。規約共用部分は、登記がなければ第三者に対抗できません。,区分所有法4条3項,結論をそのまま一問一答化した。,rewritten
original_orig_set02_q10_c1,original,管理業務主任者オリジナル実践演習問題500問.csv,orig_set02_q10,,,orig_set02,10,1,建築・設備,建築材料,single_choice,true_false,鉄筋コンクリート造の部材では、かぶり厚さが不足していても、鉄筋の腐食進行には通常影響しない。,0,×,この記述は誤りです。かぶり厚さが不足すると、鉄筋は外気や水分の影響を受けやすくなり、腐食が進みやすくなります。,建築材料,その逆だと分かるように整理した。,rewritten
original_orig_set02_q10_c2,original,管理業務主任者オリジナル実践演習問題500問.csv,orig_set02_q10,,,orig_set02,10,2,建築・設備,建築材料,single_choice,true_false,鉄筋コンクリート造の部材では、かぶり厚さが不足すると、鉄筋が腐食しやすくなる要因となる。,1,○,この記述は正しいです。かぶり厚さ不足は、鉄筋腐食の進行要因になります。,建築材料,正答肢をそのまま独立化した。,rewritten
original_orig_set02_q10_c3,original,管理業務主任者オリジナル実践演習問題500問.csv,orig_set02_q10,,,orig_set02,10,3,建築・設備,建築材料,single_choice,true_false,木材は、含水率が変化しても、一般に寸法変化を生じない。,0,×,この記述は誤りです。木材は含水率の変化によって収縮や膨張を生じ得ます。,建築材料,木材の基本性質に戻した。,rewritten
original_orig_set02_q10_c4,original,管理業務主任者オリジナル実践演習問題500問.csv,orig_set02_q10,,,orig_set02,10,4,建築・設備,建築材料,single_choice,true_false,外壁目地のシーリング材は、紫外線や温度変化による劣化を受けにくいため、定期的な点検は通常不要である。,0,×,この記述は誤りです。シーリング材は紫外線や温度変化の影響を受けて劣化するため、定期的な点検が重要です。,建築材料,全面否定を誤りの核にした。,rewritten
original_orig_set02_q11_a,original,管理業務主任者オリジナル実践演習問題500問.csv,orig_set02_q11,,,orig_set02,11,ア,標準管理規約,総会出席と代理,combination,true_false,組合員は、総会において、書面又は代理人によって議決権を行使することができる。,1,○,この記述は正しいです。標準管理規約では、書面又は代理人による議決権行使が認められています。,マンション標準管理規約,正答肢をそのまま使った。,rewritten
original_orig_set02_q11_i,original,管理業務主任者オリジナル実践演習問題500問.csv,orig_set02_q11,,,orig_set02,11,イ,標準管理規約,総会出席と代理,combination,true_false,代理人は、マンションの居住者であれば誰でもよく、組合員との親族関係や同居関係は問われない。,0,×,この記述は誤りです。代理人となれる者は、標準管理規約で一定の範囲に限定されています。,マンション標準管理規約46条,代理人資格の限定が見えるようにした。,rewritten
original_orig_set02_q11_u,original,管理業務主任者オリジナル実践演習問題500問.csv,orig_set02_q11,,,orig_set02,11,ウ,標準管理規約,総会出席と代理,combination,true_false,専有部分が数人の共有に属するときは、議決権を行使すべき者一名をあらかじめ定めるのが相当である。,1,○,この記述は正しいです。専有部分が共有の場合には、議決権行使者一名を定めておく整理になります。,マンション標準管理規約,共有者の議決権行使ルールとして整理した。,rewritten
original_orig_set02_q11_e,original,管理業務主任者オリジナル実践演習問題500問.csv,orig_set02_q11,,,orig_set02,11,エ,標準管理規約,総会出席と代理,combination,true_false,代理人によって議決権を行使する場合でも、代理権を証する書面は総会終了後に提出すれば足りる。,0,×,この記述は誤りです。代理権を証する書面は、議決権行使の時点で確認できることが必要です。,マンション標準管理規約,提出時期の誤りが分かるようにした。,rewritten
original_orig_set02_q12_c1,original,管理業務主任者オリジナル実践演習問題500問.csv,orig_set02_q12,,,orig_set02,12,1,民法・借地借家法,契約不適合責任,single_choice,true_false,買主は、契約不適合があっても、代金減額以外の請求をすることはできない。,0,×,この記述は誤りです。買主は、代金減額だけでなく、追完請求や損害賠償請求などをすることがあります。,民法562条以下,代金減額に限定されない点を示した。,rewritten
original_orig_set02_q12_c2,original,管理業務主任者オリジナル実践演習問題500問.csv,orig_set02_q12,,,orig_set02,12,2,民法・借地借家法,契約不適合責任,single_choice,true_false,買主は、目的物が契約の内容に適合しないときは、修補、代替物の引渡し又は不足分の引渡しによる追完を請求することができる。,1,○,この記述は正しいです。買主は、契約不適合があるときは追完請求をすることができます。,民法562条1項,正答肢をそのまま一問一答化した。,rewritten
original_orig_set02_q12_c3,original,管理業務主任者オリジナル実践演習問題500問.csv,orig_set02_q12,,,orig_set02,12,3,民法・借地借家法,契約不適合責任,single_choice,true_false,売主が契約不適合を知りながら告げなかった場合でも、免責特約があれば常に責任を免れる。,0,×,この記述は誤りです。売主が知りながら告げなかった事実については、免責特約で責任を免れることはできません。,民法572条,「常に」を誤りの核にした。,rewritten
original_orig_set02_q12_c4,original,管理業務主任者オリジナル実践演習問題500問.csv,orig_set02_q12,,,orig_set02,12,4,民法・借地借家法,契約不適合責任,single_choice,true_false,買主は、契約不適合が軽微であっても、催告を要せず直ちに契約を解除しなければならない。,0,×,この記述は誤りです。解除には要件があり、軽微な不適合で常に直ちに解除しなければならないわけではありません。,民法541条・542条,解除要件を言い過ぎている点を誤りとした。,rewritten
original_orig_set02_q13_c1,original,管理業務主任者オリジナル実践演習問題500問.csv,orig_set02_q13,,,orig_set02,13,1,区分所有法,総会決議要件,precedent_fill,true_false,区分所有法によれば、規約の設定、変更又は廃止は、集会において、区分所有者及び議決権の各2分の1以上の多数による決議によってする。,0,×,この記述は誤りです。規約の設定、変更又は廃止には、各2分の1以上ではなく各4分の3以上の多数が必要です。,区分所有法31条1項,穴埋め候補を完成文へ戻した。,rewritten
original_orig_set02_q13_c2,original,管理業務主任者オリジナル実践演習問題500問.csv,orig_set02_q13,,,orig_set02,13,2,区分所有法,総会決議要件,precedent_fill,true_false,区分所有法によれば、規約の設定、変更又は廃止は、集会において、区分所有者及び議決権の各3分の2以上の多数による決議によってする。,0,×,この記述は誤りです。規約の設定、変更又は廃止には、各3分の2以上では足りません。,区分所有法31条1項,誤った数値を独立した文にした。,rewritten
original_orig_set02_q13_c3,original,管理業務主任者オリジナル実践演習問題500問.csv,orig_set02_q13,,,orig_set02,13,3,区分所有法,総会決議要件,precedent_fill,true_false,区分所有法によれば、規約の設定、変更又は廃止は、集会において、区分所有者及び議決権の各4分の3以上の多数による決議によってする。,1,○,この記述は正しいです。区分所有法は、規約の設定、変更又は廃止について各4分の3以上の多数決を要求しています。,区分所有法31条1項,正答の数値を完成文へ戻した。,rewritten
original_orig_set02_q13_c4,original,管理業務主任者オリジナル実践演習問題500問.csv,orig_set02_q13,,,orig_set02,13,4,区分所有法,総会決議要件,precedent_fill,true_false,区分所有法によれば、規約の設定、変更又は廃止は、集会において、区分所有者及び議決権の各5分の4以上の多数による決議によってする。,0,×,この記述は誤りです。各5分の4以上の多数が必要なのは建替え決議などであり、規約の設定、変更又は廃止ではありません。,区分所有法31条1項・62条1項,他の特別決議との混同を避けるようにした。,rewritten
