source_type,set_code,question_no,global_no,subject,topic,question_format,difficulty,legal_basis_hint,objective,draft_status,fact_check_status,question_text_draft,scenario_outline,correct_answer_text_draft,correct_rationale_points,choices_summary,sub_statements_summary,explanation_draft,fact_check_sources,fact_check_checklist,notes
original,orig_set01,1,1,民法・借地借家法,同時履行の抗弁,single_choice,basic,民法533条,双務契約における同時履行の抗弁の基本構造を正しく判定できるかを確認する。,drafting,checked,売買契約に関する次の記述のうち、民法の規定によれば、正しいものはどれか。,売買契約または請負契約を素材にし、相手方の履行提供がない場面で自己の履行を拒めるかを問う。,1,双務契約であること / 相手方債務が弁済期にあること / 履行の提供がないこと,1:AがBに建物を売り渡し、Bが代金を支払う契約において、建物の引渡し日と代金の支払日が同一の日とされている場合、Bが代金の履行の提供をしないときは、Aは建物の引渡しを拒むことができる。 / 2:双務契約の一方当事者は、相手方の債務がまだ弁済期にない場合でも、相手方が将来履行しないおそれがあるときは、当然に自己の履行を拒むことができる。 / 3:双務契約の一方当事者は、相手方が履行しないときは、催告をしなくても、常に直ちに契約を解除することができるから、自己の履行を拒む必要はない。 / 4:双務契約の一方当事者が同時履行の抗弁を主張したときは、相手方に対する損害賠償請求権も当然に失われる。,,正解は1です。双務契約では、相手方の債務が弁済期にあり、その履行の提供がないときは、自己の債務の履行を拒むことができます。これが同時履行の抗弁です。2は、相手方の債務がまだ弁済期にない以上、民法533条の要件を満たしません。3は、債務不履行があっても解除には原則として催告が必要であり、常に直ちに解除できるわけではありません。4も、同時履行の抗弁は履行を拒めるという抗弁であって、損害賠償請求権が当然に消えるわけではありません。,https://www.japaneselawtranslation.go.jp/en/laws/view/4848,正答肢が民法533条の要件に合致しているか / 誤答肢が別制度の混同に基づく誤りになっているか / 解説冒頭の正解番号と correct_answer_text が一致しているか,民法533条の要件に絞った基本問題。Japanese Law Translation Database の Article 533 を基準に確認。
original,orig_set01,2,2,民法・借地借家法,履行遅滞と解除,case_based,standard,民法541条 / 民法542条,催告解除と無催告解除の違いを事例から判定できるかを確認する。,drafting,checked,契約の解除に関する次の記述のうち、民法の規定によれば、正しいものはどれか。,区分所有者Aが工事請負契約または売買契約を締結し、相手方が履行期に履行しない事例を作る。,3,履行遅滞だけでは原則として相当期間を定めた催告が必要 / 履行不能その他の無催告解除事由との区別 / 軽微な債務不履行の場合の扱い,1:売買契約において、売主が履行期に引渡しをしなかったときは、買主は、催告をしなくても、常に直ちに契約を解除することができる。 / 2:請負契約において、仕事の完成が全部不能となった場合でも、注文者は、相当の期間を定めて催告をしなければ契約を解除することができない。 / 3:特定の日までにマンション総会資料を印刷して納品しなければ契約の目的を達することができない契約において、その日までに履行がされなかったときは、注文者は、催告をしないで契約を解除することができる。 / 4:相当の期間を定めて履行を催告し、その期間内に履行がないときは、債務不履行が契約及び取引上の社会通念に照らして軽微であっても、債権者は必ず契約を解除することができる。,,正解は3です。契約の性質上、特定の日時までに履行しなければ契約目的を達成できない場合に、その時期を経過しても履行がなされなければ、債権者は催告をしないで直ちに解除できます。これは民法542条1項4号の場面です。1は、単なる履行遅滞で常に無催告解除できるわけではないので誤りです。2も、履行全部不能なら無催告解除が可能です。4は、催告後に履行がなくても、不履行が軽微であれば解除はできません。,https://www.japaneselawtranslation.go.jp/en/laws/view/4848,事例設定が無催告解除事由に当たっていないか / 正答肢が541条・542条の整理と矛盾しないか / 誤答肢の誤りが条文上明確か,民法541条・542条を使い分ける問題。Article 541 と Article 542(1)(iv) を確認。
original,orig_set01,3,3,民法・借地借家法,無断転貸と賃貸借解除,single_choice,standard,民法612条 / 無断転貸に関する判例,貸主・借主・転借人の三者関係を整理して、無断転貸時の効果を判断できるかを確認する。,drafting,checked,Aが所有するマンションの一室をBに賃貸している場合に関する次の記述のうち、民法の規定によれば、正しいものはどれか。,区分所有者が専有部分を賃貸し、借主が無断で第三者へ転貸した事例にする。,4,無断転貸でも転貸借契約自体の効力は直ちに否定されないこと / 貸主による解除可否 / 貸主から転借人への明渡請求の根拠,1:BがAの承諾を得ずにCに転貸したときは、BとCとの間の転貸借契約は当然に無効となる。 / 2:BがAの承諾を得ずにCに転貸した場合でも、Aは、Bとの賃貸借契約を解除することができない。 / 3:Aの承諾を得ない転貸であっても、Aは、Bが賃料を支払っている限り、Bに対して何らの主張もすることができない。 / 4:BがAの承諾を得ずにCに当該専有部分を使用させたときは、Aは、Bとの賃貸借契約を解除することができる。,,正解は4です。賃借人は、賃貸人の承諾を得なければ、賃借物を転貸することができません。そして、その承諾を得ずに第三者に使用又は収益をさせたときは、賃貸人は契約を解除することができます。したがって4が正しいです。1は、無断転貸があるからといって転貸借契約が当然に無効となるわけではありません。2と3も、無断転貸に対して賃貸人の解除権が認められている以上、誤りです。,https://www.japaneselawtranslation.go.jp/en/laws/view/4848,転借人の地位について判例と矛盾していないか / 貸主の請求根拠が適切か / 事例上、承諾の有無が曖昧になっていないか,民法612条1項・2項ベース。複雑な判例論点を避け、条文で確実に切れる構成にした。
original,orig_set01,4,4,民法・借地借家法,債務承認と時効,count,advanced,民法152条 / 民法166条,一部弁済や承認が時効に与える効果を複数の短文から見分けられるかを確認する。,drafting,checked,マンションの管理費債権の消滅時効に関する次のアからエまでの記述のうち、民法の規定によれば、正しいものはいくつあるか。,管理費滞納を素材にしつつ、時効の完成猶予・更新に関する短文を4つ用意する。,2,承認による時効更新 / 催告のみの効果の限界 / 一部弁済の法的評価,1:一つ / 2:二つ / 3:三つ / 4:四つ,ア:管理費債権は、債権者が権利を行使することができることを知った時から5年間行使しないときは、時効により消滅するのが原則である。 / イ:滞納者が、滞納管理費の一部であることを明示して金銭を支払ったときは、その行為は債務の承認に当たり得る。 / ウ:債務の承認があっても、それまで進行していた時効期間はそのまま維持され、残り期間だけが進行する。 / エ:債務の承認は、訴えの提起その他の裁判上の手続によってのみすることができ、一部弁済や支払約束では足りない。,正解は2です。正しいものはアとイの二つです。アは、債権は原則として、権利を行使することができることを知った時から5年間行使しないときに時効により消滅するため正しいです。イも、滞納額の一部であることを明示した支払は、債務の承認に当たり得ます。ウは、承認があるとそれまで進行していた時効は更新されるので誤りです。エも、債務の承認は裁判上の手続に限られず、一部弁済や支払約束などでも認められ得るため誤りです。,https://www.japaneselawtranslation.go.jp/en/laws/view/4848,各短文の真偽を条文・判例・通説で説明できるか / 個数問題として一意に解けるか / 管理費滞納の事例設定が古い法改正前提になっていないか,民法166条と152条を核にした個数問題。催告の6か月論点は今回は混ぜていない。
original,orig_set01,5,5,民法・借地借家法,定期建物賃貸借,single_choice,standard,借地借家法38条,定期建物賃貸借の期間満了通知と中途解約の要件を判定できるかを確認する。,drafting,checked,Aが、床面積80平方メートルのマンションの一室を、居住の用に供するため、Bと定期建物賃貸借契約を締結した場合に関する次の記述のうち、借地借家法の規定によれば、正しいものはどれか。,床面積200平方メートル未満の居住用区分所有建物を題材にする。,2,1年以上の契約の期間満了通知 / 居住用で床面積200平方メートル未満の場合の中途解約 / 再契約と正当事由の関係,1:契約期間を10か月と定めた定期建物賃貸借契約は、1年の契約期間とみなされる。 / 2:契約期間を2年と定めた場合、Aが期間満了の1年前から6か月前までの間に契約が終了する旨の通知をしなかったときは、その後Aが通知をしても、その通知の日から6か月を経過するまでは、契約の終了をBに対抗することができない。 / 3:Bが転勤により当該建物を自己の生活の本拠として使用することが困難となった場合でも、契約に中途解約条項がなければ、Bは中途解約の申入れをすることができない。 / 4:Aが、契約の更新がなく、期間満了により賃貸借が終了する旨を記載した書面をあらかじめ交付して説明しなかったとしても、定期建物賃貸借契約が書面で締結されていれば、その定めは有効である。,,正解は2です。定期建物賃貸借で期間が1年以上である場合、貸主は期間満了の1年前から6か月前までの間に終了通知をしなければ、その終了を賃借人に対抗できません。通知期間経過後に通知したときは、その通知の日から6か月を経過した後に終了を対抗できます。1は、定期建物賃貸借では1年未満の期間設定も可能なので誤りです。3も、床面積200平方メートル未満の居住用建物で、転勤等のやむを得ない事情があるときは、賃借人から中途解約の申入れができます。4は、事前説明がなければ更新しない旨の定めは無効となるため誤りです。,https://elaws.jp/view/403AC0000000090 / https://www.mlit.go.jp/jutakukentiku/house/teishaku/tc01-010.html,期間満了通知の期間が正しいか / 200平方メートル未満の居住用建物の扱いが正しいか / 普通建物賃貸借のルールが混入していないか,借地借家法38条3項、5項、6項、7項を反映。MLITの定期賃貸住宅契約説明書式も確認対象。
original,orig_set01,6,6,区分所有法,専有部分と共用部分,comparison_table,basic,区分所有法2条 / 区分所有法4条,専有部分と共用部分の基本的な区別を、構造と規約設定の両面から判定できるかを確認する。,drafting,checked,区分所有建物の専有部分及び共用部分に関する次の記述のうち、建物の区分所有等に関する法律の規定によれば、正しいものはどれか。,廊下、階段、規約共用部分、付属建物を素材にする。,2,複数の専有部分に通ずる廊下や階段は、その構造上、共用部分となること / 規約により建物の一部や附属建物を共用部分とすることができること / 専有部分の成立は構造と利用上の独立性が前提となること,1:数戸の専有部分に通ずる廊下であっても、特定の区分所有者が日常的に多く使用しているときは、その者の専有部分とすることができる。 / 2:建物の一部又は附属建物については、規約で共用部分と定めることができる。 / 3:専有部分とは、区分所有者が単独で所有する意思を有している部分をいい、構造上又は利用上の独立性は要しない。 / 4:附属建物は、常に専有部分としてのみ取り扱われ、共用部分とする余地はない。,,正解は2です。区分所有法では、廊下や階段のように構造上、全員又は一部の区分所有者の共用に供されるべき部分は共用部分となります。また、規約により、建物の一部や附属建物を共用部分とすることもできます。したがって2が正しいです。1は、利用実態だけで専有部分になるわけではありません。3も、専有部分には構造上・利用上の独立性が必要です。4も、附属建物を規約で共用部分とすることができるため誤りです。,https://www.japaneselawtranslation.go.jp/en/laws/view/4341/en,共用部分の定義が区分所有法2条4項、4条1項・2項と一致しているか / 専有部分の説明に独立性要件が落ちていないか / 規約共用部分の記述が第三者対抗要件と混ざっていないか,Article 2 と Article 4 を基準に作成。基本問題として平易に保つ。
original,orig_set01,7,7,区分所有法,敷地利用権と分離処分,single_choice,standard,区分所有法22条 / 区分所有法23条,専有部分と敷地利用権の分離処分禁止原則と、その例外の考え方を判定できるかを確認する。,drafting,checked,区分所有者の敷地利用権に関する次の記述のうち、建物の区分所有等に関する法律の規定によれば、正しいものはどれか。,共有持分による敷地利用権と規約による例外を素材にする。,3,共有その他数人で有する権利である敷地利用権は、専有部分と分離して処分できないこと / ただし規約に別段の定めを置く余地があること / 善意の相手方への対抗制限があること,1:敷地利用権が共有持分である場合でも、区分所有者は、専有部分だけを自由に第三者へ譲渡することができる。 / 2:敷地利用権と専有部分の分離処分禁止は強行規定であり、規約で別段の定めを置くことは一切できない。 / 3:敷地利用権が数人で有する所有権その他の権利である場合、区分所有者は、規約に別段の定めがない限り、専有部分と敷地利用権とを分離して処分することができない。 / 4:専有部分と敷地利用権の分離処分が禁止されている場合、その違反処分の無効は、相手方が善意であっても常に主張することができる。,,正解は3です。区分所有法22条1項は、敷地利用権が数人で有する所有権その他の権利である場合、規約に別段の定めがない限り、専有部分とその敷地利用権を分離して処分することを禁止しています。したがって3が正しいです。1は本則に反します。2も、規約で別段の定めを置く余地があるため誤りです。4は、違反処分の無効は善意の相手方には対抗できない場合があるので誤りです。,https://www.japaneselawtranslation.go.jp/en/laws/view/4341/en,22条1項本文とただし書の関係が崩れていないか / 23条の善意保護の説明が逆転していないか / 敷地利用権の権利形態の表現が広すぎないか,Article 22(1) と Article 23 を基準に確認。
original,orig_set01,8,8,区分所有法,総会決議要件,combination,standard,区分所有法31条 / 区分所有法39条,普通決議事項と規約の設定・変更等の特別決議事項を区別できるかを確認する。,drafting,checked,次のアからエまでの事項のうち、建物の区分所有等に関する法律の規定によれば、集会において区分所有者及び議決権の各4分の3以上の多数による決議を要するもののみの組合せはどれか。,普通決議と規約変更決議、使用禁止請求決議を混ぜる。,2,規約の設定・変更・廃止は31条1項により4分の3決議 / 使用禁止請求の決議は58条2項により4分の3決議 / 通常の集会決議は39条1項により過半数,1:アとイ / 2:イとウ / 3:ウとエ / 4:アとエ,ア:管理者を選任すること。 / イ:規約を変更すること。 / ウ:義務違反行為をした区分所有者に対し、専有部分の使用禁止を求める訴えの提起を決議すること。 / エ:共用部分の管理に関する通常の事項を決すること。,正解は2です。イとウが、区分所有者及び議決権の各4分の3以上の多数による決議を要する事項です。イの規約変更は区分所有法31条1項、ウの使用禁止請求に関する決議は58条2項によります。これに対し、アの管理者選任やエの共用部分の通常管理事項は、原則として39条1項により過半数決議で足ります。,https://www.japaneselawtranslation.go.jp/en/laws/view/4341/en,31条1項と39条1項の決議要件を混同していないか / 58条2項の決議要件を正しく書いているか / 組合せ問題として一意に解けるか,31条、39条、58条を横断する基本組合せ問題。
original,orig_set01,9,9,区分所有法,義務違反者への措置,precedent_fill,advanced,区分所有法57条〜60条,義務違反者に対する段階的措置と、占有者に対する契約解除・引渡請求の構造を整理できるかを確認する。,drafting,checked,建物の区分所有等に関する法律に基づく義務違反者への措置に関する次の記述のうち、正しいものはどれか。,区分所有者と占有者を区別し、57条・58条・59条・60条の段階差を問う。,4,57条は差止め等の請求 / 58条は合理的期間の使用禁止請求 / 59条は区分所有権等の競売請求 / 60条は占有者との契約解除及び引渡請求,1:占有者が共同の利益に反する行為をした場合でも、区分所有法60条に基づき契約解除及び引渡しを求めることはできず、常に59条の競売請求によらなければならない。 / 2:区分所有者に対する専有部分の使用禁止請求は、集会の普通決議があれば足りる。 / 3:義務違反行為の停止請求は、裁判を提起するために常に区分所有者全員が共同して原告とならなければならない。 / 4:占有者による義務違反行為が共同生活上著しい障害となり、他の方法では障害の除去が困難であるときは、集会決議に基づき、占有者の専有部分の使用収益を目的とする契約の解除及びその専有部分の引渡しを求める訴えを提起することができる。,,正解は4です。区分所有法60条は、占有者による義務違反行為について、共同生活上の著しい障害があり、他の方法での解決が困難なときに、集会決議に基づき、占有者の使用収益契約の解除と専有部分の引渡しを求める訴えを認めています。1は、占有者に対する場面で59条ではなく60条が問題となるので誤りです。2も、使用禁止請求の決議は4分の3決議が必要です。3も、57条3項により、集会で指定された管理者や区分所有者が訴えを提起できます。,https://www.japaneselawtranslation.go.jp/en/laws/view/4341/en,57条〜60条の対象者と請求内容が入れ替わっていないか / 58条・59条・60条の決議要件が正しいか / 占有者に対する措置として60条の説明が正確か,過去問の穴埋め型を踏まえつつ、条文構造を問う4択へ変換した。
original,orig_set01,10,10,区分所有法,滅失・復旧・建替え,case_based,advanced,区分所有法61条 / 区分所有法62条,一部滅失の程度に応じて、各区分所有者による復旧、復旧決議、建替え決議の関係を判定できるかを確認する。,drafting,checked,マンションの一部滅失とその後の復旧又は建替えに関する次の記述のうち、建物の区分所有等に関する法律の規定によれば、正しいものはどれか。,建物価格の2分の1以下の一部滅失と、2分の1超の一部滅失を対比させる。,1,建物価格の2分の1以下の一部滅失では、各区分所有者が復旧し得ること / 2分の1超の一部滅失では、3/4決議による復旧決議が可能であること / 建替え決議は4/5決議であること,1:建物価格の2分の1以下に相当する部分が滅失した場合、各区分所有者は、所定の決議が先にされていない限り、滅失した共用部分及び自己の専有部分を復旧することができる。 / 2:建物価格の2分の1を超える部分が滅失した場合、復旧に関する決議は一切できず、常に直ちに建替え決議をしなければならない。 / 3:建替え決議は、区分所有者及び議決権の各4分の3以上の多数で足りる。 / 4:建物価格の2分の1以下に相当する部分が滅失した場合、各区分所有者が単独で復旧できるのは自己の専有部分に限られ、共用部分については常に集会決議が必要である。,,正解は1です。区分所有法61条1項は、建物価格の2分の1以下に相当する一部滅失であれば、各区分所有者が、所定の決議が先行していない限り、滅失した共用部分及び自己の専有部分を復旧できるとしています。したがって1が正しいです。2は、2分の1を超える一部滅失でも、61条5項により3/4決議で復旧決議をする余地があるため誤りです。3も、建替え決議は62条1項により4/5決議です。4は、2分の1以下の一部滅失なら共用部分も復旧し得るので誤りです。,https://www.japaneselawtranslation.go.jp/en/laws/view/4341/en,61条1項と61条5項の適用場面が逆転していないか / 62条1項の4/5決議が正しく記載されているか / 一部滅失と全部滅失を混同していないか,Article 61 と Article 62 の境界を意識したケース問題。
original,orig_set01,11,11,標準管理規約,管理費と修繕積立金の使途,single_choice,basic,マンション標準管理規約27条 / マンション標準管理規約28条,通常の管理に要する費用と特別の管理に要する費用を区別できるかを確認する。,drafting,checked,マンション標準管理規約によれば、管理費から支出するのが最も適切なものはどれか。,管理費と修繕積立金の典型的な使途を対比させる。,2,管理費は通常の管理に要する経費に充当する / 修繕積立金は特別の管理に要する経費に限って取り崩す / 経常的な補修費は管理費から支出する,1:長期修繕計画に基づき15年ごとに実施する外壁の大規模修繕工事費 / 2:共用自動ドアのセンサー不良に対応する経常的な補修費 / 3:建替えに係る合意形成のために必要な調査費用 / 4:修繕積立金の管理及び運用に関する費用,,正解は2です。標準管理規約27条では、管理費は通常の管理に要する経費に充当するとされ、その中には経常的な補修費が含まれます。したがって2が正しいです。1の一定年数ごとに計画的に行う修繕、3の建替え等に係る合意形成のための調査、4の修繕積立金の管理及び運用は、いずれも28条に基づく修繕積立金の使途です。,https://www.mansion-info.mlit.go.jp/wp-content/uploads/2025/10/R7%E6%94%B9%E6%AD%A3%E7%89%88_%E6%A8%99%E6%BA%96%E7%AE%A1%E7%90%86%E8%A6%8F%E7%B4%84%EF%BC%8B%E3%82%B3%E3%83%A1%E3%83%B3%E3%83%88%EF%BC%88%E5%8D%98%E6%A3%9F%E5%9E%8B%EF%BC%89.pdf,27条と28条の費目が入れ替わっていないか / 『経常的な補修費』を管理費扱いとしているか / 建替え等合意形成調査費用の扱いが現行条文に合っているか,"MLIT標準管理規約PDFの27条・28条（turn2view1, turn2view2）で確認。"
original,orig_set01,12,12,標準管理規約,理事会の権限,case_based,standard,マンション標準管理規約48条 / マンション標準管理規約58条,総会決議事項と理事会で処理できる事項を区別できるかを確認する。,drafting,checked,マンション標準管理規約によれば、理事会の承認又は決議のみで行うことができるものはどれか。,収支予算成立前の経常支出と総会専属事項を対比させる。,3,収支予算案やその変更は総会承認事項 / 収支予算成立前の一定の経費支出は理事会承認で可能 / 修繕積立金の保管運用方法は総会決議事項,1:毎会計年度の収支予算案を確定すること / 2:修繕積立金の保管及び運用方法を定めること / 3:会計年度開始後、通常総会で予算承認を得る前に、管理員人件費など経常的でやむを得ない支出を承認すること / 4:長期修繕計画を変更すること,,正解は3です。標準管理規約58条3項は、会計年度開始後、通常総会で収支予算案の承認を得るまでの間に、通常の管理に要する経費のうち経常的でやむを得ないものについては、理事会の承認により支出できるとしています。したがって3が正しいです。1の収支予算案、2の修繕積立金の保管運用方法、4の長期修繕計画の変更は、いずれも48条により総会決議事項です。,https://www.mansion-info.mlit.go.jp/wp-content/uploads/2025/10/R7%E6%94%B9%E6%AD%A3%E7%89%88_%E6%A8%99%E6%BA%96%E7%AE%A1%E7%90%86%E8%A6%8F%E7%B4%84%EF%BC%8B%E3%82%B3%E3%83%A1%E3%83%B3%E3%83%88%EF%BC%88%E5%8D%98%E6%A3%9F%E5%9E%8B%EF%BC%89.pdf,48条の総会事項と58条3項の理事会承認事項が混同していないか / 経常的かつやむを得ない支出の例示が27条費目と整合しているか / 『理事会だけで決定できる』と『理事会承認で支出できる』を峻別しているか,"MLIT標準管理規約PDFの48条、58条（turn4view2, turn1view0）ベース。"
original,orig_set01,13,13,標準管理規約,総会出席と代理,combination,standard,マンション標準管理規約45条 / マンション標準管理規約46条,出席資格、意見陳述、代理人資格の範囲を整理できるかを確認する。,drafting,checked,マンション標準管理規約によれば、総会への出席又は議決権行使に関する次のアからエまでの記述のうち、正しいもののみの組合せはどれか。,占有者の意見陳述と代理人資格の範囲を混ぜる。,3,理事会が必要と認めた者は総会に出席できる / 占有者は利害関係があるとき出席して意見を述べることができる / 代理人資格には制限がある,1:アとイ / 2:イとエ / 3:アとウ / 4:ウとエ,ア:理事会が必要と認めた者は、組合員でなくても総会に出席することができる。 / イ:区分所有者の承諾を得て専有部分を占有する者は、会議の目的につき利害関係を有するときでも、総会に出席して意見を述べることはできない。 / ウ:組合員が代理人により議決権を行使しようとする場合、その代理人は標準管理規約に定める一定の者でなければならない。 / エ:組合員は、代理人による議決権行使をする場合、代理人を自由に選任することができる。,正解は3です。アとウが正しいです。アは、標準管理規約45条1項により、理事会が必要と認めた者は総会に出席できます。ウも、46条5項により、代理人となれる者は配偶者、一親等親族、同居親族、他の組合員、国内管理人などに限定されています。イは、利害関係を有する占有者には総会出席と意見陳述が認められるため誤りです。エも、代理人を無制限に選任できるわけではないため誤りです。,https://www.mansion-info.mlit.go.jp/wp-content/uploads/2025/10/R7%E6%94%B9%E6%AD%A3%E7%89%88_%E6%A8%99%E6%BA%96%E7%AE%A1%E7%90%86%E8%A6%8F%E7%B4%84%EF%BC%8B%E3%82%B3%E3%83%A1%E3%83%B3%E3%83%88%EF%BC%88%E5%8D%98%E6%A3%9F%E5%9E%8B%EF%BC%89.pdf,45条1項・2項と46条4項・5項の射程が混ざっていないか / 代理人資格の限定が現行条文に沿っているか / 組合せ問題として正答が一意か,MLIT標準管理規約PDFの45条・46条（turn2view3）で確認。
original,orig_set01,14,14,標準管理規約,専有部分への立入り,single_choice,standard,マンション標準管理規約23条,必要箇所への立入り請求と緊急時の理事長の権限を判定できるかを確認する。,drafting,checked,マンション標準管理規約によれば、専有部分への立入り等に関する次の記述のうち、正しいものはどれか。,水漏れ事故や緊急保存行為を題材にする。,4,管理のため必要な範囲で立入り又は保存行為実施を請求できる / 正当な理由なく拒否してはならない / 緊急時には理事長が自ら立ち入り等を実施できる,1:管理を行うために必要であっても、専有部分への立入りは、当該区分所有者の個別同意がなければ一切請求することができない。 / 2:立入り又は保存行為の実施を請求された者は、理由のいかんを問わずこれを拒否することができない。 / 3:理事長は、災害や事故の場合であっても、当該専有部分の所有者の承諾がない限り、自ら立ち入ることはできない。 / 4:災害、事故等が発生し、緊急に専有部分への立入り又は保存行為の実施をしなければ共用部分等又は他の専有部分に重大な影響を与えるおそれがあるときは、理事長は自ら立ち入り、又は保存行為を実施することができる。,,正解は4です。標準管理規約23条4項は、災害、事故等が発生した場合で、緊急に他の者が管理する専有部分等へ立入り又は保存行為を実施しなければ、共用部分等や他の専有部分に重大な影響を与えるおそれがあるときは、理事長が自ら立ち入り又は保存行為を実施できるとしています。したがって4が正しいです。1は23条1項に反し、2は『正当な理由』がある場合を無視しているので誤りです。3も、緊急時の理事長権限を否定しているため誤りです。,https://www.mansion-info.mlit.go.jp/wp-content/uploads/2025/10/R7%E6%94%B9%E6%AD%A3%E7%89%88_%E6%A8%99%E6%BA%96%E7%AE%A1%E7%90%86%E8%A6%8F%E7%B4%84%EF%BC%8B%E3%82%B3%E3%83%A1%E3%83%B3%E3%83%88%EF%BC%88%E5%8D%98%E6%A3%9F%E5%9E%8B%EF%BC%89.pdf,23条1項〜4項の関係が崩れていないか / 『正当な理由』の留保を落としていないか / 緊急時の対象が専有部分と専用使用部分の両方に及ぶことを把握しているか,MLIT標準管理規約PDFの23条（turn2view0）に基づく。
original,orig_set01,15,15,標準管理規約,規約改正と特別の影響,case_based,advanced,マンション標準管理規約47条9項 / 区分所有法31条1項,規約の制定・変更・廃止が一部の組合員の権利に特別の影響を及ぼす場合の承諾要否を判定できるかを確認する。,drafting,checked,マンション標準管理規約及び建物の区分所有等に関する法律の考え方によれば、規約改正に当たり、特別の影響を受ける区分所有者の承諾が必要となるものとして最も適切なものはどれか。,管理費負担割合変更、ペット飼育全面禁止、ピアノ演奏時間制限などを対比させる。,1,一部の組合員の権利に特別の影響を及ぼすときは承諾が必要 / 影響の有無は抽象的・一般的な不利益ではなく、特定の組合員への具体的な負担の大きさでみる / 正当な理由がなければ拒否できない,1:専有部分の床面積割合によって算定していた管理費負担を、全住戸均等負担へ改める規約変更を行う場合において、床面積の小さい住戸の区分所有者の負担が大幅に増えるとき / 2:共用部分の清掃時間帯を午前から午後に変更する規約変更を行う場合 / 3:掲示板の掲示方法を紙掲示から電子掲示へ変更する規約変更を行う場合 / 4:理事会の定例開催月を偶数月から毎月へ変更する規約変更を行う場合,,正解は1です。標準管理規約47条9項及び区分所有法31条1項の考え方では、規約の制定、変更又は廃止が一部の組合員の権利に特別の影響を及ぼすときは、その承諾を得なければなりません。管理費負担割合を床面積按分から均等負担へ変更し、特定の小規模住戸所有者の負担が大きく増える場合は、特別の影響が問題となる典型例です。したがって1が最も適切です。2から4は、一般的・抽象的な不便や運用変更にとどまり、ここでいう特別の影響が直ちに認められる類型ではありません。,https://www.mansion-info.mlit.go.jp/wp-content/uploads/2025/10/R7%E6%94%B9%E6%AD%A3%E7%89%88_%E6%A8%99%E6%BA%96%E7%AE%A1%E7%90%86%E8%A6%8F%E7%B4%84%EF%BC%8B%E3%82%B3%E3%83%A1%E3%83%B3%E3%83%88%EF%BC%88%E5%8D%98%E6%A3%9F%E5%9E%8B%EF%BC%89.pdf / https://www.japaneselawtranslation.go.jp/en/laws/view/4341/en,47条9項（区分所有法31条1項相当）の要件と承諾必要性が一致しているか / 『特別の影響』を一般的不利益と取り違えていないか / 正解肢が具体的かつ相対的な負担増を示しているか,MLIT標準管理規約PDFの47条9項（turn4view2）と区分所有法31条1項の考え方を踏まえた作問。
original,orig_set01,16,16,会計・税務,前受金と預り金,accounting_table,basic,企業会計原則 / 発生主義会計,受け取った金銭のうち、当期収益・前受金・預り金を区別して仕訳できるかを確認する。,drafting,checked,"管理組合の活動における次の取引に関し、3月分の仕訳として最も適切なものはどれか。なお、この管理組合の会計年度は4月1日から翌年3月31日までとし、期中の取引は発生主義により処理するものとする。3月31日に、翌4月分の外部貸し駐車場使用料90,000円と、同駐車場に係る敷金90,000円を現金で受け取った。",翌期収益と預り金を明確に分ける基本仕訳問題。,2,"翌期分使用料は当期収益ではなく前受金 / 敷金は返還義務があるため預り金 / 受取現金合計は180,000円","1:借方 現金 180,000 / 貸方 駐車場使用料収入 180,000 / 2:借方 現金 180,000 / 貸方 前受金 90,000・預り金 90,000 / 3:借方 現金 180,000 / 貸方 駐車場使用料収入 90,000・預り金 90,000 / 4:借方 現金 180,000 / 貸方 前受金 180,000",,"正解は2です。3月31日に受け取った4月分の駐車場使用料90,000円は、当期の収益ではなく翌期の収益なので前受金として処理します。また、敷金90,000円は将来返還する可能性がある金銭であり、収益ではなく預り金です。したがって、借方に現金180,000円、貸方に前受金90,000円と預り金90,000円を計上する2が正しいです。",企業会計原則 / 管理組合会計の発生主義,翌期分使用料を当期収益にしていないか / 敷金を預り金として扱っているか / 仕訳金額の合計が一致しているか,過去問の典型論点を参考にしつつ、金額を単純化した。
original,orig_set01,17,17,会計・税務,未払金と前払費用,accounting_table,standard,企業会計原則 / 発生主義会計,当期費用、翌期費用、未払計上を切り分けて決算仕訳できるかを確認する。,drafting,checked,"管理組合の活動における次の取引に関し、3月31日の仕訳として最も適切なものはどれか。なお、この管理組合の会計年度は4月1日から翌年3月31日までとし、期中の取引は発生主義により処理するものとする。4月20日に到着した請求書の内容は、管理委託費800,000円（翌5月分）、水道光熱費120,000円（3月分）、共用部分修繕費60,000円（3月分）、火災保険料240,000円（翌5月1日から1年分）である。",未払費用と前払費用を同時に問う決算整理仕訳。,3,3月分費用だけを当期計上する / 翌期分管理委託費と翌期開始保険料は当期費用にしない / 3月末時点では未払金計上,"1:借方 管理委託費 800,000・水道光熱費 120,000・修繕費 60,000・損害保険料 240,000 / 貸方 未払金 1,220,000 / 2:借方 水道光熱費 120,000・修繕費 60,000・前払保険料 240,000 / 貸方 未払金 420,000 / 3:借方 水道光熱費 120,000・修繕費 60,000 / 貸方 未払金 180,000 / 4:借方 前払管理委託費 800,000・水道光熱費 120,000・修繕費 60,000・前払保険料 240,000 / 貸方 未払金 1,220,000",,"正解は3です。3月31日時点で当期に発生しているのは、水道光熱費120,000円と修繕費60,000円だけです。翌5月分の管理委託費800,000円と、翌5月1日から始まる保険料240,000円は、3月末時点では当期費用でも前払費用でもありません。したがって、当期に計上すべき仕訳は、借方に水道光熱費120,000円と修繕費60,000円、貸方に未払金180,000円を計上する3です。",企業会計原則 / 管理組合会計の発生主義,翌5月分管理委託費を当期費用にしていないか / 保険期間開始前の保険料を前払計上していないか / 3月分のみ未払計上しているか,保険期間開始前は前払費用にしない前提で整理。
original,orig_set01,18,18,会計・税務,修繕積立金会計と一般会計,combination,standard,管理組合会計実務 / 標準管理規約27条・28条,一般会計で処理する項目と修繕積立金会計で処理する項目を区別できるかを確認する。,drafting,checked,管理組合会計における一般会計と修繕積立金会計の区分に関する次のアからエまでの記述のうち、適切なもののみの組合せはどれか。,経常管理費用と長期修繕関係費用を混ぜる。,1,日常的な管理費用は一般会計 / 計画修繕やその調査費は修繕積立金会計 / 会計区分と資金使途の一致,1:アとウ / 2:アとイ / 3:イとエ / 4:ウとエ,ア:管理員人件費は、一般会計で処理するのが適切である。 / イ:長期修繕計画の作成費用は、一般会計で処理するのが適切である。 / ウ:大規模修繕工事のための設計監理費用は、修繕積立金会計で処理するのが適切である。 / エ:共用部分に係る毎年の火災保険料は、修繕積立金会計で処理するのが適切である。,正解は1です。アとウが適切です。管理員人件費のような通常の管理に要する経費は一般会計で処理します。一方、大規模修繕工事のための設計監理費用は、特別の管理に要する費用として修繕積立金会計で処理するのが適切です。イの長期修繕計画作成費用や、エの毎年の火災保険料の扱いを取り違えないことがポイントです。,マンション標準管理規約27条・28条 / 管理組合会計実務,一般会計と修繕積立金会計の区分が標準管理規約の費目と整合しているか / 長期修繕計画作成費用の扱いを誤っていないか / 組合せ問題として一意に解けるか,実務寄りの会計区分問題。法令というより規約・実務整合重視。
original,orig_set01,19,19,会計・税務,駐車場使用料等の処理,single_choice,standard,発生主義会計 / 管理組合会計実務,未収入金、収益計上、前受金の切り分けを単一の入金事例から判断できるかを確認する。,drafting,checked,"管理組合が外部貸し駐車場3台分について、月額40,000円で使用させている場合に関する次の記述のうち、発生主義による会計処理として最も適切なものはどれか。なお、3月分のうち1台分40,000円が未収であり、4月分3台分120,000円と保証金30,000円を3月31日に普通預金で受け取ったものとする。",未収分、翌期分、保証金を一度に整理させる。,4,"3月分未収40,000円は未収入金 / 4月分120,000円は前受金 / 保証金30,000円は預り金","1:借方 普通預金 150,000 / 貸方 駐車場使用料収入 150,000 / 2:借方 普通預金 150,000 / 貸方 未収入金 40,000・駐車場使用料収入 80,000・前受金 30,000 / 3:借方 普通預金 150,000 / 貸方 駐車場使用料収入 120,000・預り金 30,000 / 4:借方 普通預金 150,000 / 貸方 未収入金 40,000・前受金 120,000・預り金 30,000",,"正解は4です。3月分のうち未収となっていた40,000円は、受領時に未収入金の回収として処理します。3月31日に受け取った4月分3台分120,000円は翌期収益であるため前受金、保証金30,000円は返還義務を伴うため預り金です。したがって、借方普通預金150,000円、貸方未収入金40,000円・前受金120,000円・預り金30,000円とする4が最も適切です。",企業会計原則 / 管理組合会計実務,未収入金の回収と新規収益計上を混同していないか / 翌期分使用料を前受金にしているか / 保証金を預り金としているか,数字の整合を優先した単純化モデル。
original,orig_set01,20,20,会計・税務,貸借対照表と収支報告の読み取り,comparison_table,advanced,企業会計原則 / 管理組合会計実務,貸借対照表の残高と当期収支情報を読み取り、誤った理解を見抜けるかを確認する。,drafting,checked,"次の資料は、ある管理組合の3月31日現在の貸借対照表の一部である。この資料に基づく記述として最も適切なものはどれか。普通預金 3,200,000円、未収入金 80,000円、前払費用 120,000円、未払金 150,000円、前受金 200,000円、預り金 90,000円、修繕積立金 2,500,000円。",勘定残高の意味を問う読み取り問題。,3,前受金は将来収益に対応する負債 / 預り金は返還義務等を伴う負債 / 前払費用は将来費用に対応する資産,"1:前受金200,000円は、既に当期の収益として実現した金額を示している。 / 2:預り金90,000円は、将来返還する必要のない管理費剰余金を示している。 / 3:前払費用120,000円は、将来の期間に対応する費用を当期末時点で資産として計上していることを示す。 / 4:未払金150,000円は、必ず翌期以降の修繕積立金会計に属する支払義務を示す。",,正解は3です。前払費用は、既に支出したが、将来の期間に対応する費用を資産として計上したものです。したがって3が正しいです。1の前受金は、将来の収益に対応する負債であり、当期収益ではありません。2の預り金も、返還義務等を伴う負債であって剰余金ではありません。4の未払金は支払義務を示す負債ですが、必ずしも修繕積立金会計に属するものとは限りません。,企業会計原則 / 管理組合会計実務,前払費用・前受金・預り金の定義が逆転していないか / 貸借対照表項目の意味を会計区分と混同していないか / 数値は説明に必要な範囲にとどめ、計算不要で一意に解けるか,CSV確認向けに表を文章化した読み取り問題。
original,orig_set02,1,21,区分所有法,専有部分と共用部分,single_choice,basic,区分所有法2条 / 区分所有法4条,専有部分性と共用部分性を、構造・利用形態・規約の3点から区別できるかを確認する。,drafting,checked,区分所有建物の部分の性質に関する次の記述のうち、建物の区分所有等に関する法律の規定によれば、正しいものはどれか。,バルコニー、管理員室、階段室、規約共用部分を素材にする。,3,構造上共用に供されるべき部分は共用部分となる / 規約により共用部分とすることができる / 専有部分には構造上及び利用上の独立性が必要,1:数戸の区分所有者が共通して使用する階段室であっても、登記上特定の区分所有者名義となっていれば、その者の専有部分となる。 / 2:専有部分となるには、利用上の独立性があれば足り、構造上の独立性は不要である。 / 3:管理員室その他の附属建物は、規約で共用部分と定めることができる。 / 4:規約で共用部分とされた部分は、常に構造上の共用部分と同一に扱われ、対外的な関係でも区別は一切存在しない。,,正解は3です。区分所有法では、附属建物その他の建物部分について、規約で共用部分と定めることができます。したがって3が正しいです。1は、階段室のように構造上共用に供されるべき部分は共用部分であり、登記名義だけで専有部分にはなりません。2も、専有部分には構造上及び利用上の独立性が必要です。4は、規約共用部分には第三者対抗のための登記との関係など、構造上当然に共用部分となるものとは異なる論点があるため誤りです。,https://www.japaneselawtranslation.go.jp/en/laws/view/4341/en,2条・4条の定義と整合しているか / 専有部分の要件を落としていないか / 規約共用部分の説明が過不足ないか,既存問6の類題だが、素材を変更して別問化。
original,orig_set02,2,22,建築・設備,給水タンク,comparison_table,basic,建築基準法施行令 / 関係告示,給水タンクに関する法令上の数値明示項目と、一般的仕様事項とを区別できるかを確認する。,drafting,checked,給水タンクに関する次の事項のうち、建築基準法関係法令及び告示において数値が明示されているものはどれか。,点検用マンホール、通気管、逆流防止、清掃頻度を対比させる。,2,点検用マンホールの内接円直径には数値基準がある / 他の衛生管理・仕様事項は数値明示と限らない / 既存の試験範囲に沿う基本論点,1:給水タンクに設ける通気管の長さ / 2:給水タンクの点検用マンホールに内接する円の直径 / 3:給水タンクの清掃実施間隔 / 4:逆流防止のために必要なあふれ縁と水栓の水平距離,,正解は2です。給水タンクの点検用マンホールについては、関係法令・告示で内接する円の直径に関する数値基準が示されています。したがって2が正しいです。1や3は一般的な仕様や維持管理上の論点であって、この設問でいう法令上の数値明示項目とはいえません。4も逆流防止論点として別の観点で問題になる事項であり、ここでの正答ではありません。,既存過去問DBで確認済みの法令論点,数値明示項目が既存法令論点と一致しているか / 選択肢が給水タンク周辺論点として自然か / 数値そのものを誤って断定していないか,既存DBの平成19年問23相当論点をオリジナル化。
original,orig_set02,3,23,標準管理規約,管理費と修繕積立金の使途,single_choice,basic,マンション標準管理規約27条 / マンション標準管理規約28条,標準管理規約上、修繕積立金から支出すべき費目を見分けられるかを確認する。,drafting,checked,マンション標準管理規約によれば、修繕積立金から支出するのが最も適切なものはどれか。,経常費用と計画修繕関係費用を対比させる。,4,大規模修繕工事費は修繕積立金 / 経常的管理費用は管理費 / 長期修繕計画関連費用も修繕積立金,1:共用部分の電気料 / 2:管理員人件費 / 3:毎年実施する消防設備点検費 / 4:外壁等の計画修繕工事に伴う設計監理費,,正解は4です。標準管理規約28条では、一定年数ごとに計画的に行う修繕や、それに付随する調査・設計監理等の費用は修繕積立金から支出するとされています。したがって4が正しいです。1から3は、通常の管理に要する経費として管理費から支出するのが基本です。,https://www.mansion-info.mlit.go.jp/wp-content/uploads/2025/10/R7%E6%94%B9%E6%AD%A3%E7%89%88_%E6%A8%99%E6%BA%96%E7%AE%A1%E7%90%86%E8%A6%8F%E7%B4%84%EF%BC%8B%E3%82%B3%E3%83%A1%E3%83%B3%E3%83%88%EF%BC%88%E5%8D%98%E6%A3%9F%E5%9E%8B%EF%BC%89.pdf,27条と28条の費目区分が維持されているか / 設計監理費を修繕積立金側へ置いているか / 経常点検費を管理費として扱っているか,問11の鏡写しではなく、『修繕積立金から出すもの』に反転。
original,orig_set02,4,24,民法・借地借家法,相殺,count,basic,民法505条,相殺ができるための基本要件を短文判定で見分けられるかを確認する。,drafting,checked,相殺に関する次のアからエまでの記述のうち、民法の規定によれば、正しいものはいくつあるか。,対立債権の同種性、弁済期、相殺適状を問う。,3,同種の目的を有する債務であること / 双方の債務が弁済期にあること / 相殺禁止の特約や法定制限があること,1:一つ / 2:二つ / 3:三つ / 4:四つ,ア:双方が金銭債権を有し、いずれも弁済期にあるときは、原則として相殺をすることができる。 / イ:自働債権が弁済期にあっても、受働債権がまだ弁済期にないときは、相殺をすることができないのが原則である。 / ウ:当事者は、相殺を禁止する特約をすることができる。 / エ:損害賠償債権は、その性質にかかわらず、常に相殺の対象とすることができない。,正解は3です。正しいものはア、イ、ウの三つです。アは、双方が同種の目的を有する債務であり、かつ弁済期にあるときは、原則として相殺が可能であるため正しいです。イも、受働債権がまだ弁済期にない以上、相殺適状にありません。ウも、当事者は相殺を禁止する特約をすることができます。エは、損害賠償債権であっても、その性質次第で相殺が全て禁止されるわけではないため誤りです。,https://www.japaneselawtranslation.go.jp/en/laws/view/4848,505条の相殺要件と一致しているか / 個数問題として真偽が明確か / 相殺禁止の場面を広げすぎていないか,民法総則ではなく債権総論の基本個数問題。
original,orig_set02,5,25,区分所有法,敷地利用権,case_based,standard,区分所有法22条 / 区分所有法23条,専有部分の譲渡と敷地利用権の分離処分禁止を事例で判断できるかを確認する。,drafting,checked,Aは、敷地利用権が敷地の共有持分であるマンションの1室を所有している。Aが当該専有部分をBに譲渡する場合に関する次の記述のうち、建物の区分所有等に関する法律の規定によれば、正しいものはどれか。,専有部分だけ売る合意、規約の有無、善意第三者を入れた事例。,2,共有持分型の敷地利用権は分離処分禁止が原則 / 規約に別段の定めがある場合は例外 / 違反処分の無効は善意第三者に対抗できない場合がある,1:規約に別段の定めがなくても、Aは専有部分だけをBに譲渡し、敷地利用権は自己に留保することができる。 / 2:規約に別段の定めがない限り、Aは専有部分と敷地利用権とを分離して処分することができない。 / 3:Aが分離処分をした場合、その処分の無効は、Bが善意であっても悪意であっても一律に対抗することができない。 / 4:敷地利用権が共有持分であるかぎり、規約で別段の定めを置くことは認められない。,,正解は2です。区分所有法22条1項は、敷地利用権が数人で有する所有権その他の権利である場合には、規約に別段の定めがない限り、専有部分と敷地利用権とを分離して処分することができないとしています。したがって2が正しいです。1は本則に反します。3も、違反処分の無効は善意の相手方に対抗できない場合があるため誤りです。4は、規約で別段の定めを置く余地を否定しているため誤りです。,https://www.japaneselawtranslation.go.jp/en/laws/view/4341/en,22条・23条の本則と例外が一致しているか / 善意第三者への対抗関係が逆転していないか / 事例設定が共有持分型敷地利用権で明確か,問7より事例寄りにして、売買場面へ落とし込んだ。
original,orig_set02,6,26,建築・設備,排水設備,combination,standard,排水設備実務 / 建築設備基礎,排水設備の基本構成と通気・トラップの役割を整理できるかを確認する。,drafting,checked,排水設備に関する次のアからエまでの記述のうち、適切なもののみの組合せはどれか。,排水トラップ、通気管、雨水排水、排水勾配の基本を問う。,2,排水トラップは下水臭や害虫の侵入を防止する / 通気管は封水の保護や排水流れの安定に役立つ / 雨水系統と汚水系統は適切に分けて処理する,1:アとイ / 2:アとウ / 3:イとエ / 4:ウとエ,ア:排水トラップは、下水臭や害虫が室内へ侵入するのを防止するために設ける。 / イ:通気管は、排水管内の空気の流れを止めて水封を安定させるために設ける。 / ウ:雨水を処理する系統と、便所・台所等からの汚水を処理する系統は、適切に区別して計画することがある。 / エ:横引き排水管は、勾配が小さいほど排水能力が安定するため、できるだけ水平に近づけるのが望ましい。,正解は2です。アとウが適切です。アの排水トラップは、封水によって下水臭や害虫の侵入を防止する設備です。ウも、雨水系統と汚水系統を適切に区別して処理する考え方として妥当です。イは、通気管の役割を誤っており、実際には空気の流通を確保して封水破壊を防ぎます。エも、横引き排水管には適切な勾配が必要であり、水平に近いほどよいわけではありません。,建築設備実務の基本論点,トラップと通気管の役割が逆転していないか / 雨水と汚水の区別が不自然でないか / 組合せ問題として一意に解けるか,数値断定を避け、基本機能に絞った。
original,orig_set02,7,27,標準管理規約,理事会の権限,case_based,standard,マンション標準管理規約48条 / マンション標準管理規約54条,理事会決議で処理し得る事項と、総会決議を要する事項を事例から見分けられるかを確認する。,drafting,checked,マンション標準管理規約によれば、理事会の決議事項として最も適切なものはどれか。,保存行為・軽微な変更・総会専属事項を対比させる。,1,理事会は保存行為や通常の管理の執行を決議できる / 長期修繕計画や収支予算は総会事項 / 規約変更も総会事項,1:共用廊下の照明器具が故障したため、同等品への交換工事を発注すること / 2:管理費負担割合を変更するため、規約を改正すること / 3:次年度の収支予算を確定すること / 4:長期修繕計画を新たに作成し、確定すること,,正解は1です。共用廊下照明の同等品交換のような保存行為や通常の管理の執行は、理事会の権限で処理し得る事項です。したがって1が最も適切です。2の規約変更、3の収支予算の確定、4の長期修繕計画の作成・確定は、いずれも標準管理規約上、総会決議を要する事項です。,https://www.mansion-info.mlit.go.jp/wp-content/uploads/2025/10/R7%E6%94%B9%E6%AD%A3%E7%89%88_%E6%A8%99%E6%BA%96%E7%AE%A1%E7%90%86%E8%A6%8F%E7%B4%84%EF%BC%8B%E3%82%B3%E3%83%A1%E3%83%B3%E3%83%88%EF%BC%88%E5%8D%98%E6%A3%9F%E5%9E%8B%EF%BC%89.pdf,保存行為と計画事項の区別が崩れていないか / 総会専属事項を理事会事項にしていないか / 事例が軽微修繕の範囲を逸脱していないか,問12と似るが、予算成立前支出ではなく保存行為に軸足を置いた。
original,orig_set02,8,28,民法・借地借家法,債権譲渡,combination,standard,民法466条,債権譲渡制限特約と対抗要件の基本構造を整理できるかを確認する。,drafting,checked,債権譲渡に関する次のアからエまでの記述のうち、民法の規定によれば、正しいもののみの組合せはどれか。,譲渡制限特約、将来債権、債務者対抗要件を混ぜる。,1,原則として債権は譲渡可能 / 譲渡制限特約があっても一定の範囲で譲渡の効力は認められる / 債務者への対抗には通知又は承諾が関わる,1:アとウ / 2:アとイ / 3:イとエ / 4:ウとエ,ア:債権は、その性質がこれを許さない場合を除き、譲り渡すことができる。 / イ:当事者間で譲渡制限特約がある債権は、いかなる場合でも譲渡の効力を生じない。 / ウ:債権譲渡を債務者に対抗するには、譲渡人から債務者への通知又は債務者の承諾が関係する。 / エ:将来発生することが見込まれる債権は、常に譲渡の対象とすることができない。,正解は1です。アとウが正しいです。アのとおり、債権は原則として譲渡可能です。ウも、債務者に対する対抗関係では通知又は承諾が基本となります。イは、譲渡制限特約があるからといって常に譲渡が無効になるわけではないため誤りです。エも、将来債権の譲渡が常に否定されるわけではありません。,https://www.japaneselawtranslation.go.jp/en/laws/view/4848,466条の趣旨に反していないか / 旧民法理解をそのまま持ち込んでいないか / 組合せ問題として真偽が明確か,改正民法を前提にした基本論点。
original,orig_set02,9,29,区分所有法,規約共用部分,combination,standard,区分所有法4条,規約共用部分の成立と第三者対抗の考え方を整理できるかを確認する。,drafting,checked,規約共用部分に関する次のアからエまでの記述のうち、正しいもののみの組合せはどれか。,附属建物、規約設定、登記による対抗力を問う。,4,附属建物を規約で共用部分とすることができる / 規約共用部分は登記がないと第三者に対抗できない / 構造上当然の共用部分とは別概念,1:アとイ / 2:イとウ / 3:ウとエ / 4:アとエ,ア:附属建物は、規約で共用部分と定めることができる。 / イ:規約共用部分は、規約で定めさえすれば、登記がなくても常に第三者に対抗することができる。 / ウ:規約共用部分とすることができるのは、構造上当然に共用部分である部分に限られる。 / エ:規約共用部分を第三者に対抗するには、登記を要する。,正解は4です。アとエが正しいです。区分所有法4条2項により、附属建物その他の建物部分を規約で共用部分とすることができます。また、同条3項により、規約共用部分は登記がなければ第三者に対抗できません。したがってアとエの組合せが正解です。イは登記不要とする点で誤りであり、ウも規約共用部分の対象を不当に狭めています。,https://www.japaneselawtranslation.go.jp/en/laws/view/4341/en,4条2項・3項の内容が一致しているか / 規約共用部分と当然共用部分を混同していないか / 第三者対抗要件が明確か,問21と重ならないよう、対抗要件に比重を置いた。
original,orig_set02,10,30,建築・設備,建築材料,single_choice,standard,建築材料基礎,鉄筋コンクリート等の建築材料に関する基本的な性質を判定できるかを確認する。,drafting,checked,建築材料に関する次の記述のうち、最も適切なものはどれか。,中性化、かぶり厚さ、木材含水率、シーリング材の劣化を対比する。,2,かぶり厚さ不足は鉄筋腐食リスクを高める / 材料劣化要因は一つではない / コンクリート・木材・シーリング材の基本性質,1:鉄筋コンクリート造の部材では、かぶり厚さが不足していても、鉄筋の腐食進行には通常影響しない。 / 2:鉄筋コンクリート造の部材では、かぶり厚さが不足すると、鉄筋が腐食しやすくなる要因となる。 / 3:木材は、含水率が変化しても、一般に寸法変化を生じない。 / 4:外壁目地のシーリング材は、紫外線や温度変化による劣化を受けにくいため、定期的な点検は通常不要である。,,正解は2です。鉄筋コンクリート造の部材では、かぶり厚さが不足すると、鉄筋が外気や水分の影響を受けやすくなり、腐食が進みやすくなります。したがって2が最も適切です。1はその逆で誤りです。3も、木材は含水率の変化によって収縮や膨張を生じ得ます。4も、シーリング材は紫外線や温度変化の影響を受けて劣化するため、定期的な点検が重要です。,建築材料基礎,かぶり厚さ不足と腐食リスクの関係が妥当か / 木材の含水率変化による寸法変化の説明が自然か / シーリング材劣化の一般的説明として無理がないか,法令より材料基礎知識を問う標準難度問題。
original,orig_set02,11,31,標準管理規約,総会出席と代理,combination,standard,マンション標準管理規約46条 / マンション標準管理規約47条,総会への出席、書面議決、代理人による議決権行使の基本ルールを整理できるかを確認する。,drafting,checked,マンション標準管理規約による総会における議決権の行使に関する次のアからエまでの記述のうち、適切なもののみの組合せはどれか。,書面議決、代理人、共有者の議決権行使者指定を素材にする。,1,議決権は、書面又は代理人によって行使することができる / 住戸共有者は、あらかじめ議決権を行使する者一名を選任しておく / 代理人は無制限ではなく、標準管理規約上の範囲がある,1:アとウ / 2:アとエ / 3:イとウ / 4:ウとエ,ア:組合員は、総会において、書面又は代理人によって議決権を行使することができる。 / イ:代理人は、マンションの居住者であれば誰でもよく、組合員との親族関係や同居関係は問われない。 / ウ:専有部分が数人の共有に属するときは、議決権を行使すべき者一名をあらかじめ定めるのが相当である。 / エ:代理人によって議決権を行使する場合でも、代理権を証する書面は総会終了後に提出すれば足りる。,正解は1です。アとウが適切です。アのとおり、標準管理規約では組合員は書面又は代理人によって議決権を行使できます。また、専有部分が共有の場合には、議決権を行使する者一名を定めておく整理になります。イは、代理人の範囲を無制限としており不適切です。エも、代理権を証する書面は総会運営上、議決権行使の時点で確認できることが必要であり、総会終了後で足りるわけではありません。,https://www.mansion-info.mlit.go.jp/wp-content/uploads/2025/10/R7%E6%94%B9%E6%AD%A3%E7%89%88_%E6%A8%99%E6%BA%96%E7%AE%A1%E7%90%86%E8%A6%8F%E7%B4%84%EF%BC%8B%E3%82%B3%E3%83%A1%E3%83%B3%E3%83%88%EF%BC%88%E5%8D%98%E6%A3%9F%E5%9E%8B%EF%BC%89.pdf,46条の書面議決・代理行使の扱いと一致しているか / 共有者の議決権行使者の整理が崩れていないか / 代理人の範囲を過度に広げていないか,総会運営の実務感を出しつつ、結論は標準管理規約の定型論点に寄せた。
original,orig_set02,12,32,民法・借地借家法,契約不適合責任,single_choice,standard,民法562条 / 民法572条,契約不適合責任に基づく追完請求の基本構造を理解しているかを確認する。,drafting,checked,売買の目的物が種類、品質又は数量に関して契約の内容に適合しない場合に関する次の記述のうち、民法の規定によれば、正しいものはどれか。,追完請求、特約、解除・損害賠償との関係を対比させる。,2,買主は追完請求として修補、代替物引渡し、不足分引渡しを求め得る / 売主は買主に不相当な負担を課さない限り、別方法で追完できる / 免責特約があっても知りながら告げなかった事実には及ばない,1:買主は、契約不適合があっても、代金減額以外の請求をすることはできない。 / 2:買主は、目的物が契約の内容に適合しないときは、修補、代替物の引渡し又は不足分の引渡しによる追完を請求することができる。 / 3:売主が契約不適合を知りながら告げなかった場合でも、免責特約があれば常に責任を免れる。 / 4:買主は、契約不適合が軽微であっても、催告を要せず直ちに契約を解除しなければならない。,,正解は2です。民法562条1項により、売買の目的物が種類、品質又は数量に関して契約の内容に適合しないとき、買主は修補、代替物の引渡し又は不足分の引渡しによる追完を請求できます。したがって2が正しいです。1は追完請求を否定しており誤りです。3も、民法572条により、売主が知りながら告げなかった事実については免責特約で免れません。4は解除の要件を誤っています。,https://www.japaneselawtranslation.go.jp/en/laws/view/4848,562条1項の追完方法を落としていないか / 572条の免責特約の限界と矛盾していないか / 解除の要件を断定し過ぎていないか,管理業務主任者試験向けに、契約不適合責任の入口論点へ絞った。
original,orig_set02,13,33,区分所有法,総会決議要件,precedent_fill,standard,区分所有法31条,規約の設定・変更・廃止に必要な決議要件を正確に押さえているかを確認する。,drafting,checked,建物の区分所有等に関する法律によれば、規約の設定、変更又は廃止は、集会において、区分所有者及び議決権の各[　]以上の多数による決議によってする。この[　]に当てはまるものとして正しいものはどれか。,普通決議と特別決議の要件差を穴埋め形式で問う。,3,規約の設定、変更、廃止は各4分の3以上 / 一部の区分所有者の権利に特別の影響がある場合は別途承諾が必要,1:2分の1 / 2:3分の2 / 3:4分の3 / 4:5分の4,,正解は3です。区分所有法31条1項により、規約の設定、変更又は廃止は、区分所有者及び議決権の各4分の3以上の多数による集会の決議によって行います。したがって3が正しいです。なお、その規約の設定等が一部の区分所有者の権利に特別の影響を及ぼすときは、その承諾も必要になります。,https://www.japaneselawtranslation.go.jp/en/laws/view/4341/en,31条1項の数値が正しいか / 普通決議や建替え決議の数値と混同していないか / 特別の影響の注意書きを落としていないか,穴埋め型で基礎を確認する設問。
original,orig_set02,14,34,建築・設備,断熱結露,case_based,standard,住宅の断熱・換気の基礎 / 省エネ設計ガイド,結露の原因を、断熱欠損と換気不足の観点から整理して対策につなげられるかを確認する。,drafting,checked,北側の洋室で、冬季に窓まわりや外壁面の隅部に結露が繰り返し発生している。室内では洗濯物の部屋干しが多く、換気設備も十分に使用されていない。この場合の対策として、最も適切なものはどれか。,表面温度の低下と室内水蒸気量の増加を組み合わせた事例。,3,断熱性を高めて表面温度を上げる / 換気を適切に行い室内の水蒸気を排出する / 結露は断熱・気密・換気のバランスで考える,1:冬季の室内乾燥を防ぐため、換気設備の使用を控え、加湿を強める。 / 2:結露は主に外気温だけで決まるため、断熱改修や換気計画の見直しは不要である。 / 3:外壁や開口部の断熱性を改善するとともに、室内の換気を適切に確保する。 / 4:窓際の家具配置だけを変更すれば、他の対策を行わなくても結露は必ず防止できる。,,正解は3です。結露は、室内空気中の水蒸気量が多く、かつ壁や窓の表面温度が低いと発生しやすくなります。そのため、外壁や開口部の断熱性を改善して表面温度を上げることと、換気設備を適切に使用して湿気を排出することを組み合わせるのが基本です。したがって3が最も適切です。1と2は原因理解が不十分で、4も補助的な工夫にとどまります。,https://www.mlit.go.jp/report/press/content/001884522.pdf / https://www.mlit.go.jp/jutakukentiku/build/jutakukentiku_house_fr_000108.html,結露の発生要因を断熱と換気の両面で説明できているか / 換気抑制を正答にしていないか / 断熱欠損の改善を自然な対策として置けているか,数値問題にせず、管理実務で問われやすい原因と対策の対応に寄せた。
original,orig_set02,15,35,標準管理規約,専有部分への立入り,single_choice,standard,マンション標準管理規約23条,管理上必要な専有部分への立入り請求の考え方を押さえているかを確認する。,drafting,checked,マンション標準管理規約による専有部分等への立入りに関する次の記述のうち、最も適切なものはどれか。,給排水事故の調査や設備点検のための立入りと受忍義務を問う。,4,管理を行うため必要があるときは専有部分等への立入り請求があり得る / 請求を受けた区分所有者等は正当な理由なく拒めない / 立入りは必要最小限であるべき,1:専有部分への立入りは所有権の侵害となるため、管理上必要であっても一切認められない。 / 2:理事長は、管理上必要であるかどうかにかかわらず、いつでも自由に専有部分へ立ち入ることができる。 / 3:立入り請求を受けた区分所有者は、理由の有無を問わず自由にこれを拒むことができる。 / 4:管理を行うため必要があるときは、必要な範囲で専有部分等への立入りを請求することができ、請求を受けた者は正当な理由なくこれを拒んではならない。,,正解は4です。標準管理規約では、管理を行うため必要があるときは、必要な範囲で専有部分等への立入りを請求でき、請求を受けた区分所有者等は正当な理由なくこれを拒むことができないという整理です。したがって4が最も適切です。1と3は受忍義務を否定しており誤りで、2は管理上の必要性や範囲の限定を無視しています。,https://www.mansion-info.mlit.go.jp/wp-content/uploads/2025/10/R7%E6%94%B9%E6%AD%A3%E7%89%88_%E6%A8%99%E6%BA%96%E7%AE%A1%E7%90%86%E8%A6%8F%E7%B4%84%EF%BC%8B%E3%82%B3%E3%83%A1%E3%83%B3%E3%83%88%EF%BC%88%E5%8D%98%E6%A3%9F%E5%9E%8B%EF%BC%89.pdf,23条の必要性・範囲・正当理由の要件が落ちていないか / 理事長の権限を広げ過ぎていないか / 専有部分立入りの受忍義務を適切に説明できているか,既存の過去問頻出論点をオリジナル文面にした。
original,orig_set02,16,36,民法・借地借家法,使用貸借,case_based,standard,民法593条 / 民法593条の2 / 民法594条 / 民法595条,使用貸借の成立、解除、目的物の使用収益及び費用負担の基本を押さえているかを確認する。,drafting,checked,Aは、自己所有の物置を1年間Bに無償で使わせる約束を口頭でしたが、引渡し前に事情が変わったため貸すのをやめたいと考えている。この場合に関する次の記述のうち、民法の規定によれば、正しいものはどれか。,口頭の使用貸借予約、第三者使用、通常必要費の負担を対比させる。,4,書面によらない使用貸借は、貸主は目的物を受け取るまで解除できる / 借主は貸主の承諾なく第三者に使用収益させられない / 通常必要費は借主負担が原則,1:使用貸借は無償契約であるから、必ず書面でしなければ成立しない。 / 2:Bは、Aの承諾がなくても、無償である限り第三者に物置を使用させることができる。 / 3:物置の通常の保存に必要な費用は、常にAが負担しなければならない。 / 4:この約束が書面によらないものである場合、Aは、Bが物置の引渡しを受ける前であれば、使用貸借を解除することができる。,,正解は4です。民法593条の2により、書面によらない使用貸借は、各当事者が目的物を受け取るまで、解除することができます。したがって4が正しいです。1は、使用貸借の成立に書面を要するわけではありません。2も、借主は貸主の承諾を得なければ第三者に使用収益させることができません。3についても、通常の必要費は借主の負担が原則です。,https://www.japaneselawtranslation.go.jp/en/laws/view/4848,593条の2の解除要件が正しいか / 594条2項の第三者使用禁止と矛盾していないか / 595条1項の通常必要費負担を逆にしていないか,口頭契約と引渡前解除を中心に据えた。
original,orig_set02,17,37,区分所有法,義務違反者への措置,single_choice,advanced,区分所有法57条 / 区分所有法58条 / 区分所有法59条,共同の利益に反する行為に対する差止め、使用禁止、競売請求の段階的な関係を理解しているかを確認する。,drafting,checked,ある区分所有者が、専有部分内に大量の危険物を継続的に持ち込み、他の区分所有者の共同生活上重大な障害を生じさせている。差止め請求等によっても障害の除去が困難である場合に関する次の記述のうち、建物の区分所有等に関する法律の規定によれば、正しいものはどれか。,57条から59条への段階的な救済手段の切り替えを問う。,3,共同の利益に反する行為に対しては差止め等がある / それだけでは障害除去が困難な場合、競売請求まで進み得る / 競売請求には集会決議等の要件がある,1:共同の利益に反する行為があれば、理事長は集会決議を経ることなく直ちに専有部分の競売を請求できる。 / 2:専有部分の使用禁止請求は、普通決議だけで足り、裁判手続を要しない。 / 3:共同生活上の障害が著しく、他の方法によってはその障害を除去して共用部分の利用を確保することが困難であるときは、集会の決議に基づき、その区分所有権及び敷地利用権の競売を請求することがあり得る。 / 4:競売請求をするには、違反行為者本人の承諾が必要であり、承諾がなければ常に請求できない。,,正解は3です。区分所有法では、共同の利益に反する行為に対して差止め等の請求が用意されており、それによっても障害の除去が困難で、共同生活上の障害が著しいときは、集会の決議を経て区分所有権等の競売請求に至る場合があります。したがって3が正しいです。1と2は、集会決議や裁判手続の要件を軽視しており誤りです。4のような違反者本人の承諾も要件ではありません。,https://www.japaneselawtranslation.go.jp/en/laws/view/4341/en,57条・58条・59条の段階関係が崩れていないか / 競売請求の手続を省略していないか / 使用禁止請求と競売請求を混同していないか,高度論点なので、条文の順番どおりに理解できるようにした。
original,orig_set02,18,38,建築・設備,エレベーター保守,comparison_table,advanced,昇降機保守契約実務 / 国土交通省関係資料,POG契約とFM契約の基本的な違いを整理できるかを確認する。,drafting,checked,エレベーターの保守契約に関する次の記述のうち、POG契約とFM契約の違いについて最も適切なものはどれか。,点検中心の契約と、修理費を含む契約の違いを問う。,2,POG契約は点検・調整中心で、部品取替え等は別途となることが多い / FM契約は保守に加え、通常の修理・部品取替え費用を含む形が多い / 全面更新費用まで当然に含むわけではない,1:POG契約は、通常の修理・部品取替え費用まで一律に含むが、FM契約は点検のみを対象とする。 / 2:FM契約は、定期点検に加えて通常の修理や部品取替え費用を含む形が多く、POG契約は点検・調整中心で修理費等が別途となることが多い。 / 3:POG契約とFM契約の違いは名称だけであり、実務上の費用負担範囲は同一である。 / 4:FM契約であれば、エレベーターの全面更新費用まで当然に保守費用に含まれる。,,正解は2です。実務上、POG契約は定期点検や調整を中心とし、部品取替えや修理費は別途となることが多いのに対し、FM契約はこれらの費用まで含める包括的な形が一般的です。したがって2が最も適切です。1は両者を逆にしており、3も誤りです。4のように、全面更新費用まで当然に含まれるわけでもありません。,https://www.mlit.go.jp/jutakukentiku/build/house_maintenance.html / https://www.mlit.go.jp/common/001222285.pdf,POGとFMの説明が逆転していないか / 包括される費用範囲を広げ過ぎていないか / 全面更新費用を当然含むとしていないか,保守契約実務の典型差に絞って、細かな例外は持ち込まないようにした。
original,orig_set02,19,39,標準管理規約,特別の影響,case_based,advanced,区分所有法31条 / マンション標準管理規約47条,規約の変更が一部の区分所有者に特別の影響を及ぼす場合の承諾要件を事例で判断できるかを確認する。,drafting,checked,管理組合が規約を改正し、これまで無償で認めていた1階住戸の専用庭使用について、新たに当該住戸所有者のみを対象とする高額の使用料負担を課すことを検討している。この場合に関する次の記述のうち、最も適切なものはどれか。,一部の区分所有者の権利に特別の影響を及ぼす規約変更の承諾要件を問う。,2,規約変更は原則として区分所有者及び議決権の各4分の3以上 / 一部の区分所有者の権利に特別の影響を及ぼすときは、その承諾も必要 / 単なる多数決だけでは足りない場合がある,1:規約変更は常に集会の特別決議だけで足り、特定の区分所有者の承諾は不要である。 / 2:この規約変更が一部の区分所有者の権利に特別の影響を及ぼすと評価されるときは、その区分所有者の承諾も必要になる。 / 3:管理組合が専用庭の維持管理費を説明していれば、集会決議も承諾も不要である。 / 4:特別の影響があるかどうかは、理事会が内部的に判断すれば足り、区分所有法上の問題にはならない。,,正解は2です。区分所有法31条1項では、規約の設定、変更又は廃止について、区分所有者及び議決権の各4分の3以上の決議を要するだけでなく、その結果が一部の区分所有者の権利に特別の影響を及ぼすときは、その承諾を得なければならないとされています。したがって2が最も適切です。1、3、4はいずれもこの承諾要件を無視しており誤りです。,https://www.japaneselawtranslation.go.jp/en/laws/view/4341/en / https://www.mansion-info.mlit.go.jp/wp-content/uploads/2025/10/R7%E6%94%B9%E6%AD%A3%E7%89%88_%E6%A8%99%E6%BA%96%E7%AE%A1%E7%90%86%E8%A6%8F%E7%B4%84%EF%BC%8B%E3%82%B3%E3%83%A1%E3%83%B3%E3%83%88%EF%BC%88%E5%8D%98%E6%A3%9F%E5%9E%8B%EF%BC%89.pdf,31条後段の承諾要件を落としていないか / 単なる特別決議だけで足りる構成になっていないか / 事例が一部区分所有者への個別負担として自然か,標準管理規約の運用問題として見せつつ、根拠は区分所有法31条に置いている。
original,orig_set02,20,40,民法・借地借家法,賃貸借の対抗力,count,advanced,借地借家法31条 / 民法605条 / 民法605条の2,不動産賃貸借の対抗要件と賃貸人たる地位の移転を横断的に整理できるかを確認する。,drafting,checked,賃貸借の対抗力に関する次のアからエまでの記述のうち、民法及び借地借家法の規定によれば、正しいものはいくつあるか。,建物賃貸借の引渡し対抗要件と、不動産賃貸借の登記・賃貸人地位移転を対比させる。,2,建物賃貸借は引渡しがあれば後の第三者に対抗できる / 不動産賃貸借は登記があれば不動産物権取得者に対抗できる / 賃貸人たる地位の移転には賃借権の対抗要件具備が関係する,1:一つ / 2:二つ / 3:三つ / 4:四つ,ア:建物の賃貸借は、その登記がなくても、建物の引渡しがあれば、その後にその建物について物権を取得した者に対抗することができる。 / イ:不動産の賃貸借は、これを登記したときは、その不動産について物権を取得した者その他の第三者に対抗することができる。 / ウ:賃借権に対抗要件が備わっていなくても、賃貸人たる地位は当然にその不動産の譲受人に移転する。 / エ:建物賃貸借は、賃貸借契約が売買契約より先に成立していれば、引渡しがなくても常に第三者に対抗できる。,正解は2です。正しいのはアとイの二つです。アは借地借家法31条による建物賃貸借の対抗要件で、建物の引渡しがあれば後の物権取得者に対抗できます。イも民法605条の内容として正しいです。ウは、民法605条の2により、賃貸人たる地位の移転には賃借権が対抗要件を備えていることが前提となるため誤りです。エも、契約の先後だけでは足りず、対抗要件が必要です。,https://www.japaneselawtranslation.go.jp/en/laws/view/4848 / https://www.japaneselawtranslation.go.jp/en/laws/view/4846,借地借家法31条の引渡し対抗要件が正しいか / 民法605条と605条の2を混同していないか / 個数問題として正答が一意に二つになるか,民法と借地借家法を横断するので、条文ごとの役割を分けて書いた。
original,orig_set03,1,41,区分所有法,一部滅失と建替え,case_based,basic,区分所有法61条 / 区分所有法62条,一部滅失後の復旧と建替えが別の意思決定場面であることを整理できるかを確認する。,drafting,checked,マンションの共用部分が火災で一部滅失したため、管理組合では復旧工事を行うか、建替えも含めて検討するかが問題となっている。この場合に関する次の記述のうち、建物の区分所有等に関する法律の考え方として最も適切なものはどれか。,一部滅失後、復旧の要否と建替え検討を区別させる。,2,一部滅失時には復旧の意思決定が問題となる / 建替えは別途の法定決議事項である / 復旧と建替えを無条件に同一視しない,1:共用部分が一部でも滅失したときは、区分所有者の意思にかかわらず当然に建替えをしなければならない。 / 2:共用部分の一部滅失後には、復旧を行うかどうかの決定が問題となり、建替えをするには別途、区分所有法上の要件を満たす決議が必要となる。 / 3:一部滅失については、理事長が単独で復旧方法を最終決定することができ、集会決議は不要である。 / 4:一部滅失後に建替えを検討する場合でも、区分所有法の規律は及ばず、民法の共有の規定だけで処理される。,,正解は2です。区分所有法では、共用部分が一部滅失した場合、まず復旧に関する意思決定が問題となりますが、建替えはこれとは別の重大な意思決定であり、法定の決議要件を満たす必要があります。したがって2が最も適切です。1、3、4はいずれも一部滅失後の法的処理を単純化し過ぎています。,https://www.japaneselawtranslation.go.jp/en/laws/view/4341/en,復旧と建替えを別の決議事項として整理できているか / 理事長単独決定のような過大な権限設定になっていないか / 一部滅失後にも区分所有法が適用される前提を崩していないか,条文数値の暗記問題ではなく、処理の筋道を問う形にした。
original,orig_set03,2,42,建築・設備,配管更新,combination,basic,設備改修実務 / 長期修繕計画の基礎,配管更新で問題になりやすい劣化診断と更新計画の基本を整理できるかを確認する。,drafting,checked,配管更新に関する次のアからエまでの記述のうち、適切なもののみの組合せはどれか。,劣化診断、部分更新、専有部分との取り合い、断水計画を問う。,4,更新時期は劣化状況や漏水履歴も踏まえて判断する / 更新工事では共用部分と専有部分との取り合いが問題になる / 工事中の断水・排水制限への対応計画が必要,1:アとイ / 2:イとウ / 3:アとエ / 4:ウとエ,ア:給水管や排水管の更新時期は、使用年数だけで一律に決まり、漏水履歴や劣化診断を考慮する必要はない。 / イ:共用縦管の更新工事であっても、専有部分内の取り合いは一切検討する必要がない。 / ウ:配管更新では、共用部分の工事であっても、専有部分内の接続部や復旧範囲を事前に整理することが重要である。 / エ:断水や排水制限を伴うことがあるため、工事工程や居住者への周知方法をあらかじめ計画することが望ましい。,正解は4です。ウとエが適切です。配管更新では、共用部分だけでなく専有部分との接続部の処理や復旧範囲を整理する必要がありますし、断水や排水制限を伴うことがあるため、工程や居住者周知も重要です。アは、更新時期の判断要素を使用年数だけに限定しており不適切です。イも、取り合いの検討を不要とする点で誤りです。,配管更新実務の基本論点,使用年数だけで更新時期を決める構成になっていないか / 共用部分工事と専有部分接続部の関係を落としていないか / 居住者周知の必要性が自然に表現できているか,数値よりも更新実務の判断ポイントを問う。
original,orig_set03,3,43,標準管理規約,役員の任務,combination,basic,マンション標準管理規約35条 / マンション標準管理規約37条,理事と監事の役割の違いを基本レベルで整理できるかを確認する。,drafting,checked,マンション標準管理規約による役員の任務に関する次のアからエまでの記述のうち、適切なもののみの組合せはどれか。,理事会運営と監査機能を対比する。,2,理事長は管理組合を代表し、業務を統括する / 監事は会計及び業務の執行状況を監査する / 監事は理事長の指揮監督下で業務執行を行うわけではない,1:アとイ / 2:アとウ / 3:イとエ / 4:ウとエ,ア:理事長は、管理組合を代表し、その業務を統括する。 / イ:監事は、理事長の指揮監督の下で、日常の管理組合業務を執行する役員である。 / ウ:監事は、管理組合の業務の執行状況及び財産の状況を監査する立場にある。 / エ:理事は、総会で選任されても、理事会に出席して意見を述べることはできない。,正解は2です。アとウが適切です。理事長は管理組合を代表して業務を統括し、監事は業務執行状況や財産状況を監査します。イは、監事を執行役員のように扱っており誤りです。エも、理事は理事会の構成員であるため不適切です。,https://www.mansion-info.mlit.go.jp/wp-content/uploads/2025/10/R7%E6%94%B9%E6%AD%A3%E7%89%88_%E6%A8%99%E6%BA%96%E7%AE%A1%E7%90%86%E8%A6%8F%E7%B4%84%EF%BC%8B%E3%82%B3%E3%83%A1%E3%83%B3%E3%83%88%EF%BC%88%E5%8D%98%E6%A3%9F%E5%9E%8B%EF%BC%89.pdf,理事長の代表権と業務統括を正しく表現しているか / 監事の監査機能を業務執行と混同していないか / 理事会構成員としての理事の地位を落としていないか,役員構成の入口論点。
original,orig_set03,4,44,民法・借地借家法,相続と債務承継,combination,basic,民法896条 / 民法915条,相続による権利義務の承継と、限定承認・相続放棄の基本を整理できるかを確認する。,drafting,checked,相続と債務承継に関する次のアからエまでの記述のうち、民法の規定によれば、正しいもののみの組合せはどれか。,包括承継と熟慮期間を問う。,3,相続人は被相続人の権利義務を包括承継する / 一身専属権は承継されない / 相続放棄や限定承認には熟慮期間がある,1:アとイ / 2:イとウ / 3:アとエ / 4:ウとエ,ア:相続人は、相続開始と同時に、被相続人の財産に属した権利義務を包括して承継するのが原則である。 / イ:相続放棄は、相続開始を知った時から1年以内であればいつでもすることができる。 / ウ:一身専属権であっても、相続人は必ずこれを承継する。 / エ:相続人は、自己のために相続の開始があったことを知った時から3か月以内に、限定承認又は相続放棄をするかどうかを選択するのが原則である。,正解は3です。アとエが正しいです。相続人は、原則として被相続人の権利義務を包括承継しますが、一身専属権は承継されません。また、限定承認又は相続放棄は、自己のために相続の開始があったことを知った時から3か月以内に行うのが原則です。したがってイとウは誤りです。,https://www.japaneselawtranslation.go.jp/en/laws/view/4848,包括承継の原則と一身専属権の例外が整理できているか / 熟慮期間を3か月としているか / 放棄と限定承認の関係が自然か,相続法の入口に絞った。
original,orig_set03,5,45,区分所有法,管理者,combination,standard,区分所有法25条 / 区分所有法26条,区分所有法上の管理者の選任と権限の基本を理解しているかを確認する。,drafting,checked,管理者に関する次のアからエまでの記述のうち、建物の区分所有等に関する法律の規定によれば、正しいもののみの組合せはどれか。,選任方法、代表権、保存行為を問う。,1,管理者は、規約又は集会の決議で選任される / 管理者は、共用部分等の保存行為をする義務・権限を有する / 管理者は区分所有者を代表して訴訟行為をすることがある,1:アとウ / 2:アとエ / 3:イとウ / 4:イとエ,ア:管理者は、規約により、又は集会の決議によって選任することができる。 / イ:管理者は、区分所有者全員の書面による同意がなければ選任することができない。 / ウ:管理者は、共用部分等を保存し、集会の決議を実行するなどの事務を行う。 / エ:管理者には、区分所有者を代表する権限は一切認められていない。,正解は1です。アとウが正しいです。区分所有法では、管理者は規約又は集会の決議によって選任することができ、共用部分等の保存や集会決議の実行などの事務を行います。イは選任要件を重くし過ぎており、エも管理者の代表機能を否定しているため誤りです。,https://www.japaneselawtranslation.go.jp/en/laws/view/4341/en,25条の選任方法が正しいか / 26条の保存行為・決議実行を落としていないか / 管理者の代表機能を完全否定していないか,管理者の条文構造をそのまま素直に問う設計。
original,orig_set03,6,46,建築・設備,容積率と延べ面積,single_choice,standard,建築基準法52条 / 建築基準法施行令2条,容積率の基本的な考え方を誤りなく押さえているかを確認する。,drafting,checked,容積率に関する次の記述のうち、最も適切なものはどれか。,延べ面積と敷地面積の関係を問う基本問題。,1,容積率は、延べ面積の敷地面積に対する割合である / 建築可能な規模をコントロールする基本指標である,1:容積率は、建築物の延べ面積の敷地面積に対する割合をいう。 / 2:容積率は、建築物の建築面積の敷地面積に対する割合をいう。 / 3:容積率は、階数だけで決まり、延べ面積は関係しない。 / 4:容積率は、専有部分の面積だけを用いて計算し、共用部分は一切考慮しない。,,正解は1です。容積率は、建築物の延べ面積の敷地面積に対する割合であり、建築物の規模を規制する代表的な指標です。2は建ぺい率の考え方と混同しています。3と4も容積率の基本的な考え方として誤りです。,https://elaws.e-gov.go.jp/document?lawid=325AC0000000201 / https://elaws.e-gov.go.jp/document?lawid=325CO0000000338,容積率と建ぺい率を取り違えていないか / 延べ面積と敷地面積の関係が正しいか / 専有部分だけで算定するような誤導になっていないか,建築基準法の基礎確認問題。
original,orig_set03,7,47,標準管理規約,議事録,single_choice,standard,マンション標準管理規約49条,総会議事録の作成・署名の基本を押さえているかを確認する。,drafting,checked,マンション標準管理規約による総会の議事録に関する次の記述のうち、最も適切なものはどれか。,議長、作成、署名を問う。,3,議長は議事録を作成する / 議事録には議長及び総会に出席した組合員のうち総会で選任された2名が署名する,1:総会の議事録は、管理会社が作成すれば足り、組合員の署名は不要である。 / 2:議事録には、出席した組合員全員が必ず署名しなければならない。 / 3:議長は議事録を作成し、これに議長及び総会に出席した組合員のうち総会で選任された2名が署名する。 / 4:議事録は、理事会で承認されるまでは作成してはならない。,,正解は3です。標準管理規約では、総会の議事録は議長が作成し、議長及び総会に出席した組合員のうち総会で選任された2名が署名する形が基本です。したがって3が最も適切です。1、2、4はいずれも議事録の作成又は署名のルールを誤っています。,https://www.mansion-info.mlit.go.jp/wp-content/uploads/2025/10/R7%E6%94%B9%E6%AD%A3%E7%89%88_%E6%A8%99%E6%BA%96%E7%AE%A1%E7%90%86%E8%A6%8F%E7%B4%84%EF%BC%8B%E3%82%B3%E3%83%A1%E3%83%B3%E3%83%88%EF%BC%88%E5%8D%98%E6%A3%9F%E5%9E%8B%EF%BC%89.pdf,作成者が議長になっているか / 署名者の人数と範囲が正しいか / 管理会社や理事会承認を必須にしていないか,実務で確認しやすい論点。
original,orig_set03,8,48,民法・借地借家法,同時履行の抗弁,single_choice,standard,民法533条,双務契約における同時履行の抗弁権の基本構造を理解しているかを確認する。,drafting,checked,同時履行の抗弁に関する次の記述のうち、民法の規定によれば、正しいものはどれか。,売買代金支払と引渡しを典型にする。,2,双務契約当事者は、相手方が債務の履行又は履行の提供をするまで、自己の債務の履行を拒める,1:同時履行の抗弁は、片務契約にしか認められない。 / 2:双務契約の当事者の一方は、相手方がその債務の履行又は履行の提供をするまでは、自己の債務の履行を拒むことができるのが原則である。 / 3:相手方が債務を履行しなくても、同時履行の抗弁を主張するには必ず損害の発生を要する。 / 4:同時履行の抗弁は、いったん契約が成立すれば、相手方の履行提供の有無にかかわらず無条件で認められる。,,正解は2です。民法533条は、双務契約の当事者の一方は、相手方がその債務の履行又は履行の提供をするまで、自己の債務の履行を拒むことができると定めています。したがって2が正しいです。1、3、4はいずれも同時履行の抗弁の要件又は趣旨を誤っています。,https://www.japaneselawtranslation.go.jp/en/laws/view/4848,双務契約が前提になっているか / 履行又は履行の提供の要件を落としていないか / 損害発生を不要な要件として追加していないか,基本条文そのままの理解を確認。
original,orig_set03,9,49,区分所有法,規約設定変更,precedent_fill,standard,区分所有法31条,規約変更が特定の区分所有者に不利益を及ぼす場合の追加要件を正確に押さえているかを確認する。,drafting,checked,建物の区分所有等に関する法律によれば、規約の設定、変更又は廃止が一部の区分所有者の権利に[　]を及ぼすべきときは、その承諾を得なければならない。この[　]に当てはまる語句として正しいものはどれか。,区分所有法31条後段のキーワードを問う。,4,一部の区分所有者の権利に特別の影響を及ぼすときは承諾が必要,1:重大な管理費負担 / 2:共同生活上の支障 / 3:合理的な不都合 / 4:特別の影響,,正解は4です。区分所有法31条1項後段では、規約の設定、変更又は廃止が一部の区分所有者の権利に特別の影響を及ぼすべきときは、その承諾を得なければならないとされています。したがって空欄には『特別の影響』が入ります。,https://www.japaneselawtranslation.go.jp/en/laws/view/4341/en,31条後段の条文文言を正しく使っているか / 別論点の文言と混同していないか,問39と関連するが、こちらは文言確認に絞った。
original,orig_set03,10,50,建築・設備,非常用照明,case_based,standard,建築基準法施行令126条の4 / 避難安全上の設備基礎,非常用照明の役割と計画上の基本を理解しているかを確認する。,drafting,checked,共用廊下と階段を有するマンションで、停電時の避難安全性を高めるための設備計画を検討している。この場合の非常用照明に関する次の記述のうち、最も適切なものはどれか。,停電時の避難行動と照明確保を問う。,2,非常用照明は停電時に避難上必要な照明を確保する設備 / 避難経路の安全確保という目的を押さえることが重要,1:非常用照明は、美観を高めるための補助照明であり、停電時の避難安全とは関係がない。 / 2:非常用照明は、停電時に避難経路の安全を確保するために必要な照明を確保する設備である。 / 3:非常用照明は、通常時の照明が十分であれば、停電対策として設ける必要はない。 / 4:非常用照明は、火災時の消火活動専用設備であり、避難時の歩行補助には用いない。,,正解は2です。非常用照明は、停電時においても避難経路の安全を確保し、歩行や避難行動に必要な照明を維持するための設備です。したがって2が最も適切です。1、3、4はいずれも非常用照明の役割を誤って理解しています。,https://elaws.e-gov.go.jp/document?lawid=325CO0000000338,停電時の避難安全確保という目的が明確か / 通常照明と非常用照明の役割を混同していないか / 消火活動専用設備のような誤解を残していないか,法令数値ではなく役割理解に寄せた。
original,orig_set03,11,51,標準管理規約,長期修繕計画,case_based,standard,マンション標準管理規約48条 / 長期修繕計画作成ガイドライン,長期修繕計画が固定的な書類ではなく、見直しを前提とする管理資料であることを理解しているかを確認する。,drafting,checked,築15年のマンションで、過去に作成した長期修繕計画と実際の工事実績とのずれが大きくなってきたため、管理組合が見直しを検討している。この場合に関する次の記述のうち、最も適切なものはどれか。,劣化状況、工事実績、物価変動を踏まえた見直しを問う。,3,長期修繕計画は定期的な見直しが望ましい / 工事実績、劣化状況、物価変動等を反映する必要がある / 修繕積立金計画との連動が重要,1:長期修繕計画は一度作成すれば足り、その後の劣化状況や工事実績を反映する必要はない。 / 2:長期修繕計画は、理事長個人の判断で秘密に保管し、組合員に示さないのが適切である。 / 3:長期修繕計画は、劣化状況、工事実績、物価変動等を踏まえて定期的に見直すことが望ましい。 / 4:長期修繕計画と修繕積立金の見通しは無関係であるため、別々に検討すればよい。,,正解は3です。長期修繕計画は、建物・設備の劣化状況や工事実績、物価変動などを踏まえ、定期的に見直していくことが重要です。したがって3が最も適切です。1、2、4はいずれも長期修繕計画の実務上の位置づけを誤っています。,https://www.mansion-info.mlit.go.jp/wp-content/uploads/2025/10/R7%E6%94%B9%E6%AD%A3%E7%89%88_%E6%A8%99%E6%BA%96%E7%AE%A1%E7%90%86%E8%A6%8F%E7%B4%84%EF%BC%8B%E3%82%B3%E3%83%A1%E3%83%B3%E3%83%88%EF%BC%88%E5%8D%98%E6%A3%9F%E5%9E%8B%EF%BC%89.pdf / https://www.mlit.go.jp/jutakukentiku/house/content/001884488.pdf,定期見直しの考え方が入っているか / 劣化状況・工事実績・物価変動の反映を落としていないか / 修繕積立金計画との関係を切っていないか,管理実務に直結する形にした。
original,orig_set03,12,52,民法・借地借家法,履行遅滞と解除,case_based,standard,民法541条 / 民法542条,催告解除と無催告解除の基本的な区別を理解しているかを確認する。,drafting,checked,売買契約において、売主が目的物の引渡しを約束した期日を過ぎても履行しないため、買主が契約の解除を検討している。この場合に関する次の記述のうち、民法の規定によれば、最も適切なものはどれか。,履行遅滞時の催告解除を中心にする。,1,履行遅滞がある場合、相当の期間を定めて催告し、その期間内に履行がなければ解除できるのが原則 / 一定の場合には無催告解除もあるが、常に認められるわけではない,1:買主は、原則として相当の期間を定めて履行を催告し、その期間内に履行がなければ契約を解除することができる。 / 2:履行期を1日でも過ぎれば、常に催告なく直ちに解除することができる。 / 3:履行遅滞があっても、解除するには相手方の同意がなければならない。 / 4:売主が履行遅滞に陥っていても、損害賠償請求はできるが解除は一切できない。,,正解は1です。民法541条では、債務不履行がある場合、原則として相当の期間を定めて履行を催告し、その期間内に履行がなければ契約を解除できるとされています。したがって1が正しいです。2は無催告解除を一般化し過ぎており、3と4も誤りです。,https://www.japaneselawtranslation.go.jp/en/laws/view/4848,催告解除を原則として置けているか / 無催告解除を常時可能としていないか / 解除と損害賠償の関係を誤っていないか,管理業務主任者向けに、解除の入口論点へ絞った。
original,orig_set03,13,53,区分所有法,占有者の地位,single_choice,standard,区分所有法6条3項 / 区分所有法57条4項,占有者にも共同利益義務が及ぶことを押さえているかを確認する。,drafting,checked,区分所有建物の占有者の地位に関する次の記述のうち、建物の区分所有等に関する法律の規定によれば、正しいものはどれか。,賃借人など占有者にも及ぶ義務と是正請求を問う。,4,占有者は、共同の利益に反する行為をしてはならない / 必要に応じて占有者に対する請求もあり得る,1:占有者は区分所有者ではないから、共同の利益に反する行為をしても区分所有法上の規律は及ばない。 / 2:占有者は、区分所有者の承諾があれば、他の区分所有者に重大な迷惑を及ぼす行為も自由に行うことができる。 / 3:占有者に対しては、共同生活上の障害があっても、区分所有法に基づく是正請求をすることは一切できない。 / 4:占有者も、建物の保存に有害な行為その他共同の利益に反する行為をしてはならず、一定の場合には区分所有法に基づく請求の対象となり得る。,,正解は4です。区分所有法では、占有者も建物の保存に有害な行為その他共同の利益に反する行為をしてはならないとされており、必要に応じて占有者に対する請求も認められます。したがって4が正しいです。1から3は、占有者にも及ぶ規律を否定しており誤りです。,https://www.japaneselawtranslation.go.jp/en/laws/view/4341/en,6条3項の占有者義務が反映されているか / 57条4項の請求対象性を否定していないか / 占有者を完全に自由な立場にしていないか,賃借人トラブルとの接続がしやすい論点。
original,orig_set03,14,54,建築・設備,給排水衛生設備,comparison_table,standard,建築設備基礎,給排水衛生設備の基本用語と役割の対応を整理できるかを確認する。,drafting,checked,給排水衛生設備に関する次の対応関係のうち、最も適切なものはどれか。,トラップ、通気管、受水槽、排水ますの役割を対比する。,1,トラップは封水により下水臭や害虫の侵入を防ぐ / 通気管は通気を確保して封水破壊を防ぐ,1:トラップ - 封水によって下水臭や害虫の侵入を防止する / 2:通気管 - 排水の流れを完全に遮断して封水を守る / 3:受水槽 - 排水の臭気を屋外へ逃がすための設備である / 4:排水ます - 上水を一時貯留して各戸へ加圧送水する設備である,,正解は1です。トラップは封水を利用して下水臭や害虫の侵入を防止する設備であり、1が正しいです。2は通気管の機能を逆にしており、通気管は空気の流れを確保して封水破壊を防ぎます。3と4も設備の役割を取り違えています。,建築設備実務の基本論点,トラップの機能説明が正しいか / 通気管の役割を逆にしていないか / 給水設備と排水設備の混同がないか,設備の基礎用語確認。
original,orig_set03,15,55,標準管理規約,滞納管理費対応,combination,standard,マンション標準管理規約60条 / 区分所有法7条,管理費等滞納への基本対応を段階的に整理できるかを確認する。,drafting,checked,管理費等の滞納に対する管理組合の対応に関する次のアからエまでの記述のうち、適切なもののみの組合せはどれか。,督促、法的措置、一切放置という誤答を対比する。,1,滞納には督促、支払請求、法的措置など段階的対応があり得る / 管理組合は回収を放棄すべきではない / 必要に応じて区分所有法上の先取特権等も問題となる,1:アとウ / 2:アとエ / 3:イとウ / 4:イとエ,ア:管理費等が滞納された場合、管理組合は、督促や支払請求その他必要な回収措置を検討することになる。 / イ:滞納管理費等は、区分所有者の私的債務であるから、管理組合は一切請求してはならない。 / ウ:必要に応じて、管理組合が法的手続を利用して回収を図ることはあり得る。 / エ:滞納があっても、管理組合は時効完成まで放置するのが原則である。,正解は1です。アとウが適切です。管理費等の滞納に対しては、まず督促等を行い、必要に応じて法的手続による回収も検討します。イは管理組合の請求権を否定しており誤りで、エも滞納を放置する考え方で不適切です。,https://www.mansion-info.mlit.go.jp/wp-content/uploads/2025/10/R7%E6%94%B9%E6%AD%A3%E7%89%88_%E6%A8%99%E6%BA%96%E7%AE%A1%E7%90%86%E8%A6%8F%E7%B4%84%EF%BC%8B%E3%82%B3%E3%83%A1%E3%83%B3%E3%83%88%EF%BC%88%E5%8D%98%E6%A3%9F%E5%9E%8B%EF%BC%89.pdf / https://www.japaneselawtranslation.go.jp/en/laws/view/4341/en,督促や法的措置の流れが自然か / 管理組合の請求権を否定していないか / 先取特権等の存在と矛盾しないか,細かな執行手段までは踏み込まず、基本対応を問う。
original,orig_set03,16,56,民法・借地借家法,無断転貸,count,standard,民法612条,賃借権の譲渡・転貸の基本ルールを整理できるかを確認する。,drafting,checked,賃借権の譲渡及び賃借物の転貸に関する次のアからエまでの記述のうち、民法の規定によれば、正しいものはいくつあるか。,承諾の要否と無断転貸の効果を問う。,2,賃借人は賃貸人の承諾を得なければ賃借権を譲渡し、又は賃借物を転貸できない / 無断で譲渡・転貸したときは賃貸人は契約解除をすることができる,1:一つ / 2:二つ / 3:三つ / 4:四つ,ア:賃借人は、賃貸人の承諾を得なければ、その賃借権を譲り渡すことができない。 / イ:賃借人は、賃貸人の承諾を得なければ、賃借物を転貸することができない。 / ウ:賃借人が無断で賃借物を転貸しても、賃貸人は契約を解除することができない。 / エ:賃借権の譲渡や転貸は、口頭であれば常に自由に行うことができる。,正解は2です。正しいのはアとイの二つです。民法612条により、賃借人は賃貸人の承諾を得なければ、賃借権の譲渡や賃借物の転貸をすることができません。また、無断で譲渡又は転貸したときは、賃貸人は契約を解除することができます。したがってウとエは誤りです。,https://www.japaneselawtranslation.go.jp/en/laws/view/4848,612条1項と2項の基本が維持されているか / 個数問題として正答が二つで一意か / 承諾不要とする誤導が強過ぎないか,判例上の背信則論は持ち込まず、まず条文基本を問う。
original,orig_set03,17,57,区分所有法,団地関係,case_based,advanced,区分所有法65条 / 区分所有法66条,複数棟からなる団地における共用施設管理の考え方を理解しているかを確認する。,drafting,checked,同一敷地内に複数棟の区分所有建物があり、集会所や団地内通路などを全棟で共用している。この場合に関する次の記述のうち、建物の区分所有等に関する法律の考え方として最も適切なものはどれか。,団地管理組合と共用施設管理の基本構造を問う。,3,団地内の土地又は附属施設が複数棟の所有者の共有に属する場合、団地管理の規律が問題となる / 全棟共通の利害に関する事項は団地全体で処理されることがある,1:複数棟で共用する施設があっても、各棟の区分所有者は他棟との共同管理を一切行うことができない。 / 2:団地内通路や集会所が全棟の共有に属していても、各棟の理事長が個別に自由に処分を決めれば足りる。 / 3:複数棟の区分所有者が共有する団地内施設については、団地関係の規律の下で、全棟共通の利害に関する事項を処理することがある。 / 4:団地関係では、各棟に共用部分がある限り、区分所有法は適用されず、常に民法の共有規定のみで処理される。,,正解は3です。区分所有法では、同一敷地内の複数棟について、土地又は附属施設が区分所有者の共有に属する場合などに団地関係の規律が問題となります。その場合、団地全体に共通する利害に関する事項を全棟で処理することがあります。したがって3が最も適切です。1、2、4はいずれも団地管理の基本構造を誤っています。,https://www.japaneselawtranslation.go.jp/en/laws/view/4341/en,65条以下の団地関係の趣旨から外れていないか / 全棟共通施設を各棟だけで自由処分できる構成になっていないか / 団地規律を民法共有だけへ還元していないか,細かな数値より、団地管理の枠組み理解を優先。
original,orig_set03,18,58,建築・設備,換気設備,combination,advanced,建築設備基礎 / 住宅換気の基本,換気の役割を、室内空気質と結露防止の観点から整理できるかを確認する。,drafting,checked,換気設備に関する次のアからエまでの記述のうち、適切なもののみの組合せはどれか。,給気・排気、湿気排出、換気経路を問う。,2,換気は汚染物質や湿気の排出に役立つ / 給気と排気の経路を意識する必要がある / 換気不足は結露や空気質低下につながる,1:アとイ / 2:アとウ / 3:イとエ / 4:ウとエ,ア:換気は、室内の湿気や汚染物質の排出に役立ち、結露防止にも関係する。 / イ:気密性の高い住戸では、換気設備を停止した方が結露防止に有効である。 / ウ:換気計画では、排気だけでなく、外気の取り入れ経路も考慮する必要がある。 / エ:換気設備は臭気対策だけの設備であり、室内空気質や湿度管理とは関係がない。,正解は2です。アとウが適切です。換気は室内の湿気や汚染物質の排出に役立ち、結露防止や室内空気質の維持にも関係します。また、換気計画では排気だけでなく給気経路も重要です。イとエは、換気設備の役割を誤って理解しています。,https://www.mlit.go.jp/jutakukentiku/build/jutakukentiku_house_fr_000108.html,換気の役割を臭気対策だけに限定していないか / 換気停止を結露対策にしていないか / 給気経路の考え方を落としていないか,問34の結露対策と重ならないよう、換気側へ寄せた。
original,orig_set03,19,59,標準管理規約,駐車場使用細則,single_choice,advanced,マンション標準管理規約15条 / マンション標準管理規約18条,駐車場の専用使用関係と使用細則の位置づけを整理できるかを確認する。,drafting,checked,マンションの駐車場使用細則に関する次の記述のうち、マンション標準管理規約の考え方として最も適切なものはどれか。,共用部分としての駐車場、専用使用、使用料を問う。,4,駐車場は共用部分等の一部について特定の組合員に使用を認める形があり得る / 使用方法や使用料は細則で定められることがある / 理事長個人の恣意ではなく規約・細則の枠内で運用する,1:駐車場が共用部分である場合、特定の組合員に専用使用を認める細則を定めることは一切できない。 / 2:駐車場の使用料は、理事長がその都度自由に決めれば足り、細則で定める必要はない。 / 3:駐車場使用細則は、総会や規約と無関係に、管理会社が単独で制定するのが原則である。 / 4:駐車場について特定の組合員に使用を認める場合には、使用方法や使用料などを細則で定めて運用することがある。,,正解は4です。マンション標準管理規約では、駐車場など共用部分等の一部について特定の組合員に使用を認める運用があり、その使用方法や使用料等は細則で定めることがあります。したがって4が最も適切です。1、2、3はいずれも標準管理規約の運用を誤っています。,https://www.mansion-info.mlit.go.jp/wp-content/uploads/2025/10/R7%E6%94%B9%E6%AD%A3%E7%89%88_%E6%A8%99%E6%BA%96%E7%AE%A1%E7%90%86%E8%A6%8F%E7%B4%84%EF%BC%8B%E3%82%B3%E3%83%A1%E3%83%B3%E3%83%88%EF%BC%88%E5%8D%98%E6%A3%9F%E5%9E%8B%EF%BC%89.pdf,駐車場の専用使用と細則運用の関係が自然か / 理事長や管理会社の単独決定としていないか / 使用料設定が細則と無関係になっていないか,駐車場利用細則の基本的な位置づけに留めた。
original,orig_set03,20,60,民法・借地借家法,時効と承認,combination,advanced,民法152条 / 民法156条,催告と承認による時効への影響を区別して理解しているかを確認する。,drafting,checked,時効と承認に関する次のアからエまでの記述のうち、民法の規定によれば、正しいもののみの組合せはどれか。,催告による完成猶予と承認による更新を対比する。,3,催告は一定期間、時効の完成猶予効を生じさせる / 承認があると時効は更新する / 単なる請求と承認の効果を混同しない,1:アとイ / 2:イとウ / 3:アとエ / 4:ウとエ,ア:催告があったときは、その時から6か月を経過するまでの間、時効の完成は猶予される。 / イ:催告があれば、その後に何の手続をとらなくても、時効は当然に更新する。 / ウ:承認があっても、時効は更新しない。 / エ:権利について承認があったときは、時効は更新する。,正解は3です。アとエが正しいです。民法152条1項により、催告があると、その時から6か月を経過するまでの間、時効の完成は猶予されます。他方、承認があったときは、民法156条により時効が更新します。したがってイとウは誤りです。,https://www.japaneselawtranslation.go.jp/en/laws/view/4848,催告の効果を完成猶予としているか / 承認の効果を更新としているか / 旧法の中断概念と混同していないか,改正民法後の用語で統一した。
original,orig_set04,1,61,会計・税務,前受金と預り金,accounting_table,basic,管理組合会計の基本 / 発生主義・負債計上の基礎,前受金と預り金の違いを、収益帰属前か第三者に返還すべき金銭かで整理できるかを確認する。,drafting,checked,管理組合会計における前受金と預り金に関する次の記述のうち、最も適切なものはどれか。,翌期分管理費の受領と、外部へ引き渡すべき金銭を対比する。,2,前受金は将来の期間に対応する収益等に先立って受け取った金銭 / 預り金は後日第三者等に渡すべき金銭を一時的に受け入れたもの,1:前受金は、後日第三者へそのまま引き渡すべき金銭を一時的に受け入れたものである。 / 2:預り金は、管理組合が一時的に受け入れた金銭で、後日第三者等に支払う性質のものをいう。 / 3:翌年度分の管理費を先に受け取った場合は、直ちに当年度の収益として処理するのが原則である。 / 4:前受金も預り金も、受け取った時点で必ず修繕積立金として処理する。,,正解は2です。預り金は、管理組合が一時的に受け入れ、後日第三者等に支払う性質の金銭を処理する勘定科目です。他方、翌年度分の管理費のように、将来の期間に対応するものを先に受け取った場合は前受金として処理するのが基本です。したがって1、3、4は誤りです。,管理組合会計の基本論点,前受金と預り金を逆転させていないか / 翌期分収入を当期収益へ直入れしていないか / 会計科目の使い分けが自然か,会計初歩として解きやすい構成にした。
original,orig_set04,2,62,区分所有法,復旧決議,combination,basic,区分所有法61条,一部滅失後の復旧決議について、集会決議で扱う対象であることを理解しているかを確認する。,drafting,checked,共用部分の一部滅失後の復旧に関する次のアからエまでの記述のうち、適切なもののみの組合せはどれか。,復旧の必要性判断、集会関与、建替えとの区別を問う。,1,共用部分の一部滅失後には復旧が問題となる / 復旧の可否や内容は区分所有者の意思決定に関わる / 建替えと同一視しない,1:アとウ / 2:アとエ / 3:イとウ / 4:イとエ,ア:共用部分が一部滅失したときは、その復旧をするかどうかが区分所有者の意思決定事項となる。 / イ:一部滅失後の復旧は、理事長が単独で決定すべき事項であり、集会の関与は不要である。 / ウ:一部滅失後に建物をどう扱うかについては、復旧と建替えとを区別して考える必要がある。 / エ:共用部分が一部滅失した場合は、必ず建替え決議に移行し、復旧の問題は生じない。,正解は1です。アとウが適切です。共用部分が一部滅失した場合には、その復旧をするかどうかが区分所有者の意思決定事項となり、復旧と建替えは区別して考える必要があります。イとエは、一部滅失後の法的処理を単純化し過ぎています。,https://www.japaneselawtranslation.go.jp/en/laws/view/4341/en,復旧決議を理事長単独決定にしていないか / 建替えとの区別が維持されているか / 一部滅失後の処理として自然か,問41と関連するが、こちらは復旧決議側に焦点を当てた。
original,orig_set04,3,63,建築・設備,駐車場設備,single_choice,basic,駐車場設備実務,機械式駐車場の維持管理において定期点検が重要であることを押さえているかを確認する。,drafting,checked,マンションの駐車場設備に関する次の記述のうち、最も適切なものはどれか。,機械式駐車設備の点検と安全確保を問う。,3,機械式駐車設備は安全確保のため定期点検と保守が重要 / 可動設備である以上、放置管理は不適切,1:機械式駐車設備は、一度設置すれば、その後の保守点検を行う必要はほとんどない。 / 2:駐車場設備の安全管理は、利用者の自己責任で足り、管理組合が関与する余地はない。 / 3:機械式駐車設備では、事故防止や機能維持のため、定期点検や計画的な保守を行うことが重要である。 / 4:駐車場設備の老朽化対策は、車路清掃だけで足り、機械部分の更新は考慮しなくてよい。,,正解は3です。機械式駐車設備は可動設備であり、事故防止や性能維持のために定期点検や計画的な保守が重要です。したがって3が最も適切です。1、2、4はいずれも駐車場設備の維持管理の必要性を軽視しています。,駐車場設備実務の基本論点,定期点検の必要性が明確か / 管理組合の関与を否定していないか / 可動設備としての特徴を落としていないか,駐車場設備の基本的な管理感覚を問う。
original,orig_set04,4,64,標準管理規約,専用使用権,case_based,basic,マンション標準管理規約14条 / マンション標準管理規約15条,バルコニーや専用庭などの専用使用部分が共用部分等を前提とすることを整理できるかを確認する。,drafting,checked,1階住戸の区分所有者が、専用庭について『専有部分と同じだから自由に増築できる』と主張している。この場合に関する次の記述のうち、マンション標準管理規約の考え方として最も適切なものはどれか。,専用使用部分と専有部分の違いを問う。,2,専用使用権は、共用部分等の一部について特定の組合員に使用を認めるもの / 専有部分と同一ではなく、規約・使用細則の制約を受ける,1:専用庭は専有部分と同じであるから、区分所有者は管理組合の関与なく自由に増築できる。 / 2:専用庭のような専用使用部分は、共用部分等について特定の組合員に使用を認めるものであり、規約や細則による制約を受ける。 / 3:専用使用権が設定された部分は、管理組合の共用部分管理の対象から外れる。 / 4:専用使用権は、標準管理規約では一切認められていない。,,正解は2です。専用庭やバルコニーなどの専用使用部分は、共用部分等の一部について特定の組合員に使用を認めるものであり、専有部分そのものではありません。したがって、規約や使用細則による制約を受けます。1、3、4はいずれも専用使用権の性質を誤っています。,https://www.mansion-info.mlit.go.jp/wp-content/uploads/2025/10/R7%E6%94%B9%E6%AD%A3%E7%89%88_%E6%A8%99%E6%BA%96%E7%AE%A1%E7%90%86%E8%A6%8F%E7%B4%84%EF%BC%8B%E3%82%B3%E3%83%A1%E3%83%B3%E3%83%88%EF%BC%88%E5%8D%98%E6%A3%9F%E5%9E%8B%EF%BC%89.pdf,専用使用部分と専有部分を混同していないか / 規約・細則の制約を落としていないか / 共用管理対象から外していないか,専用庭事例でわかりやすくした。
original,orig_set04,5,65,民法・借地借家法,定期建物賃貸借,single_choice,basic,借地借家法38条,定期建物賃貸借に書面等の方式が必要であることを押さえているかを確認する。,drafting,checked,定期建物賃貸借に関する次の記述のうち、借地借家法の規定によれば、正しいものはどれか。,期間満了終了と書面要件を問う。,4,定期建物賃貸借は公正証書等の書面によって契約する / 期間満了により更新なく終了する制度,1:定期建物賃貸借は、口頭でも成立し、更新がない旨の定めは不要である。 / 2:定期建物賃貸借では、期間満了後も当然に法定更新される。 / 3:定期建物賃貸借は、居住用建物には利用できない。 / 4:定期建物賃貸借は、更新がないこととする建物賃貸借であり、公正証書等の書面によって契約する。,,正解は4です。借地借家法38条により、定期建物賃貸借は、更新がないこととする建物賃貸借であり、公正証書等の書面によって契約する必要があります。したがって4が正しいです。1、2、3はいずれも制度の基本を誤っています。,https://www.japaneselawtranslation.go.jp/en/laws/view/4846,書面要件を落としていないか / 更新がない制度として表現できているか / 居住用建物を排除していないか,定期建物賃貸借の基礎問題。
original,orig_set04,6,66,会計・税務,未払金と前払費用,single_choice,standard,管理組合会計の基本 / 経過勘定の基礎,未払金と前払費用の違いを、費用発生時点と支払時点のずれから整理できるかを確認する。,drafting,checked,未払金と前払費用に関する次の記述のうち、最も適切なものはどれか。,既に発生した費用の未払いと、まだ提供を受けていない役務への支払いを対比する。,1,未払金は既に発生した債務で未払いのもの / 前払費用は将来の役務提供等に先立って支払ったもの,1:未払金は、既に発生している債務であるが、まだ支払っていない金額をいう。 / 2:前払費用は、既に提供を受けた役務に対して未払いとなっている金額をいう。 / 3:保険料を翌年度分までまとめて前払いした場合は、全額を当年度費用とするのが原則である。 / 4:未払金も前払費用も、負債ではなく固定資産として処理する。,,正解は1です。未払金は、既に発生している債務で、まだ支払っていないものをいいます。前払費用は、将来の期間に対応する役務提供等に先立って支払ったものです。したがって2、3、4は誤りです。,管理組合会計の基本論点,未払金と前払費用を逆転させていないか / 前払保険料等を全額当期費用にしていないか / 資産・負債区分の誤りがないか,会計の基本勘定整理。
original,orig_set04,7,67,区分所有法,競売請求,precedent_fill,standard,区分所有法59条,共同利益違反に対する最終的措置としての競売請求の位置づけを押さえているかを確認する。,drafting,checked,建物の区分所有等に関する法律によれば、共同生活上の障害が著しく、他の方法によってはその障害を除去して共用部分の利用の確保その他の共同生活の維持を図ることが困難であるときは、集会の決議に基づき、その区分所有権及び敷地利用権の[　]を請求することができる。この[　]に当てはまるものとして正しいものはどれか。,59条のキーワード確認。,3,59条は区分所有権等の競売請求を定める,1:明渡し / 2:収用 / 3:競売 / 4:交換,,正解は3です。区分所有法59条は、一定の場合に、集会の決議に基づいて区分所有権及び敷地利用権の競売を請求できる旨を定めています。したがって空欄には『競売』が入ります。,https://www.japaneselawtranslation.go.jp/en/laws/view/4341/en,59条の文言を取り違えていないか / 使用禁止請求や明渡請求と混同していないか,高度論点だが、まずは語句確認に留めた。
original,orig_set04,8,68,建築・設備,コンクリート中性化,case_based,standard,建築材料の基礎 / 長寿命化修繕実務,コンクリート中性化が鉄筋腐食リスクにつながることを理解しているかを確認する。,drafting,checked,築年数の経過したマンションの外壁調査で、『コンクリートの中性化が進行している可能性がある』との指摘を受けた。この場合に関する次の記述のうち、最も適切なものはどれか。,中性化と鉄筋腐食リスクの関係を問う。,2,中性化が進むと鉄筋の防錆環境が失われ、腐食しやすくなる / ひび割れや剥落等につながることがある,1:コンクリートの中性化は、コンクリート強度が必ず直ちにゼロになる現象である。 / 2:コンクリートの中性化が進むと、鉄筋の腐食が生じやすくなり、耐久性上の問題につながることがある。 / 3:中性化は仕上塗材の色むらだけの問題であり、構造耐久性には関係しない。 / 4:中性化対策としては、換気設備を停止するのが最も有効である。,,正解は2です。コンクリートの中性化が進むと、鉄筋周囲のアルカリ性環境が失われ、鉄筋腐食が生じやすくなります。その結果、ひび割れや剥落などの耐久性上の問題につながることがあります。1、3、4はいずれも中性化の理解として不適切です。,建築材料の基本論点,中性化と鉄筋腐食の関係が正しいか / 仕上げだけの問題として矮小化していないか / 無関係な設備対策を正答にしていないか,外壁診断と結びつきやすいようにした。
original,orig_set04,9,69,標準管理規約,管理組合会計,combination,standard,マンション標準管理規約27条 / マンション標準管理規約28条 / マンション標準管理規約63条,管理費会計と修繕積立金会計の区別、予算・決算管理の基本を整理できるかを確認する。,drafting,checked,管理組合会計に関する次のアからエまでの記述のうち、マンション標準管理規約の考え方として適切なもののみの組合せはどれか。,管理費会計と修繕積立金会計、総会承認事項を対比する。,4,管理費と修繕積立金は使途が異なる / 会計報告は管理組合運営上重要 / 収支予算・決算は総会との関係が深い,1:アとイ / 2:イとウ / 3:アとエ / 4:ウとエ,ア:管理費会計からは、大規模修繕工事に要する費用を支出するのが原則である。 / イ:修繕積立金は、共用部分の電気料や管理員人件費など、日常の経常費用に充てるのが原則である。 / ウ:管理費と修繕積立金は、その使途の違いを踏まえて区別して管理することが重要である。 / エ:管理組合の会計では、収支予算や決算報告が管理組合運営上の重要事項となる。,正解は4です。ウとエが適切です。管理費と修繕積立金は使途が異なるため、区別して管理することが重要です。また、収支予算や決算報告は管理組合運営上の重要事項です。アとイは、管理費と修繕積立金の使途を逆にしており誤りです。,https://www.mansion-info.mlit.go.jp/wp-content/uploads/2025/10/R7%E6%94%B9%E6%AD%A3%E7%89%88_%E6%A8%99%E6%BA%96%E7%AE%A1%E7%90%86%E8%A6%8F%E7%B4%84%EF%BC%8B%E3%82%B3%E3%83%A1%E3%83%B3%E3%83%88%EF%BC%88%E5%8D%98%E6%A3%9F%E5%9E%8B%EF%BC%89.pdf,管理費と修繕積立金の使途を逆転させていないか / 会計報告の重要性を落としていないか / 総会との関係を不自然に切っていないか,標準管理規約と会計基礎の橋渡し。
original,orig_set04,10,70,民法・借地借家法,危険負担,case_based,standard,民法536条,債権者の責めに帰すべき事由によらない不能時の反対給付の帰趨を基本レベルで押さえているかを確認する。,drafting,checked,売買契約締結後、売主の責めに帰すべき事由によらず、目的物が引渡前に滅失した場合の代金支払義務に関する次の記述のうち、民法の規定によれば、最も適切なものはどれか。,危険負担の基本効果を問う。,3,債務者の責めに帰すべき事由によらない不能では、反対給付を受ける権利を失うのが原則,1:買主は、目的物が滅失しても、常に全額の代金を支払わなければならない。 / 2:売主は、目的物が滅失したときでも、反対給付である代金を受ける権利を当然に保持する。 / 3:売主が自己の責めに帰すべき事由によらず履行をすることができなくなったときは、反対給付を受ける権利を失うのが原則である。 / 4:危険負担の問題は、民法では廃止されているため、履行不能と代金支払義務の関係は一切問題とならない。,,正解は3です。民法536条1項により、当事者双方の責めに帰することができない事由によって債務を履行することができなくなったときは、債務者は反対給付を受ける権利を失うのが原則です。したがって3が最も適切です。1、2、4はいずれもこの基本ルールと合いません。,https://www.japaneselawtranslation.go.jp/en/laws/view/4848,536条1項の方向を逆にしていないか / 危険負担論点を消していないか / 反対給付を受ける権利喪失の説明が自然か,改正民法後の基本形で統一した。
original,orig_set04,11,71,会計・税務,会計区分,comparison_table,standard,標準管理規約の会計区分 / 管理組合会計の基本,一般会計と修繕積立金会計の区分管理の意味を整理できるかを確認する。,drafting,checked,管理組合の会計区分に関する次の記述のうち、最も適切なものはどれか。,一般会計と修繕積立金会計の区分経理を問う。,4,日常管理費用と計画修繕費用は性質が異なる / そのため会計区分を分けて管理することに意味がある,1:管理組合会計では、一般会計と修繕積立金会計を区別する必要はなく、全て一つの現金出納簿で足りる。 / 2:修繕積立金会計は、管理員人件費や共用部分の電気料などの日常費用を支出するための会計である。 / 3:一般会計から大規模修繕費を常時支出するのが原則であり、会計区分に実質的な意味はない。 / 4:日常管理に要する費用と計画修繕等に要する費用とは性質が異なるため、会計区分を分けて管理することに意義がある。,,正解は4です。管理組合では、日常管理に要する費用と計画修繕等に要する費用とで資金の性質が異なるため、一般会計と修繕積立金会計を区分して管理することに意味があります。したがって4が最も適切です。1、2、3はいずれも会計区分の趣旨を誤っています。,管理組合会計の基本論点 / https://www.mansion-info.mlit.go.jp/wp-content/uploads/2025/10/R7%E6%94%B9%E6%AD%A3%E7%89%88_%E6%A8%99%E6%BA%96%E7%AE%A1%E7%90%86%E8%A6%8F%E7%B4%84%EF%BC%8B%E3%82%B3%E3%83%A1%E3%83%B3%E3%83%88%EF%BC%88%E5%8D%98%E6%A3%9F%E5%9E%8B%EF%BC%89.pdf,一般会計と修繕積立金会計の役割を逆転させていないか / 区分経理の必要性が表現できているか / 日常費用と計画修繕費用の性質差が自然か,問69より一段抽象化して、会計区分そのものを問うた。
original,orig_set04,12,72,区分所有法,使用禁止請求,single_choice,standard,区分所有法58条,共同利益違反に対する使用禁止請求の位置づけを差止めや競売請求と区別できるかを確認する。,drafting,checked,共同生活上の障害が著しい区分所有者に対する使用禁止請求に関する次の記述のうち、建物の区分所有等に関する法律の規定によれば、正しいものはどれか。,著しい障害があり、必要時に専有部分の使用禁止を求める場面。,2,共同利益違反があり、共同生活上の障害が著しいとき、専有部分の使用禁止請求が問題となる / 集会決議に基づき裁判上の請求をする構造,1:使用禁止請求は、理事長が単独で口頭通知をすれば直ちに効力を生じ、裁判手続は不要である。 / 2:共同生活上の障害が著しいときは、集会の決議に基づき、専有部分の使用禁止を裁判上請求することがある。 / 3:使用禁止請求は、区分所有権そのものを当然に失わせる請求である。 / 4:使用禁止請求は、占有者にしか行えず、区分所有者本人には行えない。,,正解は2です。区分所有法58条は、共同生活上の障害が著しい場合に、集会の決議に基づいて専有部分の使用禁止を裁判上請求できる場合があることを定めています。したがって2が正しいです。1は手続を軽視しており、3は競売請求と混同しています。4も誤りです。,https://www.japaneselawtranslation.go.jp/en/laws/view/4341/en,使用禁止請求を競売請求と混同していないか / 裁判手続と集会決議の関係が崩れていないか / 請求対象を不自然に限定していないか,58条の位置づけが見えるようにした。
original,orig_set04,13,73,建築・設備,ひび割れ原因,comparison_table,standard,建築材料の基礎 / 劣化診断実務,ひび割れの原因が一つではなく、乾燥収縮や不同沈下など複数あり得ることを理解しているかを確認する。,drafting,checked,コンクリートのひび割れ原因に関する次の記述のうち、最も適切なものはどれか。,乾燥収縮、温度変化、不同沈下などを念頭に置く。,1,ひび割れの原因には乾燥収縮、温度変化、不同沈下等がある / 単一原因に決め打ちしないことが重要,1:コンクリートのひび割れは、乾燥収縮、温度変化、不同沈下など、複数の要因によって生じることがある。 / 2:コンクリートのひび割れ原因は常に一つであり、他の要因が重なることはない。 / 3:外壁のひび割れは、表面の汚れだけが原因であり、構造や材料の挙動とは関係がない。 / 4:ひび割れが見られる場合でも、漏水や劣化進行の観点から調査する必要はない。,,正解は1です。コンクリートのひび割れは、乾燥収縮、温度変化、不同沈下など複数の要因によって生じることがあります。したがって1が正しいです。2、3、4はいずれもひび割れの原因や調査の必要性を過度に単純化しています。,建築材料・劣化診断の基本論点,ひび割れ原因を単一要因にしていないか / 乾燥収縮等の代表例が自然か / 調査不要としていないか,外壁調査へつながる基礎知識。
original,orig_set04,14,74,標準管理規約,理事長権限,single_choice,standard,マンション標準管理規約38条,理事長が管理組合を代表して業務を統括する一方、総会・理事会事項を勝手に置き換えられないことを理解しているかを確認する。,drafting,checked,マンション標準管理規約による理事長の権限に関する次の記述のうち、最も適切なものはどれか。,代表権と、理事長単独で決められない事項を対比する。,3,理事長は管理組合を代表し、その業務を統括する / しかし総会・理事会の権限を無制限に代替するわけではない,1:理事長は、管理組合を代表する立場にないため、対外的な契約行為は一切できない。 / 2:理事長は、管理組合の意思決定機関に代わって、規約変更や予算決定など全てを単独で決定できる。 / 3:理事長は、管理組合を代表し、その業務を統括するが、総会や理事会の決議事項まで無制限に単独決定できるわけではない。 / 4:理事長の権限は、会計事務の閲覧だけに限られる。,,正解は3です。理事長は管理組合を代表して業務を統括しますが、総会や理事会で決すべき事項まで自由に単独決定できるわけではありません。したがって3が最も適切です。1と4は理事長権限を狭く捉え過ぎており、2は逆に広げ過ぎています。,https://www.mansion-info.mlit.go.jp/wp-content/uploads/2025/10/R7%E6%94%B9%E6%AD%A3%E7%89%88_%E6%A8%99%E6%BA%96%E7%AE%A1%E7%90%86%E8%A6%8F%E7%B4%84%EF%BC%8B%E3%82%B3%E3%83%A1%E3%83%B3%E3%83%88%EF%BC%88%E5%8D%98%E6%A3%9F%E5%9E%8B%EF%BC%89.pdf,代表権を否定していないか / 総会・理事会事項を単独決定可能にしていないか / 理事長権限の範囲が自然か,代表権と意思決定権限の違いが見えるようにした。
original,orig_set04,15,75,民法・借地借家法,解除と損害賠償,count,standard,民法545条 / 民法415条,解除と損害賠償請求が排他的でないことを整理できるかを確認する。,drafting,checked,解除と損害賠償に関する次のアからエまでの記述のうち、民法の規定によれば、正しいものはいくつあるか。,解除の効果と損害賠償請求の可否を問う。,2,解除をしても損害賠償請求は妨げられない / 解除により原状回復義務が生じる,1:一つ / 2:二つ / 3:三つ / 4:四つ,ア:解除権を行使しても、損害賠償の請求は妨げられない。 / イ:解除をすると、当事者は受け取った給付を原状に復させる義務を負うことがある。 / ウ:解除をすると、債務不履行があっても損害賠償は一切請求できない。 / エ:解除の効果として、常に相手方の意思にかかわらず懲罰的損害賠償が発生する。,正解は2です。正しいのはアとイの二つです。民法545条4項により、解除権の行使は損害賠償の請求を妨げません。また、解除により、受け取った給付の原状回復義務が問題となります。したがってウとエは誤りです。,https://www.japaneselawtranslation.go.jp/en/laws/view/4848,解除と損害賠償の併存可能性が維持されているか / 原状回復義務を落としていないか / 個数問題として二つで一意か,解除周辺の基本整理。
original,orig_set04,16,76,会計・税務,駐車場使用料処理,combination,standard,管理組合会計の基本 / 標準管理規約28条,駐車場使用料が修繕積立金会計へ繰り入れられることがある一方、管理費等との整理が必要であることを理解しているかを確認する。,drafting,checked,駐車場使用料の処理に関する次のアからエまでの記述のうち、適切なもののみの組合せはどれか。,駐車場使用料の帰属先と会計整理を問う。,1,駐車場使用料は規約・細則に従って処理する / 修繕積立金会計へ繰り入れる運用があり得る / 何にでも自由に使えるわけではない,1:アとウ / 2:アとエ / 3:イとウ / 4:イとエ,ア:駐車場使用料の処理は、規約や細則で定めた会計ルールに従って行う必要がある。 / イ:駐車場使用料は、受け取った時点で必ず理事長個人の裁量で自由に使うことができる。 / ウ:駐車場使用料を修繕積立金会計に繰り入れる運用が採られることがある。 / エ:駐車場使用料は、管理組合会計上の区分を問わず、常にどの支出にでも充ててよい。,正解は1です。アとウが適切です。駐車場使用料は、規約や細則で定めたルールに従って処理する必要があり、運用によっては修繕積立金会計へ繰り入れることがあります。イとエは、会計上の統制や使途整理を無視しているため誤りです。,https://www.mansion-info.mlit.go.jp/wp-content/uploads/2025/10/R7%E6%94%B9%E6%AD%A3%E7%89%88_%E6%A8%99%E6%BA%96%E7%AE%A1%E7%90%86%E8%A6%8F%E7%B4%84%EF%BC%8B%E3%82%B3%E3%83%A1%E3%83%B3%E3%83%88%EF%BC%88%E5%8D%98%E6%A3%9F%E5%9E%8B%EF%BC%89.pdf,駐車場使用料の処理を自由裁量にしていないか / 修繕積立金会計への繰入れ可能性を不自然に否定していないか / 規約・細則準拠が維持されているか,標準管理規約コメントで触れられる典型論点を平易化した。
original,orig_set04,17,77,区分所有法,集会招集,case_based,standard,区分所有法34条,集会招集には一定の手続と通知が必要であることを確認する。,drafting,checked,理事長が、重要な規約変更を議題とする集会を急きょ開催しようとしている。この場合に関する次の記述のうち、建物の区分所有等に関する法律の考え方として最も適切なものはどれか。,招集通知と議題明示の必要性を問う。,2,集会招集には一定の通知手続が必要 / 議題の明示は区分所有者の判断材料として重要,1:集会の招集では、議題を知らせる必要はなく、当日その場で重要事項を自由に決定できる。 / 2:集会を招集する際には、区分所有者が判断できるよう、一定の手続に従って招集通知や議題の明示を行うことが重要である。 / 3:集会招集は、口頭で一人に伝えれば、他の区分所有者への通知は不要である。 / 4:規約変更のような重要事項でも、集会を経ず、理事会だけで常に決定できる。,,正解は2です。集会を招集する際には、区分所有者が議案内容を踏まえて判断できるよう、招集通知や議題の明示を適切に行うことが重要です。したがって2が最も適切です。1、3、4はいずれも集会招集や重要事項決定の手続を軽視しています。,https://www.japaneselawtranslation.go.jp/en/laws/view/4341/en,議題明示の必要性が落ちていないか / 集会を経るべき事項を理事会単独にしていないか / 通知対象を不自然に狭めていないか,条文数値よりも手続の筋を問う。
original,orig_set04,18,78,建築・設備,耐震対策,combination,standard,耐震改修促進法の趣旨 / 長期修繕・改修実務,耐震対策は診断、必要性判断、改修計画を踏まえて進めるものであることを理解しているかを確認する。,drafting,checked,マンションの耐震対策に関する次のアからエまでの記述のうち、適切なもののみの組合せはどれか。,耐震診断、補強、長期修繕との関係を問う。,4,耐震対策の検討では、まず現状把握や診断が重要 / 必要に応じて補強や改修計画を立てる / 美観だけの問題ではない,1:アとイ / 2:イとウ / 3:アとエ / 4:ウとエ,ア:耐震対策の必要性は、築年数だけで一律に判断できるので、診断等は不要である。 / イ:耐震改修は、主として外観デザインの改善を目的とするもので、地震時の安全性とは関係がない。 / ウ:耐震対策の検討では、必要に応じて耐震診断等により現状を把握することが重要である。 / エ:耐震性能に課題があると判断される場合には、補強や改修の方法、時期、資金計画などを総合的に検討する必要がある。,正解は4です。ウとエが適切です。耐震対策では、まず耐震診断等によって現状を把握し、必要に応じて補強方法、実施時期、資金計画などを総合的に検討します。アとイは、耐震対策の必要性や目的を誤って理解しています。,https://www.mlit.go.jp/jutakukentiku/build/taishin.html,耐震診断の必要性が落ちていないか / 美観目的にすり替えていないか / 改修計画の総合性が表現できているか,実務の流れに沿って作成。
original,orig_set04,19,79,標準管理規約,総会決議事項,case_based,standard,マンション標準管理規約48条,総会で決すべき重要事項と理事会で処理できる通常管理事項を区別できるかを確認する。,drafting,checked,マンション標準管理規約によれば、総会の決議事項として最も適切なものはどれか。,予算・決算・規約変更などを、軽微な保存行為と対比する。,1,収支予算や決算の承認、規約変更などは総会事項 / 通常の保存行為は理事会・理事長執行で足りることがある,1:次年度の収支予算を承認すること / 2:共用廊下の照明器具を同等品に交換すること / 3:軽微な掲示物の貼替えを行うこと / 4:日常清掃の実施日を一時変更すること,,正解は1です。次年度の収支予算の承認は、管理組合運営の重要事項であり、総会決議事項です。したがって1が正しいです。2、3、4は、通常の管理執行や軽微な保存行為の範囲にとどまるため、総会決議事項としては不適切です。,https://www.mansion-info.mlit.go.jp/wp-content/uploads/2025/10/R7%E6%94%B9%E6%AD%A3%E7%89%88_%E6%A8%99%E6%BA%96%E7%AE%A1%E7%90%86%E8%A6%8F%E7%B4%84%EF%BC%8B%E3%82%B3%E3%83%A1%E3%83%B3%E3%83%88%EF%BC%88%E5%8D%98%E6%A3%9F%E5%9E%8B%EF%BC%89.pdf,収支予算を総会事項に置いているか / 軽微保存行為を総会事項にしていないか / 総会と理事会の役割分担が自然か,問27・79で理事会事項との対比ができるようにした。
original,orig_set04,20,80,民法・借地借家法,請負契約,combination,standard,民法632条 / 民法633条,請負契約の本質が仕事完成義務にあることを理解しているかを確認する。,drafting,checked,請負契約に関する次のアからエまでの記述のうち、民法の規定によれば、正しいもののみの組合せはどれか。,仕事完成義務と報酬支払義務の対応を問う。,2,請負は、仕事の完成を約し、注文者がその結果に対して報酬を支払う契約 / 単なる事務処理委託とは異なる,1:アとイ / 2:アとウ / 3:イとエ / 4:ウとエ,ア:請負は、当事者の一方がある仕事を完成することを約し、相手方がその仕事の結果に対して報酬を与えることを約することによって、その効力を生ずる。 / イ:請負契約では、仕事の完成は不要であり、着手さえすれば報酬全額を請求できるのが原則である。 / ウ:請負契約は、仕事の完成と報酬支払義務とが対応する契約である。 / エ:請負契約は、受任者が善管注意義務を尽くせば仕事の完成がなくても当然に目的を達したものとされる。,正解は2です。アとウが正しいです。請負契約は、仕事の完成を約し、その結果に対して報酬を支払う契約です。したがって、仕事完成が不要であるとするイや、委任契約的な発想を持ち込むエは誤りです。,https://www.japaneselawtranslation.go.jp/en/laws/view/4848,請負の本質を仕事完成義務としているか / 委任契約との混同がないか / 個数・組合せが一意に解けるか,マンション修繕工事契約の理解にもつながるようにした。
original,orig_set05,1,81,会計・税務,財務諸表読解,accounting_table,advanced,管理組合会計の基本 / 貸借対照表・収支報告書の読解,収支の黒字と資金残高の増減、負債計上の関係を切り分けて読めるかを確認する。,drafting,checked,管理組合の財務諸表を読む際の次の記述のうち、最も適切なものはどれか。,収支報告書の黒字と貸借対照表の現預金残高を短絡しない読み方を問う。,3,収支の黒字と現預金残高の増加は必ずしも同義ではない / 未収金、未払金、前受金などの影響を踏まえる必要がある / 貸借対照表と収支報告書は合わせて読む,1:収支報告書で黒字が計上されていれば、貸借対照表の現預金残高も必ず同額だけ増加している。 / 2:貸借対照表は、当期の収入と支出の差額だけを示す書類であり、資産や負債の状況は読み取れない。 / 3:財務諸表を読む際は、未収金、未払金、前受金などの残高も確認し、収支報告書と貸借対照表を合わせて判断することが重要である。 / 4:管理組合会計では、貸借対照表を見ても修繕積立金会計の状況を把握する意味はない。,,正解は3です。管理組合の財務諸表を読む際は、収支報告書だけでなく、未収金、未払金、前受金などを含む貸借対照表も確認して総合的に判断する必要があります。したがって3が最も適切です。1は収支差額と資金残高を短絡しており、2と4も財務諸表の役割の理解として誤りです。,管理組合会計の基本論点,収支差額と資金残高を同一視していないか / 未収金・未払金・前受金の影響を落としていないか / 貸借対照表の役割説明が自然か,応用的だが数表そのものは置かず、読解の姿勢を問うた。
original,orig_set05,2,82,区分所有法,共用部分持分,combination,advanced,区分所有法14条,共用部分持分が専有部分の処分と結び付くことを理解しているかを確認する。,drafting,checked,共用部分の持分に関する次のアからエまでの記述のうち、建物の区分所有等に関する法律の規定によれば、正しいもののみの組合せはどれか。,持分割合、専有部分との一体性、単独処分不可を問う。,4,共用部分の持分は原則として専有部分の処分に従う / 専有部分と分離して処分できないのが原則 / 割合は規約で別段の定めがされることがある,1:アとイ / 2:イとウ / 3:アとエ / 4:ウとエ,ア:共用部分の持分は、各区分所有者が自由に専有部分と切り離して第三者へ譲渡することができる。 / イ:共用部分の持分は、専有部分の面積や規約の定めとは無関係に、常に各区分所有者で完全に均等である。 / ウ:区分所有者は、その有する専有部分の処分に従って、共用部分の持分を処分するのが原則である。 / エ:共用部分の持分割合については、規約で別段の定めをすることがあり得る。,正解は4です。ウとエが正しいです。共用部分の持分は、原則として専有部分の処分に従って処分され、専有部分と切り離して自由に処分することはできません。また、持分割合については規約で別段の定めをすることがあります。したがってアとイは誤りです。,https://www.japaneselawtranslation.go.jp/en/laws/view/4341/en,共用部分持分の一体処分原則が入っているか / 持分割合を常に均等としていないか / 規約による別段の定めの余地を落としていないか,敷地利用権と似るが、共用部分持分に絞った。
original,orig_set05,3,83,建築・設備,昇降機,single_choice,advanced,昇降機の維持保全実務,エレベーター等の昇降機は法定検査と日常保守の両面が必要であることを理解しているかを確認する。,drafting,checked,マンションの昇降機に関する次の記述のうち、最も適切なものはどれか。,法定検査、定期保守、老朽化対応を問う。,2,昇降機は安全確保のため法定検査や定期保守が重要 / 利用頻度が高く、劣化・故障への計画対応が必要,1:昇降機は、法定検査に合格した後は、保守契約を締結しなくても安全性に問題は生じない。 / 2:昇降機では、安全性確保のため、法定検査だけでなく、日常的な保守点検や劣化部品への対応も重要である。 / 3:昇降機の更新判断は、見た目が古いかどうかだけで行えば足りる。 / 4:昇降機の故障は専有部分の問題であるため、管理組合が対応する必要はない。,,正解は2です。昇降機は安全に直結する共用設備であり、法定検査に加えて、日常的な保守点検や劣化部品への対応が重要です。したがって2が最も適切です。1、3、4はいずれも昇降機の維持保全の考え方として不適切です。,https://www.mlit.go.jp/jutakukentiku/build/house_maintenance.html,法定検査だけで足りる構成にしていないか / 昇降機を共用設備として扱えているか / 更新判断を見た目だけにしていないか,エレベーター保守論点より広めに昇降機全般で作成。
original,orig_set05,4,84,標準管理規約,修繕積立金取崩し,combination,advanced,マンション標準管理規約28条 / マンション標準管理規約48条,修繕積立金の取崩しは使途と手続の両面から考える必要があることを確認する。,drafting,checked,修繕積立金の取崩しに関する次のアからエまでの記述のうち、マンション標準管理規約の考え方として適切なもののみの組合せはどれか。,計画修繕、災害復旧、経常費への流用、総会関与を問う。,1,修繕積立金は一定の修繕や災害等の特別費用に充てる / 経常費の穴埋めに自由に流用する性質ではない / 重要な支出には総会との関係がある,1:アとウ / 2:アとエ / 3:イとウ / 4:イとエ,ア:修繕積立金は、一定年数ごとに計画的に行う修繕や、これに付随する調査・設計監理等の費用に充てることがある。 / イ:修繕積立金は、管理費会計が不足したときに、理事長の判断だけで自由に取り崩してよい。 / ウ:修繕積立金の取崩しは、その使途の適否だけでなく、管理組合内の必要な手続にも留意して行う必要がある。 / エ:修繕積立金は、共用部分の電気料や清掃費など、日常的な経常費用に優先的に充てるべきである。,正解は1です。アとウが適切です。修繕積立金は、計画修繕やそれに付随する調査・設計監理費等に充てる性質のものであり、取崩しにあたっては使途の適否だけでなく必要な手続にも留意する必要があります。イとエは、修繕積立金を経常費の穴埋め資金のように扱っており誤りです。,https://www.mansion-info.mlit.go.jp/wp-content/uploads/2025/10/R7%E6%94%B9%E6%AD%A3%E7%89%88_%E6%A8%99%E6%BA%96%E7%AE%A1%E7%90%86%E8%A6%8F%E7%B4%84%EF%BC%8B%E3%82%B3%E3%83%A1%E3%83%B3%E3%83%88%EF%BC%88%E5%8D%98%E6%A3%9F%E5%9E%8B%EF%BC%89.pdf,修繕積立金の使途を経常費へ逆転させていないか / 理事長単独判断で自由流用できる構成になっていないか / 手続面の注意を落としていないか,問89と対になるよう、取崩しの観点に寄せた。
original,orig_set05,5,85,民法・借地借家法,委任契約,single_choice,advanced,民法643条 / 民法644条,委任契約が事務処理の委託契約であり、受任者に善管注意義務が課されることを理解しているかを確認する。,drafting,checked,委任契約に関する次の記述のうち、民法の規定によれば、正しいものはどれか。,請負契約との違いも意識させる。,4,委任は法律行為をすることの委託 / 受任者は善良な管理者の注意をもって委任事務を処理する,1:委任契約では、受任者は仕事を完成させる義務だけを負い、事務処理上の注意義務は負わない。 / 2:委任契約は、必ず有償でなければ成立しない。 / 3:受任者は、自分の注意義務の程度を問わず、結果が出なければ常に請負責任を負う。 / 4:受任者は、善良な管理者の注意をもって、委任事務を処理する義務を負う。,,正解は4です。委任契約において、受任者は善良な管理者の注意をもって委任事務を処理する義務を負います。したがって4が正しいです。1と3は委任と請負を混同しており、2も委任が必ず有償でなければならないわけではないため誤りです。,https://www.japaneselawtranslation.go.jp/en/laws/view/4848,善管注意義務を明示できているか / 請負契約との混同がないか / 有償必須としていないか,請負との対比を意識した委任の基本問題。
original,orig_set05,6,86,会計・税務,消費税,single_choice,basic,管理組合税務の基本,管理組合の税務論点では、取引の性質ごとに整理が必要であることを確認する。,drafting,checked,管理組合の消費税に関する次の記述のうち、最も適切なものはどれか。,全取引一律課税・一律非課税という誤解を避ける。,3,管理組合の消費税関係は、収受する金銭や支払う対価の性質ごとに整理する必要がある / 一律に課税・非課税と決めつけない,1:管理組合が収受する全ての金銭は、内容を問わず一律に消費税課税対象となる。 / 2:管理組合に関する取引は、内容を問わず一切消費税の検討が不要である。 / 3:管理組合の消費税関係は、収受する金銭や支払う対価の性質に応じて、個別に整理して検討する必要がある。 / 4:消費税の処理は、会計区分だけで決まり、取引内容は考慮しない。,,正解は3です。管理組合の消費税関係は、収受する金銭や支払う対価の性質に応じて個別に整理して考える必要があります。したがって3が最も適切です。1、2、4はいずれも内容を問わず一律に処理できるとする点で不適切です。,管理組合税務の基本論点,一律課税・一律非課税の誤導になっていないか / 取引の性質ごとの検討姿勢が入っているか / 会計区分だけで決まる構成にしていないか,細かな税率論点へは踏み込まず、基本の整理に留めた。
original,orig_set05,7,87,区分所有法,専有部分と共用部分,precedent_fill,basic,区分所有法2条 / 区分所有法4条,専有部分には構造上及び利用上の独立性が必要であることを押さえているかを確認する。,drafting,checked,建物の区分所有等に関する法律によれば、専有部分とは、構造上[　]の建物の部分で、独立して住居、店舗、事務所又は倉庫その他建物としての用途に供することができるものをいう。この[　]に当てはまるものとして正しいものはどれか。,専有部分の定義文言を問う。,1,専有部分は構造上独立した建物部分,1:独立した / 2:共通した / 3:一時的な / 4:附属した,,正解は1です。区分所有法2条では、専有部分とは、構造上独立した建物の部分で、独立して建物としての用途に供することができるものをいうとされています。したがって空欄には『独立した』が入ります。,https://www.japaneselawtranslation.go.jp/en/laws/view/4341/en,2条の専有部分定義と整合しているか / 構造上独立の文言を正しく使っているか,基本条文の穴埋め。
original,orig_set05,8,88,建築・設備,消防設備,case_based,basic,消防設備の維持管理実務,消防設備は設置後も点検・維持管理が必要な共用設備であることを確認する。,drafting,checked,マンションの消防設備について、設置後は長年点検を実施していないとの相談があった。この場合に関する次の記述のうち、最も適切なものはどれか。,設備設置後の継続管理を問う。,2,消防設備は設置後も継続的な点検・維持管理が必要 / 非常時に機能することが重要,1:消防設備は一度設置すれば、非常時以外に点検や維持管理を行う必要はない。 / 2:消防設備は、非常時に確実に機能するよう、継続的な点検と維持管理を行うことが重要である。 / 3:消防設備の管理は、各居住者が自室内だけ注意していれば足り、共用部分設備の点検は不要である。 / 4:消防設備の不具合は、清掃状況にのみ起因するので、専門的点検は必要ない。,,正解は2です。消防設備は、非常時に機能することが求められるため、設置後も継続的な点検と維持管理が重要です。したがって2が最も適切です。1、3、4はいずれも消防設備管理の考え方として不適切です。,消防設備維持管理の基本論点,設置後の継続点検を落としていないか / 共用設備としての性質を外していないか / 専門点検不要としていないか,消防設備のごく基本。
original,orig_set05,9,89,標準管理規約,管理費と修繕積立金の使途,single_choice,basic,マンション標準管理規約27条 / マンション標準管理規約28条,管理費から支出すべき経常費用を見分けられるかを確認する。,drafting,checked,マンション標準管理規約によれば、管理費から支出するのが最も適切なものはどれか。,経常費用と修繕積立金使途を対比する。,1,共用部分の電気料、清掃費、管理員人件費などは管理費 / 計画修繕や設計監理等は修繕積立金,1:共用部分の電気料 / 2:外壁等の計画修繕工事費 / 3:長期修繕計画の作成又は変更に要する調査費 / 4:災害等特別の事由による共用部分の修繕費,,正解は1です。共用部分の電気料は、日常管理に要する経常費用として管理費から支出するのが基本です。他方、外壁等の計画修繕工事費、長期修繕計画に関する調査費、災害等特別の事由による修繕費は、標準管理規約上、修繕積立金から支出する性質の費用です。,https://www.mansion-info.mlit.go.jp/wp-content/uploads/2025/10/R7%E6%94%B9%E6%AD%A3%E7%89%88_%E6%A8%99%E6%BA%96%E7%AE%A1%E7%90%86%E8%A6%8F%E7%B4%84%EF%BC%8B%E3%82%B3%E3%83%A1%E3%83%B3%E3%83%88%EF%BC%88%E5%8D%98%E6%A3%9F%E5%9E%8B%EF%BC%89.pdf,管理費と修繕積立金の使途を逆転させていないか / 共用部分電気料を管理費としているか / 修繕積立金側の選択肢が自然か,問23の反転ではなく、管理費側の典型を問うた。
original,orig_set05,10,90,民法・借地借家法,保証債務,case_based,basic,民法446条 / 民法446条2項,保証契約には書面等の方式が必要であることを押さえているかを確認する。,drafting,checked,AがBの賃料債務を保証する約束をしたが、その内容は口頭でのみ合意され、書面等は作成されなかった。この場合に関する次の記述のうち、民法の規定によれば、最も適切なものはどれか。,保証契約の方式を問う。,3,保証契約は書面でしなければ効力を生じない / 電磁的記録による方式も認められる,1:保証契約は、主たる債務が存在すれば、常に口頭だけで有効に成立する。 / 2:保証契約は、主たる債務者が承諾していなければ一切成立しない。 / 3:保証契約は、書面でしなければ、その効力を生じない。 / 4:保証契約は、一度口頭で成立すれば、後から書面化しても無効のままである。,,正解は3です。民法446条2項は、保証契約は書面でしなければ、その効力を生じないと定めています。したがって3が最も適切です。1は方式要件を無視しており、2も不要な要件を付加しています。4も、後に適式な方式が整う可能性を一律に排除する趣旨ではありません。,https://www.japaneselawtranslation.go.jp/en/laws/view/4848,446条2項の方式要件を落としていないか / 主債務者承諾など不要な要件を入れていないか / 口頭で当然有効としていないか,個人根保証まで踏み込まず、保証契約方式の入口に留めた。
original,orig_set05,11,91,会計・税務,貸借対照表,comparison_table,standard,貸借対照表の基礎,貸借対照表が一定時点の資産・負債・純資産の状況を示すことを理解しているかを確認する。,drafting,checked,貸借対照表に関する次の記述のうち、最も適切なものはどれか。,一定時点の財政状態と期間損益の違いを問う。,2,貸借対照表は一定時点の資産・負債・純資産を示す / 期間中の収益費用の動きだけを示す書類ではない,1:貸借対照表は、当期中の収入と支出の差額だけを示す書類である。 / 2:貸借対照表は、一定時点における資産、負債及び純資産の状況を示す書類である。 / 3:貸借対照表は、将来の修繕予定だけを一覧化する書類である。 / 4:貸借対照表では、未収金や未払金を記載する意味はない。,,正解は2です。貸借対照表は、一定時点における資産、負債及び純資産の状況を示す書類です。したがって2が正しいです。1は収支報告書等との混同であり、3と4も貸借対照表の役割を誤っています。,会計の基本論点,貸借対照表を期間計算書類としていないか / 未収金・未払金の記載意義を否定していないか,読解の前提となる定義問題。
original,orig_set05,12,92,区分所有法,敷地利用権,single_choice,standard,区分所有法2条6項 / 区分所有法22条,敷地利用権と専有部分の分離処分禁止の基本を押さえているかを確認する。,drafting,checked,敷地利用権に関する次の記述のうち、建物の区分所有等に関する法律の規定によれば、正しいものはどれか。,専有部分との一体性を問う。,3,敷地利用権は専有部分の処分と一体で扱うのが原則 / 分離処分は禁止される,1:敷地利用権は、専有部分とは無関係に、区分所有者が自由に単独処分できる。 / 2:敷地利用権は、規約の定めがある場合でも、専有部分の処分と切り離して扱うのが原則である。 / 3:区分所有者は、その有する専有部分と分離して敷地利用権を処分することができないのが原則である。 / 4:敷地利用権は、共用部分の持分とは異なり、建物区分所有制度とは無関係の権利である。,,正解は3です。区分所有法では、区分所有者は、その有する専有部分と分離して敷地利用権を処分することができないのが原則です。したがって3が正しいです。1、2、4はいずれも敷地利用権と専有部分の一体性を誤っています。,https://www.japaneselawtranslation.go.jp/en/laws/view/4341/en,分離処分禁止の原則を落としていないか / 敷地利用権を制度外の権利のように扱っていないか,問25とは単一正誤で切り口を変えた。
original,orig_set05,13,93,建築・設備,給水タンク,comparison_table,standard,給水設備の基礎 / 衛生管理実務,給水タンクは清掃・点検を通じて衛生状態の維持が必要であることを確認する。,drafting,checked,給水タンクに関する次の記述のうち、最も適切なものはどれか。,密閉性、点検性、衛生管理を問う。,4,給水タンクは水質維持のため清掃・点検が重要 / 外部からの汚染防止や点検しやすさも重要,1:給水タンクは、一度設置した後は、内部点検や清掃を考慮する必要がない。 / 2:給水タンクの衛生状態は、外壁塗装の色彩計画だけで維持できる。 / 3:給水タンクでは、水質管理よりも騒音対策だけを優先すれば足りる。 / 4:給水タンクでは、外部からの汚染を防ぎつつ、清掃や点検が適切に行えるよう維持管理することが重要である。,,正解は4です。給水タンクでは、水質を良好に保つため、外部からの汚染防止と清掃・点検のしやすさを踏まえた維持管理が重要です。したがって4が最も適切です。1、2、3はいずれも給水設備の衛生管理として不適切です。,給水設備衛生管理の基本論点,清掃・点検の必要性を落としていないか / 衛生管理を無関係な論点へすり替えていないか,問22の数値系とは違う、維持管理側の出題。
original,orig_set05,14,94,標準管理規約,理事会の権限,case_based,standard,マンション標準管理規約54条 / マンション標準管理規約48条,理事会で決議できる通常管理事項と総会事項を区別できるかを確認する。,drafting,checked,マンション標準管理規約によれば、理事会の権限に属する事項として最も適切なものはどれか。,保存行為・総会専属事項の峻別。,2,理事会は通常の管理執行に関する事項を扱う / 規約変更や収支予算の決定は総会事項,1:規約を改正して管理費負担割合を変更すること / 2:共用部分の軽微な補修について発注の実施を決めること / 3:次年度の収支予算を最終承認すること / 4:長期修繕計画を新規に作成して確定すること,,正解は2です。理事会は、通常の管理執行に関する事項や軽微な補修の実施などを扱うことがあります。他方、規約変更、収支予算の承認、長期修繕計画の作成・確定などは総会事項です。したがって2が最も適切です。,https://www.mansion-info.mlit.go.jp/wp-content/uploads/2025/10/R7%E6%94%B9%E6%AD%A3%E7%89%88_%E6%A8%99%E6%BA%96%E7%AE%A1%E7%90%86%E8%A6%8F%E7%B4%84%EF%BC%8B%E3%82%B3%E3%83%A1%E3%83%B3%E3%83%88%EF%BC%88%E5%8D%98%E6%A3%9F%E5%9E%8B%EF%BC%89.pdf,理事会事項と総会事項を取り違えていないか / 軽微な補修を通常管理執行として扱えているか,問27と似るが、軽微補修へ寄せて差別化。
original,orig_set05,15,95,民法・借地借家法,相殺,count,standard,民法505条,相殺適状の基本要件を個数判定で見分けられるかを確認する。,drafting,checked,相殺に関する次のアからエまでの記述のうち、民法の規定によれば、正しいものはいくつあるか。,同種債権、弁済期、相殺禁止を確認する。,2,相殺には同種の目的を有する債務であることが必要 / 双方の債務が弁済期にあることが関わる / 常に自由に相殺できるわけではない,1:一つ / 2:二つ / 3:三つ / 4:四つ,ア:相殺をするには、双方の債務が同種の目的を有することが必要である。 / イ:双方の債務が弁済期にあることは、相殺の可否を考えるうえで重要である。 / ウ:相殺は禁止特約や法定の制限があっても、常に自由にすることができる。 / エ:相殺は、相手方の承諾がなければ一切することができない。,正解は2です。正しいのはアとイの二つです。相殺には、双方の債務が同種の目的を有し、相殺適状にあることが必要です。他方、相殺には禁止特約や法定の制限があり得るため、ウは誤りです。エも、相殺は相手方の承諾を常に要するわけではありません。,https://www.japaneselawtranslation.go.jp/en/laws/view/4848,相殺適状の要件を落としていないか / 自由相殺・承諾必須の極端な誤りが正答になっていないか / 個数問題として二つで一意か,問24より少し一般化した。
original,orig_set05,16,96,会計・税務,収支報告書,combination,standard,収支報告書の基礎,収支報告書が一定期間の収入・支出の状況を示すことを理解しているかを確認する。,drafting,checked,収支報告書に関する次のアからエまでの記述のうち、適切なもののみの組合せはどれか。,貸借対照表との違いを意識させる。,1,収支報告書は一定期間の収入・支出の状況を示す / 貸借対照表とは役割が異なる,1:アとウ / 2:アとエ / 3:イとウ / 4:イとエ,ア:収支報告書は、一定期間における収入及び支出の状況を示す書類である。 / イ:収支報告書は、一定時点の資産と負債だけを示す書類であり、期間中の取引は示さない。 / ウ:収支報告書を読む際には、予算との比較や前期との増減を見ることが有用である。 / エ:収支報告書では、未収金や未払金の影響を考える必要はなく、常に現金残高だけを見れば足りる。,正解は1です。アとウが適切です。収支報告書は、一定期間における収入及び支出の状況を示す書類であり、予算比較や前期比較も読解上有用です。イは貸借対照表との混同であり、エも収支内容の読解を不当に単純化しています。,会計の基本論点,収支報告書を一定時点書類としていないか / 予算比較の観点が不自然でないか / 現金残高だけ見れば足りるとしていないか,問91と対になる構成。
original,orig_set05,17,97,区分所有法,規約共用部分,case_based,standard,区分所有法4条2項,附属建物などを規約で共用部分とし得ることを事例で判断できるかを確認する。,drafting,checked,管理員室として用いている附属建物について、管理組合が規約で共用部分として明確化しようとしている。この場合に関する次の記述のうち、建物の区分所有等に関する法律の規定によれば、最も適切なものはどれか。,附属建物と規約共用部分を問う。,2,附属建物等は規約により共用部分とすることがある / 構造上当然共用でないものも規約共用部分とし得る,1:附属建物は、規約で共用部分とすることができず、常に特定の区分所有者の専有部分にしなければならない。 / 2:附属建物については、規約により共用部分と定めることがあり得る。 / 3:規約共用部分とした場合、その部分は区分所有法の適用対象外となる。 / 4:規約共用部分とするには、必ず全区分所有者の専有部分面積が完全に同一でなければならない。,,正解は2です。区分所有法4条2項により、附属の建物は、規約により共用部分とすることがあり得ます。したがって2が最も適切です。1、3、4はいずれも規約共用部分の考え方を誤っています。,https://www.japaneselawtranslation.go.jp/en/laws/view/4341/en,附属建物を規約共用部分とできる点を落としていないか / 規約共用部分を制度外扱いしていないか,問21・29と重複しないよう、附属建物事例にした。
original,orig_set05,18,98,建築・設備,排水設備,combination,standard,排水設備の基礎,排水設備ではトラップ、通気、勾配の基本を整理できるかを確認する。,drafting,checked,排水設備に関する次のアからエまでの記述のうち、適切なもののみの組合せはどれか。,トラップ、通気管、横引き勾配を問う。,2,トラップは臭気侵入防止に役立つ / 通気管は封水保護に役立つ / 横引き排水管には適切な勾配が必要,1:アとイ / 2:アとウ / 3:イとエ / 4:ウとエ,ア:排水トラップは、封水によって下水臭や害虫の侵入を防止する役割を持つ。 / イ:通気管は、排水管内の空気の流れを止めるために設ける。 / ウ:横引き排水管では、排水を円滑に行うために適切な勾配を確保することが重要である。 / エ:排水勾配は小さいほどよいため、できるだけ水平に近づけるのが望ましい。,正解は2です。アとウが適切です。排水トラップは封水によって下水臭や害虫の侵入を防止し、横引き排水管には排水を円滑に行うための適切な勾配が必要です。イは通気管の役割を誤っており、エも勾配の考え方として不適切です。,排水設備の基本論点,トラップと通気管の役割を逆転させていないか / 勾配不要論が正答になっていないか,問26とは表現を変えて再出題。
original,orig_set05,19,99,標準管理規約,総会出席と代理,combination,standard,マンション標準管理規約46条,書面議決、代理人、共有者の議決権行使者指定を改めて整理できるかを確認する。,drafting,checked,総会への出席と議決権行使に関する次のアからエまでの記述のうち、マンション標準管理規約の考え方として適切なもののみの組合せはどれか。,書面、代理、共有者の扱いを問う。,3,組合員は書面又は代理人により議決権行使が可能 / 共有専有部分では議決権行使者一名の定めが必要,1:アとイ / 2:イとウ / 3:アとエ / 4:ウとエ,ア:組合員は、書面又は代理人によって議決権を行使することができる。 / イ:一つの専有部分が共有である場合、共有者全員が別々に議決権を行使するのが原則である。 / ウ:総会に出席できない組合員は、代理人を立てることはできず、必ず本人が出席しなければならない。 / エ:専有部分が数人の共有に属するときは、議決権を行使すべき者一名を定めるのが相当である。,正解は3です。アとエが適切です。標準管理規約では、組合員は書面又は代理人によって議決権を行使でき、専有部分が共有の場合には議決権を行使すべき者一名を定める整理になります。イとウは、この基本を誤っています。,https://www.mansion-info.mlit.go.jp/wp-content/uploads/2025/10/R7%E6%94%B9%E6%AD%A3%E7%89%88_%E6%A8%99%E6%BA%96%E7%AE%A1%E7%90%86%E8%A6%8F%E7%B4%84%EF%BC%8B%E3%82%B3%E3%83%A1%E3%83%B3%E3%83%88%EF%BC%88%E5%8D%98%E6%A3%9F%E5%9E%8B%EF%BC%89.pdf,書面・代理による議決権行使を落としていないか / 共有者全員別個行使を正答にしていないか,問31と似るが、共有専有部分の扱いに重心を置いた。
original,orig_set05,20,100,民法・借地借家法,債権譲渡,combination,standard,民法466条 / 民法467条,債権譲渡の原則自由と、債務者への対抗関係の基本を整理できるかを確認する。,drafting,checked,債権譲渡に関する次のアからエまでの記述のうち、民法の規定によれば、正しいもののみの組合せはどれか。,譲渡自由原則、譲渡制限特約、通知承諾を問う。,1,債権は原則として譲渡可能 / 債務者への対抗には通知又は承諾が関係する / 譲渡制限特約があっても整理は一律ではない,1:アとウ / 2:アとイ / 3:イとエ / 4:ウとエ,ア:債権は、その性質がこれを許さない場合を除き、譲り渡すことができる。 / イ:当事者間に譲渡制限特約がある債権は、いかなる場合でも譲渡の効力を生じない。 / ウ:債権譲渡を債務者に対抗するには、通知又は承諾が関係する。 / エ:債権譲渡は、債務者の事前承諾がなければ一切することができない。,正解は1です。アとウが正しいです。民法では、債権は原則として譲渡可能であり、債権譲渡を債務者に対抗するには通知又は承諾が関係します。イは譲渡制限特約の効力を極端に捉え過ぎており、エも債務者の事前承諾がなければ一切譲渡できないとする点で誤りです。,https://www.japaneselawtranslation.go.jp/en/laws/view/4848,譲渡自由原則を落としていないか / 通知又は承諾の位置づけが正しいか / 譲渡制限特約を旧法的に扱い過ぎていないか,問28より短く、条文基本に寄せた締めの問題。
original,orig_set06,1,101,会計・税務,減価償却不要論点,accounting_table,standard,管理組合会計の基本,管理組合会計では企業会計と同じ発想をそのまま当てはめないことを理解しているかを確認する。,drafting,checked,管理組合会計と減価償却に関する次の記述のうち、最も適切なものはどれか。,企業会計との違いを意識させる。,2,管理組合会計は管理実務に即して整理する必要がある / 企業会計の論点を機械的に当てはめない,1:管理組合会計では、全ての共用部分について企業会計と全く同じ方法で必ず減価償却を行わなければならない。 / 2:管理組合会計では、企業会計の考え方をそのまま機械的に適用するのではなく、管理組合会計の目的に即して整理する必要がある。 / 3:減価償却をしないなら、貸借対照表や収支報告書を作成する意味はない。 / 4:減価償却の論点は、管理組合会計では修繕積立金の使途区分とも無関係である。,,正解は2です。管理組合会計では、企業会計の論点をそのまま機械的に当てはめるのではなく、管理組合の財産管理や会計報告の目的に即して整理する必要があります。したがって2が最も適切です。1、3、4はいずれも極端です。,管理組合会計の基本論点,企業会計の機械適用になっていないか / 財務諸表不要論が正答になっていないか,深入りせず、考え方の整理に留めた。
original,orig_set06,2,102,区分所有法,総会決議要件,combination,standard,区分所有法31条 / 区分所有法39条,普通決議と特別決議の違いを整理できるかを確認する。,drafting,checked,集会の決議要件に関する次のアからエまでの記述のうち、建物の区分所有等に関する法律の規定によれば、正しいもののみの組合せはどれか。,規約変更と一般議事の決議要件を対比する。,2,一般議事は原則として区分所有者及び議決権の各過半数 / 規約設定・変更・廃止は原則として各4分の3以上,1:アとイ / 2:アとウ / 3:イとエ / 4:ウとエ,ア:集会の議事は、この法律又は規約に別段の定めがない限り、区分所有者及び議決権の各過半数で決するのが原則である。 / イ:規約の設定、変更又は廃止は、区分所有者及び議決権の各過半数で足りる。 / ウ:規約の設定、変更又は廃止には、区分所有者及び議決権の各4分の3以上の多数による決議が必要となるのが原則である。 / エ:集会の議事は、法律又は規約に特別の定めがある場合でも、常に全員一致でなければならない。,正解は2です。アとウが正しいです。区分所有法では、集会の一般議事は原則として区分所有者及び議決権の各過半数で決し、規約の設定、変更又は廃止は原則として各4分の3以上の多数で決します。したがってイとエは誤りです。,https://www.japaneselawtranslation.go.jp/en/laws/view/4341/en,39条と31条の数値を混同していないか / 全員一致を不要に持ち込んでいないか,問33と違い、普通決議との比較で出題。
original,orig_set06,3,103,建築・設備,建築材料,single_choice,standard,建築材料の基礎,建築材料の選定では用途や耐久性を考慮することを理解しているかを確認する。,drafting,checked,建築材料に関する次の記述のうち、最も適切なものはどれか。,用途・耐久性・維持管理を意識させる。,3,建築材料は部位や用途に応じて選定する / 耐久性や維持管理性も重要,1:建築材料は、どの部位に使う場合でも見た目だけで選べばよい。 / 2:外部に用いる材料では、耐久性や劣化への配慮は不要である。 / 3:建築材料の選定では、用途、耐久性、維持管理性などを考慮することが重要である。 / 4:建築材料の違いは、マンションの維持管理にはほとんど影響しない。,,正解は3です。建築材料の選定では、用途、耐久性、維持管理性などを考慮することが重要です。したがって3が最も適切です。1、2、4はいずれも建築材料の選定や管理の考え方として不適切です。,建築材料の基本論点,見た目だけで選ぶ構成になっていないか / 耐久性・維持管理性を落としていないか,材料系の総論として作成。
original,orig_set06,4,104,標準管理規約,専有部分への立入り,single_choice,standard,マンション標準管理規約23条,専有部分への立入りは必要性と範囲の限定があることを改めて確認する。,drafting,checked,専有部分への立入りに関する次の記述のうち、マンション標準管理規約の考え方として最も適切なものはどれか。,漏水調査や設備点検のための立入り請求。,1,必要な範囲で立入り請求があり得る / 正当な理由なく拒めない,1:管理を行うため必要があるときは、必要な範囲で専有部分等への立入りを請求でき、請求を受けた者は正当な理由なく拒んではならない。 / 2:専有部分への立入りは、管理上必要であっても常に禁止される。 / 3:立入りの必要性がなくても、理事長は自由に専有部分へ立ち入ることができる。 / 4:立入り請求を受けた者は、理由の有無を問わず常に拒否できる。,,正解は1です。標準管理規約では、管理を行うため必要があるときは必要な範囲で専有部分等への立入りを請求でき、請求を受けた者は正当な理由なくこれを拒むことができないと整理されます。したがって1が最も適切です。,https://www.mansion-info.mlit.go.jp/wp-content/uploads/2025/10/R7%E6%94%B9%E6%AD%A3%E7%89%88_%E6%A8%99%E6%BA%96%E7%AE%A1%E7%90%86%E8%A6%8F%E7%B4%84%EF%BC%8B%E3%82%B3%E3%83%A1%E3%83%B3%E3%83%88%EF%BC%88%E5%8D%98%E6%A3%9F%E5%9E%8B%EF%BC%89.pdf,必要性・範囲・正当理由の3点が入っているか,問35の再整理版。
original,orig_set06,5,105,民法・借地借家法,契約不適合責任,single_choice,standard,民法562条 / 民法563条,追完請求と代金減額請求の関係を基本レベルで整理できるかを確認する。,drafting,checked,契約不適合責任に関する次の記述のうち、民法の規定によれば、正しいものはどれか。,追完請求、代金減額請求を問う。,4,契約不適合があると買主は追完請求できる / 一定の場合に代金減額請求も問題となる,1:契約不適合があっても、買主は修補や代替物引渡しを求めることができない。 / 2:売主が契約不適合を知りながら告げなかった場合でも、買主は何ら請求できない。 / 3:代金減額請求は、契約不適合責任とは無関係の制度である。 / 4:買主は、目的物が契約の内容に適合しないときは、一定の場合に代金の減額を請求することができる。,,正解は4です。民法上、目的物が契約の内容に適合しないとき、買主は追完請求をすることができ、一定の場合には代金の減額を請求することもできます。したがって4が正しいです。1、2、3はいずれも契約不適合責任の基本を誤っています。,https://www.japaneselawtranslation.go.jp/en/laws/view/4848,追完請求を否定していないか / 代金減額請求の位置づけが不自然でないか,問32より代金減額側へ寄せた。
original,orig_set06,6,106,会計・税務,修繕積立金会計,single_choice,advanced,標準管理規約28条 / 管理組合会計の基本,修繕積立金会計が将来の修繕等に備える資金管理であることを確認する。,drafting,checked,修繕積立金会計に関する次の記述のうち、最も適切なものはどれか。,経常費用との区別、資金性格を問う。,2,修繕積立金会計は将来の計画修繕等に備える資金管理 / 日常経費の穴埋め資金ではない,1:修繕積立金会計は、主として日常の清掃費や電気料を支払うための会計である。 / 2:修繕積立金会計は、将来の計画修繕等に備える資金を管理する会計である。 / 3:修繕積立金は、その時点の理事長判断で自由に目的外使用してよい。 / 4:修繕積立金会計は、管理組合の会計区分とは無関係である。,,正解は2です。修繕積立金会計は、将来の計画修繕や特別の修繕等に備える資金を管理する会計です。したがって2が最も適切です。1、3、4はいずれも修繕積立金会計の性格を誤っています。,https://www.mansion-info.mlit.go.jp/wp-content/uploads/2025/10/R7%E6%94%B9%E6%AD%A3%E7%89%88_%E6%A8%99%E6%BA%96%E7%AE%A1%E7%90%86%E8%A6%8F%E7%B4%84%EF%BC%8B%E3%82%B3%E3%83%A1%E3%83%B3%E3%83%88%EF%BC%88%E5%8D%98%E6%A3%9F%E5%9E%8B%EF%BC%89.pdf,修繕積立金会計を経常費用会計にしていないか / 自由流用を正答にしていないか,会計区分の応用問題。
original,orig_set06,7,107,区分所有法,義務違反者への措置,precedent_fill,advanced,区分所有法57条 / 区分所有法58条 / 区分所有法59条,共同利益違反に対する最終段階の救済手段を区別できるかを確認する。,drafting,checked,共同生活上の障害が著しく、他の方法によってはその障害を除去することが困難である場合に、区分所有法59条が定める請求は区分所有権等の[　]請求である。この[　]に当てはまるものとして正しいものはどれか。,59条文言の確認。,4,59条は区分所有権等の競売請求を定める,1:明渡し / 2:使用禁止 / 3:差止め / 4:競売,,正解は4です。区分所有法59条は、一定の場合に区分所有権及び敷地利用権の競売請求を認めています。差止めは57条、使用禁止は58条の論点です。,https://www.japaneselawtranslation.go.jp/en/laws/view/4341/en,57条・58条・59条を取り違えていないか,条文の段階関係を確認する問題。
original,orig_set06,8,108,建築・設備,断熱結露,case_based,advanced,住宅の断熱・換気の基礎,結露対策は断熱性向上と換気確保の両面から考えることを確認する。,drafting,checked,冬季に北側住戸の窓周辺や壁隅部で結露が頻発している。結露対策として最も適切なものはどれか。,断熱と換気の複合対策。,3,断熱性向上と換気確保が基本 / 湿気をため込まない,1:結露防止のため、換気設備の使用をできるだけ止める。 / 2:外気温だけが原因なので、室内の湿気や断熱状態は考えなくてよい。 / 3:開口部や外壁の断熱性を見直すとともに、室内の換気を適切に確保する。 / 4:家具配置を変えるだけで、他の対応は不要である。,,正解は3です。結露は、表面温度の低さと室内湿気の多さが重なると生じやすくなるため、断熱性の向上と換気確保を組み合わせて対策するのが基本です。,https://www.mlit.go.jp/jutakukentiku/build/jutakukentiku_house_fr_000108.html,換気停止を正答にしていないか / 断熱と換気の両面が入っているか,問34の応用版。
original,orig_set06,9,109,標準管理規約,特別の影響,case_based,advanced,区分所有法31条,特定の区分所有者に不利益を集中させる規約変更では承諾が問題になることを確認する。,drafting,checked,特定の住戸だけに新たな高額負担を課す規約変更をする場合の手続として、最も適切なものはどれか。,特別の影響と承諾要件。,2,特別の影響があるときは承諾が必要 / 単なる特別決議だけでは足りない場合がある,1:特別決議さえあれば、影響を受ける区分所有者の承諾は不要である。 / 2:一部の区分所有者の権利に特別の影響を及ぼすときは、その者の承諾が必要になる。 / 3:理事会が合理的と判断すれば、総会決議自体が不要となる。 / 4:特別の影響かどうかは法律問題ではなく、自由裁量で決めてよい。,,正解は2です。規約変更が一部の区分所有者の権利に特別の影響を及ぼすときは、その区分所有者の承諾が必要です。したがって2が最も適切です。,https://www.japaneselawtranslation.go.jp/en/laws/view/4341/en,承諾要件を落としていないか,問39の別事例版。
original,orig_set06,10,110,民法・借地借家法,使用貸借,case_based,advanced,民法593条の2 / 民法595条,書面によらない使用貸借の解除と通常必要費負担を整理できるかを確認する。,drafting,checked,書面によらない使用貸借に関する次の記述のうち、民法の規定によれば、最も適切なものはどれか。,引渡前解除と通常必要費。,1,書面によらない使用貸借は引渡前解除があり得る / 通常必要費は借主負担が原則,1:書面によらない使用貸借では、目的物の引渡し前であれば解除が問題となる。 / 2:使用貸借では、通常必要費は常に貸主が負担する。 / 3:使用貸借は、第三者に自由に使用収益させてよい。 / 4:使用貸借は、必ず有償でなければ成立しない。,,正解は1です。書面によらない使用貸借は、目的物の引渡し前であれば解除することができます。他方、通常必要費は借主が負担するのが原則であり、第三者使用にも制約があります。,https://www.japaneselawtranslation.go.jp/en/laws/view/4848,593条の2を誤っていないか / 通常必要費負担を逆転させていないか,問36より短く整理した。
original,orig_set06,11,111,会計・税務,未収入金,comparison_table,basic,管理組合会計の基本,未収入金が既に発生しているが未回収の収入であることを確認する。,drafting,checked,未収入金に関する次の記述のうち、最も適切なものはどれか。,未収と前受の区別。,3,未収入金は発生済み未回収の収入,1:未収入金は、将来支払うべき費用を表す。 / 2:未収入金は、将来の期間分を先にもらった収入である。 / 3:未収入金は、既に発生しているが、まだ回収していない収入を表す。 / 4:未収入金は、現金出納簿に記録できないので会計上無視する。,,正解は3です。未収入金は、既に発生しているがまだ回収していない収入を表します。1は未払金、2は前受金に近い説明であり、4も誤りです。,管理組合会計の基本論点,未収入金を未払金や前受金と混同していないか,会計の基本用語確認。
original,orig_set06,12,112,区分所有法,一部滅失と建替え,single_choice,basic,区分所有法61条 / 区分所有法62条,一部滅失の復旧と建替えが別の意思決定であることを確認する。,drafting,checked,共用部分の一部滅失後の建物の扱いに関する次の記述のうち、最も適切なものはどれか。,復旧と建替えの区別。,2,一部滅失後は復旧が問題となり、建替えは別決議事項,1:一部滅失があれば、当然に建替えしか選択できない。 / 2:一部滅失後には復旧の要否が問題となり、建替えをするには別途の決議要件を満たす必要がある。 / 3:一部滅失後の対応は理事長が単独で決定する。 / 4:一部滅失後には区分所有法は適用されない。,,正解は2です。一部滅失後には復旧の要否がまず問題となり、建替えは別途の法定決議事項です。したがって2が最も適切です。,https://www.japaneselawtranslation.go.jp/en/laws/view/4341/en,復旧と建替えを混同していないか,復旧決議とのつながりを見せる問題。
original,orig_set06,13,113,建築・設備,エレベーター保守,comparison_table,basic,昇降機保守契約実務,POG契約とFM契約の違いを基本レベルで再確認する。,drafting,checked,エレベーター保守契約に関する次の記述のうち、最も適切なものはどれか。,点検中心契約と修理込み契約の違い。,4,POGは点検中心、FMは修理費等を含む形が多い,1:POG契約とFM契約に違いはなく、名称だけが異なる。 / 2:POG契約は、常に全面更新費用まで含む。 / 3:FM契約は、点検だけを対象とし、修理費等は一切含まない。 / 4:POG契約は点検・調整中心で、FM契約は通常の修理や部品取替費用を含む形が多い。,,正解は4です。実務上、POG契約は点検・調整中心、FM契約は通常の修理や部品取替費用を含む包括型であることが多いです。,https://www.mlit.go.jp/jutakukentiku/build/house_maintenance.html,POGとFMを逆転させていないか,問38の基礎版。
original,orig_set06,14,114,標準管理規約,役員の任務,combination,basic,マンション標準管理規約35条 / マンション標準管理規約37条,理事長と監事の役割を改めて区別できるかを確認する。,drafting,checked,役員の任務に関する次のアからエまでの記述のうち、適切なもののみの組合せはどれか。,代表・監査の役割。,1,理事長は代表・統括、監事は監査,1:アとウ / 2:アとエ / 3:イとウ / 4:イとエ,ア:理事長は、管理組合を代表し、その業務を統括する。 / イ:監事は、理事長の指揮の下で日常管理業務を執行する。 / ウ:監事は、管理組合の業務執行状況や財産の状況を監査する。 / エ:理事は、理事会の構成員ではない。,正解は1です。アとウが適切です。理事長は代表・統括の役割を担い、監事は監査を行います。イとエは誤りです。,https://www.mansion-info.mlit.go.jp/wp-content/uploads/2025/10/R7%E6%94%B9%E6%AD%A3%E7%89%88_%E6%A8%99%E6%BA%96%E7%AE%A1%E7%90%86%E8%A6%8F%E7%B4%84%EF%BC%8B%E3%82%B3%E3%83%A1%E3%83%B3%E3%83%88%EF%BC%88%E5%8D%98%E6%A3%9F%E5%9E%8B%EF%BC%89.pdf,監事を執行役にしていないか,役員論点の基礎反復。
original,orig_set06,15,115,民法・借地借家法,賃貸借の対抗力,count,basic,借地借家法31条 / 民法605条,建物賃貸借の引渡しと不動産賃貸借登記の基本効果を確認する。,drafting,checked,賃貸借の対抗力に関する次のアからエまでの記述のうち、正しいものはいくつあるか。,建物引渡しと登記の効果。,2,建物賃貸借は引渡しで対抗できる場合がある / 不動産賃貸借は登記により対抗できる,1:一つ / 2:二つ / 3:三つ / 4:四つ,ア:建物の賃貸借は、建物の引渡しがあれば、後の物権取得者に対抗できる場合がある。 / イ:不動産の賃貸借は、登記があれば第三者に対抗できる場合がある。 / ウ:賃貸借の対抗力は、契約書を作成しただけで常に備わる。 / エ:賃貸借の対抗力は、賃料額が高い契約にだけ認められる。,正解は2です。正しいのはアとイの二つです。建物賃貸借は建物の引渡しにより、また不動産賃貸借は登記により、第三者に対抗できる場合があります。ウとエは誤りです。,https://www.japaneselawtranslation.go.jp/en/laws/view/4848 / https://www.japaneselawtranslation.go.jp/en/laws/view/4846,対抗要件を契約書だけにしていないか,問40の基礎版。
original,orig_set06,16,116,会計・税務,源泉徴収,combination,standard,管理組合税務の基本,源泉徴収論点では支払内容ごとの整理が必要であることを確認する。,drafting,checked,源泉徴収に関する次のアからエまでの記述のうち、適切なもののみの組合せはどれか。,全支払一律不要・一律必要を避ける。,3,支払内容に応じた個別判断が必要 / 一律に整理できない,1:アとイ / 2:イとウ / 3:アとエ / 4:ウとエ,ア:源泉徴収の要否は、支払の内容や相手方の性質に応じて個別に整理して検討する必要がある。 / イ:管理組合が支払う金銭については、内容を問わず源泉徴収は一切不要である。 / ウ:管理組合が支払う金銭については、内容を問わず全て源泉徴収が必要である。 / エ:源泉徴収の処理では、会計処理だけでなく税務上の整理も必要になる。,正解は3です。アとエが適切です。源泉徴収の要否は支払内容等に応じて個別に判断する必要があり、会計処理だけでなく税務上の整理も求められます。イとウのような一律整理は不適切です。,管理組合税務の基本論点,一律必要・不要にしていないか,細かな税目へは踏み込まない。
original,orig_set06,17,117,区分所有法,管理者,case_based,standard,区分所有法25条 / 区分所有法26条,管理者の選任と役割を事例から判断できるかを確認する。,drafting,checked,管理者の地位に関する次の記述のうち、建物の区分所有等に関する法律の規定によれば、最も適切なものはどれか。,選任方法と保存・決議実行。,1,管理者は規約又は集会決議で選任 / 保存行為や決議実行を担う,1:管理者は、規約又は集会の決議により選任され、共用部分の保存や集会決議の実行に関わる。 / 2:管理者は、全区分所有者の個別書面同意がなければ選任できない。 / 3:管理者には代表権や保存行為権限は一切ない。 / 4:管理者は、専有部分の処分を自由に決める権限を持つ。,,正解は1です。区分所有法では、管理者は規約又は集会の決議で選任され、共用部分の保存や集会決議の実行などの事務を担います。2、3、4は誤りです。,https://www.japaneselawtranslation.go.jp/en/laws/view/4341/en,25条・26条の基本を外していないか,問45の事例版。
original,orig_set06,18,118,建築・設備,配管更新,combination,standard,配管更新実務,配管更新では劣化診断、工事調整、専有部分との取り合いが重要であることを確認する。,drafting,checked,配管更新工事に関する次のアからエまでの記述のうち、適切なもののみの組合せはどれか。,劣化診断、断水周知、取り合い。,4,劣化状況把握が必要 / 断水周知や専有部分との調整が必要,1:アとイ / 2:イとウ / 3:アとエ / 4:ウとエ,ア:配管更新の要否は築年数だけで決まり、劣化状況の確認は不要である。 / イ:断水や排水制限が生じる工事でも、居住者への周知は不要である。 / ウ:配管更新では、専有部分内の接続部や復旧範囲との調整が重要になる。 / エ:配管更新では、工事工程や断水等の影響を踏まえた事前調整が重要である。,正解は4です。ウとエが適切です。配管更新では、専有部分との接続部や復旧範囲の調整、断水等に伴う工程調整や周知が重要です。アとイは誤りです。,配管更新実務の基本論点,診断不要・周知不要を正答にしていないか,問42の実務寄り再出題。
original,orig_set06,19,119,標準管理規約,議事録,single_choice,standard,マンション標準管理規約49条,議事録の作成者と署名者を確認する。,drafting,checked,総会議事録に関する次の記述のうち、最も適切なものはどれか。,作成者と署名者の確認。,3,議長作成、議長と選任2名署名,1:議事録は管理会社だけが作成し、組合員署名は不要である。 / 2:議事録には出席組合員全員の署名が必要である。 / 3:議事録は議長が作成し、議長及び総会で選任された出席組合員2名が署名する。 / 4:議事録は理事会承認後でなければ作成してはならない。,,正解は3です。標準管理規約では、議事録は議長が作成し、議長と総会で選任された出席組合員2名が署名します。,https://www.mansion-info.mlit.go.jp/wp-content/uploads/2025/10/R7%E6%94%B9%E6%AD%A3%E7%89%88_%E6%A8%99%E6%BA%96%E7%AE%A1%E7%90%86%E8%A6%8F%E7%B4%84%EF%BC%8B%E3%82%B3%E3%83%A1%E3%83%B3%E3%83%88%EF%BC%88%E5%8D%98%E6%A3%9F%E5%9E%8B%EF%BC%89.pdf,署名者人数を誤っていないか,問47の再確認版。
original,orig_set06,20,120,民法・借地借家法,相続と債務承継,combination,standard,民法896条 / 民法915条,包括承継と熟慮期間を改めて確認する。,drafting,checked,相続と債務承継に関する次のアからエまでの記述のうち、正しいもののみの組合せはどれか。,包括承継、一身専属権、熟慮期間。,2,包括承継が原則 / 熟慮期間は3か月,1:アとイ / 2:アとウ / 3:イとエ / 4:ウとエ,ア:相続人は、原則として被相続人の財産に属した権利義務を包括して承継する。 / イ:相続放棄は、相続開始を知った時から1年以内であれば足りる。 / ウ:限定承認又は相続放棄は、自己のために相続開始があったことを知った時から3か月以内にするのが原則である。 / エ:一身専属権も例外なく相続人が承継する。,正解は2です。アとウが正しいです。相続人は原則として権利義務を包括承継し、限定承認又は相続放棄は3か月以内に行うのが原則です。イとエは誤りです。,https://www.japaneselawtranslation.go.jp/en/laws/view/4848,熟慮期間を3か月としているか,問44の標準難度版。
original,orig_set07,1,121,会計・税務,保険料処理,accounting_table,standard,管理組合会計の基本,複数期間分の保険料支払いでは期間対応を考えることを確認する。,drafting,checked,保険料の会計処理に関する次の記述のうち、最も適切なものはどれか。,前払費用との関係。,2,複数期間分支払は期間対応を考える,1:翌年度分を含む保険料も、全額を当年度費用にするのが唯一の方法である。 / 2:翌年度分を含む保険料を支払った場合は、期間対応を踏まえて前払費用として整理することがある。 / 3:保険料は、支払時期にかかわらず常に修繕積立金会計で処理する。 / 4:保険料処理では、支払内容や対象期間を考える必要はない。,,正解は2です。複数期間に対応する保険料を前払いした場合には、期間対応を踏まえて前払費用として整理することがあります。したがって2が最も適切です。,管理組合会計の基本論点,前払費用処理を落としていないか,保険料を素材にした経過勘定問題。
original,orig_set07,2,122,区分所有法,規約設定変更,combination,standard,区分所有法31条,規約変更の決議要件と特別の影響の承諾要件を合わせて確認する。,drafting,checked,規約の設定又は変更に関する次のアからエまでの記述のうち、正しいもののみの組合せはどれか。,4分の3決議と承諾要件。,1,各4分の3以上 / 特別の影響では承諾必要,1:アとウ / 2:アとエ / 3:イとウ / 4:イとエ,ア:規約の設定、変更又は廃止は、原則として区分所有者及び議決権の各4分の3以上の多数による決議による。 / イ:規約変更は、常に全区分所有者の一致が必要である。 / ウ:一部の区分所有者の権利に特別の影響を及ぼすときは、その者の承諾を要する。 / エ:規約変更は、区分所有者及び議決権の各過半数で足りる。,正解は1です。アとウが正しいです。規約変更は原則として各4分の3以上の決議によるほか、特別の影響があるときは承諾が必要です。,https://www.japaneselawtranslation.go.jp/en/laws/view/4341/en,4分の3と承諾要件を落としていないか,規約変更の総まとめ。
original,orig_set07,3,123,建築・設備,容積率と延べ面積,single_choice,standard,建築基準法52条,容積率の定義を再確認する。,drafting,checked,容積率に関する次の記述のうち、正しいものはどれか。,延べ面積と建築面積の区別。,1,延べ面積の敷地面積に対する割合,1:容積率は、建築物の延べ面積の敷地面積に対する割合である。 / 2:容積率は、建築面積の敷地面積に対する割合である。 / 3:容積率は、階数だけで決まる。 / 4:容積率は、専有部分面積だけで算定する。,,正解は1です。容積率は、建築物の延べ面積の敷地面積に対する割合です。2は建ぺい率との混同です。,https://elaws.e-gov.go.jp/document?lawid=325AC0000000201,容積率と建ぺい率を混同していないか,基本確認問題。
original,orig_set07,4,124,標準管理規約,長期修繕計画,case_based,standard,長期修繕計画作成ガイドライン,長期修繕計画は見直しを前提とする資料であることを確認する。,drafting,checked,長期修繕計画の見直しに関する次の記述のうち、最も適切なものはどれか。,劣化状況や工事実績反映。,4,定期見直しが重要 / 工事実績等を反映,1:一度作成した長期修繕計画は、建物状況が変わっても見直す必要がない。 / 2:長期修繕計画は、理事長個人が秘密に保有すべきものである。 / 3:長期修繕計画と修繕積立金見通しは無関係である。 / 4:長期修繕計画は、劣化状況や工事実績等を踏まえて定期的に見直すことが望ましい。,,正解は4です。長期修繕計画は固定的なものではなく、劣化状況や工事実績等を踏まえて見直すことが望ましい資料です。,https://www.mlit.go.jp/jutakukentiku/house/content/001884488.pdf,見直し前提を落としていないか,問51の近接論点。
original,orig_set07,5,125,民法・借地借家法,同時履行の抗弁,single_choice,standard,民法533条,相手方の履行又は履行提供まで自己の履行を拒めることを確認する。,drafting,checked,同時履行の抗弁に関する次の記述のうち、正しいものはどれか。,双務契約の基本。,2,相手方の履行又は履行提供まで拒絶可能,1:同時履行の抗弁は、片務契約にのみ認められる。 / 2:双務契約の当事者は、相手方がその債務を履行し又は履行の提供をするまで、自己の債務の履行を拒むことができる。 / 3:同時履行の抗弁を主張するには、必ず損害発生が必要である。 / 4:相手方の履行提供がなくても、常に履行を続けなければならない。,,正解は2です。民法533条により、双務契約の当事者は、相手方が履行し又は履行の提供をするまで、自己の債務の履行を拒むことができます。,https://www.japaneselawtranslation.go.jp/en/laws/view/4848,履行の提供を落としていないか,533条の素直な確認。
original,orig_set07,6,126,会計・税務,管理費収入,single_choice,standard,管理組合会計の基本,管理費収入は管理費会計の基本財源であることを確認する。,drafting,checked,管理費収入に関する次の記述のうち、最も適切なものはどれか。,経常管理費用との関係。,1,管理費収入は日常管理費用の基本財源,1:管理費収入は、共用部分の日常管理に要する経費をまかなうための基本的な財源である。 / 2:管理費収入は、原則として大規模修繕工事費だけに充てる。 / 3:管理費収入は、管理組合会計とは無関係の預り金である。 / 4:管理費収入は、理事長個人が自由に使途を決めてよい。,,正解は1です。管理費収入は、共用部分の日常管理に要する経費をまかなうための基本的な財源です。2、3、4は誤りです。,管理組合会計の基本論点,管理費収入と修繕積立金を逆転させていないか,会計基礎の再確認。
original,orig_set07,7,127,区分所有法,占有者の地位,precedent_fill,standard,区分所有法6条3項,占有者にも共同利益義務が及ぶことを確認する。,drafting,checked,区分所有法によれば、占有者は、建物の保存に有害な行為その他[　]に反する行為をしてはならない。この[　]に当てはまるものとして正しいものはどれか。,6条3項の基本文言。,3,共同の利益に反する行為の禁止,1:個人の嗜好 / 2:賃貸人の指示 / 3:共同の利益 / 4:理事長の意向,,正解は3です。区分所有法では、占有者は建物の保存に有害な行為その他共同の利益に反する行為をしてはならないとされています。,https://www.japaneselawtranslation.go.jp/en/laws/view/4341/en,6条3項の文言を誤っていないか,占有者論点の条文穴埋め。
original,orig_set07,8,128,建築・設備,非常用照明,case_based,standard,建築基準法施行令126条の4,停電時の避難安全確保という非常用照明の目的を確認する。,drafting,checked,非常用照明の役割として最も適切なものはどれか。,停電時の避難経路確保。,4,停電時に避難上必要な照明を確保する,1:平常時の装飾照明を増やすことだけが目的である。 / 2:火災時の消火活動専用で、避難安全とは無関係である。 / 3:通常照明がある建物では、停電時対策としての役割はない。 / 4:停電時に避難経路の安全を確保するために必要な照明を維持する役割がある。,,正解は4です。非常用照明は、停電時に避難経路の安全を確保するために必要な照明を維持する設備です。,https://elaws.e-gov.go.jp/document?lawid=325CO0000000338,停電時避難安全の目的を落としていないか,問50の再確認版。
original,orig_set07,9,129,標準管理規約,滞納管理費対応,combination,standard,マンション標準管理規約60条 / 区分所有法7条,管理費滞納への対応は督促から法的手続まで段階的に考えることを確認する。,drafting,checked,滞納管理費対応に関する次のアからエまでの記述のうち、適切なもののみの組合せはどれか。,督促、法的手続、放置の誤り。,2,督促や法的回収があり得る / 放置すべきではない,1:アとイ / 2:アとウ / 3:イとエ / 4:ウとエ,ア:管理費等が滞納された場合、督促その他必要な回収措置を検討することになる。 / イ:管理費滞納は、時効完成まで放置するのが原則である。 / ウ:必要に応じて、法的手続により回収を図ることがあり得る。 / エ:管理組合には、滞納管理費等の請求権は認められない。,正解は2です。アとウが適切です。滞納管理費等には、督促や必要に応じた法的手続など段階的対応をとることがあります。イとエは誤りです。,https://www.japaneselawtranslation.go.jp/en/laws/view/4341/en / https://www.mansion-info.mlit.go.jp/wp-content/uploads/2025/10/R7%E6%94%B9%E6%AD%A3%E7%89%88_%E6%A8%99%E6%BA%96%E7%AE%A1%E7%90%86%E8%A6%8F%E7%B4%84%EF%BC%8B%E3%82%B3%E3%83%A1%E3%83%B3%E3%83%88%EF%BC%88%E5%8D%98%E6%A3%9F%E5%9E%8B%EF%BC%89.pdf,放置論や請求権否定が正答になっていないか,問55の標準難度版。
original,orig_set07,10,130,民法・借地借家法,履行遅滞と解除,case_based,standard,民法541条,催告解除を原則として確認する。,drafting,checked,履行遅滞と解除に関する次の記述のうち、最も適切なものはどれか。,相当期間を定めた催告。,1,相当期間を定めた催告後に解除,1:原則として、相当の期間を定めて履行を催告し、その期間内に履行がなければ解除できる。 / 2:履行期を一日過ぎた時点で、常に無催告解除できる。 / 3:履行遅滞があっても、解除には相手方の同意が必要である。 / 4:履行遅滞では、損害賠償だけが可能で解除は不可能である。,,正解は1です。履行遅滞による解除は、原則として相当の期間を定めて催告し、その期間内に履行がなければ可能となります。,https://www.japaneselawtranslation.go.jp/en/laws/view/4848,催告解除を原則にできているか,解除論点の基本形。
original,orig_set07,11,131,会計・税務,勘定科目判定,comparison_table,advanced,管理組合会計の基本,似た勘定科目を性質で見分ける力を確認する。,drafting,checked,勘定科目の判定に関する次の記述のうち、最も適切なものはどれか。,前受金・預り金・未収・未払の見分け。,2,勘定科目は金銭の性質で判定する,1:勘定科目は、金額の大きさだけで決めるのが原則である。 / 2:勘定科目は、その金銭が将来期間に対応するものか、第三者へ渡すものか、未収未払かなどの性質で判定する。 / 3:同じ金銭でも、年度ごとに自由に科目を変えてよい。 / 4:勘定科目判定では、会計上の意味を考える必要はない。,,正解は2です。勘定科目は、金額ではなく、その金銭の性質に応じて判定することが重要です。,管理組合会計の基本論点,金額だけで科目判定する構成になっていないか,複数の基本勘定を横断する問題。
original,orig_set07,12,132,区分所有法,団地関係,single_choice,advanced,区分所有法65条以下,団地関係では全棟共通の利害に関する管理があり得ることを確認する。,drafting,checked,団地関係に関する次の記述のうち、最も適切なものはどれか。,複数棟共有施設の管理。,3,全棟共通施設は団地関係で管理され得る,1:団地内の共有施設でも、他棟との共同管理は一切できない。 / 2:共有施設の処分は、各棟理事長が自由に個別決定してよい。 / 3:複数棟の共有施設については、団地関係の規律の下で全棟共通事項を処理することがある。 / 4:団地関係では、区分所有法は適用されない。,,正解は3です。団地関係では、複数棟の区分所有者に共通する施設や利害に関する事項を、全体で処理することがあります。,https://www.japaneselawtranslation.go.jp/en/laws/view/4341/en,団地関係を否定していないか,問57の単一正誤版。
original,orig_set07,13,133,建築・設備,給排水衛生設備,comparison_table,advanced,建築設備の基礎,給水設備と排水設備の役割を対比して理解しているかを確認する。,drafting,checked,給排水衛生設備に関する次の対応のうち、最も適切なものはどれか。,受水槽、トラップ、通気管、排水ます。,1,トラップは封水で臭気侵入防止,1:トラップ - 封水で下水臭や害虫の侵入を防止する / 2:受水槽 - 排水臭気を屋外へ逃がす設備 / 3:通気管 - 排水管内の空気の流れを止める設備 / 4:排水ます - 飲用水を一時貯留する設備,,正解は1です。トラップは封水によって下水臭や害虫の侵入を防止する設備です。他の選択肢は設備の役割を取り違えています。,建築設備の基本論点,給水設備と排水設備の役割を逆転していないか,設備用語の確認問題。
original,orig_set07,14,134,標準管理規約,駐車場使用細則,single_choice,advanced,マンション標準管理規約15条 / マンション標準管理規約18条,駐車場使用細則が使用方法や使用料の運用ルールになることを確認する。,drafting,checked,駐車場使用細則に関する次の記述のうち、最も適切なものはどれか。,細則と理事長裁量の対比。,4,使用方法や使用料等を細則で定め得る,1:駐車場使用細則は、標準管理規約上予定されていない。 / 2:使用料は理事長が都度自由に決めれば足りる。 / 3:細則は管理会社が単独で制定するのが原則である。 / 4:駐車場の使用方法や使用料等については、細則で定めて運用することがある。,,正解は4です。駐車場については、使用方法や使用料等を細則で定めて運用することがあります。1、2、3は誤りです。,https://www.mansion-info.mlit.go.jp/wp-content/uploads/2025/10/R7%E6%94%B9%E6%AD%A3%E7%89%88_%E6%A8%99%E6%BA%96%E7%AE%A1%E7%90%86%E8%A6%8F%E7%B4%84%EF%BC%8B%E3%82%B3%E3%83%A1%E3%83%B3%E3%83%88%EF%BC%88%E5%8D%98%E6%A3%9F%E5%9E%8B%EF%BC%89.pdf,細則の位置づけを誤っていないか,問59の再確認版。
original,orig_set07,15,135,民法・借地借家法,無断転貸,count,advanced,民法612条,賃借権譲渡・転貸の承諾要否と解除効果を確認する。,drafting,checked,無断転貸等に関する次のアからエまでの記述のうち、正しいものはいくつあるか。,承諾要否と解除。,2,承諾必要、無断なら解除可能,1:一つ / 2:二つ / 3:三つ / 4:四つ,ア:賃借人は、賃貸人の承諾なく賃借物を転貸することができない。 / イ:賃借人は、賃貸人の承諾なく賃借権を譲渡することができない。 / ウ:無断転貸があっても、賃貸人は解除できない。 / エ:賃貸人の承諾は不要であり、口頭なら常に自由である。,正解は2です。正しいのはアとイの二つです。賃借権譲渡や転貸には賃貸人の承諾が必要で、無断の場合には解除が問題となります。,https://www.japaneselawtranslation.go.jp/en/laws/view/4848,承諾要否と解除効果を取り違えていないか,問56の応用版。
original,orig_set07,16,136,会計・税務,前受金と預り金,combination,basic,管理組合会計の基本,前受金と預り金の区別を再確認する。,drafting,checked,前受金と預り金に関する次のアからエまでの記述のうち、適切なもののみの組合せはどれか。,翌期収入と第三者渡し金の違い。,4,前受金は将来期間対応、預り金は一時受入れ返還金,1:アとイ / 2:アとエ / 3:イとウ / 4:ウとエ,ア:前受金は、後日第三者へそのまま渡すべき金銭をいう。 / イ:預り金は、翌年度分管理費を先に受け取った場合の勘定科目である。 / ウ:前受金は、将来の期間に対応するものを先に受け取った場合に用いることがある。 / エ:預り金は、一時的に受け入れ、後日第三者等へ支払うべき金銭に用いることがある。,正解は4です。ウとエが適切です。前受金は将来期間分の受入れ、預り金は一時的に受け入れて後日支払うべき金銭の整理に用います。,管理組合会計の基本論点,前受金と預り金を逆転させていないか,問61の組合せ版。
original,orig_set07,17,137,区分所有法,復旧決議,case_based,basic,区分所有法61条,一部滅失後の復旧判断を事例で確認する。,drafting,checked,共用部分が一部滅失した場合の復旧判断に関する次の記述のうち、最も適切なものはどれか。,復旧可否、集会関与。,1,一部滅失後は復旧の要否を区分所有者が判断する,1:一部滅失後には、復旧を行うかどうかが問題となり、区分所有者の意思決定が必要となる。 / 2:一部滅失があれば、理事長が単独で必ず建替えを決定する。 / 3:一部滅失後には、復旧を検討する余地はなく、常に放置が原則である。 / 4:一部滅失後には、区分所有法の規律は及ばない。,,正解は1です。一部滅失後には、復旧を行うかどうかが区分所有者の意思決定事項となります。2、3、4は誤りです。,https://www.japaneselawtranslation.go.jp/en/laws/view/4341/en,復旧判断を単独決定にしていないか,復旧論点の基礎確認。
original,orig_set07,18,138,建築・設備,換気設備,combination,basic,住宅換気の基礎,換気設備の役割を基本レベルで確認する。,drafting,checked,換気設備に関する次のアからエまでの記述のうち、適切なもののみの組合せはどれか。,湿気排出、給気経路。,1,湿気・汚染物質排出、給気経路確保,1:アとウ / 2:アとイ / 3:イとエ / 4:ウとエ,ア:換気は、室内の湿気や汚染物質の排出に役立つ。 / イ:気密性の高い住戸では、換気を止めるほど結露対策に有効である。 / ウ:換気計画では、排気だけでなく給気経路も考慮する必要がある。 / エ:換気設備は臭気対策だけの設備であり、湿気とは無関係である。,正解は1です。アとウが適切です。換気は湿気や汚染物質の排出に役立ち、給気経路も重要です。イとエは誤りです。,https://www.mlit.go.jp/jutakukentiku/build/jutakukentiku_house_fr_000108.html,換気停止を正答にしていないか,問58の基礎版。
original,orig_set07,19,139,標準管理規約,専用使用権,case_based,basic,マンション標準管理規約14条 / マンション標準管理規約15条,専用使用部分は共用部分等を前提とすることを確認する。,drafting,checked,専用使用権に関する次の記述のうち、最も適切なものはどれか。,専用庭やバルコニーの扱い。,2,専用使用部分は専有部分ではなく規約等の制約を受ける,1:専用使用部分は専有部分と同一であり、自由増築できる。 / 2:専用使用部分は、共用部分等について特定の組合員に使用を認めるもので、規約や細則の制約を受ける。 / 3:専用使用権があれば、管理組合の管理対象から外れる。 / 4:標準管理規約では、専用使用権は予定されていない。,,正解は2です。専用使用部分は共用部分等を前提とするため、規約や細則の制約を受けます。1、3、4は誤りです。,https://www.mansion-info.mlit.go.jp/wp-content/uploads/2025/10/R7%E6%94%B9%E6%AD%A3%E7%89%88_%E6%A8%99%E6%BA%96%E7%AE%A1%E7%90%86%E8%A6%8F%E7%B4%84%EF%BC%8B%E3%82%B3%E3%83%A1%E3%83%B3%E3%83%88%EF%BC%88%E5%8D%98%E6%A3%9F%E5%9E%8B%EF%BC%89.pdf,専用使用部分と専有部分を混同していないか,問64の近接論点。
original,orig_set07,20,140,民法・借地借家法,時効と承認,combination,basic,民法152条 / 民法156条,催告による完成猶予と承認による更新を再確認する。,drafting,checked,時効と承認に関する次のアからエまでの記述のうち、正しいもののみの組合せはどれか。,完成猶予と更新の区別。,2,催告は完成猶予、承認は更新,1:アとイ / 2:アとウ / 3:イとエ / 4:ウとエ,ア:催告があったときは、その時から6か月を経過するまでの間、時効の完成は猶予される。 / イ:催告があれば、その後何もしなくても当然に時効は更新する。 / ウ:承認があったときは、時効は更新する。 / エ:承認があっても、時効には何の影響もない。,正解は2です。アとウが正しいです。催告は完成猶予、承認は更新の効果を持ちます。,https://www.japaneselawtranslation.go.jp/en/laws/view/4848,完成猶予と更新を混同していないか,問60の基礎版。
original,orig_set08,1,141,管理適正化法,管理業務主任者,single_choice,basic,マンションの管理の適正化の推進に関する法律 / 国土交通省資料,管理業務主任者が重要事項説明等を担う専門職であることを確認する。,drafting,checked,管理業務主任者に関する次の記述のうち、最も適切なものはどれか。,重要事項説明と管理事務チェックの役割。,2,重要事項説明等を担う / 主任者証等の制度がある,1:管理業務主任者は、マンション管理業務とは無関係に建築確認だけを行う資格である。 / 2:管理業務主任者は、管理受託契約の重要事項説明や管理事務のチェック等に関わる専門職である。 / 3:管理業務主任者は、管理組合が置くかどうかを自由に決める私的な肩書にすぎない。 / 4:管理業務主任者は、宅地建物取引士と全く同じ制度で、管理適正化法とは無関係である。,,正解は2です。管理業務主任者は、マンション管理業において、管理受託契約の重要事項説明や管理事務のチェック等に関わる専門職です。したがって2が最も適切です。,https://www.mlit.go.jp/totikensangyo/const/1_6_bt_000260.html / https://www.thr.mlit.go.jp/kensetsu/man.html,管理業務主任者の役割を重要事項説明等に結び付けているか / 他資格と混同していないか,管理適正化法パートの入口問題。
original,orig_set08,2,142,会計・税務,未払金と前払費用,accounting_table,standard,管理組合会計の基本,未払金と前払費用の区別を再確認する。,drafting,checked,未払金と前払費用に関する次の記述のうち、最も適切なものはどれか。,既発生未払と将来期間前払いの対比。,1,未払金は既発生未払い、前払費用は将来期間分先払い,1:未払金は既に発生した債務で未払いのものであり、前払費用は将来の期間に対応するものを先に支払ったものである。 / 2:未払金と前払費用は、どちらも同じ性質なので区別不要である。 / 3:前払費用は、既に提供を受けた役務の未払いを表す。 / 4:未払金は、将来支払う可能性があるかもしれない金額の予想額を表す。,,正解は1です。未払金は既に発生した債務で未払いのもの、前払費用は将来の期間に対応するものを先に支払ったものです。,管理組合会計の基本論点,未払金と前払費用を逆転していないか,問66の短文化。
original,orig_set08,3,143,区分所有法,競売請求,combination,standard,区分所有法59条,競売請求が最終的救済手段であることを整理する。,drafting,checked,競売請求に関する次のアからエまでの記述のうち、正しいもののみの組合せはどれか。,著しい障害、他の方法困難、集会決議。,4,著しい障害と他の方法困難が前提 / 集会決議が関わる,1:アとイ / 2:アとエ / 3:イとウ / 4:ウとエ,ア:共同生活上の障害が軽微でも、常に直ちに競売請求できる。 / イ:理事長は、集会決議を経ずに単独で競売請求できる。 / ウ:共同生活上の障害が著しく、他の方法によってはその障害除去が困難である場合に競売請求が問題となる。 / エ:競売請求は、集会の決議に基づいて行う構造である。,正解は4です。ウとエが正しいです。競売請求は、共同生活上の障害が著しく、他の方法によってはその除去が困難な場合に、集会の決議に基づいて行う最終的な救済手段です。,https://www.japaneselawtranslation.go.jp/en/laws/view/4341/en,59条の要件と手続を外していないか,問67より要件重視。
original,orig_set08,4,144,建築・設備,駐車場設備,single_choice,standard,駐車場設備実務,機械式駐車設備等の保守点検の重要性を確認する。,drafting,checked,駐車場設備に関する次の記述のうち、最も適切なものはどれか。,可動設備の点検。,2,安全確保のため点検・保守が重要,1:機械式駐車設備は、設置後に保守点検する必要がない。 / 2:機械式駐車設備では、事故防止や機能維持のため、定期点検や保守が重要である。 / 3:設備の管理責任は利用者だけにあり、管理組合は関与しない。 / 4:設備更新の判断は、外観だけで行えば足りる。,,正解は2です。駐車場設備、とくに機械式駐車設備では、安全確保や機能維持のため、定期点検や保守が重要です。,駐車場設備実務の基本論点,保守点検不要論を正答にしていないか,問63の標準難度版。
original,orig_set08,5,145,標準管理規約,管理組合会計,combination,standard,マンション標準管理規約27条 / マンション標準管理規約28条 / マンション標準管理規約63条,管理組合会計では管理費と修繕積立金の区分管理が重要であることを確認する。,drafting,checked,管理組合会計に関する次のアからエまでの記述のうち、適切なもののみの組合せはどれか。,会計区分と報告の重要性。,1,管理費と修繕積立金は区分管理 / 予算決算は重要,1:アとウ / 2:アとエ / 3:イとウ / 4:イとエ,ア:管理費と修繕積立金は、その使途の違いを踏まえて区別して管理することが重要である。 / イ:修繕積立金は、共用部分の電気料等の日常経常費用に充てるのが原則である。 / ウ:収支予算や決算の報告は、管理組合会計の運営上重要である。 / エ:管理費会計から大規模修繕工事費を支出するのが原則である。,正解は1です。アとウが適切です。管理費と修繕積立金は区別して管理し、予算や決算の報告も重要です。イとエは使途を逆にしています。,https://www.mansion-info.mlit.go.jp/wp-content/uploads/2025/10/R7%E6%94%B9%E6%AD%A3%E7%89%88_%E6%A8%99%E6%BA%96%E7%AE%A1%E7%90%86%E8%A6%8F%E7%B4%84%EF%BC%8B%E3%82%B3%E3%83%A1%E3%83%B3%E3%83%88%EF%BC%88%E5%8D%98%E6%A3%9F%E5%9E%8B%EF%BC%89.pdf,使途逆転を正答にしていないか,問69の標準難度版。
original,orig_set08,6,146,民法・借地借家法,定期建物賃貸借,single_choice,standard,借地借家法38条,定期建物賃貸借の書面要件と更新なしの性格を確認する。,drafting,checked,定期建物賃貸借に関する次の記述のうち、正しいものはどれか。,書面要件・更新なし。,4,書面による契約、更新なし,1:定期建物賃貸借は、口頭であっても当然に有効である。 / 2:定期建物賃貸借では、期間満了後に当然更新される。 / 3:定期建物賃貸借は、居住用建物には利用できない。 / 4:定期建物賃貸借は、更新がないこととする建物賃貸借であり、公正証書等の書面によって契約する。,,正解は4です。定期建物賃貸借は、更新がないこととする建物賃貸借であり、公正証書等の書面によって契約します。,https://www.japaneselawtranslation.go.jp/en/laws/view/4846,書面要件と更新なしを落としていないか,問65の標準難度版。
original,orig_set08,7,147,管理適正化法,マンション管理業者の義務,count,standard,マンションの管理の適正化の推進に関する法律 / 国土交通省資料,マンション管理業者には重要事項説明や財産分別管理などの義務があることを確認する。,drafting,checked,マンション管理業者の義務に関する次のアからエまでの記述のうち、適切なものはいくつあるか。,重要事項説明、管理事務報告、財産分別管理を意識させる。,2,重要事項説明等の義務 / 管理組合財産の分別管理等,1:一つ / 2:二つ / 3:三つ / 4:四つ,ア:マンション管理業者には、管理受託契約に関する重要事項説明等が問題となる。 / イ:管理業者は、管理組合の財産と自己の財産の区分を意識した管理が求められる。 / ウ:マンション管理業者は、登録を受けなくても自由に管理業を営むことができる。 / エ:マンション管理業者には、管理組合に対する報告義務等は一切ない。,正解は2です。正しいのはアとイの二つです。マンション管理業者には、重要事項説明等や管理組合財産の適切な管理などが求められます。登録制や報告義務を否定するウとエは誤りです。,https://www.mlit.go.jp/totikensangyo/const/1_6_bt_000260.html / https://www.thr.mlit.go.jp/kensetsu/man.html,登録制を否定していないか / 重要事項説明や分別管理の方向を外していないか,管理適正化法の基本義務論点。
original,orig_set08,8,148,会計・税務,会計区分,single_choice,standard,管理組合会計の基本,一般会計と修繕積立金会計の区分の意味を確認する。,drafting,checked,会計区分に関する次の記述のうち、最も適切なものはどれか。,性質の異なる資金を区分管理する意義。,3,日常管理費用と計画修繕費用は性質が異なる,1:一般会計と修繕積立金会計を区別する意味はない。 / 2:修繕積立金会計は、日常清掃費を支払うための会計である。 / 3:日常管理に要する費用と将来の修繕に備える費用は性質が異なるため、会計区分を分けて管理する意義がある。 / 4:会計区分は、勘定科目名を増やすためだけに設ける。,,正解は3です。日常管理費用と将来修繕に備える費用は性質が異なるため、会計区分を分けて管理する意義があります。,管理組合会計の基本論点,会計区分の趣旨を落としていないか,問71の短文化。
original,orig_set08,9,149,区分所有法,使用禁止請求,precedent_fill,standard,区分所有法58条,専有部分の使用禁止請求の名称を確認する。,drafting,checked,共同生活上の障害が著しいときに、区分所有法58条が定める請求は、専有部分の[　]請求である。この[　]に当てはまるものとして正しいものはどれか。,58条文言確認。,1,58条は使用禁止請求,1:使用禁止 / 2:競売 / 3:明渡し / 4:差止め,,正解は1です。区分所有法58条は、専有部分の使用禁止請求を定めています。競売は59条、差止めは57条の論点です。,https://www.japaneselawtranslation.go.jp/en/laws/view/4341/en,57条・58条・59条を混同していないか,条文の段階整理。
original,orig_set08,10,150,建築・設備,コンクリート中性化,case_based,standard,建築材料の基礎,中性化が鉄筋腐食リスクと結びつくことを再確認する。,drafting,checked,コンクリート中性化に関する次の記述のうち、最も適切なものはどれか。,鉄筋腐食リスク。,2,中性化進行で鉄筋腐食しやすくなる,1:中性化は外観の色むらだけの問題で、耐久性とは無関係である。 / 2:中性化が進むと、鉄筋の腐食が生じやすくなり、耐久性上の問題につながることがある。 / 3:中性化対策としては、換気設備を止めるのが有効である。 / 4:中性化は、コンクリート強度を必ず直ちにゼロにする現象である。,,正解は2です。中性化が進むと鉄筋腐食が生じやすくなり、ひび割れや剥落など耐久性上の問題につながることがあります。,建築材料の基本論点,中性化と鉄筋腐食の関係を誤っていないか,問68の標準難度版。
original,orig_set08,11,151,標準管理規約,理事長権限,single_choice,standard,マンション標準管理規約38条,理事長の代表権と単独決定できない事項の区別を確認する。,drafting,checked,理事長の権限に関する次の記述のうち、最も適切なものはどれか。,代表権と総会・理事会事項の区別。,3,理事長は代表・統括するが、総会理事会事項を無制限に決められない,1:理事長には対外的な代表権はない。 / 2:理事長は規約変更や予算決定を常に単独で行える。 / 3:理事長は管理組合を代表し業務を統括するが、総会や理事会の権限事項まで自由に単独決定できるわけではない。 / 4:理事長の権限は会計帳簿の閲覧に限られる。,,正解は3です。理事長は管理組合を代表して業務を統括しますが、総会や理事会で決すべき事項まで自由に単独決定できるわけではありません。,https://www.mansion-info.mlit.go.jp/wp-content/uploads/2025/10/R7%E6%94%B9%E6%AD%A3%E7%89%88_%E6%A8%99%E6%BA%96%E7%AE%A1%E7%90%86%E8%A6%8F%E7%B4%84%EF%BC%8B%E3%82%B3%E3%83%A1%E3%83%B3%E3%83%88%EF%BC%88%E5%8D%98%E6%A3%9F%E5%9E%8B%EF%BC%89.pdf,代表権を否定していないか / 権限を無制限化していないか,問74の近接論点。
original,orig_set08,12,152,民法・借地借家法,危険負担,case_based,standard,民法536条,双方の責めに帰さない不能時の反対給付関係を確認する。,drafting,checked,危険負担に関する次の記述のうち、民法の規定によれば、最も適切なものはどれか。,反対給付を受ける権利喪失。,2,不能時に反対給付を受ける権利を失うのが原則,1:不能になっても、債務者は常に反対給付を受ける権利を保持する。 / 2:双方の責めに帰することができない事由で履行不能となったときは、債務者は反対給付を受ける権利を失うのが原則である。 / 3:危険負担の問題は民法上存在しない。 / 4:履行不能の効果は、常に債権者の損害賠償義務だけで決まる。,,正解は2です。民法536条1項により、双方の責めに帰することができない事由によって履行不能となったときは、債務者は反対給付を受ける権利を失うのが原則です。,https://www.japaneselawtranslation.go.jp/en/laws/view/4848,536条の方向を逆にしていないか,問70の別表現。
original,orig_set08,13,153,管理適正化法,重要事項説明,combination,standard,マンションの管理の適正化の推進に関する法律 / 国土交通省資料,重要事項説明が管理受託契約締結前の重要な手続であることを確認する。,drafting,checked,管理受託契約における重要事項説明に関する次のアからエまでの記述のうち、適切なもののみの組合せはどれか。,契約締結前、主任者関与、不要論を排除。,1,重要事項説明は契約締結前の重要手続 / 管理業務主任者が関与する,1:アとウ / 2:アとエ / 3:イとウ / 4:イとエ,ア:管理受託契約に関する重要事項説明は、契約締結前の重要な手続として位置付けられる。 / イ:重要事項説明は、契約締結後に行えば足りる。 / ウ:重要事項説明には、管理業務主任者の関与が問題となる。 / エ:重要事項説明は、管理組合が希望しない限り不要である。,正解は1です。重要事項説明は契約締結前の重要な手続であり、管理業務主任者の関与が問題となります。イとエは誤りです。,https://www.mlit.go.jp/totikensangyo/const/1_6_bt_000260.html / https://www.thr.mlit.go.jp/kensetsu/man.html,説明時期を誤っていないか / 主任者関与を落としていないか,管理適正化法の基本手続。
original,orig_set08,14,154,会計・税務,駐車場使用料処理,comparison_table,standard,標準管理規約28条 / 管理組合会計の基本,駐車場使用料の処理は規約・細則に沿って整理することを確認する。,drafting,checked,駐車場使用料の処理に関する次の記述のうち、最も適切なものはどれか。,規約準拠と自由流用否定。,4,規約・細則に沿って処理 / 自由流用不可,1:駐車場使用料は、理事長個人が自由に使途を決められる。 / 2:駐車場使用料は、会計区分を考える必要がない。 / 3:駐車場使用料は、必ず管理組合外へ渡す預り金である。 / 4:駐車場使用料は、規約や細則で定めたルールに従って会計処理する必要がある。,,正解は4です。駐車場使用料は、規約や細則で定めたルールに従って会計処理する必要があります。,https://www.mansion-info.mlit.go.jp/wp-content/uploads/2025/10/R7%E6%94%B9%E6%AD%A3%E7%89%88_%E6%A8%99%E6%BA%96%E7%AE%A1%E7%90%86%E8%A6%8F%E7%B4%84%EF%BC%8B%E3%82%B3%E3%83%A1%E3%83%B3%E3%83%88%EF%BC%88%E5%8D%98%E6%A3%9F%E5%9E%8B%EF%BC%89.pdf,自由流用を正答にしていないか,問76の比較版。
original,orig_set08,15,155,区分所有法,集会招集,single_choice,standard,区分所有法34条,集会招集では通知と議題明示が重要であることを確認する。,drafting,checked,集会招集に関する次の記述のうち、最も適切なものはどれか。,通知と議題明示。,1,区分所有者が判断できるよう通知と議題明示が必要,1:集会を招集する際には、区分所有者が判断できるよう、招集通知や議題の明示が重要である。 / 2:議題は当日まで秘密にしてよく、通知不要である。 / 3:規約変更も理事会だけで決めればよく、集会招集は不要である。 / 4:一人に口頭連絡すれば全員への通知に代わる。,,正解は1です。集会招集では、区分所有者が議案内容を踏まえて判断できるよう、招集通知や議題明示が重要です。,https://www.japaneselawtranslation.go.jp/en/laws/view/4341/en,議題明示を落としていないか,問77の単一正誤版。
original,orig_set08,16,156,建築・設備,ひび割れ原因,comparison_table,standard,建築材料の基礎,ひび割れ原因が複数あり得ることを再確認する。,drafting,checked,ひび割れ原因に関する次の記述のうち、最も適切なものはどれか。,乾燥収縮、温度変化、不同沈下。,2,ひび割れ原因は複数あり得る,1:ひび割れ原因は常に一つだけである。 / 2:ひび割れは、乾燥収縮、温度変化、不同沈下など複数要因で生じることがある。 / 3:ひび割れは汚れだけが原因である。 / 4:ひび割れがあっても調査不要である。,,正解は2です。ひび割れは乾燥収縮、温度変化、不同沈下など複数の要因で生じることがあります。,建築材料・劣化診断の基本論点,単因子化していないか,問73の再確認版。
original,orig_set08,17,157,標準管理規約,総会決議事項,case_based,standard,マンション標準管理規約48条,総会事項と日常執行事項を区別できるかを確認する。,drafting,checked,総会決議事項として最も適切なものはどれか。,予算承認と軽微補修の対比。,1,収支予算承認は総会事項,1:次年度の収支予算を承認すること / 2:共用廊下照明の同等品交換を実施すること / 3:清掃日程を一時変更すること / 4:掲示物を貼り替えること,,正解は1です。収支予算の承認は管理組合運営の重要事項であり、総会決議事項です。,https://www.mansion-info.mlit.go.jp/wp-content/uploads/2025/10/R7%E6%94%B9%E6%AD%A3%E7%89%88_%E6%A8%99%E6%BA%96%E7%AE%A1%E7%90%86%E8%A6%8F%E7%B4%84%EF%BC%8B%E3%82%B3%E3%83%A1%E3%83%B3%E3%83%88%EF%BC%88%E5%8D%98%E6%A3%9F%E5%9E%8B%EF%BC%89.pdf,総会事項と執行事項を混同していないか,問79の再整理。
original,orig_set08,18,158,民法・借地借家法,解除と損害賠償,count,standard,民法545条 / 民法415条,解除しても損害賠償請求が妨げられないことを確認する。,drafting,checked,解除と損害賠償に関する次の記述のうち、正しいものはいくつあるか。,原状回復と損害賠償。,2,解除しても損害賠償請求可 / 原状回復義務あり得る,1:一つ / 2:二つ / 3:三つ / 4:四つ,ア:解除権の行使は、損害賠償の請求を妨げない。 / イ:解除により、受け取った給付の原状回復が問題となることがある。 / ウ:解除すると、損害賠償請求は一切できない。 / エ:解除には必ず懲罰的損害賠償が伴う。,正解は2です。アとイが正しいです。解除は損害賠償請求を妨げず、原状回復義務が問題となることがあります。,https://www.japaneselawtranslation.go.jp/en/laws/view/4848,解除と損害賠償の関係を誤っていないか,問75の再確認版。
original,orig_set08,19,159,管理適正化法,契約成立時書面,case_based,standard,マンションの管理の適正化の推進に関する法律 / 国土交通省資料,管理受託契約成立時には書面交付が重要であることを確認する。,drafting,checked,管理受託契約成立時の書面に関する次の記述のうち、最も適切なものはどれか。,契約成立後の書面交付。,2,契約成立時書面の交付が問題となる,1:契約成立後の書面は一切不要である。 / 2:管理受託契約の成立時には、法に基づく書面交付が問題となる。 / 3:重要事項説明をした場合、成立時書面は不要となる。 / 4:成立時書面は管理組合が要求したときだけ交付すればよい。,,正解は2です。管理受託契約では、契約成立時に法に基づく書面交付が問題となります。重要事項説明とは別の手続として整理が必要です。,https://www.mlit.go.jp/totikensangyo/const/1_6_bt_000260.html,重要事項説明と成立時書面を混同していないか,管理適正化法の手続論点。
original,orig_set08,20,160,会計・税務,財務諸表読解,combination,advanced,管理組合会計の基本,財務諸表読解では収支報告書と貸借対照表を併せて見ることを確認する。,drafting,checked,財務諸表読解に関する次のアからエまでの記述のうち、適切なもののみの組合せはどれか。,黒字と現金残高、未収未払の関係。,3,収支差額と現金残高は同じではない / 貸借対照表と収支報告書を併読,1:アとイ / 2:イとウ / 3:アとエ / 4:ウとエ,ア:財務諸表を読む際には、収支報告書だけでなく貸借対照表も合わせて確認することが重要である。 / イ:当期黒字であれば、現預金残高も必ず同額だけ増加している。 / ウ:未収金や未払金は、財務状況を読むうえで考慮不要である。 / エ:財務諸表の読解では、未収金、未払金、前受金などの残高にも注意する必要がある。,正解は3です。アとエが適切です。財務諸表の読解では、収支報告書だけでなく貸借対照表も確認し、未収金や未払金等の残高にも注意する必要があります。,管理組合会計の基本論点,黒字と現金増加を短絡していないか,問81の組合せ版。
original,orig_set09,1,161,区分所有法,共用部分持分,case_based,advanced,区分所有法14条,共用部分持分が専有部分と一体で処分されることを事例で確認する。,drafting,checked,区分所有者Aが自己の専有部分は残したまま、共用部分持分だけを第三者へ譲渡したいと考えている。この場合に関する次の記述のうち、最も適切なものはどれか。,分離処分禁止。,3,共用部分持分は専有部分の処分に従う,1:共用部分持分だけを自由に分離譲渡できる。 / 2:共用部分持分は専有部分と無関係な独立財産である。 / 3:共用部分持分は専有部分の処分に従うのが原則であり、専有部分と切り離して処分することはできない。 / 4:共用部分持分は管理組合が自由に再配分できる。,,正解は3です。共用部分持分は専有部分の処分に従うのが原則で、専有部分と切り離して自由に処分することはできません。,https://www.japaneselawtranslation.go.jp/en/laws/view/4341/en,分離処分可能にしていないか,問82の事例版。
original,orig_set09,2,162,建築・設備,耐震対策,combination,advanced,耐震改修促進法の趣旨 / 耐震診断実務,耐震診断と補強計画の流れを確認する。,drafting,checked,耐震対策に関する次のアからエまでの記述のうち、適切なもののみの組合せはどれか。,診断、改修、資金計画。,4,診断で現状把握 / 補強・資金計画の検討,1:アとイ / 2:イとウ / 3:アとエ / 4:ウとエ,ア:耐震対策の必要性は築年数だけで決まり、診断は不要である。 / イ:耐震改修は主として外観デザインの改善を目的とする。 / ウ:耐震対策では、必要に応じて耐震診断等により現状を把握することが重要である。 / エ:耐震性能に課題があれば、補強方法や資金計画を総合的に検討する必要がある。,正解は4です。ウとエが適切です。耐震対策では、診断による現状把握と、必要に応じた補強・資金計画の検討が重要です。,https://www.mlit.go.jp/jutakukentiku/build/taishin.html,診断不要論を正答にしていないか,問78の応用版。
original,orig_set09,3,163,標準管理規約,修繕積立金取崩し,combination,advanced,マンション標準管理規約28条 / マンション標準管理規約48条,修繕積立金の使途と手続を再確認する。,drafting,checked,修繕積立金の取崩しに関する次のアからエまでの記述のうち、適切なもののみの組合せはどれか。,計画修繕・調査費・経常費流用否定。,1,計画修繕等に充当 / 経常費の穴埋め資金ではない,1:アとウ / 2:アとエ / 3:イとウ / 4:イとエ,ア:修繕積立金は、計画修繕やこれに付随する調査・設計監理費等に充てることがある。 / イ:修繕積立金は、理事長の判断だけで自由に経常費へ流用できる。 / ウ:修繕積立金の取崩しは、使途の適否だけでなく必要な手続にも留意する必要がある。 / エ:修繕積立金は、日常の電気料や清掃費に優先的に充てるべきである。,正解は1です。アとウが適切です。修繕積立金は計画修繕等に充てる性質のもので、経常費へ自由流用するものではありません。,https://www.mansion-info.mlit.go.jp/wp-content/uploads/2025/10/R7%E6%94%B9%E6%AD%A3%E7%89%88_%E6%A8%99%E6%BA%96%E7%AE%A1%E7%90%86%E8%A6%8F%E7%B4%84%EF%BC%8B%E3%82%B3%E3%83%A1%E3%83%B3%E3%83%88%EF%BC%88%E5%8D%98%E6%A3%9F%E5%9E%8B%EF%BC%89.pdf,経常費流用を正答にしていないか,問84の再確認。
original,orig_set09,4,164,民法・借地借家法,請負契約,combination,advanced,民法632条,請負契約の本質を委任契約と区別して理解できるかを確認する。,drafting,checked,請負契約に関する次のアからエまでの記述のうち、正しいもののみの組合せはどれか。,仕事完成義務と報酬対応。,2,仕事完成義務 / 結果に対する報酬,1:アとイ / 2:アとウ / 3:イとエ / 4:ウとエ,ア:請負は、仕事の完成を約し、相手方がその結果に対して報酬を与える契約である。 / イ:請負では、仕事完成は不要であり、善管注意義務だけで足りる。 / ウ:請負契約では、仕事完成と報酬支払義務とが対応する。 / エ:請負は、常に無償契約である。,正解は2です。アとウが正しいです。請負契約は仕事の完成を約し、その結果に対して報酬を支払う契約です。,https://www.japaneselawtranslation.go.jp/en/laws/view/4848,委任契約と混同していないか,問80の応用版。
original,orig_set09,5,165,管理適正化法,帳簿備付け,single_choice,advanced,マンションの管理の適正化の推進に関する法律 / 国土交通省資料,マンション管理業者には帳簿備付け等の業務管理義務があることを確認する。,drafting,checked,マンション管理業者の帳簿備付けに関する次の記述のうち、最も適切なものはどれか。,業務管理上の帳簿備付け。,1,帳簿備付け等の義務がある,1:マンション管理業者には、法に基づく帳簿備付け等の業務管理上の義務がある。 / 2:帳簿備付けは一切不要であり、口頭説明だけで足りる。 / 3:帳簿は、管理会社代表者の個人的メモだけで代用できる。 / 4:帳簿備付けは管理組合側の義務であり、管理業者には関係ない。,,正解は1です。マンション管理業者には、法に基づき帳簿備付け等の業務管理上の義務があります。2、3、4は誤りです。,https://www.mlit.go.jp/totikensangyo/const/1_6_bt_000260.html,帳簿備付け義務を否定していないか,管理適正化法の内部管理論点。
original,orig_set09,6,166,会計・税務,消費税,accounting_table,basic,管理組合税務の基本,消費税論点では取引内容ごとの整理が必要であることを再確認する。,drafting,checked,消費税に関する次の記述のうち、最も適切なものはどれか。,一律課税・一律非課税の誤りを排除。,2,取引内容に応じた個別判断,1:全ての取引は内容を問わず一律に課税される。 / 2:消費税の要否は、取引の内容に応じて個別に整理して検討する必要がある。 / 3:管理組合関係の取引では、消費税の検討は不要である。 / 4:消費税の処理は、会計科目名だけで決まる。,,正解は2です。消費税の要否は、取引内容に応じて個別に整理して考える必要があります。,管理組合税務の基本論点,一律課税・不要としていないか,問86の基礎版。
original,orig_set09,7,167,区分所有法,専有部分と共用部分,combination,basic,区分所有法2条 / 区分所有法4条,構造上及び利用上の独立性と規約共用部分を整理する。,drafting,checked,専有部分と共用部分に関する次のアからエまでの記述のうち、正しいもののみの組合せはどれか。,専有部分成立要件と規約共用部分。,1,専有部分には構造上・利用上の独立性 / 附属建物等を規約共用部分とし得る,1:アとウ / 2:アとエ / 3:イとウ / 4:イとエ,ア:専有部分となるには、構造上及び利用上の独立性が必要である。 / イ:利用上の独立性だけあれば、構造上の独立性は不要である。 / ウ:附属建物その他の部分については、規約で共用部分と定めることがある。 / エ:階段室は、登記名義が特定人なら常に専有部分となる。,正解は1です。アとウが正しいです。専有部分には構造上及び利用上の独立性が必要であり、附属建物等は規約で共用部分とすることがあります。,https://www.japaneselawtranslation.go.jp/en/laws/view/4341/en,専有部分成立要件を落としていないか,問21・87の整理版。
original,orig_set09,8,168,建築・設備,昇降機,single_choice,basic,昇降機維持保全実務,昇降機には継続的な保守点検が必要なことを確認する。,drafting,checked,昇降機に関する次の記述のうち、最も適切なものはどれか。,法定検査と保守点検。,2,継続的保守点検が必要,1:法定検査後は保守点検不要である。 / 2:安全確保のため、法定検査だけでなく継続的な保守点検が重要である。 / 3:昇降機の故障は専有部分だけの問題である。 / 4:更新判断は見た目だけで行えば足りる。,,正解は2です。昇降機は安全に直結する共用設備であり、法定検査に加えて継続的な保守点検が重要です。,https://www.mlit.go.jp/jutakukentiku/build/house_maintenance.html,保守不要論を正答にしていないか,問83の基礎版。
original,orig_set09,9,169,標準管理規約,管理費と修繕積立金の使途,single_choice,basic,マンション標準管理規約27条 / マンション標準管理規約28条,修繕積立金から支出すべき費用を見分ける。,drafting,checked,修繕積立金から支出するのが最も適切なものはどれか。,経常費と計画修繕費の対比。,4,計画修繕や設計監理費は修繕積立金,1:共用部分の電気料 / 2:管理員人件費 / 3:毎年実施する清掃費 / 4:外壁等の計画修繕工事に伴う設計監理費,,正解は4です。外壁等の計画修繕工事に伴う設計監理費は修繕積立金から支出する性質の費用です。,https://www.mansion-info.mlit.go.jp/wp-content/uploads/2025/10/R7%E6%94%B9%E6%AD%A3%E7%89%88_%E6%A8%99%E6%BA%96%E7%AE%A1%E7%90%86%E8%A6%8F%E7%B4%84%EF%BC%8B%E3%82%B3%E3%83%A1%E3%83%B3%E3%83%88%EF%BC%88%E5%8D%98%E6%A3%9F%E5%9E%8B%EF%BC%89.pdf,管理費と修繕積立金の使途を逆転させていないか,問23の近似論点。
original,orig_set09,10,170,民法・借地借家法,委任契約,single_choice,basic,民法643条 / 民法644条,委任契約と善管注意義務を確認する。,drafting,checked,委任契約に関する次の記述のうち、正しいものはどれか。,善管注意義務。,4,受任者は善管注意義務を負う,1:委任契約では、結果完成義務だけが問題となる。 / 2:委任契約は必ず有償でなければならない。 / 3:受任者は注意義務を負わない。 / 4:受任者は、善良な管理者の注意をもって委任事務を処理する義務を負う。,,正解は4です。受任者は、善良な管理者の注意をもって委任事務を処理する義務を負います。,https://www.japaneselawtranslation.go.jp/en/laws/view/4848,善管注意義務を落としていないか,問85の基礎版。
original,orig_set09,11,171,管理適正化法,標識掲示,count,basic,マンションの管理の適正化の推進に関する法律 / 国土交通省資料,管理業者には標識掲示等の義務があることを確認する。,drafting,checked,標識掲示等に関する次のアからエまでの記述のうち、適切なものはいくつあるか。,標識掲示義務、任意表示否定。,2,標識掲示義務がある / 任意ではない,1:一つ / 2:二つ / 3:三つ / 4:四つ,ア:マンション管理業者には、法に基づく標識掲示が問題となる。 / イ:標識掲示は、管理業者の完全な自由意思に委ねられている。 / ウ:標識掲示は、業者の法的地位等を外部に明らかにする趣旨を持つ。 / エ:標識掲示義務は、管理業者ではなく管理組合にだけ課される。,正解は2です。アとウが適切です。標識掲示は管理業者の法的地位等を明らかにする趣旨を持ち、任意の表示ではありません。,https://www.mlit.go.jp/totikensangyo/const/1_6_bt_000260.html,標識掲示を任意にしていないか,管理適正化法の基本義務。
original,orig_set09,12,172,会計・税務,貸借対照表,single_choice,standard,貸借対照表の基礎,貸借対照表の性格を確認する。,drafting,checked,貸借対照表に関する次の記述のうち、最も適切なものはどれか。,一定時点の資産負債純資産。,2,一定時点の財政状態を示す,1:貸借対照表は、当期の収入支出差額だけを示す。 / 2:貸借対照表は、一定時点の資産、負債及び純資産の状況を示す。 / 3:貸借対照表は、将来修繕予定だけを一覧化する。 / 4:貸借対照表に未収金や未払金を記載する意味はない。,,正解は2です。貸借対照表は、一定時点の資産、負債及び純資産の状況を示す書類です。,会計の基本論点,収支報告書と混同していないか,問91の再確認版。
original,orig_set09,13,173,区分所有法,敷地利用権,precedent_fill,standard,区分所有法22条,専有部分と分離して処分できない原則を確認する。,drafting,checked,区分所有者は、その有する専有部分と分離して敷地利用権を[　]することができない。この[　]に当てはまるものとして正しいものはどれか。,分離処分禁止の文言。,4,処分できないのが原則,1:保全 / 2:占有 / 3:登録 / 4:処分,,正解は4です。区分所有者は、その有する専有部分と分離して敷地利用権を処分することができないのが原則です。,https://www.japaneselawtranslation.go.jp/en/laws/view/4341/en,22条文言を誤っていないか,敷地利用権の条文確認。
original,orig_set09,14,174,建築・設備,消防設備,case_based,standard,消防設備維持管理実務,消防設備は設置後も継続的点検が必要なことを確認する。,drafting,checked,消防設備の維持管理に関する次の記述のうち、最も適切なものはどれか。,非常時機能確保のための点検。,1,継続的な点検と維持管理が必要,1:消防設備は、非常時に確実に機能するよう、継続的な点検と維持管理が重要である。 / 2:消防設備は設置後、点検不要である。 / 3:消防設備の管理は居住者個人だけの問題である。 / 4:消防設備の不具合は清掃だけで全て解消する。,,正解は1です。消防設備は、非常時に機能することが重要であり、継続的な点検と維持管理が必要です。,消防設備維持管理の基本論点,点検不要論を正答にしていないか,問88の標準難度版。
original,orig_set09,15,175,標準管理規約,理事会の権限,case_based,standard,マンション標準管理規約54条 / マンション標準管理規約48条,理事会で決議できる通常管理事項を確認する。,drafting,checked,理事会の権限に属する事項として最も適切なものはどれか。,軽微補修と総会事項の対比。,2,通常管理執行は理事会事項となり得る,1:規約変更を決定すること / 2:共用部分の軽微な補修の実施を決めること / 3:次年度収支予算を最終承認すること / 4:長期修繕計画を新規に作成して確定すること,,正解は2です。理事会は、通常の管理執行に関する事項として、共用部分の軽微な補修実施などを扱うことがあります。,https://www.mansion-info.mlit.go.jp/wp-content/uploads/2025/10/R7%E6%94%B9%E6%AD%A3%E7%89%88_%E6%A8%99%E6%BA%96%E7%AE%A1%E7%90%86%E8%A6%8F%E7%B4%84%EF%BC%8B%E3%82%B3%E3%83%A1%E3%83%B3%E3%83%88%EF%BC%88%E5%8D%98%E6%A3%9F%E5%9E%8B%EF%BC%89.pdf,理事会事項と総会事項を取り違えていないか,問94の近接論点。
original,orig_set09,16,176,民法・借地借家法,保証債務,case_based,standard,民法446条2項,保証契約の書面要件を再確認する。,drafting,checked,保証契約に関する次の記述のうち、最も適切なものはどれか。,口頭保証の効力。,3,保証契約は書面で効力発生,1:保証契約は、主債務があれば常に口頭だけで有効である。 / 2:保証契約には、主債務者の承諾がなければならない。 / 3:保証契約は、書面でしなければ効力を生じない。 / 4:保証契約は、管理組合相手の契約にだけ書面が必要である。,,正解は3です。保証契約は、書面でしなければその効力を生じません。,https://www.japaneselawtranslation.go.jp/en/laws/view/4848,書面要件を落としていないか,問90の再確認版。
original,orig_set09,17,177,管理適正化法,名義貸し,combination,standard,マンションの管理の適正化の推進に関する法律 / 国土交通省資料,管理業者登録制度における名義貸し禁止の趣旨を確認する。,drafting,checked,名義貸しに関する次のアからエまでの記述のうち、適切なもののみの組合せはどれか。,登録業者の信用維持、他人への利用禁止。,1,登録制度の信用維持のため名義貸し禁止,1:アとウ / 2:アとエ / 3:イとウ / 4:イとエ,ア:登録制度の適正な運用のため、名義貸しが問題となる。 / イ:登録業者は、自らの名義を他人に自由に使わせてよい。 / ウ:名義貸しの禁止は、管理組合保護や登録制度の信用維持に関わる。 / エ:名義貸しの可否は、管理組合が了承すれば自由である。,正解は1です。アとウが適切です。名義貸しの禁止は、登録制度の信用維持や管理組合保護に関わる重要な論点です。,https://www.mlit.go.jp/totikensangyo/const/1_6_bt_000260.html,名義貸し容認を正答にしていないか,管理適正化法の禁止行為論点。
original,orig_set09,18,178,会計・税務,収支報告書,comparison_table,standard,収支報告書の基礎,収支報告書が一定期間の収入支出を示すことを再確認する。,drafting,checked,収支報告書に関する次の記述のうち、最も適切なものはどれか。,貸借対照表との違い。,1,一定期間の収入支出を示す,1:収支報告書は、一定期間における収入及び支出の状況を示す書類である。 / 2:収支報告書は、一定時点の資産負債だけを示す。 / 3:収支報告書では、予算や前期比較は不要である。 / 4:収支報告書は、修繕履歴だけを示す。,,正解は1です。収支報告書は、一定期間における収入及び支出の状況を示す書類です。,会計の基本論点,貸借対照表と混同していないか,問96の単一正誤版。
original,orig_set09,19,179,区分所有法,規約共用部分,single_choice,standard,区分所有法4条2項,規約共用部分の考え方を確認する。,drafting,checked,規約共用部分に関する次の記述のうち、正しいものはどれか。,附属建物等を規約で共用部分化。,2,附属建物等を規約で共用部分とし得る,1:附属建物は、規約で共用部分とすることができない。 / 2:附属建物その他の部分については、規約で共用部分と定めることがある。 / 3:規約共用部分とされた部分は、区分所有法の適用外となる。 / 4:規約共用部分にするには、専有部分面積が全て同じでなければならない。,,正解は2です。附属建物その他の部分については、規約で共用部分と定めることがあります。,https://www.japaneselawtranslation.go.jp/en/laws/view/4341/en,附属建物を規約共用部分にできる点を落としていないか,問97の単一正誤版。
original,orig_set09,20,180,建築・設備,給水タンク,comparison_table,standard,給水設備衛生管理の基礎,給水タンクの衛生管理を確認する。,drafting,checked,給水タンクに関する次の記述のうち、最も適切なものはどれか。,清掃・点検・汚染防止。,4,汚染防止と清掃点検が重要,1:給水タンクは、一度設置すれば内部点検は不要である。 / 2:給水タンクの衛生状態は、外壁色の工夫だけで維持できる。 / 3:給水タンクでは水質管理より騒音対策だけを重視すれば足りる。 / 4:給水タンクでは、外部からの汚染防止と清掃・点検しやすさを踏まえた維持管理が重要である。,,正解は4です。給水タンクでは、外部からの汚染防止と清掃・点検を踏まえた衛生管理が重要です。,給水設備衛生管理の基本論点,点検不要論を正答にしていないか,問93の標準難度版。
original,orig_set10,1,181,標準管理規約,総会出席と代理,combination,standard,マンション標準管理規約46条,書面議決、代理人、共有者の扱いを確認する。,drafting,checked,総会出席と議決権行使に関する次のアからエまでの記述のうち、適切なもののみの組合せはどれか。,書面、代理、共有者一名指定。,3,書面・代理で行使可能 / 共有専有部分は一名指定,1:アとイ / 2:イとウ / 3:アとエ / 4:ウとエ,ア:組合員は、書面又は代理人によって議決権を行使することができる。 / イ:共有の専有部分では、共有者全員が別々に議決権を行使するのが原則である。 / ウ:総会に出席できない組合員は、代理人を立てることができない。 / エ:専有部分が数人の共有に属するときは、議決権を行使すべき者一名を定めるのが相当である。,正解は3です。アとエが適切です。組合員は書面又は代理人によって議決権を行使でき、共有の専有部分では議決権行使者一名を定める整理になります。,https://www.mansion-info.mlit.go.jp/wp-content/uploads/2025/10/R7%E6%94%B9%E6%AD%A3%E7%89%88_%E6%A8%99%E6%BA%96%E7%AE%A1%E7%90%86%E8%A6%8F%E7%B4%84%EF%BC%8B%E3%82%B3%E3%83%A1%E3%83%B3%E3%83%88%EF%BC%88%E5%8D%98%E6%A3%9F%E5%9E%8B%EF%BC%89.pdf,共有者一名指定を落としていないか,問99の近接論点。
original,orig_set10,2,182,民法・借地借家法,相殺,count,standard,民法505条,相殺適状の基本を再確認する。,drafting,checked,相殺に関する次のアからエまでの記述のうち、正しいものはいくつあるか。,同種債務、弁済期、制限。,2,同種債務・弁済期が関わる,1:一つ / 2:二つ / 3:三つ / 4:四つ,ア:相殺には、双方の債務が同種の目的を有することが必要である。 / イ:双方の債務が弁済期にあることは、相殺の可否を考えるうえで重要である。 / ウ:相殺は禁止特約や法定制限があっても常に自由にできる。 / エ:相殺には常に相手方の承諾が必要である。,正解は2です。正しいのはアとイです。相殺には同種債務や相殺適状が必要であり、常に自由にできるわけではありません。,https://www.japaneselawtranslation.go.jp/en/laws/view/4848,相殺適状を誤っていないか,相殺の標準難度版。
original,orig_set10,3,183,管理適正化法,更新登録,case_based,standard,マンションの管理の適正化の推進に関する法律 / 国土交通省資料,マンション管理業者の登録が更新制であることを確認する。,drafting,checked,マンション管理業者の更新登録に関する次の記述のうち、最も適切なものはどれか。,一度登録したら永久有効ではないこと。,2,登録は更新が問題となる / 永久登録ではない,1:管理業者登録は一度受ければ永久に有効で、更新不要である。 / 2:マンション管理業者の登録には更新の問題があり、継続的に制度上の要件を満たすことが求められる。 / 3:更新登録は、管理組合の希望がある場合だけ任意で行う。 / 4:更新登録は、管理業務主任者個人の登録制度をいう。,,正解は2です。マンション管理業者の登録には更新の問題があり、継続的に法制度上の要件を満たすことが求められます。,https://www.mlit.go.jp/totikensangyo/const/1_6_bt_000260.html,永久登録にしていないか,管理業者登録制度の基礎。
original,orig_set10,4,184,会計・税務,減価償却不要論点,combination,standard,管理組合会計の基本,管理組合会計に企業会計を機械適用しない姿勢を確認する。,drafting,checked,減価償却論点に関する次のアからエまでの記述のうち、適切なもののみの組合せはどれか。,企業会計との違い。,1,企業会計を機械適用しない / 管理組合会計の目的に即して整理,1:アとウ / 2:アとエ / 3:イとウ / 4:イとエ,ア:管理組合会計では、企業会計の考え方をそのまま機械的に当てはめるのではなく、目的に即して整理する必要がある。 / イ:管理組合会計では、全ての共用部分について必ず企業会計と同じ減価償却をしなければならない。 / ウ:減価償却論点の有無にかかわらず、貸借対照表や収支報告書の作成・読解は意味を持つ。 / エ:減価償却をしないなら、財務諸表は不要である。,正解は1です。アとウが適切です。管理組合会計では、企業会計を機械的に適用するのではなく、管理組合会計の目的に即して整理します。,管理組合会計の基本論点,企業会計の機械適用を正答にしていないか,問101の組合せ版。
original,orig_set10,5,185,区分所有法,総会決議要件,case_based,standard,区分所有法31条 / 区分所有法39条,一般議事と規約変更の決議要件差を事例で確認する。,drafting,checked,集会の一般議事と規約変更の決議要件に関する次の記述のうち、最も適切なものはどれか。,過半数と4分の3の違い。,4,一般議事は原則各過半数 / 規約変更は原則各4分の3以上,1:一般議事も規約変更も、常に全員一致で決する。 / 2:一般議事も規約変更も、常に各過半数で足りる。 / 3:一般議事は各4分の3以上、規約変更は各過半数で足りる。 / 4:一般議事は原則として各過半数、規約変更は原則として各4分の3以上で決する。,,正解は4です。一般議事は原則として区分所有者及び議決権の各過半数、規約変更は原則として各4分の3以上で決します。,https://www.japaneselawtranslation.go.jp/en/laws/view/4341/en,過半数と4分の3を逆転していないか,問102の事例化。
original,orig_set10,6,186,建築・設備,排水設備,combination,standard,排水設備の基礎,トラップ、通気、勾配の基本を確認する。,drafting,checked,排水設備に関する次のアからエまでの記述のうち、適切なもののみの組合せはどれか。,トラップ・通気・勾配。,2,トラップは臭気防止、勾配必要,1:アとイ / 2:アとウ / 3:イとエ / 4:ウとエ,ア:排水トラップは、封水によって下水臭や害虫の侵入を防止する。 / イ:通気管は、空気の流れを止めるために設ける。 / ウ:横引き排水管では、適切な勾配を確保することが重要である。 / エ:排水勾配は小さいほどよいので、水平に近いほど望ましい。,正解は2です。アとウが適切です。排水トラップは臭気等の侵入を防止し、横引き排水管には適切な勾配が必要です。,排水設備の基本論点,トラップと通気の役割を逆転していないか,排水基礎の再確認。
original,orig_set10,7,187,標準管理規約,専有部分への立入り,single_choice,standard,マンション標準管理規約23条,必要な範囲の立入り請求と正当理由による拒絶を確認する。,drafting,checked,専有部分への立入りに関する次の記述のうち、最も適切なものはどれか。,必要性・範囲・正当理由。,1,必要な範囲で請求でき、正当理由なく拒めない,1:管理を行うため必要があるときは、必要な範囲で専有部分等への立入りを請求でき、請求を受けた者は正当な理由なく拒んではならない。 / 2:専有部分への立入りは、管理上必要でも常に禁止される。 / 3:理事長は必要性がなくても自由に立ち入れる。 / 4:請求を受けた者は、理由を問わず常に拒絶できる。,,正解は1です。標準管理規約では、必要な範囲で立入りを請求でき、請求を受けた者は正当な理由なく拒めません。,https://www.mansion-info.mlit.go.jp/wp-content/uploads/2025/10/R7%E6%94%B9%E6%AD%A3%E7%89%88_%E6%A8%99%E6%BA%96%E7%AE%A1%E7%90%86%E8%A6%8F%E7%B4%84%EF%BC%8B%E3%82%B3%E3%83%A1%E3%83%B3%E3%83%88%EF%BC%88%E5%8D%98%E6%A3%9F%E5%9E%8B%EF%BC%89.pdf,必要性・範囲・正当理由を落としていないか,問104の短文化。
original,orig_set10,8,188,民法・借地借家法,債権譲渡,combination,standard,民法466条 / 民法467条,譲渡自由原則と債務者対抗の基本を確認する。,drafting,checked,債権譲渡に関する次のアからエまでの記述のうち、正しいもののみの組合せはどれか。,譲渡自由原則、通知承諾。,1,債権は原則譲渡可能 / 通知又は承諾が関係,1:アとウ / 2:アとイ / 3:イとエ / 4:ウとエ,ア:債権は、その性質がこれを許さない場合を除き、譲り渡すことができる。 / イ:譲渡制限特約がある債権は、いかなる場合でも譲渡の効力を生じない。 / ウ:債権譲渡を債務者に対抗するには、通知又は承諾が関係する。 / エ:債権譲渡は、債務者の事前承諾がなければ一切できない。,正解は1です。アとウが正しいです。債権は原則譲渡可能で、債務者への対抗には通知又は承諾が関係します。,https://www.japaneselawtranslation.go.jp/en/laws/view/4848,譲渡自由原則を否定していないか,問100の再確認版。
original,orig_set10,9,189,管理適正化法,再委託規制,single_choice,standard,マンションの管理の適正化の推進に関する法律 / 国土交通省資料,管理業者による再委託には法的規制や留意点があることを確認する。,drafting,checked,再委託規制に関する次の記述のうち、最も適切なものはどれか。,全自由・全禁止ではない整理。,2,再委託には法令上の規制や留意点がある,1:管理業者は、全ての基幹的業務を自由に無制限再委託できる。 / 2:管理業者の再委託には、法令上の規制や、管理組合保護の観点からの留意が必要である。 / 3:再委託の問題は、管理適正化法とは無関係である。 / 4:再委託は、管理組合が同意すれば法律上どのような場合でも自由となる。,,正解は2です。管理業者の再委託には、法令上の規制や管理組合保護の観点からの留意が必要です。,https://www.mlit.go.jp/totikensangyo/const/1_6_bt_000260.html,再委託を無制限自由としていないか,再委託論点の入口。
original,orig_set10,10,190,会計・税務,修繕積立金会計,accounting_table,advanced,標準管理規約28条 / 管理組合会計の基本,修繕積立金会計の資金性格を読解できるかを確認する。,drafting,checked,修繕積立金会計に関する次の記述のうち、最も適切なものはどれか。,将来修繕に備える資金管理。,3,将来の計画修繕等に備える資金管理,1:修繕積立金会計は、日常清掃費や電気料支払いのための会計である。 / 2:修繕積立金は、理事長判断で自由流用してよい。 / 3:修繕積立金会計は、将来の計画修繕や特別の修繕等に備える資金を管理する会計である。 / 4:修繕積立金会計は、管理組合会計区分とは無関係である。,,正解は3です。修繕積立金会計は、将来の計画修繕や特別の修繕等に備える資金を管理する会計です。,https://www.mansion-info.mlit.go.jp/wp-content/uploads/2025/10/R7%E6%94%B9%E6%AD%A3%E7%89%88_%E6%A8%99%E6%BA%96%E7%AE%A1%E7%90%86%E8%A6%8F%E7%B4%84%EF%BC%8B%E3%82%B3%E3%83%A1%E3%83%B3%E3%83%88%EF%BC%88%E5%8D%98%E6%A3%9F%E5%9E%8B%EF%BC%89.pdf,経常費会計にしていないか,問106の読解版。
original,orig_set10,11,191,区分所有法,義務違反者への措置,combination,advanced,区分所有法57条 / 区分所有法58条 / 区分所有法59条,差止め、使用禁止、競売請求の段階を整理できるかを確認する。,drafting,checked,義務違反者への措置に関する次のアからエまでの記述のうち、正しいもののみの組合せはどれか。,差止め・使用禁止・競売の峻別。,4,差止め、使用禁止、競売は段階的措置 / 集会決議や裁判手続が関わる,1:アとイ / 2:アとエ / 3:イとウ / 4:ウとエ,ア:共同の利益に反する行為があれば、理事長は常に単独で直ちに競売請求できる。 / イ:使用禁止請求は、裁判手続を要せず口頭通知だけで足りる。 / ウ:共同の利益に反する行為に対しては、まず差止め等が問題となる。 / エ:共同生活上の障害が著しく、他の方法で除去困難な場合には、区分所有権等の競売請求が問題となる。,正解は4です。ウとエが正しいです。共同利益違反に対しては、差止め、使用禁止、競売請求と段階的な救済手段が設けられています。,https://www.japaneselawtranslation.go.jp/en/laws/view/4341/en,57条・58条・59条を混同していないか,段階構造の応用問題。
original,orig_set10,12,192,建築・設備,建築材料,single_choice,advanced,建築材料の基礎,材料選定に用途・耐久性・維持管理性が関わることを確認する。,drafting,checked,建築材料の選定に関する次の記述のうち、最も適切なものはどれか。,用途と耐久性の考慮。,3,用途・耐久性・維持管理性の考慮,1:建築材料は外観だけで選べばよい。 / 2:外部材料では耐久性を考える必要はない。 / 3:建築材料の選定では、用途、耐久性、維持管理性などを考慮することが重要である。 / 4:建築材料の違いは、維持管理にはほとんど影響しない。,,正解は3です。建築材料の選定では、用途、耐久性、維持管理性などを考慮することが重要です。,建築材料の基本論点,用途・耐久性を落としていないか,材料総論の再確認。
original,orig_set10,13,193,標準管理規約,特別の影響,case_based,advanced,区分所有法31条,特別の影響がある規約変更では承諾が必要なことを確認する。,drafting,checked,特定住戸だけに新たな高額負担を課す規約変更をする場合の手続として、最も適切なものはどれか。,承諾要件。,2,特別の影響があると承諾必要,1:特別決議だけで足り、承諾は不要である。 / 2:一部の区分所有者の権利に特別の影響を及ぼすときは、その者の承諾が必要となる。 / 3:理事会判断だけで足りる。 / 4:特別の影響かどうかは自由裁量で決めてよい。,,正解は2です。規約変更が一部の区分所有者の権利に特別の影響を及ぼすときは、その区分所有者の承諾が必要です。,https://www.japaneselawtranslation.go.jp/en/laws/view/4341/en,承諾要件を落としていないか,承諾要件の再確認。
original,orig_set10,14,194,民法・借地借家法,契約不適合責任,single_choice,advanced,民法562条 / 民法563条,追完請求と代金減額請求の基本を応用的に確認する。,drafting,checked,契約不適合責任に関する次の記述のうち、最も適切なものはどれか。,追完請求と代金減額請求。,4,追完請求・代金減額請求が問題となる,1:契約不適合があっても、買主は修補等を求められない。 / 2:代金減額請求は契約不適合責任と無関係である。 / 3:売主が不適合を知っていた場合でも、買主は何ら請求できない。 / 4:契約不適合があるときは、一定の場合に追完請求や代金減額請求が問題となる。,,正解は4です。契約不適合があるときは、追完請求や一定の場合の代金減額請求などが問題となります。,https://www.japaneselawtranslation.go.jp/en/laws/view/4848,追完請求・代金減額請求を否定していないか,契約不適合責任の応用整理。
original,orig_set10,15,195,管理適正化法,監督処分,count,advanced,マンションの管理の適正化の推進に関する法律 / 国土交通省資料,管理業者に対する監督処分等の存在を確認する。,drafting,checked,監督処分に関する次のアからエまでの記述のうち、適切なものはいくつあるか。,法令違反に対する処分制度。,2,監督処分制度がある / 法令違反への対応がある,1:一つ / 2:二つ / 3:三つ / 4:四つ,ア:マンション管理業者には、法令違反等に対する監督処分が問題となる。 / イ:監督処分制度は存在せず、登録後は一切行政関与がない。 / ウ:監督処分は、管理組合保護や制度適正化の観点から設けられている。 / エ:監督処分の有無は、管理業者が自由に決める。,正解は2です。アとウが適切です。マンション管理業者には、法令違反等に対する監督処分制度があり、管理組合保護や制度適正化に関わります。,https://www.mlit.go.jp/totikensangyo/const/1_6_bt_000260.html,監督処分制度を否定していないか,管理適正化法の行政監督論点。
original,orig_set10,16,196,会計・税務,未収入金,single_choice,basic,管理組合会計の基本,未収入金の意味を確認する。,drafting,checked,未収入金に関する次の記述のうち、最も適切なものはどれか。,既発生未回収収入。,3,既に発生しているが未回収の収入,1:将来支払う費用を表す。 / 2:将来期間分を先にもらった収入を表す。 / 3:既に発生しているが、まだ回収していない収入を表す。 / 4:会計上無視してよい。,,正解は3です。未収入金は、既に発生しているがまだ回収していない収入を表します。,管理組合会計の基本論点,未払金や前受金と混同していないか,問111の単一正誤版。
original,orig_set10,17,197,区分所有法,一部滅失と建替え,precedent_fill,basic,区分所有法61条 / 区分所有法62条,一部滅失後の復旧と建替えの区別を文言で確認する。,drafting,checked,共用部分の一部滅失後には、その[　]をするかどうかが問題となり、建替えはこれと別の決議事項である。この[　]に当てはまるものとして正しいものはどれか。,復旧の語句確認。,1,復旧が問題となる,1:復旧 / 2:登記 / 3:占有移転 / 4:清算,,正解は1です。一部滅失後には、その復旧をするかどうかがまず問題となり、建替えは別の決議事項です。,https://www.japaneselawtranslation.go.jp/en/laws/view/4341/en,復旧と建替えを混同していないか,一部滅失論点の文言確認。
original,orig_set10,18,198,建築・設備,断熱結露,case_based,basic,住宅の断熱・換気の基礎,断熱と換気の両面対策を基本レベルで確認する。,drafting,checked,結露対策として最も適切なものはどれか。,断熱性向上と換気確保。,3,断熱性向上と換気確保が基本,1:換気設備を停止する。 / 2:外気温だけを見ればよく、断熱や湿気は考えない。 / 3:断熱性を見直すとともに、適切な換気を確保する。 / 4:家具配置変更だけで十分である。,,正解は3です。結露対策では、断熱性の向上と適切な換気確保を組み合わせることが基本です。,https://www.mlit.go.jp/jutakukentiku/build/jutakukentiku_house_fr_000108.html,換気停止を正答にしていないか,問108の基礎版。
original,orig_set10,19,199,標準管理委託契約書・指針,情報開示,single_choice,basic,マンション標準管理委託契約書 / 国土交通省資料,管理委託関係では管理組合への情報開示が重要であることを確認する。,drafting,checked,標準管理委託契約書・指針に照らし、情報開示に関する次の記述のうち、最も適切なものはどれか。,管理組合への説明・報告の重要性。,2,管理組合への情報開示・説明が重要,1:管理受託者は、管理組合に対して業務情報を一切示す必要がない。 / 2:管理委託の適正な運営には、管理組合に対する必要な情報開示や説明が重要である。 / 3:情報開示は、管理組合が要求したときだけ任意に行えば足りる。 / 4:情報開示は、管理受託者個人の秘密保持のため原則禁止される。,,正解は2です。標準管理委託契約書・指針の考え方では、管理組合に対する必要な情報開示や説明が適正な運営に重要です。,https://www.mlit.go.jp/jutakukentiku/house/content/001379115.pdf,情報開示否定を正答にしていないか,標準管理委託契約書パートの入口。
original,orig_set10,20,200,標準管理規約,役員の任務,combination,basic,マンション標準管理規約35条 / マンション標準管理規約37条,理事長・監事の役割を基本レベルで再確認する。,drafting,checked,役員の任務に関する次のアからエまでの記述のうち、適切なもののみの組合せはどれか。,代表・監査。,1,理事長は代表・統括、監事は監査,1:アとウ / 2:アとエ / 3:イとウ / 4:イとエ,ア:理事長は、管理組合を代表し、その業務を統括する。 / イ:監事は、理事長の指揮下で日常業務を執行する。 / ウ:監事は、管理組合の業務執行状況や財産状況を監査する。 / エ:理事は理事会の構成員ではない。,正解は1です。アとウが適切です。理事長は代表・統括し、監事は監査を行います。,https://www.mansion-info.mlit.go.jp/wp-content/uploads/2025/10/R7%E6%94%B9%E6%AD%A3%E7%89%88_%E6%A8%99%E6%BA%96%E7%AE%A1%E7%90%86%E8%A6%8F%E7%B4%84%EF%BC%8B%E3%82%B3%E3%83%A1%E3%83%B3%E3%83%88%EF%BC%88%E5%8D%98%E6%A3%9F%E5%9E%8B%EF%BC%89.pdf,監事を執行役にしていないか,問114の基礎版。
original,orig_set11,1,201,民法・借地借家法,使用貸借,case_based,basic,民法593条の2 / 民法595条,書面によらない使用貸借の解除と通常必要費を確認する。,drafting,checked,使用貸借に関する次の記述のうち、最も適切なものはどれか。,引渡前解除と通常必要費。,1,書面によらない使用貸借は引渡前解除があり得る,1:書面によらない使用貸借では、目的物の引渡し前であれば解除が問題となる。 / 2:通常必要費は常に貸主が負担する。 / 3:第三者に自由に使用収益させてよい。 / 4:使用貸借は有償契約である。,,正解は1です。書面によらない使用貸借は、引渡し前であれば解除することができます。,https://www.japaneselawtranslation.go.jp/en/laws/view/4848,593条の2を誤っていないか,使用貸借の基礎版。
original,orig_set11,2,202,管理適正化法,管理計画認定制度,combination,basic,管理計画認定制度 / 国土交通省資料,管理計画認定制度がマンション管理適正化の一環であることを確認する。,drafting,checked,管理計画認定制度に関する次のアからエまでの記述のうち、適切なもののみの組合せはどれか。,適正管理促進の制度趣旨。,3,適正管理促進の制度 / 計画的管理を後押し,1:アとイ / 2:イとウ / 3:アとエ / 4:ウとエ,ア:管理計画認定制度は、マンションの管理適正化を促進する制度の一つである。 / イ:管理計画認定制度は、マンション管理と無関係の制度である。 / ウ:管理計画認定制度では、計画的管理の視点は問題とならない。 / エ:管理計画認定制度は、管理組合の管理水準向上を後押しする趣旨を持つ。,正解は3です。アとエが適切です。管理計画認定制度は、マンションの管理適正化や管理水準向上を後押しする趣旨を持ちます。,https://www.mlit.go.jp/totikensangyo/const/1_6_bt_000280.html,制度趣旨を誤っていないか,管理適正化法の新しめ論点。
original,orig_set11,3,203,会計・税務,源泉徴収,comparison_table,standard,管理組合税務の基本,源泉徴収は支払内容ごとに個別判断が必要なことを確認する。,drafting,checked,源泉徴収に関する次の記述のうち、最も適切なものはどれか。,一律必要・不要を避ける。,2,支払内容ごとの個別判断,1:支払内容を問わず、全て源泉徴収不要である。 / 2:源泉徴収の要否は、支払内容等に応じて個別に整理して検討する必要がある。 / 3:支払内容を問わず、全て源泉徴収が必要である。 / 4:会計科目名だけで源泉徴収の要否が決まる。,,正解は2です。源泉徴収の要否は、支払内容等に応じて個別に整理して検討する必要があります。,管理組合税務の基本論点,一律必要・不要論を正答にしていないか,問116の単一正誤版。
original,orig_set11,4,204,区分所有法,管理者,single_choice,standard,区分所有法25条 / 区分所有法26条,管理者の選任と役割を確認する。,drafting,checked,管理者に関する次の記述のうち、最も適切なものはどれか。,規約又は集会決議で選任、保存行為。,1,規約又は集会決議で選任 / 保存行為・決議実行,1:管理者は、規約又は集会の決議により選任され、共用部分の保存や集会決議の実行等を担う。 / 2:管理者は全員一致でしか選任できない。 / 3:管理者には代表権も保存行為権限もない。 / 4:管理者は専有部分の処分を自由に決められる。,,正解は1です。管理者は規約又は集会の決議で選任され、共用部分の保存や集会決議の実行等を担います。,https://www.japaneselawtranslation.go.jp/en/laws/view/4341/en,25条・26条の基本を落としていないか,管理者論点の標準版。
original,orig_set11,5,205,建築・設備,エレベーター保守,comparison_table,standard,昇降機保守契約実務,POG契約とFM契約の違いを再確認する。,drafting,checked,エレベーター保守契約に関する次の記述のうち、最も適切なものはどれか。,POGとFMの違い。,4,POGは点検中心、FMは修理費等込みが多い,1:POG契約とFM契約に違いはない。 / 2:POG契約は全面更新費用まで含む。 / 3:FM契約は点検だけを対象とする。 / 4:POG契約は点検・調整中心、FM契約は通常の修理費等を含む形が多い。,,正解は4です。POG契約は点検・調整中心、FM契約は通常の修理費等を含む包括型であることが多いです。,https://www.mlit.go.jp/jutakukentiku/build/house_maintenance.html,POGとFMを逆転していないか,保守契約の再確認。
original,orig_set11,6,206,標準管理委託契約書・指針,事務管理業務,count,standard,マンション標準管理委託契約書 / 国土交通省資料,事務管理業務には会計や報告等の管理補助が含まれることを確認する。,drafting,checked,事務管理業務に関する次のアからエまでの記述のうち、適切なものはいくつあるか。,会計補助、報告、管理組合支援。,2,事務管理業務は管理組合運営の事務的補助に関わる,1:一つ / 2:二つ / 3:三つ / 4:四つ,ア:事務管理業務には、会計事務や報告事務など、管理組合運営を補助する業務が含まれ得る。 / イ:事務管理業務は、建物構造設計そのものを行う業務だけをいう。 / ウ:事務管理業務は、管理組合に対する情報提供や整理と無関係である。 / エ:事務管理業務は、管理組合運営の事務的側面を支援する性格を持つ。,正解は2です。アとエが適切です。事務管理業務は、会計事務や報告事務など、管理組合運営の事務的側面を支援する性格を持ちます。,https://www.mlit.go.jp/jutakukentiku/house/content/001379115.pdf,事務管理業務を構造設計業務にしていないか,標準管理委託契約書の基礎。
original,orig_set11,7,207,標準管理規約,議事録,single_choice,standard,マンション標準管理規約49条,議事録の作成者と署名者を再確認する。,drafting,checked,議事録に関する次の記述のうち、最も適切なものはどれか。,議長作成と署名者。,3,議長作成、議長と選任2名署名,1:議事録は管理会社だけが作成し、組合員署名は不要である。 / 2:議事録には出席組合員全員の署名が必要である。 / 3:議事録は議長が作成し、議長及び総会で選任された出席組合員2名が署名する。 / 4:議事録は理事会承認後にしか作成できない。,,正解は3です。議事録は議長が作成し、議長及び総会で選任された出席組合員2名が署名します。,https://www.mansion-info.mlit.go.jp/wp-content/uploads/2025/10/R7%E6%94%B9%E6%AD%A3%E7%89%88_%E6%A8%99%E6%BA%96%E7%AE%A1%E7%90%86%E8%A6%8F%E7%B4%84%EF%BC%8B%E3%82%B3%E3%83%A1%E3%83%B3%E3%83%88%EF%BC%88%E5%8D%98%E6%A3%9F%E5%9E%8B%EF%BC%89.pdf,署名者人数を誤っていないか,問119の再確認版。
original,orig_set11,8,208,民法・借地借家法,賃貸借の対抗力,count,standard,借地借家法31条 / 民法605条,建物引渡しと登記による対抗力を確認する。,drafting,checked,賃貸借の対抗力に関する次の記述のうち、正しいものはいくつあるか。,建物引渡し、不動産賃貸借登記。,2,建物引渡しや登記が対抗要件になる,1:一つ / 2:二つ / 3:三つ / 4:四つ,ア:建物賃貸借は、建物の引渡しがあれば、後の物権取得者に対抗できる場合がある。 / イ:不動産賃貸借は、登記により第三者に対抗できる場合がある。 / ウ:契約書があるだけで常に対抗力が備わる。 / エ:賃料額が高い契約だけに対抗力が認められる。,正解は2です。アとイが正しいです。建物引渡しや登記が対抗要件として問題となります。,https://www.japaneselawtranslation.go.jp/en/laws/view/4848 / https://www.japaneselawtranslation.go.jp/en/laws/view/4846,契約書だけで対抗力が備わるようにしていないか,賃貸借対抗力の再確認。
original,orig_set11,9,209,管理適正化法,マンション管理士,case_based,standard,マンションの管理の適正化の推進に関する法律 / 国土交通省資料,マンション管理士が管理組合への助言等を行う専門職であることを確認する。,drafting,checked,マンション管理士に関する次の記述のうち、最も適切なものはどれか。,助言・指導・相談対応。,2,管理組合等への助言・指導・相談対応を行う,1:マンション管理士は、管理業者登録の代わりに管理業を営む資格である。 / 2:マンション管理士は、管理組合等に対して、管理に関する助言、指導その他の援助を行う専門職である。 / 3:マンション管理士は、建築確認だけを扱う資格である。 / 4:マンション管理士制度は、管理適正化法とは無関係である。,,正解は2です。マンション管理士は、管理組合等に対して管理に関する助言、指導その他の援助を行う専門職です。,https://www.mlit.go.jp/totikensangyo/const/1_6_bt_000282.html,管理業者制度と混同していないか,管理適正化法の専門資格論点。
original,orig_set11,10,210,会計・税務,保険料処理,combination,standard,管理組合会計の基本,保険料前払いと期間対応を確認する。,drafting,checked,保険料処理に関する次のアからエまでの記述のうち、適切なもののみの組合せはどれか。,前払費用処理。,1,複数期間分支払いは期間対応が必要,1:アとウ / 2:アとエ / 3:イとウ / 4:イとエ,ア:翌年度分を含む保険料を支払った場合、期間対応を踏まえて前払費用として整理することがある。 / イ:保険料は期間を問わず全額を当期費用にするのが唯一の方法である。 / ウ:保険料処理では、対象期間や支払内容を確認することが重要である。 / エ:保険料処理は管理組合会計と無関係である。,正解は1です。アとウが適切です。保険料処理では、対象期間や支払内容を確認し、必要に応じて前払費用処理を行います。,管理組合会計の基本論点,期間対応を落としていないか,問121の組合せ版。
original,orig_set11,11,211,区分所有法,規約設定変更,case_based,standard,区分所有法31条,規約設定変更の4分の3要件と承諾要件を確認する。,drafting,checked,規約設定又は変更に関する次の記述のうち、最も適切なものはどれか。,4分の3要件と特別の影響。,2,各4分の3以上、特別の影響では承諾必要,1:常に各過半数で足りる。 / 2:原則として各4分の3以上の決議によるほか、特別の影響があるときは承諾を要する。 / 3:常に全員一致が必要である。 / 4:理事会だけで決定できる。,,正解は2です。規約設定又は変更は原則として各4分の3以上の決議が必要で、特別の影響があるときは承諾も必要です。,https://www.japaneselawtranslation.go.jp/en/laws/view/4341/en,4分の3と承諾要件を落としていないか,規約変更論点の整理。
original,orig_set11,12,212,建築・設備,配管更新,combination,standard,配管更新実務,配管更新で事前調整と専有部分との取り合いが重要なことを確認する。,drafting,checked,配管更新に関する次のアからエまでの記述のうち、適切なもののみの組合せはどれか。,周知、断水、接続部。,4,専有部分との取り合い・工程調整が重要,1:アとイ / 2:イとウ / 3:アとエ / 4:ウとエ,ア:配管更新の要否は築年数だけで決まり、劣化状況確認は不要である。 / イ:断水や排水制限があっても、居住者周知は不要である。 / ウ:専有部分内の接続部や復旧範囲との調整が重要である。 / エ:断水等の影響を踏まえた工程調整が重要である。,正解は4です。ウとエが適切です。配管更新では、専有部分内接続部との調整や断水等を踏まえた工程調整が重要です。,配管更新実務の基本論点,周知不要論を正答にしていないか,配管更新の実務確認。
original,orig_set11,13,213,標準管理委託契約書・指針,基幹事務,combination,standard,マンション標準管理委託契約書 / 国土交通省資料,基幹事務が管理組合運営上重要な中核事務であることを確認する。,drafting,checked,基幹事務に関する次のアからエまでの記述のうち、適切なもののみの組合せはどれか。,会計、出納、報告等の中核性。,1,基幹事務は中核的管理事務 / 管理組合保護上重要,1:アとウ / 2:アとエ / 3:イとウ / 4:イとエ,ア:基幹事務は、管理組合運営上重要な中核的事務として位置付けられる。 / イ:基幹事務は、単なる建物外観美化業務だけをいう。 / ウ:基幹事務の適正な実施は、管理組合保護の観点から重要である。 / エ:基幹事務は、管理委託契約書や指針とは無関係である。,正解は1です。アとウが適切です。基幹事務は管理組合運営上重要な中核的事務であり、適正な実施が重要です。,https://www.mlit.go.jp/jutakukentiku/house/content/001379115.pdf,基幹事務を外観美化だけにしていないか,標準管理委託契約書の基礎概念。
original,orig_set11,14,214,標準管理規約,長期修繕計画,case_based,standard,長期修繕計画作成ガイドライン,長期修繕計画の定期見直しを確認する。,drafting,checked,長期修繕計画に関する次の記述のうち、最も適切なものはどれか。,劣化状況・工事実績反映。,4,定期見直しが望ましい,1:一度作成したら見直し不要である。 / 2:理事長だけが秘密に保管すべきである。 / 3:修繕積立金見通しと無関係である。 / 4:劣化状況や工事実績等を踏まえて定期的に見直すことが望ましい。,,正解は4です。長期修繕計画は固定的なものではなく、劣化状況や工事実績等を踏まえて見直すことが望ましい資料です。,https://www.mlit.go.jp/jutakukentiku/house/content/001884488.pdf,見直し前提を落としていないか,長計論点の標準版。
original,orig_set11,15,215,民法・借地借家法,相続と債務承継,combination,standard,民法896条 / 民法915条,包括承継と熟慮期間を確認する。,drafting,checked,相続と債務承継に関する次のアからエまでの記述のうち、正しいもののみの組合せはどれか。,包括承継、一身専属権、3か月。,2,包括承継、熟慮期間3か月,1:アとイ / 2:アとウ / 3:イとエ / 4:ウとエ,ア:相続人は、原則として被相続人の権利義務を包括承継する。 / イ:相続放棄は、相続開始を知ってから1年以内であれば足りる。 / ウ:限定承認又は相続放棄は、自己のために相続開始があったことを知ってから3か月以内にするのが原則である。 / エ:一身専属権も例外なく相続人が承継する。,正解は2です。アとウが正しいです。相続人は原則として権利義務を包括承継し、限定承認又は相続放棄は3か月以内に行うのが原則です。,https://www.japaneselawtranslation.go.jp/en/laws/view/4848,熟慮期間を3か月としているか,相続論点の再確認。
original,orig_set11,16,216,管理適正化法,主任者証提示,single_choice,standard,マンションの管理の適正化の推進に関する法律 / 国土交通省資料,管理業務主任者証の提示義務が問題となることを確認する。,drafting,checked,管理業務主任者証の提示に関する次の記述のうち、最も適切なものはどれか。,重要事項説明時の提示。,2,主任者証提示義務が問題となる,1:管理業務主任者証の提示は、本人が希望するときだけでよい。 / 2:管理業務主任者は、法が予定する場面で主任者証の提示が問題となる。 / 3:主任者証は管理会社の社内書類なので外部提示不要である。 / 4:主任者証提示義務は宅建業法上の制度であり、管理適正化法と無関係である。,,正解は2です。管理業務主任者は、法が予定する場面で主任者証の提示が問題となります。,https://www.mlit.go.jp/totikensangyo/const/1_6_bt_000260.html,提示義務を任意化していないか,主任者制度の手続論点。
original,orig_set11,17,217,会計・税務,管理費収入,accounting_table,standard,管理組合会計の基本,管理費収入の基本的性格を確認する。,drafting,checked,管理費収入に関する次の記述のうち、最も適切なものはどれか。,日常管理の基本財源。,1,日常管理費用の基本財源,1:管理費収入は、共用部分の日常管理に要する経費をまかなうための基本的財源である。 / 2:管理費収入は、大規模修繕工事費だけに充てる。 / 3:管理費収入は、管理組合会計とは無関係の預り金である。 / 4:管理費収入の使途は理事長が自由に決める。,,正解は1です。管理費収入は、共用部分の日常管理に要する経費をまかなう基本的な財源です。,管理組合会計の基本論点,管理費収入と修繕積立金を逆転させていないか,管理費収入の再確認。
original,orig_set11,18,218,区分所有法,占有者の地位,combination,standard,区分所有法6条3項 / 区分所有法57条4項,占有者にも共同利益義務が及ぶことを再確認する。,drafting,checked,占有者の地位に関する次のアからエまでの記述のうち、正しいもののみの組合せはどれか。,共同利益義務と請求対象性。,1,占有者も共同利益義務を負う / 一定の場合は請求対象になる,1:アとウ / 2:アとエ / 3:イとウ / 4:イとエ,ア:占有者も、建物の保存に有害な行為その他共同の利益に反する行為をしてはならない。 / イ:占有者には区分所有法上の規律は一切及ばない。 / ウ:必要に応じて、占有者に対する請求が問題となることがある。 / エ:占有者は、区分所有者承諾があれば共同利益に反する行為も自由にできる。,正解は1です。アとウが正しいです。占有者も共同利益義務を負い、一定の場合には請求の対象となります。,https://www.japaneselawtranslation.go.jp/en/laws/view/4341/en,占有者への規律を落としていないか,占有者論点の整理。
original,orig_set11,19,219,建築・設備,容積率と延べ面積,single_choice,standard,建築基準法52条,容積率の定義を再確認する。,drafting,checked,容積率に関する次の記述のうち、正しいものはどれか。,延べ面積と建築面積区別。,1,延べ面積の敷地面積に対する割合,1:容積率は、建築物の延べ面積の敷地面積に対する割合である。 / 2:容積率は、建築面積の敷地面積に対する割合である。 / 3:容積率は階数だけで決まる。 / 4:容積率は専有部分面積だけで算定する。,,正解は1です。容積率は、建築物の延べ面積の敷地面積に対する割合です。,https://elaws.e-gov.go.jp/document?lawid=325AC0000000201,建ぺい率と混同していないか,容積率の再確認。
original,orig_set11,20,220,標準管理委託契約書・指針,委託業務費,single_choice,standard,マンション標準管理委託契約書 / 国土交通省資料,委託業務費は契約に基づき明確に整理されるべきことを確認する。,drafting,checked,委託業務費に関する次の記述のうち、最も適切なものはどれか。,契約に基づく明確化。,2,業務内容と対応して契約上明確化されるべき,1:委託業務費は、契約で明示する必要がなく管理会社の自由裁量で決めればよい。 / 2:委託業務費は、委託業務の内容と対応して契約上明確に整理されることが重要である。 / 3:委託業務費は、管理組合への説明を要しない。 / 4:委託業務費は、標準管理委託契約書や指針とは無関係である。,,正解は2です。委託業務費は、委託業務内容との対応関係が契約上明確であることが重要です。,https://www.mlit.go.jp/jutakukentiku/house/content/001379115.pdf,委託業務費の明確化を落としていないか,標準管理委託契約書の費用論点。
original,orig_set12,1,221,標準管理規約,滞納管理費対応,combination,standard,マンション標準管理規約60条 / 区分所有法7条,滞納管理費対応の段階的整理を再確認する。,drafting,checked,滞納管理費対応に関する次のアからエまでの記述のうち、適切なもののみの組合せはどれか。,督促、法的手続、放置否定。,2,督促・法的手続があり得る,1:アとイ / 2:アとウ / 3:イとエ / 4:ウとエ,ア:管理費等の滞納があれば、督促等の回収措置を検討することになる。 / イ:滞納管理費等は時効完成まで放置するのが原則である。 / ウ:必要に応じて、法的手続による回収を図ることがある。 / エ:管理組合には滞納管理費等を請求する権利がない。,正解は2です。アとウが適切です。滞納管理費等には督促や法的手続など段階的対応を行います。,https://www.japaneselawtranslation.go.jp/en/laws/view/4341/en / https://www.mansion-info.mlit.go.jp/wp-content/uploads/2025/10/R7%E6%94%B9%E6%AD%A3%E7%89%88_%E6%A8%99%E6%BA%96%E7%AE%A1%E7%90%86%E8%A6%8F%E7%B4%84%EF%BC%8B%E3%82%B3%E3%83%A1%E3%83%B3%E3%83%88%EF%BC%88%E5%8D%98%E6%A3%9F%E5%9E%8B%EF%BC%89.pdf,放置論を正答にしていないか,滞納対応の再確認。
original,orig_set12,2,222,民法・借地借家法,同時履行の抗弁,single_choice,standard,民法533条,履行又は履行提供まで自己の履行を拒めることを確認する。,drafting,checked,同時履行の抗弁に関する次の記述のうち、正しいものはどれか。,双務契約の基本。,2,相手方の履行又は履行提供まで拒絶可能,1:片務契約にのみ認められる。 / 2:双務契約の当事者は、相手方が履行し又は履行の提供をするまで、自己の履行を拒むことができる。 / 3:損害が発生しなければ主張できない。 / 4:相手方の履行提供がなくても常に履行しなければならない。,,正解は2です。同時履行の抗弁は、相手方が履行し又は履行の提供をするまで自己の履行を拒める制度です。,https://www.japaneselawtranslation.go.jp/en/laws/view/4848,履行の提供を落としていないか,同時履行の抗弁の再確認。
original,orig_set12,3,223,管理適正化法,財産の分別管理,count,standard,マンションの管理の適正化の推進に関する法律 / 国土交通省資料,管理組合財産の分別管理の重要性を確認する。,drafting,checked,財産の分別管理に関する次のアからエまでの記述のうち、適切なものはいくつあるか。,管理組合財産と自己財産の区分。,2,分別管理義務がある / 管理組合保護に資する,1:一つ / 2:二つ / 3:三つ / 4:四つ,ア:管理業者には、管理組合の財産と自己の財産の区分を意識した管理が求められる。 / イ:財産分別管理は、管理組合保護の観点から重要である。 / ウ:管理組合財産と自己財産は、便宜上自由に混在させてよい。 / エ:財産分別管理は、管理適正化法とは無関係である。,正解は2です。アとイが適切です。財産の分別管理は管理組合保護に重要であり、管理業者に求められる基本的義務です。,https://www.mlit.go.jp/totikensangyo/const/1_6_bt_000260.html,混在容認を正答にしていないか,管理適正化法の基本義務。
original,orig_set12,4,224,会計・税務,勘定科目判定,single_choice,advanced,管理組合会計の基本,勘定科目は金銭の性質で判定することを再確認する。,drafting,checked,勘定科目判定に関する次の記述のうち、最も適切なものはどれか。,性質判定。,2,金額でなく性質で判定,1:勘定科目は金額の大きさだけで決める。 / 2:勘定科目は、その金銭の性質に応じて判定することが重要である。 / 3:同じ金銭でも毎年自由に科目を変えてよい。 / 4:会計上の意味を考える必要はない。,,正解は2です。勘定科目は、その金銭の性質に応じて判定することが重要です。,管理組合会計の基本論点,性質判定を落としていないか,勘定科目の再確認。
original,orig_set12,5,225,区分所有法,団地関係,precedent_fill,advanced,区分所有法65条以下,団地関係が複数棟共有施設に関する規律であることを確認する。,drafting,checked,同一敷地内の複数棟が共有する施設については、区分所有法上の[　]関係が問題となる。この[　]に当てはまるものとして正しいものはどれか。,団地関係の語句確認。,4,団地関係,1:専有 / 2:敷地単独 / 3:共有排除 / 4:団地,,正解は4です。同一敷地内の複数棟が共有する施設については、区分所有法上の団地関係が問題となります。,https://www.japaneselawtranslation.go.jp/en/laws/view/4341/en,団地関係の語句を誤っていないか,団地関係の基礎確認。
original,orig_set12,6,226,建築・設備,非常用照明,case_based,advanced,建築基準法 / 建築基準法施行令,停電時の避難安全確保という非常用照明の目的を確認する。,drafting,checked,マンションの共用廊下について、停電時の避難安全を確保するため非常用照明の点検を見直すことになった。この点に関する次の記述のうち、最も適切なものはどれか。,停電時の避難経路確保。,2,非常用照明は停電時の避難安全確保が目的,1:非常用照明は、平常時の意匠性向上だけを目的として設けられる。 / 2:非常用照明は、停電時にも避難経路の安全を確保するために重要である。 / 3:非常用照明は、日中に自然光が入る建物では一切不要である。 / 4:非常用照明の点検は、区分所有者個人の判断だけで省略できる。,,正解は2です。非常用照明は、停電時にも避難経路の安全を確保するために重要です。,https://elaws.e-gov.go.jp/document?lawid=325AC0000000201,非常用照明の目的を意匠性だけにしていないか,避難安全の基本確認。
original,orig_set12,7,227,標準管理委託契約書・指針,修繕履歴,count,advanced,マンション標準管理委託契約書 / 国土交通省資料,修繕履歴は整理・保存・引継ぎが重要であることを確認する。,drafting,checked,修繕履歴に関する次のアからエまでの記述のうち、適切なものはいくつあるか。,履歴の整理と引継ぎ。,2,修繕履歴は将来の修繕計画に有用 / 委託終了時の引継ぎが重要,1:一つ / 2:二つ / 3:三つ / 4:四つ,ア:修繕履歴は、将来の修繕計画や不具合分析の基礎資料として有用である。 / イ:修繕履歴は、一度工事が終われば保存する必要はない。 / ウ:管理委託が終了する場合には、修繕履歴等の必要資料の引継ぎが重要となる。 / エ:修繕履歴は、管理組合にとって閲覧価値がないため整理不要である。,正解は2です。アとウが適切です。修繕履歴は将来の維持管理に役立ち、委託終了時の引継ぎ資料としても重要です。,https://www.mlit.go.jp/jutakukentiku/house/content/001379115.pdf,修繕履歴を保存不要としていないか,管理資料引継ぎの論点。
original,orig_set12,8,228,標準管理規約,駐車場使用細則,single_choice,advanced,マンション標準管理規約 / 使用細則,駐車場の利用条件は細則で公平・明確に定めるべきことを確認する。,drafting,checked,駐車場使用細則に関する次の記述のうち、最も適切なものはどれか。,使用条件の明確化と公平性。,3,使用条件は細則で公平かつ明確に定めることが重要,1:駐車場の利用条件は、理事長が口頭で都度決めれば足りる。 / 2:駐車場使用細則は、一部の居住者に有利であれば足り公平性は不要である。 / 3:駐車場使用細則では、利用資格や料金、抽選方法などを明確に定めることが重要である。 / 4:駐車場使用細則は、管理規約と無関係なので文書化しなくてよい。,,正解は3です。駐車場使用細則では、利用資格や料金、抽選方法などを公平かつ明確に定めることが重要です。,https://www.mansion-info.mlit.go.jp/wp-content/uploads/2025/10/R7%E6%94%B9%E6%AD%A3%E7%89%88_%E6%A8%99%E6%BA%96%E7%AE%A1%E7%90%86%E8%A6%8F%E7%B4%84%EF%BC%8B%E3%82%B3%E3%83%A1%E3%83%B3%E3%83%88%EF%BC%88%E5%8D%98%E6%A3%9F%E5%9E%8B%EF%BC%89.pdf,駐車場細則の公平性を落としていないか,駐車場運用の実務論点。
original,orig_set12,9,229,民法・借地借家法,履行遅滞と解除,case_based,advanced,民法541条,履行遅滞による解除では催告と相当期間が基本になることを確認する。,drafting,checked,売買契約において、買主が代金支払期限を過ぎても支払わないため、売主Aが契約を解除したいと考えている。この場合の履行遅滞と解除に関する次の記述のうち、最も適切なものはどれか。,催告解除の基本。,1,履行遅滞の解除は原則として相当期間を定めた催告が必要,1:原則として、Aは相当の期間を定めて履行を催告し、その期間内に履行がなければ解除できる。 / 2:支払期限を1日でも過ぎれば、催告なしに常に直ちに解除できる。 / 3:解除には、債務不履行とは無関係に裁判所の許可が必ず必要である。 / 4:履行遅滞では、解除は一切認められない。,,正解は1です。履行遅滞による解除では、原則として相当の期間を定めた催告をし、その期間内に履行がないことが必要です。,https://www.japaneselawtranslation.go.jp/en/laws/view/4848,無催告解除を一般化していないか,民法の基本解除論。
original,orig_set12,10,230,管理適正化法,管理事務報告,combination,advanced,マンションの管理の適正化の推進に関する法律 / 国土交通省資料,管理事務報告は透明性確保のため定期的・明確であるべきことを確認する。,drafting,checked,管理事務報告に関する次のアからエまでの記述のうち、適切なもののみの組合せはどれか。,定期報告と透明性。,4,管理事務報告は管理組合への説明責任に資する / 内容は明確であるべき,1:アとイ / 2:イとエ / 3:ウとエ / 4:アとウ,ア:管理事務報告は、管理組合に対する説明責任と透明性確保のため重要である。 / イ:管理事務報告は、管理組合が希望しない限り一切不要である。 / ウ:管理事務報告の内容は、管理組合が確認できるよう明確に整理されていることが望ましい。 / エ:管理事務報告は、口頭で断片的に伝えれば足り、内容整理は不要である。,正解は4です。アとウが適切です。管理事務報告は、管理組合への説明責任と透明性確保のため明確に整理して行うことが重要です。,https://www.mlit.go.jp/totikensangyo/const/1_6_bt_000260.html / https://www.mlit.go.jp/jutakukentiku/house/content/001379115.pdf,管理事務報告を不要としていないか,管理適正化法と委託実務の接点。
original,orig_set12,11,231,会計・税務,前受金と預り金,comparison_table,basic,管理組合会計の基本,前受金と預り金は性質で区別することを確認する。,drafting,checked,前受金と預り金の区別に関する次の記述のうち、最も適切なものはどれか。,勘定科目の性質判定。,3,前受金は将来の役務等に対応する受入れ / 預り金は一時的に預かる金銭,1:前受金と預り金は名称が異なるだけで、会計上の意味は同じである。 / 2:前受金は管理組合が一時的に第三者のために預かる金銭である。 / 3:前受金は将来の役務提供等に先立って受け入れた金銭、預り金は一時的に預かっている金銭として整理する。 / 4:預り金は、必ず管理費収入として処理しなければならない。,,正解は3です。前受金は将来の役務提供等に先立って受け入れた金銭、預り金は一時的に預かっている金銭として区別します。,管理組合会計の基本論点,前受金と預り金の意味を逆転させていないか,会計の初歩整理。
original,orig_set12,12,232,区分所有法,復旧決議,single_choice,basic,区分所有法61条,一部滅失後の復旧が問題となる場面を確認する。,drafting,checked,区分所有建物の一部滅失後の復旧決議に関する次の記述のうち、最も適切なものはどれか。,一部滅失と復旧。,1,建物の一部が滅失した場合に復旧決議が問題となる,1:復旧決議は、区分所有建物の一部が滅失した場合に、その復旧をどうするかを決める場面で問題となる。 / 2:復旧決議は、専有部分の模様替えだけを決める制度である。 / 3:復旧決議は、管理費の徴収方法を定める決議である。 / 4:復旧決議は、駐車場使用者の抽選方法を定めるときに用いる。,,正解は1です。復旧決議は、区分所有建物の一部滅失後に、その復旧をどうするかを決める場面で問題となります。,https://www.japaneselawtranslation.go.jp/en/laws/view/4341/en,復旧決議の場面を管理実務の別論点にずらしていないか,一部滅失論点の入口。
original,orig_set12,13,233,建築・設備,給排水衛生設備,comparison_table,basic,建築設備の基本,給水設備と排水設備は役割が異なることを確認する。,drafting,checked,給排水衛生設備に関する次の記述のうち、最も適切なものはどれか。,給水と排水の役割区別。,4,給水設備は供給 / 排水設備は排出,1:給水設備は、汚水や雑排水を建物外へ排出することを主目的とする。 / 2:排水設備は、上水を各住戸へ加圧供給することを主目的とする。 / 3:給水設備と排水設備は、維持管理上まったく区別する必要がない。 / 4:給水設備は生活用水の供給、排水設備は使用後の水の排出という異なる役割を担う。,,正解は4です。給水設備は生活用水を供給し、排水設備は使用後の水を排出するという異なる役割を担います。,建築設備の基本論点,給水と排水の役割を逆転させていないか,設備の初歩確認。
original,orig_set12,14,234,標準管理委託契約書・指針,管理員業務,combination,basic,マンション標準管理委託契約書 / 国土交通省資料,管理員業務の基本は受付・連絡・現場対応補助であることを確認する。,drafting,checked,管理員業務に関する次のアからエまでの記述のうち、適切なもののみの組合せはどれか。,受付、連絡、現場確認。,1,受付・連絡・報告は基本業務 / 独断の高額契約締結は含まれない,1:アとウ / 2:アとエ / 3:イとウ / 4:イとエ,ア:管理員業務には、受付や連絡取次ぎ、共用部分の状況確認などが含まれ得る。 / イ:管理員は、どのマンションでも24時間常駐しなければならない。 / ウ:異常を把握したときに、管理会社や管理組合へ報告することは重要である。 / エ:管理員は、管理組合の承認なしに高額な修繕契約を単独で締結する権限を当然に有する。,正解は1です。アとウが適切です。管理員業務では、受付、連絡取次ぎ、現場確認、異常時の報告などが基本になります。,https://www.mlit.go.jp/jutakukentiku/house/content/001379115.pdf,管理員に当然の契約締結権限を与えていないか,管理員業務の基礎。
original,orig_set12,15,235,標準管理規約,専用使用権,case_based,basic,マンション標準管理規約14条 / 使用細則,専用使用権があっても共用部分を自由改変できるわけではないことを確認する。,drafting,checked,区分所有者Aは、バルコニーについて専用使用権があることを理由に、管理組合の承認を得ず大きな囲い込み工事を行おうとしている。この場合の専用使用権に関する次の記述のうち、最も適切なものはどれか。,バルコニーと共用部分。,2,専用使用権があっても共用部分の性質は変わらない / 使用細則や承認が問題となる,1:専用使用権があれば、その部分は直ちに専有部分となる。 / 2:専用使用権があっても、バルコニーが共用部分であることは変わらず、使用方法には規約や細則上の制約があり得る。 / 3:専用使用権があれば、管理組合の承認なしに自由な改造が常に許される。 / 4:専用使用権は、駐車場以外には成立しない。,,正解は2です。専用使用権があってもバルコニーは共用部分であり、規約や細則に基づく使用上の制約を受けます。,https://www.mansion-info.mlit.go.jp/wp-content/uploads/2025/10/R7%E6%94%B9%E6%AD%A3%E7%89%88_%E6%A8%99%E6%BA%96%E7%AE%A1%E7%90%86%E8%A6%8F%E7%B4%84%EF%BC%8B%E3%82%B3%E3%83%A1%E3%83%B3%E3%83%88%EF%BC%88%E5%8D%98%E6%A3%9F%E5%9E%8B%EF%BC%89.pdf,専用使用権と専有部分を混同していないか,バルコニー論点の基礎。
original,orig_set12,16,236,民法・借地借家法,無断転貸,count,basic,民法612条,賃借人は賃貸人の承諾なく賃借権を譲渡・転貸できないことを確認する。,drafting,checked,無断転貸に関する次のアからエまでの記述のうち、適切なものはいくつあるか。,承諾の要否。,2,承諾なく譲渡・転貸できない / 無断転貸は解除原因となり得る,1:一つ / 2:二つ / 3:三つ / 4:四つ,ア:賃借人は、賃貸人の承諾を得なければ、賃借権を譲渡したり賃借物を転貸したりすることができない。 / イ:賃借人は、承諾がなくても自由に第三者へ転貸できる。 / ウ:無断転貸は、賃貸借契約の解除が問題となる場合がある。 / エ:無断転貸は、民法上まったく問題にならない。,正解は2です。アとウが適切です。賃借人は賃貸人の承諾なく賃借権を譲渡したり賃借物を転貸したりできず、無断転貸は解除が問題となることがあります。,https://www.japaneselawtranslation.go.jp/en/laws/view/4848,無断転貸を常に自由としていないか,賃貸借の基礎論点。
original,orig_set12,17,237,管理適正化法,管理業務主任者,case_based,basic,マンションの管理の適正化の推進に関する法律 / 国土交通省資料,重要事項説明等の場面で管理業務主任者が果たす役割を確認する。,drafting,checked,管理会社Bが管理受託契約を締結しようとする際、担当者Cは『資格者を関与させずに重要事項説明を済ませればよい』と述べている。この場合の管理業務主任者に関する次の記述のうち、最も適切なものはどれか。,重要事項説明と資格者関与。,4,法が予定する場面では管理業務主任者の関与が問題となる,1:管理業務主任者は、管理適正化法とは無関係の資格である。 / 2:管理受託契約では、管理業務主任者の関与は常に不要である。 / 3:管理業務主任者は、工事監理だけを行う資格である。 / 4:管理業務主任者は、法が予定する重要事項説明等の場面で役割を果たす資格者である。,,正解は4です。管理業務主任者は、管理適正化法が予定する重要事項説明等の場面で役割を果たす資格者です。,https://www.mlit.go.jp/totikensangyo/const/1_6_bt_000260.html,管理業務主任者の役割を他資格と混同していないか,資格制度の基礎。
original,orig_set12,18,238,会計・税務,未払金と前払費用,combination,standard,管理組合会計の基本,未払金と前払費用は発生時点と性質で区別することを確認する。,drafting,checked,未払金と前払費用に関する次のアからエまでの記述のうち、正しいもののみの組合せはどれか。,負債と資産の区別。,3,未払金は未払い債務 / 前払費用は将来役務に対応する資産,1:アとイ / 2:イとエ / 3:アとウ / 4:ウとエ,ア:未払金は、すでに費用や支出原因が発生しているが、まだ支払っていない金額として整理される。 / イ:未払金は、将来受ける役務のために先払いした金額である。 / ウ:前払費用は、将来の一定期間に対応する役務提供のために前もって支払った金額として整理される。 / エ:前払費用は、負債に分類するのが原則である。,正解は3です。アとウが正しいです。未払金は未払いの債務、前払費用は将来の役務提供に対応する前払分として整理します。,管理組合会計の基本論点,未払金と前払費用の資産負債区分を逆転させていないか,会計区分の基礎。
original,orig_set12,19,239,区分所有法,競売請求,case_based,standard,区分所有法59条,著しい共同利益背反行為に対する最終的措置として競売請求が問題となることを確認する。,drafting,checked,区分所有者Aが、長期間にわたり共同生活上の著しい迷惑行為を繰り返し、他の手段では障害の除去が困難な状況になっている。この場合の競売請求に関する次の記述のうち、最も適切なものはどれか。,共同利益背反行為への最終手段。,1,著しい共同利益背反行為で他手段が困難な場合に競売請求が問題となる,1:共同利益に反する行為が著しく、他の方法では障害の除去が困難な場合には、競売請求が問題となることがある。 / 2:競売請求は、管理費を1回滞納しただけで当然に認められる。 / 3:競売請求は、共用部分の軽微な使用ルール違反で直ちに認められる。 / 4:区分所有法には競売請求という制度は存在しない。,,正解は1です。競売請求は、共同利益に反する行為が著しく、他の方法では障害除去が困難な場合に問題となる最終的な措置です。,https://www.japaneselawtranslation.go.jp/en/laws/view/4341/en,軽微違反で当然に認めるような構成にしていないか,競売請求の要件整理。
original,orig_set12,20,240,建築・設備,換気設備,combination,standard,建築設備の基本,換気設備は空気の汚染防止と結露抑制に役立つことを確認する。,drafting,checked,換気設備に関する次のアからエまでの記述のうち、適切なもののみの組合せはどれか。,空気質と湿気対策。,2,換気は室内空気の入替えに役立つ / 湿気や汚染物質の滞留防止に有効,1:アとイ / 2:アとウ / 3:イとエ / 4:ウとエ,ア:換気設備は、室内空気を入れ替えて汚染物質の滞留を抑える役割を持つ。 / イ:換気設備は、気密性が高い建物ほど不要になる。 / ウ:適切な換気は、湿気の滞留を抑え結露対策にも役立つ。 / エ:換気設備は騒音があるので、常に停止しておくのが望ましい。,正解は2です。アとウが適切です。換気設備は室内空気の入替えと湿気の抑制に役立ち、空気環境の維持に重要です。,建築設備の基本論点,換気不要論を正答にしていないか,換気の基本理解。
original,orig_set13,1,241,標準管理委託契約書・指針,緊急対応,single_choice,standard,マンション標準管理委託契約書 / 国土交通省資料,緊急対応は被害拡大防止の初動であることを確認する。,drafting,checked,標準管理委託契約書等でいう緊急対応に関する次の記述のうち、最も適切なものはどれか。,漏水や設備事故の初動。,1,緊急対応は被害拡大防止のための初動措置,1:緊急対応は、漏水や設備事故などの際に被害拡大を防ぐための初動措置として重要である。 / 2:緊急対応は、緊急時であっても一切行ってはならない。 / 3:緊急対応は、必ず管理組合総会の決議を経てからでないと開始できない。 / 4:緊急対応は、長期修繕計画の見直しだけを意味する。,,正解は1です。緊急対応は、漏水や設備事故などで被害拡大を防ぐための初動措置として重要です。,https://www.mlit.go.jp/jutakukentiku/house/content/001379115.pdf,緊急対応を事後的な計画論にすり替えていないか,標準管理委託契約書の実務論点。
original,orig_set13,2,242,標準管理規約,管理組合会計,combination,standard,マンション標準管理規約27条 / マンション標準管理規約28条,管理費会計と修繕積立金会計の目的の違いを確認する。,drafting,checked,管理組合会計に関する次のアからエまでの記述のうち、正しいもののみの組合せはどれか。,管理費と修繕積立金の会計目的。,3,管理費は日常管理 / 修繕積立金は計画修繕等,1:アとイ / 2:イとエ / 3:アとウ / 4:ウとエ,ア:管理費は、共用部分の日常の維持管理に要する経費に充てるのが基本である。 / イ:管理費は、原則として大規模修繕工事費だけに充てる。 / ウ:修繕積立金は、計画的な修繕等に備えるための資金として位置付けられる。 / エ:修繕積立金は、理事長が自由判断で私的流用してよい。,正解は3です。アとウが正しいです。管理費は日常管理、修繕積立金は計画修繕等に備える資金という役割の違いがあります。,https://www.mansion-info.mlit.go.jp/wp-content/uploads/2025/10/R7%E6%94%B9%E6%AD%A3%E7%89%88_%E6%A8%99%E6%BA%96%E7%AE%A1%E7%90%86%E8%A6%8F%E7%B4%84%EF%BC%8B%E3%82%B3%E3%83%A1%E3%83%B3%E3%83%88%EF%BC%88%E5%8D%98%E6%A3%9F%E5%9E%8B%EF%BC%89.pdf,管理費と修繕積立金の使途を逆転させていないか,会計目的の基本確認。
original,orig_set13,3,243,民法・借地借家法,時効と承認,combination,standard,民法152条,債務承認が時効完成猶予・更新の契機となることを確認する。,drafting,checked,時効と承認に関する次のアからエまでの記述のうち、適切なもののみの組合せはどれか。,債務承認の効果。,4,権利承認は時効更新事由になり得る / 単なる放置ではない,1:アとイ / 2:イとエ / 3:ウとエ / 4:アとウ,ア:債務の承認は、時効の進行に影響を及ぼす事由となり得る。 / イ:債務の承認をしても、時効には一切影響しない。 / ウ:時効完成前に債務を認める行為は、時効更新の問題を生じさせる。 / エ:債権者が何もしなくても、承認と同じ効果が当然に生じる。,正解は4です。アとウが適切です。債務の承認は、時効の進行に影響を及ぼし、更新事由となることがあります。,https://www.japaneselawtranslation.go.jp/en/laws/view/4848,承認の効果をゼロにしていないか,時効制度の重要ポイント。
original,orig_set13,4,244,管理適正化法,マンション管理業者の義務,single_choice,standard,マンションの管理の適正化の推進に関する法律 / 国土交通省資料,管理業者には適切な説明・分別管理・報告等の義務があることを確認する。,drafting,checked,マンション管理業者の義務に関する次の記述のうち、最も適切なものはどれか。,基本的義務の総合確認。,2,説明・報告・分別管理等の義務がある,1:マンション管理業者は、管理組合財産を自己財産と自由に混在させてよい。 / 2:マンション管理業者には、法が定める説明、報告、分別管理などの義務がある。 / 3:マンション管理業者には、管理組合への説明責任は一切ない。 / 4:マンション管理業者の義務は、宅建業法にしか定められていない。,,正解は2です。マンション管理業者には、管理適正化法上、説明、報告、分別管理などの基本的義務があります。,https://www.mlit.go.jp/totikensangyo/const/1_6_bt_000260.html,管理業者の説明義務や分別管理義務を落としていないか,管理適正化法の総整理。
original,orig_set13,5,245,会計・税務,会計区分,accounting_table,standard,管理組合会計の基本,取引は管理費会計か修繕積立金会計かを目的で判断することを確認する。,drafting,checked,会計区分に関する次の記述のうち、最も適切なものはどれか。,日常管理費用と計画修繕費用。,4,日常清掃費等は管理費会計 / 計画修繕は修繕積立金会計が基本,1:共用部分の日常清掃費は、原則として修繕積立金会計でのみ処理する。 / 2:長期修繕計画に基づく大規模修繕工事費は、原則として管理費会計でのみ処理する。 / 3:会計区分は、金額の大小だけで決める。 / 4:日常管理に要する費用か、計画的修繕に要する費用かという目的に着目して会計区分を判断する。,,正解は4です。会計区分は、日常管理に要する費用か、計画的修繕に要する費用かという目的に着目して判断します。,管理組合会計の基本論点 / https://www.mansion-info.mlit.go.jp/wp-content/uploads/2025/10/R7%E6%94%B9%E6%AD%A3%E7%89%88_%E6%A8%99%E6%BA%96%E7%AE%A1%E7%90%86%E8%A6%8F%E7%B4%84%EF%BC%8B%E3%82%B3%E3%83%A1%E3%83%B3%E3%83%88%EF%BC%88%E5%8D%98%E6%A3%9F%E5%9E%8B%EF%BC%89.pdf,会計区分を金額基準だけにしていないか,会計区分の整理。
original,orig_set13,6,246,区分所有法,使用禁止請求,combination,standard,区分所有法58条,共同利益背反行為に対して使用禁止請求が問題となることを確認する。,drafting,checked,使用禁止請求に関する次のアからエまでの記述のうち、適切なもののみの組合せはどれか。,著しい迷惑行為への対応。,1,共同利益背反行為で使用禁止請求が問題となる / 軽微違反で当然ではない,1:アとウ / 2:アとエ / 3:イとウ / 4:イとエ,ア:共同利益に反する行為があり、その停止等だけでは障害除去が十分でない場合には、使用禁止請求が問題となることがある。 / イ:区分所有法には、使用禁止請求という制度は存在しない。 / ウ:使用禁止請求は、専有部分の使用を一定期間禁止する強い措置として位置付けられる。 / エ:軽微なルール違反が1回あれば、当然に使用禁止請求が認められる。,正解は1です。アとウが適切です。使用禁止請求は、共同利益に反する行為に対する強い措置であり、軽微な違反で直ちに認められるものではありません。,https://www.japaneselawtranslation.go.jp/en/laws/view/4341/en,軽微な違反で当然に認める構成にしていないか,区分所有法上の強力な差止措置。
original,orig_set13,7,247,建築・設備,駐車場設備,single_choice,standard,建築設備の基本 / 機械式駐車設備の維持管理,機械式駐車設備は定期点検と安全管理が重要であることを確認する。,drafting,checked,駐車場設備に関する次の記述のうち、最も適切なものはどれか。,機械式駐車設備の保守。,2,機械式駐車設備は安全確保のため定期点検が重要,1:機械式駐車設備は、一度設置すれば点検不要である。 / 2:機械式駐車設備は、事故防止と安全確保のため定期点検や適切な保守が重要である。 / 3:駐車場設備の安全管理は、管理組合とは無関係である。 / 4:駐車場設備は、照明設備と同じ管理だけをすれば十分である。,,正解は2です。機械式駐車設備は、事故防止と安全確保のため定期点検や適切な保守が重要です。,建築設備の基本論点,機械式駐車設備を点検不要としていないか,設備保守の実務論点。
original,orig_set13,8,248,標準管理委託契約書・指針,月次報告,count,standard,マンション標準管理委託契約書 / 国土交通省資料,月次報告は管理状況の共有と透明性確保に役立つことを確認する。,drafting,checked,月次報告に関する次のアからエまでの記述のうち、適切なものはいくつあるか。,管理状況の定期共有。,2,月次報告は管理状況共有に有効 / 会計や業務実施状況の把握に資する,1:一つ / 2:二つ / 3:三つ / 4:四つ,ア:月次報告は、管理組合が管理業務の実施状況を継続的に把握するうえで有用である。 / イ:月次報告には、必要に応じて会計や業務実施状況に関する情報整理が求められる。 / ウ:月次報告は、情報が多くなるので原則として作成しないほうがよい。 / エ:月次報告は、管理組合に見せず管理会社内部だけで保管すれば足りる。,正解は2です。アとイが適切です。月次報告は、管理状況や会計状況を管理組合が把握するうえで重要な資料です。,https://www.mlit.go.jp/jutakukentiku/house/content/001379115.pdf,月次報告を内部資料だけに閉じていないか,委託報告の定期性。
original,orig_set13,9,249,標準管理規約,理事長権限,single_choice,standard,マンション標準管理規約38条,理事長は管理組合を代表して業務を執行することを確認する。,drafting,checked,理事長の権限に関する次の記述のうち、最も適切なものはどれか。,代表と業務執行。,3,理事長は管理組合を代表し業務を統括的に執行する,1:理事長は、管理組合を代表する立場を有しない。 / 2:理事長は、総会や規約に基づく統制を受けず自由に私的判断だけで行動できる。 / 3:理事長は、管理組合を代表し、その業務を執行する立場にある。 / 4:理事長は、共用部分の保存行為を含め一切の業務に関与しない。,,正解は3です。理事長は、管理組合を代表し、その業務を執行する立場にあります。,https://www.mansion-info.mlit.go.jp/wp-content/uploads/2025/10/R7%E6%94%B9%E6%AD%A3%E7%89%88_%E6%A8%99%E6%BA%96%E7%AE%A1%E7%90%86%E8%A6%8F%E7%B4%84%EF%BC%8B%E3%82%B3%E3%83%A1%E3%83%B3%E3%83%88%EF%BC%88%E5%8D%98%E6%A3%9F%E5%9E%8B%EF%BC%89.pdf,理事長の代表権を否定していないか,理事長権限の基本。
original,orig_set13,10,250,民法・借地借家法,定期建物賃貸借,single_choice,standard,借地借家法38条,定期建物賃貸借では書面契約と事前説明が重要であることを確認する。,drafting,checked,定期建物賃貸借に関する次の記述のうち、正しいものはどれか。,書面契約と事前説明。,1,定期建物賃貸借では書面による契約と更新がない旨の説明が問題となる,1:定期建物賃貸借では、契約を公正証書等の書面で行い、更新がない旨についてあらかじめ説明することが問題となる。 / 2:定期建物賃貸借では、口頭契約だけで常に有効に成立する。 / 3:定期建物賃貸借は、普通建物賃貸借と全く同じで更新が当然にある。 / 4:定期建物賃貸借は、居住用建物には一切利用できない。,,正解は1です。定期建物賃貸借では、書面による契約と、更新がない旨の事前説明が重要です。,https://elaws.e-gov.go.jp/document?lawid=403AC0000000090,書面要件と事前説明を落としていないか,借地借家法の基本論点。
original,orig_set13,11,251,管理適正化法,重要事項説明,count,standard,マンションの管理の適正化の推進に関する法律 / 国土交通省資料,重要事項説明は契約締結前の判断資料として重要であることを確認する。,drafting,checked,管理受託契約における重要事項説明に関する次のアからエまでの記述のうち、適切なものはいくつあるか。,契約前説明の趣旨と資格者関与。,2,重要事項説明は契約前の判断資料 / 説明内容は管理組合が理解できるよう整理されるべき,1:一つ / 2:二つ / 3:三つ / 4:四つ,ア:重要事項説明は、管理受託契約の内容を管理組合が事前に理解するための重要な手続である。 / イ:重要事項説明は、契約締結後に行えば足りる。 / ウ:重要事項説明では、管理組合が判断できるよう内容を明確に示すことが重要である。 / エ:重要事項説明は、管理会社内部だけで確認すれば足り、管理組合への説明は不要である。,正解は2です。アとウが適切です。重要事項説明は、契約締結前に管理組合が内容を理解し判断するための重要な手続です。,https://www.mlit.go.jp/totikensangyo/const/1_6_bt_000260.html,重要事項説明の時期を契約後にしていないか,説明制度の基本確認。
original,orig_set13,12,252,会計・税務,駐車場使用料処理,single_choice,standard,マンション標準管理規約29条コメント / 管理組合会計の基本,駐車場使用料の位置付けは規約・会計方針に基づいて整理することを確認する。,drafting,checked,駐車場使用料の会計処理に関する次の記述のうち、最も適切なものはどれか。,使用料収入の会計整理。,3,駐車場使用料は規約や会計方針に沿って処理する / 使途との整合が重要,1:駐車場使用料は、いかなる場合でも理事長の私的裁量で自由に処理してよい。 / 2:駐車場使用料は、収入の性質を考えず毎年好きな会計区分に移してよい。 / 3:駐車場使用料は、規約や会計方針に照らし、その性質と使途との対応を踏まえて整理することが重要である。 / 4:駐車場使用料は、会計帳簿に記載する必要がない。,,正解は3です。駐車場使用料は、その性質と使途に応じて、規約や会計方針に沿って整理することが重要です。,https://www.mansion-info.mlit.go.jp/wp-content/uploads/2025/10/R7%E6%94%B9%E6%AD%A3%E7%89%88_%E6%A8%99%E6%BA%96%E7%AE%A1%E7%90%86%E8%A6%8F%E7%B4%84%EF%BC%8B%E3%82%B3%E3%83%A1%E3%83%B3%E3%83%88%EF%BC%88%E5%8D%98%E6%A3%9F%E5%9E%8B%EF%BC%89.pdf,駐車場使用料を無統制に扱っていないか,収入の性質判断。
original,orig_set13,13,253,区分所有法,集会招集,precedent_fill,standard,区分所有法34条,集会招集では会日より一定日前までの通知が必要になることを確認する。,drafting,checked,区分所有法上、集会の招集通知は、原則として会日より少なくとも[　]日前までに発しなければならない。この[　]に当てはまるものとして正しいものはどれか。,招集通知期間の基本。,4,原則として会日より少なくとも1週間前,1:1日 / 2:3日 / 3:5日 / 4:7日,,正解は4です。集会の招集通知は、原則として会日より少なくとも1週間前までに発する必要があります。,https://www.japaneselawtranslation.go.jp/en/laws/view/4341/en,招集通知期間を短くしすぎていないか,招集手続の基本。
original,orig_set13,14,254,建築・設備,コンクリート中性化,case_based,standard,建築保全の基本,中性化は鉄筋腐食リスクと関係することを確認する。,drafting,checked,築年数の進んだマンションで外壁調査を行ったところ、コンクリートの中性化が進行しているおそれが指摘された。この場合の中性化に関する次の記述のうち、最も適切なものはどれか。,外壁劣化と鉄筋腐食。,2,中性化は鉄筋の防錆性能低下と関係する,1:中性化が進んでも、鉄筋腐食とは無関係である。 / 2:コンクリートの中性化が進むと、鉄筋の腐食が生じやすくなるため、維持管理上注意が必要である。 / 3:中性化は、塗装の色落ちだけを意味する。 / 4:中性化は、木部腐朽と同じ仕組みで進行する。,,正解は2です。コンクリートの中性化が進むと鉄筋腐食のリスクが高まるため、調査と補修の検討が重要です。,建築保全の基本論点,中性化と鉄筋腐食の関係を落としていないか,外壁保全の基礎論点。
original,orig_set13,15,255,標準管理委託契約書・指針,原本保管,combination,standard,マンション標準管理委託契約書 / 国土交通省資料,契約書や議事録等の原本保管は所在明確化と引継ぎが重要であることを確認する。,drafting,checked,原本保管に関する次のアからエまでの記述のうち、適切なもののみの組合せはどれか。,原本の所在管理と引継ぎ。,3,原本保管では所在明確化が重要 / 委託終了時の引継ぎが問題となる,1:アとイ / 2:イとエ / 3:アとウ / 4:ウとエ,ア:契約書や議事録等の原本は、所在を明確にして保管することが重要である。 / イ:原本は、誰が保管しているか不明でも実務上問題ない。 / ウ:管理委託が終了する場合には、原本や必要資料の引継ぎが重要になる。 / エ:古い原本は、管理組合に確認せず任意に廃棄してよい。,正解は3です。アとウが適切です。原本保管では所在管理が重要であり、委託終了時の引継ぎも大切です。,https://www.mlit.go.jp/jutakukentiku/house/content/001379115.pdf,原本の所在不明や無断廃棄を容認していないか,資料管理の実務論点。
original,orig_set13,16,256,標準管理規約,総会決議事項,case_based,standard,マンション標準管理規約47条 / マンション標準管理規約48条,総会で決めるべき事項と理事会事項を区別できるか確認する。,drafting,checked,管理組合で、長期的な運営に大きく影響する新たな使用細則の制定を検討している。この場合の総会決議事項に関する次の記述のうち、最も適切なものはどれか。,総会事項と理事会事項の区別。,1,規約・細則の重要事項は総会決議が問題となる,1:管理組合の基本的なルールに関わる事項は、総会で決議すべきものとして扱われる。 / 2:総会決議事項は存在せず、すべて理事長単独で決められる。 / 3:使用細則の制定は、常に管理員の判断だけで足りる。 / 4:総会決議事項かどうかは、区分所有者数に関係なく毎回自由に変えてよい。,,正解は1です。管理組合の基本的なルールに関わる事項は、総会で決議すべきものとして扱われます。,https://www.mansion-info.mlit.go.jp/wp-content/uploads/2025/10/R7%E6%94%B9%E6%AD%A3%E7%89%88_%E6%A8%99%E6%BA%96%E7%AE%A1%E7%90%86%E8%A6%8F%E7%B4%84%EF%BC%8B%E3%82%B3%E3%83%A1%E3%83%B3%E3%83%88%EF%BC%88%E5%8D%98%E6%A3%9F%E5%9E%8B%EF%BC%89.pdf,理事長単独決定に寄せていないか,統治ルールの基礎。
original,orig_set13,17,257,民法・借地借家法,危険負担,case_based,standard,民法536条,債権者の責めに帰すべき事由なく履行不能となった場合の反対給付の扱いを確認する。,drafting,checked,売買契約締結後、引渡し前に目的物が当事者双方に責任のない火災で滅失した。この場合の危険負担に関する次の記述のうち、最も適切なものはどれか。,双方無責の履行不能。,2,債務者が反対給付を受けることができないのが原則,1:買主は、常に代金全額を支払わなければならない。 / 2:債務者がその債務を履行できなくなった場合で、債権者の責めに帰すべき事由がないときは、原則として反対給付を受けることができない。 / 3:危険負担の問題は、双務契約では一切生じない。 / 4:危険負担が問題になるときは、常に裁判所の許可が必要である。,,正解は2です。双方に責任のない履行不能では、債務者は原則として反対給付を受けることができません。,https://www.japaneselawtranslation.go.jp/en/laws/view/4848,危険負担を旧法イメージで誤っていないか,改正民法の基本論点。
original,orig_set13,18,258,管理適正化法,契約成立時書面,combination,standard,マンションの管理の適正化の推進に関する法律 / 国土交通省資料,契約成立時書面は契約内容の明確化に役立つことを確認する。,drafting,checked,契約成立時書面に関する次のアからエまでの記述のうち、適切なもののみの組合せはどれか。,契約内容の明確化と交付。,4,契約成立後に内容を書面化して明確にする / 管理組合の確認資料となる,1:アとイ / 2:イとエ / 3:ウとエ / 4:アとウ,ア:契約成立時書面は、成立した契約内容を管理組合が確認できるよう明確にするための資料である。 / イ:契約成立時書面は、作成も交付も不要である。 / ウ:契約成立後に、契約内容を適切に書面化して交付することが重要である。 / エ:契約成立時書面は、契約締結前の口頭説明だけで代替できる。,正解は4です。アとウが適切です。契約成立時書面は、成立した契約内容を明確にし、管理組合が確認するために重要です。,https://www.mlit.go.jp/totikensangyo/const/1_6_bt_000260.html,契約成立時書面を口頭説明で代替していないか,書面交付制度の再確認。
original,orig_set13,19,259,会計・税務,財務諸表読解,comparison_table,advanced,管理組合会計の基本,財務諸表は残高だけでなく内容との対応で読むことを確認する。,drafting,checked,財務諸表の読解に関する次の記述のうち、最も適切なものはどれか。,数値と勘定内容の対応。,1,財務諸表は金額だけでなく勘定内容や前期比較で読む,1:財務諸表は、金額の大小だけでなく、勘定科目の内容や前期比較を踏まえて読むことが重要である。 / 2:財務諸表は、残高が記載されていれば内容を確認する必要はない。 / 3:財務諸表の読解では、収支と貸借の関係を見る必要はない。 / 4:財務諸表は、理事長だけが見れば足り、管理組合は確認しなくてよい。,,正解は1です。財務諸表は、金額の大小だけでなく、勘定内容や前期比較との関係を踏まえて読むことが重要です。,管理組合会計の基本論点,残高だけ見る説明になっていないか,財務読解の基礎。
original,orig_set13,20,260,区分所有法,共用部分持分,single_choice,advanced,区分所有法14条,共用部分の持分は原則として専有部分の床面積割合によることを確認する。,drafting,checked,共用部分の持分に関する次の記述のうち、正しいものはどれか。,原則割合の確認。,3,共用部分持分は規約に別段がなければ専有部分の床面積割合による,1:共用部分の持分は、区分所有者の年齢順で決まる。 / 2:共用部分の持分は、常に各区分所有者で均等である。 / 3:共用部分の持分は、規約に別段の定めがない限り、各区分所有者の専有部分の床面積割合による。 / 4:共用部分の持分は、理事長が毎年変更してよい。,,正解は3です。共用部分の持分は、規約に別段の定めがない限り、専有部分の床面積割合によります。,https://www.japaneselawtranslation.go.jp/en/laws/view/4341/en,均等固定にしていないか,持分割合の基本。
original,orig_set14,1,261,建築・設備,ひび割れ原因,comparison_table,advanced,建築保全の基本,ひび割れは原因別に評価する必要があることを確認する。,drafting,checked,コンクリートのひび割れ原因に関する次の記述のうち、最も適切なものはどれか。,乾燥収縮、荷重、劣化の区別。,2,ひび割れは原因別に評価して補修方針を考える,1:ひび割れは、どの部位でも常に同じ原因で発生する。 / 2:ひび割れは、乾燥収縮、温度変化、荷重、劣化など原因を見極めて評価することが重要である。 / 3:ひび割れ幅や位置を確認する必要はない。 / 4:ひび割れがあれば、原因を問わず同じ補修方法で足りる。,,正解は2です。ひび割れは原因ごとに評価しないと、適切な補修方針を立てられません。,建築保全の基本論点,ひび割れ原因を単一化していないか,劣化診断の基本。
original,orig_set14,2,262,標準管理委託契約書・指針,管理適正化指針,single_choice,advanced,マンションの管理の適正化の推進を図るための基本的な方針 / 国土交通省資料,管理適正化指針は望ましい管理の方向性を示すことを確認する。,drafting,checked,管理適正化指針に関する次の記述のうち、最も適切なものはどれか。,管理水準の方向付け。,4,管理適正化指針は望ましい管理の方向性を示す,1:管理適正化指針は、各管理組合に一切関係しない。 / 2:管理適正化指針は、管理会社だけが見る内部資料である。 / 3:管理適正化指針は、修繕工事の積算単価だけを定める。 / 4:管理適正化指針は、マンション管理の適正化に向けた望ましい方向性や考え方を示すものである。,,正解は4です。管理適正化指針は、マンション管理の望ましい方向性や考え方を示すものです。,https://www.mlit.go.jp/totikensangyo/const/1_6_bt_000280.html,指針の役割を単価表のように矮小化していないか,政策的な位置付けの確認。
original,orig_set14,3,263,標準管理規約,修繕積立金取崩し,combination,advanced,マンション標準管理規約28条,修繕積立金取崩しは目的外使用にならないよう統制が必要であることを確認する。,drafting,checked,修繕積立金の取崩しに関する次のアからエまでの記述のうち、適切なもののみの組合せはどれか。,目的適合性と意思決定。,1,修繕積立金は計画修繕等の目的に沿って用いる / 取崩しには適切な意思決定が必要,1:アとウ / 2:アとエ / 3:イとウ / 4:イとエ,ア:修繕積立金は、計画的な修繕等の目的に沿って使用することが基本である。 / イ:修繕積立金は、理事長が日常的な飲食費のため自由に取り崩せる。 / ウ:取崩しに当たっては、管理組合内で適切な意思決定手続を踏むことが重要である。 / エ:修繕積立金は、管理組合財産ではないので会計管理の対象外である。,正解は1です。アとウが適切です。修繕積立金の取崩しは、目的に沿った使用と適切な意思決定が重要です。,https://www.mansion-info.mlit.go.jp/wp-content/uploads/2025/10/R7%E6%94%B9%E6%AD%A3%E7%89%88_%E6%A8%99%E6%BA%96%E7%AE%A1%E7%90%86%E8%A6%8F%E7%B4%84%EF%BC%8B%E3%82%B3%E3%83%A1%E3%83%B3%E3%83%88%EF%BC%88%E5%8D%98%E6%A3%9F%E5%9E%8B%EF%BC%89.pdf,目的外使用を容認していないか,積立金統制の確認。
original,orig_set14,4,264,民法・借地借家法,解除と損害賠償,count,advanced,民法415条 / 民法541条 / 民法545条,解除と損害賠償請求は併存し得ることを確認する。,drafting,checked,解除と損害賠償に関する次のアからエまでの記述のうち、適切なものはいくつあるか。,解除と賠償の関係。,2,解除しても損害賠償請求を妨げない / 常に無条件で賠償できるわけではない,1:一つ / 2:二つ / 3:三つ / 4:四つ,ア:債務不履行により契約を解除したとしても、損害賠償の請求が妨げられるわけではない。 / イ:契約を解除した場合、損害賠償は法律上絶対に請求できない。 / ウ:損害賠償請求が認められるかは、債務不履行や損害の要件を踏まえて判断される。 / エ:解除と損害賠償は、原因の有無に関係なく常に自動的に認められる。,正解は2です。アとウが適切です。解除は損害賠償請求を妨げず、賠償は要件を踏まえて判断されます。,https://www.japaneselawtranslation.go.jp/en/laws/view/4848,解除で賠償請求が常に消えるようにしていないか,民法の横断論点。
original,orig_set14,5,265,管理適正化法,帳簿備付け,case_based,advanced,マンションの管理の適正化の推進に関する法律 / 国土交通省資料,帳簿備付けは管理事務の透明性と検証可能性に資することを確認する。,drafting,checked,管理会社Bは、『帳簿は社内メモがあれば十分で、体系的な備付けは不要だ』としている。この場合の帳簿備付けに関する次の記述のうち、最も適切なものはどれか。,帳簿整備の必要性。,1,帳簿備付けは管理事務の透明性と確認可能性を確保する,1:帳簿備付けは、管理事務の状況を後から確認できるようにするため重要である。 / 2:帳簿は、担当者の記憶があれば不要である。 / 3:帳簿備付けは、管理組合財産の管理とは無関係である。 / 4:帳簿備付けは、契約終了後にまとめて作れば足りる。,,正解は1です。帳簿備付けは、管理事務の透明性と検証可能性を確保するため重要です。,https://www.mlit.go.jp/totikensangyo/const/1_6_bt_000260.html,帳簿を記憶頼みで代替していないか,記録管理の基本。
original,orig_set14,6,266,会計・税務,消費税,combination,basic,消費税の基本 / 管理組合会計の実務,消費税は課税関係を意識して処理する必要があることを確認する。,drafting,checked,管理組合会計における消費税に関する次のアからエまでの記述のうち、適切なもののみの組合せはどれか。,課税取引と非課税取引の整理。,2,消費税は取引の性質を踏まえて整理する / 一律処理は誤り,1:アとイ / 2:アとウ / 3:イとエ / 4:ウとエ,ア:消費税の処理では、取引の内容や性質を踏まえて整理することが必要である。 / イ:管理組合会計では、すべての取引を一律に非課税として扱えば足りる。 / ウ:会計処理では、税込・税抜の考え方や勘定科目との対応を意識することが重要である。 / エ:消費税の処理は、帳簿や証憑と無関係である。,正解は2です。アとウが適切です。消費税は、取引の性質と会計処理方針を踏まえて整理する必要があります。,管理組合会計の実務論点,すべて一律処理にしていないか,税務実務の基礎。
original,orig_set14,7,267,区分所有法,専有部分と共用部分,case_based,basic,区分所有法2条 / マンション標準管理規約7条,専有部分と共用部分の区別は構造・利用形態・規約も踏まえることを確認する。,drafting,checked,区分所有者Aは、玄関扉の外側塗装を『自分の専有部分だから自由に変えられる』と考えている。この場合の専有部分と共用部分に関する次の記述のうち、最も適切なものはどれか。,玄関扉等の境界論点。,3,専有部分か共用部分かは建物構造や規約等を踏まえて判断する,1:玄関扉に関する事項は、常にすべて専有部分に当たる。 / 2:専有部分と共用部分の区別は、居住者の好みだけで決まる。 / 3:専有部分と共用部分の区別は、建物の構造や利用形態、規約の定めなどを踏まえて判断する。 / 4:共用部分であっても、専有部分と同じく個人が自由に改変できる。,,正解は3です。専有部分と共用部分の区別は、構造や利用形態、規約の定めなどを踏まえて判断します。,https://www.japaneselawtranslation.go.jp/en/laws/view/4341/en / https://www.mansion-info.mlit.go.jp/wp-content/uploads/2025/10/R7%E6%94%B9%E6%AD%A3%E7%89%88_%E6%A8%99%E6%BA%96%E7%AE%A1%E7%90%86%E8%A6%8F%E7%B4%84%EF%BC%8B%E3%82%B3%E3%83%A1%E3%83%B3%E3%83%88%EF%BC%88%E5%8D%98%E6%A3%9F%E5%9E%8B%EF%BC%89.pdf,玄関扉を常に専有部分扱いしていないか,境界論点の基本。
original,orig_set14,8,268,宅建業法,重要事項説明,single_choice,basic,宅地建物取引業法35条,宅建業法上の重要事項説明では宅地建物取引士が説明することを確認する。,drafting,checked,宅建業法上の重要事項説明に関する次の記述のうち、正しいものはどれか。,契約前説明と宅建士。,1,重要事項説明は宅地建物取引士が行う,1:重要事項説明は、原則として宅地建物取引士が行う。 / 2:重要事項説明は、資格のない者が自由に行ってよい。 / 3:重要事項説明は、契約締結後なら誰が説明してもよい。 / 4:重要事項説明は、宅建業法とは無関係の制度である。,,正解は1です。宅建業法上の重要事項説明は、原則として宅地建物取引士が行います。,https://elaws.e-gov.go.jp/document?lawid=327AC0000000176,重要事項説明者を資格不要にしていないか,宅建業法の基本事項。
original,orig_set14,9,269,建築・設備,耐震対策,combination,basic,建築防災の基本,耐震対策は診断・補強・日常備えを組み合わせる視点が重要であることを確認する。,drafting,checked,耐震対策に関する次のアからエまでの記述のうち、適切なもののみの組合せはどれか。,診断、補強、備え。,4,耐震対策では現状把握と必要な補強検討が重要 / 家具固定等の日常備えも有用,1:アとイ / 2:イとエ / 3:ウとエ / 4:アとウ,ア:耐震対策では、まず建物の現状把握や必要に応じた診断を行うことが重要である。 / イ:旧耐震の建物でも、確認せず補強の要否は考えなくてよい。 / ウ:耐震補強の検討とあわせて、家具固定など日常的な備えも有用である。 / エ:耐震対策は、地震後に考えれば十分で事前準備は不要である。,正解は4です。アとウが適切です。耐震対策では、診断や補強の検討に加え、日常的な備えも大切です。,建築防災の基本論点,耐震対策を事後対応だけにしていないか,防災分野の基本。
original,orig_set14,10,270,標準管理委託契約書・指針,区分所有者の役割,count,basic,マンション標準管理委託契約書 / 管理適正化指針,マンション管理は管理会社任せではなく区分所有者の関与も重要であることを確認する。,drafting,checked,マンション管理における区分所有者の役割に関する次のアからエまでの記述のうち、適切なものはいくつあるか。,主体的関与と協力。,2,区分所有者は総会参加やルール遵守など主体的役割を負う / 管理会社任せ一辺倒ではない,1:一つ / 2:二つ / 3:三つ / 4:四つ,ア:区分所有者は、総会への参加やルール遵守などを通じてマンション管理に主体的に関与することが重要である。 / イ:マンション管理は管理会社だけの問題であり、区分所有者は一切関与しなくてよい。 / ウ:区分所有者相互の協力や情報共有は、適切な管理に役立つ。 / エ:区分所有者は、管理規約に従う必要はない。,正解は2です。アとウが適切です。マンション管理は、区分所有者の主体的関与と相互協力があってこそ成り立ちます。,https://www.mlit.go.jp/jutakukentiku/house/content/001379115.pdf / https://www.mlit.go.jp/totikensangyo/const/1_6_bt_000280.html,区分所有者の役割を管理会社に丸投げしていないか,管理主体の基本理解。
original,orig_set14,11,271,標準管理規約,管理費と修繕積立金の使途,single_choice,basic,マンション標準管理規約27条 / マンション標準管理規約28条,管理費と修繕積立金の基本的な使途の違いを確認する。,drafting,checked,管理費と修繕積立金の使途に関する次の記述のうち、最も適切なものはどれか。,日常管理費用と計画修繕費用の区別。,2,管理費は日常管理 / 修繕積立金は計画修繕等,1:管理費は、大規模修繕工事にだけ用いるのが原則である。 / 2:管理費は日常の維持管理費用に、修繕積立金は計画的な修繕等に充てるのが基本である。 / 3:修繕積立金は、理事長の私的判断で自由に流用できる。 / 4:管理費と修繕積立金に使途の違いはない。,,正解は2です。管理費は日常管理に、修繕積立金は計画的な修繕等に充てるのが基本です。,https://www.mansion-info.mlit.go.jp/wp-content/uploads/2025/10/R7%E6%94%B9%E6%AD%A3%E7%89%88_%E6%A8%99%E6%BA%96%E7%AE%A1%E7%90%86%E8%A6%8F%E7%B4%84%EF%BC%8B%E3%82%B3%E3%83%A1%E3%83%B3%E3%83%88%EF%BC%88%E5%8D%98%E6%A3%9F%E5%9E%8B%EF%BC%89.pdf,管理費と修繕積立金の使途を逆転していないか,会計区分の基本。
original,orig_set14,12,272,民法・借地借家法,請負契約,combination,basic,民法632条,請負契約は仕事の完成と報酬の支払を内容とすることを確認する。,drafting,checked,請負契約に関する次のアからエまでの記述のうち、正しいもののみの組合せはどれか。,仕事完成型契約の確認。,3,仕事の完成と報酬 / 委任契約との区別,1:アとイ / 2:イとエ / 3:アとウ / 4:ウとエ,ア:請負は、当事者の一方がある仕事を完成することを約し、相手方がその結果に対して報酬を支払うことを約する契約である。 / イ:請負では、仕事の完成は不要で、着手だけで常に目的を達する。 / ウ:請負は、仕事の結果の実現が重視される契約である。 / エ:請負は、必ず無償でなければならない。,正解は3です。アとウが正しいです。請負は、仕事の完成と報酬の支払を内容とする契約です。,https://www.japaneselawtranslation.go.jp/en/laws/view/4848,請負を委任のように説明していないか,民法の契約類型。
original,orig_set14,13,273,管理適正化法,標識掲示,single_choice,basic,マンションの管理の適正化の推進に関する法律 / 国土交通省資料,標識掲示は管理業者の適法性と透明性の確保に資することを確認する。,drafting,checked,標識掲示に関する次の記述のうち、最も適切なものはどれか。,登録業者の表示義務。,1,標識掲示は利用者への情報提供,1:標識掲示は、管理業者に関する基本情報を外部から確認できるようにするため重要である。 / 2:標識掲示は、管理業者が希望するときだけ行えばよい。 / 3:標識掲示は、管理組合に知られないよう非公開で行う。 / 4:標識掲示は、宅建業法だけの制度であり管理適正化法とは無関係である。,,正解は1です。標識掲示は、管理業者の基本情報を確認できるようにし、透明性を確保するために重要です。,https://www.mlit.go.jp/totikensangyo/const/1_6_bt_000260.html,標識掲示を任意制度にしていないか,登録業者の外形的表示。
original,orig_set14,14,274,会計・税務,貸借対照表,accounting_table,standard,管理組合会計の基本,貸借対照表は一定時点の資産・負債・正味財産の状態を示すことを確認する。,drafting,checked,貸借対照表に関する次の記述のうち、最も適切なものはどれか。,一時点の財政状態。,4,一時点の資産・負債等の状況,1:貸借対照表は、一定期間の収入と支出だけを示す表である。 / 2:貸借対照表には、資産や負債を記載する必要がない。 / 3:貸借対照表は、将来予算だけを記載するための表である。 / 4:貸借対照表は、一定時点における資産、負債その他の財政状態を示す表である。,,正解は4です。貸借対照表は、一定時点における資産や負債などの財政状態を示します。,管理組合会計の基本論点,収支計算書や予算書と混同していないか,財務諸表の基礎。
original,orig_set14,15,275,区分所有法,敷地利用権,combination,standard,区分所有法2条6項 / 区分所有法22条,敷地利用権は専有部分と密接に結び付く権利であることを確認する。,drafting,checked,敷地利用権に関する次のアからエまでの記述のうち、適切なもののみの組合せはどれか。,専有部分との一体性。,1,専有部分と敷地利用権の一体性 / 分離処分制限,1:アとウ / 2:アとエ / 3:イとウ / 4:イとエ,ア:敷地利用権は、区分所有建物の専有部分を所有するために有する敷地に関する権利である。 / イ:敷地利用権は、専有部分とは無関係に常に自由分離できる。 / ウ:専有部分と敷地利用権は、一体的に把握されることが重要である。 / エ:敷地利用権は、区分所有法上問題になることはない。,正解は1です。アとウが適切です。敷地利用権は、専有部分の所有と密接に結び付く権利です。,https://www.japaneselawtranslation.go.jp/en/laws/view/4341/en,分離処分を自由としていないか,敷地権関係の基本。
original,orig_set14,16,276,宅建業法,35条書面,case_based,standard,宅地建物取引業法35条,35条書面は契約前の重要事項説明に関する書面であることを確認する。,drafting,checked,宅建業者Aは、売買契約締結後にまとめて35条書面を交付すればよいと説明している。この場合の35条書面に関する次の記述のうち、最も適切なものはどれか。,契約前の説明書面。,2,35条書面は契約締結前の重要事項説明に用いられる,1:35条書面は、契約締結後に交付すれば足りる。 / 2:35条書面は、契約締結前に重要事項を説明するための書面である。 / 3:35条書面は、売主が資格なしで自由に説明すればよい。 / 4:35条書面は、37条書面と同じで時期の区別はない。,,正解は2です。35条書面は、契約締結前に重要事項を説明するための書面です。,https://elaws.e-gov.go.jp/document?lawid=327AC0000000176,35条と37条の時期を混同していないか,宅建業法の基本論点。
original,orig_set14,17,277,建築・設備,昇降機,single_choice,standard,建築設備の基本,昇降機は安全確保のため保守点検が重要であることを確認する。,drafting,checked,昇降機に関する次の記述のうち、最も適切なものはどれか。,エレベーター等の安全管理。,3,昇降機は定期点検と安全管理が重要,1:昇降機は、設置後の点検をしなくても安全性は変わらない。 / 2:昇降機の保守は、利用者の自己責任で管理組合は関与しない。 / 3:昇降機は、事故防止と安全確保のため適切な保守点検が重要である。 / 4:昇降機は、共用部分とは無関係なので管理規約の対象外である。,,正解は3です。昇降機は、事故防止と安全確保のため適切な保守点検が重要です。,建築設備の基本論点,昇降機を点検不要としていないか,設備安全の基本。
original,orig_set14,18,278,標準管理委託契約書・指針,専門家活用,combination,standard,マンション標準管理委託契約書 / 管理適正化指針,専門家活用は難しい論点で補助的に有効であることを確認する。,drafting,checked,マンション管理における専門家活用に関する次のアからエまでの記述のうち、適切なもののみの組合せはどれか。,法務・会計・建築分野での補助。,4,専門家活用は難問対応に有効 / 最終判断主体は管理組合,1:アとイ / 2:イとエ / 3:ウとエ / 4:アとウ,ア:専門家の活用は、法務、会計、建築など専門性の高い論点への対応に役立つ。 / イ:専門家を関与させた場合、管理組合は一切内容確認をしなくてよい。 / ウ:専門家の意見は有用だが、管理組合自身の意思決定と組み合わせて活用することが重要である。 / エ:専門家活用は、どのような場面でも常に禁止される。,正解は4です。アとウが適切です。専門家活用は有効ですが、管理組合の主体的判断と組み合わせることが重要です。,https://www.mlit.go.jp/jutakukentiku/house/content/001379115.pdf / https://www.mlit.go.jp/totikensangyo/const/1_6_bt_000280.html,専門家への全面丸投げを容認していないか,実務支援の活用。
original,orig_set14,19,279,標準管理規約,理事会の権限,case_based,standard,マンション標準管理規約54条 / マンション標準管理規約55条,理事会は総会事項以外の業務執行について判断する機関であることを確認する。,drafting,checked,管理組合で、総会決議を要しない日常的な業務執行の判断を行う必要が生じた。この場合の理事会の権限に関する次の記述のうち、最も適切なものはどれか。,理事会と総会の役割分担。,1,理事会は総会で決めるべき事項以外の業務執行を担う,1:理事会は、総会で決めるべき事項を除き、管理組合の業務執行に関する判断を行う機関である。 / 2:理事会は存在しても、いかなる事項も判断できない。 / 3:理事会は、規約変更のような重要事項も総会なしで常に決定できる。 / 4:理事会の権限は、管理員の私的判断に従属する。,,正解は1です。理事会は、総会で決めるべき事項を除く業務執行について判断する機関です。,https://www.mansion-info.mlit.go.jp/wp-content/uploads/2025/10/R7%E6%94%B9%E6%AD%A3%E7%89%88_%E6%A8%99%E6%BA%96%E7%AE%A1%E7%90%86%E8%A6%8F%E7%B4%84%EF%BC%8B%E3%82%B3%E3%83%A1%E3%83%B3%E3%83%88%EF%BC%88%E5%8D%98%E6%A3%9F%E5%9E%8B%EF%BC%89.pdf,規約変更まで理事会が決められる形にしていないか,理事会機能の確認。
original,orig_set14,20,280,民法・借地借家法,委任契約,single_choice,standard,民法643条,委任は法律行為をすることを相手方に委託する契約であることを確認する。,drafting,checked,委任契約に関する次の記述のうち、正しいものはどれか。,請負との対比も意識。,4,委任は法律行為の委託契約,1:委任は、必ず有体物を引き渡す契約である。 / 2:委任は、仕事の完成を目的とする請負契約と同一である。 / 3:委任は、法律行為とは無関係な契約である。 / 4:委任は、当事者の一方が法律行為をすることを相手方に委託する契約である。,,正解は4です。委任は、法律行為をすることを相手方に委託する契約です。,https://www.japaneselawtranslation.go.jp/en/laws/view/4848,請負や売買と混同していないか,契約類型の整理。
original,orig_set15,1,281,管理適正化法,名義貸し,count,standard,マンションの管理の適正化の推進に関する法律,登録業者名義の不適切使用を禁じる趣旨を確認する。,drafting,checked,管理業者の名義貸しに関する次のアからエまでの記述のうち、適切なものはいくつあるか。,登録制度の信頼性確保。,2,名義貸しは制度の信頼を損なう / 禁止されるべき行為,1:一つ / 2:二つ / 3:三つ / 4:四つ,ア:名義貸しは、登録制度の信頼性を害するおそれがある。 / イ:名義貸しは、利用者保護の観点から問題となる。 / ウ:名義貸しは、登録業者の営業拡大に役立つので原則推奨される。 / エ:名義貸しは、管理適正化法とは無関係である。,正解は2です。アとイが適切です。名義貸しは登録制度の信頼性と利用者保護の観点から問題となります。,https://www.mlit.go.jp/totikensangyo/const/1_6_bt_000260.html,名義貸しを容認していないか,登録制度の基本秩序。
original,orig_set15,2,282,会計・税務,収支報告書,single_choice,standard,管理組合会計の基本,収支報告書は期間中の収入と支出の状況を示すことを確認する。,drafting,checked,収支報告書に関する次の記述のうち、最も適切なものはどれか。,期間損益的把握。,1,一定期間の収入・支出状況,1:収支報告書は、一定期間における収入と支出の状況を示す資料である。 / 2:収支報告書は、一定時点の資産と負債だけを示す表である。 / 3:収支報告書は、将来予算だけを記載する資料である。 / 4:収支報告書は、作成しなくても管理組合運営に影響しない。,,正解は1です。収支報告書は、一定期間における収入と支出の状況を示す資料です。,管理組合会計の基本論点,貸借対照表と混同していないか,会計書類の役割。
original,orig_set15,3,283,区分所有法,規約共用部分,precedent_fill,standard,区分所有法4条2項,規約によって共用部分とされる部分があることを確認する。,drafting,checked,区分所有法上、規約により共用部分と定められた部分を[　]共用部分という。この[　]に当てはまるものとして正しいものはどれか。,用語確認。,2,規約共用部分,1:専有 / 2:規約 / 3:法定単独 / 4:任意占有,,正解は2です。規約により共用部分と定められた部分は、規約共用部分といいます。,https://www.japaneselawtranslation.go.jp/en/laws/view/4341/en,用語を取り違えていないか,区分所有法の基本用語。
original,orig_set15,4,284,宅建業法,37条書面,combination,standard,宅地建物取引業法37条,37条書面は契約成立後の書面交付であることを確認する。,drafting,checked,37条書面に関する次のアからエまでの記述のうち、適切なもののみの組合せはどれか。,契約成立後の書面化。,4,37条書面は契約成立後 / 契約内容の明確化,1:アとイ / 2:イとエ / 3:ウとエ / 4:アとウ,ア:37条書面は、契約成立後に契約内容を明らかにするため交付される書面である。 / イ:37条書面は、35条書面と同じく契約前に交付する。 / ウ:37条書面は、契約内容を当事者が確認できるようにする役割を持つ。 / エ:37条書面は、口頭合意があれば一切不要である。,正解は4です。アとウが適切です。37条書面は、契約成立後に契約内容を明らかにするための書面です。,https://elaws.e-gov.go.jp/document?lawid=327AC0000000176,35条書面との時期差を混同していないか,宅建業法の書面制度。
original,orig_set15,5,285,建築・設備,消防設備,case_based,standard,消防設備の維持管理の基本,消防設備は定期点検と作動確保が重要であることを確認する。,drafting,checked,マンションで非常ベルや消火器の点検を長期間行っていないことが判明した。この場合の消防設備に関する次の記述のうち、最も適切なものはどれか。,非常時対応設備の保守。,3,消防設備は非常時に機能するよう維持管理が必要,1:消防設備は、見た目に異常がなければ点検不要である。 / 2:消防設備は、非常時には使わないのが原則なので維持管理は不要である。 / 3:消防設備は、非常時に適切に作動するよう定期点検と維持管理が重要である。 / 4:消防設備の管理は、専有部分の問題であり共用部分とは無関係である。,,正解は3です。消防設備は、非常時に確実に作動するよう定期点検と維持管理が重要です。,建築設備の基本論点,消防設備を点検不要としていないか,防災設備の基本。
original,orig_set15,6,286,標準管理委託契約書・指針,情報開示,single_choice,standard,マンション標準管理委託契約書 / 管理適正化指針,情報開示は管理組合の判断資料を支えることを確認する。,drafting,checked,管理委託における情報開示に関する次の記述のうち、最も適切なものはどれか。,透明性と説明責任。,2,情報開示は透明性と説明責任に資する,1:情報開示は、管理組合に混乱を生むので原則不要である。 / 2:情報開示は、管理組合が管理状況や契約内容を把握するうえで重要である。 / 3:情報開示の対象は、管理会社の判断で毎回秘密にできる。 / 4:情報開示は、委託契約とは無関係の概念である。,,正解は2です。情報開示は、管理組合が管理状況や契約内容を把握するうえで重要です。,https://www.mlit.go.jp/jutakukentiku/house/content/001379115.pdf,情報開示を不要としていないか,透明性確保の基本。
original,orig_set15,7,287,標準管理規約,総会出席と代理,combination,standard,マンション標準管理規約46条,総会では本人出席のほか代理による議決権行使が問題となることを確認する。,drafting,checked,総会出席と代理に関する次のアからエまでの記述のうち、適切なもののみの組合せはどれか。,本人出席・代理行使。,1,代理による議決権行使が問題となる / 規約に沿った取扱いが必要,1:アとウ / 2:アとエ / 3:イとウ / 4:イとエ,ア:総会には本人が出席するほか、規約等に従って代理人による議決権行使が問題となる。 / イ:総会を欠席した区分所有者は、以後一切議決権を失う。 / ウ:代理による議決権行使の範囲は、規約の定めに沿って確認することが重要である。 / エ:代理による議決権行使は、どのマンションでも絶対に禁止される。,正解は1です。アとウが適切です。総会では、規約に沿って代理による議決権行使が認められることがあります。,https://www.mansion-info.mlit.go.jp/wp-content/uploads/2025/10/R7%E6%94%B9%E6%AD%A3%E7%89%88_%E6%A8%99%E6%BA%96%E7%AE%A1%E7%90%86%E8%A6%8F%E7%B4%84%EF%BC%8B%E3%82%B3%E3%83%A1%E3%83%B3%E3%83%88%EF%BC%88%E5%8D%98%E6%A3%9F%E5%9E%8B%EF%BC%89.pdf,代理を全面禁止・全面自由のどちらかに寄せすぎていないか,総会運営の基礎。
original,orig_set15,8,288,民法・借地借家法,保証債務,case_based,standard,民法446条 / 民法465条の6以下,保証は主たる債務の履行を担保するものであることを確認する。,drafting,checked,AがBの借入債務について保証人となった。この場合の保証債務に関する次の記述のうち、最も適切なものはどれか。,主債務と保証の関係。,4,保証債務は主たる債務を担保する従たる債務,1:保証債務は、主たる債務と無関係に独立して必ず成立する。 / 2:保証人は、主たる債務の内容を全く知らなくても常に無制限に責任を負う。 / 3:保証債務は、物の引渡し契約だけにしか成立しない。 / 4:保証債務は、主たる債務者が履行しない場合に備えて、その債務の履行を担保するための債務である。,,正解は4です。保証債務は、主たる債務者が履行しない場合に備えて、その債務の履行を担保するためのものです。,https://www.japaneselawtranslation.go.jp/en/laws/view/4848,保証債務の従属性を落としていないか,担保制度の基本。
original,orig_set15,9,289,管理適正化法,更新登録,combination,standard,マンションの管理の適正化の推進に関する法律,更新登録は継続的な適格性確認の仕組みであることを確認する。,drafting,checked,更新登録に関する次のアからエまでの記述のうち、適切なもののみの組合せはどれか。,登録の継続確認。,3,更新登録は継続的な登録制度の一部 / 無期限固定ではない,1:アとイ / 2:イとエ / 3:アとウ / 4:ウとエ,ア:更新登録は、登録業者の継続的な適格性確認のための仕組みとして位置付けられる。 / イ:一度登録を受ければ、更新登録は永久に不要である。 / ウ:更新登録制度は、管理業者に関する情報の適時更新にも資する。 / エ:更新登録は、管理適正化法と無関係である。,正解は3です。アとウが適切です。更新登録は、管理業者の継続的な適格性確認と情報更新に資する制度です。,https://www.mlit.go.jp/totikensangyo/const/1_6_bt_000260.html,登録が永久固定のようになっていないか,登録更新制度の基礎。
original,orig_set15,10,290,会計・税務,減価償却不要論点,comparison_table,standard,管理組合会計の基本,管理組合会計では企業会計と同じ処理をそのまま当てはめない論点があることを確認する。,drafting,checked,管理組合会計における減価償却不要論点に関する次の記述のうち、最も適切なものはどれか。,企業会計との違い。,2,管理組合会計は企業会計と目的が異なる / 一律に減価償却前提ではない,1:管理組合会計は、必ず企業会計と全く同じ方法で減価償却をしなければならない。 / 2:管理組合会計では、その目的や実務に照らして、企業会計と同じ減価償却処理を当然には前提としない論点がある。 / 3:減価償却という考え方は、どの会計でも常に禁止される。 / 4:減価償却不要論点は、税法だけの問題で管理組合会計と無関係である。,,正解は2です。管理組合会計では、その目的や実務に照らし、企業会計と同じ減価償却処理を当然には前提としない論点があります。,管理組合会計の実務論点,企業会計と完全同一視していないか,会計目的の差異。
original,orig_set15,11,291,区分所有法,総会決議要件,single_choice,standard,区分所有法39条,普通決議の基本要件を確認する。,drafting,checked,区分所有法上の集会の普通決議に関する次の記述のうち、正しいものはどれか。,普通決議と特別決議の区別。,1,普通決議は出席区分所有者及び議決権の各過半数が原則,1:普通決議は、原則として集会に出席した区分所有者及びその議決権の各過半数で決する。 / 2:普通決議は、常に区分所有者全員一致でなければならない。 / 3:普通決議と特別決議に要件の違いはない。 / 4:普通決議は、理事長の判断だけで代替できる。,,正解は1です。普通決議は、原則として出席区分所有者及びその議決権の各過半数で決します。,https://www.japaneselawtranslation.go.jp/en/laws/view/4341/en,普通決議要件を特別決議並みにしていないか,決議要件の基礎。
original,orig_set15,12,292,宅建業法,クーリングオフ,single_choice,standard,宅地建物取引業法37条の2,クーリングオフは一定の場所等で契約した買主保護制度であることを確認する。,drafting,checked,宅建業法上のクーリングオフに関する次の記述のうち、最も適切なものはどれか。,買主保護制度の基本。,2,一定の場所で申込み・契約した買主保護制度,1:クーリングオフは、どの売買でも無条件で認められる。 / 2:クーリングオフは、一定の場所での申込みや契約に関して買主保護のため認められる制度である。 / 3:クーリングオフは、売主のための制度である。 / 4:クーリングオフは、宅建業法とは無関係である。,,正解は2です。クーリングオフは、一定の場面で買主を保護するための制度です。,https://elaws.e-gov.go.jp/document?lawid=327AC0000000176,無条件に常に認められる制度としていないか,買主保護制度の入口。
original,orig_set15,13,293,建築・設備,給水タンク,comparison_table,standard,給水設備の基本,給水タンクは衛生管理と点検が重要であることを確認する。,drafting,checked,給水タンクに関する次の記述のうち、最も適切なものはどれか。,貯水設備の衛生管理。,4,衛生管理・清掃・点検が必要,1:給水タンクは、一度設置すれば衛生管理を考える必要がない。 / 2:給水タンクは、排水設備と同じなので清掃不要である。 / 3:給水タンクの状態確認は、利用者の感覚だけで足りる。 / 4:給水タンクは、衛生状態を保つために適切な清掃と点検が重要である。,,正解は4です。給水タンクは、衛生状態を保つために適切な清掃と点検が重要です。,建築設備の基本論点,給水タンクを清掃不要としていないか,給水衛生管理。
original,orig_set15,14,294,標準管理委託契約書・指針,事務管理業務,count,standard,マンション標準管理委託契約書,事務管理業務には会計・報告・連絡等が含まれることを確認する。,drafting,checked,事務管理業務に関する次のアからエまでの記述のうち、適切なものはいくつあるか。,会計・報告・連絡。,2,事務管理業務には会計補助や報告等が含まれる / 工事請負そのものとは区別,1:一つ / 2:二つ / 3:三つ / 4:四つ,ア:事務管理業務には、会計に関する事務や報告事務が含まれ得る。 / イ:事務管理業務は、管理組合への連絡や情報整理と無関係である。 / ウ:事務管理業務は、契約上定められた範囲で管理組合運営を補助する役割を持つ。 / エ:事務管理業務とは、常に大規模修繕工事を請け負うことだけをいう。,正解は2です。アとウが適切です。事務管理業務には、会計事務や報告、運営補助などが含まれます。,https://www.mlit.go.jp/jutakukentiku/house/content/001379115.pdf,事務管理業務を工事請負だけにしていないか,委託業務内容の整理。
original,orig_set15,15,295,標準管理規約,専有部分への立入り,single_choice,standard,マンション標準管理規約23条,必要な場合には専有部分への立入りが問題となることを確認する。,drafting,checked,専有部分への立入りに関する次の記述のうち、最も適切なものはどれか。,点検・補修等の必要性。,3,必要な範囲で立入りが問題となる / 無制限ではない,1:管理組合は、理由がなくてもいつでも専有部分に立ち入れる。 / 2:専有部分への立入りは、どのような事情があっても一切認められない。 / 3:共用部分の点検や必要な工事等のため、規約に沿って専有部分への立入りが問題となることがある。 / 4:専有部分への立入りは、管理員の好奇心のために認められる。,,正解は3です。必要な点検や工事のため、規約に沿って専有部分への立入りが問題となることがあります。,https://www.mansion-info.mlit.go.jp/wp-content/uploads/2025/10/R7%E6%94%B9%E6%AD%A3%E7%89%88_%E6%A8%99%E6%BA%96%E7%AE%A1%E7%90%86%E8%A6%8F%E7%B4%84%EF%BC%8B%E3%82%B3%E3%83%A1%E3%83%B3%E3%83%88%EF%BC%88%E5%8D%98%E6%A3%9F%E5%9E%8B%EF%BC%89.pdf,無制限立入りや全面禁止にしていないか,管理上の必要性との調整。
original,orig_set15,16,296,民法・借地借家法,相殺,count,standard,民法505条,相殺は対立する同種債権の簡易決済制度であることを確認する。,drafting,checked,相殺に関する次のアからエまでの記述のうち、適切なものはいくつあるか。,同種債権の対立。,2,同種債権の対立が前提 / 相殺適状が問題となる,1:一つ / 2:二つ / 3:三つ / 4:四つ,ア:相殺は、当事者が互いに同種の債権を有する場合に、その対当額で債務を消滅させる制度である。 / イ:相殺は、相手方に何ら債権がなくても自由に主張できる。 / ウ:相殺ができるかは、相殺適状にあるかどうかが問題となる。 / エ:相殺は、物の引渡請求権だけに限定される。,正解は2です。アとウが適切です。相殺は、同種の債権が対立しているときに対当額で決済する制度です。,https://www.japaneselawtranslation.go.jp/en/laws/view/4848,相殺の前提を欠く説明にしていないか,債権総論の基礎。
original,orig_set15,17,297,管理適正化法,再委託規制,case_based,standard,マンションの管理の適正化の推進に関する法律,基幹事務の再委託には制約があることを確認する。,drafting,checked,管理会社Aは、契約上の中心的な管理事務をほぼ全面的に別業者へ任せようとしている。この場合の再委託規制に関する次の記述のうち、最も適切なものはどれか。,基幹事務の全面再委託の可否。,1,基幹事務の全面再委託には制約がある,1:管理事務のうち重要なものについては、再委託に制約があり、全面的な丸投げは問題となる。 / 2:再委託は、どの業務でも完全に自由で制約がない。 / 3:再委託規制は、建築基準法上の制度である。 / 4:再委託規制は、管理組合保護とは無関係である。,,正解は1です。重要な管理事務については再委託に制約があり、全面的な丸投げは問題となります。,https://www.mlit.go.jp/totikensangyo/const/1_6_bt_000260.html,全面再委託を自由としていないか,受託責任の基本。
original,orig_set15,18,298,会計・税務,修繕積立金会計,combination,advanced,マンション標準管理規約28条,修繕積立金会計は計画修繕資金を管理する会計であることを確認する。,drafting,checked,修繕積立金会計に関する次のアからエまでの記述のうち、正しいもののみの組合せはどれか。,日常管理会計との違い。,4,計画修繕資金の管理 / 日常管理費会計と区別,1:アとイ / 2:イとエ / 3:ウとエ / 4:アとウ,ア:修繕積立金会計は、将来の計画的修繕等に備える資金の管理が中心となる。 / イ:修繕積立金会計は、共用部分の日常清掃費だけを処理する会計である。 / ウ:修繕積立金会計は、管理費会計と区別して把握することが重要である。 / エ:修繕積立金会計は、帳簿管理の対象外である。,正解は4です。アとウが正しいです。修繕積立金会計は、計画修繕資金を管理し、管理費会計と区別して把握します。,https://www.mansion-info.mlit.go.jp/wp-content/uploads/2025/10/R7%E6%94%B9%E6%AD%A3%E7%89%88_%E6%A8%99%E6%BA%96%E7%AE%A1%E7%90%86%E8%A6%8F%E7%B4%84%EF%BC%8B%E3%82%B3%E3%83%A1%E3%83%B3%E3%83%88%EF%BC%88%E5%8D%98%E6%A3%9F%E5%9E%8B%EF%BC%89.pdf,日常清掃費中心の会計としていないか,会計区分の応用。
original,orig_set15,19,299,区分所有法,義務違反者への措置,case_based,advanced,区分所有法57条,共同利益に反する行為に対して差止請求等が問題となることを確認する。,drafting,checked,区分所有者Aが、共用部分を継続的に私物で占拠し、再三の要請にも応じない。この場合の義務違反者への措置に関する次の記述のうち、最も適切なものはどれか。,共同利益背反行為への対応。,2,差止請求等の措置が問題となる,1:義務違反があっても、区分所有法上何の措置も問題にならない。 / 2:共同利益に反する行為については、差止めなどの措置が問題となることがある。 / 3:軽重を問わず直ちに常に競売請求だけが認められる。 / 4:義務違反者への対応は、管理員個人の感情で決めてよい。,,正解は2です。共同利益に反する行為には、差止めなどの措置が問題となることがあります。,https://www.japaneselawtranslation.go.jp/en/laws/view/4341/en,差止めから競売までの段階を飛ばしていないか,義務違反対応の基本。
original,orig_set15,20,300,宅建業法,手付金等保全,case_based,advanced,宅地建物取引業法41条 / 宅地建物取引業法41条の2,自ら売主取引での買主保護として手付金等保全が問題となることを確認する。,drafting,checked,宅建業者Aが自ら売主として宅地を販売し、多額の手付金を受け取ろうとしている。この場合の手付金等保全に関する次の記述のうち、最も適切なものはどれか。,自ら売主規制。,3,一定の場合に手付金等保全措置が必要,1:自ら売主取引でも、手付金等保全は常に不要である。 / 2:手付金等保全は、売主保護のためだけの制度である。 / 3:自ら売主として一定額以上の手付金等を受領する場合には、買主保護のため保全措置が問題となる。 / 4:手付金等保全は、借地借家法上の制度である。,,正解は3です。自ら売主として一定額以上の手付金等を受領する場合には、買主保護のため保全措置が問題となります。,https://elaws.e-gov.go.jp/document?lawid=327AC0000000176,保全措置を常に不要としていないか,買主保護規制の基本。
original,orig_set16,1,301,建築・設備,排水設備,combination,advanced,建築設備の基本,排水設備は詰まり防止と勾配管理が重要であることを確認する。,drafting,checked,排水設備に関する次のアからエまでの記述のうち、適切なもののみの組合せはどれか。,流下機能と保守。,1,排水設備は詰まり防止と適切な勾配が重要 / 保守点検が必要,1:アとウ / 2:アとエ / 3:イとウ / 4:イとエ,ア:排水設備では、詰まりを防ぎ円滑に排水できる状態を保つことが重要である。 / イ:排水設備では、配管勾配は全く考えなくてよい。 / ウ:排水設備も、適切な点検や清掃を通じて維持管理する必要がある。 / エ:排水設備は、一度設置すれば以後の保守は不要である。,正解は1です。アとウが適切です。排水設備では、流下機能を保つことと、点検・清掃による維持管理が重要です。,建築設備の基本論点,排水設備を保守不要としていないか,給排水分野の応用。
original,orig_set16,2,302,標準管理委託契約書・指針,基幹事務,combination,advanced,マンション標準管理委託契約書 / 管理適正化法,基幹事務は管理組合財産管理に直結する重要事務であることを確認する。,drafting,checked,基幹事務に関する次のアからエまでの記述のうち、適切なもののみの組合せはどれか。,会計・出納等の重要性。,4,基幹事務は財産管理に直結 / 再委託制限などが問題となる,1:アとイ / 2:イとエ / 3:ウとエ / 4:アとウ,ア:基幹事務は、管理組合の会計や出納など財産管理に直結する重要な事務である。 / イ:基幹事務は、管理上重要でない軽微事務だけをいう。 / ウ:基幹事務については、その取扱いに関し再委託等の規律が問題となる。 / エ:基幹事務は、管理組合財産とは無関係である。,正解は4です。アとウが適切です。基幹事務は管理組合財産管理に直結する重要な事務です。,https://www.mlit.go.jp/jutakukentiku/house/content/001379115.pdf / https://www.mlit.go.jp/totikensangyo/const/1_6_bt_000260.html,基幹事務を軽微事務扱いしていないか,重要事務の整理。
original,orig_set16,3,303,標準管理規約,特別の影響,case_based,advanced,区分所有法31条1項後段 / マンション標準管理規約コメント,規約変更が一部区分所有者に特別の影響を及ぼす場合の考え方を確認する。,drafting,checked,管理組合が規約変更を検討しているが、一部区分所有者の利用状況に特に大きな影響を与える内容である。この場合の特別の影響に関する次の記述のうち、最も適切なものはどれか。,不利益の偏在。,2,一部区分所有者に特別の影響を及ぼす場合にはその承諾が問題となる,1:特別の影響があっても、その区分所有者の立場は全く考慮しなくてよい。 / 2:規約変更が一部区分所有者に特別の影響を及ぼす場合には、その区分所有者の承諾が問題となる。 / 3:特別の影響の有無は、理事長の感覚だけで決めればよい。 / 4:特別の影響という考え方は、区分所有法と無関係である。,,正解は2です。規約変更が一部区分所有者に特別の影響を及ぼす場合には、その承諾が問題となります。,https://www.japaneselawtranslation.go.jp/en/laws/view/4341/en / https://www.mansion-info.mlit.go.jp/wp-content/uploads/2025/10/R7%E6%94%B9%E6%AD%A3%E7%89%88_%E6%A8%99%E6%BA%96%E7%AE%A1%E7%90%86%E8%A6%8F%E7%B4%84%EF%BC%8B%E3%82%B3%E3%83%A1%E3%83%B3%E3%83%88%EF%BC%88%E5%8D%98%E6%A3%9F%E5%9E%8B%EF%BC%89.pdf,特別の影響を無視していないか,規約変更の重要論点。
original,orig_set16,4,304,民法・借地借家法,債権譲渡,combination,advanced,民法466条以下,債権譲渡では債務者への対抗要件が問題となることを確認する。,drafting,checked,債権譲渡に関する次のアからエまでの記述のうち、適切なもののみの組合せはどれか。,債務者対抗要件。,3,債権譲渡自体は可能 / 対抗要件が問題,1:アとイ / 2:イとエ / 3:アとウ / 4:ウとエ,ア:債権譲渡では、債務者に対して主張するための要件が問題となる。 / イ:債権譲渡は、民法上常に禁止されている。 / ウ:債権譲渡の効力関係では、通知や承諾が重要な意味を持つことがある。 / エ:債権譲渡では、債務者の関係を一切考えなくてよい。,正解は3です。アとウが適切です。債権譲渡では、債務者への対抗要件として通知や承諾が重要です。,https://www.japaneselawtranslation.go.jp/en/laws/view/4848,対抗要件を落としていないか,債権総論の応用。
original,orig_set16,5,305,管理適正化法,監督処分,single_choice,advanced,マンションの管理の適正化の推進に関する法律,監督処分は法令違反等に対する行政的な是正手段であることを確認する。,drafting,checked,管理業者に対する監督処分に関する次の記述のうち、最も適切なものはどれか。,法令違反への行政対応。,1,監督処分は違反是正と利用者保護のための行政手段,1:監督処分は、法令違反等がある場合に行政が是正や利用者保護のために行う処分である。 / 2:監督処分は、管理組合が私的に科す罰金制度である。 / 3:監督処分は、管理適正化法とは無関係である。 / 4:監督処分は、違反の有無と関係なく無作為に行われる。,,正解は1です。監督処分は、法令違反等に対し、行政が是正や利用者保護のために行う手段です。,https://www.mlit.go.jp/totikensangyo/const/1_6_bt_000260.html,監督処分を私的制裁と混同していないか,行政監督の基本。
original,orig_set16,6,306,会計・税務,未収入金,accounting_table,basic,管理組合会計の基本,未収入金はまだ受け取っていない収入債権であることを確認する。,drafting,checked,未収入金に関する次の記述のうち、最も適切なものはどれか。,収入債権の未回収分。,2,未収入金はまだ回収していない収入債権,1:未収入金とは、すでに支払った費用をいう。 / 2:未収入金とは、すでに収入計上の対象であるが、まだ回収していない金額をいう。 / 3:未収入金は、負債の科目である。 / 4:未収入金は、会計帳簿に記載する必要がない。,,正解は2です。未収入金は、すでに収入計上の対象であるが、まだ回収していない金額です。,管理組合会計の基本論点,未収入金を負債や前払費用と混同していないか,会計基礎。
original,orig_set16,7,307,区分所有法,一部滅失と建替え,combination,basic,区分所有法61条 / 区分所有法62条,一部滅失後の復旧か建替えかの判断が問題となることを確認する。,drafting,checked,一部滅失と建替えに関する次のアからエまでの記述のうち、適切なもののみの組合せはどれか。,復旧と建替えの選択。,4,一部滅失では復旧が問題 / 場合により建替え決議も問題,1:アとイ / 2:イとエ / 3:ウとエ / 4:アとウ,ア:建物の一部が滅失した場合には、復旧をどうするかが問題となる。 / イ:一部滅失があっても、復旧や建替えは全く議論の対象にならない。 / ウ:状況によっては、建替えに関する決議が問題となることがある。 / エ:一部滅失と建替えは、区分所有法と無関係である。,正解は4です。アとウが適切です。一部滅失では復旧が問題となり、状況によっては建替えも検討されます。,https://www.japaneselawtranslation.go.jp/en/laws/view/4341/en,一部滅失後の法的選択肢を落としていないか,建物再生の基礎。
original,orig_set16,8,308,品確法・建替円滑化法等,新築住宅の定義,single_choice,basic,住宅の品質確保の促進等に関する法律2条,品確法上の新築住宅の定義の要点を確認する。,drafting,checked,品確法上の新築住宅に関する次の記述のうち、最も適切なものはどれか。,人の居住供し、工事完了後1年以内・未使用の要件。,3,新築住宅は工事完了から1年以内で未居住の住宅,1:新築住宅とは、築10年以内の住宅をいう。 / 2:新築住宅とは、一度居住に供された住宅でも常に含む。 / 3:新築住宅とは、工事完了の日から1年以内で、まだ人の居住の用に供したことのない住宅をいう。 / 4:新築住宅という概念は、品確法に存在しない。,,正解は3です。新築住宅とは、工事完了の日から1年以内で、まだ人の居住の用に供したことのない住宅をいいます。,https://elaws.e-gov.go.jp/document?lawid=411AC0000000081,1年以内・未使用の要件を落としていないか,品確法の基本定義。
original,orig_set16,9,309,宅建業法,広告規制,combination,basic,宅地建物取引業法32条,誇大広告の禁止を確認する。,drafting,checked,宅建業法上の広告規制に関する次のアからエまでの記述のうち、適切なもののみの組合せはどれか。,誇大広告と適正表示。,1,誇大広告は禁止 / 適正な表示が必要,1:アとウ / 2:アとエ / 3:イとウ / 4:イとエ,ア:宅建業者は、著しく事実に相違する表示や実際より著しく優良・有利と誤認させる表示をしてはならない。 / イ:広告は、契約を取りたいときには自由に誇張してよい。 / ウ:広告では、取引の相手方に誤認を与えないよう適正な表示が求められる。 / エ:広告規制は、宅建業法と無関係である。,正解は1です。アとウが適切です。宅建業法では、誇大広告が禁止され、適正な表示が求められます。,https://elaws.e-gov.go.jp/document?lawid=327AC0000000176,誇大広告を容認していないか,広告規制の基本。
original,orig_set16,10,310,建築・設備,建築材料,single_choice,basic,建築材料の基本,材料は用途や耐久性に応じて選定されることを確認する。,drafting,checked,建築材料に関する次の記述のうち、最も適切なものはどれか。,用途・耐久性・維持管理。,1,用途や耐久性を踏まえて材料を選ぶ,1:建築材料は、用途や求められる耐久性、維持管理性を踏まえて選定することが重要である。 / 2:建築材料は、どこに使うかに関係なくすべて同じ性能で足りる。 / 3:建築材料の選定では、耐久性を考える必要はない。 / 4:建築材料の違いは、マンション管理に影響しない。,,正解は1です。建築材料は、用途や耐久性、維持管理性を踏まえて選定することが重要です。,建築材料の基本論点,材料選定で用途や耐久性を無視していないか,建築分野の基本。
original,orig_set16,11,311,標準管理委託契約書・指針,委託業務費,single_choice,basic,マンション標準管理委託契約書,委託業務費は業務内容との対応関係を明確にすることが重要であると確認する。,drafting,checked,委託業務費に関する次の記述のうち、最も適切なものはどれか。,費用の明確化。,2,業務内容との対応関係の明確化,1:委託業務費は、何に対する対価かを示す必要がない。 / 2:委託業務費は、どの業務の対価かが分かるように契約上明確に整理することが重要である。 / 3:委託業務費は、管理会社が毎月自由に変更してよい。 / 4:委託業務費は、標準管理委託契約書と無関係である。,,正解は2です。委託業務費は、どの業務の対価かが分かるよう明確に整理することが重要です。,https://www.mlit.go.jp/jutakukentiku/house/content/001379115.pdf,委託業務費の明確化を落としていないか,費用整理の基本。
original,orig_set16,12,312,標準管理規約,役員の任務,combination,basic,マンション標準管理規約38条 / マンション標準管理規約40条,役員は管理組合運営のための任務を負うことを確認する。,drafting,checked,役員の任務に関する次のアからエまでの記述のうち、適切なもののみの組合せはどれか。,理事長・理事・監事の役割。,4,役員は管理組合運営のため職務を行う / 私的利益優先ではない,1:アとイ / 2:イとエ / 3:ウとエ / 4:アとウ,ア:役員は、管理組合の運営や財産管理のためにそれぞれの任務を担う。 / イ:役員は、自らの私的利益だけを優先して行動してよい。 / ウ:役員の役割には、理事会運営、業務執行、監査などが含まれる。 / エ:役員には、規約上何の任務も定められていない。,正解は4です。アとウが適切です。役員は、管理組合運営や財産管理のためにそれぞれの任務を担います。,https://www.mansion-info.mlit.go.jp/wp-content/uploads/2025/10/R7%E6%94%B9%E6%AD%A3%E7%89%88_%E6%A8%99%E6%BA%96%E7%AE%A1%E7%90%86%E8%A6%8F%E7%B4%84%EF%BC%8B%E3%82%B3%E3%83%A1%E3%83%B3%E3%83%88%EF%BC%88%E5%8D%98%E6%A3%9F%E5%9E%8B%EF%BC%89.pdf,役員の任務を空文化していないか,組合運営の基礎。
original,orig_set16,13,313,民法・借地借家法,契約不適合責任,single_choice,basic,民法562条以下,契約内容に適合しない目的物に対する売主責任を確認する。,drafting,checked,契約不適合責任に関する次の記述のうち、最も適切なものはどれか。,内容適合性に基づく責任。,1,目的物が契約内容に適合しない場合の責任,1:契約不適合責任は、引き渡された目的物が契約内容に適合しない場合に問題となる。 / 2:契約不適合責任は、常に買主の責任である。 / 3:契約不適合責任は、旧来の瑕疵概念と無関係に何の要件もなく成立する。 / 4:契約不適合責任は、請負契約にだけ存在する。,,正解は1です。契約不適合責任は、目的物が契約内容に適合しない場合に問題となります。,https://www.japaneselawtranslation.go.jp/en/laws/view/4848,責任主体や適用場面を誤っていないか,改正民法の基本。
original,orig_set16,14,314,管理適正化法,管理計画認定制度,count,basic,マンションの管理の適正化の推進に関する法律 / 国土交通省資料,管理計画認定制度は適切な管理を促す制度であることを確認する。,drafting,checked,管理計画認定制度に関する次のアからエまでの記述のうち、適切なものはいくつあるか。,管理水準向上の仕組み。,2,適正管理促進制度 / 一定の基準に沿う,1:一つ / 2:二つ / 3:三つ / 4:四つ,ア:管理計画認定制度は、マンションの適切な管理を促進するための制度である。 / イ:管理計画認定制度は、管理水準に関係なく自動的に認定される。 / ウ:管理計画認定制度では、一定の基準に沿って管理状況が確認される。 / エ:管理計画認定制度は、マンション管理と無関係である。,正解は2です。アとウが適切です。管理計画認定制度は、一定の基準に沿って適切な管理を促す制度です。,https://www.mlit.go.jp/totikensangyo/const/1_6_bt_000280.html,認定を自動付与のようにしていないか,新制度の基本。
original,orig_set16,15,315,会計・税務,源泉徴収,single_choice,standard,税務実務の基本,管理組合でも支払内容により源泉徴収が問題となることを確認する。,drafting,checked,管理組合における源泉徴収に関する次の記述のうち、最も適切なものはどれか。,報酬支払時の税務論点。,3,支払内容により源泉徴収が問題となる,1:管理組合では、どの支払でも源泉徴収は一切問題にならない。 / 2:源泉徴収は、会計処理と無関係に考えなくてよい。 / 3:管理組合でも、支払の内容によっては源泉徴収の要否を確認する必要がある。 / 4:源泉徴収は、宅建業法だけの制度である。,,正解は3です。管理組合でも、支払内容によっては源泉徴収の要否を確認する必要があります。,管理組合会計の税務実務,源泉徴収を一律不要としていないか,税務実務の基礎。
original,orig_set16,16,316,区分所有法,管理者,precedent_fill,standard,区分所有法25条,区分所有法上の管理者という用語を確認する。,drafting,checked,区分所有法では、建物並びにその敷地及び附属施設の管理を行う者を[　]という。この[　]に当てはまるものとして正しいものはどれか。,基本用語の確認。,1,管理者,1:管理者 / 2:代理占有者 / 3:専用使用者 / 4:保存責任者,,正解は1です。区分所有法では、管理を行う者を管理者といいます。,https://www.japaneselawtranslation.go.jp/en/laws/view/4341/en,基本用語を取り違えていないか,区分所有法の基礎用語。
original,orig_set16,17,317,品確法・建替円滑化法等,10年瑕疵担保責任,case_based,standard,住宅の品質確保の促進等に関する法律94条 / 住宅の品質確保の促進等に関する法律95条,新築住宅の基本構造部分等について10年責任が問題となることを確認する。,drafting,checked,新築マンションの引渡し後、構造耐力上主要な部分に不具合が見つかった。この場合の10年瑕疵担保責任に関する次の記述のうち、最も適切なものはどれか。,基本構造部分と10年責任。,2,基本構造部分等について10年責任が問題,1:新築住宅の基本構造部分に関する責任は、品確法と無関係である。 / 2:新築住宅では、基本構造部分等について10年間の責任が問題となる。 / 3:責任期間は、常に1年に短縮できる。 / 4:10年責任は、賃貸借契約だけの問題である。,,正解は2です。新築住宅では、基本構造部分等について10年間の責任が問題となります。,https://elaws.e-gov.go.jp/document?lawid=411AC0000000081,責任期間を自由に短縮できるようにしていないか,品確法の中心論点。
original,orig_set16,18,318,宅建業法,媒介契約,single_choice,standard,宅地建物取引業法34条の2,媒介契約は宅建業者が媒介を受託する契約であることを確認する。,drafting,checked,媒介契約に関する次の記述のうち、最も適切なものはどれか。,売買・交換等の媒介。,4,宅建業者が媒介を受託する契約,1:媒介契約は、宅建業者が自ら売主になる契約だけをいう。 / 2:媒介契約は、常に口頭だけで足りる。 / 3:媒介契約は、宅建業法と無関係である。 / 4:媒介契約は、宅建業者が依頼を受けて取引の成立に向け媒介を行うための契約である。,,正解は4です。媒介契約は、宅建業者が依頼を受けて取引成立に向けた媒介を行うための契約です。,https://elaws.e-gov.go.jp/document?lawid=327AC0000000176,自ら売主取引と混同していないか,媒介業務の基本。
original,orig_set16,19,319,建築・設備,断熱結露,case_based,standard,建築環境の基本,断熱不足や換気不足が結露に関係することを確認する。,drafting,checked,冬季に外壁際の室内で結露が頻発している。この場合の断熱結露に関する次の記述のうち、最も適切なものはどれか。,温度差と湿気。,1,断熱不足や換気不足が結露要因,1:結露は、断熱不足や換気不足、室内外の温度差などが関係して生じることがある。 / 2:結露は、断熱や換気と無関係に偶然だけで生じる。 / 3:結露対策として換気を完全に止めるのが有効である。 / 4:結露は、建物管理において全く考慮不要である。,,正解は1です。結露は、断熱不足や換気不足、温度差などが関係して生じることがあります。,建築環境の基本論点,換気停止を有効策にしていないか,住環境の基礎。
original,orig_set16,20,320,標準管理委託契約書・指針,修繕履歴,count,standard,マンション標準管理委託契約書,修繕履歴の蓄積は長期修繕と情報引継ぎに役立つことを確認する。,drafting,checked,修繕履歴に関する次のアからエまでの記述のうち、適切なものはいくつあるか。,履歴の記録と保管。,2,履歴は長期修繕計画や引継ぎに有用,1:一つ / 2:二つ / 3:三つ / 4:四つ,ア:修繕履歴は、将来の修繕計画や不具合分析の資料となる。 / イ:修繕履歴は、工事が終われば廃棄してよく保存不要である。 / ウ:委託終了時には、修繕履歴の引継ぎが重要になる。 / エ:修繕履歴は、管理組合にとって価値がない。,正解は2です。アとウが適切です。修繕履歴は、長期修繕計画や委託終了時の引継ぎに役立ちます。,https://www.mlit.go.jp/jutakukentiku/house/content/001379115.pdf,修繕履歴を保存不要としていないか,修繕情報管理。
original,orig_set17,1,321,標準管理規約,議事録,single_choice,standard,マンション標準管理規約49条 / マンション標準管理規約53条,議事録は決議内容の記録として重要であることを確認する。,drafting,checked,議事録に関する次の記述のうち、最も適切なものはどれか。,会議記録の意義。,2,議事録は会議内容と決議の記録,1:議事録は、記憶に頼ればよいので作成不要である。 / 2:議事録は、会議の経過や決議内容を後から確認できるようにするため重要である。 / 3:議事録は、管理組合ではなく外部業者の私物である。 / 4:議事録は、総会や理事会とは無関係である。,,正解は2です。議事録は、会議の経過や決議内容を確認するため重要な記録です。,https://www.mansion-info.mlit.go.jp/wp-content/uploads/2025/10/R7%E6%94%B9%E6%AD%A3%E7%89%88_%E6%A8%99%E6%BA%96%E7%AE%A1%E7%90%86%E8%A6%8F%E7%B4%84%EF%BC%8B%E3%82%B3%E3%83%A1%E3%83%B3%E3%83%88%EF%BC%88%E5%8D%98%E6%A3%9F%E5%9E%8B%EF%BC%89.pdf,議事録を不要資料としていないか,会議運営の基礎。
original,orig_set17,2,322,民法・借地借家法,使用貸借,case_based,standard,民法593条,使用貸借は無償で物を使用収益させる契約であることを確認する。,drafting,checked,AがBに対し、自宅の一室を無償で使ってよいと約した。この場合の使用貸借に関する次の記述のうち、最も適切なものはどれか。,無償貸与契約。,4,使用貸借は無償の使用収益契約,1:使用貸借は、必ず有償でなければ成立しない。 / 2:使用貸借は、宅建業法上の媒介契約である。 / 3:使用貸借は、売買契約の一種である。 / 4:使用貸借は、当事者の一方が相手方に無償で使用及び収益をさせる契約である。,,正解は4です。使用貸借は、相手方に無償で物を使用収益させる契約です。,https://www.japaneselawtranslation.go.jp/en/laws/view/4848,賃貸借や売買と混同していないか,契約類型の基本。
original,orig_set17,3,323,管理適正化法,マンション管理士,combination,standard,マンションの管理の適正化の推進に関する法律 / 国土交通省資料,マンション管理士は管理組合等への助言を行う専門家であることを確認する。,drafting,checked,マンション管理士に関する次のアからエまでの記述のうち、適切なもののみの組合せはどれか。,助言・指導の専門家。,1,管理組合等への助言指導 / 国家資格,1:アとウ / 2:アとエ / 3:イとウ / 4:イとエ,ア:マンション管理士は、管理組合の運営その他マンション管理に関し助言、指導等を行う専門家である。 / イ:マンション管理士は、管理適正化法と無関係の資格である。 / ウ:マンション管理士の制度は、適正なマンション管理を支える趣旨を有する。 / エ:マンション管理士は、常に宅建士と同一の業務だけを行う。,正解は1です。アとウが適切です。マンション管理士は、マンション管理に関する助言や指導を行う専門家です。,https://www.mlit.go.jp/totikensangyo/const/1_6_bt_000282.html,宅建士と役割を混同していないか,資格制度の基本。
original,orig_set17,4,324,会計・税務,保険料処理,comparison_table,standard,管理組合会計の基本,保険料はその対象や期間に応じて処理を考えることを確認する。,drafting,checked,保険料処理に関する次の記述のうち、最も適切なものはどれか。,期間対応と費用性。,2,保険料は期間や内容に応じて整理する,1:保険料は、どのような契約でも会計上考える必要がない。 / 2:保険料は、保険期間や対象内容を踏まえ、適切な会計処理を検討することが重要である。 / 3:保険料は、常に修繕積立金会計だけで処理する。 / 4:保険料は、理事長の私費として処理してよい。,,正解は2です。保険料は、保険期間や対象内容を踏まえて適切に会計処理することが重要です。,管理組合会計の実務論点,保険料処理を一律固定していないか,費用処理の応用。
original,orig_set17,5,325,区分所有法,規約設定変更,single_choice,standard,区分所有法30条 / 区分所有法31条,規約の設定変更は集会の決議事項であることを確認する。,drafting,checked,規約の設定又は変更に関する次の記述のうち、最も適切なものはどれか。,集会決議の対象。,3,規約設定変更は集会決議事項,1:規約の設定や変更は、管理員が単独で決める。 / 2:規約の設定や変更は、区分所有法と無関係である。 / 3:規約の設定や変更は、集会の決議によって行う。 / 4:規約の設定や変更には、常に裁判所の許可が必要である。,,正解は3です。規約の設定や変更は、集会の決議によって行います。,https://www.japaneselawtranslation.go.jp/en/laws/view/4341/en,設定変更主体を誤っていないか,規約変更の基礎。
original,orig_set17,6,326,品確法・建替円滑化法等,アフターサービス,precedent_fill,standard,実務上のアフターサービス基準,アフターサービスは引渡後の補修対応として用いられることを確認する。,drafting,checked,分譲後に不具合が見つかった際、売主等が一定期間補修対応を行う実務上の取扱いを一般に[　]サービスという。この[　]に当てはまるものとして正しいものはどれか。,引渡後対応の用語確認。,2,アフターサービス,1:メンテ / 2:アフター / 3:オプション / 4:レジデンス,,正解は2です。引渡後の補修対応などを行う実務上の取扱いは、一般にアフターサービスといいます。,国土交通省住宅分野の実務資料,用語を別概念と混同していないか,周辺実務知識。
original,orig_set17,7,327,宅建業法,宅建士の業務,case_based,standard,宅地建物取引業法35条 / 宅地建物取引業法37条,宅建士は重要事項説明等の業務を担うことを確認する。,drafting,checked,宅建業者の従業者Aは、宅建士ではないが『重要事項説明も契約書面の記名も自分がすべて行う』と述べている。この場合の宅建士の業務に関する次の記述のうち、最も適切なものはどれか。,資格者業務の確認。,1,重要事項説明等は宅建士業務,1:重要事項説明等、法が予定する場面では宅建士が関与すべき業務がある。 / 2:宅建士の資格は、宅建業務とは無関係である。 / 3:重要事項説明は、資格の有無にかかわらず誰でも自由に行える。 / 4:宅建士の業務は、マンション清掃だけである。,,正解は1です。重要事項説明など、法が予定する場面では宅建士が関与すべき業務があります。,https://elaws.e-gov.go.jp/document?lawid=327AC0000000176,資格者業務を無資格者に開放していないか,宅建士制度の基本。
original,orig_set17,8,328,建築・設備,エレベーター保守,comparison_table,standard,昇降機保守の基本,エレベーター保守は点検契約と安全確認が重要であることを確認する。,drafting,checked,エレベーター保守に関する次の記述のうち、最も適切なものはどれか。,点検・部品交換・安全性。,4,保守点検と安全性確保,1:エレベーターは、停止しなければ保守点検をしなくてよい。 / 2:エレベーター保守では、安全装置の確認は不要である。 / 3:エレベーター保守は、利用者の自己点検だけで十分である。 / 4:エレベーター保守では、定期点検や必要な部品交換を通じて安全性を確保することが重要である。,,正解は4です。エレベーター保守では、定期点検や必要な部品交換を通じて安全性を確保することが重要です。,建築設備の基本論点,エレベーター保守を事後対応だけにしていないか,昇降機保守の実務。
original,orig_set17,9,329,標準管理委託契約書・指針,管理員業務,combination,standard,マンション標準管理委託契約書,管理員業務は受付・連絡・状況確認などが中心であることを確認する。,drafting,checked,管理員業務に関する次のアからエまでの記述のうち、適切なもののみの組合せはどれか。,受付・連絡・報告。,3,受付や連絡取次ぎ等が中心 / 高額契約締結権限は当然にはない,1:アとイ / 2:イとエ / 3:アとウ / 4:ウとエ,ア:管理員業務には、受付、連絡取次ぎ、共用部分の状況確認などが含まれ得る。 / イ:管理員は、管理組合の承認なしに高額修繕契約を自由に締結できる。 / ウ:異常を把握した場合に管理会社や管理組合へ報告することは重要である。 / エ:管理員は、どのマンションでも24時間常駐が絶対条件である。,正解は3です。アとウが適切です。管理員業務では、受付や連絡、状況確認、報告などが中心になります。,https://www.mlit.go.jp/jutakukentiku/house/content/001379115.pdf,管理員に当然の契約締結権限を与えていないか,委託実務の基礎。
original,orig_set17,10,330,標準管理規約,長期修繕計画,case_based,standard,マンション標準管理規約32条 / 長期修繕計画作成ガイドライン,長期修繕計画は将来の修繕見通しを持つために重要であることを確認する。,drafting,checked,管理組合が、今後の大規模修繕の時期や費用見込みを整理したいと考えている。この場合の長期修繕計画に関する次の記述のうち、最も適切なものはどれか。,修繕見通しの作成。,2,修繕の時期・内容・費用見込みを整理する,1:長期修繕計画は、将来の修繕見通しとは無関係である。 / 2:長期修繕計画は、将来の修繕時期や内容、費用見込みを整理するために重要である。 / 3:長期修繕計画は、一度作ったら絶対に見直してはならない。 / 4:長期修繕計画は、管理組合ではなく第三者だけの資料である。,,正解は2です。長期修繕計画は、将来の修繕時期や内容、費用見込みを整理するために重要です。,https://www.mansion-info.mlit.go.jp/wp-content/uploads/2025/10/R7%E6%94%B9%E6%AD%A3%E7%89%88_%E6%A8%99%E6%BA%96%E7%AE%A1%E7%90%86%E8%A6%8F%E7%B4%84%EF%BC%8B%E3%82%B3%E3%83%A1%E3%83%B3%E3%83%88%EF%BC%88%E5%8D%98%E6%A3%9F%E5%9E%8B%EF%BC%89.pdf,長期修繕計画を固定資料としていないか,修繕計画の基礎。
original,orig_set17,11,331,民法・借地借家法,賃貸借の対抗力,count,standard,民法605条 / 借地借家法31条,賃貸借の対抗要件の考え方を確認する。,drafting,checked,賃貸借の対抗力に関する次のアからエまでの記述のうち、適切なものはいくつあるか。,第三者対抗要件。,2,対抗力には一定の要件がある / 無条件ではない,1:一つ / 2:二つ / 3:三つ / 4:四つ,ア:賃貸借を第三者に対抗できるかは、一定の対抗要件を備えているかが問題となる。 / イ:賃貸借は、常に無条件で第三者に対抗できる。 / ウ:建物賃貸借では、引渡しが対抗要件として重要な意味を持つ。 / エ:賃貸借の対抗力は、民法や借地借家法と無関係である。,正解は2です。アとウが適切です。賃貸借を第三者に対抗するには、一定の要件を備える必要があります。,https://www.japaneselawtranslation.go.jp/en/laws/view/4848 / https://elaws.e-gov.go.jp/document?lawid=403AC0000000090,賃貸借を無条件で対抗可能としていないか,賃貸借の基本論点。
original,orig_set17,12,332,管理適正化法,主任者証提示,case_based,standard,マンションの管理の適正化の推進に関する法律,管理業務主任者証の提示が求められる場面があることを確認する。,drafting,checked,管理業務主任者Bは、重要事項説明の場面で主任者証を示す必要はないと考えている。この場合の主任者証提示に関する次の記述のうち、最も適切なものはどれか。,資格者確認。,1,法が予定する場面で主任者証提示が問題,1:管理業務主任者は、法が予定する場面で主任者証の提示が問題となる。 / 2:主任者証提示は、本人が気分のよいときだけでよい。 / 3:主任者証は、社内だけで見れば足り外部提示は不要である。 / 4:主任者証提示は、宅建士証だけに関する制度である。,,正解は1です。管理業務主任者は、法が予定する場面で主任者証の提示が問題となります。,https://www.mlit.go.jp/totikensangyo/const/1_6_bt_000260.html,提示義務を任意化していないか,資格者確認の基礎。
original,orig_set17,13,333,会計・税務,管理費収入,combination,standard,マンション標準管理規約27条,管理費収入は日常管理費用の基本財源であることを確認する。,drafting,checked,管理費収入に関する次のアからエまでの記述のうち、正しいもののみの組合せはどれか。,日常管理費用の財源。,3,日常管理費用の財源 / 修繕積立金と区別,1:アとイ / 2:イとエ / 3:アとウ / 4:ウとエ,ア:管理費収入は、共用部分の日常の維持管理費用をまかなうための基本財源である。 / イ:管理費収入は、大規模修繕工事費だけに使うのが原則である。 / ウ:管理費収入は、修繕積立金とは役割を区別して整理することが重要である。 / エ:管理費収入は、理事長の私的用途に使ってよい。,正解は3です。アとウが正しいです。管理費収入は、日常管理費用の基本財源であり、修繕積立金と区別して扱います。,https://www.mansion-info.mlit.go.jp/wp-content/uploads/2025/10/R7%E6%94%B9%E6%AD%A3%E7%89%88_%E6%A8%99%E6%BA%96%E7%AE%A1%E7%90%86%E8%A6%8F%E7%B4%84%EF%BC%8B%E3%82%B3%E3%83%A1%E3%83%B3%E3%83%88%EF%BC%88%E5%8D%98%E6%A3%9F%E5%9E%8B%EF%BC%89.pdf,管理費と修繕積立金の役割を混同していないか,会計区分の基礎。
original,orig_set17,14,334,区分所有法,占有者の地位,case_based,standard,区分所有法6条3項 / 区分所有法57条4項,占有者にも共同利益義務が及ぶことを確認する。,drafting,checked,賃借人Aが共用部分で継続的に迷惑行為をしている。この場合の占有者の地位に関する次の記述のうち、最も適切なものはどれか。,共同利益義務の及ぶ範囲。,2,占有者にも共同利益義務が及ぶ,1:占有者には、区分所有法上の義務は一切及ばない。 / 2:占有者にも、共同の利益に反する行為をしてはならないという義務が及ぶ。 / 3:占有者は、区分所有者の承諾があれば共同利益に反する行為も自由にできる。 / 4:占有者の行為は、管理組合と無関係である。,,正解は2です。占有者にも、共同の利益に反する行為をしてはならない義務が及びます。,https://www.japaneselawtranslation.go.jp/en/laws/view/4341/en,占有者への義務の及ぶ範囲を落としていないか,区分所有法の重要論点。
original,orig_set17,15,335,品確法・建替円滑化法等,建替組合,combination,standard,マンションの建替え等の円滑化に関する法律,建替組合は建替事業を実施するための主体であることを確認する。,drafting,checked,建替組合に関する次のアからエまでの記述のうち、適切なもののみの組合せはどれか。,建替事業の施行主体。,1,建替組合は施行主体 / 建替え円滑化法上の制度,1:アとウ / 2:アとエ / 3:イとウ / 4:イとエ,ア:建替組合は、マンション建替事業を実施するための施行主体として位置付けられる。 / イ:建替組合という制度は存在しない。 / ウ:建替組合の制度は、マンションの建替え等の円滑化に関する法律で問題となる。 / エ:建替組合は、品確法だけの制度である。,正解は1です。アとウが適切です。建替組合は、建替事業を実施する施行主体として位置付けられます。,https://www.mlit.go.jp/jutakukentiku/house/jutakukentiku_house_tk5_000127.html,建替組合の根拠法を混同していないか,建替円滑化法の基礎。
original,orig_set17,16,336,宅建業法,契約不適合責任特約,combination,standard,宅地建物取引業法40条,宅建業者売主の特約には買主保護の制限があることを確認する。,drafting,checked,宅建業者が自ら売主となる場合の契約不適合責任特約に関する次のアからエまでの記述のうち、適切なもののみの組合せはどれか。,買主保護の強行規定。,4,買主保護に反する不利特約に制限がある,1:アとイ / 2:イとエ / 3:ウとエ / 4:アとウ,ア:宅建業者が自ら売主となる場合には、買主に不利な契約不適合責任特約に制限がある。 / イ:宅建業者売主は、買主保護に関係なく自由に全面免責特約を定められる。 / ウ:この規制は、買主保護のための制度である。 / エ:この規制は、宅建業法と無関係である。,正解は4です。アとウが適切です。宅建業者が自ら売主となる場合には、買主保護のため特約に制限があります。,https://elaws.e-gov.go.jp/document?lawid=327AC0000000176,全面免責を自由としていないか,自ら売主規制の基本。
original,orig_set17,17,337,建築・設備,配管更新,combination,standard,建築設備更新の基本,配管更新では劣化状況と工法選定が重要であることを確認する。,drafting,checked,配管更新に関する次のアからエまでの記述のうち、適切なもののみの組合せはどれか。,劣化診断と更新工法。,3,劣化状況の把握が重要 / 工法選定が必要,1:アとイ / 2:イとエ / 3:アとウ / 4:ウとエ,ア:配管更新では、まず劣化状況を把握することが重要である。 / イ:配管は、劣化状況を見ずに必ず同じ時期に同じ工法で更新すべきである。 / ウ:更新工法は、建物条件や工事範囲を踏まえて選定する必要がある。 / エ:配管更新では、工事中の居住影響を考える必要はない。,正解は3です。アとウが適切です。配管更新では、劣化状況の把握と建物条件に応じた工法選定が重要です。,建築設備更新の基本論点,一律更新論にしていないか,設備更新の応用。
original,orig_set17,18,338,標準管理委託契約書・指針,緊急対応,single_choice,standard,マンション標準管理委託契約書,緊急対応は被害拡大防止の初動であることを再確認する。,drafting,checked,緊急対応に関する次の記述のうち、最も適切なものはどれか。,漏水や事故の初動。,2,緊急対応は初動措置,1:緊急対応は、必ず総会決議後でないと開始できない。 / 2:緊急対応は、漏水や設備事故などで被害拡大を防ぐための初動措置として重要である。 / 3:緊急対応は、平時の議事録作成だけをいう。 / 4:緊急対応は、委託実務と無関係である。,,正解は2です。緊急対応は、被害拡大を防ぐための初動措置として重要です。,https://www.mlit.go.jp/jutakukentiku/house/content/001379115.pdf,緊急対応を平時業務にすり替えていないか,緊急時対応の基本。
original,orig_set17,19,339,標準管理規約,滞納管理費対応,combination,standard,マンション標準管理規約60条 / 区分所有法7条,滞納管理費には督促や法的手続が問題となることを確認する。,drafting,checked,滞納管理費対応に関する次のアからエまでの記述のうち、適切なもののみの組合せはどれか。,督促と法的回収。,1,督促・法的手続 / 放置は不適切,1:アとウ / 2:アとエ / 3:イとウ / 4:イとエ,ア:滞納管理費等については、督促等の回収措置を検討することになる。 / イ:滞納管理費等は、時効まで放置するのが原則である。 / ウ:必要に応じて、法的手続による回収が問題となる。 / エ:管理組合には滞納管理費等を請求する権利がない。,正解は1です。アとウが適切です。滞納管理費には、督促や必要に応じた法的手続による回収が問題となります。,https://www.japaneselawtranslation.go.jp/en/laws/view/4341/en / https://www.mansion-info.mlit.go.jp/wp-content/uploads/2025/10/R7%E6%94%B9%E6%AD%A3%E7%89%88_%E6%A8%99%E6%BA%96%E7%AE%A1%E7%90%86%E8%A6%8F%E7%B4%84%EF%BC%8B%E3%82%B3%E3%83%A1%E3%83%B3%E3%83%88%EF%BC%88%E5%8D%98%E6%A3%9F%E5%9E%8B%EF%BC%89.pdf,放置論や請求権否定を混ぜていないか,滞納対策の基本。
original,orig_set17,20,340,民法・借地借家法,相続と債務承継,combination,standard,民法896条,相続では被相続人の権利義務を包括承継するのが原則であることを確認する。,drafting,checked,相続と債務承継に関する次のアからエまでの記述のうち、適切なもののみの組合せはどれか。,包括承継の原則。,4,包括承継 / 債務も承継対象,1:アとイ / 2:イとエ / 3:ウとエ / 4:アとウ,ア:相続人は、被相続人の財産上の権利義務を包括的に承継するのが原則である。 / イ:被相続人の債務は、相続によって一切承継されない。 / ウ:被相続人の債務も、原則として承継の対象となる。 / エ:相続人は、何の手続もなく常に当然に債務を免れる。,正解は4です。アとウが適切です。相続では、被相続人の財産上の権利義務を包括的に承継するのが原則です。,https://www.japaneselawtranslation.go.jp/en/laws/view/4848,債務が承継されないようにしていないか,相続法の基本。
original,orig_set18,1,341,管理適正化法,財産の分別管理,single_choice,standard,マンションの管理の適正化の推進に関する法律,管理組合財産と自己財産の分別管理の重要性を再確認する。,drafting,checked,財産の分別管理に関する次の記述のうち、最も適切なものはどれか。,管理組合財産保護。,3,分別管理は管理組合保護に重要,1:管理組合財産と自己財産は、便宜上自由に混在させてよい。 / 2:分別管理は、管理適正化法と無関係である。 / 3:分別管理は、管理組合財産を適切に保護するため重要な考え方である。 / 4:分別管理は、管理会社の内部都合だけの問題である。,,正解は3です。分別管理は、管理組合財産を適切に保護するため重要です。,https://www.mlit.go.jp/totikensangyo/const/1_6_bt_000260.html,混在容認の説明にしていないか,財産管理の基本。
original,orig_set18,2,342,会計・税務,勘定科目判定,accounting_table,advanced,管理組合会計の基本,勘定科目は金銭の性質で判断することを再確認する。,drafting,checked,勘定科目判定に関する次の記述のうち、最も適切なものはどれか。,性質による分類。,1,金額ではなく性質に着目,1:勘定科目は、その金銭の性質や内容に応じて判定することが重要である。 / 2:勘定科目は、金額の大小だけで決める。 / 3:勘定科目は、毎回自由に変えても問題ない。 / 4:勘定科目の判定は、会計処理と無関係である。,,正解は1です。勘定科目は、金銭の性質や内容に応じて判定することが重要です。,管理組合会計の基本論点,金額基準だけにしていないか,会計分類の基本。
original,orig_set18,3,343,区分所有法,団地関係,combination,advanced,区分所有法65条以下,団地関係は複数棟共有施設の管理に関する規律であることを確認する。,drafting,checked,団地関係に関する次のアからエまでの記述のうち、適切なもののみの組合せはどれか。,複数棟と共有施設。,4,複数棟共有施設が前提 / 団地建物所有者の関係,1:アとイ / 2:イとエ / 3:ウとエ / 4:アとウ,ア:団地関係は、同一敷地内の複数棟が共有する施設の管理などで問題となる。 / イ:団地関係は、単棟型マンションにしか存在しない。 / ウ:団地関係では、複数棟所有者の利害調整が重要になる。 / エ:団地関係は、区分所有法と無関係である。,正解は4です。アとウが適切です。団地関係は、複数棟が共有する施設の管理などで問題となります。,https://www.japaneselawtranslation.go.jp/en/laws/view/4341/en,団地関係を単棟限定にしていないか,団地分野の基礎。
original,orig_set18,4,344,品確法・建替円滑化法等,権利変換計画,single_choice,advanced,マンションの建替え等の円滑化に関する法律,権利変換計画は建替え後の権利配分を定める計画であることを確認する。,drafting,checked,権利変換計画に関する次の記述のうち、最も適切なものはどれか。,建替え後の権利調整。,2,建替え後の権利配分を定める計画,1:権利変換計画は、建物の色彩計画だけを定める。 / 2:権利変換計画は、建替え後に各権利者がどのような権利を取得するかを定める計画である。 / 3:権利変換計画は、宅建業法上の広告規制の一種である。 / 4:権利変換計画は、建替え円滑化法と無関係である。,,正解は2です。権利変換計画は、建替え後の権利配分を定める計画です。,https://www.mlit.go.jp/jutakukentiku/house/jutakukentiku_house_tk5_000127.html,権利変換計画の内容を誤っていないか,建替円滑化法の重要論点。
original,orig_set18,5,345,宅建業法,自ら売主規制,single_choice,advanced,宅地建物取引業法33条の2以下 / 宅地建物取引業法40条以下,自ら売主規制は買主保護のための特則であることを確認する。,drafting,checked,自ら売主規制に関する次の記述のうち、最も適切なものはどれか。,宅建業者売主の買主保護。,4,買主保護のための特則,1:自ら売主規制は、宅建業者より売主保護を強める制度である。 / 2:自ら売主規制は、宅建業法と無関係である。 / 3:自ら売主規制では、買主保護を一切考えない。 / 4:自ら売主規制は、宅建業者が売主となる取引で買主を保護するための特則である。,,正解は4です。自ら売主規制は、宅建業者が売主となる取引で買主を保護するための特則です。,https://elaws.e-gov.go.jp/document?lawid=327AC0000000176,保護主体を取り違えていないか,宅建業法の横断論点。
original,orig_set18,6,346,建築・設備,容積率と延べ面積,single_choice,advanced,建築基準法52条,容積率は延べ面積と敷地面積の割合であることを確認する。,drafting,checked,容積率に関する次の記述のうち、正しいものはどれか。,建ぺい率との区別。,1,延べ面積÷敷地面積,1:容積率は、建築物の延べ面積の敷地面積に対する割合である。 / 2:容積率は、建築面積の敷地面積に対する割合である。 / 3:容積率は、階数だけで決まる。 / 4:容積率は、管理費の割合を示す指標である。,,正解は1です。容積率は、建築物の延べ面積の敷地面積に対する割合です。,https://elaws.e-gov.go.jp/document?lawid=325AC0000000201,建ぺい率と混同していないか,建築基準法の基本。
original,orig_set18,7,347,標準管理委託契約書・指針,月次報告,count,advanced,マンション標準管理委託契約書,月次報告は継続的な情報共有のため重要であることを確認する。,drafting,checked,月次報告に関する次のアからエまでの記述のうち、適切なものはいくつあるか。,定期報告と透明性。,2,管理状況・会計状況の共有,1:一つ / 2:二つ / 3:三つ / 4:四つ,ア:月次報告は、管理組合が管理状況を継続的に把握するために有用である。 / イ:月次報告は、会計や業務実施状況の整理に役立つ。 / ウ:月次報告は、情報が多いので作成しない方がよい。 / エ:月次報告は、管理会社内部だけで見ればよく管理組合には不要である。,正解は2です。アとイが適切です。月次報告は、管理状況や会計状況の継続的な把握に役立ちます。,https://www.mlit.go.jp/jutakukentiku/house/content/001379115.pdf,月次報告を内部資料だけにしていないか,報告業務の基礎。
original,orig_set18,8,348,標準管理規約,駐車場使用細則,single_choice,advanced,マンション標準管理規約 / 使用細則,駐車場使用細則では利用条件を明確化することが重要であると確認する。,drafting,checked,駐車場使用細則に関する次の記述のうち、最も適切なものはどれか。,利用資格・抽選・料金。,2,利用条件の明確化,1:駐車場使用細則は、口頭で決めれば文書化不要である。 / 2:駐車場使用細則では、利用資格や料金、抽選方法などを明確に定めることが重要である。 / 3:駐車場使用細則は、特定人に有利なら公平性は不要である。 / 4:駐車場使用細則は、規約と全く無関係である。,,正解は2です。駐車場使用細則では、利用資格や料金、抽選方法などを明確に定めることが重要です。,https://www.mansion-info.mlit.go.jp/wp-content/uploads/2025/10/R7%E6%94%B9%E6%AD%A3%E7%89%88_%E6%A8%99%E6%BA%96%E7%AE%A1%E7%90%86%E8%A6%8F%E7%B4%84%EF%BC%8B%E3%82%B3%E3%83%A1%E3%83%B3%E3%83%88%EF%BC%88%E5%8D%98%E6%A3%9F%E5%9E%8B%EF%BC%89.pdf,公平性や文書化を落としていないか,細則運用の基本。
original,orig_set18,9,349,民法・借地借家法,同時履行の抗弁,single_choice,advanced,民法533条,相手方の履行又は履行提供まで自己の履行を拒めることを再確認する。,drafting,checked,同時履行の抗弁に関する次の記述のうち、正しいものはどれか。,双務契約の基本。,4,履行又は履行提供まで拒絶可能,1:双務契約でも、相手方の履行提供がなくても常に履行しなければならない。 / 2:同時履行の抗弁は、片務契約だけに認められる。 / 3:同時履行の抗弁には、履行の提供という概念は関係しない。 / 4:双務契約の当事者は、相手方が履行し又は履行の提供をするまで、自己の履行を拒むことができる。,,正解は4です。同時履行の抗弁では、相手方が履行し又は履行の提供をするまで自己の履行を拒むことができます。,https://www.japaneselawtranslation.go.jp/en/laws/view/4848,履行の提供を落としていないか,民法の重要基礎。
original,orig_set18,10,350,管理適正化法,管理事務報告,count,advanced,マンションの管理の適正化の推進に関する法律 / マンション標準管理委託契約書,管理事務報告は説明責任と透明性確保のため重要であることを確認する。,drafting,checked,管理事務報告に関する次のアからエまでの記述のうち、適切なものはいくつあるか。,報告の定期性と明確性。,2,説明責任と透明性確保 / 内容の明確化,1:一つ / 2:二つ / 3:三つ / 4:四つ,ア:管理事務報告は、管理組合に対する説明責任を果たすうえで重要である。 / イ:管理事務報告は、内容が曖昧でも構わない。 / ウ:管理事務報告は、管理組合が管理状況を確認できるよう整理されていることが望ましい。 / エ:管理事務報告は、管理組合への交付や説明と無関係である。,正解は2です。アとウが適切です。管理事務報告は、説明責任と透明性確保のため明確に整理して行うことが重要です。,https://www.mlit.go.jp/totikensangyo/const/1_6_bt_000260.html / https://www.mlit.go.jp/jutakukentiku/house/content/001379115.pdf,管理事務報告の明確性を落としていないか,報告義務の応用。
original,orig_set18,11,351,会計・税務,前受金と預り金,single_choice,basic,管理組合会計の基本,前受金と預り金の違いを確認する。,drafting,checked,前受金と預り金に関する次の記述のうち、最も適切なものはどれか。,性質による区別。,2,前受金は将来役務対応 / 預り金は一時的預り,1:前受金と預り金に会計上の違いはない。 / 2:前受金は将来の役務提供等に先立ち受け入れた金銭、預り金は一時的に預かっている金銭として整理する。 / 3:前受金は、必ず負債ではなく収益である。 / 4:預り金は、常に管理費収入として処理する。,,正解は2です。前受金は将来の役務提供等に先立ち受け入れた金銭、預り金は一時的に預かっている金銭です。,管理組合会計の基本論点,前受金と預り金の意味を逆転させていないか,会計科目の基礎。
original,orig_set18,12,352,判例・横断総合,管理費滞納判例,case_based,basic,区分所有法7条 / 管理費滞納に関する判例実務,管理費滞納は法的回収対象となることを横断的に確認する。,drafting,checked,管理組合が長期滞納管理費の回収を検討している。この場合の管理費滞納判例・実務に関する次の記述のうち、最も適切なものはどれか。,滞納金回収の法的対応。,1,滞納管理費は請求・回収対象となる,1:滞納管理費は、管理組合が督促や訴訟等により回収を図る対象となり得る。 / 2:滞納管理費は、判例上も一切請求できない。 / 3:滞納管理費は、理事長個人の債権である。 / 4:滞納管理費は、区分所有法や規約と無関係である。,,正解は1です。滞納管理費は、管理組合が督促や訴訟等により回収を図る対象となります。,https://www.japaneselawtranslation.go.jp/en/laws/view/4341/en,管理費滞納の請求可能性を否定していないか,横断論点の基礎。
original,orig_set18,13,353,区分所有法,復旧決議,precedent_fill,basic,区分所有法61条,一部滅失後の復旧に関する用語を確認する。,drafting,checked,区分所有建物の一部が滅失した場合に、その原状回復をどうするかを決める決議を[　]決議という。この[　]に当てはまるものとして正しいものはどれか。,基本用語の確認。,3,復旧決議,1:保存 / 2:取壊し / 3:復旧 / 4:敷地利用,,正解は3です。一部滅失後の原状回復をどうするかを決める決議は、復旧決議です。,https://www.japaneselawtranslation.go.jp/en/laws/view/4341/en,用語を取り違えていないか,区分所有法の用語。
original,orig_set18,14,354,品確法・建替円滑化法等,個人施行,case_based,basic,マンションの建替え等の円滑化に関する法律,個人施行は組合施行と異なる施行形態であることを確認する。,drafting,checked,マンション建替事業の施行形態として個人施行が問題となっている。この場合の個人施行に関する次の記述のうち、最も適切なものはどれか。,施行形態の区別。,1,個人施行は組合施行等と並ぶ施行形態,1:個人施行は、建替事業の施行形態の一つとして問題となる。 / 2:個人施行という概念は存在しない。 / 3:個人施行は、宅建業法上の広告規制を意味する。 / 4:個人施行は、管理費会計の処理方法である。,,正解は1です。個人施行は、建替事業の施行形態の一つとして問題となります。,https://www.mlit.go.jp/jutakukentiku/house/jutakukentiku_house_tk5_000127.html,別法分野の概念と混同していないか,建替円滑化法の基礎。
original,orig_set18,15,355,宅建業法,重要事項説明,case_based,basic,宅地建物取引業法35条,契約前の重要事項説明の意義を確認する。,drafting,checked,宅建業者Aが、買主Bに対し『契約締結前の説明は不要だ』と述べている。この場合の重要事項説明に関する次の記述のうち、最も適切なものはどれか。,契約前説明義務。,4,重要事項説明は契約前に行う,1:重要事項説明は、契約後であればいつでもよい。 / 2:重要事項説明は、買主保護と無関係である。 / 3:重要事項説明は、宅建業法には定められていない。 / 4:重要事項説明は、契約前に相手方が判断できるよう重要事項を説明するための制度である。,,正解は4です。重要事項説明は、契約前に相手方が重要事項を理解し判断するための制度です。,https://elaws.e-gov.go.jp/document?lawid=327AC0000000176,契約後説明で足りるようにしていないか,宅建業法の基礎。
original,orig_set18,16,356,建築・設備,非常用照明,case_based,basic,建築基準法 / 建築基準法施行令,非常用照明は停電時の避難安全確保のため重要であることを確認する。,drafting,checked,共用廊下の非常用照明の点灯試験を省略しようとしている。この場合の非常用照明に関する次の記述のうち、最も適切なものはどれか。,停電時の避難安全。,2,停電時の避難経路確保,1:非常用照明は、昼間だけ使う照明なので点検不要である。 / 2:非常用照明は、停電時にも避難経路の安全を確保するため重要である。 / 3:非常用照明は、装飾のための設備である。 / 4:非常用照明は、住戸内だけにあればよい。,,正解は2です。非常用照明は、停電時にも避難経路の安全を確保するため重要です。,https://elaws.e-gov.go.jp/document?lawid=325AC0000000201,非常用照明の機能を装飾にしていないか,防災設備の基礎。
original,orig_set18,17,357,標準管理委託契約書・指針,原本保管,combination,basic,マンション標準管理委託契約書,原本保管では所在明確化と引継ぎが重要であることを再確認する。,drafting,checked,原本保管に関する次のアからエまでの記述のうち、適切なもののみの組合せはどれか。,所在管理と引継ぎ。,3,所在管理 / 委託終了時の引継ぎ,1:アとイ / 2:イとエ / 3:アとウ / 4:ウとエ,ア:契約書や議事録等の原本は、所在を明確にして保管することが重要である。 / イ:原本は、誰が保管しているか不明でも問題ない。 / ウ:委託終了時には、原本や必要資料の引継ぎが重要になる。 / エ:古い原本は、管理組合の了解なく任意に廃棄してよい。,正解は3です。アとウが適切です。原本保管では所在管理が重要であり、委託終了時の引継ぎも大切です。,https://www.mlit.go.jp/jutakukentiku/house/content/001379115.pdf,所在不明容認や無断廃棄を混ぜていないか,資料管理の基本。
original,orig_set18,18,358,標準管理規約,専用使用権,case_based,basic,マンション標準管理規約14条,専用使用権があっても共用部分の性質は変わらないことを確認する。,drafting,checked,区分所有者Aが、バルコニーについて『専用使用権があるから完全に自分の所有部分だ』と主張している。この場合の専用使用権に関する次の記述のうち、最も適切なものはどれか。,バルコニーと共用部分。,1,専用使用権があっても共用部分,1:専用使用権があっても、共用部分であること自体は変わらず、使用方法には規約や細則上の制約があり得る。 / 2:専用使用権がある部分は、常に専有部分になる。 / 3:専用使用権があれば、管理組合の承認なしに自由に改造できる。 / 4:専用使用権は、駐車場にだけ認められる制度である。,,正解は1です。専用使用権があっても共用部分の性質は変わらず、規約や細則に沿った使用が求められます。,https://www.mansion-info.mlit.go.jp/wp-content/uploads/2025/10/R7%E6%94%B9%E6%AD%A3%E7%89%88_%E6%A8%99%E6%BA%96%E7%AE%A1%E7%90%86%E8%A6%8F%E7%B4%84%EF%BC%8B%E3%82%B3%E3%83%A1%E3%83%B3%E3%83%88%EF%BC%88%E5%8D%98%E6%A3%9F%E5%9E%8B%EF%BC%89.pdf,専用使用権と専有部分を混同していないか,規約論点の基礎。
original,orig_set18,19,359,民法・借地借家法,履行遅滞と解除,case_based,basic,民法541条,履行遅滞解除では催告が基本となることを確認する。,drafting,checked,売買契約において代金支払が遅れているため、売主が解除を考えている。この場合の履行遅滞と解除に関する次の記述のうち、最も適切なものはどれか。,催告解除の基本。,3,相当期間を定めた催告が原則,1:履行遅滞があっても、解除は一切認められない。 / 2:支払期限を1日過ぎたら、常に無催告で解除できる。 / 3:原則として、相当の期間を定めて履行を催告し、その期間内に履行がなければ解除できる。 / 4:解除には、債務不履行と無関係に裁判所の許可が必ず必要である。,,正解は3です。履行遅滞による解除では、原則として相当期間を定めた催告が必要です。,https://www.japaneselawtranslation.go.jp/en/laws/view/4848,無催告解除を一般化していないか,解除論の基礎。
original,orig_set18,20,360,管理適正化法,管理業務主任者,combination,basic,マンションの管理の適正化の推進に関する法律,管理業務主任者は重要事項説明等を担う資格者であることを確認する。,drafting,checked,管理業務主任者に関する次のアからエまでの記述のうち、適切なもののみの組合せはどれか。,資格者業務の基本。,4,重要事項説明等に関与 / 管理適正化法上の資格,1:アとイ / 2:イとエ / 3:ウとエ / 4:アとウ,ア:管理業務主任者は、重要事項説明など法が予定する場面で役割を果たす資格者である。 / イ:管理業務主任者は、管理適正化法と無関係の資格である。 / ウ:管理業務主任者制度は、マンション管理の適正化を支える仕組みの一つである。 / エ:管理業務主任者は、常に宅建士と同じ業務だけを行う。,正解は4です。アとウが適切です。管理業務主任者は、マンション管理の適正化を支える資格者です。,https://www.mlit.go.jp/totikensangyo/const/1_6_bt_000260.html,宅建士と役割を混同していないか,資格制度の基礎。
original,orig_set19,1,361,会計・税務,未払金と前払費用,comparison_table,standard,管理組合会計の基本,未払金と前払費用の区別を確認する。,drafting,checked,未払金と前払費用に関する次の記述のうち、最も適切なものはどれか。,負債と資産の区別。,4,未払金は未払い債務 / 前払費用は将来役務の前払い,1:未払金と前払費用は、意味が同じである。 / 2:未払金は、将来受ける役務のための前払いである。 / 3:前払費用は、常に負債として整理する。 / 4:未払金は未払いの債務、前払費用は将来の役務に対応する前払いとして整理する。,,正解は4です。未払金は未払いの債務、前払費用は将来の役務に対応する前払いとして整理します。,管理組合会計の基本論点,未払金と前払費用を逆転させていないか,会計区分の基礎。
original,orig_set19,2,362,判例・横断総合,暴力団排除,precedent_fill,standard,標準管理規約暴力団排除条項 / 判例実務,暴力団排除は共同生活の安全確保に関わる論点であると確認する。,drafting,checked,マンション管理の実務で、反社会的勢力の関与を排除する考え方を一般に暴力団[　]という。この[　]に当てはまるものとして正しいものはどれか。,横断的な実務用語。,1,暴力団排除,1:排除 / 2:包含 / 3:共有 / 4:修繕,,正解は1です。反社会的勢力の関与を排除する考え方は、一般に暴力団排除といいます。,標準管理規約コメント / 判例実務資料,用語を取り違えていないか,横断実務論点。
original,orig_set19,3,363,区分所有法,競売請求,single_choice,standard,区分所有法59条,競売請求は共同利益背反行為への最終的措置であることを確認する。,drafting,checked,競売請求に関する次の記述のうち、最も適切なものはどれか。,共同利益背反行為への強い措置。,2,著しい共同利益背反行為等で問題となる,1:競売請求は、軽微なルール違反が1回あれば当然に認められる。 / 2:競売請求は、共同利益に反する行為が著しく、他の方法では障害除去が困難な場合に問題となる。 / 3:競売請求という制度は存在しない。 / 4:競売請求は、管理費会計の処理方法である。,,正解は2です。競売請求は、共同利益に反する行為が著しく、他の方法では障害除去が困難な場合に問題となります。,https://www.japaneselawtranslation.go.jp/en/laws/view/4341/en,軽微違反で当然に認める説明にしていないか,区分所有法の強力な手段。
original,orig_set19,4,364,品確法・建替円滑化法等,被災マンション法,precedent_fill,standard,被災区分所有建物の再建等に関する特別措置法,被災後の再建等を扱う特別法の名称を確認する。,drafting,checked,大規模災害で被災した区分所有建物の再建等に関する特別な法律を、一般に被災マンション[　]という。この[　]に当てはまるものとして正しいものはどれか。,特別法の略称。,2,被災マンション法,1:税 / 2:法 / 3:積立 / 4:規約,,正解は2です。被災区分所有建物の再建等に関する特別な法律は、一般に被災マンション法と呼ばれます。,https://elaws.e-gov.go.jp/document?lawid=407AC1000000043,略称を取り違えていないか,災害対応分野の基礎。
original,orig_set19,5,365,宅建業法,35条書面,combination,standard,宅地建物取引業法35条,35条書面の時期と趣旨を再確認する。,drafting,checked,35条書面に関する次のアからエまでの記述のうち、適切なもののみの組合せはどれか。,契約前説明。,3,契約前に重要事項説明 / 買主等の判断資料,1:アとイ / 2:イとエ / 3:アとウ / 4:ウとエ,ア:35条書面は、契約締結前に重要事項を説明するための書面である。 / イ:35条書面は、契約成立後に交付すれば足りる。 / ウ:35条書面は、相手方が契約するかどうかを判断するための資料となる。 / エ:35条書面は、宅建業法と無関係である。,正解は3です。アとウが適切です。35条書面は、契約前に重要事項を説明し、判断材料を提供するための書面です。,https://elaws.e-gov.go.jp/document?lawid=327AC0000000176,35条書面の時期を誤っていないか,宅建書面制度の再確認。
original,orig_set19,6,366,建築・設備,給排水衛生設備,comparison_table,standard,建築設備の基本,給水設備と排水衛生設備の役割の違いを確認する。,drafting,checked,給排水衛生設備に関する次の記述のうち、最も適切なものはどれか。,供給と排出の役割。,1,給水は供給、排水は排出,1:給水設備は生活用水を供給し、排水衛生設備は使用後の水を排出する役割を担う。 / 2:給水設備は、汚水排出を主目的とする。 / 3:排水衛生設備は、上水供給専用である。 / 4:給排水衛生設備に役割の違いはない。,,正解は1です。給水設備は生活用水の供給、排水衛生設備は使用後の水の排出を担います。,建築設備の基本論点,給水と排水の役割を逆転させていないか,設備分野の基礎。
original,orig_set19,7,367,標準管理委託契約書・指針,管理適正化指針,single_choice,standard,マンション管理適正化指針,管理適正化指針の役割を再確認する。,drafting,checked,管理適正化指針に関する次の記述のうち、最も適切なものはどれか。,望ましい管理の方向性。,2,望ましい管理の方向性を示す,1:管理適正化指針は、修繕積立金の金額だけを定める。 / 2:管理適正化指針は、マンション管理の望ましい方向性や考え方を示す。 / 3:管理適正化指針は、マンション管理と無関係である。 / 4:管理適正化指針は、管理会社内部だけの秘密文書である。,,正解は2です。管理適正化指針は、マンション管理の望ましい方向性や考え方を示します。,https://www.mlit.go.jp/totikensangyo/const/1_6_bt_000280.html,指針の役割を矮小化していないか,政策的指針の基礎。
original,orig_set19,8,368,標準管理規約,管理組合会計,combination,standard,マンション標準管理規約27条 / マンション標準管理規約28条,管理組合会計では管理費会計と修繕積立金会計を区別することを確認する。,drafting,checked,管理組合会計に関する次のアからエまでの記述のうち、正しいもののみの組合せはどれか。,管理費会計と修繕積立金会計。,4,日常管理費用と計画修繕費用の区別,1:アとイ / 2:イとエ / 3:ウとエ / 4:アとウ,ア:管理費は、日常の維持管理に要する経費に充てるのが基本である。 / イ:管理費は、大規模修繕工事専用の会計である。 / ウ:修繕積立金は、計画的な修繕等に備える資金として位置付けられる。 / エ:修繕積立金は、理事長が自由に私的流用してよい。,正解は4です。アとウが正しいです。管理組合会計では、管理費と修繕積立金を区別して扱います。,https://www.mansion-info.mlit.go.jp/wp-content/uploads/2025/10/R7%E6%94%B9%E6%AD%A3%E7%89%88_%E6%A8%99%E6%BA%96%E7%AE%A1%E7%90%86%E8%A6%8F%E7%B4%84%EF%BC%8B%E3%82%B3%E3%83%A1%E3%83%B3%E3%83%88%EF%BC%88%E5%8D%98%E6%A3%9F%E5%9E%8B%EF%BC%89.pdf,管理費と修繕積立金の区別を崩していないか,会計区分の基礎。
original,orig_set19,9,369,民法・借地借家法,無断転貸,count,standard,民法612条,無断転貸は賃貸人の承諾なくできず、解除が問題となることを確認する。,drafting,checked,無断転貸に関する次のアからエまでの記述のうち、適切なものはいくつあるか。,承諾の要否と解除。,2,承諾なく転貸不可 / 無断転貸は解除原因になり得る,1:一つ / 2:二つ / 3:三つ / 4:四つ,ア:賃借人は、賃貸人の承諾を得なければ賃借物を転貸することができない。 / イ:無断転貸は、常に自由に行える。 / ウ:無断転貸は、契約解除が問題となる場合がある。 / エ:無断転貸は、民法と無関係である。,正解は2です。アとウが適切です。無断転貸は賃貸人の承諾なくできず、解除が問題となることがあります。,https://www.japaneselawtranslation.go.jp/en/laws/view/4848,無断転貸を自由としていないか,賃貸借の重要論点。
original,orig_set19,10,370,管理適正化法,マンション管理業者の義務,case_based,standard,マンションの管理の適正化の推進に関する法律,管理業者には説明・報告・分別管理等の義務があることを再確認する。,drafting,checked,マンション管理業者Aは、『管理組合に説明する必要はなく、財産も自社口座と混在で問題ない』と述べている。この場合の管理業者の義務に関する次の記述のうち、最も適切なものはどれか。,説明義務・分別管理義務。,3,説明・報告・分別管理等の義務,1:管理業者には、管理組合への説明や報告の義務はない。 / 2:管理業者は、管理組合財産を自己財産と自由に混在させてよい。 / 3:管理業者には、説明、報告、分別管理などの基本的義務がある。 / 4:管理業者の義務は、宅建業法だけに定められている。,,正解は3です。管理業者には、説明、報告、分別管理などの基本的義務があります。,https://www.mlit.go.jp/totikensangyo/const/1_6_bt_000260.html,説明義務や分別管理義務を落としていないか,管理適正化法の総整理。
original,orig_set19,11,371,会計・税務,会計区分,combination,standard,マンション標準管理規約27条 / マンション標準管理規約28条,日常管理費用と計画修繕費用で会計区分を分けることを再確認する。,drafting,checked,会計区分に関する次のアからエまでの記述のうち、正しいもののみの組合せはどれか。,管理費会計と修繕積立金会計の区別。,4,日常管理費用は管理費会計 / 計画修繕費用は修繕積立金会計,1:アとイ / 2:イとエ / 3:ウとエ / 4:アとウ,ア:共用部分の日常清掃費用は、管理費会計で処理するのが基本である。 / イ:長期修繕計画に基づく大規模修繕工事費は、管理費会計だけで処理するのが原則である。 / ウ:会計区分は、費用の目的や性質を踏まえて判断する。 / エ:会計区分は、金額が大きいか小さいかだけで決める。,正解は4です。アとウが正しいです。会計区分は、日常管理か計画修繕かという目的と性質を踏まえて判断します。,https://www.mansion-info.mlit.go.jp/wp-content/uploads/2025/10/R7%E6%94%B9%E6%AD%A3%E7%89%88_%E6%A8%99%E6%BA%96%E7%AE%A1%E7%90%86%E8%A6%8F%E7%B4%84%EF%BC%8B%E3%82%B3%E3%83%A1%E3%83%B3%E3%83%88%EF%BC%88%E5%8D%98%E6%A3%9F%E5%9E%8B%EF%BC%89.pdf,管理費会計と修繕積立金会計の区別を崩していないか,会計区分の整理。
original,orig_set19,12,372,判例・横断総合,ペット飼育,combination,standard,マンション標準管理規約使用細則 / ペット飼育をめぐる判例実務,ペット飼育は規約・細則による制限が問題となることを確認する。,drafting,checked,ペット飼育に関する次のアからエまでの記述のうち、適切なもののみの組合せはどれか。,使用細則と共同生活秩序。,1,規約・細則による制限が問題となる / 共同生活上の調整が必要,1:アとウ / 2:アとエ / 3:イとウ / 4:イとエ,ア:ペット飼育は、管理規約や使用細則による制限が問題となることがある。 / イ:ペット飼育は、マンション管理と無関係であり一切制限できない。 / ウ:共同生活上の支障が生じないよう、ルールに基づく調整が重要である。 / エ:ペット飼育は、どのマンションでも完全に自由である。,正解は1です。アとウが適切です。ペット飼育は、規約や使用細則に基づく制限や共同生活上の調整が問題となります。,https://www.mansion-info.mlit.go.jp/wp-content/uploads/2025/10/R7%E6%94%B9%E6%AD%A3%E7%89%88_%E6%A8%99%E6%BA%96%E7%AE%A1%E7%90%86%E8%A6%8F%E7%B4%84%EF%BC%8B%E3%82%B3%E3%83%A1%E3%83%B3%E3%83%88%EF%BC%88%E5%8D%98%E6%A3%9F%E5%9E%8B%EF%BC%89.pdf,ペット飼育を絶対自由・絶対禁止のどちらかに寄せすぎていないか,横断的な生活ルール論点。
original,orig_set19,13,373,区分所有法,使用禁止請求,case_based,standard,区分所有法58条,使用禁止請求は共同利益背反行為への強い措置であることを確認する。,drafting,checked,区分所有者Aが、共用部分での迷惑行為を長期間繰り返しており、差止めだけでは改善が見込めない。この場合の使用禁止請求に関する次の記述のうち、最も適切なものはどれか。,強い差止措置。,2,著しい共同利益背反行為に対する強い措置,1:使用禁止請求という制度は存在しない。 / 2:使用禁止請求は、共同利益に反する行為への強い措置として問題となることがある。 / 3:軽微な違反が1回あれば常に当然に認められる。 / 4:使用禁止請求は、会計処理の一種である。,,正解は2です。使用禁止請求は、共同利益に反する行為に対する強い措置として問題となることがあります。,https://www.japaneselawtranslation.go.jp/en/laws/view/4341/en,軽微な違反で当然に認める説明にしていないか,区分所有法の強い是正手段。
original,orig_set19,14,374,品確法・建替円滑化法等,再建決議,combination,standard,被災区分所有建物の再建等に関する特別措置法,被災後の再建では再建決議が問題となることを確認する。,drafting,checked,被災マンションの再建決議に関する次のアからエまでの記述のうち、適切なもののみの組合せはどれか。,被災後の再建の意思決定。,4,被災後の再建で問題となる決議 / 特別法の規律,1:アとイ / 2:イとエ / 3:ウとエ / 4:アとウ,ア:被災した区分所有建物の再建では、再建に関する決議が問題となる。 / イ:被災後であっても、再建に関する意思決定は一切不要である。 / ウ:再建決議は、被災マンション法など特別な規律と結び付いて問題となる。 / エ:再建決議は、宅建業法だけの制度である。,正解は4です。アとウが適切です。被災後の再建では、特別法の規律のもとで再建決議が問題となります。,https://elaws.e-gov.go.jp/document?lawid=407AC1000000043,再建決議を一般管理決議と混同していないか,被災マンション法の基本。
original,orig_set19,15,375,宅建業法,37条書面,single_choice,standard,宅地建物取引業法37条,37条書面は契約成立後の書面であることを再確認する。,drafting,checked,37条書面に関する次の記述のうち、最も適切なものはどれか。,契約成立後の書面交付。,1,契約成立後の内容明確化,1:37条書面は、契約成立後に契約内容を明らかにするため交付される書面である。 / 2:37条書面は、35条書面と同じく契約前に交付する。 / 3:37条書面は、口頭合意があれば常に不要である。 / 4:37条書面は、宅建業法と無関係である。,,正解は1です。37条書面は、契約成立後に契約内容を明らかにするため交付される書面です。,https://elaws.e-gov.go.jp/document?lawid=327AC0000000176,35条と37条の時期を混同していないか,宅建業法の書面制度。
original,orig_set19,16,376,建築・設備,換気設備,combination,standard,建築設備の基本,換気設備は空気の入替えと湿気対策に重要であることを確認する。,drafting,checked,換気設備に関する次のアからエまでの記述のうち、適切なもののみの組合せはどれか。,室内空気と湿気対策。,2,空気の入替え / 湿気の滞留防止,1:アとイ / 2:アとウ / 3:イとエ / 4:ウとエ,ア:換気設備は、室内空気を入れ替えて汚染物質の滞留を抑える役割を持つ。 / イ:気密性が高い建物ほど、換気設備は不要になる。 / ウ:適切な換気は、湿気の滞留を抑え結露対策にも役立つ。 / エ:換気設備は、騒音を嫌って常に停止しておくのが望ましい。,正解は2です。アとウが適切です。換気設備は、空気の入替えと湿気対策に重要です。,建築設備の基本論点,換気不要論や停止推奨を混ぜていないか,住環境管理の基本。
original,orig_set19,17,377,標準管理委託契約書・指針,区分所有者の役割,count,standard,マンション管理適正化指針 / マンション標準管理委託契約書,管理会社任せではなく区分所有者の主体的関与が重要であることを確認する。,drafting,checked,マンション管理における区分所有者の役割に関する次のアからエまでの記述のうち、適切なものはいくつあるか。,主体的関与と協力。,2,主体的関与 / 相互協力,1:一つ / 2:二つ / 3:三つ / 4:四つ,ア:区分所有者は、総会参加やルール遵守などを通じて主体的に管理に関与することが重要である。 / イ:マンション管理は管理会社だけの問題であり、区分所有者は一切関与しなくてよい。 / ウ:区分所有者相互の協力や情報共有は、適切な管理に役立つ。 / エ:区分所有者は、規約に従う必要がない。,正解は2です。アとウが適切です。マンション管理では、区分所有者の主体的関与と相互協力が重要です。,https://www.mlit.go.jp/totikensangyo/const/1_6_bt_000280.html / https://www.mlit.go.jp/jutakukentiku/house/content/001379115.pdf,区分所有者の役割を管理会社へ丸投げしていないか,管理主体の基本。
original,orig_set19,18,378,標準管理規約,理事長権限,single_choice,standard,マンション標準管理規約38条,理事長は管理組合を代表し業務を執行することを再確認する。,drafting,checked,理事長権限に関する次の記述のうち、最も適切なものはどれか。,代表と業務執行。,3,代表権と業務執行,1:理事長は、管理組合を代表する立場にない。 / 2:理事長は、総会や規約の統制を受けず自由に行動できる。 / 3:理事長は、管理組合を代表し、その業務を執行する立場にある。 / 4:理事長は、共用部分の保存行為に一切関与しない。,,正解は3です。理事長は、管理組合を代表し、その業務を執行する立場にあります。,https://www.mansion-info.mlit.go.jp/wp-content/uploads/2025/10/R7%E6%94%B9%E6%AD%A3%E7%89%88_%E6%A8%99%E6%BA%96%E7%AE%A1%E7%90%86%E8%A6%8F%E7%B4%84%EF%BC%8B%E3%82%B3%E3%83%A1%E3%83%B3%E3%83%88%EF%BC%88%E5%8D%98%E6%A3%9F%E5%9E%8B%EF%BC%89.pdf,代表権の説明を崩していないか,理事長論点の基礎。
original,orig_set19,19,379,民法・借地借家法,時効と承認,combination,standard,民法152条,債務承認が時効に影響を及ぼすことを再確認する。,drafting,checked,時効と承認に関する次のアからエまでの記述のうち、適切なもののみの組合せはどれか。,承認の効果。,4,承認は時効更新事由になり得る,1:アとイ / 2:イとエ / 3:ウとエ / 4:アとウ,ア:債務の承認は、時効の進行に影響を及ぼす事由となり得る。 / イ:債務の承認をしても、時効には一切影響しない。 / ウ:時効完成前の承認は、時効更新が問題となる。 / エ:債権者が何もしなくても承認と同じ効果が当然に生じる。,正解は4です。アとウが適切です。債務の承認は、時効更新が問題となる事由です。,https://www.japaneselawtranslation.go.jp/en/laws/view/4848,承認の効果をゼロにしていないか,時効制度の基礎。
original,orig_set19,20,380,管理適正化法,重要事項説明,single_choice,standard,マンションの管理の適正化の推進に関する法律,重要事項説明は契約締結前の判断資料として重要であることを再確認する。,drafting,checked,管理適正化法上の重要事項説明に関する次の記述のうち、最も適切なものはどれか。,契約前説明制度。,1,契約締結前の判断資料,1:重要事項説明は、契約締結前に管理組合が内容を理解し判断するために重要な手続である。 / 2:重要事項説明は、契約後に行えば足りる。 / 3:重要事項説明は、管理組合への説明を要しない。 / 4:重要事項説明は、管理適正化法と無関係である。,,正解は1です。重要事項説明は、契約締結前に内容を理解し判断するための重要な手続です。,https://www.mlit.go.jp/totikensangyo/const/1_6_bt_000260.html,重要事項説明の時期を誤っていないか,管理適正化法の基礎。
original,orig_set20,1,381,会計・税務,駐車場使用料処理,accounting_table,standard,管理組合会計の基本 / マンション標準管理規約コメント,駐車場使用料は性質と使途に応じて処理することを再確認する。,drafting,checked,駐車場使用料の会計処理に関する次の記述のうち、最も適切なものはどれか。,性質と使途の整理。,2,性質と使途に応じた処理,1:駐車場使用料は、記録せず現金管理だけで足りる。 / 2:駐車場使用料は、その性質や使途との対応を踏まえて会計処理することが重要である。 / 3:駐車場使用料は、毎年自由に別科目へ付け替えてよい。 / 4:駐車場使用料は、理事長個人の収入として扱う。,,正解は2です。駐車場使用料は、性質や使途との対応を踏まえて会計処理することが重要です。,https://www.mansion-info.mlit.go.jp/wp-content/uploads/2025/10/R7%E6%94%B9%E6%AD%A3%E7%89%88_%E6%A8%99%E6%BA%96%E7%AE%A1%E7%90%86%E8%A6%8F%E7%B4%84%EF%BC%8B%E3%82%B3%E3%83%A1%E3%83%B3%E3%83%88%EF%BC%88%E5%8D%98%E6%A3%9F%E5%9E%8B%EF%BC%89.pdf,駐車場使用料の帰属や会計処理を崩していないか,収入処理の応用。
original,orig_set20,2,382,判例・横断総合,騒音紛争,case_based,standard,区分所有法6条 / 共同生活上の受忍限度に関する判例実務,騒音紛争では共同利益と共同生活秩序が問題となることを確認する。,drafting,checked,住戸Aから深夜に大きな生活騒音が続き、近隣住戸から苦情が出ている。この場合の騒音紛争に関する次の記述のうち、最も適切なものはどれか。,共同生活上の受忍限度。,3,共同生活秩序との関係 / 規約や注意・是正が問題,1:生活騒音は、どの程度でも一切問題にできない。 / 2:騒音紛争は、管理組合や規約と無関係である。 / 3:騒音紛争では、共同生活上の受忍限度や規約・使用細則に基づく調整が問題となる。 / 4:騒音があれば、常に直ちに競売請求だけが認められる。,,正解は3です。騒音紛争では、共同生活上の受忍限度や規約・使用細則に基づく調整が問題となります。,https://www.japaneselawtranslation.go.jp/en/laws/view/4341/en,一律受忍論や手段の飛躍を混ぜていないか,横断的な生活紛争論点。
original,orig_set20,3,383,区分所有法,集会招集,combination,standard,区分所有法34条,集会招集通知の基本ルールを再確認する。,drafting,checked,集会招集に関する次のアからエまでの記述のうち、適切なもののみの組合せはどれか。,通知と会議の公正性。,4,通知が必要 / 一定の期間をおく,1:アとイ / 2:イとエ / 3:ウとエ / 4:アとウ,ア:集会の招集では、区分所有者が出席や議決権行使を検討できるよう通知が重要である。 / イ:集会招集では、通知は一切不要である。 / ウ:招集通知には、会議の公正を保つため一定の期間を置くことが基本となる。 / エ:招集通知は、理事長の気分で直前に出せばよい。,正解は4です。アとウが適切です。集会招集では、通知と一定の準備期間が重要です。,https://www.japaneselawtranslation.go.jp/en/laws/view/4341/en,通知不要論や恣意招集を混ぜていないか,集会運営の基礎。
original,orig_set20,4,384,品確法・建替円滑化法等,新築住宅の定義,single_choice,standard,住宅の品質確保の促進等に関する法律2条,新築住宅の定義を再確認する。,drafting,checked,品確法上の新築住宅に関する次の記述のうち、最も適切なものはどれか。,1年以内・未使用要件。,1,工事完了から1年以内・未居住,1:新築住宅とは、工事完了の日から1年以内で、まだ人の居住の用に供したことのない住宅をいう。 / 2:新築住宅とは、築5年以内の住宅をいう。 / 3:新築住宅には、一度でも居住された住宅を常に含む。 / 4:新築住宅という概念は存在しない。,,正解は1です。新築住宅とは、工事完了の日から1年以内で、まだ人の居住の用に供したことのない住宅です。,https://elaws.e-gov.go.jp/document?lawid=411AC0000000081,1年以内・未使用の要件を落としていないか,品確法の定義。
original,orig_set20,5,385,宅建業法,クーリングオフ,case_based,standard,宅地建物取引業法37条の2,クーリングオフは一定場面の買主保護制度であることを再確認する。,drafting,checked,宅建業者Aが自ら売主となる契約について、買主Bが事務所以外の場所で申込みをした。この場合のクーリングオフに関する次の記述のうち、最も適切なものはどれか。,買主保護と適用場面。,2,一定の場所での申込み・契約で買主保護,1:クーリングオフは、売主保護のための制度である。 / 2:クーリングオフは、一定の場面で買主を保護するための制度である。 / 3:クーリングオフは、どの契約でも無条件に認められる。 / 4:クーリングオフは、宅建業法と無関係である。,,正解は2です。クーリングオフは、一定の場面で買主を保護するための制度です。,https://elaws.e-gov.go.jp/document?lawid=327AC0000000176,無条件に常に認める説明にしていないか,買主保護の基礎。
original,orig_set20,6,386,建築・設備,駐車場設備,single_choice,standard,建築設備の基本,機械式駐車設備は安全確保のため点検が重要であることを再確認する。,drafting,checked,駐車場設備に関する次の記述のうち、最も適切なものはどれか。,機械式設備の保守。,3,安全確保のため定期点検が必要,1:機械式駐車設備は、一度設置すれば点検不要である。 / 2:駐車場設備の安全管理は、管理組合と無関係である。 / 3:機械式駐車設備は、安全確保のため定期点検や適切な保守が重要である。 / 4:駐車場設備は、照明設備と全く同じ管理で足りる。,,正解は3です。機械式駐車設備は、安全確保のため定期点検や適切な保守が重要です。,建築設備の基本論点,点検不要論を混ぜていないか,設備保守の基礎。
original,orig_set20,7,387,標準管理委託契約書・指針,専門家活用,combination,standard,管理適正化指針 / マンション標準管理委託契約書,専門家活用は管理組合の主体性と組み合わせることが重要だと再確認する。,drafting,checked,専門家活用に関する次のアからエまでの記述のうち、適切なもののみの組合せはどれか。,法務・会計・建築分野の補助。,1,専門家活用は有用 / 最終判断は管理組合,1:アとウ / 2:アとエ / 3:イとウ / 4:イとエ,ア:専門家活用は、法務、会計、建築など専門性の高い論点への対応に役立つ。 / イ:専門家活用は、どのような場面でも禁止される。 / ウ:専門家の意見は有用だが、管理組合自身の意思決定と組み合わせて活用することが重要である。 / エ:専門家に依頼した場合、管理組合は一切内容確認をしなくてよい。,正解は1です。アとウが適切です。専門家活用は有効ですが、管理組合の主体的判断と組み合わせることが重要です。,https://www.mlit.go.jp/totikensangyo/const/1_6_bt_000280.html / https://www.mlit.go.jp/jutakukentiku/house/content/001379115.pdf,活用禁止論や全面丸投げを混ぜていないか,実務支援の基礎。
original,orig_set20,8,388,標準管理規約,総会決議事項,case_based,standard,マンション標準管理規約47条 / マンション標準管理規約48条,総会で決めるべき事項の範囲を再確認する。,drafting,checked,管理組合が、新たな使用細則を制定して居住ルールを変更しようとしている。この場合の総会決議事項に関する次の記述のうち、最も適切なものはどれか。,基本ルール変更の意思決定。,2,管理組合の基本ルールに関わる事項は総会決議が問題,1:使用細則の制定は、常に管理員が単独で決定する。 / 2:管理組合の基本的なルールに関わる事項は、総会で決議すべきものとして扱われる。 / 3:総会決議事項は存在しない。 / 4:総会決議事項かどうかは、毎回理事長の気分で変えてよい。,,正解は2です。管理組合の基本的なルールに関わる事項は、総会で決議すべきものとして扱われます。,https://www.mansion-info.mlit.go.jp/wp-content/uploads/2025/10/R7%E6%94%B9%E6%AD%A3%E7%89%88_%E6%A8%99%E6%BA%96%E7%AE%A1%E7%90%86%E8%A6%8F%E7%B4%84%EF%BC%8B%E3%82%B3%E3%83%A1%E3%83%B3%E3%83%88%EF%BC%88%E5%8D%98%E6%A3%9F%E5%9E%8B%EF%BC%89.pdf,総会決議事項の存在を崩していないか,統治構造の基礎。
original,orig_set20,9,389,民法・借地借家法,定期建物賃貸借,single_choice,standard,借地借家法38条,定期建物賃貸借では書面契約と更新がない旨の説明が重要であることを再確認する。,drafting,checked,定期建物賃貸借に関する次の記述のうち、正しいものはどれか。,書面契約と事前説明。,4,書面契約と更新がない旨の説明,1:定期建物賃貸借は、常に口頭契約だけで有効に成立する。 / 2:定期建物賃貸借は、普通建物賃貸借と同じで更新が当然にある。 / 3:定期建物賃貸借は、居住用建物には使えない。 / 4:定期建物賃貸借では、書面による契約と、更新がない旨の事前説明が重要である。,,正解は4です。定期建物賃貸借では、書面による契約と、更新がない旨の事前説明が重要です。,https://elaws.e-gov.go.jp/document?lawid=403AC0000000090,書面要件や事前説明を落としていないか,借地借家法の基礎。
original,orig_set20,10,390,管理適正化法,契約成立時書面,count,standard,マンションの管理の適正化の推進に関する法律,契約成立時書面は契約内容の明確化に資することを再確認する。,drafting,checked,契約成立時書面に関する次のアからエまでの記述のうち、適切なものはいくつあるか。,契約後の内容明確化。,2,契約成立後の書面化 / 管理組合の確認資料,1:一つ / 2:二つ / 3:三つ / 4:四つ,ア:契約成立時書面は、成立した契約内容を明確にするため重要である。 / イ:契約成立時書面は、口頭説明だけで常に代替できる。 / ウ:契約成立時書面は、管理組合が契約内容を確認するための資料となる。 / エ:契約成立時書面は、管理適正化法と無関係である。,正解は2です。アとウが適切です。契約成立時書面は、成立した契約内容を明確にし、管理組合が確認するための資料です。,https://www.mlit.go.jp/totikensangyo/const/1_6_bt_000260.html,書面を口頭説明で代替していないか,書面制度の基礎。
original,orig_set20,11,391,会計・税務,財務諸表読解,single_choice,advanced,管理組合会計の基本,財務諸表は金額だけでなく勘定内容も見て読むことを確認する。,drafting,checked,財務諸表読解に関する次の記述のうち、最も適切なものはどれか。,残高と勘定内容の対応。,2,金額だけでなく勘定内容や前期比較も見る,1:財務諸表は、残高だけ見れば内容確認は不要である。 / 2:財務諸表は、金額の大小だけでなく勘定科目の内容や前期比較も踏まえて読むことが重要である。 / 3:財務諸表では、収支と貸借の関係を見る必要はない。 / 4:財務諸表は、理事長だけが見ればよい。,,正解は2です。財務諸表は、金額だけでなく勘定内容や前期比較を踏まえて読むことが重要です。,管理組合会計の基本論点,残高だけ見る説明にしていないか,読解力確認。
original,orig_set20,12,392,判例・横断総合,専有部分使用制限,precedent_fill,advanced,区分所有法6条 / 区分所有法57条以下,専有部分の使用にも共同利益に反しない範囲という制約があることを確認する。,drafting,checked,専有部分の使用であっても、共同の利益に反する場合には一定の[　]が問題となる。この[　]に当てはまるものとして最も適切なものはどれか。,専有部分使用の限界。,3,使用制限,1:無制限化 / 2:私有化 / 3:制限 / 4:売却,,正解は3です。専有部分の使用であっても、共同の利益に反する場合には一定の制限が問題となります。,https://www.japaneselawtranslation.go.jp/en/laws/view/4341/en,専有部分の使用が常に無制限になる説明にしていないか,横断的な使用制限論点。
original,orig_set20,13,393,区分所有法,共用部分持分,precedent_fill,advanced,区分所有法14条,共用部分持分は専有部分の床面積割合が原則であることを再確認する。,drafting,checked,共用部分の持分は、規約に別段の定めがない限り、各区分所有者の専有部分の[　]割合による。この[　]に当てはまるものとして正しいものはどれか。,原則割合の確認。,1,床面積割合,1:床面積 / 2:年齢 / 3:在住年数 / 4:収入,,正解は1です。共用部分の持分は、規約に別段の定めがない限り、専有部分の床面積割合によります。,https://www.japaneselawtranslation.go.jp/en/laws/view/4341/en,持分割合の基準を誤っていないか,持分論点の再確認。
original,orig_set20,14,394,品確法・建替円滑化法等,10年瑕疵担保責任,case_based,advanced,住宅の品質確保の促進等に関する法律94条 / 住宅の品質確保の促進等に関する法律95条,基本構造部分等について10年責任が問題となることを再確認する。,drafting,checked,新築マンションの引渡しから数年後、雨水の浸入を防止する部分に不具合が見つかった。この場合の10年瑕疵担保責任に関する次の記述のうち、最も適切なものはどれか。,基本構造部分等の責任。,4,基本構造部分等について10年間の責任,1:新築住宅の基本構造部分等に関する責任は、引渡し後すぐに消滅する。 / 2:10年責任は、賃貸借だけに問題となる。 / 3:10年責任は、品確法と無関係である。 / 4:新築住宅では、基本構造部分等について10年間の責任が問題となる。,,正解は4です。新築住宅では、基本構造部分等について10年間の責任が問題となります。,https://elaws.e-gov.go.jp/document?lawid=411AC0000000081,責任期間や対象部分を落としていないか,品確法の中心論点。
original,orig_set20,15,395,宅建業法,手付金等保全,combination,advanced,宅地建物取引業法41条 / 宅地建物取引業法41条の2,手付金等保全は自ら売主取引での買主保護制度であることを再確認する。,drafting,checked,手付金等保全に関する次のアからエまでの記述のうち、適切なもののみの組合せはどれか。,自ら売主取引での保護。,3,一定額以上の手付金等で保全措置 / 買主保護目的,1:アとイ / 2:イとエ / 3:アとウ / 4:ウとエ,ア:宅建業者が自ら売主となる一定の取引では、手付金等保全措置が問題となる。 / イ:手付金等保全は、自ら売主取引でも常に不要である。 / ウ:手付金等保全は、買主保護を目的とする制度である。 / エ:手付金等保全は、売主を保護するための制度である。,正解は3です。アとウが適切です。手付金等保全は、自ら売主取引における買主保護制度です。,https://elaws.e-gov.go.jp/document?lawid=327AC0000000176,保護主体を取り違えていないか,買主保護規制の応用。
original,orig_set20,16,396,建築・設備,コンクリート中性化,case_based,advanced,建築保全の基本,中性化は鉄筋腐食リスクと関係することを再確認する。,drafting,checked,外壁調査でコンクリートの中性化が進行している可能性が指摘された。この場合の中性化に関する次の記述のうち、最も適切なものはどれか。,外壁劣化と鉄筋腐食。,2,鉄筋腐食リスクが高まる,1:中性化は、塗装の色落ちだけを意味する。 / 2:中性化が進むと、鉄筋腐食のリスクが高まるため維持管理上注意が必要である。 / 3:中性化と鉄筋腐食は無関係である。 / 4:中性化は、木部腐朽と同じ現象である。,,正解は2です。中性化が進むと鉄筋腐食のリスクが高まるため、維持管理上注意が必要です。,建築保全の基本論点,中性化と鉄筋腐食の関係を落としていないか,外壁保全論点。
original,orig_set20,17,397,標準管理委託契約書・指針,情報開示,single_choice,advanced,マンション標準管理委託契約書 / 管理適正化指針,情報開示は管理組合の判断資料として重要であることを再確認する。,drafting,checked,管理委託における情報開示に関する次の記述のうち、最も適切なものはどれか。,透明性と説明責任。,1,管理組合が判断できるよう情報を示す,1:情報開示は、管理組合が契約内容や管理状況を把握するため重要である。 / 2:情報開示は、管理組合に混乱を与えるので原則不要である。 / 3:情報開示の対象は、管理会社の判断で常に秘密にできる。 / 4:情報開示は、委託契約と無関係である。,,正解は1です。情報開示は、管理組合が契約内容や管理状況を把握するため重要です。,https://www.mlit.go.jp/jutakukentiku/house/content/001379115.pdf,情報開示を不要としていないか,透明性確保。
original,orig_set20,18,398,標準管理規約,修繕積立金取崩し,combination,advanced,マンション標準管理規約28条,修繕積立金取崩しは目的適合性と適切な手続が重要であることを再確認する。,drafting,checked,修繕積立金の取崩しに関する次のアからエまでの記述のうち、適切なもののみの組合せはどれか。,目的適合性と意思決定。,4,目的に沿った使用 / 適切な意思決定,1:アとイ / 2:イとエ / 3:ウとエ / 4:アとウ,ア:修繕積立金は、計画的な修繕等の目的に沿って使用することが基本である。 / イ:修繕積立金は、理事長の私的飲食費のため自由に取り崩せる。 / ウ:取崩しには、管理組合内で適切な意思決定手続を踏むことが重要である。 / エ:修繕積立金は、管理組合の会計管理の対象外である。,正解は4です。アとウが適切です。修繕積立金の取崩しは、目的に沿った使用と適切な意思決定が重要です。,https://www.mansion-info.mlit.go.jp/wp-content/uploads/2025/10/R7%E6%94%B9%E6%AD%A3%E7%89%88_%E6%A8%99%E6%BA%96%E7%AE%A1%E7%90%86%E8%A6%8F%E7%B4%84%EF%BC%8B%E3%82%B3%E3%83%A1%E3%83%B3%E3%83%88%EF%BC%88%E5%8D%98%E6%A3%9F%E5%9E%8B%EF%BC%89.pdf,目的外使用を容認していないか,積立金統制。
original,orig_set20,19,399,民法・借地借家法,危険負担,case_based,advanced,民法536条,双方無責の履行不能では反対給付を受けられないのが原則であることを再確認する。,drafting,checked,売買契約締結後、引渡し前に目的物が当事者双方に責任のない災害で滅失した。この場合の危険負担に関する次の記述のうち、最も適切なものはどれか。,双方無責の履行不能。,1,反対給付を受けられないのが原則,1:債務者がその債務を履行できなくなった場合で、債権者の責めに帰すべき事由がないときは、原則として反対給付を受けることができない。 / 2:買主は、常に代金全額を支払わなければならない。 / 3:危険負担の問題は、双務契約では一切生じない。 / 4:危険負担が問題になるときは、常に裁判所の許可が必要である。,,正解は1です。双方に責任のない履行不能では、債務者は原則として反対給付を受けることができません。,https://www.japaneselawtranslation.go.jp/en/laws/view/4848,旧法イメージで説明していないか,改正民法の基礎。
original,orig_set20,20,400,管理適正化法,帳簿備付け,combination,advanced,マンションの管理の適正化の推進に関する法律,帳簿備付けは透明性と検証可能性を支えることを再確認する。,drafting,checked,帳簿備付けに関する次のアからエまでの記述のうち、適切なもののみの組合せはどれか。,記録管理の必要性。,1,透明性と検証可能性の確保,1:アとウ / 2:アとエ / 3:イとウ / 4:イとエ,ア:帳簿備付けは、管理事務の内容を後から確認できるようにするため重要である。 / イ:帳簿は、契約終了後にまとめて作れば足りる。 / ウ:帳簿備付けは、管理事務の透明性と検証可能性を支える。 / エ:担当者の記憶があれば帳簿は不要である。,正解は1です。アとウが適切です。帳簿備付けは、管理事務の透明性と検証可能性を支える重要な仕組みです。,https://www.mlit.go.jp/totikensangyo/const/1_6_bt_000260.html,記憶頼みや事後作成で足りる説明にしていないか,記録管理の応用。
original,orig_set21,1,401,会計・税務,消費税,comparison_table,basic,管理組合会計の税務実務,消費税は取引の内容に応じて整理することを再確認する。,drafting,checked,消費税に関する次の記述のうち、最も適切なものはどれか。,課税取引と会計整理。,2,取引の性質に応じて処理する,1:管理組合会計では、すべての取引を一律に非課税として扱えば足りる。 / 2:消費税は、取引の内容や会計処理方針を踏まえて整理する必要がある。 / 3:消費税の処理は、帳簿や証憑と無関係である。 / 4:消費税は、管理組合では一切問題にならない。,,正解は2です。消費税は、取引の内容や会計処理方針を踏まえて整理する必要があります。,管理組合会計の税務実務,一律処理にしていないか,税務処理の基礎。
original,orig_set21,2,402,判例・横断総合,説明義務,combination,basic,信義則上の説明義務に関する判例実務,重要な判断に影響する事項では説明義務が問題となることを確認する。,drafting,checked,説明義務に関する次のアからエまでの記述のうち、適切なもののみの組合せはどれか。,重要事項の説明と信義則。,3,重要事項で説明義務が問題となる / 判断資料の提供が重要,1:アとイ / 2:イとエ / 3:アとウ / 4:ウとエ,ア:相手方の判断に重要な影響を及ぼす事項については、説明義務が問題となることがある。 / イ:重要な事項でも、説明は一切不要である。 / ウ:説明義務の有無は、契約関係や具体的状況を踏まえて判断される。 / エ:説明義務は、どのような場面でも絶対に存在しない。,正解は3です。アとウが適切です。重要な判断に影響する事項では、具体的状況に応じて説明義務が問題となります。,判例実務の基本論点,説明義務を常に不要としていないか,横断的な信義則論点。
original,orig_set21,3,403,区分所有法,専有部分と共用部分,single_choice,basic,区分所有法2条 / マンション標準管理規約7条,専有部分と共用部分の区別は構造・利用形態等で判断することを再確認する。,drafting,checked,専有部分と共用部分の区別に関する次の記述のうち、最も適切なものはどれか。,玄関扉・窓枠などの境界論点。,4,構造・利用形態・規約等で判断,1:専有部分と共用部分の区別は、区分所有者の気分で決まる。 / 2:専有部分と共用部分の区別は、どの建物でも全く同じで規約は無関係である。 / 3:共用部分であっても、専有部分と同じく自由に改変できる。 / 4:専有部分と共用部分の区別は、建物の構造、利用形態、規約の定めなどを踏まえて判断する。,,正解は4です。専有部分と共用部分の区別は、構造や利用形態、規約の定めなどを踏まえて判断します。,https://www.japaneselawtranslation.go.jp/en/laws/view/4341/en / https://www.mansion-info.mlit.go.jp/wp-content/uploads/2025/10/R7%E6%94%B9%E6%AD%A3%E7%89%88_%E6%A8%99%E6%BA%96%E7%AE%A1%E7%90%86%E8%A6%8F%E7%B4%84%EF%BC%8B%E3%82%B3%E3%83%A1%E3%83%B3%E3%83%88%EF%BC%88%E5%8D%98%E6%A3%9F%E5%9E%8B%EF%BC%89.pdf,恣意判断や規約無視の説明にしていないか,境界論点の再確認。
original,orig_set21,4,404,品確法・建替円滑化法等,アフターサービス,precedent_fill,basic,分譲住宅の実務上の取扱い,引渡後の補修対応としてのアフターサービスの用語を再確認する。,drafting,checked,引渡後に一定期間補修対応を行う実務上の取扱いを一般に[　]サービスという。この[　]に当てはまるものとして正しいものはどれか。,補修対応の用語。,1,アフターサービス,1:アフター / 2:ミドル / 3:エンド / 4:ファイナル,,正解は1です。引渡後の補修対応を行う実務上の取扱いは、一般にアフターサービスといいます。,住宅分野の実務資料,用語を誤っていないか,周辺実務知識。
original,orig_set21,5,405,宅建業法,広告規制,single_choice,basic,宅地建物取引業法32条,誇大広告は禁止されることを再確認する。,drafting,checked,広告規制に関する次の記述のうち、正しいものはどれか。,誇大広告の禁止。,3,著しく優良・有利と誤認させる表示の禁止,1:契約を取りたいときは、自由に誇張広告をしてよい。 / 2:広告規制は、宅建業法と無関係である。 / 3:宅建業者は、著しく事実に相違する表示や著しく有利・優良と誤認させる表示をしてはならない。 / 4:広告は、相手方に誤認を与えても問題ない。,,正解は3です。宅建業者は、著しく事実に相違する表示や著しく有利・優良と誤認させる表示をしてはなりません。,https://elaws.e-gov.go.jp/document?lawid=327AC0000000176,誇大広告を容認していないか,広告規制の再確認。
original,orig_set21,6,406,建築・設備,ひび割れ原因,comparison_table,basic,建築保全の基本,ひび割れは原因別に評価する必要があることを再確認する。,drafting,checked,ひび割れ原因に関する次の記述のうち、最も適切なものはどれか。,乾燥収縮・荷重・劣化の区別。,1,原因別評価が必要,1:ひび割れは、乾燥収縮、温度変化、荷重、劣化など原因を見極めて評価することが重要である。 / 2:ひび割れは、どの部位でも常に同じ原因で生じる。 / 3:ひび割れ幅や位置の確認は不要である。 / 4:ひび割れがあれば、原因を問わず同じ補修方法で足りる。,,正解は1です。ひび割れは、原因を見極めて評価しないと適切な補修方針を立てられません。,建築保全の基本論点,原因単一化していないか,劣化診断の基礎。
original,orig_set21,7,407,標準管理委託契約書・指針,事務管理業務,count,basic,マンション標準管理委託契約書,事務管理業務には会計・報告・連絡等が含まれることを再確認する。,drafting,checked,事務管理業務に関する次のアからエまでの記述のうち、適切なものはいくつあるか。,会計・報告・運営補助。,2,会計事務や報告等が含まれる,1:一つ / 2:二つ / 3:三つ / 4:四つ,ア:事務管理業務には、会計事務や報告事務が含まれ得る。 / イ:事務管理業務は、管理組合への連絡や情報整理と無関係である。 / ウ:事務管理業務は、契約上定められた範囲で管理組合運営を補助する役割を持つ。 / エ:事務管理業務とは、大規模修繕工事を請け負うことだけをいう。,正解は2です。アとウが適切です。事務管理業務には、会計、報告、運営補助などが含まれます。,https://www.mlit.go.jp/jutakukentiku/house/content/001379115.pdf,事務管理業務を工事請負だけにしていないか,委託業務内容の再確認。
original,orig_set21,8,408,標準管理規約,管理費と修繕積立金の使途,single_choice,basic,マンション標準管理規約27条 / マンション標準管理規約28条,管理費と修繕積立金の使途の違いを再確認する。,drafting,checked,管理費と修繕積立金の使途に関する次の記述のうち、最も適切なものはどれか。,日常管理と計画修繕の区別。,2,管理費は日常管理、修繕積立金は計画修繕,1:管理費は、大規模修繕工事専用である。 / 2:管理費は日常管理に、修繕積立金は計画修繕等に充てるのが基本である。 / 3:修繕積立金は、理事長が自由に私的流用してよい。 / 4:管理費と修繕積立金に使途の違いはない。,,正解は2です。管理費は日常管理に、修繕積立金は計画修繕等に充てるのが基本です。,https://www.mansion-info.mlit.go.jp/wp-content/uploads/2025/10/R7%E6%94%B9%E6%AD%A3%E7%89%88_%E6%A8%99%E6%BA%96%E7%AE%A1%E7%90%86%E8%A6%8F%E7%B4%84%EF%BC%8B%E3%82%B3%E3%83%A1%E3%83%B3%E3%83%88%EF%BC%88%E5%8D%98%E6%A3%9F%E5%9E%8B%EF%BC%89.pdf,使途を逆転していないか,会計区分の再確認。
original,orig_set21,9,409,民法・借地借家法,解除と損害賠償,count,basic,民法415条 / 民法545条4項,解除しても損害賠償請求が妨げられないことを再確認する。,drafting,checked,解除と損害賠償に関する次のアからエまでの記述のうち、適切なものはいくつあるか。,解除と賠償の関係。,2,解除しても賠償請求は妨げられない / 要件判断が必要,1:一つ / 2:二つ / 3:三つ / 4:四つ,ア:債務不履行により契約を解除しても、損害賠償請求が妨げられるわけではない。 / イ:契約を解除した場合、損害賠償は絶対に請求できない。 / ウ:損害賠償請求が認められるかは、債務不履行や損害の要件を踏まえて判断される。 / エ:解除と損害賠償は、原因の有無に関係なく常に自動的に認められる。,正解は2です。アとウが適切です。解除は損害賠償請求を妨げず、賠償は要件を踏まえて判断されます。,https://www.japaneselawtranslation.go.jp/en/laws/view/4848,解除で賠償請求が常に消える説明にしていないか,民法の基礎。
original,orig_set21,10,410,管理適正化法,標識掲示,case_based,basic,マンションの管理の適正化の推進に関する法律,標識掲示は管理業者の基本情報を示すため重要であることを再確認する。,drafting,checked,管理業者Aが『標識掲示は外部から見えなくてもよい』と考えている。この場合の標識掲示に関する次の記述のうち、最も適切なものはどれか。,外形的表示制度。,1,基本情報を確認できるようにする制度,1:標識掲示は、管理業者に関する基本情報を外部から確認できるようにするため重要である。 / 2:標識掲示は、管理業者が希望するときだけ行えばよい。 / 3:標識掲示は、管理適正化法と無関係である。 / 4:標識掲示は、管理組合に知られないよう非公開で行う。,,正解は1です。標識掲示は、管理業者の基本情報を確認できるようにするため重要です。,https://www.mlit.go.jp/totikensangyo/const/1_6_bt_000260.html,標識掲示を任意・非公開にしていないか,登録制度の基礎。
original,orig_set21,11,411,会計・税務,貸借対照表,combination,standard,管理組合会計の基本,貸借対照表は一定時点の財政状態を示すことを再確認する。,drafting,checked,貸借対照表に関する次のアからエまでの記述のうち、正しいもののみの組合せはどれか。,一時点の資産・負債・正味財産。,4,一定時点の財政状態 / 収支報告書とは別物,1:アとイ / 2:イとエ / 3:ウとエ / 4:アとウ,ア:貸借対照表は、一定時点における資産や負債などの状況を示す。 / イ:貸借対照表は、一定期間の収入と支出だけを示す。 / ウ:貸借対照表では、財政状態を把握するため資産と負債の整理が重要である。 / エ:貸借対照表は、将来予算のみを記載する表である。,正解は4です。アとウが正しいです。貸借対照表は、一定時点の資産や負債などの財政状態を示します。,管理組合会計の基本論点,収支報告書や予算書と混同していないか,財務諸表の再確認。
original,orig_set21,12,412,判例・横断総合,善管注意義務,case_based,standard,民法644条 / 役員・受任者の善管注意義務に関する実務,受任者等には善良な管理者の注意義務が問題となることを確認する。,drafting,checked,管理組合から金銭管理を委ねられた受任者Aが、記録を残さず杜撰に処理していた。この場合の善管注意義務に関する次の記述のうち、最も適切なものはどれか。,受任者の注意義務。,2,善良な管理者として通常期待される注意義務,1:善管注意義務とは、自分の物よりも軽い注意で足りるという意味である。 / 2:善管注意義務とは、通常期待される相当な注意をもって事務を処理すべき義務である。 / 3:善管注意義務は、受任者や役員には一切問題にならない。 / 4:善管注意義務は、宅建業法だけの概念である。,,正解は2です。善管注意義務とは、通常期待される相当な注意をもって事務を処理すべき義務です。,https://www.japaneselawtranslation.go.jp/en/laws/view/4848,注意義務の水準を軽くしていないか,横断的な基本概念。
original,orig_set21,13,413,区分所有法,敷地利用権,case_based,standard,区分所有法2条6項 / 区分所有法22条,敷地利用権は専有部分と一体的に把握されることを再確認する。,drafting,checked,区分所有者Aが、自室を売却せずに敷地利用権だけを自由に第三者へ譲渡できると主張している。この場合の敷地利用権に関する次の記述のうち、最も適切なものはどれか。,専有部分と敷地利用権の一体性。,1,一体性と分離処分制限,1:敷地利用権は、専有部分と一体的に把握され、自由に分離処分できるわけではない。 / 2:敷地利用権は、専有部分と無関係に常に自由分離できる。 / 3:敷地利用権は、区分所有法と無関係である。 / 4:敷地利用権は、理事長の承認があれば何でも自由にできる。,,正解は1です。敷地利用権は専有部分と一体的に把握され、自由に分離処分できるわけではありません。,https://www.japaneselawtranslation.go.jp/en/laws/view/4341/en,分離自由論を混ぜていないか,敷地権論点の再確認。
original,orig_set21,14,414,品確法・建替円滑化法等,建替組合,combination,standard,マンションの建替え等の円滑化に関する法律,建替組合の位置付けを再確認する。,drafting,checked,建替組合に関する次のアからエまでの記述のうち、適切なもののみの組合せはどれか。,建替事業の施行主体。,4,施行主体 / 建替円滑化法上の制度,1:アとイ / 2:イとエ / 3:ウとエ / 4:アとウ,ア:建替組合は、建替事業を実施する施行主体として位置付けられる。 / イ:建替組合という制度は存在しない。 / ウ:建替組合は、マンションの建替え等の円滑化に関する法律で問題となる。 / エ:建替組合は、品確法だけの制度である。,正解は4です。アとウが適切です。建替組合は、建替事業の施行主体として円滑化法上位置付けられています。,https://www.mlit.go.jp/jutakukentiku/house/jutakukentiku_house_tk5_000127.html,根拠法を取り違えていないか,建替分野の基礎。
original,orig_set21,15,415,宅建業法,媒介契約,case_based,standard,宅地建物取引業法34条の2,媒介契約は宅建業者が取引成立に向けて媒介する契約であることを再確認する。,drafting,checked,宅建業者Aが、売主Bから不動産売却の依頼を受けて買主探しを行うことになった。この場合の媒介契約に関する次の記述のうち、最も適切なものはどれか。,取引成立に向けた媒介。,2,媒介業務の受託,1:媒介契約は、宅建業者が必ず自ら売主になる契約である。 / 2:媒介契約は、宅建業者が依頼を受けて取引成立に向けた媒介を行う契約である。 / 3:媒介契約は、宅建業法と無関係である。 / 4:媒介契約は、常に口頭だけで足りると法律に定められている。,,正解は2です。媒介契約は、宅建業者が依頼を受けて取引成立に向けた媒介を行う契約です。,https://elaws.e-gov.go.jp/document?lawid=327AC0000000176,自ら売主取引と混同していないか,宅建業務の基本。
original,orig_set21,16,416,建築・設備,耐震対策,combination,standard,建築防災の基本,耐震対策では現状把握と補強検討が重要であることを再確認する。,drafting,checked,耐震対策に関する次のアからエまでの記述のうち、適切なもののみの組合せはどれか。,診断・補強・日常備え。,4,現状把握と必要な補強 / 日常備えも有用,1:アとイ / 2:イとエ / 3:ウとエ / 4:アとウ,ア:耐震対策では、まず建物の現状把握や必要に応じた診断を行うことが重要である。 / イ:旧耐震の建物でも、補強の要否を考える必要はない。 / ウ:耐震補強の検討とあわせて、家具固定など日常的な備えも有用である。 / エ:耐震対策は、地震後に考えれば十分で事前準備は不要である。,正解は4です。アとウが適切です。耐震対策では、診断や補強の検討に加え、日常的な備えも大切です。,建築防災の基本論点,事前準備否定を混ぜていないか,防災分野の再確認。
original,orig_set21,17,417,標準管理委託契約書・指針,基幹事務,combination,standard,マンション標準管理委託契約書 / 管理適正化法,基幹事務は財産管理に直結する重要な事務であることを再確認する。,drafting,checked,基幹事務に関する次のアからエまでの記述のうち、適切なもののみの組合せはどれか。,会計・出納等の重要事務。,1,財産管理に直結 / 再委託制限などが問題,1:アとウ / 2:アとエ / 3:イとウ / 4:イとエ,ア:基幹事務は、管理組合の会計や出納など財産管理に直結する重要な事務である。 / イ:基幹事務は、管理上重要でない軽微事務だけをいう。 / ウ:基幹事務については、その取扱いに関し再委託等の規律が問題となる。 / エ:基幹事務は、管理組合財産と無関係である。,正解は1です。アとウが適切です。基幹事務は、管理組合財産管理に直結する重要な事務です。,https://www.mlit.go.jp/jutakukentiku/house/content/001379115.pdf / https://www.mlit.go.jp/totikensangyo/const/1_6_bt_000260.html,軽微事務扱いしていないか,委託実務の要点。
original,orig_set21,18,418,標準管理規約,理事会の権限,case_based,standard,マンション標準管理規約54条 / マンション標準管理規約55条,理事会は総会事項以外の業務執行判断を行うことを再確認する。,drafting,checked,管理組合で、総会決議を要しない日常的な業務執行の判断が必要になった。この場合の理事会の権限に関する次の記述のうち、最も適切なものはどれか。,理事会と総会の役割分担。,2,総会事項以外の業務執行判断,1:理事会は、いかなる事項も判断できない。 / 2:理事会は、総会で決めるべき事項を除き、管理組合の業務執行に関する判断を行う機関である。 / 3:理事会は、規約変更のような重要事項も常に総会なしで決定できる。 / 4:理事会の権限は、管理員の私的判断に従属する。,,正解は2です。理事会は、総会で決めるべき事項を除く業務執行について判断する機関です。,https://www.mansion-info.mlit.go.jp/wp-content/uploads/2025/10/R7%E6%94%B9%E6%AD%A3%E7%89%88_%E6%A8%99%E6%BA%96%E7%AE%A1%E7%90%86%E8%A6%8F%E7%B4%84%EF%BC%8B%E3%82%B3%E3%83%A1%E3%83%B3%E3%83%88%EF%BC%88%E5%8D%98%E6%A3%9F%E5%9E%8B%EF%BC%89.pdf,規約変更まで理事会が決められる説明にしていないか,統治構造の確認。
original,orig_set21,19,419,民法・借地借家法,請負契約,combination,standard,民法632条,請負契約は仕事の完成と報酬の支払を内容とすることを再確認する。,drafting,checked,請負契約に関する次のアからエまでの記述のうち、正しいもののみの組合せはどれか。,仕事完成型契約の確認。,3,仕事の完成と報酬 / 結果債務の理解,1:アとイ / 2:イとエ / 3:アとウ / 4:ウとエ,ア:請負は、仕事を完成することを約し、その結果に対して報酬が支払われる契約である。 / イ:請負では、仕事の完成は不要である。 / ウ:請負は、仕事の結果の実現が重視される契約である。 / エ:請負は、必ず無償でなければならない。,正解は3です。アとウが正しいです。請負は、仕事の完成と報酬の支払を内容とする契約です。,https://www.japaneselawtranslation.go.jp/en/laws/view/4848,請負を委任のようにしていないか,契約類型の再確認。
original,orig_set21,20,420,管理適正化法,名義貸し,single_choice,standard,マンションの管理の適正化の推進に関する法律,名義貸しは登録制度の信頼性を害することを再確認する。,drafting,checked,名義貸しに関する次の記述のうち、最も適切なものはどれか。,登録制度の信頼性。,1,登録制度の信頼性と利用者保護の観点から問題,1:名義貸しは、登録制度の信頼性や利用者保護の観点から問題となる。 / 2:名義貸しは、営業拡大に役立つので原則推奨される。 / 3:名義貸しは、管理適正化法と無関係である。 / 4:名義貸しは、管理組合が望めば自由に行える。,,正解は1です。名義貸しは、登録制度の信頼性や利用者保護の観点から問題となります。,https://www.mlit.go.jp/totikensangyo/const/1_6_bt_000260.html,名義貸しを容認していないか,登録制度の再確認。
original,orig_set22,1,421,会計・税務,収支報告書,accounting_table,standard,管理組合会計の基本,収支報告書は一定期間の収入と支出の状況を示すことを再確認する。,drafting,checked,収支報告書に関する次の記述のうち、最も適切なものはどれか。,期間収支の把握。,1,一定期間の収入・支出の状況,1:収支報告書は、一定期間における収入と支出の状況を示す資料である。 / 2:収支報告書は、一定時点の資産と負債だけを示す。 / 3:収支報告書は、将来予算だけを記載する資料である。 / 4:収支報告書は、作成しなくても管理組合運営に影響しない。,,正解は1です。収支報告書は、一定期間における収入と支出の状況を示す資料です。,管理組合会計の基本論点,貸借対照表や予算書と混同していないか,会計書類の基本。
original,orig_set22,2,422,判例・横断総合,時効と管理費,precedent_fill,standard,民法166条 / 管理費債権に関する実務,管理費債権にも時効が問題となることを確認する。,drafting,checked,管理費等の請求権についても、一定期間の経過により[　]が問題となる。この[　]に当てはまるものとして正しいものはどれか。,管理費債権の時効。,2,時効,1:売却 / 2:時効 / 3:修繕 / 4:建替え,,正解は2です。管理費等の請求権についても、一定期間の経過により時効が問題となります。,https://www.japaneselawtranslation.go.jp/en/laws/view/4848,管理費債権と時効の関係を落としていないか,横断的な債権管理論点。
original,orig_set22,3,423,区分所有法,規約共用部分,combination,standard,区分所有法4条2項,規約により共用部分とされる部分があることを再確認する。,drafting,checked,規約共用部分に関する次のアからエまでの記述のうち、適切なもののみの組合せはどれか。,法定共用部分との区別。,3,規約で共用部分とされることがある / 規約の効力が及ぶ,1:アとイ / 2:イとエ / 3:アとウ / 4:ウとエ,ア:規約により共用部分と定められる部分がある。 / イ:規約共用部分という概念は存在しない。 / ウ:規約共用部分には、共用部分としての規律が及ぶ。 / エ:規約共用部分は、各区分所有者が自由に専有部分化できる。,正解は3です。アとウが適切です。規約により共用部分と定められた部分には、共用部分としての規律が及びます。,https://www.japaneselawtranslation.go.jp/en/laws/view/4341/en,規約共用部分の概念を崩していないか,区分所有法の基礎。
original,orig_set22,4,424,品確法・建替円滑化法等,権利変換計画,single_choice,standard,マンションの建替え等の円滑化に関する法律,権利変換計画は建替え後の権利配分を定める計画であることを再確認する。,drafting,checked,権利変換計画に関する次の記述のうち、最も適切なものはどれか。,建替え後の権利調整。,2,建替え後の権利取得内容を定める,1:権利変換計画は、建物の色彩や植栽だけを定める。 / 2:権利変換計画は、建替え後に各権利者がどのような権利を取得するかを定める計画である。 / 3:権利変換計画は、宅建業法上の広告規制である。 / 4:権利変換計画は、建替え円滑化法と無関係である。,,正解は2です。権利変換計画は、建替え後の権利配分を定める計画です。,https://www.mlit.go.jp/jutakukentiku/house/jutakukentiku_house_tk5_000127.html,権利変換計画の内容を誤っていないか,建替円滑化法の重要論点。
original,orig_set22,5,425,宅建業法,宅建士の業務,combination,standard,宅地建物取引業法35条 / 宅地建物取引業法37条,宅建士が関与すべき業務を再確認する。,drafting,checked,宅建士の業務に関する次のアからエまでの記述のうち、適切なもののみの組合せはどれか。,重要事項説明と書面交付の関与。,1,重要事項説明等に関与 / 資格者業務,1:アとウ / 2:アとエ / 3:イとウ / 4:イとエ,ア:宅建士は、法が予定する重要事項説明などの業務に関与する。 / イ:宅建士の資格は、宅建業務と無関係である。 / ウ:宅建士制度は、取引の適正と相手方保護を支える仕組みの一つである。 / エ:重要事項説明は、資格の有無にかかわらず誰でも自由に行える。,正解は1です。アとウが適切です。宅建士は、取引の適正と相手方保護を支える資格者です。,https://elaws.e-gov.go.jp/document?lawid=327AC0000000176,無資格者に自由に開放していないか,資格制度の再確認。
original,orig_set22,6,426,建築・設備,昇降機,single_choice,standard,建築設備の基本,昇降機は安全確保のため保守点検が重要であることを再確認する。,drafting,checked,昇降機に関する次の記述のうち、最も適切なものはどれか。,エレベーター等の安全管理。,3,保守点検と安全管理が重要,1:昇降機は、停止しなければ点検不要である。 / 2:昇降機の保守は、利用者の自己責任でよく管理組合は無関係である。 / 3:昇降機は、事故防止と安全確保のため適切な保守点検が重要である。 / 4:昇降機は、共用部分と無関係なので規約の対象外である。,,正解は3です。昇降機は、事故防止と安全確保のため適切な保守点検が重要です。,建築設備の基本論点,点検不要論を混ぜていないか,設備安全の再確認。
original,orig_set22,7,427,標準管理委託契約書・指針,委託業務費,single_choice,standard,マンション標準管理委託契約書,委託業務費は業務内容との対応関係を明確にすることが重要だと再確認する。,drafting,checked,委託業務費に関する次の記述のうち、最も適切なものはどれか。,費用の明確化。,2,どの業務の対価か明確にする,1:委託業務費は、何に対する対価かを示す必要がない。 / 2:委託業務費は、どの業務の対価かが分かるよう契約上明確に整理することが重要である。 / 3:委託業務費は、管理会社が毎月自由に変更してよい。 / 4:委託業務費は、委託契約と無関係である。,,正解は2です。委託業務費は、どの業務の対価かが分かるよう明確に整理することが重要です。,https://www.mlit.go.jp/jutakukentiku/house/content/001379115.pdf,費用の明確化を落としていないか,契約費用の再確認。
original,orig_set22,8,428,標準管理規約,総会出席と代理,combination,standard,マンション標準管理規約46条,総会では本人出席だけでなく代理による議決権行使も問題となることを再確認する。,drafting,checked,総会出席と代理に関する次のアからエまでの記述のうち、適切なもののみの組合せはどれか。,本人出席・代理行使。,1,代理行使が問題となる / 規約確認が必要,1:アとウ / 2:アとエ / 3:イとウ / 4:イとエ,ア:総会では、本人出席のほか規約に従って代理人による議決権行使が問題となる。 / イ:総会を欠席した区分所有者は、以後一切議決権を失う。 / ウ:代理による議決権行使の範囲は、規約の定めに沿って確認することが重要である。 / エ:代理による議決権行使は、どのマンションでも絶対に禁止される。,正解は1です。アとウが適切です。総会では、規約に沿って代理による議決権行使が認められることがあります。,https://www.mansion-info.mlit.go.jp/wp-content/uploads/2025/10/R7%E6%94%B9%E6%AD%A3%E7%89%88_%E6%A8%99%E6%BA%96%E7%AE%A1%E7%90%86%E8%A6%8F%E7%B4%84%EF%BC%8B%E3%82%B3%E3%83%A1%E3%83%B3%E3%83%88%EF%BC%88%E5%8D%98%E6%A3%9F%E5%9E%8B%EF%BC%89.pdf,代理を全面禁止にしていないか,総会運営の再確認。
original,orig_set22,9,429,民法・借地借家法,委任契約,single_choice,standard,民法643条,委任は法律行為をすることを委託する契約であることを再確認する。,drafting,checked,委任契約に関する次の記述のうち、正しいものはどれか。,請負との区別。,4,法律行為の委託,1:委任は、必ず有体物を引き渡す契約である。 / 2:委任は、仕事の完成を目的とする請負契約と同一である。 / 3:委任は、法律行為とは無関係な契約である。 / 4:委任は、法律行為をすることを相手方に委託する契約である。,,正解は4です。委任は、法律行為をすることを相手方に委託する契約です。,https://www.japaneselawtranslation.go.jp/en/laws/view/4848,請負や売買と混同していないか,契約類型の再確認。
original,orig_set22,10,430,管理適正化法,更新登録,count,standard,マンションの管理の適正化の推進に関する法律,更新登録は継続的な適格性確認の仕組みであることを再確認する。,drafting,checked,更新登録に関する次のアからエまでの記述のうち、適切なものはいくつあるか。,登録の継続確認。,2,継続的な適格性確認 / 情報更新,1:一つ / 2:二つ / 3:三つ / 4:四つ,ア:更新登録は、登録業者の継続的な適格性確認のための仕組みとして位置付けられる。 / イ:一度登録を受ければ、更新登録は永久に不要である。 / ウ:更新登録制度は、管理業者に関する情報の適時更新にも資する。 / エ:更新登録は、管理適正化法と無関係である。,正解は2です。アとウが適切です。更新登録は、継続的な適格性確認と情報更新に資する制度です。,https://www.mlit.go.jp/totikensangyo/const/1_6_bt_000260.html,永久不要論を混ぜていないか,登録制度の再確認。
original,orig_set22,11,431,会計・税務,減価償却不要論点,single_choice,standard,管理組合会計の基本,管理組合会計では企業会計と同一に減価償却を前提としない論点があることを再確認する。,drafting,checked,管理組合会計における減価償却不要論点に関する次の記述のうち、最も適切なものはどれか。,会計目的の違い。,2,管理組合会計と企業会計の目的差 / 一律適用ではない,1:管理組合会計は、必ず企業会計と全く同じ方法で減価償却をしなければならない。 / 2:管理組合会計では、その目的や実務に照らして、企業会計と同じ減価償却処理を当然には前提としない論点がある。 / 3:減価償却という考え方は、どの会計でも常に禁止される。 / 4:この論点は、税法だけの問題で管理組合会計と無関係である。,,正解は2です。管理組合会計では、その目的や実務に照らし、企業会計と同じ減価償却処理を当然には前提としない論点があります。,管理組合会計の実務論点,企業会計と完全同一視していないか,会計目的の差異。
original,orig_set22,12,432,判例・横断総合,特別の影響,combination,standard,区分所有法31条1項後段 / 規約変更をめぐる判例実務,一部区分所有者に特別の影響を及ぼす規約変更では承諾が問題となることを横断的に確認する。,drafting,checked,特別の影響に関する次のアからエまでの記述のうち、適切なもののみの組合せはどれか。,規約変更と不利益の偏在。,4,特別の影響があると承諾が問題 / 一律に無視できない,1:アとイ / 2:イとエ / 3:ウとエ / 4:アとウ,ア:規約変更が一部区分所有者に特別の影響を及ぼす場合には、その承諾が問題となる。 / イ:特別の影響があっても、その区分所有者の立場は全く考慮しなくてよい。 / ウ:特別の影響の有無は、不利益の内容や程度を踏まえて判断される。 / エ:特別の影響という考え方は、区分所有法や規約運営と無関係である。,正解は4です。アとウが適切です。特別の影響がある規約変更では、その区分所有者の承諾が問題となります。,https://www.japaneselawtranslation.go.jp/en/laws/view/4341/en,特別の影響を無視する説明にしていないか,横断的な規約変更論点。
original,orig_set22,13,433,区分所有法,総会決議要件,precedent_fill,standard,区分所有法39条,普通決議では各過半数が原則であることを再確認する。,drafting,checked,区分所有法上、普通決議は原則として集会に出席した区分所有者及びその議決権の各[　]数で決する。この[　]に当てはまるものとして正しいものはどれか。,普通決議の要件。,1,各過半数,1:過半 / 2:全員一致 / 3:4分の3 / 4:3分の2,,正解は1です。普通決議は、原則として出席区分所有者及びその議決権の各過半数で決します。,https://www.japaneselawtranslation.go.jp/en/laws/view/4341/en,普通決議要件を取り違えていないか,決議要件の再確認。
original,orig_set22,14,434,品確法・建替円滑化法等,個人施行,case_based,standard,マンションの建替え等の円滑化に関する法律,個人施行は建替事業の施行形態の一つであることを再確認する。,drafting,checked,マンション建替事業について、組合ではなく一定の個人が施行主体となる形が問題となっている。この場合の個人施行に関する次の記述のうち、最も適切なものはどれか。,施行形態の違い。,2,建替事業の施行形態の一つ,1:個人施行という概念は存在しない。 / 2:個人施行は、建替事業の施行形態の一つとして問題となる。 / 3:個人施行は、宅建業法上の広告規制のことをいう。 / 4:個人施行は、管理費会計の処理方法をいう。,,正解は2です。個人施行は、建替事業の施行形態の一つとして問題となります。,https://www.mlit.go.jp/jutakukentiku/house/jutakukentiku_house_tk5_000127.html,別分野の概念と混同していないか,建替分野の基礎。
original,orig_set22,15,435,宅建業法,契約不適合責任特約,single_choice,standard,宅地建物取引業法40条,宅建業者売主の不利特約には制限があることを再確認する。,drafting,checked,宅建業者が自ら売主となる場合の契約不適合責任特約に関する次の記述のうち、最も適切なものはどれか。,買主保護の強行規定。,3,買主保護に反する不利特約を制限,1:宅建業者売主は、買主にどれだけ不利でも自由に全面免責特約を定められる。 / 2:この規制は、売主保護のためだけに存在する。 / 3:宅建業者が自ら売主となる場合には、買主保護のため不利な特約に制限がある。 / 4:この規制は、宅建業法と無関係である。,,正解は3です。宅建業者が自ら売主となる場合には、買主保護のため不利な特約に制限があります。,https://elaws.e-gov.go.jp/document?lawid=327AC0000000176,全面自由論を混ぜていないか,自ら売主規制の再確認。
original,orig_set22,16,436,建築・設備,消防設備,case_based,standard,消防設備の維持管理の基本,消防設備は非常時に機能するよう点検維持が重要であることを再確認する。,drafting,checked,マンションで消火器や非常ベルの点検が長期間行われていないことが分かった。この場合の消防設備に関する次の記述のうち、最も適切なものはどれか。,防災設備の点検。,2,非常時作動のため定期点検が重要,1:消防設備は、見た目に異常がなければ点検不要である。 / 2:消防設備は、非常時に適切に作動するよう定期点検と維持管理が重要である。 / 3:消防設備は、非常時には使わないのが原則である。 / 4:消防設備の管理は、共用部分とは無関係である。,,正解は2です。消防設備は、非常時に適切に作動するよう定期点検と維持管理が重要です。,建築設備の基本論点,点検不要論を混ぜていないか,防災設備の再確認。
original,orig_set22,17,437,標準管理委託契約書・指針,修繕履歴,count,standard,マンション標準管理委託契約書,修繕履歴の保存と引継ぎの重要性を再確認する。,drafting,checked,修繕履歴に関する次のアからエまでの記述のうち、適切なものはいくつあるか。,履歴の保存と活用。,2,将来の修繕計画資料 / 委託終了時の引継ぎ,1:一つ / 2:二つ / 3:三つ / 4:四つ,ア:修繕履歴は、将来の修繕計画や不具合分析の資料となる。 / イ:修繕履歴は、工事が終われば保存不要である。 / ウ:委託終了時には、修繕履歴の引継ぎが重要になる。 / エ:修繕履歴は、管理組合にとって価値がない。,正解は2です。アとウが適切です。修繕履歴は、将来の修繕計画や委託終了時の引継ぎに役立ちます。,https://www.mlit.go.jp/jutakukentiku/house/content/001379115.pdf,修繕履歴を保存不要としていないか,修繕情報管理の再確認。
original,orig_set22,18,438,標準管理規約,専有部分への立入り,single_choice,standard,マンション標準管理規約23条,必要な場合には専有部分への立入りが問題となることを再確認する。,drafting,checked,専有部分への立入りに関する次の記述のうち、最も適切なものはどれか。,点検や工事の必要性。,3,必要な範囲で立入りが問題 / 無制限ではない,1:理由がなくても、いつでも専有部分へ立ち入れる。 / 2:どのような事情があっても、専有部分への立入りは一切認められない。 / 3:共用部分の点検や必要な工事等のため、規約に沿って専有部分への立入りが問題となることがある。 / 4:専有部分への立入りは、管理員の私的興味のために認められる。,,正解は3です。共用部分の点検や必要な工事のため、規約に沿って専有部分への立入りが問題となることがあります。,https://www.mansion-info.mlit.go.jp/wp-content/uploads/2025/10/R7%E6%94%B9%E6%AD%A3%E7%89%88_%E6%A8%99%E6%BA%96%E7%AE%A1%E7%90%86%E8%A6%8F%E7%B4%84%EF%BC%8B%E3%82%B3%E3%83%A1%E3%83%B3%E3%83%88%EF%BC%88%E5%8D%98%E6%A3%9F%E5%9E%8B%EF%BC%89.pdf,無制限立入りや全面否定にしていないか,管理上の必要性の再確認。
original,orig_set22,19,439,民法・借地借家法,保証債務,case_based,standard,民法446条,保証債務は主たる債務の履行を担保する従たる債務であることを再確認する。,drafting,checked,AがBの借入債務について保証人となった。この場合の保証債務に関する次の記述のうち、最も適切なものはどれか。,主債務と保証の関係。,4,主たる債務の履行を担保する従たる債務,1:保証債務は、主たる債務と無関係に独立して必ず成立する。 / 2:保証人は、主たる債務の内容を全く考えず常に無制限責任を負う。 / 3:保証債務は、売買契約にだけ成立する。 / 4:保証債務は、主たる債務者が履行しない場合に備えて、その債務の履行を担保するための債務である。,,正解は4です。保証債務は、主たる債務者が履行しない場合に備えて、その債務の履行を担保するための債務です。,https://www.japaneselawtranslation.go.jp/en/laws/view/4848,従属性を落としていないか,担保制度の再確認。
original,orig_set22,20,440,管理適正化法,再委託規制,combination,standard,マンションの管理の適正化の推進に関する法律,重要な管理事務の全面的な丸投げには制約があることを再確認する。,drafting,checked,再委託規制に関する次のアからエまでの記述のうち、適切なもののみの組合せはどれか。,基幹事務と再委託。,4,重要事務の全面再委託には制約 / 管理組合保護,1:アとイ / 2:イとエ / 3:ウとエ / 4:アとウ,ア:重要な管理事務については、再委託に制約があり、全面的な丸投げは問題となる。 / イ:再委託は、どの業務でも完全に自由で制約がない。 / ウ:再委託規制は、管理組合保護の観点と関係する。 / エ:再委託規制は、管理適正化法と無関係である。,正解は4です。アとウが適切です。重要な管理事務の全面的な丸投げには制約があり、管理組合保護の観点が重視されます。,https://www.mlit.go.jp/totikensangyo/const/1_6_bt_000260.html,全面自由論を混ぜていないか,受託責任の再確認。
original,orig_set23,1,441,会計・税務,修繕積立金会計,comparison_table,advanced,管理組合会計の基本 / 修繕積立金の趣旨,修繕積立金は将来の計画修繕のために積み立てるものであり、日常の管理費会計と区別して把握することを再確認する。,drafting,checked,修繕積立金会計に関する次の記述のうち、最も適切なものはどれか。,管理費会計との区別。,2,将来の計画修繕資金 / 日常的経費とは区別して把握,1:修繕積立金は、通常の清掃費や水道光熱費など日常的な管理費の支払のために常時取り崩すことを予定した資金である。 / 2:修繕積立金は、将来の計画修繕等に備えて積み立てる資金であり、日常的な管理費会計とは区別して把握することが重要である。 / 3:修繕積立金は、毎期末に余れば各区分所有者へ当然に分配しなければならない。 / 4:修繕積立金会計は、管理組合会計とは無関係であり、会計資料に示す必要はない。,,正解は2です。修繕積立金は、将来の計画修繕等に備えて積み立てる資金であり、日常的な管理費会計とは区別して把握することが重要です。,管理組合会計の実務論点,管理費会計との混同がないか / 剰余分配を当然視していないか,管理費と修繕積立金の役割分担。
original,orig_set23,2,442,判例・横断総合,管理者責任,case_based,advanced,区分所有法28条 / 善管注意義務に関する一般原則,管理者は管理組合のために善良な管理者の注意をもって職務を行うべきことを再確認する。,drafting,checked,管理者が共用部分の重大な漏水の報告を受けながら、長期間必要な対応を取らず損害が拡大した。この場合の管理者責任に関する次の記述のうち、最も適切なものはどれか。,善管注意義務違反の有無。,3,管理者は善管注意義務を負う / 義務違反があれば責任が問題となる,1:管理者は名称上の地位にすぎず、共用部分の管理について注意義務を負わない。 / 2:管理者は、どのような事情があっても損害について責任を問われることはない。 / 3:管理者は、管理組合のために善良な管理者の注意をもって職務を行うべきであり、その義務に反して損害を拡大させたときは責任が問題となる。 / 4:管理者責任は、専有部分の売買契約でしか問題とならない。,,正解は3です。管理者は、管理組合のために善良な管理者の注意をもって職務を行うべきであり、その義務に反して損害を拡大させたときは責任が問題となります。,https://www.japaneselawtranslation.go.jp/en/laws/view/4341/en,善管注意義務を落としていないか / 責任全面否定にしていないか,管理者の受任者的地位を踏まえた基本問題。
original,orig_set23,3,443,区分所有法,義務違反者への措置,single_choice,advanced,区分所有法57条 / 区分所有法58条,共同の利益に反する行為に対しては差止め等の措置が問題となることを再確認する。,drafting,checked,区分所有者が共同の利益に反する行為を継続している場合の義務違反者への措置に関する次の記述のうち、最も適切なものはどれか。,差止め等の基本枠組み。,1,共同の利益に反する行為への差止め等 / 段階的措置,1:共同の利益に反する行為については、行為の停止や結果の除去等を求める措置が問題となる。 / 2:義務違反者への措置は一切認められず、管理組合は何もできない。 / 3:共同の利益に反する行為があれば、直ちに常に競売請求しか選べない。 / 4:義務違反者への措置は、民法の相続に関する規定だけで決まる。,,正解は1です。共同の利益に反する行為については、区分所有法上、行為の停止や結果の除去等を求める措置が問題となります。,https://www.japaneselawtranslation.go.jp/en/laws/view/4341/en,差止め等の基本措置を落としていないか / 救済手段を一つに固定していないか,義務違反者への段階的対応。
original,orig_set23,4,444,品確法・建替円滑化法等,被災マンション法,precedent_fill,advanced,被災区分所有建物の再建等に関する特別措置法,被災マンション法の正式名称に含まれる基本用語を再確認する。,drafting,checked,いわゆる被災マンション法の正式名称は、「被災区分所有建物の[　]等に関する特別措置法」である。この[　]に当てはまるものとして正しいものはどれか。,正式名称の確認。,2,正式名称は『再建等』,1:売却 / 2:再建 / 3:賃貸 / 4:承継,,正解は2です。いわゆる被災マンション法の正式名称は、「被災区分所有建物の再建等に関する特別措置法」です。,https://elaws.e-gov.go.jp/document?lawid=407AC1000000043,正式名称の文言を取り違えていないか,名称確認だが周辺法令の入口として重要。
original,orig_set23,5,445,宅建業法,自ら売主規制,case_based,advanced,宅地建物取引業法40条,宅建業者が自ら売主となる場面では買主保護の特則が働くことを再確認する。,drafting,checked,宅建業者Aが、自ら売主として一般消費者Bにマンションの一室を売却した。契約で、引渡し後直ちに一切の契約不適合責任を負わない旨の特約を置いた場合に関する次の記述のうち、最も適切なものはどれか。,自ら売主の買主保護。,4,買主保護のため不利特約に制限 / 全面免責は許されない方向,1:宅建業者が自ら売主であっても、買主に不利な特約を常に自由に定められる。 / 2:この規制は、売主である宅建業者を保護するためのものである。 / 3:契約不適合責任の問題は、宅建業法とは無関係である。 / 4:宅建業者が自ら売主となる場合には、買主保護の観点から、買主に不利な契約不適合責任特約には制限がある。,,正解は4です。宅建業者が自ら売主となる場合には、買主保護の観点から、買主に不利な契約不適合責任特約には制限があります。,https://elaws.e-gov.go.jp/document?lawid=327AC0000000176,全面自由論を混ぜていないか / 保護主体を取り違えていないか,自ら売主規制の応用。
original,orig_set23,6,446,建築・設備,給水タンク,comparison_table,advanced,給水設備の維持管理の基本 / 貯水槽水道の衛生管理,受水槽や高置水槽は衛生上の観点から点検や清掃が重要であることを再確認する。,drafting,checked,マンションの給水タンクに関する次の記述のうち、最も適切なものはどれか。,衛生管理と設備保全。,2,衛生確保のため点検清掃が重要 / 給水設備の維持管理,1:給水タンクは、一度設置すれば衛生管理や清掃を考える必要はない。 / 2:給水タンクは、衛生的な給水を確保するため、点検や清掃を含む適切な維持管理が重要である。 / 3:給水タンクの不具合は、専有部分だけの問題であり共用設備の管理とは無関係である。 / 4:給水タンクは、消防設備と同じ法的取扱いになるため、衛生面の検討は不要である。,,正解は2です。給水タンクは、衛生的な給水を確保するため、点検や清掃を含む適切な維持管理が重要です。,建築設備の基本論点,衛生管理不要論を混ぜていないか / 共用設備としての性質を落としていないか,貯水槽水道の基本管理。
original,orig_set23,7,447,標準管理委託契約書・指針,管理員業務,combination,advanced,マンション標準管理委託契約書 / 管理員業務の基本整理,管理員業務は受付・連絡・報告等の範囲で整理され、独断で契約締結等を行うものではないことを再確認する。,drafting,checked,管理員業務に関する次のアからエまでの記述のうち、適切なもののみの組合せはどれか。,管理員の職務範囲。,1,受付・連絡・報告は基本業務 / 独断契約は業務範囲外,1:アとウ / 2:アとエ / 3:イとウ / 4:イとエ,ア:管理員業務には、受付、連絡、報告等の現場対応が含まれる。 / イ:管理員は、管理組合の決議がなくても独断で大規模修繕工事契約を締結できる。 / ウ:管理員は、設備の異常や事故の兆候を把握した場合、管理事務報告や連絡の対象とすることが重要である。 / エ:管理員業務は、居住者対応とは無関係であり、受付や連絡は予定されていない。,正解は1です。アとウが適切です。管理員業務には、受付、連絡、報告等の現場対応が含まれますが、独断で重要契約を締結するものではありません。,https://www.mlit.go.jp/jutakukentiku/house/content/001379115.pdf,管理員に過大な契約権限を与えていないか / 受付・連絡・報告を業務から外していないか,管理員業務の範囲確認。
original,orig_set23,8,448,標準管理規約,特別の影響,case_based,advanced,区分所有法31条 / マンション標準管理規約の運用,規約変更が一部区分所有者に特別の影響を及ぼす場合には、その承諾が問題となることを再確認する。,drafting,checked,規約変更により、1階住戸の区分所有者だけが従来認められていた専用使用方法を大きく制限され、追加の費用負担も求められることになった。この場合の特別の影響に関する次の記述のうち、最も適切なものはどれか。,一部区分所有者への不利益集中。,2,一部区分所有者への特別の影響 / 承諾が問題となる,1:規約変更であれば、どれほど特定の区分所有者に不利益が集中しても、その承諾は全く問題とならない。 / 2:規約変更が一部区分所有者に特別の影響を及ぼすときは、その区分所有者の承諾が問題となる。 / 3:特別の影響という考え方は、専有部分の売買価格にしか関係しない。 / 4:特別の影響の有無は、規約変更の場面では一切判断されない。,,正解は2です。規約変更が一部区分所有者に特別の影響を及ぼすときは、その区分所有者の承諾が問題となります。,https://www.japaneselawtranslation.go.jp/en/laws/view/4341/en / https://www.mansion-info.mlit.go.jp/wp-content/uploads/2025/10/R7%E6%94%B9%E6%AD%A3%E7%89%88_%E6%A8%99%E6%BA%96%E7%AE%A1%E7%90%86%E8%A6%8F%E7%B4%84%EF%BC%8B%E3%82%B3%E3%83%A1%E3%83%B3%E3%83%88%EF%BC%88%E5%8D%98%E6%A3%9F%E5%9E%8B%EF%BC%89.pdf,承諾不要論を混ぜていないか / 特別の影響の判断を落としていないか,規約変更の不利益調整。
original,orig_set23,9,449,民法・借地借家法,相殺,count,advanced,民法505条 / 相殺適状の基本,相殺には同種の債権が対立し、双方が弁済期にあることなどの基本条件があることを再確認する。,drafting,checked,相殺に関する次のアからエまでの記述のうち、適切なものはいくつあるか。,相殺適状の要件。,2,同種の債権の対立 / 双方の弁済期到来,1:一つ / 2:二つ / 3:三つ / 4:四つ,ア:相殺は、当事者が互いに同種の債権を有していることが基本となる。 / イ:相殺は、相手方の債権だけが弁済期にあり、自分の債権がまだ弁済期にない場合でも常にできる。 / ウ:双方の債権が弁済期にあることは、相殺を考える上で重要な要素である。 / エ:相殺は、種類の異なる債権であっても何の検討もなく常に可能である。,正解は2です。アとウが適切です。相殺は、互いに同種の債権が対立し、双方の債権が弁済期にあることが基本となります。,https://www.japaneselawtranslation.go.jp/en/laws/view/4848,同種性を落としていないか / 弁済期の要素を欠かしていないか,相殺適状の基礎。
original,orig_set23,10,450,管理適正化法,監督処分,case_based,advanced,マンションの管理の適正化の推進に関する法律 / 登録マンション管理業者に対する監督,登録マンション管理業者に法令違反等がある場合には、是正のための監督処分が問題となることを再確認する。,drafting,checked,登録マンション管理業者Aが、重要事項の説明や財産の分別管理に関して重大な法令違反を繰り返している。この場合の監督処分に関する次の記述のうち、最も適切なものはどれか。,法令違反業者に対する行政監督。,3,法令違反時の監督処分 / 是正と利用者保護,1:登録マンション管理業者には、どれほど重大な法令違反があっても監督処分の対象となることはない。 / 2:監督処分は、区分所有者間の私的な感情対立を調整するためだけに用意された制度である。 / 3:登録マンション管理業者に法令違反等がある場合には、是正や利用者保護の観点から監督処分が問題となる。 / 4:監督処分の問題は、宅建業法だけで完結し、管理適正化法とは無関係である。,,正解は3です。登録マンション管理業者に法令違反等がある場合には、是正や利用者保護の観点から監督処分が問題となります。,https://www.mlit.go.jp/totikensangyo/const/1_6_bt_000260.html,監督処分否定になっていないか / 制度趣旨を取り違えていないか,業者監督の基本。
original,orig_set23,11,451,会計・税務,未収入金,combination,basic,管理組合会計の基本 / 未収金管理,管理費等の未収入金は資金繰りや督促実務と関係する重要項目であることを再確認する。,drafting,checked,未収入金に関する次のアからエまでの記述のうち、適切なもののみの組合せはどれか。,滞納管理と会計表示。,1,未収入金は未回収債権 / 督促や資金管理と関係する,1:アとウ / 2:アとエ / 3:イとウ / 4:イとエ,ア:未収入金は、既に発生しているがまだ回収できていない管理費等の債権として把握される。 / イ:未収入金は、回収見込みがある限り帳簿や報告書に示す必要がない。 / ウ:未収入金が増えると、管理組合の資金繰りや督促実務に影響する。 / エ:未収入金は、修繕積立金残高が十分あれば常に無視してよい。,正解は1です。アとウが適切です。未収入金は、既に発生しているがまだ回収できていない管理費等の債権であり、資金繰りや督促実務に影響します。,管理組合会計の実務論点,未収入金を表示不要にしていないか / 資金繰りとの関係を落としていないか,滞納管理の入口。
original,orig_set23,12,452,判例・横断総合,管理費滞納判例,precedent_fill,basic,管理費等請求に関する判例実務,管理費等の滞納は管理組合運営に直接影響するため、請求・回収の重要性を再確認する。,drafting,checked,管理費滞納に関する判例実務では、管理組合が滞納管理費等の[　]を求めることが基本となる。この[　]に当てはまるものとして最も適切なものはどれか。,滞納管理費等の請求。,3,管理組合は滞納管理費等の支払請求を行う,1:放棄 / 2:免除 / 3:支払 / 4:分配,,正解は3です。管理費滞納に関する実務では、管理組合が滞納管理費等の支払を求めることが基本になります。,管理費等請求の判例実務,回収ではなく当然免除のような説明にしていないか,判例実務の基本語彙。
original,orig_set23,13,453,区分所有法,一部滅失と建替え,case_based,basic,区分所有法61条以下 / 一部滅失後の再建・建替え論点,一部滅失後の対応では、復旧・建替えの区別と決議要件の検討が必要になることを再確認する。,drafting,checked,マンションの一部が火災で滅失し、管理組合で復旧と建替えのどちらを選ぶかが議論になっている。この場合の一部滅失と建替えに関する次の記述のうち、最も適切なものはどれか。,復旧か建替えかの判断。,2,一部滅失後は復旧と建替えの区別が問題 / 決議要件の検討が必要,1:一部滅失があった場合でも、復旧や建替えの議論は不要で、何も決めなくてよい。 / 2:一部滅失後は、復旧を図るのか建替えを目指すのかを区別し、必要な決議要件を検討することになる。 / 3:一部滅失の場面では、常に各区分所有者が個別に判断するだけで、集会決議は無関係である。 / 4:建替えの問題は、宅建業法だけで決まり、区分所有法とは無関係である。,,正解は2です。一部滅失後は、復旧を図るのか建替えを目指すのかを区別し、必要な決議要件を検討することになります。,https://www.japaneselawtranslation.go.jp/en/laws/view/4341/en,復旧と建替えの区別を落としていないか / 集会決議を無関係にしていないか,被災時対応の基礎。
original,orig_set23,14,454,品確法・建替円滑化法等,再建決議,combination,basic,被災区分所有建物の再建等に関する特別措置法 / 再建決議の基本,被災マンションの再建では、再建決議という特有の意思決定が問題となることを再確認する。,drafting,checked,再建決議に関する次のアからエまでの記述のうち、適切なもののみの組合せはどれか。,被災建物の再建意思決定。,4,再建決議は被災マンションの再建で問題 / 特有の意思決定枠組み,1:アとイ / 2:イとエ / 3:ウとエ / 4:アとウ,ア:再建決議は、被災した区分所有建物の再建を進める場面で問題となる。 / イ:再建決議は、管理費の月額を決める通常の会計処理のことをいう。 / ウ:再建決議は、被災後の建物をどのように再生するかという意思決定と関係する。 / エ:再建決議の考え方は、被災建物と無関係である。,正解は4です。アとウが適切です。再建決議は、被災した区分所有建物をどのように再生するかという意思決定に関係します。,https://elaws.e-gov.go.jp/document?lawid=407AC1000000043,再建決議を会計処理と混同していないか / 被災建物との関係を落としていないか,被災法制の入口。
original,orig_set23,15,455,宅建業法,重要事項説明,combination,basic,宅地建物取引業法35条,重要事項説明は契約前に取引条件や法令上の制限を買主等へ説明する制度であることを再確認する。,drafting,checked,重要事項説明に関する次のアからエまでの記述のうち、適切なもののみの組合せはどれか。,契約前説明の趣旨。,1,契約前説明 / 買主等の判断材料提供,1:アとウ / 2:アとエ / 3:イとウ / 4:イとエ,ア:重要事項説明は、契約締結前に買主等が取引条件を判断するための重要な資料となる。 / イ:重要事項説明は、契約締結後であればいつ説明しても同じである。 / ウ:重要事項説明では、法令上の制限や取引条件に関する事項が問題となる。 / エ:重要事項説明は、宅建業法とは無関係な任意サービスである。,正解は1です。アとウが適切です。重要事項説明は、契約締結前に買主等が取引条件を判断するための重要な制度です。,https://elaws.e-gov.go.jp/document?lawid=327AC0000000176,契約前説明である点を落としていないか / 任意サービス扱いにしていないか,35条の基本。
original,orig_set23,16,456,建築・設備,排水設備,combination,basic,建築設備の基本 / 排水設備の維持管理,排水設備は詰まりや漏水を防ぐため、継続的な点検や清掃が重要であることを再確認する。,drafting,checked,排水設備に関する次のアからエまでの記述のうち、適切なもののみの組合せはどれか。,排水詰まりと維持管理。,4,詰まり防止の点検清掃 / 漏水や悪臭防止,1:アとイ / 2:イとエ / 3:ウとエ / 4:アとウ,ア:排水設備は、詰まりや漏水を防ぐため、点検や清掃を継続的に行うことが重要である。 / イ:排水設備は、一度施工すれば以後の点検や清掃は不要である。 / ウ:排水設備の不具合は、悪臭や漏水など生活環境に影響することがある。 / エ:排水設備の管理は、消防設備の点検だけで足りる。,正解は4です。アとウが適切です。排水設備は、詰まりや漏水を防ぐための点検や清掃が重要であり、不具合は生活環境にも影響します。,建築設備の基本論点,維持管理不要論を混ぜていないか / 不具合の影響を落としていないか,日常管理に直結する設備論点。
original,orig_set23,17,457,標準管理委託契約書・指針,緊急対応,single_choice,basic,マンション標準管理委託契約書 / 緊急時対応の基本,事故や設備異常が発生したときの緊急対応は、被害拡大防止と速やかな連絡が重要であることを再確認する。,drafting,checked,管理受託者の緊急対応に関する次の記述のうち、最も適切なものはどれか。,漏水事故への初動。,2,被害拡大防止 / 管理組合への速やかな連絡,1:緊急時であっても、被害拡大のおそれは考えず、連絡も翌月報告で足りる。 / 2:緊急対応では、被害の拡大防止に配慮しつつ、必要な連絡や報告を速やかに行うことが重要である。 / 3:緊急対応は、管理委託契約の範囲と無関係であり、管理受託者が関与する余地はない。 / 4:緊急時には、状況確認をせずに常に大規模工事契約まで独断で締結しなければならない。,,正解は2です。緊急対応では、被害の拡大防止に配慮しつつ、必要な連絡や報告を速やかに行うことが重要です。,https://www.mlit.go.jp/jutakukentiku/house/content/001379115.pdf,被害拡大防止の視点を落としていないか / 独断契約を当然視していないか,初動の重要性。
original,orig_set23,18,458,標準管理規約,役員の任務,combination,basic,マンション標準管理規約35条以下,理事長や理事などの役員は、管理組合運営のためにそれぞれの任務を果たす必要があることを再確認する。,drafting,checked,役員の任務に関する次のアからエまでの記述のうち、適切なもののみの組合せはどれか。,理事会運営と役員の役割。,1,役員は管理組合運営を担う / 私的利益のための地位ではない,1:アとウ / 2:アとエ / 3:イとウ / 4:イとエ,ア:役員は、規約や総会決議に基づき、管理組合の運営に必要な任務を果たす。 / イ:役員の地位は、自己の専有部分の私的利益だけを追求するためにある。 / ウ:役員は、理事会や総会の運営、連絡調整など管理組合の意思決定に関わる。 / エ:役員の任務は、標準管理規約とは無関係である。,正解は1です。アとウが適切です。役員は、規約や総会決議に基づき、管理組合の運営に必要な任務を果たします。,https://www.mansion-info.mlit.go.jp/wp-content/uploads/2025/10/R7%E6%94%B9%E6%AD%A3%E7%89%88_%E6%A8%99%E6%BA%96%E7%AE%A1%E7%90%86%E8%A6%8F%E7%B4%84%EF%BC%8B%E3%82%B3%E3%83%A1%E3%83%B3%E3%83%88%EF%BC%88%E5%8D%98%E6%A3%9F%E5%9E%8B%EF%BC%89.pdf,役員の任務を私益追求にしていないか / 規約との関係を落としていないか,理事会運営の基礎。
original,orig_set23,19,459,民法・借地借家法,債権譲渡,combination,basic,民法466条以下,債権譲渡は債権を他人へ移転する制度であり、対抗要件などが問題となることを再確認する。,drafting,checked,債権譲渡に関する次のアからエまでの記述のうち、適切なもののみの組合せはどれか。,債権移転の基本。,4,債権を他人に移転できる / 対抗要件が問題となる,1:アとイ / 2:イとエ / 3:ウとエ / 4:アとウ,ア:債権譲渡は、債権者が有する債権を他人へ移転する制度である。 / イ:債権譲渡は、どのような場合でも対抗要件や通知の問題を考える必要がない。 / ウ:債権譲渡では、債務者や第三者に対する対抗関係が問題となることがある。 / エ:債権譲渡は、物の引渡しだけで成立し、債権という権利の移転とは無関係である。,正解は4です。アとウが適切です。債権譲渡は、債権を他人へ移転する制度であり、対抗関係が問題となることがあります。,https://www.japaneselawtranslation.go.jp/en/laws/view/4848,対抗要件の視点を落としていないか / 債権譲渡の概念を取り違えていないか,民法の基本制度。
original,orig_set23,20,460,管理適正化法,管理計画認定制度,single_choice,basic,マンションの管理の適正化の推進に関する法律 / 管理計画認定制度,管理計画認定制度はマンション管理の適正化を促す仕組みであることを再確認する。,drafting,checked,管理計画認定制度に関する次の記述のうち、最も適切なものはどれか。,適正管理を促す制度。,3,適正管理の促進 / 管理状況の一定基準評価,1:管理計画認定制度は、宅地建物の売買契約を代理する制度である。 / 2:管理計画認定制度は、管理組合の管理状況とは無関係な税務申告制度である。 / 3:管理計画認定制度は、マンション管理の適正化を促すため、一定の管理計画や管理状況を評価する仕組みである。 / 4:管理計画認定制度では、長期修繕計画や管理体制を全く考慮しない。,,正解は3です。管理計画認定制度は、マンション管理の適正化を促すため、一定の管理計画や管理状況を評価する仕組みです。,https://www.mlit.go.jp/totikensangyo/const/1_6_bt_000280.html,制度趣旨を税務や売買代理と混同していないか / 管理計画評価の性質を落としていないか,近年の重要制度。
original,orig_set24,1,461,会計・税務,源泉徴収,accounting_table,standard,税務実務の基本 / 支払時の源泉徴収論点,管理組合が一定の支払を行うときには、源泉徴収の要否が問題となる場面があることを再確認する。,drafting,checked,管理組合の税務実務における源泉徴収に関する次の記述のうち、最も適切なものはどれか。,外部専門家への報酬支払。,2,一定の報酬支払では源泉徴収の要否を確認 / 税務実務上の注意点,1:管理組合が支払う報酬については、どのような内容でも源泉徴収を考える必要は一切ない。 / 2:管理組合が外部専門家等へ一定の報酬を支払う場面では、源泉徴収の要否を確認する必要がある。 / 3:源泉徴収の問題は、建物設備の点検実務だけで決まる。 / 4:源泉徴収の有無は、管理規約に何も書かれていなければ自由に決められる。,,正解は2です。管理組合が外部専門家等へ一定の報酬を支払う場面では、源泉徴収の要否を確認する必要があります。,税務実務の基本論点,一律不要論にしていないか / 税務実務上の確認事項を落としていないか,税務実務の基本確認。
original,orig_set24,2,462,判例・横断総合,暴力団排除,combination,standard,標準管理規約の暴力団排除条項 / 実務上の横断論点,暴力団排除条項は共同生活の安全確保と適正管理に関係することを再確認する。,drafting,checked,暴力団排除に関する次のアからエまでの記述のうち、適切なもののみの組合せはどれか。,共同生活秩序の維持。,1,共同生活の安全確保 / 規約・契約運用と関係,1:アとウ / 2:アとエ / 3:イとウ / 4:イとエ,ア:暴力団排除条項は、共同生活の安全や秩序の維持と関係する。 / イ:暴力団排除の問題は、マンション管理や居住秩序とは無関係である。 / ウ:暴力団排除の考え方は、規約や契約実務の整備と結び付くことがある。 / エ:暴力団排除条項は、管理費会計の減価償却方法を定める条項である。,正解は1です。アとウが適切です。暴力団排除条項は、共同生活の安全や秩序の維持と関係し、規約や契約実務の整備とも結び付きます。,標準管理規約コメントの実務論点,暴力団排除を会計論点と混同していないか / 共同生活秩序との関係を落としていないか,横断的な重要テーマ。
original,orig_set24,3,463,区分所有法,管理者,combination,standard,区分所有法25条以下,管理者は共用部分の管理や区分所有者を代表する役割を担うことを再確認する。,drafting,checked,区分所有法上の管理者に関する次のアからエまでの記述のうち、適切なもののみの組合せはどれか。,管理者の地位と役割。,4,共用部分の管理 / 区分所有者を代表する地位,1:アとイ / 2:イとエ / 3:ウとエ / 4:アとウ,ア:管理者は、共用部分の管理や保存に関する事務を担う。 / イ:管理者は、区分所有建物の管理とは無関係な私的世話役にすぎない。 / ウ:管理者は、区分所有者を代表して一定の行為を行う地位に立つ。 / エ:管理者の制度は、区分所有法とは無関係である。,正解は4です。アとウが適切です。管理者は、共用部分の管理や保存に関する事務を担い、区分所有者を代表して一定の行為を行う地位に立ちます。,https://www.japaneselawtranslation.go.jp/en/laws/view/4341/en,管理者の代表性を落としていないか / 私的世話役扱いにしていないか,区分所有法の基礎。
original,orig_set24,4,464,品確法・建替円滑化法等,新築住宅の定義,single_choice,standard,住宅の品質確保の促進等に関する法律 / 新築住宅の基本概念,品確法で問題となる新築住宅の概念は、基本的な用語理解として重要であることを再確認する。,drafting,checked,新築住宅の定義に関する次の記述のうち、最も適切なものはどれか。,品確法上の基本用語。,2,新築住宅は人の居住の用に供したことがない住宅などの概念,1:新築住宅とは、築年数が10年を超えた住宅をいう。 / 2:新築住宅は、品確法上の保護を考える場面で問題となる基本概念であり、一般に未使用の住宅という理解が出発点となる。 / 3:新築住宅という概念は、マンション管理や住宅品質の問題と無関係である。 / 4:新築住宅の定義は、管理費会計の処理方法だけで決まる。,,正解は2です。新築住宅は、品確法上の保護を考える場面で問題となる基本概念であり、一般に未使用の住宅という理解が出発点となります。,https://elaws.e-gov.go.jp/document?lawid=411AC0000000081,年数だけで定義していないか / 品確法との関係を落としていないか,用語理解の基本。
original,orig_set24,5,465,宅建業法,35条書面,single_choice,standard,宅地建物取引業法35条,35条書面は重要事項説明の内容を示す書面として、契約前の判断材料になることを再確認する。,drafting,checked,35条書面に関する次の記述のうち、最も適切なものはどれか。,重要事項説明書の位置付け。,3,契約前の説明書面 / 重要事項説明の内容を示す,1:35条書面は、管理組合の月次会計報告書のことをいう。 / 2:35条書面は、契約締結後に不要になった後で自由に交付すれば足りる。 / 3:35条書面は、重要事項説明の内容を示し、契約前の判断材料となる書面である。 / 4:35条書面は、建築設備点検の結果報告書を指す。,,正解は3です。35条書面は、重要事項説明の内容を示し、契約前の判断材料となる書面です。,https://elaws.e-gov.go.jp/document?lawid=327AC0000000176,交付時期を取り違えていないか / 他の書面と混同していないか,重要事項説明書の基本。
original,orig_set24,6,466,建築・設備,建築材料,single_choice,standard,建築材料の基本特性,建築材料にはそれぞれ特性があり、用途や性能を踏まえた理解が必要であることを再確認する。,drafting,checked,建築材料に関する次の記述のうち、最も適切なものはどれか。,材料特性の基本理解。,1,材料には用途や性能に応じた特性がある,1:建築材料は、それぞれ強度、耐久性、耐火性、施工性などの特性を踏まえて使い分けることが重要である。 / 2:建築材料は、どれを用いても性能差がないため、用途を考える必要はない。 / 3:建築材料の選定は、管理規約の議事録作成方法だけで決まる。 / 4:建築材料の問題は、宅建業法の重要事項説明だけで足りる。,,正解は1です。建築材料は、それぞれ強度、耐久性、耐火性、施工性などの特性を踏まえて使い分けることが重要です。,建築材料の基本論点,材料特性の差を否定していないか / 他分野と混同していないか,設備・建築の基礎知識。
original,orig_set24,7,467,標準管理委託契約書・指針,月次報告,count,standard,マンション標準管理委託契約書 / 管理事務報告の基本,月次報告は会計や管理事務の状況を管理組合へ共有する重要な仕組みであることを再確認する。,drafting,checked,月次報告に関する次のアからエまでの記述のうち、適切なものはいくつあるか。,定期報告の意義。,2,会計や管理状況の共有 / 継続的な報告が重要,1:一つ / 2:二つ / 3:三つ / 4:四つ,ア:月次報告は、会計や管理事務の実施状況を管理組合へ共有するために重要である。 / イ:月次報告は、一度委託契約を締結すれば以後は不要である。 / ウ:月次報告では、収支や実施した管理事務の状況が問題となる。 / エ:月次報告は、建築材料の強度試験結果だけを報告する制度である。,正解は2です。アとウが適切です。月次報告は、会計や管理事務の実施状況を管理組合へ共有するために重要です。,https://www.mlit.go.jp/jutakukentiku/house/content/001379115.pdf,報告不要論を混ぜていないか / 会計・管理事務の共有という性質を落としていないか,継続的な報告義務の理解。
original,orig_set24,8,468,標準管理規約,議事録,single_choice,standard,マンション標準管理規約49条,総会や理事会の議事録は意思決定の内容を明確に残す重要書面であることを再確認する。,drafting,checked,議事録に関する次の記述のうち、最も適切なものはどれか。,意思決定記録の保存。,4,議事内容の記録保存 / 後日の確認資料,1:議事録は、会議が終われば作成も保存も不要である。 / 2:議事録は、出席者の記憶に任せれば足りるので書面化する意味はない。 / 3:議事録は、建築材料の在庫表のことをいう。 / 4:議事録は、総会や理事会でどのような意思決定がされたかを明らかにし、後日の確認資料となる重要な記録である。,,正解は4です。議事録は、総会や理事会でどのような意思決定がされたかを明らかにし、後日の確認資料となる重要な記録です。,https://www.mansion-info.mlit.go.jp/wp-content/uploads/2025/10/R7%E6%94%B9%E6%AD%A3%E7%89%88_%E6%A8%99%E6%BA%96%E7%AE%A1%E7%90%86%E8%A6%8F%E7%B4%84%EF%BC%8B%E3%82%B3%E3%83%A1%E3%83%B3%E3%83%88%EF%BC%88%E5%8D%98%E6%A3%9F%E5%9E%8B%EF%BC%89.pdf,議事録を不要扱いしていないか / 記録保存の意義を落としていないか,管理組合運営の基本書面。
original,orig_set24,9,469,民法・借地借家法,契約不適合責任,single_choice,standard,民法562条以下,契約不適合責任は、目的物が契約内容に適合しない場合の売主責任として理解することを再確認する。,drafting,checked,契約不適合責任に関する次の記述のうち、最も適切なものはどれか。,売買契約上の責任。,2,契約内容に適合しない場合の責任 / 追完や代金減額等が問題,1:契約不適合責任は、契約内容と無関係に常に発生する。 / 2:契約不適合責任は、引き渡された目的物が契約内容に適合しない場合に、売主の責任が問題となる制度である。 / 3:契約不適合責任は、議事録の保存方法だけで決まる。 / 4:契約不適合責任は、民法とは無関係であり、建築設備点検の制度にすぎない。,,正解は2です。契約不適合責任は、引き渡された目的物が契約内容に適合しない場合に、売主の責任が問題となる制度です。,https://www.japaneselawtranslation.go.jp/en/laws/view/4848,契約内容との関係を落としていないか / 他分野と混同していないか,民法の重要基本論点。
original,orig_set24,10,470,管理適正化法,マンション管理士,count,standard,マンションの管理の適正化の推進に関する法律 / マンション管理士制度,マンション管理士は管理組合等への助言・指導・援助を行う専門家であることを再確認する。,drafting,checked,マンション管理士に関する次のアからエまでの記述のうち、適切なものはいくつあるか。,資格者の役割。,2,管理組合等への助言・指導・援助 / 国家資格としての位置付け,1:一つ / 2:二つ / 3:三つ / 4:四つ,ア:マンション管理士は、管理組合の運営や管理に関して助言、指導、援助を行う専門家である。 / イ:マンション管理士は、必ず全ての管理組合の管理者に就任しなければならない。 / ウ:マンション管理士制度は、マンション管理の適正化と関係する。 / エ:マンション管理士は、建築材料の耐火性能だけを判定する資格である。,正解は2です。アとウが適切です。マンション管理士は、管理組合の運営や管理に関して助言、指導、援助を行う専門家です。,https://www.mlit.go.jp/totikensangyo/const/1_6_bt_000282.html,助言・指導・援助の役割を落としていないか / 管理者就任義務のような誤りを混ぜていないか,資格制度の基本理解。
original,orig_set24,11,471,会計・税務,保険料処理,single_choice,standard,管理組合会計の基本 / 共用部分の保険実務,共用部分に関する保険料は管理組合の維持管理費用として処理されることを再確認する。,drafting,checked,管理組合の保険料処理に関する次の記述のうち、最も適切なものはどれか。,共用部分の火災保険料支払。,2,共用部分維持管理のための費用 / 管理組合会計で把握,1:共用部分に関する保険料は、管理組合会計と無関係である。 / 2:共用部分に関する保険料は、管理組合の維持管理に関する費用として会計上把握することになる。 / 3:保険料は、毎期自動的に区分所有者へ分配する性質のものである。 / 4:保険料処理は、議事録の作成方法だけで決まる。,,正解は2です。共用部分に関する保険料は、管理組合の維持管理に関する費用として会計上把握することになります。,管理組合会計の実務論点,保険料を会計無関係としていないか,保険実務の基本。
original,orig_set24,12,472,判例・横断総合,ペット飼育,case_based,standard,標準管理規約の専用使用・共同生活秩序 / 判例実務,ペット飼育は共同生活秩序との関係で規約や細則に基づく制限が問題となることを再確認する。,drafting,checked,規約でペット飼育に一定の制限を設けているマンションで、区分所有者Aが大型犬を継続して飼育し、近隣から苦情が出ている。この場合のペット飼育に関する次の記述のうち、最も適切なものはどれか。,共同生活秩序と使用細則。,3,規約や細則による制限 / 共同生活秩序との調整,1:専有部分内であれば、規約や細則の制限は一切及ばない。 / 2:ペット飼育の問題は、会計処理だけで決まる。 / 3:ペット飼育は、共同生活秩序との関係で規約や細則に基づく制限が問題となることがある。 / 4:近隣から苦情があっても、管理組合は全く関与できない。,,正解は3です。ペット飼育は、共同生活秩序との関係で規約や細則に基づく制限が問題となることがあります。,標準管理規約コメントの実務論点,共同生活秩序との関係を落としていないか,生活ルールに関する横断論点。
original,orig_set24,13,473,区分所有法,規約設定変更,precedent_fill,standard,区分所有法31条,規約の設定・変更・廃止は集会の特別決議によることを再確認する。,drafting,checked,区分所有法上、規約の設定、変更又は廃止は、原則として区分所有者及び議決権の各[　]以上の多数による集会の決議で行う。この[　]に当てはまるものとして正しいものはどれか。,規約変更の決議要件。,4,各4分の3以上,1:過半 / 2:3分の2 / 3:全員一致 / 4:4分の3,,正解は4です。規約の設定、変更又は廃止は、原則として区分所有者及び議決権の各4分の3以上の多数による集会決議で行います。,https://www.japaneselawtranslation.go.jp/en/laws/view/4341/en,普通決議要件と混同していないか,特別決議の基本。
original,orig_set24,14,474,品確法・建替円滑化法等,10年瑕疵担保責任,case_based,standard,住宅の品質確保の促進等に関する法律,新築住宅の基本構造部分等については10年間の責任が問題となることを再確認する。,drafting,checked,新築分譲マンションの引渡し後、基本構造部分に重大な不具合が見つかった。この場合のいわゆる10年瑕疵担保責任に関する次の記述のうち、最も適切なものはどれか。,新築住宅の基本構造部分。,2,基本構造部分等について10年間の責任 / 買主保護,1:新築住宅の基本構造部分に関する責任は、引渡し後すぐに消滅する。 / 2:新築住宅の基本構造部分等については、一定の10年間の責任が問題となる。 / 3:この問題は、管理費滞納の回収手続だけで決まる。 / 4:品確法とは無関係であり、住宅品質の問題ではない。,,正解は2です。新築住宅の基本構造部分等については、一定の10年間の責任が問題となります。,https://elaws.e-gov.go.jp/document?lawid=411AC0000000081,10年責任の趣旨を落としていないか,品確法の重要基本。
original,orig_set24,15,475,宅建業法,37条書面,case_based,standard,宅地建物取引業法37条,37条書面は契約成立後に交付される契約内容を明らかにする書面であることを再確認する。,drafting,checked,宅建業者Aが売主、Bが買主となる売買契約が成立した。この場合の37条書面に関する次の記述のうち、最も適切なものはどれか。,契約成立後の書面交付。,1,契約成立後に交付 / 契約内容明確化,1:37条書面は、契約成立後に契約内容を明らかにするため交付される書面である。 / 2:37条書面は、重要事項説明の前にだけ交付する書面である。 / 3:37条書面は、マンション管理士の登録証のことである。 / 4:37条書面は、建築設備点検の記録書である。,,正解は1です。37条書面は、契約成立後に契約内容を明らかにするため交付される書面です。,https://elaws.e-gov.go.jp/document?lawid=327AC0000000176,35条書面と混同していないか,35条との区別が大切。
original,orig_set24,16,476,建築・設備,断熱結露,case_based,standard,建築環境工学の基本 / 断熱と結露防止,断熱不足は結露発生の一因となり、居住環境や建物劣化に影響することを再確認する。,drafting,checked,外壁側の部屋で冬季に結露が頻発している。この場合の断熱と結露に関する次の記述のうち、最も適切なものはどれか。,断熱不足と結露。,2,断熱不足は結露要因 / 結露は居住環境に影響,1:結露は断熱と無関係であり、建物性能を考える必要はない。 / 2:断熱不足は結露発生の一因となり、居住環境や建物劣化に影響することがある。 / 3:結露対策は、管理費会計の処理だけで足りる。 / 4:結露があっても、換気や断熱の検討は不要である。,,正解は2です。断熱不足は結露発生の一因となり、居住環境や建物劣化に影響することがあります。,建築設備の基本論点,断熱と結露の関係を落としていないか,居住環境の基礎。
original,orig_set24,17,477,標準管理委託契約書・指針,原本保管,combination,standard,マンション標準管理委託契約書 / 書類保管・引継ぎの基本,管理組合の重要書類の原本保管は管理の継続性や引継ぎと関係することを再確認する。,drafting,checked,原本保管に関する次のアからエまでの記述のうち、適切なもののみの組合せはどれか。,規約や契約書の保管。,4,重要書類の保管 / 引継ぎの重要性,1:アとイ / 2:イとエ / 3:ウとエ / 4:アとウ,ア:規約、議事録、契約書などの重要書類の原本保管は、管理の継続性のため重要である。 / イ:重要書類は、一度内容を見れば原本を廃棄しても差し支えない。 / ウ:管理受託者が交代する場合には、原本や関係資料の引継ぎが重要となる。 / エ:原本保管は、建築材料の保管方法のことをいう。,正解は4です。アとウが適切です。重要書類の原本保管は、管理の継続性や引継ぎのため重要です。,https://www.mlit.go.jp/jutakukentiku/house/content/001379115.pdf,原本廃棄を許容していないか,文書管理の基本。
original,orig_set24,18,478,標準管理規約,長期修繕計画,case_based,standard,マンション標準管理規約 / 長期修繕計画作成ガイドライン,長期修繕計画は将来の修繕内容や資金計画を見通すために重要であることを再確認する。,drafting,checked,築20年を超えたマンションで、今後の大規模修繕や設備更新の見通しが立っていない。この場合の長期修繕計画に関する次の記述のうち、最も適切なものはどれか。,修繕計画の必要性。,3,将来修繕の見通し / 資金計画と連動,1:長期修繕計画は、過去の議事録があれば不要である。 / 2:長期修繕計画は、専有部分の売買価格を決めるためだけの資料である。 / 3:長期修繕計画は、将来の修繕内容や時期、必要資金を見通すための重要な計画である。 / 4:長期修繕計画は、宅建業法上の重要事項説明書と同じものである。,,正解は3です。長期修繕計画は、将来の修繕内容や時期、必要資金を見通すための重要な計画です。,標準管理規約コメント・長期修繕計画ガイドライン,資金計画との関係を落としていないか,修繕積立金と連動する基礎テーマ。
original,orig_set24,19,479,民法・借地借家法,使用貸借,case_based,standard,民法593条以下,使用貸借は無償で物を使用収益させる契約であることを再確認する。,drafting,checked,AがBに対し、無償で一時的に倉庫を使わせる約束をした。この場合の使用貸借に関する次の記述のうち、最も適切なものはどれか。,無償使用の基本。,4,無償で使用収益させる契約,1:使用貸借は、必ず賃料の支払を要する契約である。 / 2:使用貸借は、売買契約の一種である。 / 3:使用貸借の問題は、区分所有法の議決権数だけで決まる。 / 4:使用貸借は、無償で物を使用収益させる契約である。,,正解は4です。使用貸借は、無償で物を使用収益させる契約です。,https://www.japaneselawtranslation.go.jp/en/laws/view/4848,賃貸借との違いを落としていないか,無償契約の基本。
original,orig_set24,20,480,管理適正化法,主任者証提示,combination,standard,マンションの管理の適正化の推進に関する法律 / 管理業務主任者証,管理業務主任者は重要事項説明等の場面で主任者証の提示が問題となることを再確認する。,drafting,checked,主任者証提示に関する次のアからエまでの記述のうち、適切なもののみの組合せはどれか。,重要事項説明時の本人確認。,1,重要事項説明等で主任者証提示 / 相手方保護,1:アとウ / 2:アとエ / 3:イとウ / 4:イとエ,ア:管理業務主任者は、重要事項説明等の場面で主任者証の提示が問題となる。 / イ:主任者証は、どの場面でも提示不要である。 / ウ:主任者証提示は、説明を受ける側に対して説明担当者を明確にする趣旨と関係する。 / エ:主任者証提示は、建築設備点検の結果報告だけに限られる。,正解は1です。アとウが適切です。管理業務主任者は、重要事項説明等の場面で主任者証の提示が問題となります。,管理適正化法の実務論点,提示不要論を混ぜていないか,資格者実務の基本。
original,orig_set25,1,481,会計・税務,管理費収入,comparison_table,standard,管理組合会計の基本 / 管理費と修繕積立金の区別,管理費収入は日常の管理運営費用に対応する収入として把握することを再確認する。,drafting,checked,管理費収入に関する次の記述のうち、最も適切なものはどれか。,管理費会計の基本。,3,日常管理費用に対応 / 修繕積立金と区別,1:管理費収入は、長期修繕のためだけに積み立てる資金である。 / 2:管理費収入は、管理組合会計では把握しない。 / 3:管理費収入は、日常の管理運営費用に対応する収入として把握され、修繕積立金とは区別して考える。 / 4:管理費収入は、区分所有者へ毎月自動分配するための預り金である。,,正解は3です。管理費収入は、日常の管理運営費用に対応する収入として把握され、修繕積立金とは区別して考えます。,管理組合会計の実務論点,管理費と修繕積立金を混同していないか,会計の基本整理。
original,orig_set25,2,482,判例・横断総合,騒音紛争,precedent_fill,standard,共同生活秩序に関する判例実務,騒音紛争では共同の利益や共同生活秩序の観点が問題となることを再確認する。,drafting,checked,マンション内の騒音紛争では、区分所有法上、共同の[　]に反する行為かどうかが問題となることがある。この[　]に当てはまるものとして正しいものはどれか。,共同生活秩序と騒音。,2,共同の利益,1:財産 / 2:利益 / 3:所得 / 4:耐火,,正解は2です。騒音紛争では、共同の利益に反する行為かどうかが問題となることがあります。,区分所有法・共同生活秩序の実務論点,共同の利益という基本用語を取り違えていないか,横断的な生活紛争論点。
original,orig_set25,3,483,区分所有法,占有者の地位,single_choice,standard,区分所有法6条3項 / 占有者の義務,占有者も建物の使用について一定のルールに服することを再確認する。,drafting,checked,区分所有建物の占有者の地位に関する次の記述のうち、最も適切なものはどれか。,賃借人などの占有者。,1,占有者も共同生活ルールに服する,1:占有者も、建物の使用方法について規約や共同生活上のルールに従うことが問題となる。 / 2:占有者は、区分所有者でない以上、どのような使用をしても自由である。 / 3:占有者の問題は、管理組合会計の仕訳だけで決まる。 / 4:占有者の地位は、宅建業法上の37条書面だけで決まる。,,正解は1です。占有者も、建物の使用方法について規約や共同生活上のルールに従うことが問題となります。,https://www.japaneselawtranslation.go.jp/en/laws/view/4341/en,占有者を無制限使用と扱っていないか,賃借人対応の基本。
original,orig_set25,4,484,品確法・建替円滑化法等,アフターサービス,precedent_fill,standard,分譲住宅の実務 / アフターサービス基準,アフターサービスは引渡し後の補修や対応に関する実務的な仕組みであることを再確認する。,drafting,checked,分譲マンションにおけるアフターサービスは、引渡し後に発見された一定の不具合について、売主等が[　]や対応を行う仕組みとして問題となる。この[　]に当てはまるものとして最も適切なものはどれか。,引渡し後の補修対応。,4,補修対応,1:転売 / 2:課税 / 3:分配 / 4:補修,,正解は4です。アフターサービスは、引渡し後に発見された一定の不具合について、売主等が補修や対応を行う仕組みとして問題となります。,分譲住宅実務の基本論点,補修対応という趣旨を落としていないか,実務色のある基本用語。
original,orig_set25,5,485,宅建業法,クーリングオフ,combination,standard,宅地建物取引業法37条の2,クーリングオフは一定の場合に買主が無条件で申込みの撤回等をできる制度であることを再確認する。,drafting,checked,クーリングオフに関する次のアからエまでの記述のうち、適切なもののみの組合せはどれか。,事務所外での申込み。,4,一定の場合の無条件撤回 / 買主保護,1:アとイ / 2:イとエ / 3:ウとエ / 4:アとウ,ア:クーリングオフは、一定の場合に買主が無条件で申込みの撤回等をできる制度である。 / イ:クーリングオフは、どのような取引でも期間制限なく認められる。 / ウ:クーリングオフは、買主保護の趣旨と関係する。 / エ:クーリングオフは、管理組合の議決権数を決める制度である。,正解は4です。アとウが適切です。クーリングオフは、一定の場合に買主が無条件で申込みの撤回等をできる買主保護の制度です。,https://elaws.e-gov.go.jp/document?lawid=327AC0000000176,無制限論を混ぜていないか,買主保護の代表論点。
original,orig_set25,6,486,建築・設備,エレベーター保守,comparison_table,standard,昇降機保守の基本,エレベーターは安全確保のため定期的な保守点検が必要であることを再確認する。,drafting,checked,エレベーター保守に関する次の記述のうち、最も適切なものはどれか。,昇降機の安全管理。,2,安全確保のための定期保守点検,1:エレベーターは、設置後に異常がなければ保守点検不要である。 / 2:エレベーターは、安全確保のため定期的な保守点検が重要である。 / 3:エレベーター保守は、管理費の未収金回収だけで足りる。 / 4:エレベーター保守は、議事録の署名方法のことである。,,正解は2です。エレベーターは、安全確保のため定期的な保守点検が重要です。,建築設備の基本論点,保守点検不要論を混ぜていないか,昇降機の基本管理。
original,orig_set25,7,487,標準管理委託契約書・指針,管理適正化指針,single_choice,standard,マンション管理適正化指針,管理適正化指針は管理組合や関係者が適正管理を進めるための方向性を示すことを再確認する。,drafting,checked,管理適正化指針に関する次の記述のうち、最も適切なものはどれか。,適正管理の方向付け。,3,適正管理の方向性を示す,1:管理適正化指針は、共用部分の電気配線図だけを示すものである。 / 2:管理適正化指針は、宅地建物の売買契約書そのものである。 / 3:管理適正化指針は、マンションの適正な管理を進めるための方向性や留意点を示す。 / 4:管理適正化指針は、管理組合会計を廃止することを目的とする。,,正解は3です。管理適正化指針は、マンションの適正な管理を進めるための方向性や留意点を示します。,管理適正化指針の実務論点,指針の趣旨を落としていないか,実務の基盤となる指針。
original,orig_set25,8,488,標準管理規約,滞納管理費対応,combination,standard,マンション標準管理規約60条 / 滞納管理費等の回収実務,滞納管理費には督促や法的措置を含めた回収対応が問題となることを再確認する。,drafting,checked,滞納管理費対応に関する次のアからエまでの記述のうち、適切なもののみの組合せはどれか。,督促と回収措置。,1,督促や法的措置が問題 / 放置は不適切,1:アとウ / 2:アとエ / 3:イとウ / 4:イとエ,ア:滞納管理費については、督促や必要に応じた回収措置が問題となる。 / イ:滞納があっても、管理組合は一切対応してはならない。 / ウ:滞納管理費を放置すると、管理組合の資金繰りに影響することがある。 / エ:滞納管理費対応は、建築材料の選定手続のことである。,正解は1です。アとウが適切です。滞納管理費については、督促や必要に応じた回収措置が問題となり、放置は資金繰りにも影響します。,標準管理規約コメント・回収実務,対応否定論を混ぜていないか,実務的な重要論点。
original,orig_set25,9,489,民法・借地借家法,賃貸借の対抗力,count,standard,借地借家法31条 / 建物賃借権の対抗力,建物賃貸借では引渡しなどにより第三者への対抗力が問題となることを再確認する。,drafting,checked,賃貸借の対抗力に関する次のアからエまでの記述のうち、適切なものはいくつあるか。,第三者への対抗関係。,2,建物賃借権の対抗力 / 引渡し等が重要,1:一つ / 2:二つ / 3:三つ / 4:四つ,ア:建物賃借権では、第三者への対抗力が問題となることがある。 / イ:賃貸借の対抗力は、引渡しなどの事情と全く無関係である。 / ウ:賃借人保護の観点から、第三者への対抗関係を考える場面がある。 / エ:賃貸借の対抗力は、管理組合の月次報告だけで決まる。,正解は2です。アとウが適切です。建物賃貸借では、第三者への対抗力が問題となり、賃借人保護の観点が重視されます。,https://elaws.e-gov.go.jp/document?lawid=403AC0000000090,対抗力の場面を落としていないか,借地借家法の重要論点。
original,orig_set25,10,490,管理適正化法,財産の分別管理,case_based,standard,マンションの管理の適正化の推進に関する法律 / 分別管理義務,管理組合財産は管理業者自身の財産と分けて管理する必要があることを再確認する。,drafting,checked,マンション管理業者Aが、管理組合から預かった金銭を自社の運転資金口座と同じ口座で管理していた。この場合の財産の分別管理に関する次の記述のうち、最も適切なものはどれか。,預り金の口座管理。,4,管理組合財産と自己財産の分別管理 / 利用者保護,1:預かった金銭は、管理業者の自己資金と同一口座で管理して差し支えない。 / 2:財産の分別管理は、建築設備の更新計画だけに関する制度である。 / 3:財産の分別管理は、議事録の署名方法のことをいう。 / 4:管理組合から預かった財産は、管理業者自身の財産と分けて管理する必要がある。,,正解は4です。管理組合から預かった財産は、管理業者自身の財産と分けて管理する必要があります。,管理適正化法の実務論点,混同管理を容認していないか,受託者責任の重要論点。
original,orig_set25,11,491,会計・税務,勘定科目判定,combination,advanced,管理組合会計の基本 / 勘定科目の区分整理,支出の性質に応じて適切な勘定科目へ整理することの重要性を再確認する。,drafting,checked,勘定科目判定に関する次のアからエまでの記述のうち、適切なもののみの組合せはどれか。,支出内容と勘定科目。,4,支出の性質に応じた区分 / 会計の見える化,1:アとイ / 2:イとエ / 3:ウとエ / 4:アとウ,ア:勘定科目は、支出や収入の性質に応じて適切に区分することが重要である。 / イ:どの支出も同じ勘定科目にまとめれば十分で、性質の違いを考える必要はない。 / ウ:勘定科目を適切に整理することは、収支状況の把握や説明のしやすさにつながる。 / エ:勘定科目判定は、ペット飼育細則の内容だけで決まる。,正解は4です。アとウが適切です。勘定科目は、支出や収入の性質に応じて適切に区分し、収支状況を把握しやすくすることが重要です。,管理組合会計の実務論点,勘定科目の区分不要論を混ぜていないか,会計整理の実務論点。
original,orig_set25,12,492,判例・横断総合,専有部分使用制限,combination,advanced,区分所有法6条 / 共同生活秩序に関する判例実務,専有部分の使用であっても共同生活秩序との関係で一定の制限が問題となることを再確認する。,drafting,checked,専有部分使用制限に関する次のアからエまでの記述のうち、適切なもののみの組合せはどれか。,専有部分と共同利益の調整。,1,専有部分でも共同生活秩序と無関係ではない / 共同の利益との調整,1:アとウ / 2:アとエ / 3:イとウ / 4:イとエ,ア:専有部分の使用であっても、共同生活秩序との関係で一定の制限が問題となることがある。 / イ:専有部分なら、共同の利益を害しても常に自由に使用できる。 / ウ:専有部分使用制限の問題では、共同の利益や規約内容との調整が重要である。 / エ:専有部分使用制限は、税務申告の期限だけを定める制度である。,正解は1です。アとウが適切です。専有部分の使用であっても、共同生活秩序や共同の利益との関係で一定の制限が問題となることがあります。,区分所有法・判例実務の基本論点,無制限論を混ぜていないか,専有部分と共同利益の調整。
original,orig_set25,13,493,区分所有法,団地関係,case_based,advanced,区分所有法65条以下,団地では各棟管理に加え団地全体の共用部分管理が問題となることを再確認する。,drafting,checked,複数棟で構成され、敷地や集会所を共用しているマンション群で、全体の管理方法が争われている。この場合の団地関係に関する次の記述のうち、最も適切なものはどれか。,棟別管理と団地共用部分。,2,各棟管理に加え団地全体管理 / 共用施設の管理,1:団地関係では、各棟以外に共通の敷地や施設の管理を考える必要はない。 / 2:団地関係では、各棟の管理に加え、団地全体で共用する敷地や施設の管理が問題となる。 / 3:団地関係は、37条書面の交付方法だけで決まる。 / 4:団地関係は、単棟型マンションと全く同じで追加の検討は不要である。,,正解は2です。団地関係では、各棟の管理に加え、団地全体で共用する敷地や施設の管理が問題となります。,https://www.japaneselawtranslation.go.jp/en/laws/view/4341/en,団地全体管理の視点を落としていないか,団地型の重要論点。
original,orig_set25,14,494,品確法・建替円滑化法等,建替組合,combination,advanced,マンションの建替え等の円滑化に関する法律,建替組合は建替事業を進める主体として組織されることを再確認する。,drafting,checked,建替組合に関する次のアからエまでの記述のうち、適切なもののみの組合せはどれか。,建替え事業主体。,4,建替事業を進める主体 / 円滑化法上の制度,1:アとイ / 2:イとエ / 3:ウとエ / 4:アとウ,ア:建替組合は、マンション建替え事業を進める主体として問題となる。 / イ:建替組合は、管理費収入を仕訳するためだけの会計単位である。 / ウ:建替組合の制度は、建替円滑化法と関係する。 / エ:建替組合は、宅建業法上のクーリングオフ制度そのものである。,正解は4です。アとウが適切です。建替組合は、マンション建替え事業を進める主体として問題となり、建替円滑化法と関係します。,https://www.mlit.go.jp/jutakukentiku/house/jutakukentiku_house_tk5_000127.html,建替組合を会計単位と混同していないか,建替法制の基本。
original,orig_set25,15,495,宅建業法,手付金等保全,single_choice,advanced,宅地建物取引業法41条・41条の2,自ら売主取引では手付金等の保全措置が買主保護のため問題となることを再確認する。,drafting,checked,宅建業者が自ら売主となる新築マンション売買で、買主から多額の手付金を受領する場合の手付金等保全に関する次の記述のうち、最も適切なものはどれか。,買主保護と保全措置。,2,買主保護のための保全措置,1:手付金等保全は、管理組合の月次報告と同じ制度である。 / 2:手付金等保全は、自ら売主取引で買主から受領する金銭について買主保護のため問題となる。 / 3:手付金等保全は、どのような場合でも不要である。 / 4:手付金等保全は、エレベーター保守契約の点検項目である。,,正解は2です。手付金等保全は、自ら売主取引で買主から受領する金銭について買主保護のため問題となります。,https://elaws.e-gov.go.jp/document?lawid=327AC0000000176,不要論を混ぜていないか,買主保護の応用論点。
original,orig_set25,16,496,建築・設備,配管更新,combination,advanced,給排水設備更新の基本 / 長期修繕計画,配管更新は劣化状況、更新時期、工事影響を踏まえた計画的対応が重要であることを再確認する。,drafting,checked,配管更新に関する次のアからエまでの記述のうち、適切なもののみの組合せはどれか。,給排水管の老朽化対応。,1,劣化状況把握 / 計画的更新,1:アとウ / 2:アとエ / 3:イとウ / 4:イとエ,ア:配管更新では、劣化状況や漏水リスクを把握し、計画的に対応することが重要である。 / イ:配管は、漏水が起きるまで更新を一切検討しなくてよい。 / ウ:配管更新は、居住者への影響や資金計画も踏まえて進める必要がある。 / エ:配管更新は、主任者証提示の問題だけで決まる。,正解は1です。アとウが適切です。配管更新では、劣化状況や漏水リスクを把握し、居住者への影響や資金計画も踏まえて計画的に対応することが重要です。,建築設備の基本論点 / 長期修繕計画ガイドライン,事後対応固定にしていないか,設備更新の重要実務。
original,orig_set25,17,497,標準管理委託契約書・指針,区分所有者の役割,count,advanced,マンション管理適正化指針 / 管理組合運営の基本,区分所有者自身も適正管理に主体的に関わる役割を持つことを再確認する。,drafting,checked,区分所有者の役割に関する次のアからエまでの記述のうち、適切なものはいくつあるか。,管理への主体的関与。,2,主体的参加 / 規約遵守と費用負担,1:一つ / 2:二つ / 3:三つ / 4:四つ,ア:区分所有者は、管理組合の構成員として、総会参加や規約遵守など適正管理に関わる役割を持つ。 / イ:区分所有者は、管理を全て他人任せにしても常に問題ない。 / ウ:区分所有者は、管理費等の費用負担を通じて管理を支える立場にある。 / エ:区分所有者の役割は、エレベーター点検の資格者になることだけである。,正解は2です。アとウが適切です。区分所有者は、総会参加や規約遵守、費用負担を通じて適正管理に関わる役割を持ちます。,管理適正化指針の実務論点,区分所有者の主体性を落としていないか,運営主体としての基本理解。
original,orig_set25,18,498,標準管理規約,駐車場使用細則,single_choice,advanced,マンション標準管理規約15条 / 使用細則の設定,駐車場の利用方法は使用細則で具体化されることがあると再確認する。,drafting,checked,駐車場使用細則に関する次の記述のうち、最も適切なものはどれか。,駐車区画の利用ルール。,3,利用方法の具体化 / 使用細則で整理,1:駐車場の利用方法は、細則を設けず各人が自由に決めれば足りる。 / 2:駐車場使用細則は、管理費未収金の会計処理だけを定める。 / 3:駐車場の利用方法や手続は、使用細則で具体的に定めることがある。 / 4:駐車場使用細則は、宅建業法上の35条書面そのものである。,,正解は3です。駐車場の利用方法や手続は、使用細則で具体的に定めることがあります。,標準管理規約コメント,駐車場利用を無制限と扱っていないか,専用使用の実務論点。
original,orig_set25,19,499,民法・借地借家法,相続と債務承継,combination,advanced,民法896条,相続では被相続人の権利義務が相続人へ承継されるのが原則であることを再確認する。,drafting,checked,相続と債務承継に関する次のアからエまでの記述のうち、適切なもののみの組合せはどれか。,被相続人の債務承継。,4,権利義務の包括承継 / 債務も原則承継,1:アとイ / 2:イとエ / 3:ウとエ / 4:アとウ,ア:相続では、被相続人の権利義務が相続人に承継されるのが原則である。 / イ:被相続人の債務は、相続が開始しても当然には誰にも承継されない。 / ウ:相続では、債務も含めて承継が問題となる。 / エ:相続と債務承継は、駐車場使用細則だけで決まる。,正解は4です。アとウが適切です。相続では、被相続人の権利義務が相続人に承継されるのが原則であり、債務もその対象となります。,https://www.japaneselawtranslation.go.jp/en/laws/view/4848,債務承継を否定していないか,管理費債務との接続もある基本論点。
original,orig_set25,20,500,管理適正化法,管理事務報告,single_choice,advanced,マンションの管理の適正化の推進に関する法律 / 管理事務報告制度,管理事務報告は管理受託者が管理組合へ管理状況を明らかにする重要な制度であることを再確認する。,drafting,checked,管理事務報告に関する次の記述のうち、最も適切なものはどれか。,受託管理の透明化。,2,管理状況の報告 / 透明性確保,1:管理事務報告は、一度委託契約を締結すれば以後不要である。 / 2:管理事務報告は、管理受託者が管理組合へ管理状況や会計状況を明らかにし、透明性を確保するため重要である。 / 3:管理事務報告は、建替組合の設立認可だけを報告する制度である。 / 4:管理事務報告は、主任者証の色を記録するための制度である。,,正解は2です。管理事務報告は、管理受託者が管理組合へ管理状況や会計状況を明らかにし、透明性を確保するため重要です。,管理適正化法の実務論点 / マンション標準管理委託契約書,報告不要論を混ぜていないか,最後の締めにふさわしい基本実務論点。
